geo_level,province,district,sex,age_group,rowtotal,ca_earlychildhood,ca_primary,ca_lowrsecndry,ca_upprsecndry,ca_others,ca_notstd,cna_earlychildhood,cna_primary,cna_lowrsecndry,cna_upprsecndry,cna_others,cna_notstd,neverattnd,ans_earlychildhood,ans_primary,ans_lowrsecndry,ans_upprsecndry,ans_others,ans_notstd,currently_attending_rate,never_attended_rate,currently_attending_rate_male,never_attended_rate_male,currently_attending_rate_female,never_attended_rate_female,currently_attending_rate_gap_pts,never_attended_rate_gap_pts
national,Nepal,,Total,All Ages,9307538,870588,3020749,1710051,937149,11423,21150,11206,606513,707756,628370,12929,8423,751996,162,1175,175,237,66,7420,70.6,8.08,72.74,6.73,68.42,9.45,4.32,-2.72
national,Nepal,,Total,5 Year,568365,479493,0,0,0,489,1633,2279,0,0,0,118,313,80709,96,0,0,0,18,3217,84.74,14.2,84.9,14.06,84.55,14.36,0.35,-0.3
national,Nepal,,Total,6 Year,562745,221332,288314,0,0,444,1286,627,1799,0,0,109,202,47530,37,33,0,0,6,1026,90.87,8.45,91.09,8.25,90.63,8.67,0.46,-0.42
national,Nepal,,Total,7 Year,534278,98930,400068,0,0,382,963,306,2406,0,0,103,142,30431,7,29,0,0,3,508,93.65,5.7,93.88,5.45,93.4,5.96,0.48,-0.51
national,Nepal,,Total,8 Year,599728,45727,515569,0,0,501,1108,166,3650,0,0,132,169,32295,12,36,0,0,3,360,93.86,5.38,94.11,5.13,93.59,5.66,0.52,-0.53
national,Nepal,,Total,9 Year,501311,15146,463742,0,0,343,1107,103,4130,0,0,81,225,16152,2,40,0,0,3,237,95.82,3.22,95.99,3.03,95.63,3.43,0.36,-0.4
national,Nepal,,Total,10 Year,646772,5429,548719,0,0,540,1067,2350,58743,0,0,140,178,29412,1,33,0,0,4,156,85.93,4.55,85.76,4.31,86.12,4.81,-0.36,-0.5
national,Nepal,,Total,11 Year,475016,1492,316922,116727,0,393,600,739,24889,1153,0,74,88,11794,2,23,8,0,0,112,91.81,2.48,91.57,2.34,92.08,2.63,-0.51,-0.29
national,Nepal,,Total,12 Year,638817,1207,269620,312767,0,563,691,708,23805,4123,0,165,126,24838,0,25,30,0,1,148,91.55,3.89,91.47,3.66,91.63,4.13,-0.16,-0.47
national,Nepal,,Total,13 Year,556890,539,125018,392399,0,488,647,410,14952,6098,0,134,91,15933,2,48,26,0,2,103,93.21,2.86,93.18,2.63,93.24,3.1,-0.06,-0.47
national,Nepal,,Total,14 Year,592370,487,69254,362709,111526,537,643,334,16178,8925,2031,217,108,19144,0,132,16,22,4,103,92.03,3.23,91.98,2.91,92.08,3.56,-0.1,-0.65
national,Nepal,,Total,15 Year,561800,267,9155,254549,219370,789,2939,353,28615,15232,5157,259,163,24550,0,230,8,37,2,125,86.7,4.37,86.46,3.94,86.95,4.81,-0.49,-0.87
national,Nepal,,Total,16 Year,463075,212,5516,143124,220821,693,1699,282,28905,24598,9623,394,166,26685,0,196,11,34,1,115,80.35,5.76,80.59,5.05,80.09,6.52,0.5,-1.47
national,Nepal,,Total,17 Year,305637,119,3346,63488,140090,537,1142,171,26132,32817,16304,353,212,20692,0,98,8,25,1,102,68.29,6.77,69.41,5.85,67.05,7.8,2.36,-1.95
national,Nepal,,Total,18 Year,361043,135,3557,47326,117785,643,1016,240,44631,62469,38852,765,461,42922,0,68,5,13,4,151,47.21,11.89,49.95,9.97,44.2,14.01,5.75,-4.04
national,Nepal,,Total,19 Year,211282,72,1892,16945,45848,504,607,189,30005,51180,40469,559,332,22513,0,37,7,15,1,107,31.18,10.66,34.49,8.64,27.82,12.7,6.67,-4.06
national,Nepal,,Total,20 Year,336990,0,11,5,36088,720,1158,319,55908,94949,81587,1552,922,63567,1,35,8,11,0,149,11.27,18.86,13.71,14.54,9.25,22.44,4.46,-7.9
national,Nepal,,Total,21 Year,211365,0,7,3,14456,473,598,228,35374,66761,65138,957,628,26550,0,24,8,10,2,148,7.35,12.56,8.59,9.73,6.24,15.12,2.35,-5.39
national,Nepal,,Total,22 Year,299881,0,16,2,13291,587,628,335,51956,89846,89491,1658,929,50973,0,21,7,10,2,129,4.84,17.0,5.81,13.06,4.03,20.31,1.78,-7.25
national,Nepal,,Total,23 Year,243431,0,5,3,7362,477,413,288,41846,74105,80266,1267,802,36426,0,21,8,17,1,124,3.39,14.96,3.94,10.79,2.97,18.16,0.97,-7.37
national,Nepal,,Total,24 Year,263188,1,10,1,6444,546,457,311,45428,78048,88675,1503,846,40723,2,23,11,18,4,137,2.83,15.47,3.16,11.11,2.58,18.89,0.58,-7.78
national,Nepal,,Total,25 Year,373554,0,8,3,4068,774,748,468,67161,97452,110777,2389,1320,88157,0,23,14,25,4,163,1.5,23.6,1.56,17.0,1.45,28.49,0.11,-11.49
national,Nepal,,Male,All Ages,4690548,472110,1572265,873629,477060,6116,10869,5797,310242,359756,273276,5127,3776,315788,77,588,88,121,39,3824,72.74,6.73,72.74,6.73,68.42,9.45,4.32,-2.72
national,Nepal,,Male,5 Year,299149,252882,0,0,0,247,855,1170,0,0,0,57,164,42049,47,0,0,0,10,1668,84.9,14.06,84.9,14.06,84.55,14.36,0.35,-0.3
national,Nepal,,Male,6 Year,294386,122059,145219,0,0,231,640,331,891,0,0,54,109,24274,22,18,0,0,3,535,91.09,8.25,91.09,8.25,90.63,8.67,0.46,-0.42
national,Nepal,,Male,7 Year,276257,56216,202458,0,0,199,477,171,1252,0,0,44,82,15055,0,13,0,0,2,288,93.88,5.45,93.88,5.45,93.4,5.96,0.48,-0.51
national,Nepal,,Male,8 Year,313330,26659,267411,0,0,264,543,92,1919,0,0,62,85,16087,5,23,0,0,3,177,94.11,5.13,94.11,5.13,93.59,5.66,0.52,-0.53
national,Nepal,,Male,9 Year,260283,8725,240368,0,0,182,558,52,2200,0,0,37,134,7875,1,25,0,0,3,123,95.99,3.03,95.99,3.03,95.63,3.43,0.36,-0.4
national,Nepal,,Male,10 Year,338785,3098,286531,0,0,339,563,1352,32036,0,0,66,92,14604,1,15,0,0,2,86,85.76,4.31,85.76,4.31,86.12,4.81,-0.36,-0.5
national,Nepal,,Male,11 Year,246281,876,167569,56478,0,289,314,418,13799,609,0,20,47,5771,1,14,6,0,0,70,91.57,2.34,91.57,2.34,92.08,2.63,-0.51,-0.29
national,Nepal,,Male,12 Year,330149,660,145968,154614,0,374,386,381,13262,2186,0,68,57,12086,0,7,18,0,1,81,91.47,3.66,91.47,3.66,91.63,4.13,-0.16,-0.47
national,Nepal,,Male,13 Year,281718,290,67462,194122,0,335,304,236,8135,3235,0,62,48,7396,0,21,9,0,1,62,93.18,2.63,93.18,2.63,93.24,3.1,-0.06,-0.47
national,Nepal,,Male,14 Year,299021,258,37319,185627,51179,362,308,192,8762,5000,1011,90,58,8702,0,75,8,14,4,52,91.98,2.91,91.98,2.91,92.08,3.56,-0.1,-0.65
national,Nepal,,Male,15 Year,285483,132,4709,134242,105723,499,1516,178,15847,8558,2439,103,74,11254,0,118,3,23,1,64,86.46,3.94,86.46,3.94,86.95,4.81,-0.49,-0.87
national,Nepal,,Male,16 Year,239280,102,2810,76627,111994,429,866,148,15663,13757,4369,164,78,12092,0,100,5,17,1,58,80.59,5.05,80.59,5.05,80.09,6.52,0.5,-1.47
national,Nepal,,Male,17 Year,160798,54,1700,35112,73822,312,605,87,14515,17870,6933,155,115,9400,0,51,7,12,0,48,69.41,5.85,69.41,5.85,67.05,7.8,2.36,-1.95
national,Nepal,,Male,18 Year,189271,62,1821,26898,64821,359,574,125,24376,33714,17006,312,218,18863,0,32,3,7,3,77,49.95,9.97,49.95,9.97,44.2,14.01,5.75,-4.04
national,Nepal,,Male,19 Year,106247,37,892,9901,25229,275,315,97,15930,26565,17380,223,150,9176,0,18,3,6,0,50,34.49,8.64,34.49,8.64,27.82,12.7,6.67,-4.06
national,Nepal,,Male,20 Year,152639,0,6,3,19988,319,613,136,26730,47162,34413,598,385,22193,0,16,4,7,0,66,13.71,14.54,13.71,14.54,9.25,22.44,4.46,-7.9
national,Nepal,,Male,21 Year,100252,0,6,0,8047,217,339,91,18062,34350,28610,389,292,9753,0,11,1,6,1,77,8.59,9.73,8.59,9.73,6.24,15.12,2.35,-5.39
national,Nepal,,Male,22 Year,137038,0,6,0,7388,250,317,128,25299,45199,39451,646,379,17895,0,7,4,4,0,65,5.81,13.06,5.81,13.06,4.03,20.31,1.78,-7.25
national,Nepal,,Male,23 Year,105716,0,2,2,3760,197,203,103,19544,35567,34037,482,345,11411,0,5,2,6,0,50,3.94,10.79,3.94,10.79,2.97,18.16,0.97,-7.37
national,Nepal,,Male,24 Year,115537,0,5,1,3229,210,201,123,21264,38308,38341,579,354,12836,0,10,6,7,2,61,3.16,11.11,3.16,11.11,2.58,18.89,0.58,-7.78
national,Nepal,,Male,25 Year,158928,0,3,2,1880,227,372,186,30756,47676,49286,916,510,27016,0,9,9,12,2,66,1.56,17.0,1.56,17.0,1.45,28.49,0.11,-11.49
national,Nepal,,Female,All Ages,4616990,398478,1448484,836422,460089,5307,10281,5409,296271,348000,355094,7802,4647,436208,85,587,87,116,27,3596,68.42,9.45,72.74,6.73,68.42,9.45,4.32,-2.72
national,Nepal,,Female,5 Year,269216,226611,0,0,0,242,778,1109,0,0,0,61,149,38660,49,0,0,0,8,1549,84.55,14.36,84.9,14.06,84.55,14.36,0.35,-0.3
national,Nepal,,Female,6 Year,268359,99273,143095,0,0,213,646,296,908,0,0,55,93,23256,15,15,0,0,3,491,90.63,8.67,91.09,8.25,90.63,8.67,0.46,-0.42
national,Nepal,,Female,7 Year,258021,42714,197610,0,0,183,486,135,1154,0,0,59,60,15376,7,16,0,0,1,220,93.4,5.96,93.88,5.45,93.4,5.96,0.48,-0.51
national,Nepal,,Female,8 Year,286398,19068,248158,0,0,237,565,74,1731,0,0,70,84,16208,7,13,0,0,0,183,93.59,5.66,94.11,5.13,93.59,5.66,0.52,-0.53
national,Nepal,,Female,9 Year,241028,6421,223374,0,0,161,549,51,1930,0,0,44,91,8277,1,15,0,0,0,114,95.63,3.43,95.99,3.03,95.63,3.43,0.36,-0.4
national,Nepal,,Female,10 Year,307987,2331,262188,0,0,201,504,998,26707,0,0,74,86,14808,0,18,0,0,2,70,86.12,4.81,85.76,4.31,86.12,4.81,-0.36,-0.5
national,Nepal,,Female,11 Year,228735,616,149353,60249,0,104,286,321,11090,544,0,54,41,6023,1,9,2,0,0,42,92.08,2.63,91.57,2.34,92.08,2.63,-0.51,-0.29
national,Nepal,,Female,12 Year,308668,547,123652,158153,0,189,305,327,10543,1937,0,97,69,12752,0,18,12,0,0,67,91.63,4.13,91.47,3.66,91.63,4.13,-0.16,-0.47
national,Nepal,,Female,13 Year,275172,249,57556,198277,0,153,343,174,6817,2863,0,72,43,8537,2,27,17,0,1,41,93.24,3.1,93.18,2.63,93.24,3.1,-0.06,-0.47
national,Nepal,,Female,14 Year,293349,229,31935,177082,60347,175,335,142,7416,3925,1020,127,50,10442,0,57,8,8,0,51,92.08,3.56,91.98,2.91,92.08,3.56,-0.1,-0.65
national,Nepal,,Female,15 Year,276317,135,4446,120307,113647,290,1423,175,12768,6674,2718,156,89,13296,0,112,5,14,1,61,86.95,4.81,86.46,3.94,86.95,4.81,-0.49,-0.87
national,Nepal,,Female,16 Year,223795,110,2706,66497,108827,264,833,134,13242,10841,5254,230,88,14593,0,96,6,17,0,57,80.09,6.52,80.59,5.05,80.09,6.52,0.5,-1.47
national,Nepal,,Female,17 Year,144839,65,1646,28376,66268,225,537,84,11617,14947,9371,198,97,11292,0,47,1,13,1,54,67.05,7.8,69.41,5.85,67.05,7.8,2.36,-1.95
national,Nepal,,Female,18 Year,171772,73,1736,20428,52964,284,442,115,20255,28755,21846,453,243,24059,0,36,2,6,1,74,44.2,14.01,49.95,9.97,44.2,14.01,5.75,-4.04
national,Nepal,,Female,19 Year,105035,35,1000,7044,20619,229,292,92,14075,24615,23089,336,182,13337,0,19,4,9,1,57,27.82,12.7,34.49,8.64,27.82,12.7,6.67,-4.06
national,Nepal,,Female,20 Year,184351,0,5,2,16100,401,545,183,29178,47787,47174,954,537,41374,1,19,4,4,0,83,9.25,22.44,13.71,14.54,9.25,22.44,4.46,-7.9
national,Nepal,,Female,21 Year,111113,0,1,3,6409,256,259,137,17312,32411,36528,568,336,16797,0,13,7,4,1,71,6.24,15.12,8.59,9.73,6.24,15.12,2.35,-5.39
national,Nepal,,Female,22 Year,162843,0,10,2,5903,337,311,207,26657,44647,50040,1012,550,33078,0,14,3,6,2,64,4.03,20.31,5.81,13.06,4.03,20.31,1.78,-7.25
national,Nepal,,Female,23 Year,137715,0,3,1,3602,280,210,185,22302,38538,46229,785,457,25015,0,16,6,11,1,74,2.97,18.16,3.94,10.79,2.97,18.16,0.97,-7.37
national,Nepal,,Female,24 Year,147651,1,5,0,3215,336,256,188,24164,39740,50334,924,492,27887,2,13,5,11,2,76,2.58,18.89,3.16,11.11,2.58,18.89,0.58,-7.78
national,Nepal,,Female,25 Year,214626,0,5,1,2188,547,376,282,36405,49776,61491,1473,810,61141,0,14,5,13,2,97,1.45,28.49,1.56,17.0,1.45,28.49,0.11,-11.49
province,Koshi,,Total,All Ages,1476141,142970,489046,277460,146072,712,2111,1184,91939,125531,126749,1312,857,70001,1,6,0,0,9,181,71.7,4.74,72.76,4.13,70.62,5.36,2.14,-1.23
province,Koshi,,Total,5 Year,89653,80915,0,0,0,8,8,184,0,0,0,5,21,8426,1,0,0,0,2,83,90.27,9.4,90.07,9.58,90.49,9.2,-0.42,0.38
province,Koshi,,Total,6 Year,90344,38435,47251,0,0,20,5,45,153,0,0,6,20,4390,0,0,0,0,0,19,94.87,4.86,94.88,4.86,94.86,4.86,0.02,0.0
province,Koshi,,Total,7 Year,90648,15905,71582,0,0,11,4,12,222,0,0,3,7,2892,0,0,0,0,0,10,96.53,3.19,96.51,3.23,96.55,3.15,-0.04,0.08
province,Koshi,,Total,8 Year,94981,5376,86570,0,0,23,7,19,328,0,0,9,19,2623,0,3,0,0,2,2,96.84,2.76,96.88,2.72,96.79,2.81,0.09,-0.09
province,Koshi,,Total,9 Year,85720,1579,82168,0,0,15,6,12,386,0,0,6,27,1513,0,0,0,0,0,8,97.72,1.77,97.67,1.76,97.78,1.77,-0.11,-0.01
province,Koshi,,Total,10 Year,96503,406,85742,0,0,25,7,188,8100,0,0,6,12,2013,0,0,0,0,1,3,89.3,2.09,88.88,2.12,89.75,2.05,-0.87,0.07
province,Koshi,,Total,11 Year,79626,119,53467,20955,0,14,6,75,3589,215,0,2,7,1175,0,0,0,0,0,2,93.64,1.48,93.12,1.48,94.18,1.47,-1.06,0.01
province,Koshi,,Total,12 Year,95323,110,37157,52493,0,23,5,78,2892,653,0,9,12,1890,0,0,0,0,0,1,94.19,1.98,93.83,2.03,94.57,1.94,-0.74,0.09
province,Koshi,,Total,13 Year,90277,58,16803,68527,0,22,5,54,2172,1118,0,6,2,1503,0,0,0,0,1,6,94.61,1.66,94.23,1.64,95.01,1.69,-0.78,-0.05
province,Koshi,,Total,14 Year,93329,66,8218,59603,19506,29,9,42,2423,1488,375,13,2,1551,0,0,0,0,0,4,93.68,1.66,93.04,1.75,94.32,1.57,-1.28,0.18
province,Koshi,,Total,15 Year,87834,1,26,39326,37876,123,586,38,4047,2745,1009,13,12,2023,0,0,0,0,2,7,88.73,2.3,87.72,2.26,89.8,2.35,-2.08,-0.09
province,Koshi,,Total,16 Year,68948,0,19,20091,35986,54,294,19,4170,4260,1954,36,12,2051,0,0,0,0,0,2,81.86,2.97,81.01,2.86,82.83,3.1,-1.82,-0.24
province,Koshi,,Total,17 Year,48466,0,20,8988,22935,41,180,20,4351,6230,3612,31,15,2040,0,0,0,0,0,3,66.36,4.21,66.65,3.97,66.02,4.5,0.63,-0.53
province,Koshi,,Total,18 Year,50056,0,8,5352,15748,49,160,26,6884,10757,7369,58,30,3610,0,2,0,0,0,3,42.59,7.21,44.32,5.96,40.53,8.69,3.79,-2.73
province,Koshi,,Total,19 Year,35102,0,12,2125,6682,44,100,29,5118,9917,8550,44,18,2460,0,0,0,0,0,3,25.53,7.01,27.81,5.73,22.99,8.44,4.82,-2.71
province,Koshi,,Total,20 Year,47346,0,0,0,3445,48,249,53,8265,15259,14526,165,112,5216,0,0,0,0,0,8,7.9,11.02,9.36,8.05,6.57,13.72,2.79,-5.67
province,Koshi,,Total,21 Year,37417,0,1,0,1477,36,128,35,6222,12534,13687,126,83,3084,0,0,0,0,1,3,4.39,8.24,5.08,6.55,3.72,9.88,1.36,-3.33
province,Koshi,,Total,22 Year,47711,0,0,0,1133,38,129,67,8278,15537,17265,183,85,4991,0,0,0,0,0,5,2.72,10.46,3.19,8.13,2.31,12.55,0.88,-4.42
province,Koshi,,Total,23 Year,41834,0,1,0,690,23,68,54,6787,13503,16602,156,96,3849,0,0,0,0,0,5,1.87,9.2,2.0,7.48,1.76,10.68,0.24,-3.2
province,Koshi,,Total,24 Year,45147,0,1,0,585,23,59,53,7142,14131,18749,172,101,4130,0,0,0,0,0,1,1.48,9.15,1.75,7.4,1.25,10.63,0.5,-3.23
province,Koshi,,Total,25 Year,59876,0,0,0,9,43,96,81,10410,17184,23051,263,164,8571,0,1,0,0,0,3,0.25,14.31,0.27,10.39,0.23,17.38,0.04,-6.99
province,Koshi,,Male,All Ages,746496,75731,251085,141197,73534,418,1165,600,50211,66258,54427,545,369,30858,1,4,0,0,5,88,72.76,4.13,72.76,4.13,70.62,5.36,2.14,-1.23
province,Koshi,,Male,5 Year,46348,41738,0,0,0,3,4,105,0,0,0,3,9,4442,1,0,0,0,1,42,90.07,9.58,90.07,9.58,90.49,9.2,-0.42,0.38
province,Koshi,,Male,6 Year,46591,20702,23488,0,0,14,3,24,70,0,0,5,11,2265,0,0,0,0,0,9,94.88,4.86,94.88,4.86,94.86,4.86,0.02,0.0
province,Koshi,,Male,7 Year,46224,8926,35674,0,0,9,0,4,110,0,0,1,4,1492,0,0,0,0,0,4,96.51,3.23,96.51,3.23,96.55,3.15,-0.04,0.08
province,Koshi,,Male,8 Year,48741,3080,44118,0,0,17,3,9,174,0,0,2,9,1325,0,1,0,0,2,1,96.88,2.72,96.88,2.72,96.79,2.81,0.09,-0.09
province,Koshi,,Male,9 Year,43670,881,41758,0,0,10,3,5,223,0,0,3,17,768,0,0,0,0,0,2,97.67,1.76,97.67,1.76,97.78,1.77,-0.11,-0.01
province,Koshi,,Male,10 Year,49853,226,44064,0,0,18,3,104,4373,0,0,4,3,1056,0,0,0,0,0,2,88.88,2.12,88.88,2.12,89.75,2.05,-0.87,0.07
province,Koshi,,Male,11 Year,40767,65,27894,9989,0,11,5,45,2046,101,0,0,5,604,0,0,0,0,0,2,93.12,1.48,93.12,1.48,94.18,1.47,-1.06,0.01
province,Koshi,,Male,12 Year,48573,56,20257,25239,0,20,4,45,1617,337,0,7,6,984,0,0,0,0,0,1,93.83,2.03,93.83,2.03,94.57,1.94,-0.74,0.09
province,Koshi,,Male,13 Year,45418,26,9248,33503,0,16,3,29,1256,582,0,3,2,747,0,0,0,0,0,3,94.23,1.64,94.23,1.64,95.01,1.69,-0.78,-0.05
province,Koshi,,Male,14 Year,46934,31,4532,30427,8655,20,4,23,1426,816,169,7,0,822,0,0,0,0,0,2,93.04,1.75,93.04,1.75,94.32,1.57,-1.28,0.18
province,Koshi,,Male,15 Year,44946,0,16,21203,17825,79,302,18,2459,1551,463,5,5,1016,0,0,0,0,1,3,87.72,2.26,87.72,2.26,89.8,2.35,-2.08,-0.09
province,Koshi,,Male,16 Year,36481,0,8,11173,18181,32,158,10,2508,2472,869,22,4,1043,0,0,0,0,0,1,81.01,2.86,81.01,2.86,82.83,3.1,-1.82,-0.24
province,Koshi,,Male,17 Year,26470,0,13,5187,12307,30,105,10,2651,3576,1521,12,6,1050,0,0,0,0,0,2,66.65,3.97,66.65,3.97,66.02,4.5,0.63,-0.53
province,Koshi,,Male,18 Year,27127,0,5,3227,8662,32,97,19,4026,6108,3296,21,13,1618,0,2,0,0,0,1,44.32,5.96,44.32,5.96,40.53,8.69,3.79,-2.73
province,Koshi,,Male,19 Year,18517,0,7,1249,3810,23,61,17,3006,5431,3826,16,9,1061,0,0,0,0,0,1,27.81,5.73,27.81,5.73,22.99,8.44,4.82,-2.71
province,Koshi,,Male,20 Year,22609,0,0,0,1953,22,142,19,4278,7842,6411,71,45,1821,0,0,0,0,0,5,9.36,8.05,9.36,8.05,6.57,13.72,2.79,-5.67
province,Koshi,,Male,21 Year,18359,0,1,0,836,15,81,16,3489,6668,5958,52,39,1202,0,0,0,0,1,1,5.08,6.55,5.08,6.55,3.72,9.88,1.36,-3.33
province,Koshi,,Male,22 Year,22595,0,0,0,633,17,70,27,4323,8040,7542,70,32,1838,0,0,0,0,0,3,3.19,8.13,3.19,8.13,2.31,12.55,0.88,-4.42
province,Koshi,,Male,23 Year,19289,0,1,0,348,6,31,20,3545,6835,6943,65,51,1442,0,0,0,0,0,2,2.0,7.48,2.0,7.48,1.76,10.68,0.24,-3.2
province,Koshi,,Male,24 Year,20730,0,1,0,320,10,32,19,3649,7286,7765,69,45,1534,0,0,0,0,0,0,1.75,7.4,1.75,7.4,1.25,10.63,0.5,-3.23
province,Koshi,,Male,25 Year,26254,0,0,0,4,14,54,32,4982,8613,9664,107,54,2728,0,1,0,0,0,1,0.27,10.39,0.27,10.39,0.23,17.38,0.04,-6.99
province,Koshi,,Female,All Ages,729645,67239,237961,136263,72538,294,946,584,41728,59273,72322,767,488,39143,0,2,0,0,4,93,70.62,5.36,72.76,4.13,70.62,5.36,2.14,-1.23
province,Koshi,,Female,5 Year,43305,39177,0,0,0,5,4,79,0,0,0,2,12,3984,0,0,0,0,1,41,90.49,9.2,90.07,9.58,90.49,9.2,-0.42,0.38
province,Koshi,,Female,6 Year,43753,17733,23763,0,0,6,2,21,83,0,0,1,9,2125,0,0,0,0,0,10,94.86,4.86,94.88,4.86,94.86,4.86,0.02,0.0
province,Koshi,,Female,7 Year,44424,6979,35908,0,0,2,4,8,112,0,0,2,3,1400,0,0,0,0,0,6,96.55,3.15,96.51,3.23,96.55,3.15,-0.04,0.08
province,Koshi,,Female,8 Year,46240,2296,42452,0,0,6,4,10,154,0,0,7,10,1298,0,2,0,0,0,1,96.79,2.81,96.88,2.72,96.79,2.81,0.09,-0.09
province,Koshi,,Female,9 Year,42050,698,40410,0,0,5,3,7,163,0,0,3,10,745,0,0,0,0,0,6,97.78,1.77,97.67,1.76,97.78,1.77,-0.11,-0.01
province,Koshi,,Female,10 Year,46650,180,41678,0,0,7,4,84,3727,0,0,2,9,957,0,0,0,0,1,1,89.75,2.05,88.88,2.12,89.75,2.05,-0.87,0.07
province,Koshi,,Female,11 Year,38859,54,25573,10966,0,3,1,30,1543,114,0,2,2,571,0,0,0,0,0,0,94.18,1.47,93.12,1.48,94.18,1.47,-1.06,0.01
province,Koshi,,Female,12 Year,46750,54,16900,27254,0,3,1,33,1275,316,0,2,6,906,0,0,0,0,0,0,94.57,1.94,93.83,2.03,94.57,1.94,-0.74,0.09
province,Koshi,,Female,13 Year,44859,32,7555,35024,0,6,2,25,916,536,0,3,0,756,0,0,0,0,1,3,95.01,1.69,94.23,1.64,95.01,1.69,-0.78,-0.05
province,Koshi,,Female,14 Year,46395,35,3686,29176,10851,9,5,19,997,672,206,6,2,729,0,0,0,0,0,2,94.32,1.57,93.04,1.75,94.32,1.57,-1.28,0.18
province,Koshi,,Female,15 Year,42888,1,10,18123,20051,44,284,20,1588,1194,546,8,7,1007,0,0,0,0,1,4,89.8,2.35,87.72,2.26,89.8,2.35,-2.08,-0.09
province,Koshi,,Female,16 Year,32467,0,11,8918,17805,22,136,9,1662,1788,1085,14,8,1008,0,0,0,0,0,1,82.83,3.1,81.01,2.86,82.83,3.1,-1.82,-0.24
province,Koshi,,Female,17 Year,21996,0,7,3801,10628,11,75,10,1700,2654,2091,19,9,990,0,0,0,0,0,1,66.02,4.5,66.65,3.97,66.02,4.5,0.63,-0.53
province,Koshi,,Female,18 Year,22929,0,3,2125,7086,17,63,7,2858,4649,4073,37,17,1992,0,0,0,0,0,2,40.53,8.69,44.32,5.96,40.53,8.69,3.79,-2.73
province,Koshi,,Female,19 Year,16585,0,5,876,2872,21,39,12,2112,4486,4724,28,9,1399,0,0,0,0,0,2,22.99,8.44,27.81,5.73,22.99,8.44,4.82,-2.71
province,Koshi,,Female,20 Year,24737,0,0,0,1492,26,107,34,3987,7417,8115,94,67,3395,0,0,0,0,0,3,6.57,13.72,9.36,8.05,6.57,13.72,2.79,-5.67
province,Koshi,,Female,21 Year,19058,0,0,0,641,21,47,19,2733,5866,7729,74,44,1882,0,0,0,0,0,2,3.72,9.88,5.08,6.55,3.72,9.88,1.36,-3.33
province,Koshi,,Female,22 Year,25116,0,0,0,500,21,59,40,3955,7497,9723,113,53,3153,0,0,0,0,0,2,2.31,12.55,3.19,8.13,2.31,12.55,0.88,-4.42
province,Koshi,,Female,23 Year,22545,0,0,0,342,17,37,34,3242,6668,9659,91,45,2407,0,0,0,0,0,3,1.76,10.68,2.0,7.48,1.76,10.68,0.24,-3.2
province,Koshi,,Female,24 Year,24417,0,0,0,265,13,27,34,3493,6845,10984,103,56,2596,0,0,0,0,0,1,1.25,10.63,1.75,7.4,1.25,10.63,0.5,-3.23
province,Koshi,,Female,25 Year,33622,0,0,0,5,29,42,49,5428,8571,13387,156,110,5843,0,0,0,0,0,2,0.23,17.38,0.27,10.39,0.23,17.38,0.04,-6.99
district,Koshi,Taplejung,Total,All Ages,40175,2888,12748,7814,4472,13,71,43,2429,3910,4623,37,34,1093,0,0,0,0,0,0,69.71,2.72,68.87,2.78,70.59,2.65,-1.72,0.13
district,Koshi,Taplejung,Total,5 Year,2270,2059,0,0,0,0,0,11,0,0,0,0,1,199,0,0,0,0,0,0,90.7,8.77,90.8,8.77,90.61,8.77,0.19,0.0
district,Koshi,Taplejung,Total,6 Year,2445,558,1771,0,0,0,0,0,2,0,0,0,0,114,0,0,0,0,0,0,95.26,4.66,95.09,4.75,95.43,4.57,-0.34,0.18
district,Koshi,Taplejung,Total,7 Year,2442,172,2219,0,0,0,0,0,6,0,0,0,0,45,0,0,0,0,0,0,97.91,1.84,97.81,2.11,98.01,1.57,-0.2,0.54
district,Koshi,Taplejung,Total,8 Year,2275,68,2157,0,0,0,0,0,5,0,0,0,0,45,0,0,0,0,0,0,97.8,1.98,97.02,2.63,98.59,1.32,-1.57,1.31
district,Koshi,Taplejung,Total,9 Year,2284,26,2207,0,0,0,1,0,15,0,0,1,1,33,0,0,0,0,0,0,97.81,1.44,98.0,1.31,97.62,1.59,0.38,-0.28
district,Koshi,Taplejung,Total,10 Year,2191,2,2030,0,0,0,0,7,126,0,0,0,0,26,0,0,0,0,0,0,92.74,1.19,92.28,1.22,93.18,1.15,-0.9,0.07
district,Koshi,Taplejung,Total,11 Year,2038,0,1119,801,0,0,0,1,87,7,0,0,0,23,0,0,0,0,0,0,94.21,1.13,94.02,1.18,94.4,1.08,-0.38,0.1
district,Koshi,Taplejung,Total,12 Year,2386,1,687,1594,0,0,0,1,53,23,0,0,1,26,0,0,0,0,0,0,95.64,1.09,95.3,1.2,95.97,0.99,-0.67,0.21
district,Koshi,Taplejung,Total,13 Year,2429,1,367,1947,0,0,0,0,51,39,0,1,0,23,0,0,0,0,0,0,95.31,0.95,95.2,1.16,95.41,0.74,-0.21,0.42
district,Koshi,Taplejung,Total,14 Year,2549,1,191,1440,758,1,0,2,67,45,18,0,0,26,0,0,0,0,0,0,93.8,1.02,93.0,1.32,94.62,0.71,-1.62,0.61
district,Koshi,Taplejung,Total,15 Year,2311,0,0,917,1105,2,22,0,103,81,44,0,0,37,0,0,0,0,0,0,88.53,1.6,87.45,1.37,89.65,1.84,-2.2,-0.47
district,Koshi,Taplejung,Total,16 Year,1872,0,0,550,968,3,11,0,104,118,74,1,1,42,0,0,0,0,0,0,81.84,2.24,81.14,2.42,82.56,2.06,-1.42,0.36
district,Koshi,Taplejung,Total,17 Year,1406,0,0,307,613,1,7,1,130,173,133,0,0,41,0,0,0,0,0,0,66.0,2.92,68.2,2.3,63.24,3.69,4.96,-1.39
district,Koshi,Taplejung,Total,18 Year,1424,0,0,163,440,0,4,0,202,295,277,3,1,39,0,0,0,0,0,0,42.63,2.74,44.96,3.27,39.68,2.06,5.28,1.21
district,Koshi,Taplejung,Total,19 Year,1227,0,0,95,249,1,6,2,161,337,338,0,0,38,0,0,0,0,0,0,28.61,3.1,30.32,3.06,26.43,3.14,3.89,-0.08
district,Koshi,Taplejung,Total,20 Year,1481,0,0,0,146,0,8,3,221,506,534,6,6,51,0,0,0,0,0,0,10.4,3.44,11.43,3.46,8.94,3.41,2.49,0.05
district,Koshi,Taplejung,Total,21 Year,1347,0,0,0,89,2,3,1,206,431,552,9,6,48,0,0,0,0,0,0,6.98,3.56,7.71,3.57,6.18,3.55,1.53,0.02
district,Koshi,Taplejung,Total,22 Year,1425,0,0,0,51,0,5,6,226,441,626,6,4,60,0,0,0,0,0,0,3.93,4.21,4.51,4.1,3.31,4.32,1.2,-0.22
district,Koshi,Taplejung,Total,23 Year,1412,0,0,0,29,0,1,4,198,480,640,2,3,55,0,0,0,0,0,0,2.12,3.9,2.06,3.71,2.19,4.09,-0.13,-0.38
district,Koshi,Taplejung,Total,24 Year,1445,0,0,0,24,1,0,1,226,471,661,4,4,53,0,0,0,0,0,0,1.73,3.67,2.33,3.29,1.12,4.06,1.21,-0.77
district,Koshi,Taplejung,Total,25 Year,1516,0,0,0,0,2,3,3,240,463,726,4,6,69,0,0,0,0,0,0,0.33,4.55,0.25,4.02,0.42,5.14,-0.17,-1.12
district,Koshi,Taplejung,Male,All Ages,20618,1507,6418,3959,2265,6,45,21,1500,2143,2142,17,21,574,0,0,0,0,0,0,68.87,2.78,68.87,2.78,70.59,2.65,-1.72,0.13
district,Koshi,Taplejung,Male,5 Year,1152,1046,0,0,0,0,0,5,0,0,0,0,0,101,0,0,0,0,0,0,90.8,8.77,90.8,8.77,90.61,8.77,0.19,0.0
district,Koshi,Taplejung,Male,6 Year,1264,309,893,0,0,0,0,0,2,0,0,0,0,60,0,0,0,0,0,0,95.09,4.75,95.09,4.75,95.43,4.57,-0.34,0.18
district,Koshi,Taplejung,Male,7 Year,1235,101,1107,0,0,0,0,0,1,0,0,0,0,26,0,0,0,0,0,0,97.81,2.11,97.81,2.11,98.01,1.57,-0.2,0.54
district,Koshi,Taplejung,Male,8 Year,1140,31,1075,0,0,0,0,0,4,0,0,0,0,30,0,0,0,0,0,0,97.02,2.63,97.02,2.63,98.59,1.32,-1.57,1.31
district,Koshi,Taplejung,Male,9 Year,1149,17,1108,0,0,0,1,0,6,0,0,1,1,15,0,0,0,0,0,0,98.0,1.31,98.0,1.31,97.62,1.59,0.38,-0.28
district,Koshi,Taplejung,Male,10 Year,1062,2,978,0,0,0,0,2,67,0,0,0,0,13,0,0,0,0,0,0,92.28,1.22,92.28,1.22,93.18,1.15,-0.9,0.07
district,Koshi,Taplejung,Male,11 Year,1020,0,580,379,0,0,0,1,45,3,0,0,0,12,0,0,0,0,0,0,94.02,1.18,94.02,1.18,94.4,1.08,-0.38,0.1
district,Koshi,Taplejung,Male,12 Year,1170,0,375,740,0,0,0,1,29,11,0,0,0,14,0,0,0,0,0,0,95.3,1.2,95.3,1.2,95.97,0.99,-0.67,0.21
district,Koshi,Taplejung,Male,13 Year,1208,1,202,947,0,0,0,0,31,13,0,0,0,14,0,0,0,0,0,0,95.2,1.16,95.2,1.16,95.41,0.74,-0.21,0.42
district,Koshi,Taplejung,Male,14 Year,1285,0,100,752,342,1,0,1,40,25,7,0,0,17,0,0,0,0,0,0,93.0,1.32,93.0,1.32,94.62,0.71,-1.62,0.61
district,Koshi,Taplejung,Male,15 Year,1171,0,0,485,527,1,11,0,70,41,20,0,0,16,0,0,0,0,0,0,87.45,1.37,87.45,1.37,89.65,1.84,-2.2,-0.47
district,Koshi,Taplejung,Male,16 Year,949,0,0,310,451,2,7,0,61,68,26,1,0,23,0,0,0,0,0,0,81.14,2.42,81.14,2.42,82.56,2.06,-1.42,0.36
district,Koshi,Taplejung,Male,17 Year,783,0,0,184,344,1,5,1,92,90,48,0,0,18,0,0,0,0,0,0,68.2,2.3,68.2,2.3,63.24,3.69,4.96,-1.39
district,Koshi,Taplejung,Male,18 Year,794,0,0,103,251,0,3,0,126,163,119,2,1,26,0,0,0,0,0,0,44.96,3.27,44.96,3.27,39.68,2.06,5.28,1.21
district,Koshi,Taplejung,Male,19 Year,686,0,0,59,144,1,4,1,110,198,148,0,0,21,0,0,0,0,0,0,30.32,3.06,30.32,3.06,26.43,3.14,3.89,-0.08
district,Koshi,Taplejung,Male,20 Year,866,0,0,0,91,0,8,1,150,309,268,4,5,30,0,0,0,0,0,0,11.43,3.46,11.43,3.46,8.94,3.41,2.49,0.05
district,Koshi,Taplejung,Male,21 Year,700,0,0,0,52,0,2,1,141,235,241,1,2,25,0,0,0,0,0,0,7.71,3.57,7.71,3.57,6.18,3.55,1.53,0.02
district,Koshi,Taplejung,Male,22 Year,731,0,0,0,32,0,1,4,128,231,300,3,2,30,0,0,0,0,0,0,4.51,4.1,4.51,4.1,3.31,4.32,1.2,-0.22
district,Koshi,Taplejung,Male,23 Year,727,0,0,0,14,0,1,1,131,255,295,1,2,27,0,0,0,0,0,0,2.06,3.71,2.06,3.71,2.19,4.09,-0.13,-0.38
district,Koshi,Taplejung,Male,24 Year,730,0,0,0,17,0,0,0,128,248,309,0,4,24,0,0,0,0,0,0,2.33,3.29,2.33,3.29,1.12,4.06,1.21,-0.77
district,Koshi,Taplejung,Male,25 Year,796,0,0,0,0,0,2,2,138,253,361,4,4,32,0,0,0,0,0,0,0.25,4.02,0.25,4.02,0.42,5.14,-0.17,-1.12
district,Koshi,Taplejung,Female,All Ages,19557,1381,6330,3855,2207,7,26,22,929,1767,2481,20,13,519,0,0,0,0,0,0,70.59,2.65,68.87,2.78,70.59,2.65,-1.72,0.13
district,Koshi,Taplejung,Female,5 Year,1118,1013,0,0,0,0,0,6,0,0,0,0,1,98,0,0,0,0,0,0,90.61,8.77,90.8,8.77,90.61,8.77,0.19,0.0
district,Koshi,Taplejung,Female,6 Year,1181,249,878,0,0,0,0,0,0,0,0,0,0,54,0,0,0,0,0,0,95.43,4.57,95.09,4.75,95.43,4.57,-0.34,0.18
district,Koshi,Taplejung,Female,7 Year,1207,71,1112,0,0,0,0,0,5,0,0,0,0,19,0,0,0,0,0,0,98.01,1.57,97.81,2.11,98.01,1.57,-0.2,0.54
district,Koshi,Taplejung,Female,8 Year,1135,37,1082,0,0,0,0,0,1,0,0,0,0,15,0,0,0,0,0,0,98.59,1.32,97.02,2.63,98.59,1.32,-1.57,1.31
district,Koshi,Taplejung,Female,9 Year,1135,9,1099,0,0,0,0,0,9,0,0,0,0,18,0,0,0,0,0,0,97.62,1.59,98.0,1.31,97.62,1.59,0.38,-0.28
district,Koshi,Taplejung,Female,10 Year,1129,0,1052,0,0,0,0,5,59,0,0,0,0,13,0,0,0,0,0,0,93.18,1.15,92.28,1.22,93.18,1.15,-0.9,0.07
district,Koshi,Taplejung,Female,11 Year,1018,0,539,422,0,0,0,0,42,4,0,0,0,11,0,0,0,0,0,0,94.4,1.08,94.02,1.18,94.4,1.08,-0.38,0.1
district,Koshi,Taplejung,Female,12 Year,1216,1,312,854,0,0,0,0,24,12,0,0,1,12,0,0,0,0,0,0,95.97,0.99,95.3,1.2,95.97,0.99,-0.67,0.21
district,Koshi,Taplejung,Female,13 Year,1221,0,165,1000,0,0,0,0,20,26,0,1,0,9,0,0,0,0,0,0,95.41,0.74,95.2,1.16,95.41,0.74,-0.21,0.42
district,Koshi,Taplejung,Female,14 Year,1264,1,91,688,416,0,0,1,27,20,11,0,0,9,0,0,0,0,0,0,94.62,0.71,93.0,1.32,94.62,0.71,-1.62,0.61
district,Koshi,Taplejung,Female,15 Year,1140,0,0,432,578,1,11,0,33,40,24,0,0,21,0,0,0,0,0,0,89.65,1.84,87.45,1.37,89.65,1.84,-2.2,-0.47
district,Koshi,Taplejung,Female,16 Year,923,0,0,240,517,1,4,0,43,50,48,0,1,19,0,0,0,0,0,0,82.56,2.06,81.14,2.42,82.56,2.06,-1.42,0.36
district,Koshi,Taplejung,Female,17 Year,623,0,0,123,269,0,2,0,38,83,85,0,0,23,0,0,0,0,0,0,63.24,3.69,68.2,2.3,63.24,3.69,4.96,-1.39
district,Koshi,Taplejung,Female,18 Year,630,0,0,60,189,0,1,0,76,132,158,1,0,13,0,0,0,0,0,0,39.68,2.06,44.96,3.27,39.68,2.06,5.28,1.21
district,Koshi,Taplejung,Female,19 Year,541,0,0,36,105,0,2,1,51,139,190,0,0,17,0,0,0,0,0,0,26.43,3.14,30.32,3.06,26.43,3.14,3.89,-0.08
district,Koshi,Taplejung,Female,20 Year,615,0,0,0,55,0,0,2,71,197,266,2,1,21,0,0,0,0,0,0,8.94,3.41,11.43,3.46,8.94,3.41,2.49,0.05
district,Koshi,Taplejung,Female,21 Year,647,0,0,0,37,2,1,0,65,196,311,8,4,23,0,0,0,0,0,0,6.18,3.55,7.71,3.57,6.18,3.55,1.53,0.02
district,Koshi,Taplejung,Female,22 Year,694,0,0,0,19,0,4,2,98,210,326,3,2,30,0,0,0,0,0,0,3.31,4.32,4.51,4.1,3.31,4.32,1.2,-0.22
district,Koshi,Taplejung,Female,23 Year,685,0,0,0,15,0,0,3,67,225,345,1,1,28,0,0,0,0,0,0,2.19,4.09,2.06,3.71,2.19,4.09,-0.13,-0.38
district,Koshi,Taplejung,Female,24 Year,715,0,0,0,7,1,0,1,98,223,352,4,0,29,0,0,0,0,0,0,1.12,4.06,2.33,3.29,1.12,4.06,1.21,-0.77
district,Koshi,Taplejung,Female,25 Year,720,0,0,0,0,2,1,1,102,210,365,0,2,37,0,0,0,0,0,0,0.42,5.14,0.25,4.02,0.42,5.14,-0.17,-1.12
district,Koshi,Sankhuwasabha,Total,All Ages,51650,4312,17070,10257,5402,12,87,21,3897,5253,3781,42,34,1473,0,0,0,0,3,6,71.91,2.85,71.89,2.75,71.92,2.96,-0.03,-0.21
district,Koshi,Sankhuwasabha,Total,5 Year,3094,2844,0,0,0,0,0,1,0,0,0,1,1,244,0,0,0,0,2,1,91.92,7.89,91.7,8.1,92.14,7.66,-0.44,0.44
district,Koshi,Sankhuwasabha,Total,6 Year,3017,984,1927,0,0,0,0,0,5,0,0,0,2,99,0,0,0,0,0,0,96.49,3.28,96.13,3.68,96.89,2.83,-0.76,0.85
district,Koshi,Sankhuwasabha,Total,7 Year,3027,361,2597,0,0,0,0,0,5,0,0,0,0,64,0,0,0,0,0,0,97.72,2.11,97.42,2.32,98.04,1.9,-0.62,0.42
district,Koshi,Sankhuwasabha,Total,8 Year,3207,84,3070,0,0,0,0,0,7,0,0,1,2,42,0,0,0,0,1,0,98.35,1.31,98.36,1.28,98.34,1.34,0.02,-0.06
district,Koshi,Sankhuwasabha,Total,9 Year,2894,27,2827,0,0,0,0,0,10,0,0,0,1,29,0,0,0,0,0,0,98.62,1.0,98.49,0.99,98.76,1.02,-0.27,-0.03
district,Koshi,Sankhuwasabha,Total,10 Year,3173,5,2923,0,0,0,1,2,207,0,0,0,1,33,0,0,0,0,0,1,92.31,1.04,92.12,1.27,92.51,0.79,-0.39,0.48
district,Koshi,Sankhuwasabha,Total,11 Year,2885,0,1797,922,0,0,0,0,126,7,0,0,0,33,0,0,0,0,0,0,94.25,1.14,93.83,1.21,94.64,1.08,-0.81,0.13
district,Koshi,Sankhuwasabha,Total,12 Year,3104,2,1076,1885,0,0,0,1,95,11,0,0,0,34,0,0,0,0,0,0,95.46,1.1,95.08,1.36,95.83,0.83,-0.75,0.53
district,Koshi,Sankhuwasabha,Total,13 Year,3135,2,560,2428,0,0,0,0,82,31,0,1,0,31,0,0,0,0,0,0,95.37,0.99,94.55,0.95,96.21,1.03,-1.66,-0.08
district,Koshi,Sankhuwasabha,Total,14 Year,3223,3,287,2040,685,0,0,0,94,75,10,0,0,28,0,0,0,0,0,1,93.55,0.87,92.76,0.95,94.41,0.78,-1.65,0.17
district,Koshi,Sankhuwasabha,Total,15 Year,3097,0,4,1433,1301,1,34,1,144,111,26,0,0,41,0,0,0,0,0,1,89.54,1.32,89.3,1.42,89.78,1.23,-0.48,0.19
district,Koshi,Sankhuwasabha,Total,16 Year,2461,0,0,818,1221,1,10,1,156,154,55,2,0,43,0,0,0,0,0,0,83.3,1.75,81.45,1.92,85.37,1.55,-3.92,0.37
district,Koshi,Sankhuwasabha,Total,17 Year,1997,0,2,398,913,2,6,1,210,291,118,1,0,55,0,0,0,0,0,0,66.15,2.75,67.51,2.44,64.46,3.14,3.05,-0.7
district,Koshi,Sankhuwasabha,Total,18 Year,1909,0,0,231,670,1,8,2,284,404,249,3,2,55,0,0,0,0,0,0,47.67,2.88,50.3,2.97,44.72,2.78,5.58,0.19
district,Koshi,Sankhuwasabha,Total,19 Year,1460,0,0,102,300,0,7,0,257,437,295,0,0,62,0,0,0,0,0,0,28.01,4.25,29.74,3.89,25.94,4.68,3.8,-0.79
district,Koshi,Sankhuwasabha,Total,20 Year,1653,0,0,0,165,1,12,1,344,591,441,4,4,90,0,0,0,0,0,0,10.77,5.44,13.15,4.69,8.24,6.24,4.91,-1.55
district,Koshi,Sankhuwasabha,Total,21 Year,1431,0,0,0,65,1,1,1,310,559,420,3,1,70,0,0,0,0,0,0,4.68,4.89,5.75,4.52,3.57,5.28,2.18,-0.76
district,Koshi,Sankhuwasabha,Total,22 Year,1670,0,0,0,39,2,3,5,389,629,510,4,5,82,0,0,0,0,0,2,2.63,4.91,2.68,4.08,2.58,5.78,0.1,-1.7
district,Koshi,Sankhuwasabha,Total,23 Year,1628,0,0,0,22,0,2,2,374,626,507,4,5,86,0,0,0,0,0,0,1.47,5.28,1.44,4.45,1.51,6.15,-0.07,-1.7
district,Koshi,Sankhuwasabha,Total,24 Year,1673,0,0,0,21,1,1,2,364,611,539,9,5,120,0,0,0,0,0,0,1.37,7.17,1.43,5.83,1.32,8.53,0.11,-2.7
district,Koshi,Sankhuwasabha,Total,25 Year,1912,0,0,0,0,2,2,1,434,716,611,9,5,132,0,0,0,0,0,0,0.21,6.9,0.21,5.68,0.21,8.12,0.0,-2.44
district,Koshi,Sankhuwasabha,Male,All Ages,26576,2262,8803,5194,2793,6,48,7,2323,2591,1779,16,15,731,0,0,0,0,2,6,71.89,2.75,71.89,2.75,71.92,2.96,-0.03,-0.21
district,Koshi,Sankhuwasabha,Male,5 Year,1567,1437,0,0,0,0,0,0,0,0,0,1,0,127,0,0,0,0,1,1,91.7,8.1,91.7,8.1,92.14,7.66,-0.44,0.44
district,Koshi,Sankhuwasabha,Male,6 Year,1603,546,995,0,0,0,0,0,1,0,0,0,2,59,0,0,0,0,0,0,96.13,3.68,96.13,3.68,96.89,2.83,-0.76,0.85
district,Koshi,Sankhuwasabha,Male,7 Year,1550,208,1302,0,0,0,0,0,4,0,0,0,0,36,0,0,0,0,0,0,97.42,2.32,97.42,2.32,98.04,1.9,-0.62,0.42
district,Koshi,Sankhuwasabha,Male,8 Year,1643,51,1565,0,0,0,0,0,5,0,0,0,0,21,0,0,0,0,1,0,98.36,1.28,98.36,1.28,98.34,1.34,0.02,-0.06
district,Koshi,Sankhuwasabha,Male,9 Year,1520,16,1481,0,0,0,0,0,7,0,0,0,1,15,0,0,0,0,0,0,98.49,0.99,98.49,0.99,98.76,1.02,-0.27,-0.03
district,Koshi,Sankhuwasabha,Male,10 Year,1650,2,1518,0,0,0,0,1,107,0,0,0,0,21,0,0,0,0,0,1,92.12,1.27,92.12,1.27,92.51,0.79,-0.39,0.48
district,Koshi,Sankhuwasabha,Male,11 Year,1410,0,872,451,0,0,0,0,69,1,0,0,0,17,0,0,0,0,0,0,93.83,1.21,93.83,1.21,94.64,1.08,-0.81,0.13
district,Koshi,Sankhuwasabha,Male,12 Year,1546,0,577,893,0,0,0,1,49,5,0,0,0,21,0,0,0,0,0,0,95.08,1.36,95.08,1.36,95.83,0.83,-0.75,0.53
district,Koshi,Sankhuwasabha,Male,13 Year,1579,1,333,1159,0,0,0,0,54,16,0,1,0,15,0,0,0,0,0,0,94.55,0.95,94.55,0.95,96.21,1.03,-1.66,-0.08
district,Koshi,Sankhuwasabha,Male,14 Year,1684,1,157,1080,324,0,0,0,61,36,8,0,0,16,0,0,0,0,0,1,92.76,0.95,92.76,0.95,94.41,0.78,-1.65,0.17
district,Koshi,Sankhuwasabha,Male,15 Year,1551,0,2,753,612,0,18,0,83,49,11,0,0,22,0,0,0,0,0,1,89.3,1.42,89.3,1.42,89.78,1.23,-0.48,0.19
district,Koshi,Sankhuwasabha,Male,16 Year,1299,0,0,428,624,1,5,0,110,81,23,2,0,25,0,0,0,0,0,0,81.45,1.92,81.45,1.92,85.37,1.55,-3.92,0.37
district,Koshi,Sankhuwasabha,Male,17 Year,1105,0,1,238,500,2,5,0,137,143,52,0,0,27,0,0,0,0,0,0,67.51,2.44,67.51,2.44,64.46,3.14,3.05,-0.7
district,Koshi,Sankhuwasabha,Male,18 Year,1010,0,0,133,370,1,4,2,175,209,84,1,1,30,0,0,0,0,0,0,50.3,2.97,50.3,2.97,44.72,2.78,5.58,0.19
district,Koshi,Sankhuwasabha,Male,19 Year,797,0,0,59,176,0,2,0,174,220,135,0,0,31,0,0,0,0,0,0,29.74,3.89,29.74,3.89,25.94,4.68,3.8,-0.79
district,Koshi,Sankhuwasabha,Male,20 Year,852,0,0,0,104,1,7,1,202,297,196,2,2,40,0,0,0,0,0,0,13.15,4.69,13.15,4.69,8.24,6.24,4.91,-1.55
district,Koshi,Sankhuwasabha,Male,21 Year,730,0,0,0,41,0,1,0,176,265,213,1,0,33,0,0,0,0,0,0,5.75,4.52,5.75,4.52,3.57,5.28,2.18,-0.76
district,Koshi,Sankhuwasabha,Male,22 Year,857,0,0,0,21,0,2,1,234,304,255,0,3,35,0,0,0,0,0,2,2.68,4.08,2.68,4.08,2.58,5.78,0.1,-1.7
district,Koshi,Sankhuwasabha,Male,23 Year,831,0,0,0,10,0,2,0,228,300,248,4,2,37,0,0,0,0,0,0,1.44,4.45,1.44,4.45,1.51,6.15,-0.07,-1.7
district,Koshi,Sankhuwasabha,Male,24 Year,841,0,0,0,11,0,1,1,208,309,255,4,3,49,0,0,0,0,0,0,1.43,5.83,1.43,5.83,1.32,8.53,0.11,-2.7
district,Koshi,Sankhuwasabha,Male,25 Year,951,0,0,0,0,1,1,0,239,356,299,0,1,54,0,0,0,0,0,0,0.21,5.68,0.21,5.68,0.21,8.12,0.0,-2.44
district,Koshi,Sankhuwasabha,Female,All Ages,25074,2050,8267,5063,2609,6,39,14,1574,2662,2002,26,19,742,0,0,0,0,1,0,71.92,2.96,71.89,2.75,71.92,2.96,-0.03,-0.21
district,Koshi,Sankhuwasabha,Female,5 Year,1527,1407,0,0,0,0,0,1,0,0,0,0,1,117,0,0,0,0,1,0,92.14,7.66,91.7,8.1,92.14,7.66,-0.44,0.44
district,Koshi,Sankhuwasabha,Female,6 Year,1414,438,932,0,0,0,0,0,4,0,0,0,0,40,0,0,0,0,0,0,96.89,2.83,96.13,3.68,96.89,2.83,-0.76,0.85
district,Koshi,Sankhuwasabha,Female,7 Year,1477,153,1295,0,0,0,0,0,1,0,0,0,0,28,0,0,0,0,0,0,98.04,1.9,97.42,2.32,98.04,1.9,-0.62,0.42
district,Koshi,Sankhuwasabha,Female,8 Year,1564,33,1505,0,0,0,0,0,2,0,0,1,2,21,0,0,0,0,0,0,98.34,1.34,98.36,1.28,98.34,1.34,0.02,-0.06
district,Koshi,Sankhuwasabha,Female,9 Year,1374,11,1346,0,0,0,0,0,3,0,0,0,0,14,0,0,0,0,0,0,98.76,1.02,98.49,0.99,98.76,1.02,-0.27,-0.03
district,Koshi,Sankhuwasabha,Female,10 Year,1523,3,1405,0,0,0,1,1,100,0,0,0,1,12,0,0,0,0,0,0,92.51,0.79,92.12,1.27,92.51,0.79,-0.39,0.48
district,Koshi,Sankhuwasabha,Female,11 Year,1475,0,925,471,0,0,0,0,57,6,0,0,0,16,0,0,0,0,0,0,94.64,1.08,93.83,1.21,94.64,1.08,-0.81,0.13
district,Koshi,Sankhuwasabha,Female,12 Year,1558,2,499,992,0,0,0,0,46,6,0,0,0,13,0,0,0,0,0,0,95.83,0.83,95.08,1.36,95.83,0.83,-0.75,0.53
district,Koshi,Sankhuwasabha,Female,13 Year,1556,1,227,1269,0,0,0,0,28,15,0,0,0,16,0,0,0,0,0,0,96.21,1.03,94.55,0.95,96.21,1.03,-1.66,-0.08
district,Koshi,Sankhuwasabha,Female,14 Year,1539,2,130,960,361,0,0,0,33,39,2,0,0,12,0,0,0,0,0,0,94.41,0.78,92.76,0.95,94.41,0.78,-1.65,0.17
district,Koshi,Sankhuwasabha,Female,15 Year,1546,0,2,680,689,1,16,1,61,62,15,0,0,19,0,0,0,0,0,0,89.78,1.23,89.3,1.42,89.78,1.23,-0.48,0.19
district,Koshi,Sankhuwasabha,Female,16 Year,1162,0,0,390,597,0,5,1,46,73,32,0,0,18,0,0,0,0,0,0,85.37,1.55,81.45,1.92,85.37,1.55,-3.92,0.37
district,Koshi,Sankhuwasabha,Female,17 Year,892,0,1,160,413,0,1,1,73,148,66,1,0,28,0,0,0,0,0,0,64.46,3.14,67.51,2.44,64.46,3.14,3.05,-0.7
district,Koshi,Sankhuwasabha,Female,18 Year,899,0,0,98,300,0,4,0,109,195,165,2,1,25,0,0,0,0,0,0,44.72,2.78,50.3,2.97,44.72,2.78,5.58,0.19
district,Koshi,Sankhuwasabha,Female,19 Year,663,0,0,43,124,0,5,0,83,217,160,0,0,31,0,0,0,0,0,0,25.94,4.68,29.74,3.89,25.94,4.68,3.8,-0.79
district,Koshi,Sankhuwasabha,Female,20 Year,801,0,0,0,61,0,5,0,142,294,245,2,2,50,0,0,0,0,0,0,8.24,6.24,13.15,4.69,8.24,6.24,4.91,-1.55
district,Koshi,Sankhuwasabha,Female,21 Year,701,0,0,0,24,1,0,1,134,294,207,2,1,37,0,0,0,0,0,0,3.57,5.28,5.75,4.52,3.57,5.28,2.18,-0.76
district,Koshi,Sankhuwasabha,Female,22 Year,813,0,0,0,18,2,1,4,155,325,255,4,2,47,0,0,0,0,0,0,2.58,5.78,2.68,4.08,2.58,5.78,0.1,-1.7
district,Koshi,Sankhuwasabha,Female,23 Year,797,0,0,0,12,0,0,2,146,326,259,0,3,49,0,0,0,0,0,0,1.51,6.15,1.44,4.45,1.51,6.15,-0.07,-1.7
district,Koshi,Sankhuwasabha,Female,24 Year,832,0,0,0,10,1,0,1,156,302,284,5,2,71,0,0,0,0,0,0,1.32,8.53,1.43,5.83,1.32,8.53,0.11,-2.7
district,Koshi,Sankhuwasabha,Female,25 Year,961,0,0,0,0,1,1,1,195,360,312,9,4,78,0,0,0,0,0,0,0.21,8.12,0.21,5.68,0.21,8.12,0.0,-2.44
district,Koshi,Solukhumbu,Total,All Ages,32508,2486,11155,6791,3579,56,98,21,2548,2787,1976,56,9,942,0,2,0,0,0,2,74.34,2.9,73.65,2.68,75.07,3.13,-1.42,-0.45
district,Koshi,Solukhumbu,Total,5 Year,1770,1598,0,0,0,0,0,3,0,0,0,0,0,168,0,0,0,0,0,1,90.28,9.49,89.63,10.26,90.94,8.72,-1.31,1.54
district,Koshi,Solukhumbu,Total,6 Year,1908,570,1252,0,0,1,3,0,3,0,0,1,1,77,0,0,0,0,0,0,95.7,4.04,95.91,3.78,95.48,4.31,0.43,-0.53
district,Koshi,Solukhumbu,Total,7 Year,1835,205,1574,0,0,2,1,0,5,0,0,0,0,48,0,0,0,0,0,0,97.11,2.62,97.0,2.67,97.22,2.57,-0.22,0.1
district,Koshi,Solukhumbu,Total,8 Year,1951,78,1839,0,0,3,1,0,8,0,0,0,0,22,0,0,0,0,0,0,98.46,1.13,98.49,1.13,98.43,1.12,0.06,0.01
district,Koshi,Solukhumbu,Total,9 Year,1901,22,1845,0,0,4,0,0,12,0,0,0,0,18,0,0,0,0,0,0,98.42,0.95,97.98,1.01,98.9,0.88,-0.92,0.13
district,Koshi,Solukhumbu,Total,10 Year,1971,4,1781,0,0,3,1,5,161,0,0,0,0,16,0,0,0,0,0,0,90.77,0.81,89.94,1.18,91.64,0.42,-1.7,0.76
district,Koshi,Solukhumbu,Total,11 Year,1846,0,1181,554,0,1,2,3,86,6,0,0,0,13,0,0,0,0,0,0,94.15,0.7,93.22,0.67,95.03,0.74,-1.81,-0.07
district,Koshi,Solukhumbu,Total,12 Year,2298,3,936,1231,0,2,4,4,76,21,0,1,0,20,0,0,0,0,0,0,94.69,0.87,93.49,0.86,95.93,0.88,-2.44,-0.02
district,Koshi,Solukhumbu,Total,13 Year,2101,1,497,1498,0,2,3,1,53,29,0,0,0,17,0,0,0,0,0,0,95.24,0.81,94.31,0.92,96.24,0.69,-1.93,0.23
district,Koshi,Solukhumbu,Total,14 Year,2157,5,230,1299,494,4,2,0,55,32,8,1,0,27,0,0,0,0,0,0,94.3,1.25,93.2,1.07,95.3,1.42,-2.1,-0.35
district,Koshi,Solukhumbu,Total,15 Year,2057,0,6,958,859,6,20,1,101,59,15,1,0,30,0,0,0,0,0,1,89.89,1.46,87.82,1.62,92.05,1.29,-4.23,0.33
district,Koshi,Solukhumbu,Total,16 Year,1623,0,5,592,775,3,7,0,118,80,25,1,0,17,0,0,0,0,0,0,85.15,1.05,83.87,1.15,86.62,0.93,-2.75,0.22
district,Koshi,Solukhumbu,Total,17 Year,1203,0,5,328,550,5,7,1,119,107,58,0,0,23,0,0,0,0,0,0,74.4,1.91,74.85,2.07,73.81,1.71,1.04,0.36
district,Koshi,Solukhumbu,Total,18 Year,1256,0,2,232,440,1,10,0,184,230,106,1,1,47,0,2,0,0,0,0,54.54,3.74,54.65,3.52,54.4,4.03,0.25,-0.51
district,Koshi,Solukhumbu,Total,19 Year,811,0,2,99,216,1,8,0,135,199,122,6,0,23,0,0,0,0,0,0,40.2,2.84,42.45,2.41,37.29,3.39,5.16,-0.98
district,Koshi,Solukhumbu,Total,20 Year,994,0,0,0,106,5,7,0,239,348,235,7,1,46,0,0,0,0,0,0,11.87,4.63,13.71,2.93,9.62,6.71,4.09,-3.78
district,Koshi,Solukhumbu,Total,21 Year,791,0,0,0,46,1,11,1,177,312,198,4,2,39,0,0,0,0,0,0,7.33,4.93,8.67,4.58,5.85,5.32,2.82,-0.74
district,Koshi,Solukhumbu,Total,22 Year,1007,0,0,0,50,3,5,1,260,343,281,4,1,59,0,0,0,0,0,0,5.76,5.86,6.11,5.15,5.38,6.63,0.73,-1.48
district,Koshi,Solukhumbu,Total,23 Year,911,0,0,0,24,1,0,1,212,331,268,9,2,63,0,0,0,0,0,0,2.74,6.92,3.16,5.49,2.29,8.47,0.87,-2.98
district,Koshi,Solukhumbu,Total,24 Year,1034,0,0,0,18,4,2,0,263,335,327,8,1,76,0,0,0,0,0,0,2.32,7.35,2.54,6.05,2.11,8.62,0.43,-2.57
district,Koshi,Solukhumbu,Total,25 Year,1083,0,0,0,1,4,4,0,281,355,333,12,0,93,0,0,0,0,0,0,0.83,8.59,1.11,5.9,0.55,11.28,0.56,-5.38
district,Koshi,Solukhumbu,Male,All Ages,16798,1269,5770,3417,1801,40,75,14,1514,1469,945,27,4,451,0,2,0,0,0,0,73.65,2.68,73.65,2.68,75.07,3.13,-1.42,-0.45
district,Koshi,Solukhumbu,Male,5 Year,887,795,0,0,0,0,0,1,0,0,0,0,0,91,0,0,0,0,0,0,89.63,10.26,89.63,10.26,90.94,8.72,-1.31,1.54
district,Koshi,Solukhumbu,Male,6 Year,979,303,633,0,0,1,2,0,2,0,0,1,0,37,0,0,0,0,0,0,95.91,3.78,95.91,3.78,95.48,4.31,0.43,-0.53
district,Koshi,Solukhumbu,Male,7 Year,900,106,765,0,0,2,0,0,3,0,0,0,0,24,0,0,0,0,0,0,97.0,2.67,97.0,2.67,97.22,2.57,-0.22,0.1
district,Koshi,Solukhumbu,Male,8 Year,1062,44,1000,0,0,2,0,0,4,0,0,0,0,12,0,0,0,0,0,0,98.49,1.13,98.49,1.13,98.43,1.12,0.06,0.01
district,Koshi,Solukhumbu,Male,9 Year,992,11,958,0,0,3,0,0,10,0,0,0,0,10,0,0,0,0,0,0,97.98,1.01,97.98,1.01,98.9,0.88,-0.92,0.13
district,Koshi,Solukhumbu,Male,10 Year,1014,3,905,0,0,3,1,4,86,0,0,0,0,12,0,0,0,0,0,0,89.94,1.18,89.94,1.18,91.64,0.42,-1.7,0.76
district,Koshi,Solukhumbu,Male,11 Year,900,0,585,251,0,1,2,2,51,2,0,0,0,6,0,0,0,0,0,0,93.22,0.67,93.22,0.67,95.03,0.74,-1.81,-0.07
district,Koshi,Solukhumbu,Male,12 Year,1168,2,523,562,0,2,3,2,52,11,0,1,0,10,0,0,0,0,0,0,93.49,0.86,93.49,0.86,95.93,0.88,-2.44,-0.02
district,Koshi,Solukhumbu,Male,13 Year,1090,1,265,758,0,2,2,1,33,18,0,0,0,10,0,0,0,0,0,0,94.31,0.92,94.31,0.92,96.24,0.69,-1.93,0.23
district,Koshi,Solukhumbu,Male,14 Year,1030,4,123,606,224,1,2,0,39,14,6,0,0,11,0,0,0,0,0,0,93.2,1.07,93.2,1.07,95.3,1.42,-2.1,-0.35
district,Koshi,Solukhumbu,Male,15 Year,1051,0,4,506,394,5,14,1,68,31,10,1,0,17,0,0,0,0,0,0,87.82,1.62,87.82,1.62,92.05,1.29,-4.23,0.33
district,Koshi,Solukhumbu,Male,16 Year,868,0,3,326,395,0,4,0,83,40,7,0,0,10,0,0,0,0,0,0,83.87,1.15,83.87,1.15,86.62,0.93,-2.75,0.22
district,Koshi,Solukhumbu,Male,17 Year,676,0,3,212,282,3,6,1,72,62,21,0,0,14,0,0,0,0,0,0,74.85,2.07,74.85,2.07,73.81,1.71,1.04,0.36
district,Koshi,Solukhumbu,Male,18 Year,710,0,2,137,238,1,10,0,124,127,43,0,1,25,0,2,0,0,0,0,54.65,3.52,54.65,3.52,54.4,4.03,0.25,-0.51
district,Koshi,Solukhumbu,Male,19 Year,457,0,1,59,127,0,7,0,93,99,56,4,0,11,0,0,0,0,0,0,42.45,2.41,42.45,2.41,37.29,3.39,5.16,-0.98
district,Koshi,Solukhumbu,Male,20 Year,547,0,0,0,66,4,5,0,154,185,114,3,0,16,0,0,0,0,0,0,13.71,2.93,13.71,2.93,9.62,6.71,4.09,-3.78
district,Koshi,Solukhumbu,Male,21 Year,415,0,0,0,27,1,8,0,104,165,88,2,1,19,0,0,0,0,0,0,8.67,4.58,8.67,4.58,5.85,5.32,2.82,-0.74
district,Koshi,Solukhumbu,Male,22 Year,524,0,0,0,26,3,3,1,142,178,140,3,1,27,0,0,0,0,0,0,6.11,5.15,6.11,5.15,5.38,6.63,0.73,-1.48
district,Koshi,Solukhumbu,Male,23 Year,474,0,0,0,14,1,0,1,124,181,123,3,1,26,0,0,0,0,0,0,3.16,5.49,3.16,5.49,2.29,8.47,0.87,-2.98
district,Koshi,Solukhumbu,Male,24 Year,512,0,0,0,8,3,2,0,130,166,167,5,0,31,0,0,0,0,0,0,2.54,6.05,2.54,6.05,2.11,8.62,0.43,-2.57
district,Koshi,Solukhumbu,Male,25 Year,542,0,0,0,0,2,4,0,140,190,170,4,0,32,0,0,0,0,0,0,1.11,5.9,1.11,5.9,0.55,11.28,0.56,-5.38
district,Koshi,Solukhumbu,Female,All Ages,15710,1217,5385,3374,1778,16,23,7,1034,1318,1031,29,5,491,0,0,0,0,0,2,75.07,3.13,73.65,2.68,75.07,3.13,-1.42,-0.45
district,Koshi,Solukhumbu,Female,5 Year,883,803,0,0,0,0,0,2,0,0,0,0,0,77,0,0,0,0,0,1,90.94,8.72,89.63,10.26,90.94,8.72,-1.31,1.54
district,Koshi,Solukhumbu,Female,6 Year,929,267,619,0,0,0,1,0,1,0,0,0,1,40,0,0,0,0,0,0,95.48,4.31,95.91,3.78,95.48,4.31,0.43,-0.53
district,Koshi,Solukhumbu,Female,7 Year,935,99,809,0,0,0,1,0,2,0,0,0,0,24,0,0,0,0,0,0,97.22,2.57,97.0,2.67,97.22,2.57,-0.22,0.1
district,Koshi,Solukhumbu,Female,8 Year,889,34,839,0,0,1,1,0,4,0,0,0,0,10,0,0,0,0,0,0,98.43,1.12,98.49,1.13,98.43,1.12,0.06,0.01
district,Koshi,Solukhumbu,Female,9 Year,909,11,887,0,0,1,0,0,2,0,0,0,0,8,0,0,0,0,0,0,98.9,0.88,97.98,1.01,98.9,0.88,-0.92,0.13
district,Koshi,Solukhumbu,Female,10 Year,957,1,876,0,0,0,0,1,75,0,0,0,0,4,0,0,0,0,0,0,91.64,0.42,89.94,1.18,91.64,0.42,-1.7,0.76
district,Koshi,Solukhumbu,Female,11 Year,946,0,596,303,0,0,0,1,35,4,0,0,0,7,0,0,0,0,0,0,95.03,0.74,93.22,0.67,95.03,0.74,-1.81,-0.07
district,Koshi,Solukhumbu,Female,12 Year,1130,1,413,669,0,0,1,2,24,10,0,0,0,10,0,0,0,0,0,0,95.93,0.88,93.49,0.86,95.93,0.88,-2.44,-0.02
district,Koshi,Solukhumbu,Female,13 Year,1011,0,232,740,0,0,1,0,20,11,0,0,0,7,0,0,0,0,0,0,96.24,0.69,94.31,0.92,96.24,0.69,-1.93,0.23
district,Koshi,Solukhumbu,Female,14 Year,1127,1,107,693,270,3,0,0,16,18,2,1,0,16,0,0,0,0,0,0,95.3,1.42,93.2,1.07,95.3,1.42,-2.1,-0.35
district,Koshi,Solukhumbu,Female,15 Year,1006,0,2,452,465,1,6,0,33,28,5,0,0,13,0,0,0,0,0,1,92.05,1.29,87.82,1.62,92.05,1.29,-4.23,0.33
district,Koshi,Solukhumbu,Female,16 Year,755,0,2,266,380,3,3,0,35,40,18,1,0,7,0,0,0,0,0,0,86.62,0.93,83.87,1.15,86.62,0.93,-2.75,0.22
district,Koshi,Solukhumbu,Female,17 Year,527,0,2,116,268,2,1,0,47,45,37,0,0,9,0,0,0,0,0,0,73.81,1.71,74.85,2.07,73.81,1.71,1.04,0.36
district,Koshi,Solukhumbu,Female,18 Year,546,0,0,95,202,0,0,0,60,103,63,1,0,22,0,0,0,0,0,0,54.4,4.03,54.65,3.52,54.4,4.03,0.25,-0.51
district,Koshi,Solukhumbu,Female,19 Year,354,0,1,40,89,1,1,0,42,100,66,2,0,12,0,0,0,0,0,0,37.29,3.39,42.45,2.41,37.29,3.39,5.16,-0.98
district,Koshi,Solukhumbu,Female,20 Year,447,0,0,0,40,1,2,0,85,163,121,4,1,30,0,0,0,0,0,0,9.62,6.71,13.71,2.93,9.62,6.71,4.09,-3.78
district,Koshi,Solukhumbu,Female,21 Year,376,0,0,0,19,0,3,1,73,147,110,2,1,20,0,0,0,0,0,0,5.85,5.32,8.67,4.58,5.85,5.32,2.82,-0.74
district,Koshi,Solukhumbu,Female,22 Year,483,0,0,0,24,0,2,0,118,165,141,1,0,32,0,0,0,0,0,0,5.38,6.63,6.11,5.15,5.38,6.63,0.73,-1.48
district,Koshi,Solukhumbu,Female,23 Year,437,0,0,0,10,0,0,0,88,150,145,6,1,37,0,0,0,0,0,0,2.29,8.47,3.16,5.49,2.29,8.47,0.87,-2.98
district,Koshi,Solukhumbu,Female,24 Year,522,0,0,0,10,1,0,0,133,169,160,3,1,45,0,0,0,0,0,0,2.11,8.62,2.54,6.05,2.11,8.62,0.43,-2.57
district,Koshi,Solukhumbu,Female,25 Year,541,0,0,0,1,2,0,0,141,165,163,8,0,61,0,0,0,0,0,0,0.55,11.28,1.11,5.9,0.55,11.28,0.56,-5.38
district,Koshi,Okhaldhunga,Total,All Ages,41919,2780,13552,8846,5596,35,57,24,2796,3426,3253,67,32,1453,0,1,0,0,0,1,73.63,3.47,73.5,3.14,73.77,3.8,-0.27,-0.66
district,Koshi,Okhaldhunga,Total,5 Year,2146,1940,0,0,0,0,0,10,0,0,0,0,1,194,0,0,0,0,0,1,90.4,9.04,89.29,10.35,91.56,7.69,-2.27,2.66
district,Koshi,Okhaldhunga,Total,6 Year,2366,537,1742,0,0,0,0,0,9,0,0,0,0,78,0,0,0,0,0,0,96.32,3.3,96.3,3.61,96.34,2.99,-0.04,0.62
district,Koshi,Okhaldhunga,Total,7 Year,2230,189,1986,0,0,0,0,0,8,0,0,0,0,47,0,0,0,0,0,0,97.53,2.11,97.45,2.19,97.61,2.03,-0.16,0.16
district,Koshi,Okhaldhunga,Total,8 Year,2404,72,2282,0,0,0,0,0,19,0,0,1,0,29,0,1,0,0,0,0,97.92,1.21,98.07,1.18,97.78,1.24,0.29,-0.06
district,Koshi,Okhaldhunga,Total,9 Year,2311,32,2234,0,0,0,0,0,13,0,0,0,1,31,0,0,0,0,0,0,98.05,1.34,98.08,1.22,98.03,1.46,0.05,-0.24
district,Koshi,Okhaldhunga,Total,10 Year,2621,3,2374,0,0,0,1,2,194,0,0,0,1,46,0,0,0,0,0,0,90.73,1.76,89.75,1.99,91.86,1.48,-2.11,0.51
district,Koshi,Okhaldhunga,Total,11 Year,2228,1,1278,820,0,1,0,1,89,11,0,1,0,26,0,0,0,0,0,0,94.25,1.17,93.15,1.33,95.38,1.0,-2.23,0.33
district,Koshi,Okhaldhunga,Total,12 Year,2848,1,953,1761,0,0,0,0,65,30,0,0,0,38,0,0,0,0,0,0,95.33,1.33,95.01,1.57,95.66,1.08,-0.65,0.49
district,Koshi,Okhaldhunga,Total,13 Year,2763,3,463,2148,0,0,0,1,63,43,0,1,0,41,0,0,0,0,0,0,94.61,1.48,93.76,1.78,95.41,1.2,-1.65,0.58
district,Koshi,Okhaldhunga,Total,14 Year,2976,2,239,1764,822,1,0,0,63,39,19,0,0,27,0,0,0,0,0,0,95.03,0.91,94.79,0.92,95.28,0.89,-0.49,0.03
district,Koshi,Okhaldhunga,Total,15 Year,2775,0,0,1135,1370,13,10,1,108,59,36,0,0,43,0,0,0,0,0,0,91.1,1.55,89.14,1.71,93.09,1.38,-3.95,0.33
district,Koshi,Okhaldhunga,Total,16 Year,2287,0,1,646,1302,2,5,1,114,120,54,2,0,40,0,0,0,0,0,0,85.53,1.75,84.09,2.14,87.03,1.34,-2.94,0.8
district,Koshi,Okhaldhunga,Total,17 Year,1486,0,0,289,809,2,5,0,112,135,91,0,1,42,0,0,0,0,0,0,74.36,2.83,73.32,3.24,75.49,2.38,-2.17,0.86
district,Koshi,Okhaldhunga,Total,18 Year,1559,0,0,181,645,4,10,0,218,242,197,1,1,60,0,0,0,0,0,0,53.88,3.85,55.19,3.62,52.39,4.1,2.8,-0.48
district,Koshi,Okhaldhunga,Total,19 Year,1064,0,0,102,283,2,2,0,163,256,205,0,1,50,0,0,0,0,0,0,36.56,4.7,39.61,4.05,33.06,5.44,6.55,-1.39
district,Koshi,Okhaldhunga,Total,20 Year,1360,0,0,0,160,1,6,1,258,429,388,12,6,99,0,0,0,0,0,0,12.28,7.28,13.2,6.6,11.31,7.99,1.89,-1.39
district,Koshi,Okhaldhunga,Total,21 Year,1033,0,0,0,70,1,2,0,206,338,329,6,3,78,0,0,0,0,0,0,7.07,7.55,8.16,4.66,5.98,10.42,2.18,-5.76
district,Koshi,Okhaldhunga,Total,22 Year,1324,0,0,0,64,3,6,3,261,429,450,8,0,100,0,0,0,0,0,0,5.51,7.55,6.05,4.39,4.98,10.71,1.07,-6.32
district,Koshi,Okhaldhunga,Total,23 Year,1230,0,0,0,36,0,4,0,249,394,426,7,3,111,0,0,0,0,0,0,3.25,9.02,3.96,5.85,2.62,11.86,1.34,-6.01
district,Koshi,Okhaldhunga,Total,24 Year,1389,0,0,0,35,1,2,0,283,449,481,12,5,121,0,0,0,0,0,0,2.74,8.71,3.53,6.21,1.91,11.31,1.62,-5.1
district,Koshi,Okhaldhunga,Total,25 Year,1519,0,0,0,0,4,4,4,301,452,577,16,9,152,0,0,0,0,0,0,0.53,10.01,0.55,6.75,0.5,12.99,0.05,-6.24
district,Koshi,Okhaldhunga,Male,All Ages,21168,1416,6896,4444,2754,20,28,10,1515,1833,1548,24,14,664,0,1,0,0,0,1,73.5,3.14,73.5,3.14,73.77,3.8,-0.27,-0.66
district,Koshi,Okhaldhunga,Male,5 Year,1092,975,0,0,0,0,0,3,0,0,0,0,0,113,0,0,0,0,0,1,89.29,10.35,89.29,10.35,91.56,7.69,-2.27,2.66
district,Koshi,Okhaldhunga,Male,6 Year,1163,279,841,0,0,0,0,0,1,0,0,0,0,42,0,0,0,0,0,0,96.3,3.61,96.3,3.61,96.34,2.99,-0.04,0.62
district,Koshi,Okhaldhunga,Male,7 Year,1098,104,966,0,0,0,0,0,4,0,0,0,0,24,0,0,0,0,0,0,97.45,2.19,97.45,2.19,97.61,2.03,-0.16,0.16
district,Koshi,Okhaldhunga,Male,8 Year,1190,36,1131,0,0,0,0,0,8,0,0,0,0,14,0,1,0,0,0,0,98.07,1.18,98.07,1.18,97.78,1.24,0.29,-0.06
district,Koshi,Okhaldhunga,Male,9 Year,1146,16,1108,0,0,0,0,0,7,0,0,0,1,14,0,0,0,0,0,0,98.08,1.22,98.08,1.22,98.03,1.46,0.05,-0.24
district,Koshi,Okhaldhunga,Male,10 Year,1405,1,1259,0,0,0,1,0,115,0,0,0,1,28,0,0,0,0,0,0,89.75,1.99,89.75,1.99,91.86,1.48,-2.11,0.51
district,Koshi,Okhaldhunga,Male,11 Year,1124,0,664,382,0,1,0,1,54,7,0,0,0,15,0,0,0,0,0,0,93.15,1.33,93.15,1.33,95.38,1.0,-2.23,0.33
district,Koshi,Okhaldhunga,Male,12 Year,1464,1,547,843,0,0,0,0,34,16,0,0,0,23,0,0,0,0,0,0,95.01,1.57,95.01,1.57,95.66,1.08,-0.65,0.49
district,Koshi,Okhaldhunga,Male,13 Year,1346,2,249,1011,0,0,0,0,42,18,0,0,0,24,0,0,0,0,0,0,93.76,1.78,93.76,1.78,95.41,1.2,-1.65,0.58
district,Koshi,Okhaldhunga,Male,14 Year,1515,2,131,918,385,0,0,0,34,21,10,0,0,14,0,0,0,0,0,0,94.79,0.92,94.79,0.92,95.28,0.89,-0.49,0.03
district,Koshi,Okhaldhunga,Male,15 Year,1400,0,0,600,632,11,5,1,76,36,15,0,0,24,0,0,0,0,0,0,89.14,1.71,89.14,1.71,93.09,1.38,-3.95,0.33
district,Koshi,Okhaldhunga,Male,16 Year,1169,0,0,354,626,2,1,1,73,67,20,0,0,25,0,0,0,0,0,0,84.09,2.14,84.09,2.14,87.03,1.34,-2.94,0.8
district,Koshi,Okhaldhunga,Male,17 Year,772,0,0,160,402,1,3,0,69,71,41,0,0,25,0,0,0,0,0,0,73.32,3.24,73.32,3.24,75.49,2.38,-2.17,0.86
district,Koshi,Okhaldhunga,Male,18 Year,828,0,0,113,339,1,4,0,120,127,93,1,0,30,0,0,0,0,0,0,55.19,3.62,55.19,3.62,52.39,4.1,2.8,-0.48
district,Koshi,Okhaldhunga,Male,19 Year,568,0,0,63,161,0,1,0,82,148,90,0,0,23,0,0,0,0,0,0,39.61,4.05,39.61,4.05,33.06,5.44,6.55,-1.39
district,Koshi,Okhaldhunga,Male,20 Year,697,0,0,0,89,1,2,0,139,221,190,6,3,46,0,0,0,0,0,0,13.2,6.6,13.2,6.6,11.31,7.99,1.89,-1.39
district,Koshi,Okhaldhunga,Male,21 Year,515,0,0,0,40,0,2,0,118,179,147,4,1,24,0,0,0,0,0,0,8.16,4.66,8.16,4.66,5.98,10.42,2.18,-5.76
district,Koshi,Okhaldhunga,Male,22 Year,661,0,0,0,35,1,4,2,147,220,220,3,0,29,0,0,0,0,0,0,6.05,4.39,6.05,4.39,4.98,10.71,1.07,-6.32
district,Koshi,Okhaldhunga,Male,23 Year,581,0,0,0,21,0,2,0,109,206,206,2,1,34,0,0,0,0,0,0,3.96,5.85,3.96,5.85,2.62,11.86,1.34,-6.01
district,Koshi,Okhaldhunga,Male,24 Year,708,0,0,0,24,0,1,0,149,250,231,4,5,44,0,0,0,0,0,0,3.53,6.21,3.53,6.21,1.91,11.31,1.62,-5.1
district,Koshi,Okhaldhunga,Male,25 Year,726,0,0,0,0,2,2,2,134,246,285,4,2,49,0,0,0,0,0,0,0.55,6.75,0.55,6.75,0.5,12.99,0.05,-6.24
district,Koshi,Okhaldhunga,Female,All Ages,20751,1364,6656,4402,2842,15,29,14,1281,1593,1705,43,18,789,0,0,0,0,0,0,73.77,3.8,73.5,3.14,73.77,3.8,-0.27,-0.66
district,Koshi,Okhaldhunga,Female,5 Year,1054,965,0,0,0,0,0,7,0,0,0,0,1,81,0,0,0,0,0,0,91.56,7.69,89.29,10.35,91.56,7.69,-2.27,2.66
district,Koshi,Okhaldhunga,Female,6 Year,1203,258,901,0,0,0,0,0,8,0,0,0,0,36,0,0,0,0,0,0,96.34,2.99,96.3,3.61,96.34,2.99,-0.04,0.62
district,Koshi,Okhaldhunga,Female,7 Year,1132,85,1020,0,0,0,0,0,4,0,0,0,0,23,0,0,0,0,0,0,97.61,2.03,97.45,2.19,97.61,2.03,-0.16,0.16
district,Koshi,Okhaldhunga,Female,8 Year,1214,36,1151,0,0,0,0,0,11,0,0,1,0,15,0,0,0,0,0,0,97.78,1.24,98.07,1.18,97.78,1.24,0.29,-0.06
district,Koshi,Okhaldhunga,Female,9 Year,1165,16,1126,0,0,0,0,0,6,0,0,0,0,17,0,0,0,0,0,0,98.03,1.46,98.08,1.22,98.03,1.46,0.05,-0.24
district,Koshi,Okhaldhunga,Female,10 Year,1216,2,1115,0,0,0,0,2,79,0,0,0,0,18,0,0,0,0,0,0,91.86,1.48,89.75,1.99,91.86,1.48,-2.11,0.51
district,Koshi,Okhaldhunga,Female,11 Year,1104,1,614,438,0,0,0,0,35,4,0,1,0,11,0,0,0,0,0,0,95.38,1.0,93.15,1.33,95.38,1.0,-2.23,0.33
district,Koshi,Okhaldhunga,Female,12 Year,1384,0,406,918,0,0,0,0,31,14,0,0,0,15,0,0,0,0,0,0,95.66,1.08,95.01,1.57,95.66,1.08,-0.65,0.49
district,Koshi,Okhaldhunga,Female,13 Year,1417,1,214,1137,0,0,0,1,21,25,0,1,0,17,0,0,0,0,0,0,95.41,1.2,93.76,1.78,95.41,1.2,-1.65,0.58
district,Koshi,Okhaldhunga,Female,14 Year,1461,0,108,846,437,1,0,0,29,18,9,0,0,13,0,0,0,0,0,0,95.28,0.89,94.79,0.92,95.28,0.89,-0.49,0.03
district,Koshi,Okhaldhunga,Female,15 Year,1375,0,0,535,738,2,5,0,32,23,21,0,0,19,0,0,0,0,0,0,93.09,1.38,89.14,1.71,93.09,1.38,-3.95,0.33
district,Koshi,Okhaldhunga,Female,16 Year,1118,0,1,292,676,0,4,0,41,53,34,2,0,15,0,0,0,0,0,0,87.03,1.34,84.09,2.14,87.03,1.34,-2.94,0.8
district,Koshi,Okhaldhunga,Female,17 Year,714,0,0,129,407,1,2,0,43,64,50,0,1,17,0,0,0,0,0,0,75.49,2.38,73.32,3.24,75.49,2.38,-2.17,0.86
district,Koshi,Okhaldhunga,Female,18 Year,731,0,0,68,306,3,6,0,98,115,104,0,1,30,0,0,0,0,0,0,52.39,4.1,55.19,3.62,52.39,4.1,2.8,-0.48
district,Koshi,Okhaldhunga,Female,19 Year,496,0,0,39,122,2,1,0,81,108,115,0,1,27,0,0,0,0,0,0,33.06,5.44,39.61,4.05,33.06,5.44,6.55,-1.39
district,Koshi,Okhaldhunga,Female,20 Year,663,0,0,0,71,0,4,1,119,208,198,6,3,53,0,0,0,0,0,0,11.31,7.99,13.2,6.6,11.31,7.99,1.89,-1.39
district,Koshi,Okhaldhunga,Female,21 Year,518,0,0,0,30,1,0,0,88,159,182,2,2,54,0,0,0,0,0,0,5.98,10.42,8.16,4.66,5.98,10.42,2.18,-5.76
district,Koshi,Okhaldhunga,Female,22 Year,663,0,0,0,29,2,2,1,114,209,230,5,0,71,0,0,0,0,0,0,4.98,10.71,6.05,4.39,4.98,10.71,1.07,-6.32
district,Koshi,Okhaldhunga,Female,23 Year,649,0,0,0,15,0,2,0,140,188,220,5,2,77,0,0,0,0,0,0,2.62,11.86,3.96,5.85,2.62,11.86,1.34,-6.01
district,Koshi,Okhaldhunga,Female,24 Year,681,0,0,0,11,1,1,0,134,199,250,8,0,77,0,0,0,0,0,0,1.91,11.31,3.53,6.21,1.91,11.31,1.62,-5.1
district,Koshi,Okhaldhunga,Female,25 Year,793,0,0,0,0,2,2,2,167,206,292,12,7,103,0,0,0,0,0,0,0.5,12.99,0.55,6.75,0.5,12.99,0.05,-6.24
district,Koshi,Khotang,Total,All Ages,58352,4187,18798,12054,7142,33,84,41,3167,4650,6153,28,17,1995,0,0,0,0,0,3,72.49,3.42,72.08,3.39,72.91,3.45,-0.83,-0.06
district,Koshi,Khotang,Total,5 Year,3294,2930,0,0,0,0,0,10,0,0,0,1,0,352,0,0,0,0,0,1,88.95,10.69,89.16,10.55,88.74,10.83,0.42,-0.28
district,Koshi,Khotang,Total,6 Year,3334,853,2314,0,0,1,0,1,11,0,0,0,0,154,0,0,0,0,0,0,95.02,4.62,94.27,5.27,95.82,3.94,-1.55,1.33
district,Koshi,Khotang,Total,7 Year,3241,273,2869,0,0,0,0,0,12,0,0,1,0,86,0,0,0,0,0,0,96.95,2.65,97.11,2.64,96.78,2.66,0.33,-0.02
district,Koshi,Khotang,Total,8 Year,3361,82,3155,0,0,0,0,0,24,0,0,0,0,100,0,0,0,0,0,0,96.31,2.98,95.63,3.6,97.0,2.34,-1.37,1.26
district,Koshi,Khotang,Total,9 Year,3324,32,3222,0,0,0,0,0,20,0,0,0,1,49,0,0,0,0,0,0,97.89,1.47,97.46,1.7,98.33,1.26,-0.87,0.44
district,Koshi,Khotang,Total,10 Year,3440,8,3133,0,0,1,0,3,239,0,0,1,0,55,0,0,0,0,0,0,91.34,1.6,90.47,1.62,92.22,1.58,-1.75,0.04
district,Koshi,Khotang,Total,11 Year,3164,3,1856,1115,0,0,0,1,131,10,0,0,0,48,0,0,0,0,0,0,93.99,1.52,93.52,1.68,94.49,1.35,-0.97,0.33
district,Koshi,Khotang,Total,12 Year,3854,4,1274,2386,0,0,0,5,106,30,0,0,1,48,0,0,0,0,0,0,95.07,1.25,95.18,1.03,94.97,1.44,0.21,-0.41
district,Koshi,Khotang,Total,13 Year,3664,1,638,2844,0,0,0,1,75,51,0,0,0,53,0,0,0,0,0,1,95.06,1.45,94.83,1.47,95.29,1.42,-0.46,0.05
district,Koshi,Khotang,Total,14 Year,3905,1,337,2375,986,0,0,3,80,49,15,1,0,58,0,0,0,0,0,0,94.72,1.49,93.76,1.58,95.69,1.39,-1.93,0.19
district,Koshi,Khotang,Total,15 Year,3594,0,0,1562,1646,12,15,1,140,104,47,0,0,66,0,0,0,0,0,1,90.01,1.84,89.36,2.3,90.68,1.36,-1.32,0.94
district,Koshi,Khotang,Total,16 Year,2873,0,0,871,1543,1,11,4,153,149,89,0,0,52,0,0,0,0,0,0,84.44,1.81,83.74,1.81,85.2,1.81,-1.46,0.0
district,Koshi,Khotang,Total,17 Year,2259,0,0,452,1130,0,11,1,176,251,173,1,2,62,0,0,0,0,0,0,70.52,2.74,71.97,2.85,68.89,2.63,3.08,0.22
district,Koshi,Khotang,Total,18 Year,2403,0,0,319,898,1,2,2,263,425,395,0,0,98,0,0,0,0,0,0,50.77,4.08,50.42,4.23,51.18,3.9,-0.76,0.33
district,Koshi,Khotang,Total,19 Year,1681,0,0,130,402,3,3,0,189,421,474,0,0,59,0,0,0,0,0,0,32.0,3.51,33.56,3.44,30.22,3.59,3.34,-0.15
district,Koshi,Khotang,Total,20 Year,1939,0,0,0,247,1,16,2,248,543,751,5,3,123,0,0,0,0,0,0,13.62,6.34,14.67,6.32,12.42,6.37,2.25,-0.05
district,Koshi,Khotang,Total,21 Year,1661,0,0,0,100,5,9,2,259,498,687,3,2,96,0,0,0,0,0,0,6.86,5.78,7.69,5.2,5.92,6.44,1.77,-1.24
district,Koshi,Khotang,Total,22 Year,1874,0,0,0,96,4,12,2,267,556,838,8,3,88,0,0,0,0,0,0,5.98,4.7,6.56,4.27,5.37,5.15,1.19,-0.88
district,Koshi,Khotang,Total,23 Year,1801,0,0,0,49,1,2,1,242,523,861,2,0,120,0,0,0,0,0,0,2.89,6.66,3.12,5.35,2.66,7.97,0.46,-2.62
district,Koshi,Khotang,Total,24 Year,1761,0,0,0,45,0,2,1,236,532,845,2,1,97,0,0,0,0,0,0,2.67,5.51,3.74,5.26,1.66,5.75,2.08,-0.49
district,Koshi,Khotang,Total,25 Year,1925,0,0,0,0,3,1,1,296,508,978,3,4,131,0,0,0,0,0,0,0.21,6.81,0.21,4.2,0.21,9.36,0.0,-5.16
district,Koshi,Khotang,Male,All Ages,29613,2191,9474,6044,3567,17,52,15,1827,2432,2976,6,7,1004,0,0,0,0,0,1,72.08,3.39,72.08,3.39,72.91,3.45,-0.83,-0.06
district,Koshi,Khotang,Male,5 Year,1669,1488,0,0,0,0,0,4,0,0,0,0,0,176,0,0,0,0,0,1,89.16,10.55,89.16,10.55,88.74,10.83,0.42,-0.28
district,Koshi,Khotang,Male,6 Year,1709,477,1133,0,0,1,0,1,7,0,0,0,0,90,0,0,0,0,0,0,94.27,5.27,94.27,5.27,95.82,3.94,-1.55,1.33
district,Koshi,Khotang,Male,7 Year,1627,155,1425,0,0,0,0,0,4,0,0,0,0,43,0,0,0,0,0,0,97.11,2.64,97.11,2.64,96.78,2.66,0.33,-0.02
district,Koshi,Khotang,Male,8 Year,1693,44,1575,0,0,0,0,0,13,0,0,0,0,61,0,0,0,0,0,0,95.63,3.6,95.63,3.6,97.0,2.34,-1.37,1.26
district,Koshi,Khotang,Male,9 Year,1651,20,1589,0,0,0,0,0,13,0,0,0,1,28,0,0,0,0,0,0,97.46,1.7,97.46,1.7,98.33,1.26,-0.87,0.44
district,Koshi,Khotang,Male,10 Year,1731,3,1562,0,0,1,0,0,136,0,0,1,0,28,0,0,0,0,0,0,90.47,1.62,90.47,1.62,92.22,1.58,-1.75,0.04
district,Koshi,Khotang,Male,11 Year,1604,1,987,512,0,0,0,0,71,6,0,0,0,27,0,0,0,0,0,0,93.52,1.68,93.52,1.68,94.49,1.35,-0.97,0.33
district,Koshi,Khotang,Male,12 Year,1846,3,657,1097,0,0,0,2,52,16,0,0,0,19,0,0,0,0,0,0,95.18,1.03,95.18,1.03,94.97,1.44,0.21,-0.41
district,Koshi,Khotang,Male,13 Year,1838,0,348,1395,0,0,0,0,47,21,0,0,0,27,0,0,0,0,0,0,94.83,1.47,94.83,1.47,95.29,1.42,-0.46,0.05
district,Koshi,Khotang,Male,14 Year,1956,0,198,1198,438,0,0,1,53,26,11,0,0,31,0,0,0,0,0,0,93.76,1.58,93.76,1.58,95.69,1.39,-1.93,0.19
district,Koshi,Khotang,Male,15 Year,1824,0,0,860,756,6,8,1,83,50,18,0,0,42,0,0,0,0,0,0,89.36,2.3,89.36,2.3,90.68,1.36,-1.32,0.94
district,Koshi,Khotang,Male,16 Year,1488,0,0,473,766,1,6,1,101,69,44,0,0,27,0,0,0,0,0,0,83.74,1.81,83.74,1.81,85.2,1.81,-1.46,0.0
district,Koshi,Khotang,Male,17 Year,1195,0,0,259,594,0,7,0,105,132,62,1,1,34,0,0,0,0,0,0,71.97,2.85,71.97,2.85,68.89,2.63,3.08,0.22
district,Koshi,Khotang,Male,18 Year,1301,0,0,177,476,1,2,2,169,236,183,0,0,55,0,0,0,0,0,0,50.42,4.23,50.42,4.23,51.18,3.9,-0.76,0.33
district,Koshi,Khotang,Male,19 Year,900,0,0,73,227,1,1,0,124,224,219,0,0,31,0,0,0,0,0,0,33.56,3.44,33.56,3.44,30.22,3.59,3.34,-0.15
district,Koshi,Khotang,Male,20 Year,1029,0,0,0,139,1,11,0,142,301,366,2,2,65,0,0,0,0,0,0,14.67,6.32,14.67,6.32,12.42,6.37,2.25,-0.05
district,Koshi,Khotang,Male,21 Year,884,0,0,0,59,2,7,1,160,269,338,1,1,46,0,0,0,0,0,0,7.69,5.2,7.69,5.2,5.92,6.44,1.77,-1.24
district,Koshi,Khotang,Male,22 Year,961,0,0,0,56,1,6,1,136,300,419,1,0,41,0,0,0,0,0,0,6.56,4.27,6.56,4.27,5.37,5.15,1.19,-0.88
district,Koshi,Khotang,Male,23 Year,898,0,0,0,25,1,2,1,132,267,422,0,0,48,0,0,0,0,0,0,3.12,5.35,3.12,5.35,2.66,7.97,0.46,-2.62
district,Koshi,Khotang,Male,24 Year,856,0,0,0,31,0,1,0,120,249,410,0,0,45,0,0,0,0,0,0,3.74,5.26,3.74,5.26,1.66,5.75,2.08,-0.49
district,Koshi,Khotang,Male,25 Year,953,0,0,0,0,1,1,0,159,266,484,0,2,40,0,0,0,0,0,0,0.21,4.2,0.21,4.2,0.21,9.36,0.0,-5.16
district,Koshi,Khotang,Female,All Ages,28739,1996,9324,6010,3575,16,32,26,1340,2218,3177,22,10,991,0,0,0,0,0,2,72.91,3.45,72.08,3.39,72.91,3.45,-0.83,-0.06
district,Koshi,Khotang,Female,5 Year,1625,1442,0,0,0,0,0,6,0,0,0,1,0,176,0,0,0,0,0,0,88.74,10.83,89.16,10.55,88.74,10.83,0.42,-0.28
district,Koshi,Khotang,Female,6 Year,1625,376,1181,0,0,0,0,0,4,0,0,0,0,64,0,0,0,0,0,0,95.82,3.94,94.27,5.27,95.82,3.94,-1.55,1.33
district,Koshi,Khotang,Female,7 Year,1614,118,1444,0,0,0,0,0,8,0,0,1,0,43,0,0,0,0,0,0,96.78,2.66,97.11,2.64,96.78,2.66,0.33,-0.02
district,Koshi,Khotang,Female,8 Year,1668,38,1580,0,0,0,0,0,11,0,0,0,0,39,0,0,0,0,0,0,97.0,2.34,95.63,3.6,97.0,2.34,-1.37,1.26
district,Koshi,Khotang,Female,9 Year,1673,12,1633,0,0,0,0,0,7,0,0,0,0,21,0,0,0,0,0,0,98.33,1.26,97.46,1.7,98.33,1.26,-0.87,0.44
district,Koshi,Khotang,Female,10 Year,1709,5,1571,0,0,0,0,3,103,0,0,0,0,27,0,0,0,0,0,0,92.22,1.58,90.47,1.62,92.22,1.58,-1.75,0.04
district,Koshi,Khotang,Female,11 Year,1560,2,869,603,0,0,0,1,60,4,0,0,0,21,0,0,0,0,0,0,94.49,1.35,93.52,1.68,94.49,1.35,-0.97,0.33
district,Koshi,Khotang,Female,12 Year,2008,1,617,1289,0,0,0,3,54,14,0,0,1,29,0,0,0,0,0,0,94.97,1.44,95.18,1.03,94.97,1.44,0.21,-0.41
district,Koshi,Khotang,Female,13 Year,1826,1,290,1449,0,0,0,1,28,30,0,0,0,26,0,0,0,0,0,1,95.29,1.42,94.83,1.47,95.29,1.42,-0.46,0.05
district,Koshi,Khotang,Female,14 Year,1949,1,139,1177,548,0,0,2,27,23,4,1,0,27,0,0,0,0,0,0,95.69,1.39,93.76,1.58,95.69,1.39,-1.93,0.19
district,Koshi,Khotang,Female,15 Year,1770,0,0,702,890,6,7,0,57,54,29,0,0,24,0,0,0,0,0,1,90.68,1.36,89.36,2.3,90.68,1.36,-1.32,0.94
district,Koshi,Khotang,Female,16 Year,1385,0,0,398,777,0,5,3,52,80,45,0,0,25,0,0,0,0,0,0,85.2,1.81,83.74,1.81,85.2,1.81,-1.46,0.0
district,Koshi,Khotang,Female,17 Year,1064,0,0,193,536,0,4,1,71,119,111,0,1,28,0,0,0,0,0,0,68.89,2.63,71.97,2.85,68.89,2.63,3.08,0.22
district,Koshi,Khotang,Female,18 Year,1102,0,0,142,422,0,0,0,94,189,212,0,0,43,0,0,0,0,0,0,51.18,3.9,50.42,4.23,51.18,3.9,-0.76,0.33
district,Koshi,Khotang,Female,19 Year,781,0,0,57,175,2,2,0,65,197,255,0,0,28,0,0,0,0,0,0,30.22,3.59,33.56,3.44,30.22,3.59,3.34,-0.15
district,Koshi,Khotang,Female,20 Year,910,0,0,0,108,0,5,2,106,242,385,3,1,58,0,0,0,0,0,0,12.42,6.37,14.67,6.32,12.42,6.37,2.25,-0.05
district,Koshi,Khotang,Female,21 Year,777,0,0,0,41,3,2,1,99,229,349,2,1,50,0,0,0,0,0,0,5.92,6.44,7.69,5.2,5.92,6.44,1.77,-1.24
district,Koshi,Khotang,Female,22 Year,913,0,0,0,40,3,6,1,131,256,419,7,3,47,0,0,0,0,0,0,5.37,5.15,6.56,4.27,5.37,5.15,1.19,-0.88
district,Koshi,Khotang,Female,23 Year,903,0,0,0,24,0,0,0,110,256,439,2,0,72,0,0,0,0,0,0,2.66,7.97,3.12,5.35,2.66,7.97,0.46,-2.62
district,Koshi,Khotang,Female,24 Year,905,0,0,0,14,0,1,1,116,283,435,2,1,52,0,0,0,0,0,0,1.66,5.75,3.74,5.26,1.66,5.75,2.08,-0.49
district,Koshi,Khotang,Female,25 Year,972,0,0,0,0,2,0,1,137,242,494,3,2,91,0,0,0,0,0,0,0.21,9.36,0.21,4.2,0.21,9.36,0.0,-5.16
district,Koshi,Bhojpur,Total,All Ages,50770,3704,16595,10242,4944,20,85,25,3269,5011,5617,27,29,1196,0,0,0,0,0,6,70.1,2.36,69.66,2.26,70.56,2.46,-0.9,-0.2
district,Koshi,Bhojpur,Total,5 Year,2844,2610,0,0,0,2,0,6,0,0,0,0,1,222,0,0,0,0,0,3,91.84,7.81,91.37,8.41,92.29,7.23,-0.92,1.18
district,Koshi,Bhojpur,Total,6 Year,2988,770,2122,0,0,0,0,0,0,0,0,0,2,93,0,0,0,0,0,1,96.79,3.11,96.86,3.07,96.71,3.16,0.15,-0.09
district,Koshi,Bhojpur,Total,7 Year,2795,214,2539,0,0,1,1,0,3,0,0,0,0,37,0,0,0,0,0,0,98.57,1.32,98.51,1.41,98.62,1.24,-0.11,0.17
district,Koshi,Bhojpur,Total,8 Year,3036,63,2932,0,0,0,0,0,6,0,0,0,1,34,0,0,0,0,0,0,98.65,1.12,98.51,1.3,98.8,0.94,-0.29,0.36
district,Koshi,Bhojpur,Total,9 Year,2777,24,2706,0,0,0,0,1,12,0,0,0,1,33,0,0,0,0,0,0,98.31,1.19,98.22,0.92,98.4,1.46,-0.18,-0.54
district,Koshi,Bhojpur,Total,10 Year,2957,14,2718,0,0,0,0,3,187,0,0,0,0,35,0,0,0,0,0,0,92.39,1.18,92.53,1.41,92.26,0.95,0.27,0.46
district,Koshi,Bhojpur,Total,11 Year,2892,4,1710,1053,0,2,1,0,98,5,0,0,0,19,0,0,0,0,0,0,95.78,0.66,95.51,0.35,96.04,0.95,-0.53,-0.6
district,Koshi,Bhojpur,Total,12 Year,3247,3,1054,2067,0,1,0,0,76,20,0,0,0,26,0,0,0,0,0,0,96.24,0.8,95.47,0.72,97.07,0.89,-1.6,-0.17
district,Koshi,Bhojpur,Total,13 Year,3253,1,523,2588,0,1,0,2,75,39,0,0,0,24,0,0,0,0,0,0,95.7,0.74,94.42,0.74,96.98,0.74,-2.56,0.0
district,Koshi,Bhojpur,Total,14 Year,3252,1,284,2001,762,2,1,0,91,64,17,0,0,29,0,0,0,0,0,0,93.82,0.89,93.62,0.91,94.02,0.87,-0.4,0.04
district,Koshi,Bhojpur,Total,15 Year,2917,0,3,1239,1293,0,30,2,145,131,38,0,2,34,0,0,0,0,0,0,87.93,1.17,86.81,1.47,89.12,0.84,-2.31,0.63
district,Koshi,Bhojpur,Total,16 Year,2363,0,1,733,1085,1,14,2,175,211,109,1,2,29,0,0,0,0,0,0,77.61,1.23,77.03,1.27,78.28,1.18,-1.25,0.09
district,Koshi,Bhojpur,Total,17 Year,1914,0,1,336,791,0,8,1,184,326,224,0,1,41,0,0,0,0,0,1,59.35,2.14,60.26,2.08,58.23,2.22,2.03,-0.14
district,Koshi,Bhojpur,Total,18 Year,1854,0,0,171,535,1,5,1,272,463,356,2,2,45,0,0,0,0,0,1,38.4,2.43,40.33,2.24,36.0,2.67,4.33,-0.43
district,Koshi,Bhojpur,Total,19 Year,1446,0,2,54,248,2,4,0,213,440,432,0,0,51,0,0,0,0,0,0,21.44,3.53,24.4,2.77,17.82,4.45,6.58,-1.68
district,Koshi,Bhojpur,Total,20 Year,1672,0,0,0,100,3,12,0,253,561,675,5,4,59,0,0,0,0,0,0,6.88,3.53,8.51,3.12,5.25,3.94,3.26,-0.82
district,Koshi,Bhojpur,Total,21 Year,1620,0,0,0,62,0,3,1,281,527,671,4,1,70,0,0,0,0,0,0,4.01,4.32,4.64,4.64,3.34,3.98,1.3,0.66
district,Koshi,Bhojpur,Total,22 Year,1743,0,0,0,25,2,1,3,302,568,761,4,2,75,0,0,0,0,0,0,1.61,4.3,1.86,2.84,1.33,5.92,0.53,-3.08
district,Koshi,Bhojpur,Total,23 Year,1579,0,0,0,24,1,3,0,285,499,697,4,3,63,0,0,0,0,0,0,1.77,3.99,1.75,3.5,1.79,4.49,-0.04,-0.99
district,Koshi,Bhojpur,Total,24 Year,1644,0,0,0,17,0,1,1,248,534,760,4,4,75,0,0,0,0,0,0,1.09,4.56,0.74,3.7,1.44,5.4,-0.7,-1.7
district,Koshi,Bhojpur,Total,25 Year,1977,0,0,0,2,1,1,2,363,623,877,3,3,102,0,0,0,0,0,0,0.2,5.16,0.2,4.95,0.21,5.38,-0.01,-0.43
district,Koshi,Bhojpur,Male,All Ages,25919,1866,8388,5185,2562,9,44,11,1936,2580,2728,8,14,585,0,0,0,0,0,3,69.66,2.26,69.66,2.26,70.56,2.46,-0.9,-0.2
district,Koshi,Bhojpur,Male,5 Year,1391,1270,0,0,0,1,0,1,0,0,0,0,1,117,0,0,0,0,0,1,91.37,8.41,91.37,8.41,92.29,7.23,-0.92,1.18
district,Koshi,Bhojpur,Male,6 Year,1530,420,1062,0,0,0,0,0,0,0,0,0,0,47,0,0,0,0,0,1,96.86,3.07,96.86,3.07,96.71,3.16,0.15,-0.09
district,Koshi,Bhojpur,Male,7 Year,1343,118,1204,0,0,1,0,0,1,0,0,0,0,19,0,0,0,0,0,0,98.51,1.41,98.51,1.41,98.62,1.24,-0.11,0.17
district,Koshi,Bhojpur,Male,8 Year,1542,40,1479,0,0,0,0,0,3,0,0,0,0,20,0,0,0,0,0,0,98.51,1.3,98.51,1.3,98.8,0.94,-0.29,0.36
district,Koshi,Bhojpur,Male,9 Year,1406,8,1373,0,0,0,0,1,10,0,0,0,1,13,0,0,0,0,0,0,98.22,0.92,98.22,0.92,98.4,1.46,-0.18,-0.54
district,Koshi,Bhojpur,Male,10 Year,1485,6,1368,0,0,0,0,1,89,0,0,0,0,21,0,0,0,0,0,0,92.53,1.41,92.53,1.41,92.26,0.95,0.27,0.46
district,Koshi,Bhojpur,Male,11 Year,1426,2,878,480,0,1,1,0,55,4,0,0,0,5,0,0,0,0,0,0,95.51,0.35,95.51,0.35,96.04,0.95,-0.53,-0.6
district,Koshi,Bhojpur,Male,12 Year,1677,1,590,1009,0,1,0,0,52,12,0,0,0,12,0,0,0,0,0,0,95.47,0.72,95.47,0.72,97.07,0.89,-1.6,-0.17
district,Koshi,Bhojpur,Male,13 Year,1631,0,279,1261,0,0,0,2,49,28,0,0,0,12,0,0,0,0,0,0,94.42,0.74,94.42,0.74,96.98,0.74,-2.56,0.0
district,Koshi,Bhojpur,Male,14 Year,1646,1,149,1032,358,1,0,0,55,30,5,0,0,15,0,0,0,0,0,0,93.62,0.91,93.62,0.91,94.02,0.87,-0.4,0.04
district,Koshi,Bhojpur,Male,15 Year,1493,0,3,650,629,0,14,0,88,73,12,0,2,22,0,0,0,0,0,0,86.81,1.47,86.81,1.47,89.12,0.84,-2.31,0.63
district,Koshi,Bhojpur,Male,16 Year,1258,0,1,407,555,1,5,1,118,107,45,1,1,16,0,0,0,0,0,0,77.03,1.27,77.03,1.27,78.28,1.18,-1.25,0.09
district,Koshi,Bhojpur,Male,17 Year,1057,0,1,200,430,0,6,1,127,167,101,0,1,22,0,0,0,0,0,1,60.26,2.08,60.26,2.08,58.23,2.22,2.03,-0.14
district,Koshi,Bhojpur,Male,18 Year,1029,0,0,112,298,1,4,0,181,255,153,0,2,23,0,0,0,0,0,0,40.33,2.24,40.33,2.24,36.0,2.67,4.33,-0.43
district,Koshi,Bhojpur,Male,19 Year,795,0,1,34,157,0,2,0,122,237,220,0,0,22,0,0,0,0,0,0,24.4,2.77,24.4,2.77,17.82,4.45,6.58,-1.68
district,Koshi,Bhojpur,Male,20 Year,834,0,0,0,64,1,6,0,147,262,325,2,1,26,0,0,0,0,0,0,8.51,3.12,8.51,3.12,5.25,3.94,3.26,-0.82
district,Koshi,Bhojpur,Male,21 Year,841,0,0,0,37,0,2,1,171,260,328,2,1,39,0,0,0,0,0,0,4.64,4.64,4.64,4.64,3.34,3.98,1.3,0.66
district,Koshi,Bhojpur,Male,22 Year,915,0,0,0,15,1,1,1,202,284,385,0,0,26,0,0,0,0,0,0,1.86,2.84,1.86,2.84,1.33,5.92,0.53,-3.08
district,Koshi,Bhojpur,Male,23 Year,799,0,0,0,13,0,1,0,154,253,347,1,2,28,0,0,0,0,0,0,1.75,3.5,1.75,3.5,1.79,4.49,-0.04,-0.99
district,Koshi,Bhojpur,Male,24 Year,811,0,0,0,5,0,1,1,129,275,366,2,2,30,0,0,0,0,0,0,0.74,3.7,0.74,3.7,1.44,5.4,-0.7,-1.7
district,Koshi,Bhojpur,Male,25 Year,1010,0,0,0,1,0,1,1,183,333,441,0,0,50,0,0,0,0,0,0,0.2,4.95,0.2,4.95,0.21,5.38,-0.01,-0.43
district,Koshi,Bhojpur,Female,All Ages,24851,1838,8207,5057,2382,11,41,14,1333,2431,2889,19,15,611,0,0,0,0,0,3,70.56,2.46,69.66,2.26,70.56,2.46,-0.9,-0.2
district,Koshi,Bhojpur,Female,5 Year,1453,1340,0,0,0,1,0,5,0,0,0,0,0,105,0,0,0,0,0,2,92.29,7.23,91.37,8.41,92.29,7.23,-0.92,1.18
district,Koshi,Bhojpur,Female,6 Year,1458,350,1060,0,0,0,0,0,0,0,0,0,2,46,0,0,0,0,0,0,96.71,3.16,96.86,3.07,96.71,3.16,0.15,-0.09
district,Koshi,Bhojpur,Female,7 Year,1452,96,1335,0,0,0,1,0,2,0,0,0,0,18,0,0,0,0,0,0,98.62,1.24,98.51,1.41,98.62,1.24,-0.11,0.17
district,Koshi,Bhojpur,Female,8 Year,1494,23,1453,0,0,0,0,0,3,0,0,0,1,14,0,0,0,0,0,0,98.8,0.94,98.51,1.3,98.8,0.94,-0.29,0.36
district,Koshi,Bhojpur,Female,9 Year,1371,16,1333,0,0,0,0,0,2,0,0,0,0,20,0,0,0,0,0,0,98.4,1.46,98.22,0.92,98.4,1.46,-0.18,-0.54
district,Koshi,Bhojpur,Female,10 Year,1472,8,1350,0,0,0,0,2,98,0,0,0,0,14,0,0,0,0,0,0,92.26,0.95,92.53,1.41,92.26,0.95,0.27,0.46
district,Koshi,Bhojpur,Female,11 Year,1466,2,832,573,0,1,0,0,43,1,0,0,0,14,0,0,0,0,0,0,96.04,0.95,95.51,0.35,96.04,0.95,-0.53,-0.6
district,Koshi,Bhojpur,Female,12 Year,1570,2,464,1058,0,0,0,0,24,8,0,0,0,14,0,0,0,0,0,0,97.07,0.89,95.47,0.72,97.07,0.89,-1.6,-0.17
district,Koshi,Bhojpur,Female,13 Year,1622,1,244,1327,0,1,0,0,26,11,0,0,0,12,0,0,0,0,0,0,96.98,0.74,94.42,0.74,96.98,0.74,-2.56,0.0
district,Koshi,Bhojpur,Female,14 Year,1606,0,135,969,404,1,1,0,36,34,12,0,0,14,0,0,0,0,0,0,94.02,0.87,93.62,0.91,94.02,0.87,-0.4,0.04
district,Koshi,Bhojpur,Female,15 Year,1424,0,0,589,664,0,16,2,57,58,26,0,0,12,0,0,0,0,0,0,89.12,0.84,86.81,1.47,89.12,0.84,-2.31,0.63
district,Koshi,Bhojpur,Female,16 Year,1105,0,0,326,530,0,9,1,57,104,64,0,1,13,0,0,0,0,0,0,78.28,1.18,77.03,1.27,78.28,1.18,-1.25,0.09
district,Koshi,Bhojpur,Female,17 Year,857,0,0,136,361,0,2,0,57,159,123,0,0,19,0,0,0,0,0,0,58.23,2.22,60.26,2.08,58.23,2.22,2.03,-0.14
district,Koshi,Bhojpur,Female,18 Year,825,0,0,59,237,0,1,1,91,208,203,2,0,22,0,0,0,0,0,1,36.0,2.67,40.33,2.24,36.0,2.67,4.33,-0.43
district,Koshi,Bhojpur,Female,19 Year,651,0,1,20,91,2,2,0,91,203,212,0,0,29,0,0,0,0,0,0,17.82,4.45,24.4,2.77,17.82,4.45,6.58,-1.68
district,Koshi,Bhojpur,Female,20 Year,838,0,0,0,36,2,6,0,106,299,350,3,3,33,0,0,0,0,0,0,5.25,3.94,8.51,3.12,5.25,3.94,3.26,-0.82
district,Koshi,Bhojpur,Female,21 Year,779,0,0,0,25,0,1,0,110,267,343,2,0,31,0,0,0,0,0,0,3.34,3.98,4.64,4.64,3.34,3.98,1.3,0.66
district,Koshi,Bhojpur,Female,22 Year,828,0,0,0,10,1,0,2,100,284,376,4,2,49,0,0,0,0,0,0,1.33,5.92,1.86,2.84,1.33,5.92,0.53,-3.08
district,Koshi,Bhojpur,Female,23 Year,780,0,0,0,11,1,2,0,131,246,350,3,1,35,0,0,0,0,0,0,1.79,4.49,1.75,3.5,1.79,4.49,-0.04,-0.99
district,Koshi,Bhojpur,Female,24 Year,833,0,0,0,12,0,0,0,119,259,394,2,2,45,0,0,0,0,0,0,1.44,5.4,0.74,3.7,1.44,5.4,-0.7,-1.7
district,Koshi,Bhojpur,Female,25 Year,967,0,0,0,1,1,0,1,180,290,436,3,3,52,0,0,0,0,0,0,0.21,5.38,0.2,4.95,0.21,5.38,-0.01,-0.43
district,Koshi,Dhankuta,Total,All Ages,42588,3746,14023,8548,4518,7,53,21,2121,4308,4439,38,22,736,0,0,0,0,0,8,72.54,1.73,72.1,1.69,73.01,1.76,-0.91,-0.07
district,Koshi,Dhankuta,Total,5 Year,2572,2407,0,0,0,0,0,4,0,0,0,0,1,153,0,0,0,0,0,7,93.58,5.95,93.77,5.71,93.39,6.21,0.38,-0.5
district,Koshi,Dhankuta,Total,6 Year,2534,939,1523,0,0,0,0,0,4,0,0,0,0,67,0,0,0,0,0,1,97.16,2.64,96.74,3.19,97.62,2.06,-0.88,1.13
district,Koshi,Dhankuta,Total,7 Year,2580,287,2257,0,0,0,0,0,5,0,0,0,0,31,0,0,0,0,0,0,98.6,1.2,98.5,1.35,98.72,1.04,-0.22,0.31
district,Koshi,Dhankuta,Total,8 Year,2676,84,2556,0,0,0,0,0,10,0,0,1,0,25,0,0,0,0,0,0,98.65,0.93,98.63,0.87,98.68,1.01,-0.05,-0.14
district,Koshi,Dhankuta,Total,9 Year,2464,17,2407,0,0,0,1,0,10,0,0,1,3,25,0,0,0,0,0,0,98.42,1.01,98.23,1.13,98.61,0.9,-0.38,0.23
district,Koshi,Dhankuta,Total,10 Year,2733,2,2541,0,0,0,0,0,167,0,0,0,0,23,0,0,0,0,0,0,93.05,0.84,92.88,0.93,93.23,0.75,-0.35,0.18
district,Koshi,Dhankuta,Total,11 Year,2347,4,1437,805,0,0,0,3,67,8,0,0,0,23,0,0,0,0,0,0,95.7,0.98,95.37,1.08,96.05,0.88,-0.68,0.2
district,Koshi,Dhankuta,Total,12 Year,2678,1,787,1804,0,0,0,2,47,21,0,0,0,16,0,0,0,0,0,0,96.79,0.6,96.4,0.73,97.19,0.46,-0.79,0.27
district,Koshi,Dhankuta,Total,13 Year,2702,3,344,2271,0,1,0,2,36,32,0,0,1,12,0,0,0,0,0,0,96.93,0.44,95.72,0.45,98.1,0.44,-2.38,0.01
district,Koshi,Dhankuta,Total,14 Year,2864,1,165,1805,768,0,0,1,52,41,15,1,0,15,0,0,0,0,0,0,95.64,0.52,94.96,0.48,96.33,0.57,-1.37,-0.09
district,Koshi,Dhankuta,Total,15 Year,2516,1,1,1033,1241,2,16,1,80,91,30,0,0,20,0,0,0,0,0,0,91.18,0.79,88.97,0.84,93.55,0.74,-4.58,0.1
district,Koshi,Dhankuta,Total,16 Year,1879,0,1,456,1096,2,4,0,97,132,73,1,0,17,0,0,0,0,0,0,82.97,0.9,82.02,1.1,84.05,0.68,-2.03,0.42
district,Koshi,Dhankuta,Total,17 Year,1345,0,2,215,652,1,5,1,104,222,118,0,2,23,0,0,0,0,0,0,65.06,1.71,66.67,1.62,63.08,1.82,3.59,-0.2
district,Koshi,Dhankuta,Total,18 Year,1286,0,0,107,390,0,6,1,164,353,240,1,0,24,0,0,0,0,0,0,39.11,1.87,40.98,1.49,36.61,2.37,4.37,-0.88
district,Koshi,Dhankuta,Total,19 Year,1124,0,2,52,185,0,2,2,148,374,339,0,0,20,0,0,0,0,0,0,21.44,1.78,21.58,1.29,21.27,2.39,0.31,-1.1
district,Koshi,Dhankuta,Total,20 Year,1319,0,0,0,77,0,3,0,168,512,522,3,1,33,0,0,0,0,0,0,6.07,2.5,6.7,2.14,5.34,2.91,1.36,-0.77
district,Koshi,Dhankuta,Total,21 Year,1183,0,0,0,37,0,4,1,147,452,513,2,1,26,0,0,0,0,0,0,3.47,2.2,3.12,2.13,3.83,2.26,-0.71,-0.13
district,Koshi,Dhankuta,Total,22 Year,1384,0,0,0,34,0,4,1,203,522,576,3,1,40,0,0,0,0,0,0,2.75,2.89,3.46,2.63,1.97,3.18,1.49,-0.55
district,Koshi,Dhankuta,Total,23 Year,1362,0,0,0,20,0,2,1,183,491,610,10,3,42,0,0,0,0,0,0,1.62,3.08,1.0,3.0,2.27,3.17,-1.27,-0.17
district,Koshi,Dhankuta,Total,24 Year,1447,0,0,0,16,0,3,1,209,504,660,11,2,41,0,0,0,0,0,0,1.31,2.83,1.42,2.12,1.21,3.51,0.21,-1.39
district,Koshi,Dhankuta,Total,25 Year,1593,0,0,0,2,1,3,0,220,553,743,4,7,60,0,0,0,0,0,0,0.38,3.77,0.38,3.27,0.38,4.27,0.0,-1.0
district,Koshi,Dhankuta,Male,All Ages,22007,1993,7224,4309,2313,3,26,10,1296,2415,2006,23,13,373,0,0,0,0,0,3,72.1,1.69,72.1,1.69,73.01,1.76,-0.91,-0.07
district,Koshi,Dhankuta,Male,5 Year,1332,1249,0,0,0,0,0,3,0,0,0,0,1,76,0,0,0,0,0,3,93.77,5.71,93.77,5.71,93.39,6.21,0.38,-0.5
district,Koshi,Dhankuta,Male,6 Year,1318,521,754,0,0,0,0,0,1,0,0,0,0,42,0,0,0,0,0,0,96.74,3.19,96.74,3.19,97.62,2.06,-0.88,1.13
district,Koshi,Dhankuta,Male,7 Year,1332,168,1144,0,0,0,0,0,2,0,0,0,0,18,0,0,0,0,0,0,98.5,1.35,98.5,1.35,98.72,1.04,-0.22,0.31
district,Koshi,Dhankuta,Male,8 Year,1384,44,1321,0,0,0,0,0,6,0,0,1,0,12,0,0,0,0,0,0,98.63,0.87,98.63,0.87,98.68,1.01,-0.05,-0.14
district,Koshi,Dhankuta,Male,9 Year,1242,6,1213,0,0,0,1,0,6,0,0,0,2,14,0,0,0,0,0,0,98.23,1.13,98.23,1.13,98.61,0.9,-0.38,0.23
district,Koshi,Dhankuta,Male,10 Year,1404,0,1304,0,0,0,0,0,87,0,0,0,0,13,0,0,0,0,0,0,92.88,0.93,92.88,0.93,93.23,0.75,-0.35,0.18
district,Koshi,Dhankuta,Male,11 Year,1209,2,771,380,0,0,0,1,39,3,0,0,0,13,0,0,0,0,0,0,95.37,1.08,95.37,1.08,96.05,0.88,-0.68,0.2
district,Koshi,Dhankuta,Male,12 Year,1363,1,434,879,0,0,0,1,28,10,0,0,0,10,0,0,0,0,0,0,96.4,0.73,96.4,0.73,97.19,0.46,-0.79,0.27
district,Koshi,Dhankuta,Male,13 Year,1333,2,197,1077,0,0,0,0,30,20,0,0,1,6,0,0,0,0,0,0,95.72,0.45,95.72,0.45,98.1,0.44,-2.38,0.01
district,Koshi,Dhankuta,Male,14 Year,1449,0,84,939,353,0,0,1,38,19,7,1,0,7,0,0,0,0,0,0,94.96,0.48,94.96,0.48,96.33,0.57,-1.37,-0.09
district,Koshi,Dhankuta,Male,15 Year,1306,0,0,552,598,2,10,0,60,57,16,0,0,11,0,0,0,0,0,0,88.97,0.84,88.97,0.84,93.55,0.74,-4.58,0.1
district,Koshi,Dhankuta,Male,16 Year,1001,0,0,257,561,0,3,0,66,77,26,0,0,11,0,0,0,0,0,0,82.02,1.1,82.02,1.1,84.05,0.68,-2.03,0.42
district,Koshi,Dhankuta,Male,17 Year,741,0,1,132,360,1,0,0,63,124,47,0,1,12,0,0,0,0,0,0,66.67,1.62,66.67,1.62,63.08,1.82,3.59,-0.2
district,Koshi,Dhankuta,Male,18 Year,737,0,0,67,233,0,2,1,102,213,107,1,0,11,0,0,0,0,0,0,40.98,1.49,40.98,1.49,36.61,2.37,4.37,-0.88
district,Koshi,Dhankuta,Male,19 Year,621,0,1,26,106,0,1,2,97,215,165,0,0,8,0,0,0,0,0,0,21.58,1.29,21.58,1.29,21.27,2.39,0.31,-1.1
district,Koshi,Dhankuta,Male,20 Year,701,0,0,0,46,0,1,0,103,295,239,1,1,15,0,0,0,0,0,0,6.7,2.14,6.7,2.14,5.34,2.91,1.36,-0.77
district,Koshi,Dhankuta,Male,21 Year,609,0,0,0,19,0,0,0,93,256,227,1,0,13,0,0,0,0,0,0,3.12,2.13,3.12,2.13,3.83,2.26,-0.71,-0.13
district,Koshi,Dhankuta,Male,22 Year,723,0,0,0,22,0,3,0,120,280,277,2,0,19,0,0,0,0,0,0,3.46,2.63,3.46,2.63,1.97,3.18,1.49,-0.55
district,Koshi,Dhankuta,Male,23 Year,700,0,0,0,6,0,1,0,114,269,282,5,2,21,0,0,0,0,0,0,1.0,3.0,1.0,3.0,2.27,3.17,-1.27,-0.17
district,Koshi,Dhankuta,Male,24 Year,706,0,0,0,8,0,2,1,114,283,273,8,2,15,0,0,0,0,0,0,1.42,2.12,1.42,2.12,1.21,3.51,0.21,-1.39
district,Koshi,Dhankuta,Male,25 Year,796,0,0,0,1,0,2,0,127,294,340,3,3,26,0,0,0,0,0,0,0.38,3.27,0.38,3.27,0.38,4.27,0.0,-1.0
district,Koshi,Dhankuta,Female,All Ages,20581,1753,6799,4239,2205,4,27,11,825,1893,2433,15,9,363,0,0,0,0,0,5,73.01,1.76,72.1,1.69,73.01,1.76,-0.91,-0.07
district,Koshi,Dhankuta,Female,5 Year,1240,1158,0,0,0,0,0,1,0,0,0,0,0,77,0,0,0,0,0,4,93.39,6.21,93.77,5.71,93.39,6.21,0.38,-0.5
district,Koshi,Dhankuta,Female,6 Year,1216,418,769,0,0,0,0,0,3,0,0,0,0,25,0,0,0,0,0,1,97.62,2.06,96.74,3.19,97.62,2.06,-0.88,1.13
district,Koshi,Dhankuta,Female,7 Year,1248,119,1113,0,0,0,0,0,3,0,0,0,0,13,0,0,0,0,0,0,98.72,1.04,98.5,1.35,98.72,1.04,-0.22,0.31
district,Koshi,Dhankuta,Female,8 Year,1292,40,1235,0,0,0,0,0,4,0,0,0,0,13,0,0,0,0,0,0,98.68,1.01,98.63,0.87,98.68,1.01,-0.05,-0.14
district,Koshi,Dhankuta,Female,9 Year,1222,11,1194,0,0,0,0,0,4,0,0,1,1,11,0,0,0,0,0,0,98.61,0.9,98.23,1.13,98.61,0.9,-0.38,0.23
district,Koshi,Dhankuta,Female,10 Year,1329,2,1237,0,0,0,0,0,80,0,0,0,0,10,0,0,0,0,0,0,93.23,0.75,92.88,0.93,93.23,0.75,-0.35,0.18
district,Koshi,Dhankuta,Female,11 Year,1138,2,666,425,0,0,0,2,28,5,0,0,0,10,0,0,0,0,0,0,96.05,0.88,95.37,1.08,96.05,0.88,-0.68,0.2
district,Koshi,Dhankuta,Female,12 Year,1315,0,353,925,0,0,0,1,19,11,0,0,0,6,0,0,0,0,0,0,97.19,0.46,96.4,0.73,97.19,0.46,-0.79,0.27
district,Koshi,Dhankuta,Female,13 Year,1369,1,147,1194,0,1,0,2,6,12,0,0,0,6,0,0,0,0,0,0,98.1,0.44,95.72,0.45,98.1,0.44,-2.38,0.01
district,Koshi,Dhankuta,Female,14 Year,1415,1,81,866,415,0,0,0,14,22,8,0,0,8,0,0,0,0,0,0,96.33,0.57,94.96,0.48,96.33,0.57,-1.37,-0.09
district,Koshi,Dhankuta,Female,15 Year,1210,1,1,481,643,0,6,1,20,34,14,0,0,9,0,0,0,0,0,0,93.55,0.74,88.97,0.84,93.55,0.74,-4.58,0.1
district,Koshi,Dhankuta,Female,16 Year,878,0,1,199,535,2,1,0,31,55,47,1,0,6,0,0,0,0,0,0,84.05,0.68,82.02,1.1,84.05,0.68,-2.03,0.42
district,Koshi,Dhankuta,Female,17 Year,604,0,1,83,292,0,5,1,41,98,71,0,1,11,0,0,0,0,0,0,63.08,1.82,66.67,1.62,63.08,1.82,3.59,-0.2
district,Koshi,Dhankuta,Female,18 Year,549,0,0,40,157,0,4,0,62,140,133,0,0,13,0,0,0,0,0,0,36.61,2.37,40.98,1.49,36.61,2.37,4.37,-0.88
district,Koshi,Dhankuta,Female,19 Year,503,0,1,26,79,0,1,0,51,159,174,0,0,12,0,0,0,0,0,0,21.27,2.39,21.58,1.29,21.27,2.39,0.31,-1.1
district,Koshi,Dhankuta,Female,20 Year,618,0,0,0,31,0,2,0,65,217,283,2,0,18,0,0,0,0,0,0,5.34,2.91,6.7,2.14,5.34,2.91,1.36,-0.77
district,Koshi,Dhankuta,Female,21 Year,574,0,0,0,18,0,4,1,54,196,286,1,1,13,0,0,0,0,0,0,3.83,2.26,3.12,2.13,3.83,2.26,-0.71,-0.13
district,Koshi,Dhankuta,Female,22 Year,661,0,0,0,12,0,1,1,83,242,299,1,1,21,0,0,0,0,0,0,1.97,3.18,3.46,2.63,1.97,3.18,1.49,-0.55
district,Koshi,Dhankuta,Female,23 Year,662,0,0,0,14,0,1,1,69,222,328,5,1,21,0,0,0,0,0,0,2.27,3.17,1.0,3.0,2.27,3.17,-1.27,-0.17
district,Koshi,Dhankuta,Female,24 Year,741,0,0,0,8,0,1,0,95,221,387,3,0,26,0,0,0,0,0,0,1.21,3.51,1.42,2.12,1.21,3.51,0.21,-1.39
district,Koshi,Dhankuta,Female,25 Year,797,0,0,0,1,1,1,0,93,259,403,1,4,34,0,0,0,0,0,0,0.38,4.27,0.38,3.27,0.38,4.27,0.0,-1.0
district,Koshi,Terhathum,Total,All Ages,25635,2174,8681,5032,2956,5,34,14,1113,2167,2879,13,9,551,0,1,0,0,0,6,73.66,2.15,73.57,2.2,73.75,2.1,-0.18,0.1
district,Koshi,Terhathum,Total,5 Year,1646,1506,0,0,0,0,0,2,0,0,0,1,0,134,0,0,0,0,0,3,91.49,8.14,90.46,9.19,92.6,7.03,-2.14,2.16
district,Koshi,Terhathum,Total,6 Year,1615,426,1133,0,0,0,0,1,5,0,0,0,0,50,0,0,0,0,0,0,96.53,3.1,96.32,3.31,96.75,2.88,-0.43,0.43
district,Koshi,Terhathum,Total,7 Year,1676,177,1474,0,0,0,0,0,6,0,0,0,0,19,0,0,0,0,0,0,98.51,1.13,98.48,1.17,98.54,1.09,-0.06,0.08
district,Koshi,Terhathum,Total,8 Year,1616,40,1546,0,0,0,0,0,6,0,0,1,0,23,0,0,0,0,0,0,98.14,1.42,97.78,1.7,98.47,1.18,-0.69,0.52
district,Koshi,Terhathum,Total,9 Year,1574,15,1530,0,0,0,0,0,7,0,0,0,2,20,0,0,0,0,0,0,98.16,1.27,98.51,1.12,97.8,1.43,0.71,-0.31
district,Koshi,Terhathum,Total,10 Year,1612,6,1476,0,0,0,0,1,110,0,0,0,1,18,0,0,0,0,0,0,91.94,1.12,92.27,0.97,91.58,1.28,0.69,-0.31
district,Koshi,Terhathum,Total,11 Year,1415,2,776,585,0,0,0,1,37,4,0,0,0,9,0,0,0,0,0,1,96.33,0.64,95.22,0.84,97.44,0.43,-2.22,0.41
district,Koshi,Terhathum,Total,12 Year,1578,0,460,1056,0,0,0,2,34,12,0,0,0,14,0,0,0,0,0,0,96.07,0.89,95.64,0.97,96.55,0.8,-0.91,0.17
district,Koshi,Terhathum,Total,13 Year,1558,2,196,1306,0,0,0,0,24,19,0,0,0,10,0,0,0,0,0,1,96.53,0.64,95.58,1.01,97.52,0.26,-1.94,0.75
district,Koshi,Terhathum,Total,14 Year,1687,0,89,1011,519,0,0,0,25,24,10,0,0,9,0,0,0,0,0,0,95.97,0.53,95.24,0.61,96.66,0.46,-1.42,0.15
district,Koshi,Terhathum,Total,15 Year,1515,0,0,572,798,0,8,0,46,48,27,1,0,15,0,0,0,0,0,0,90.96,0.99,89.43,1.35,92.72,0.57,-3.29,0.78
district,Koshi,Terhathum,Total,16 Year,1196,0,0,285,690,0,3,0,46,91,69,0,0,12,0,0,0,0,0,0,81.77,1.0,80.16,1.09,83.67,0.91,-3.51,0.18
district,Koshi,Terhathum,Total,17 Year,849,0,1,120,422,1,7,0,56,127,95,1,0,19,0,0,0,0,0,0,64.9,2.24,66.81,1.91,62.53,2.64,4.28,-0.73
district,Koshi,Terhathum,Total,18 Year,751,0,0,61,270,1,2,0,67,173,160,0,2,15,0,0,0,0,0,0,44.47,2.0,47.3,1.96,41.11,2.04,6.19,-0.08
district,Koshi,Terhathum,Total,19 Year,608,0,0,36,107,0,2,1,71,163,213,0,0,15,0,0,0,0,0,0,23.85,2.47,26.82,3.21,20.0,1.51,6.82,1.7
district,Koshi,Terhathum,Total,20 Year,666,0,0,0,52,0,3,1,77,230,277,1,1,23,0,0,0,0,0,1,8.26,3.45,8.81,2.27,7.64,4.78,1.17,-2.51
district,Koshi,Terhathum,Total,21 Year,737,0,0,0,27,1,2,1,97,220,360,1,1,27,0,0,0,0,0,0,4.07,3.66,3.75,2.5,4.45,5.04,-0.7,-2.54
district,Koshi,Terhathum,Total,22 Year,765,0,0,0,34,1,3,0,101,248,356,1,0,21,0,0,0,0,0,0,4.97,2.75,6.61,1.93,3.48,3.48,3.13,-1.55
district,Koshi,Terhathum,Total,23 Year,798,0,0,0,17,0,2,1,97,240,400,1,0,40,0,0,0,0,0,0,2.38,5.01,2.31,5.38,2.45,4.66,-0.14,0.72
district,Koshi,Terhathum,Total,24 Year,851,0,0,0,20,0,1,0,77,262,455,2,1,33,0,0,0,0,0,0,2.47,3.88,2.48,3.23,2.46,4.46,0.02,-1.23
district,Koshi,Terhathum,Total,25 Year,922,0,0,0,0,1,1,3,124,306,457,3,1,25,0,1,0,0,0,0,0.22,2.71,0.0,2.47,0.42,2.94,-0.42,-0.47
district,Koshi,Terhathum,Male,All Ages,13094,1131,4381,2574,1529,2,16,6,653,1173,1329,5,2,288,0,1,0,0,0,4,73.57,2.2,73.57,2.2,73.75,2.1,-0.18,0.1
district,Koshi,Terhathum,Male,5 Year,849,768,0,0,0,0,0,1,0,0,0,0,0,78,0,0,0,0,0,2,90.46,9.19,90.46,9.19,92.6,7.03,-2.14,2.16
district,Koshi,Terhathum,Male,6 Year,815,232,553,0,0,0,0,0,3,0,0,0,0,27,0,0,0,0,0,0,96.32,3.31,96.32,3.31,96.75,2.88,-0.43,0.43
district,Koshi,Terhathum,Male,7 Year,853,92,748,0,0,0,0,0,3,0,0,0,0,10,0,0,0,0,0,0,98.48,1.17,98.48,1.17,98.54,1.09,-0.06,0.08
district,Koshi,Terhathum,Male,8 Year,766,23,726,0,0,0,0,0,4,0,0,0,0,13,0,0,0,0,0,0,97.78,1.7,97.78,1.7,98.47,1.18,-0.69,0.52
district,Koshi,Terhathum,Male,9 Year,803,10,781,0,0,0,0,0,2,0,0,0,1,9,0,0,0,0,0,0,98.51,1.12,98.51,1.12,97.8,1.43,0.71,-0.31
district,Koshi,Terhathum,Male,10 Year,828,4,760,0,0,0,0,0,56,0,0,0,0,8,0,0,0,0,0,0,92.27,0.97,92.27,0.97,91.58,1.28,0.69,-0.31
district,Koshi,Terhathum,Male,11 Year,712,1,387,290,0,0,0,0,24,3,0,0,0,6,0,0,0,0,0,1,95.22,0.84,95.22,0.84,97.44,0.43,-2.22,0.41
district,Koshi,Terhathum,Male,12 Year,825,0,266,523,0,0,0,0,20,8,0,0,0,8,0,0,0,0,0,0,95.64,0.97,95.64,0.97,96.55,0.8,-0.91,0.17
district,Koshi,Terhathum,Male,13 Year,791,1,110,645,0,0,0,0,13,13,0,0,0,8,0,0,0,0,0,1,95.58,1.01,95.58,1.01,97.52,0.26,-1.94,0.75
district,Koshi,Terhathum,Male,14 Year,819,0,50,502,228,0,0,0,16,12,6,0,0,5,0,0,0,0,0,0,95.24,0.61,95.24,0.61,96.66,0.46,-1.42,0.15
district,Koshi,Terhathum,Male,15 Year,814,0,0,327,398,0,3,0,33,29,13,0,0,11,0,0,0,0,0,0,89.43,1.35,89.43,1.35,92.72,0.57,-3.29,0.78
district,Koshi,Terhathum,Male,16 Year,645,0,0,163,354,0,0,0,27,64,30,0,0,7,0,0,0,0,0,0,80.16,1.09,80.16,1.09,83.67,0.91,-3.51,0.18
district,Koshi,Terhathum,Male,17 Year,470,0,0,63,245,0,6,0,38,65,43,1,0,9,0,0,0,0,0,0,66.81,1.91,66.81,1.91,62.53,2.64,4.28,-0.73
district,Koshi,Terhathum,Male,18 Year,408,0,0,37,155,1,0,0,50,86,71,0,0,8,0,0,0,0,0,0,47.3,1.96,47.3,1.96,41.11,2.04,6.19,-0.08
district,Koshi,Terhathum,Male,19 Year,343,0,0,24,66,0,2,0,43,87,110,0,0,11,0,0,0,0,0,0,26.82,3.21,26.82,3.21,20.0,1.51,6.82,1.7
district,Koshi,Terhathum,Male,20 Year,352,0,0,0,29,0,2,1,49,118,144,1,0,8,0,0,0,0,0,0,8.81,2.27,8.81,2.27,7.64,4.78,1.17,-2.51
district,Koshi,Terhathum,Male,21 Year,400,0,0,0,15,0,0,1,56,141,175,1,1,10,0,0,0,0,0,0,3.75,2.5,3.75,2.5,4.45,5.04,-0.7,-2.54
district,Koshi,Terhathum,Male,22 Year,363,0,0,0,20,1,3,0,52,128,152,0,0,7,0,0,0,0,0,0,6.61,1.93,6.61,1.93,3.48,3.48,3.13,-1.55
district,Koshi,Terhathum,Male,23 Year,390,0,0,0,9,0,0,1,53,133,173,0,0,21,0,0,0,0,0,0,2.31,5.38,2.31,5.38,2.45,4.66,-0.14,0.72
district,Koshi,Terhathum,Male,24 Year,403,0,0,0,10,0,0,0,43,135,202,0,0,13,0,0,0,0,0,0,2.48,3.23,2.48,3.23,2.46,4.46,0.02,-1.23
district,Koshi,Terhathum,Male,25 Year,445,0,0,0,0,0,0,2,68,151,210,2,0,11,0,1,0,0,0,0,0.0,2.47,0.0,2.47,0.42,2.94,-0.42,-0.47
district,Koshi,Terhathum,Female,All Ages,12541,1043,4300,2458,1427,3,18,8,460,994,1550,8,7,263,0,0,0,0,0,2,73.75,2.1,73.57,2.2,73.75,2.1,-0.18,0.1
district,Koshi,Terhathum,Female,5 Year,797,738,0,0,0,0,0,1,0,0,0,1,0,56,0,0,0,0,0,1,92.6,7.03,90.46,9.19,92.6,7.03,-2.14,2.16
district,Koshi,Terhathum,Female,6 Year,800,194,580,0,0,0,0,1,2,0,0,0,0,23,0,0,0,0,0,0,96.75,2.88,96.32,3.31,96.75,2.88,-0.43,0.43
district,Koshi,Terhathum,Female,7 Year,823,85,726,0,0,0,0,0,3,0,0,0,0,9,0,0,0,0,0,0,98.54,1.09,98.48,1.17,98.54,1.09,-0.06,0.08
district,Koshi,Terhathum,Female,8 Year,850,17,820,0,0,0,0,0,2,0,0,1,0,10,0,0,0,0,0,0,98.47,1.18,97.78,1.7,98.47,1.18,-0.69,0.52
district,Koshi,Terhathum,Female,9 Year,771,5,749,0,0,0,0,0,5,0,0,0,1,11,0,0,0,0,0,0,97.8,1.43,98.51,1.12,97.8,1.43,0.71,-0.31
district,Koshi,Terhathum,Female,10 Year,784,2,716,0,0,0,0,1,54,0,0,0,1,10,0,0,0,0,0,0,91.58,1.28,92.27,0.97,91.58,1.28,0.69,-0.31
district,Koshi,Terhathum,Female,11 Year,703,1,389,295,0,0,0,1,13,1,0,0,0,3,0,0,0,0,0,0,97.44,0.43,95.22,0.84,97.44,0.43,-2.22,0.41
district,Koshi,Terhathum,Female,12 Year,753,0,194,533,0,0,0,2,14,4,0,0,0,6,0,0,0,0,0,0,96.55,0.8,95.64,0.97,96.55,0.8,-0.91,0.17
district,Koshi,Terhathum,Female,13 Year,767,1,86,661,0,0,0,0,11,6,0,0,0,2,0,0,0,0,0,0,97.52,0.26,95.58,1.01,97.52,0.26,-1.94,0.75
district,Koshi,Terhathum,Female,14 Year,868,0,39,509,291,0,0,0,9,12,4,0,0,4,0,0,0,0,0,0,96.66,0.46,95.24,0.61,96.66,0.46,-1.42,0.15
district,Koshi,Terhathum,Female,15 Year,701,0,0,245,400,0,5,0,13,19,14,1,0,4,0,0,0,0,0,0,92.72,0.57,89.43,1.35,92.72,0.57,-3.29,0.78
district,Koshi,Terhathum,Female,16 Year,551,0,0,122,336,0,3,0,19,27,39,0,0,5,0,0,0,0,0,0,83.67,0.91,80.16,1.09,83.67,0.91,-3.51,0.18
district,Koshi,Terhathum,Female,17 Year,379,0,1,57,177,1,1,0,18,62,52,0,0,10,0,0,0,0,0,0,62.53,2.64,66.81,1.91,62.53,2.64,4.28,-0.73
district,Koshi,Terhathum,Female,18 Year,343,0,0,24,115,0,2,0,17,87,89,0,2,7,0,0,0,0,0,0,41.11,2.04,47.3,1.96,41.11,2.04,6.19,-0.08
district,Koshi,Terhathum,Female,19 Year,265,0,0,12,41,0,0,1,28,76,103,0,0,4,0,0,0,0,0,0,20.0,1.51,26.82,3.21,20.0,1.51,6.82,1.7
district,Koshi,Terhathum,Female,20 Year,314,0,0,0,23,0,1,0,28,112,133,0,1,15,0,0,0,0,0,1,7.64,4.78,8.81,2.27,7.64,4.78,1.17,-2.51
district,Koshi,Terhathum,Female,21 Year,337,0,0,0,12,1,2,0,41,79,185,0,0,17,0,0,0,0,0,0,4.45,5.04,3.75,2.5,4.45,5.04,-0.7,-2.54
district,Koshi,Terhathum,Female,22 Year,402,0,0,0,14,0,0,0,49,120,204,1,0,14,0,0,0,0,0,0,3.48,3.48,6.61,1.93,3.48,3.48,3.13,-1.55
district,Koshi,Terhathum,Female,23 Year,408,0,0,0,8,0,2,0,44,107,227,1,0,19,0,0,0,0,0,0,2.45,4.66,2.31,5.38,2.45,4.66,-0.14,0.72
district,Koshi,Terhathum,Female,24 Year,448,0,0,0,10,0,1,0,34,127,253,2,1,20,0,0,0,0,0,0,2.46,4.46,2.48,3.23,2.46,4.46,0.02,-1.23
district,Koshi,Terhathum,Female,25 Year,477,0,0,0,0,1,1,1,56,155,247,1,1,14,0,0,0,0,0,0,0.42,2.94,0.0,2.47,0.42,2.94,-0.42,-0.47
district,Koshi,Panchthar,Total,All Ages,52803,4481,16692,10471,5769,5,97,30,2415,5540,6292,29,33,942,0,0,0,0,0,7,71.05,1.78,69.88,1.86,72.3,1.7,-2.42,0.16
district,Koshi,Panchthar,Total,5 Year,3204,2939,0,0,0,0,1,4,0,0,0,0,3,254,0,0,0,0,0,3,91.76,7.93,90.33,9.3,93.23,6.51,-2.9,2.79
district,Koshi,Panchthar,Total,6 Year,3271,1071,2113,0,0,1,0,0,5,0,0,0,3,77,0,0,0,0,0,1,97.37,2.35,97.3,2.46,97.45,2.24,-0.15,0.22
district,Koshi,Panchthar,Total,7 Year,3198,354,2796,0,0,0,0,2,8,0,0,0,0,37,0,0,0,0,0,1,98.5,1.16,98.34,1.35,98.66,0.96,-0.32,0.39
district,Koshi,Panchthar,Total,8 Year,3116,76,2995,0,0,0,0,0,9,0,0,0,3,33,0,0,0,0,0,0,98.56,1.06,98.39,1.03,98.72,1.09,-0.33,-0.06
district,Koshi,Panchthar,Total,9 Year,3010,27,2940,0,0,0,0,0,20,0,0,0,3,20,0,0,0,0,0,0,98.57,0.66,98.23,0.92,98.92,0.4,-0.69,0.52
district,Koshi,Panchthar,Total,10 Year,2994,4,2804,0,0,0,0,1,167,0,0,0,2,16,0,0,0,0,0,0,93.79,0.53,92.81,0.6,94.75,0.46,-1.94,0.14
district,Koshi,Panchthar,Total,11 Year,2837,3,1614,1095,0,0,0,2,85,13,0,0,1,24,0,0,0,0,0,0,95.59,0.85,94.8,1.01,96.35,0.69,-1.55,0.32
district,Koshi,Panchthar,Total,12 Year,3041,1,843,2104,0,0,0,1,54,23,0,0,0,15,0,0,0,0,0,0,96.94,0.49,96.41,0.58,97.5,0.41,-1.09,0.17
district,Koshi,Panchthar,Total,13 Year,3242,2,370,2773,0,0,0,1,39,37,0,0,0,19,0,0,0,0,0,1,97.01,0.59,96.6,0.37,97.41,0.8,-0.81,-0.43
district,Koshi,Panchthar,Total,14 Year,3435,4,193,2112,971,0,0,2,53,69,15,0,0,16,0,0,0,0,0,0,95.49,0.47,94.98,0.23,95.99,0.7,-1.01,-0.47
district,Koshi,Panchthar,Total,15 Year,3061,0,8,1197,1500,0,27,1,108,135,60,0,0,25,0,0,0,0,0,0,89.25,0.82,88.01,1.0,90.6,0.61,-2.59,0.39
district,Koshi,Panchthar,Total,16 Year,2337,0,6,587,1279,1,17,0,100,194,115,2,1,35,0,0,0,0,0,0,80.87,1.5,80.43,1.23,81.43,1.84,-1.0,-0.61
district,Koshi,Panchthar,Total,17 Year,1895,0,3,339,891,0,9,1,146,288,186,0,1,31,0,0,0,0,0,0,65.54,1.64,66.64,1.96,64.12,1.21,2.52,0.75
district,Koshi,Panchthar,Total,18 Year,1721,0,3,178,512,0,5,0,174,430,379,2,0,38,0,0,0,0,0,0,40.56,2.21,41.82,2.32,38.85,2.05,2.97,0.27
district,Koshi,Panchthar,Total,19 Year,1516,0,4,86,294,0,2,0,165,437,501,3,1,23,0,0,0,0,0,0,25.46,1.52,26.61,1.92,23.85,0.95,2.76,0.97
district,Koshi,Panchthar,Total,20 Year,1778,0,0,0,157,1,9,3,190,625,741,2,2,47,0,0,0,0,0,1,9.39,2.64,10.73,2.31,7.68,3.07,3.05,-0.76
district,Koshi,Panchthar,Total,21 Year,1638,0,0,0,57,1,12,1,203,608,717,2,2,35,0,0,0,0,0,0,4.27,2.14,4.77,1.14,3.7,3.3,1.07,-2.16
district,Koshi,Panchthar,Total,22 Year,1817,0,0,0,54,0,6,6,226,646,828,2,2,47,0,0,0,0,0,0,3.3,2.59,4.26,2.53,2.17,2.65,2.09,-0.12
district,Koshi,Panchthar,Total,23 Year,1836,0,0,0,31,0,3,2,221,666,855,5,4,49,0,0,0,0,0,0,1.85,2.67,1.68,2.62,2.04,2.72,-0.36,-0.1
district,Koshi,Panchthar,Total,24 Year,1821,0,0,0,23,0,2,1,194,658,899,3,3,38,0,0,0,0,0,0,1.37,2.09,1.5,1.61,1.24,2.58,0.26,-0.97
district,Koshi,Panchthar,Total,25 Year,2035,0,0,0,0,1,4,2,248,711,996,8,2,63,0,0,0,0,0,0,0.25,3.1,0.29,3.09,0.2,3.11,0.09,-0.02
district,Koshi,Panchthar,Male,All Ages,27389,2321,8406,5358,2987,2,66,9,1604,3187,2906,16,13,509,0,0,0,0,0,5,69.88,1.86,69.88,1.86,72.3,1.7,-2.42,0.16
district,Koshi,Panchthar,Male,5 Year,1623,1465,0,0,0,0,1,2,0,0,0,0,2,151,0,0,0,0,0,2,90.33,9.3,90.33,9.3,93.23,6.51,-2.9,2.79
district,Koshi,Panchthar,Male,6 Year,1665,585,1034,0,0,1,0,0,2,0,0,0,1,41,0,0,0,0,0,1,97.3,2.46,97.3,2.46,97.45,2.24,-0.15,0.22
district,Koshi,Panchthar,Male,7 Year,1629,211,1391,0,0,0,0,1,4,0,0,0,0,22,0,0,0,0,0,0,98.34,1.35,98.34,1.35,98.66,0.96,-0.32,0.39
district,Koshi,Panchthar,Male,8 Year,1555,38,1492,0,0,0,0,0,7,0,0,0,2,16,0,0,0,0,0,0,98.39,1.03,98.39,1.03,98.72,1.09,-0.33,-0.06
district,Koshi,Panchthar,Male,9 Year,1522,15,1480,0,0,0,0,0,12,0,0,0,1,14,0,0,0,0,0,0,98.23,0.92,98.23,0.92,98.92,0.4,-0.69,0.52
district,Koshi,Panchthar,Male,10 Year,1488,2,1379,0,0,0,0,0,98,0,0,0,0,9,0,0,0,0,0,0,92.81,0.6,92.81,0.6,94.75,0.46,-1.94,0.14
district,Koshi,Panchthar,Male,11 Year,1385,2,798,513,0,0,0,0,49,8,0,0,1,14,0,0,0,0,0,0,94.8,1.01,94.8,1.01,96.35,0.69,-1.55,0.32
district,Koshi,Panchthar,Male,12 Year,1562,0,483,1023,0,0,0,1,33,13,0,0,0,9,0,0,0,0,0,0,96.41,0.58,96.41,0.58,97.5,0.41,-1.09,0.17
district,Koshi,Panchthar,Male,13 Year,1618,2,220,1341,0,0,0,1,25,22,0,0,0,6,0,0,0,0,0,1,96.6,0.37,96.6,0.37,97.41,0.8,-0.81,-0.43
district,Koshi,Panchthar,Male,14 Year,1713,1,117,1098,411,0,0,1,32,40,9,0,0,4,0,0,0,0,0,0,94.98,0.23,94.98,0.23,95.99,0.7,-1.01,-0.47
district,Koshi,Panchthar,Male,15 Year,1593,0,4,652,730,0,16,0,83,75,17,0,0,16,0,0,0,0,0,0,88.01,1.0,88.01,1.0,90.6,0.61,-2.59,0.39
district,Koshi,Panchthar,Male,16 Year,1303,0,2,350,685,0,11,0,84,107,47,1,0,16,0,0,0,0,0,0,80.43,1.23,80.43,1.23,81.43,1.84,-1.0,-0.61
district,Koshi,Panchthar,Male,17 Year,1070,0,1,207,498,0,7,0,113,153,70,0,0,21,0,0,0,0,0,0,66.64,1.96,66.64,1.96,64.12,1.21,2.52,0.75
district,Koshi,Panchthar,Male,18 Year,990,0,1,122,286,0,5,0,127,263,163,0,0,23,0,0,0,0,0,0,41.82,2.32,41.82,2.32,38.85,2.05,2.97,0.27
district,Koshi,Panchthar,Male,19 Year,887,0,4,52,178,0,2,0,116,259,256,2,1,17,0,0,0,0,0,0,26.61,1.92,26.61,1.92,23.85,0.95,2.76,0.97
district,Koshi,Panchthar,Male,20 Year,997,0,0,0,101,1,5,1,132,365,366,1,1,23,0,0,0,0,0,1,10.73,2.31,10.73,2.31,7.68,3.07,3.05,-0.76
district,Koshi,Panchthar,Male,21 Year,881,0,0,0,35,0,7,1,138,362,327,0,1,10,0,0,0,0,0,0,4.77,1.14,4.77,1.14,3.7,3.3,1.07,-2.16
district,Koshi,Panchthar,Male,22 Year,987,0,0,0,37,0,5,1,159,365,393,2,0,25,0,0,0,0,0,0,4.26,2.53,4.26,2.53,2.17,2.65,2.09,-0.12
district,Koshi,Panchthar,Male,23 Year,953,0,0,0,14,0,2,0,130,380,396,3,3,25,0,0,0,0,0,0,1.68,2.62,1.68,2.62,2.04,2.72,-0.36,-0.1
district,Koshi,Panchthar,Male,24 Year,931,0,0,0,12,0,2,0,113,366,421,2,0,15,0,0,0,0,0,0,1.5,1.61,1.5,1.61,1.24,2.58,0.26,-0.97
district,Koshi,Panchthar,Male,25 Year,1037,0,0,0,0,0,3,0,147,409,441,5,0,32,0,0,0,0,0,0,0.29,3.09,0.29,3.09,0.2,3.11,0.09,-0.02
district,Koshi,Panchthar,Female,All Ages,25414,2160,8286,5113,2782,3,31,21,811,2353,3386,13,20,433,0,0,0,0,0,2,72.3,1.7,69.88,1.86,72.3,1.7,-2.42,0.16
district,Koshi,Panchthar,Female,5 Year,1581,1474,0,0,0,0,0,2,0,0,0,0,1,103,0,0,0,0,0,1,93.23,6.51,90.33,9.3,93.23,6.51,-2.9,2.79
district,Koshi,Panchthar,Female,6 Year,1606,486,1079,0,0,0,0,0,3,0,0,0,2,36,0,0,0,0,0,0,97.45,2.24,97.3,2.46,97.45,2.24,-0.15,0.22
district,Koshi,Panchthar,Female,7 Year,1569,143,1405,0,0,0,0,1,4,0,0,0,0,15,0,0,0,0,0,1,98.66,0.96,98.34,1.35,98.66,0.96,-0.32,0.39
district,Koshi,Panchthar,Female,8 Year,1561,38,1503,0,0,0,0,0,2,0,0,0,1,17,0,0,0,0,0,0,98.72,1.09,98.39,1.03,98.72,1.09,-0.33,-0.06
district,Koshi,Panchthar,Female,9 Year,1488,12,1460,0,0,0,0,0,8,0,0,0,2,6,0,0,0,0,0,0,98.92,0.4,98.23,0.92,98.92,0.4,-0.69,0.52
district,Koshi,Panchthar,Female,10 Year,1506,2,1425,0,0,0,0,1,69,0,0,0,2,7,0,0,0,0,0,0,94.75,0.46,92.81,0.6,94.75,0.46,-1.94,0.14
district,Koshi,Panchthar,Female,11 Year,1452,1,816,582,0,0,0,2,36,5,0,0,0,10,0,0,0,0,0,0,96.35,0.69,94.8,1.01,96.35,0.69,-1.55,0.32
district,Koshi,Panchthar,Female,12 Year,1479,1,360,1081,0,0,0,0,21,10,0,0,0,6,0,0,0,0,0,0,97.5,0.41,96.41,0.58,97.5,0.41,-1.09,0.17
district,Koshi,Panchthar,Female,13 Year,1624,0,150,1432,0,0,0,0,14,15,0,0,0,13,0,0,0,0,0,0,97.41,0.8,96.6,0.37,97.41,0.8,-0.81,-0.43
district,Koshi,Panchthar,Female,14 Year,1722,3,76,1014,560,0,0,1,21,29,6,0,0,12,0,0,0,0,0,0,95.99,0.7,94.98,0.23,95.99,0.7,-1.01,-0.47
district,Koshi,Panchthar,Female,15 Year,1468,0,4,545,770,0,11,1,25,60,43,0,0,9,0,0,0,0,0,0,90.6,0.61,88.01,1.0,90.6,0.61,-2.59,0.39
district,Koshi,Panchthar,Female,16 Year,1034,0,4,237,594,1,6,0,16,87,68,1,1,19,0,0,0,0,0,0,81.43,1.84,80.43,1.23,81.43,1.84,-1.0,-0.61
district,Koshi,Panchthar,Female,17 Year,825,0,2,132,393,0,2,1,33,135,116,0,1,10,0,0,0,0,0,0,64.12,1.21,66.64,1.96,64.12,1.21,2.52,0.75
district,Koshi,Panchthar,Female,18 Year,731,0,2,56,226,0,0,0,47,167,216,2,0,15,0,0,0,0,0,0,38.85,2.05,41.82,2.32,38.85,2.05,2.97,0.27
district,Koshi,Panchthar,Female,19 Year,629,0,0,34,116,0,0,0,49,178,245,1,0,6,0,0,0,0,0,0,23.85,0.95,26.61,1.92,23.85,0.95,2.76,0.97
district,Koshi,Panchthar,Female,20 Year,781,0,0,0,56,0,4,2,58,260,375,1,1,24,0,0,0,0,0,0,7.68,3.07,10.73,2.31,7.68,3.07,3.05,-0.76
district,Koshi,Panchthar,Female,21 Year,757,0,0,0,22,1,5,0,65,246,390,2,1,25,0,0,0,0,0,0,3.7,3.3,4.77,1.14,3.7,3.3,1.07,-2.16
district,Koshi,Panchthar,Female,22 Year,830,0,0,0,17,0,1,5,67,281,435,0,2,22,0,0,0,0,0,0,2.17,2.65,4.26,2.53,2.17,2.65,2.09,-0.12
district,Koshi,Panchthar,Female,23 Year,883,0,0,0,17,0,1,2,91,286,459,2,1,24,0,0,0,0,0,0,2.04,2.72,1.68,2.62,2.04,2.72,-0.36,-0.1
district,Koshi,Panchthar,Female,24 Year,890,0,0,0,11,0,0,1,81,292,478,1,3,23,0,0,0,0,0,0,1.24,2.58,1.5,1.61,1.24,2.58,0.26,-0.97
district,Koshi,Panchthar,Female,25 Year,998,0,0,0,0,1,1,2,101,302,555,3,2,31,0,0,0,0,0,0,0.2,3.11,0.29,3.09,0.2,3.11,0.09,-0.02
district,Koshi,Ilam,Total,All Ages,72612,6252,22777,13733,8608,26,102,70,3397,8128,8100,54,49,1315,0,0,0,0,0,1,70.92,1.81,70.62,1.82,71.25,1.8,-0.63,0.02
district,Koshi,Ilam,Total,5 Year,4127,3894,0,0,0,0,1,21,0,0,0,0,1,209,0,0,0,0,0,1,94.38,5.06,94.31,4.98,94.45,5.16,-0.14,-0.18
district,Koshi,Ilam,Total,6 Year,4297,1634,2552,0,0,0,0,3,11,0,0,1,0,96,0,0,0,0,0,0,97.42,2.23,97.51,2.17,97.32,2.3,0.19,-0.13
district,Koshi,Ilam,Total,7 Year,4255,543,3642,0,0,0,0,0,20,0,0,0,0,50,0,0,0,0,0,0,98.35,1.18,98.09,1.36,98.64,0.97,-0.55,0.39
district,Koshi,Ilam,Total,8 Year,4307,130,4104,0,0,0,0,0,23,0,0,1,1,48,0,0,0,0,0,0,98.31,1.11,98.52,0.85,98.07,1.4,0.45,-0.55
district,Koshi,Ilam,Total,9 Year,4328,29,4222,0,0,1,0,1,26,0,0,2,2,45,0,0,0,0,0,0,98.24,1.04,98.25,1.03,98.23,1.05,0.02,-0.02
district,Koshi,Ilam,Total,10 Year,4217,10,3897,0,0,0,0,2,268,0,0,0,0,40,0,0,0,0,0,0,92.65,0.95,91.97,0.96,93.39,0.94,-1.42,0.02
district,Koshi,Ilam,Total,11 Year,3666,6,2254,1221,0,1,0,3,124,16,0,0,1,40,0,0,0,0,0,0,94.98,1.09,94.07,1.3,95.99,0.86,-1.92,0.44
district,Koshi,Ilam,Total,12 Year,4294,1,1360,2764,0,0,0,1,85,47,0,0,1,35,0,0,0,0,0,0,96.06,0.82,95.31,0.84,96.81,0.79,-1.5,0.05
district,Koshi,Ilam,Total,13 Year,4392,3,522,3696,0,0,0,3,63,76,0,1,0,28,0,0,0,0,0,0,96.11,0.64,95.23,0.74,97.06,0.52,-1.83,0.22
district,Koshi,Ilam,Total,14 Year,4736,2,224,2892,1376,0,0,4,83,88,32,0,0,35,0,0,0,0,0,0,94.89,0.74,94.43,0.77,95.33,0.71,-0.9,0.06
district,Koshi,Ilam,Total,15 Year,4489,0,0,1722,2340,6,20,2,117,168,70,1,0,43,0,0,0,0,0,0,91.07,0.96,89.7,0.96,92.49,0.96,-2.79,0.0
district,Koshi,Ilam,Total,16 Year,3602,0,0,851,2131,4,12,0,113,302,147,1,2,39,0,0,0,0,0,0,83.23,1.08,81.85,1.2,84.96,0.94,-3.11,0.26
district,Koshi,Ilam,Total,17 Year,2508,0,0,316,1313,2,8,1,151,403,278,1,1,34,0,0,0,0,0,0,65.35,1.36,66.15,1.55,64.31,1.1,1.84,0.45
district,Koshi,Ilam,Total,18 Year,2316,0,0,191,788,2,6,3,224,599,442,1,0,60,0,0,0,0,0,0,42.62,2.59,42.63,2.44,42.6,2.78,0.03,-0.34
district,Koshi,Ilam,Total,19 Year,1881,0,0,80,353,3,7,4,200,628,552,0,0,54,0,0,0,0,0,0,23.55,2.87,24.41,3.22,22.52,2.45,1.89,0.77
district,Koshi,Ilam,Total,20 Year,2254,0,0,0,143,3,20,3,248,885,878,3,9,62,0,0,0,0,0,0,7.36,2.75,7.94,3.0,6.67,2.45,1.27,0.55
district,Koshi,Ilam,Total,21 Year,2112,0,0,0,64,3,10,2,233,826,908,2,8,56,0,0,0,0,0,0,3.65,2.65,3.33,2.52,4.0,2.8,-0.67,-0.28
district,Koshi,Ilam,Total,22 Year,2551,0,0,0,38,1,6,5,310,1045,1063,10,2,71,0,0,0,0,0,0,1.76,2.78,2.13,2.94,1.34,2.61,0.79,0.33
district,Koshi,Ilam,Total,23 Year,2424,0,0,0,34,0,2,5,309,923,1060,7,5,79,0,0,0,0,0,0,1.49,3.26,1.26,3.54,1.7,2.99,-0.44,0.55
district,Koshi,Ilam,Total,24 Year,2670,0,0,0,28,0,5,3,346,987,1196,10,7,88,0,0,0,0,0,0,1.24,3.3,1.45,3.14,1.03,3.45,0.42,-0.31
district,Koshi,Ilam,Total,25 Year,3186,0,0,0,0,0,5,4,443,1135,1474,13,9,103,0,0,0,0,0,0,0.16,3.23,0.13,2.54,0.18,3.87,-0.05,-1.33
district,Koshi,Ilam,Male,All Ages,37635,3254,11843,7108,4302,13,58,34,2159,4658,3468,29,24,684,0,0,0,0,0,1,70.62,1.82,70.62,1.82,71.25,1.8,-0.63,0.02
district,Koshi,Ilam,Male,5 Year,2110,1989,0,0,0,0,1,14,0,0,0,0,0,105,0,0,0,0,0,1,94.31,4.98,94.31,4.98,94.45,5.16,-0.14,-0.18
district,Koshi,Ilam,Male,6 Year,2208,863,1290,0,0,0,0,1,5,0,0,1,0,48,0,0,0,0,0,0,97.51,2.17,97.51,2.17,97.32,2.3,0.19,-0.13
district,Koshi,Ilam,Male,7 Year,2201,297,1862,0,0,0,0,0,12,0,0,0,0,30,0,0,0,0,0,0,98.09,1.36,98.09,1.36,98.64,0.97,-0.55,0.39
district,Koshi,Ilam,Male,8 Year,2233,77,2123,0,0,0,0,0,13,0,0,0,1,19,0,0,0,0,0,0,98.52,0.85,98.52,0.85,98.07,1.4,0.45,-0.55
district,Koshi,Ilam,Male,9 Year,2232,17,2175,0,0,1,0,0,14,0,0,2,0,23,0,0,0,0,0,0,98.25,1.03,98.25,1.03,98.23,1.05,0.02,-0.02
district,Koshi,Ilam,Male,10 Year,2191,5,2010,0,0,0,0,0,155,0,0,0,0,21,0,0,0,0,0,0,91.97,0.96,91.97,0.96,93.39,0.94,-1.42,0.02
district,Koshi,Ilam,Male,11 Year,1922,4,1224,579,0,1,0,3,82,4,0,0,0,25,0,0,0,0,0,0,94.07,1.3,94.07,1.3,95.99,0.86,-1.92,0.44
district,Koshi,Ilam,Male,12 Year,2134,0,733,1301,0,0,0,1,55,25,0,0,1,18,0,0,0,0,0,0,95.31,0.84,95.31,0.84,96.81,0.79,-1.5,0.05
district,Koshi,Ilam,Male,13 Year,2286,2,296,1879,0,0,0,2,42,47,0,1,0,17,0,0,0,0,0,0,95.23,0.74,95.23,0.74,97.06,0.52,-1.83,0.22
district,Koshi,Ilam,Male,14 Year,2336,0,130,1499,577,0,0,1,56,46,9,0,0,18,0,0,0,0,0,0,94.43,0.77,94.43,0.77,95.33,0.71,-0.9,0.06
district,Koshi,Ilam,Male,15 Year,2291,0,0,968,1071,4,12,0,84,100,29,1,0,22,0,0,0,0,0,0,89.7,0.96,89.7,0.96,92.49,0.96,-2.79,0.0
district,Koshi,Ilam,Male,16 Year,2006,0,0,516,1117,1,8,0,85,189,64,1,1,24,0,0,0,0,0,0,81.85,1.2,81.85,1.2,84.96,0.94,-3.11,0.26
district,Koshi,Ilam,Male,17 Year,1418,0,0,200,732,1,5,0,100,237,119,1,1,22,0,0,0,0,0,0,66.15,1.55,66.15,1.55,64.31,1.1,1.84,0.45
district,Koshi,Ilam,Male,18 Year,1309,0,0,122,432,2,2,1,147,374,196,1,0,32,0,0,0,0,0,0,42.63,2.44,42.63,2.44,42.6,2.78,0.03,-0.34
district,Koshi,Ilam,Male,19 Year,1024,0,0,44,201,0,5,3,133,360,245,0,0,33,0,0,0,0,0,0,24.41,3.22,24.41,3.22,22.52,2.45,1.89,0.77
district,Koshi,Ilam,Male,20 Year,1234,0,0,0,87,2,9,2,156,520,414,2,5,37,0,0,0,0,0,0,7.94,3.0,7.94,3.0,6.67,2.45,1.27,0.55
district,Koshi,Ilam,Male,21 Year,1111,0,0,0,32,1,4,0,153,476,411,1,5,28,0,0,0,0,0,0,3.33,2.52,3.33,2.52,4.0,2.8,-0.67,-0.28
district,Koshi,Ilam,Male,22 Year,1361,0,0,0,24,0,5,2,198,621,466,4,1,40,0,0,0,0,0,0,2.13,2.94,2.13,2.94,1.34,2.61,0.79,0.33
district,Koshi,Ilam,Male,23 Year,1187,0,0,0,14,0,1,3,193,493,434,4,3,42,0,0,0,0,0,0,1.26,3.54,1.26,3.54,1.7,2.99,-0.44,0.55
district,Koshi,Ilam,Male,24 Year,1307,0,0,0,15,0,4,0,207,549,483,5,3,41,0,0,0,0,0,0,1.45,3.14,1.45,3.14,1.03,3.45,0.42,-0.31
district,Koshi,Ilam,Male,25 Year,1534,0,0,0,0,0,2,1,269,617,598,5,3,39,0,0,0,0,0,0,0.13,2.54,0.13,2.54,0.18,3.87,-0.05,-1.33
district,Koshi,Ilam,Female,All Ages,34977,2998,10934,6625,4306,13,44,36,1238,3470,4632,25,25,631,0,0,0,0,0,0,71.25,1.8,70.62,1.82,71.25,1.8,-0.63,0.02
district,Koshi,Ilam,Female,5 Year,2017,1905,0,0,0,0,0,7,0,0,0,0,1,104,0,0,0,0,0,0,94.45,5.16,94.31,4.98,94.45,5.16,-0.14,-0.18
district,Koshi,Ilam,Female,6 Year,2089,771,1262,0,0,0,0,2,6,0,0,0,0,48,0,0,0,0,0,0,97.32,2.3,97.51,2.17,97.32,2.3,0.19,-0.13
district,Koshi,Ilam,Female,7 Year,2054,246,1780,0,0,0,0,0,8,0,0,0,0,20,0,0,0,0,0,0,98.64,0.97,98.09,1.36,98.64,0.97,-0.55,0.39
district,Koshi,Ilam,Female,8 Year,2074,53,1981,0,0,0,0,0,10,0,0,1,0,29,0,0,0,0,0,0,98.07,1.4,98.52,0.85,98.07,1.4,0.45,-0.55
district,Koshi,Ilam,Female,9 Year,2096,12,2047,0,0,0,0,1,12,0,0,0,2,22,0,0,0,0,0,0,98.23,1.05,98.25,1.03,98.23,1.05,0.02,-0.02
district,Koshi,Ilam,Female,10 Year,2026,5,1887,0,0,0,0,2,113,0,0,0,0,19,0,0,0,0,0,0,93.39,0.94,91.97,0.96,93.39,0.94,-1.42,0.02
district,Koshi,Ilam,Female,11 Year,1744,2,1030,642,0,0,0,0,42,12,0,0,1,15,0,0,0,0,0,0,95.99,0.86,94.07,1.3,95.99,0.86,-1.92,0.44
district,Koshi,Ilam,Female,12 Year,2160,1,627,1463,0,0,0,0,30,22,0,0,0,17,0,0,0,0,0,0,96.81,0.79,95.31,0.84,96.81,0.79,-1.5,0.05
district,Koshi,Ilam,Female,13 Year,2106,1,226,1817,0,0,0,1,21,29,0,0,0,11,0,0,0,0,0,0,97.06,0.52,95.23,0.74,97.06,0.52,-1.83,0.22
district,Koshi,Ilam,Female,14 Year,2400,2,94,1393,799,0,0,3,27,42,23,0,0,17,0,0,0,0,0,0,95.33,0.71,94.43,0.77,95.33,0.71,-0.9,0.06
district,Koshi,Ilam,Female,15 Year,2198,0,0,754,1269,2,8,2,33,68,41,0,0,21,0,0,0,0,0,0,92.49,0.96,89.7,0.96,92.49,0.96,-2.79,0.0
district,Koshi,Ilam,Female,16 Year,1596,0,0,335,1014,3,4,0,28,113,83,0,1,15,0,0,0,0,0,0,84.96,0.94,81.85,1.2,84.96,0.94,-3.11,0.26
district,Koshi,Ilam,Female,17 Year,1090,0,0,116,581,1,3,1,51,166,159,0,0,12,0,0,0,0,0,0,64.31,1.1,66.15,1.55,64.31,1.1,1.84,0.45
district,Koshi,Ilam,Female,18 Year,1007,0,0,69,356,0,4,2,77,225,246,0,0,28,0,0,0,0,0,0,42.6,2.78,42.63,2.44,42.6,2.78,0.03,-0.34
district,Koshi,Ilam,Female,19 Year,857,0,0,36,152,3,2,1,67,268,307,0,0,21,0,0,0,0,0,0,22.52,2.45,24.41,3.22,22.52,2.45,1.89,0.77
district,Koshi,Ilam,Female,20 Year,1020,0,0,0,56,1,11,1,92,365,464,1,4,25,0,0,0,0,0,0,6.67,2.45,7.94,3.0,6.67,2.45,1.27,0.55
district,Koshi,Ilam,Female,21 Year,1001,0,0,0,32,2,6,2,80,350,497,1,3,28,0,0,0,0,0,0,4.0,2.8,3.33,2.52,4.0,2.8,-0.67,-0.28
district,Koshi,Ilam,Female,22 Year,1190,0,0,0,14,1,1,3,112,424,597,6,1,31,0,0,0,0,0,0,1.34,2.61,2.13,2.94,1.34,2.61,0.79,0.33
district,Koshi,Ilam,Female,23 Year,1237,0,0,0,20,0,1,2,116,430,626,3,2,37,0,0,0,0,0,0,1.7,2.99,1.26,3.54,1.7,2.99,-0.44,0.55
district,Koshi,Ilam,Female,24 Year,1363,0,0,0,13,0,1,3,139,438,713,5,4,47,0,0,0,0,0,0,1.03,3.45,1.45,3.14,1.03,3.45,0.42,-0.31
district,Koshi,Ilam,Female,25 Year,1652,0,0,0,0,0,3,3,174,518,876,8,6,64,0,0,0,0,0,0,0.18,3.87,0.13,2.54,0.18,3.87,-0.05,-1.33
district,Koshi,Jhapa,Total,All Ages,273973,30825,95400,53134,26705,153,404,210,14856,22152,21412,235,169,8277,1,1,0,0,0,39,75.42,3.02,76.89,2.62,73.91,3.43,2.98,-0.81
district,Koshi,Jhapa,Total,5 Year,17256,16207,0,0,0,5,1,26,0,0,0,0,4,994,1,0,0,0,0,18,93.96,5.76,93.79,5.88,94.14,5.63,-0.35,0.25
district,Koshi,Jhapa,Total,6 Year,17896,9543,7837,0,0,7,1,11,23,0,0,2,6,463,0,0,0,0,0,3,97.16,2.59,97.06,2.63,97.27,2.54,-0.21,0.09
district,Koshi,Jhapa,Total,7 Year,17690,3622,13767,0,0,1,1,3,45,0,0,0,3,248,0,0,0,0,0,0,98.31,1.4,98.34,1.44,98.28,1.36,0.06,0.08
district,Koshi,Jhapa,Total,8 Year,18455,1022,17143,0,0,4,4,6,46,0,0,1,9,219,0,1,0,0,0,0,98.47,1.19,98.46,1.19,98.48,1.18,-0.02,0.01
district,Koshi,Jhapa,Total,9 Year,16976,295,16461,0,0,2,3,2,62,0,0,1,5,144,0,0,0,0,0,1,98.73,0.85,98.71,0.83,98.75,0.87,-0.04,-0.04
district,Koshi,Jhapa,Total,10 Year,18765,67,16871,0,0,9,0,37,1574,0,0,1,5,201,0,0,0,0,0,0,90.31,1.07,89.78,1.0,90.89,1.14,-1.11,-0.14
district,Koshi,Jhapa,Total,11 Year,16295,24,11810,3610,0,4,2,12,641,47,0,0,3,142,0,0,0,0,0,0,94.81,0.87,94.18,0.93,95.48,0.81,-1.3,0.12
district,Koshi,Jhapa,Total,12 Year,18242,22,7269,10201,0,9,1,16,431,113,0,4,5,171,0,0,0,0,0,0,95.94,0.94,95.75,0.94,96.14,0.93,-0.39,0.01
district,Koshi,Jhapa,Total,13 Year,17616,13,2914,13948,0,2,1,11,330,213,0,0,1,180,0,0,0,0,0,3,95.81,1.02,95.13,1.09,96.5,0.95,-1.37,0.14
district,Koshi,Jhapa,Total,14 Year,17808,10,1309,12101,3444,13,3,7,389,292,62,3,0,174,0,0,0,0,0,1,94.79,0.98,94.21,1.08,95.37,0.88,-1.16,0.2
district,Koshi,Jhapa,Total,15 Year,16946,0,4,7696,7503,18,106,11,679,505,192,6,1,224,0,0,0,0,0,1,90.45,1.32,89.02,1.52,91.95,1.11,-2.93,0.41
district,Koshi,Jhapa,Total,16 Year,12523,0,5,3201,7219,13,55,1,676,793,320,11,2,227,0,0,0,0,0,0,83.79,1.81,82.97,1.72,84.72,1.92,-1.75,-0.2
district,Koshi,Jhapa,Total,17 Year,8330,0,6,1363,4110,9,40,4,707,1161,654,10,4,262,0,0,0,0,0,0,66.36,3.15,66.68,2.92,65.97,3.42,0.71,-0.5
district,Koshi,Jhapa,Total,18 Year,7949,0,3,718,2482,13,28,6,1085,1893,1248,10,7,455,0,0,0,0,0,1,40.81,5.72,42.56,4.98,38.8,6.58,3.76,-1.6
district,Koshi,Jhapa,Total,19 Year,5595,0,1,296,951,13,11,6,785,1800,1418,9,5,297,0,0,0,0,0,3,22.73,5.31,24.97,4.18,20.37,6.5,4.6,-2.32
district,Koshi,Jhapa,Total,20 Year,7432,0,0,0,488,11,43,12,1332,2572,2303,30,20,617,0,0,0,0,0,4,7.29,8.3,8.4,6.33,6.27,10.13,2.13,-3.8
district,Koshi,Jhapa,Total,21 Year,5963,0,0,0,199,6,31,7,929,2127,2201,22,15,424,0,0,0,0,0,2,3.96,7.11,4.61,5.6,3.37,8.47,1.24,-2.87
district,Koshi,Jhapa,Total,22 Year,7723,0,0,0,148,2,28,4,1279,2730,2843,29,12,648,0,0,0,0,0,0,2.3,8.39,2.34,6.81,2.28,9.68,0.06,-2.87
district,Koshi,Jhapa,Total,23 Year,6941,0,0,0,89,4,13,6,1041,2358,2887,28,14,500,0,0,0,0,0,1,1.53,7.2,1.63,6.21,1.44,7.99,0.19,-1.78
district,Koshi,Jhapa,Total,24 Year,7743,0,0,0,68,6,12,8,1165,2614,3246,26,20,577,0,0,0,0,0,1,1.11,7.45,1.37,6.52,0.9,8.19,0.47,-1.67
district,Koshi,Jhapa,Total,25 Year,9829,0,0,0,4,2,20,14,1637,2934,4038,42,28,1110,0,0,0,0,0,0,0.26,11.29,0.33,8.42,0.22,13.25,0.11,-4.83
district,Koshi,Jhapa,Male,All Ages,138431,16439,49358,27088,13238,115,204,108,7986,11668,8413,83,80,3632,1,0,0,0,0,18,76.89,2.62,76.89,2.62,73.91,3.43,2.98,-0.81
district,Koshi,Jhapa,Male,5 Year,9047,8482,0,0,0,2,1,17,0,0,0,0,4,532,1,0,0,0,0,8,93.79,5.88,93.79,5.88,94.14,5.63,-0.35,0.25
district,Koshi,Jhapa,Male,6 Year,9361,5135,3947,0,0,4,0,7,15,0,0,1,4,246,0,0,0,0,0,2,97.06,2.63,97.06,2.63,97.27,2.54,-0.21,0.09
district,Koshi,Jhapa,Male,7 Year,9143,2024,6966,0,0,1,0,1,16,0,0,0,3,132,0,0,0,0,0,0,98.34,1.44,98.34,1.44,98.28,1.36,0.06,0.08
district,Koshi,Jhapa,Male,8 Year,9499,573,8776,0,0,2,2,3,25,0,0,0,5,113,0,0,0,0,0,0,98.46,1.19,98.46,1.19,98.48,1.18,-0.02,0.01
district,Koshi,Jhapa,Male,9 Year,8715,161,8440,0,0,1,1,0,36,0,0,0,4,72,0,0,0,0,0,0,98.71,0.83,98.71,0.83,98.75,0.87,-0.04,-0.04
district,Koshi,Jhapa,Male,10 Year,9763,38,8721,0,0,6,0,26,872,0,0,0,2,98,0,0,0,0,0,0,89.78,1.0,89.78,1.0,90.89,1.14,-1.11,-0.14
district,Koshi,Jhapa,Male,11 Year,8373,14,6170,1699,0,2,1,5,382,19,0,0,3,78,0,0,0,0,0,0,94.18,0.93,94.18,0.93,95.48,0.81,-1.3,0.12
district,Koshi,Jhapa,Male,12 Year,9347,6,4005,4930,0,8,1,8,239,57,0,3,2,88,0,0,0,0,0,0,95.75,0.94,95.75,0.94,96.14,0.93,-0.39,0.01
district,Koshi,Jhapa,Male,13 Year,8918,2,1602,6879,0,1,0,6,209,120,0,0,1,97,0,0,0,0,0,1,95.13,1.09,95.13,1.09,96.5,0.95,-1.37,0.14
district,Koshi,Jhapa,Male,14 Year,8912,4,718,6160,1501,12,1,4,231,158,25,1,0,96,0,0,0,0,0,1,94.21,1.08,94.21,1.08,95.37,0.88,-1.16,0.2
district,Koshi,Jhapa,Male,15 Year,8687,0,3,4222,3444,17,47,4,419,311,87,1,0,132,0,0,0,0,0,0,89.02,1.52,89.02,1.52,91.95,1.11,-2.93,0.41
district,Koshi,Jhapa,Male,16 Year,6634,0,2,1801,3659,10,32,0,374,479,155,7,1,114,0,0,0,0,0,0,82.97,1.72,82.97,1.72,84.72,1.92,-1.75,-0.2
district,Koshi,Jhapa,Male,17 Year,4583,0,6,796,2222,9,23,3,409,699,278,2,2,134,0,0,0,0,0,0,66.68,2.92,66.68,2.92,65.97,3.42,0.71,-0.5
district,Koshi,Jhapa,Male,18 Year,4258,0,2,422,1360,13,15,5,608,1062,557,1,1,212,0,0,0,0,0,0,42.56,4.98,42.56,4.98,38.8,6.58,3.76,-1.6
district,Koshi,Jhapa,Male,19 Year,2871,0,0,179,522,12,4,2,444,1007,575,2,3,120,0,0,0,0,0,1,24.97,4.18,24.97,4.18,20.37,6.5,4.6,-2.32
district,Koshi,Jhapa,Male,20 Year,3571,0,0,0,272,5,23,3,693,1337,990,13,6,226,0,0,0,0,0,3,8.4,6.33,8.4,6.33,6.27,10.13,2.13,-3.8
district,Koshi,Jhapa,Male,21 Year,2822,0,0,0,107,3,20,2,511,1112,893,8,7,158,0,0,0,0,0,1,4.61,5.6,4.61,5.6,3.37,8.47,1.24,-2.87
district,Koshi,Jhapa,Male,22 Year,3467,0,0,0,70,0,11,1,625,1377,1129,11,7,236,0,0,0,0,0,0,2.34,6.81,2.34,6.81,2.28,9.68,0.06,-2.87
district,Koshi,Jhapa,Male,23 Year,3060,0,0,0,43,1,6,3,544,1173,1082,9,8,190,0,0,0,0,0,1,1.63,6.21,1.63,6.21,1.44,7.99,0.19,-1.78
district,Koshi,Jhapa,Male,24 Year,3422,0,0,0,36,4,7,3,582,1335,1216,9,7,223,0,0,0,0,0,0,1.37,6.52,1.37,6.52,0.9,8.19,0.47,-1.67
district,Koshi,Jhapa,Male,25 Year,3978,0,0,0,2,2,9,5,752,1422,1426,15,10,335,0,0,0,0,0,0,0.33,8.42,0.33,8.42,0.22,13.25,0.11,-4.83
district,Koshi,Jhapa,Female,All Ages,135542,14386,46042,26046,13467,38,200,102,6870,10484,12999,152,89,4645,0,1,0,0,0,21,73.91,3.43,76.89,2.62,73.91,3.43,2.98,-0.81
district,Koshi,Jhapa,Female,5 Year,8209,7725,0,0,0,3,0,9,0,0,0,0,0,462,0,0,0,0,0,10,94.14,5.63,93.79,5.88,94.14,5.63,-0.35,0.25
district,Koshi,Jhapa,Female,6 Year,8535,4408,3890,0,0,3,1,4,8,0,0,1,2,217,0,0,0,0,0,1,97.27,2.54,97.06,2.63,97.27,2.54,-0.21,0.09
district,Koshi,Jhapa,Female,7 Year,8547,1598,6801,0,0,0,1,2,29,0,0,0,0,116,0,0,0,0,0,0,98.28,1.36,98.34,1.44,98.28,1.36,0.06,0.08
district,Koshi,Jhapa,Female,8 Year,8956,449,8367,0,0,2,2,3,21,0,0,1,4,106,0,1,0,0,0,0,98.48,1.18,98.46,1.19,98.48,1.18,-0.02,0.01
district,Koshi,Jhapa,Female,9 Year,8261,134,8021,0,0,1,2,2,26,0,0,1,1,72,0,0,0,0,0,1,98.75,0.87,98.71,0.83,98.75,0.87,-0.04,-0.04
district,Koshi,Jhapa,Female,10 Year,9002,29,8150,0,0,3,0,11,702,0,0,1,3,103,0,0,0,0,0,0,90.89,1.14,89.78,1.0,90.89,1.14,-1.11,-0.14
district,Koshi,Jhapa,Female,11 Year,7922,10,5640,1911,0,2,1,7,259,28,0,0,0,64,0,0,0,0,0,0,95.48,0.81,94.18,0.93,95.48,0.81,-1.3,0.12
district,Koshi,Jhapa,Female,12 Year,8895,16,3264,5271,0,1,0,8,192,56,0,1,3,83,0,0,0,0,0,0,96.14,0.93,95.75,0.94,96.14,0.93,-0.39,0.01
district,Koshi,Jhapa,Female,13 Year,8698,11,1312,7069,0,1,1,5,121,93,0,0,0,83,0,0,0,0,0,2,96.5,0.95,95.13,1.09,96.5,0.95,-1.37,0.14
district,Koshi,Jhapa,Female,14 Year,8896,6,591,5941,1943,1,2,3,158,134,37,2,0,78,0,0,0,0,0,0,95.37,0.88,94.21,1.08,95.37,0.88,-1.16,0.2
district,Koshi,Jhapa,Female,15 Year,8259,0,1,3474,4059,1,59,7,260,194,105,5,1,92,0,0,0,0,0,1,91.95,1.11,89.02,1.52,91.95,1.11,-2.93,0.41
district,Koshi,Jhapa,Female,16 Year,5889,0,3,1400,3560,3,23,1,302,314,165,4,1,113,0,0,0,0,0,0,84.72,1.92,82.97,1.72,84.72,1.92,-1.75,-0.2
district,Koshi,Jhapa,Female,17 Year,3747,0,0,567,1888,0,17,1,298,462,376,8,2,128,0,0,0,0,0,0,65.97,3.42,66.68,2.92,65.97,3.42,0.71,-0.5
district,Koshi,Jhapa,Female,18 Year,3691,0,1,296,1122,0,13,1,477,831,691,9,6,243,0,0,0,0,0,1,38.8,6.58,42.56,4.98,38.8,6.58,3.76,-1.6
district,Koshi,Jhapa,Female,19 Year,2724,0,1,117,429,1,7,4,341,793,843,7,2,177,0,0,0,0,0,2,20.37,6.5,24.97,4.18,20.37,6.5,4.6,-2.32
district,Koshi,Jhapa,Female,20 Year,3861,0,0,0,216,6,20,9,639,1235,1313,17,14,391,0,0,0,0,0,1,6.27,10.13,8.4,6.33,6.27,10.13,2.13,-3.8
district,Koshi,Jhapa,Female,21 Year,3141,0,0,0,92,3,11,5,418,1015,1308,14,8,266,0,0,0,0,0,1,3.37,8.47,4.61,5.6,3.37,8.47,1.24,-2.87
district,Koshi,Jhapa,Female,22 Year,4256,0,0,0,78,2,17,3,654,1353,1714,18,5,412,0,0,0,0,0,0,2.28,9.68,2.34,6.81,2.28,9.68,0.06,-2.87
district,Koshi,Jhapa,Female,23 Year,3881,0,0,0,46,3,7,3,497,1185,1805,19,6,310,0,0,0,0,0,0,1.44,7.99,1.63,6.21,1.44,7.99,0.19,-1.78
district,Koshi,Jhapa,Female,24 Year,4321,0,0,0,32,2,5,5,583,1279,2030,17,13,354,0,0,0,0,0,1,0.9,8.19,1.37,6.52,0.9,8.19,0.47,-1.67
district,Koshi,Jhapa,Female,25 Year,5851,0,0,0,2,0,11,9,885,1512,2612,27,18,775,0,0,0,0,0,0,0.22,13.25,0.33,8.42,0.22,13.25,0.11,-4.83
district,Koshi,Morang,Total,All Ages,334289,35471,110845,60268,30392,110,267,230,21506,25776,26570,296,176,22299,0,0,0,0,4,79,71.0,6.67,72.92,5.57,69.08,7.78,3.84,-2.21
district,Koshi,Morang,Total,5 Year,21007,18571,0,0,0,1,2,24,0,0,0,2,6,2366,0,0,0,0,0,35,88.42,11.26,88.49,11.24,88.34,11.28,0.15,-0.04
district,Koshi,Morang,Total,6 Year,20553,9989,9219,0,0,4,1,13,10,0,0,1,2,1304,0,0,0,0,0,10,93.48,6.34,93.64,6.19,93.31,6.51,0.33,-0.32
district,Koshi,Morang,Total,7 Year,20886,4589,15297,0,0,2,1,4,27,0,0,1,2,956,0,0,0,0,0,7,95.23,4.58,95.27,4.52,95.18,4.63,0.09,-0.11
district,Koshi,Morang,Total,8 Year,22304,1645,19686,0,0,1,1,5,51,0,0,1,1,910,0,0,0,0,1,2,95.65,4.08,95.79,3.98,95.49,4.18,0.3,-0.2
district,Koshi,Morang,Total,9 Year,19144,465,18149,0,0,3,0,4,52,0,0,1,3,461,0,0,0,0,0,6,97.25,2.41,97.02,2.57,97.48,2.24,-0.46,0.33
district,Koshi,Morang,Total,10 Year,23172,134,20142,0,0,5,3,51,2156,0,0,2,2,674,0,0,0,0,1,2,87.54,2.91,86.91,2.95,88.21,2.87,-1.3,0.08
district,Koshi,Morang,Total,11 Year,17523,28,12409,3807,0,1,1,17,887,35,0,0,1,336,0,0,0,0,0,1,92.71,1.92,92.39,1.72,93.06,2.14,-0.67,-0.42
district,Koshi,Morang,Total,12 Year,22307,32,9656,11069,0,2,0,18,769,132,0,2,2,624,0,0,0,0,0,1,93.06,2.8,92.86,2.68,93.28,2.92,-0.42,-0.24
district,Koshi,Morang,Total,13 Year,19984,9,4181,14580,0,3,0,11,537,213,0,1,0,449,0,0,0,0,0,0,93.94,2.25,93.95,2.13,93.94,2.36,0.01,-0.23
district,Koshi,Morang,Total,14 Year,20684,9,2106,13417,3705,3,2,13,581,304,61,2,1,478,0,0,0,0,0,2,93.03,2.31,92.65,2.31,93.41,2.32,-0.76,-0.01
district,Koshi,Morang,Total,15 Year,19557,0,0,9235,7838,3,102,6,986,604,190,3,3,584,0,0,0,0,1,2,87.84,2.99,87.45,2.65,88.24,3.34,-0.79,-0.69
district,Koshi,Morang,Total,16 Year,15600,0,0,4737,7823,7,32,4,1039,932,363,8,1,653,0,0,0,0,0,1,80.76,4.19,80.33,3.71,81.25,4.72,-0.92,-1.01
district,Koshi,Morang,Total,17 Year,10472,0,0,1938,4919,11,19,2,929,1300,702,9,0,642,0,0,0,0,0,1,65.77,6.13,65.59,5.73,65.97,6.61,-0.38,-0.88
district,Koshi,Morang,Total,18 Year,11412,0,0,1095,3449,7,22,4,1622,2404,1550,14,3,1241,0,0,0,0,0,1,40.07,10.87,42.26,8.27,37.59,13.83,4.67,-5.56
district,Koshi,Morang,Total,19 Year,7317,0,0,390,1299,11,6,2,1100,1988,1748,13,4,756,0,0,0,0,0,0,23.32,10.33,25.78,7.73,20.75,13.04,5.03,-5.31
district,Koshi,Morang,Total,20 Year,10989,0,0,0,673,11,29,9,1991,3241,3170,31,21,1812,0,0,0,0,0,1,6.49,16.49,7.95,11.73,5.36,20.15,2.59,-8.42
district,Koshi,Morang,Total,21 Year,7640,0,0,0,260,8,8,6,1268,2408,2727,30,21,903,0,0,0,0,1,0,3.61,11.82,4.24,9.23,3.04,14.17,1.2,-4.94
district,Koshi,Morang,Total,22 Year,10855,0,0,0,210,7,10,8,1923,3173,3751,42,21,1708,0,0,0,0,0,2,2.09,15.73,2.58,11.91,1.68,18.95,0.9,-7.04
district,Koshi,Morang,Total,23 Year,8530,0,0,0,114,7,9,6,1461,2479,3272,34,22,1123,0,0,0,0,0,3,1.52,13.17,1.68,10.84,1.4,14.93,0.28,-4.09
district,Koshi,Morang,Total,24 Year,9550,0,0,0,102,4,9,8,1525,2744,3867,34,21,1236,0,0,0,0,0,0,1.2,12.94,1.57,10.53,0.93,14.8,0.64,-4.27
district,Koshi,Morang,Total,25 Year,14803,0,0,0,0,9,10,15,2592,3819,5169,65,39,3083,0,0,0,0,0,2,0.13,20.83,0.15,15.67,0.12,24.52,0.03,-8.85
district,Koshi,Morang,Male,All Ages,167438,18917,56900,30792,15303,42,141,126,11257,13416,11002,117,66,9320,0,0,0,0,3,36,72.92,5.57,72.92,5.57,69.08,7.78,3.84,-2.21
district,Koshi,Morang,Male,5 Year,10975,9712,0,0,0,0,0,9,0,0,0,2,1,1234,0,0,0,0,0,17,88.49,11.24,88.49,11.24,88.34,11.28,0.15,-0.04
district,Koshi,Morang,Male,6 Year,10521,5365,4484,0,0,2,1,7,4,0,0,1,2,651,0,0,0,0,0,4,93.64,6.19,93.64,6.19,93.31,6.51,0.33,-0.32
district,Koshi,Morang,Male,7 Year,10614,2504,7606,0,0,2,0,1,16,0,0,1,1,480,0,0,0,0,0,3,95.27,4.52,95.27,4.52,95.18,4.63,0.09,-0.11
district,Koshi,Morang,Male,8 Year,11499,947,10067,0,0,0,1,4,19,0,0,1,0,458,0,0,0,0,1,1,95.79,3.98,95.79,3.98,95.49,4.18,0.3,-0.2
district,Koshi,Morang,Male,9 Year,9672,260,9121,0,0,3,0,2,34,0,0,0,1,249,0,0,0,0,0,2,97.02,2.57,97.02,2.57,97.48,2.24,-0.46,0.33
district,Koshi,Morang,Male,10 Year,12013,82,10357,0,0,1,1,32,1183,0,0,2,0,354,0,0,0,0,0,1,86.91,2.95,86.91,2.95,88.21,2.87,-1.3,0.08
district,Koshi,Morang,Male,11 Year,9148,18,6560,1872,0,1,1,13,507,18,0,0,0,157,0,0,0,0,0,1,92.39,1.72,92.39,1.72,93.06,2.14,-0.67,-0.42
district,Koshi,Morang,Male,12 Year,11481,20,5253,5388,0,0,0,10,435,63,0,2,1,308,0,0,0,0,0,1,92.86,2.68,92.86,2.68,93.28,2.92,-0.42,-0.24
district,Koshi,Morang,Male,13 Year,9992,5,2297,7084,0,1,0,5,288,99,0,0,0,213,0,0,0,0,0,0,93.95,2.13,93.95,2.13,93.94,2.36,0.01,-0.23
district,Koshi,Morang,Male,14 Year,10454,4,1155,6901,1625,0,1,9,319,174,23,2,0,241,0,0,0,0,0,0,92.65,2.31,92.65,2.31,93.41,2.32,-0.76,-0.01
district,Koshi,Morang,Male,15 Year,9976,0,0,4952,3724,2,46,4,561,322,97,1,1,264,0,0,0,0,1,1,87.45,2.65,87.45,2.65,88.24,3.34,-0.79,-0.69
district,Koshi,Morang,Male,16 Year,8244,0,0,2620,3980,4,18,2,575,560,174,5,0,306,0,0,0,0,0,0,80.33,3.71,80.33,3.71,81.25,4.72,-0.92,-1.01
district,Koshi,Morang,Male,17 Year,5676,0,0,1088,2621,6,8,1,546,773,304,3,0,325,0,0,0,0,0,1,65.59,5.73,65.59,5.73,65.97,6.61,-0.38,-0.88
district,Koshi,Morang,Male,18 Year,6070,0,0,659,1887,2,17,3,897,1382,713,5,2,502,0,0,0,0,0,1,42.26,8.27,42.26,8.27,37.59,13.83,4.67,-5.56
district,Koshi,Morang,Male,19 Year,3727,0,0,228,726,5,2,2,615,1078,777,4,2,288,0,0,0,0,0,0,25.78,7.73,25.78,7.73,20.75,13.04,5.03,-5.31
district,Koshi,Morang,Male,20 Year,4781,0,0,0,361,1,18,2,958,1556,1309,9,6,561,0,0,0,0,0,0,7.95,11.73,7.95,11.73,5.36,20.15,2.59,-8.42
district,Koshi,Morang,Male,21 Year,3631,0,0,0,144,5,5,3,666,1296,1156,14,6,335,0,0,0,0,1,0,4.24,9.23,4.24,9.23,3.04,14.17,1.2,-4.94
district,Koshi,Morang,Male,22 Year,4955,0,0,0,120,3,5,3,978,1664,1567,15,9,590,0,0,0,0,0,1,2.58,11.91,2.58,11.91,1.68,18.95,0.9,-7.04
district,Koshi,Morang,Male,23 Year,3681,0,0,0,55,2,5,3,704,1184,1304,11,13,399,0,0,0,0,0,1,1.68,10.84,1.68,10.84,1.4,14.93,0.28,-4.09
district,Koshi,Morang,Male,24 Year,4152,0,0,0,60,1,4,4,760,1379,1487,12,8,437,0,0,0,0,0,0,1.57,10.53,1.57,10.53,0.93,14.8,0.64,-4.27
district,Koshi,Morang,Male,25 Year,6176,0,0,0,0,1,8,7,1192,1868,2091,27,13,968,0,0,0,0,0,1,0.15,15.67,0.15,15.67,0.12,24.52,0.03,-8.85
district,Koshi,Morang,Female,All Ages,166851,16554,53945,29476,15089,68,126,104,10249,12360,15568,179,110,12979,0,0,0,0,1,43,69.08,7.78,72.92,5.57,69.08,7.78,3.84,-2.21
district,Koshi,Morang,Female,5 Year,10032,8859,0,0,0,1,2,15,0,0,0,0,5,1132,0,0,0,0,0,18,88.34,11.28,88.49,11.24,88.34,11.28,0.15,-0.04
district,Koshi,Morang,Female,6 Year,10032,4624,4735,0,0,2,0,6,6,0,0,0,0,653,0,0,0,0,0,6,93.31,6.51,93.64,6.19,93.31,6.51,0.33,-0.32
district,Koshi,Morang,Female,7 Year,10272,2085,7691,0,0,0,1,3,11,0,0,0,1,476,0,0,0,0,0,4,95.18,4.63,95.27,4.52,95.18,4.63,0.09,-0.11
district,Koshi,Morang,Female,8 Year,10805,698,9619,0,0,1,0,1,32,0,0,0,1,452,0,0,0,0,0,1,95.49,4.18,95.79,3.98,95.49,4.18,0.3,-0.2
district,Koshi,Morang,Female,9 Year,9472,205,9028,0,0,0,0,2,18,0,0,1,2,212,0,0,0,0,0,4,97.48,2.24,97.02,2.57,97.48,2.24,-0.46,0.33
district,Koshi,Morang,Female,10 Year,11159,52,9785,0,0,4,2,19,973,0,0,0,2,320,0,0,0,0,1,1,88.21,2.87,86.91,2.95,88.21,2.87,-1.3,0.08
district,Koshi,Morang,Female,11 Year,8375,10,5849,1935,0,0,0,4,380,17,0,0,1,179,0,0,0,0,0,0,93.06,2.14,92.39,1.72,93.06,2.14,-0.67,-0.42
district,Koshi,Morang,Female,12 Year,10826,12,4403,5681,0,2,0,8,334,69,0,0,1,316,0,0,0,0,0,0,93.28,2.92,92.86,2.68,93.28,2.92,-0.42,-0.24
district,Koshi,Morang,Female,13 Year,9992,4,1884,7496,0,2,0,6,249,114,0,1,0,236,0,0,0,0,0,0,93.94,2.36,93.95,2.13,93.94,2.36,0.01,-0.23
district,Koshi,Morang,Female,14 Year,10230,5,951,6516,2080,3,1,4,262,130,38,0,1,237,0,0,0,0,0,2,93.41,2.32,92.65,2.31,93.41,2.32,-0.76,-0.01
district,Koshi,Morang,Female,15 Year,9581,0,0,4283,4114,1,56,2,425,282,93,2,2,320,0,0,0,0,0,1,88.24,3.34,87.45,2.65,88.24,3.34,-0.79,-0.69
district,Koshi,Morang,Female,16 Year,7356,0,0,2117,3843,3,14,2,464,372,189,3,1,347,0,0,0,0,0,1,81.25,4.72,80.33,3.71,81.25,4.72,-0.92,-1.01
district,Koshi,Morang,Female,17 Year,4796,0,0,850,2298,5,11,1,383,527,398,6,0,317,0,0,0,0,0,0,65.97,6.61,65.59,5.73,65.97,6.61,-0.38,-0.88
district,Koshi,Morang,Female,18 Year,5342,0,0,436,1562,5,5,1,725,1022,837,9,1,739,0,0,0,0,0,0,37.59,13.83,42.26,8.27,37.59,13.83,4.67,-5.56
district,Koshi,Morang,Female,19 Year,3590,0,0,162,573,6,4,0,485,910,971,9,2,468,0,0,0,0,0,0,20.75,13.04,25.78,7.73,20.75,13.04,5.03,-5.31
district,Koshi,Morang,Female,20 Year,6208,0,0,0,312,10,11,7,1033,1685,1861,22,15,1251,0,0,0,0,0,1,5.36,20.15,7.95,11.73,5.36,20.15,2.59,-8.42
district,Koshi,Morang,Female,21 Year,4009,0,0,0,116,3,3,3,602,1112,1571,16,15,568,0,0,0,0,0,0,3.04,14.17,4.24,9.23,3.04,14.17,1.2,-4.94
district,Koshi,Morang,Female,22 Year,5900,0,0,0,90,4,5,5,945,1509,2184,27,12,1118,0,0,0,0,0,1,1.68,18.95,2.58,11.91,1.68,18.95,0.9,-7.04
district,Koshi,Morang,Female,23 Year,4849,0,0,0,59,5,4,3,757,1295,1968,23,9,724,0,0,0,0,0,2,1.4,14.93,1.68,10.84,1.4,14.93,0.28,-4.09
district,Koshi,Morang,Female,24 Year,5398,0,0,0,42,3,5,4,765,1365,2380,22,13,799,0,0,0,0,0,0,0.93,14.8,1.57,10.53,0.93,14.8,0.64,-4.27
district,Koshi,Morang,Female,25 Year,8627,0,0,0,0,8,2,8,1400,1951,3078,38,26,2115,0,0,0,0,0,1,0.12,24.52,0.15,15.67,0.12,24.52,0.03,-8.85
district,Koshi,Sunsari,Total,All Ages,285858,29946,93520,48517,24892,210,530,338,20855,21409,21880,314,172,23255,0,1,0,0,2,17,69.13,8.14,71.42,6.98,66.84,9.29,4.58,-2.31
district,Koshi,Sunsari,Total,5 Year,18221,15786,0,0,0,0,3,47,0,0,0,0,2,2376,0,0,0,0,0,7,86.65,13.04,86.58,13.01,86.73,13.07,-0.15,-0.06
district,Koshi,Sunsari,Total,6 Year,17451,7953,8027,0,0,5,0,16,44,0,0,1,3,1399,0,0,0,0,0,3,91.6,8.02,91.72,7.92,91.47,8.12,0.25,-0.2
district,Koshi,Sunsari,Total,7 Year,18271,3895,13269,0,0,5,0,2,59,0,0,1,2,1036,0,0,0,0,0,2,93.97,5.67,94.03,5.63,93.9,5.71,0.13,-0.08
district,Koshi,Sunsari,Total,8 Year,19426,1619,16754,0,0,13,1,7,79,0,0,1,2,949,0,1,0,0,0,0,94.65,4.89,94.97,4.55,94.31,5.24,0.66,-0.69
district,Koshi,Sunsari,Total,9 Year,16144,472,15058,0,0,5,0,3,95,0,0,0,3,507,0,0,0,0,0,1,96.23,3.14,96.51,2.91,95.94,3.38,0.57,-0.47
district,Koshi,Sunsari,Total,10 Year,19644,122,16766,0,0,7,1,65,1937,0,0,2,0,744,0,0,0,0,0,0,86.01,3.79,85.98,3.8,86.05,3.78,-0.07,0.02
district,Koshi,Sunsari,Total,11 Year,14291,30,10054,2974,0,4,0,27,818,31,0,1,1,351,0,0,0,0,0,0,91.4,2.46,91.17,2.43,91.65,2.48,-0.48,-0.05
district,Koshi,Sunsari,Total,12 Year,18050,35,7811,8590,0,9,0,20,786,113,0,2,2,682,0,0,0,0,0,0,91.11,3.78,90.76,3.86,91.47,3.69,-0.71,0.17
district,Koshi,Sunsari,Total,13 Year,16464,14,3891,11272,0,13,1,14,556,199,0,1,0,502,0,0,0,0,1,0,92.27,3.05,92.24,3.04,92.3,3.06,-0.06,-0.02
district,Koshi,Sunsari,Total,14 Year,16699,20,1886,10624,2764,5,1,9,573,240,56,5,0,516,0,0,0,0,0,0,91.62,3.09,91.03,3.31,92.24,2.86,-1.21,0.45
district,Koshi,Sunsari,Total,15 Year,15983,0,0,7382,6181,54,151,10,951,390,148,1,3,711,0,0,0,0,1,0,86.14,4.45,85.64,4.16,86.67,4.75,-1.03,-0.59
district,Koshi,Sunsari,Total,16 Year,12821,0,0,4079,6125,12,85,5,908,624,289,6,2,686,0,0,0,0,0,0,80.34,5.35,79.59,5.13,81.19,5.6,-1.6,-0.47
district,Koshi,Sunsari,Total,17 Year,8915,0,0,1895,4045,6,33,6,897,900,506,8,1,617,0,0,0,0,0,1,67.07,6.92,66.77,6.43,67.41,7.5,-0.64,-1.07
district,Koshi,Sunsari,Total,18 Year,10164,0,0,1262,3044,14,40,5,1536,1863,1172,13,8,1207,0,0,0,0,0,0,42.9,11.88,45.4,9.84,39.91,14.29,5.49,-4.45
district,Koshi,Sunsari,Total,19 Year,6451,0,1,439,1296,7,33,12,1053,1523,1231,11,5,840,0,0,0,0,0,0,27.53,13.02,31.45,10.97,23.31,15.23,8.14,-4.26
district,Koshi,Sunsari,Total,20 Year,10193,0,0,0,688,11,64,12,1997,2875,2603,41,24,1878,0,0,0,0,0,0,7.49,18.42,9.59,14.32,5.9,21.52,3.69,-7.2
district,Koshi,Sunsari,Total,21 Year,7046,0,1,0,285,7,26,7,1310,2023,2352,32,14,989,0,0,0,0,0,0,4.53,14.04,6.07,11.77,3.2,15.99,2.87,-4.22
district,Koshi,Sunsari,Total,22 Year,9855,0,0,0,210,11,29,16,1913,2794,3122,48,22,1689,0,0,0,0,0,1,2.54,17.14,3.21,14.23,2.01,19.42,1.2,-5.19
district,Koshi,Sunsari,Total,23 Year,7840,0,1,0,133,5,14,16,1362,2214,2781,36,23,1254,0,0,0,0,0,1,1.95,15.99,2.58,13.21,1.48,18.1,1.1,-4.89
district,Koshi,Sunsari,Total,24 Year,8447,0,1,0,121,5,15,15,1436,2271,3228,40,19,1296,0,0,0,0,0,0,1.68,15.34,1.87,12.31,1.53,17.75,0.34,-5.44
district,Koshi,Sunsari,Total,25 Year,13482,0,0,0,0,12,33,24,2545,3349,4392,64,36,3026,0,0,0,0,0,1,0.33,22.44,0.36,16.51,0.31,26.56,0.05,-10.05
district,Koshi,Sunsari,Male,All Ages,142928,16004,48103,24826,12715,134,293,183,10523,10801,9150,145,72,9973,0,0,0,0,0,6,71.42,6.98,71.42,6.98,66.84,9.29,4.58,-2.31
district,Koshi,Sunsari,Male,5 Year,9463,8192,0,0,0,0,1,35,0,0,0,0,0,1231,0,0,0,0,0,4,86.58,13.01,86.58,13.01,86.73,13.07,-0.15,-0.06
district,Koshi,Sunsari,Male,6 Year,8927,4231,3953,0,0,4,0,8,20,0,0,1,2,707,0,0,0,0,0,1,91.72,7.92,91.72,7.92,91.47,8.12,0.25,-0.2
district,Koshi,Sunsari,Male,7 Year,9346,2253,6532,0,0,3,0,0,31,0,0,0,0,526,0,0,0,0,0,1,94.03,5.63,94.03,5.63,93.9,5.71,0.13,-0.08
district,Koshi,Sunsari,Male,8 Year,10035,947,8571,0,0,12,0,2,45,0,0,0,1,457,0,0,0,0,0,0,94.97,4.55,94.97,4.55,94.31,5.24,0.66,-0.69
district,Koshi,Sunsari,Male,9 Year,8212,269,7654,0,0,2,0,2,43,0,0,0,3,239,0,0,0,0,0,0,96.51,2.91,96.51,2.91,95.94,3.38,0.57,-0.47
district,Koshi,Sunsari,Male,10 Year,10270,64,8759,0,0,7,0,34,1015,0,0,1,0,390,0,0,0,0,0,0,85.98,3.8,85.98,3.8,86.05,3.78,-0.07,0.02
district,Koshi,Sunsari,Male,11 Year,7404,14,5285,1447,0,4,0,17,440,16,0,0,1,180,0,0,0,0,0,0,91.17,2.43,91.17,2.43,91.65,2.48,-0.48,-0.05
district,Koshi,Sunsari,Male,12 Year,9243,19,4195,4166,0,9,0,13,421,60,0,1,2,357,0,0,0,0,0,0,90.76,3.86,90.76,3.86,91.47,3.69,-0.71,0.17
district,Koshi,Sunsari,Male,13 Year,8295,6,2111,5521,0,12,1,8,288,95,0,1,0,252,0,0,0,0,0,0,92.24,3.04,92.24,3.04,92.3,3.06,-0.06,-0.02
district,Koshi,Sunsari,Male,14 Year,8491,9,1040,5420,1255,5,0,4,320,129,25,3,0,281,0,0,0,0,0,0,91.03,3.31,91.03,3.31,92.24,2.86,-1.21,0.45
district,Koshi,Sunsari,Male,15 Year,8188,0,0,3961,2938,29,84,6,545,209,73,1,1,341,0,0,0,0,0,0,85.64,4.16,85.64,4.16,86.67,4.75,-1.03,-0.59
district,Koshi,Sunsari,Male,16 Year,6765,0,0,2241,3089,9,45,5,531,355,139,4,0,347,0,0,0,0,0,0,79.59,5.13,79.59,5.13,81.19,5.6,-1.6,-0.47
district,Koshi,Sunsari,Male,17 Year,4809,0,0,1056,2134,5,16,3,508,551,223,4,0,309,0,0,0,0,0,0,66.77,6.43,66.77,6.43,67.41,7.5,-0.64,-1.07
district,Koshi,Sunsari,Male,18 Year,5526,0,0,755,1724,8,22,4,861,1045,552,7,4,544,0,0,0,0,0,0,45.4,9.84,45.4,9.84,39.91,14.29,5.49,-4.45
district,Koshi,Sunsari,Male,19 Year,3345,0,0,259,765,4,24,7,577,801,535,3,3,367,0,0,0,0,0,0,31.45,10.97,31.45,10.97,23.31,15.23,8.14,-4.26
district,Koshi,Sunsari,Male,20 Year,4380,0,0,0,377,5,38,5,895,1352,1051,21,9,627,0,0,0,0,0,0,9.59,14.32,9.59,14.32,5.9,21.52,3.69,-7.2
district,Koshi,Sunsari,Male,21 Year,3262,0,1,0,174,3,20,3,671,1026,959,12,9,384,0,0,0,0,0,0,6.07,11.77,6.07,11.77,3.2,15.99,2.87,-4.22
district,Koshi,Sunsari,Male,22 Year,4335,0,0,0,118,7,14,8,872,1356,1321,17,5,617,0,0,0,0,0,0,3.21,14.23,3.21,14.23,2.01,19.42,1.2,-5.19
district,Koshi,Sunsari,Male,23 Year,3376,0,1,0,81,0,5,6,629,1077,1100,19,12,446,0,0,0,0,0,0,2.58,13.21,2.58,13.21,1.48,18.1,1.1,-4.89
district,Koshi,Sunsari,Male,24 Year,3738,0,1,0,60,2,7,5,702,1146,1331,16,8,460,0,0,0,0,0,0,1.87,12.31,1.87,12.31,1.53,17.75,0.34,-5.44
district,Koshi,Sunsari,Male,25 Year,5518,0,0,0,0,4,16,8,1109,1583,1841,34,12,911,0,0,0,0,0,0,0.36,16.51,0.36,16.51,0.31,26.56,0.05,-10.05
district,Koshi,Sunsari,Female,All Ages,142930,13942,45417,23691,12177,76,237,155,10332,10608,12730,169,100,13282,0,1,0,0,2,11,66.84,9.29,71.42,6.98,66.84,9.29,4.58,-2.31
district,Koshi,Sunsari,Female,5 Year,8758,7594,0,0,0,0,2,12,0,0,0,0,2,1145,0,0,0,0,0,3,86.73,13.07,86.58,13.01,86.73,13.07,-0.15,-0.06
district,Koshi,Sunsari,Female,6 Year,8524,3722,4074,0,0,1,0,8,24,0,0,0,1,692,0,0,0,0,0,2,91.47,8.12,91.72,7.92,91.47,8.12,0.25,-0.2
district,Koshi,Sunsari,Female,7 Year,8925,1642,6737,0,0,2,0,2,28,0,0,1,2,510,0,0,0,0,0,1,93.9,5.71,94.03,5.63,93.9,5.71,0.13,-0.08
district,Koshi,Sunsari,Female,8 Year,9391,672,8183,0,0,1,1,5,34,0,0,1,1,492,0,1,0,0,0,0,94.31,5.24,94.97,4.55,94.31,5.24,0.66,-0.69
district,Koshi,Sunsari,Female,9 Year,7932,203,7404,0,0,3,0,1,52,0,0,0,0,268,0,0,0,0,0,1,95.94,3.38,96.51,2.91,95.94,3.38,0.57,-0.47
district,Koshi,Sunsari,Female,10 Year,9374,58,8007,0,0,0,1,31,922,0,0,1,0,354,0,0,0,0,0,0,86.05,3.78,85.98,3.8,86.05,3.78,-0.07,0.02
district,Koshi,Sunsari,Female,11 Year,6887,16,4769,1527,0,0,0,10,378,15,0,1,0,171,0,0,0,0,0,0,91.65,2.48,91.17,2.43,91.65,2.48,-0.48,-0.05
district,Koshi,Sunsari,Female,12 Year,8807,16,3616,4424,0,0,0,7,365,53,0,1,0,325,0,0,0,0,0,0,91.47,3.69,90.76,3.86,91.47,3.69,-0.71,0.17
district,Koshi,Sunsari,Female,13 Year,8169,8,1780,5751,0,1,0,6,268,104,0,0,0,250,0,0,0,0,1,0,92.3,3.06,92.24,3.04,92.3,3.06,-0.06,-0.02
district,Koshi,Sunsari,Female,14 Year,8208,11,846,5204,1509,0,1,5,253,111,31,2,0,235,0,0,0,0,0,0,92.24,2.86,91.03,3.31,92.24,2.86,-1.21,0.45
district,Koshi,Sunsari,Female,15 Year,7795,0,0,3421,3243,25,67,4,406,181,75,0,2,370,0,0,0,0,1,0,86.67,4.75,85.64,4.16,86.67,4.75,-1.03,-0.59
district,Koshi,Sunsari,Female,16 Year,6056,0,0,1838,3036,3,40,0,377,269,150,2,2,339,0,0,0,0,0,0,81.19,5.6,79.59,5.13,81.19,5.6,-1.6,-0.47
district,Koshi,Sunsari,Female,17 Year,4106,0,0,839,1911,1,17,3,389,349,283,4,1,308,0,0,0,0,0,1,67.41,7.5,66.77,6.43,67.41,7.5,-0.64,-1.07
district,Koshi,Sunsari,Female,18 Year,4638,0,0,507,1320,6,18,1,675,818,620,6,4,663,0,0,0,0,0,0,39.91,14.29,45.4,9.84,39.91,14.29,5.49,-4.45
district,Koshi,Sunsari,Female,19 Year,3106,0,1,180,531,3,9,5,476,722,696,8,2,473,0,0,0,0,0,0,23.31,15.23,31.45,10.97,23.31,15.23,8.14,-4.26
district,Koshi,Sunsari,Female,20 Year,5813,0,0,0,311,6,26,7,1102,1523,1552,20,15,1251,0,0,0,0,0,0,5.9,21.52,9.59,14.32,5.9,21.52,3.69,-7.2
district,Koshi,Sunsari,Female,21 Year,3784,0,0,0,111,4,6,4,639,997,1393,20,5,605,0,0,0,0,0,0,3.2,15.99,6.07,11.77,3.2,15.99,2.87,-4.22
district,Koshi,Sunsari,Female,22 Year,5520,0,0,0,92,4,15,8,1041,1438,1801,31,17,1072,0,0,0,0,0,1,2.01,19.42,3.21,14.23,2.01,19.42,1.2,-5.19
district,Koshi,Sunsari,Female,23 Year,4464,0,0,0,52,5,9,10,733,1137,1681,17,11,808,0,0,0,0,0,1,1.48,18.1,2.58,13.21,1.48,18.1,1.1,-4.89
district,Koshi,Sunsari,Female,24 Year,4709,0,0,0,61,3,8,10,734,1125,1897,24,11,836,0,0,0,0,0,0,1.53,17.75,1.87,12.31,1.53,17.75,0.34,-5.44
district,Koshi,Sunsari,Female,25 Year,7964,0,0,0,0,8,17,16,1436,1766,2551,30,24,2115,0,0,0,0,0,1,0.31,26.56,0.36,16.51,0.31,26.56,0.05,-10.05
district,Koshi,Udayapur,Total,All Ages,113009,9718,37190,21753,11097,27,142,96,7570,11014,9774,76,72,4474,0,0,0,0,0,6,70.73,3.96,71.49,3.64,69.95,4.28,1.54,-0.64
district,Koshi,Udayapur,Total,5 Year,6202,5624,0,0,0,0,0,15,0,0,0,0,0,561,0,0,0,0,0,2,90.68,9.05,89.94,9.71,91.46,8.34,-1.52,1.37
district,Koshi,Udayapur,Total,6 Year,6669,2608,3719,0,0,1,0,0,21,0,0,0,1,319,0,0,0,0,0,0,94.89,4.78,95.04,4.76,94.72,4.81,0.32,-0.05
district,Koshi,Udayapur,Total,7 Year,6522,1024,5296,0,0,0,0,1,13,0,0,0,0,188,0,0,0,0,0,0,96.9,2.88,96.66,3.04,97.16,2.71,-0.5,0.33
district,Koshi,Udayapur,Total,8 Year,6847,313,6351,0,0,2,0,1,35,0,0,1,0,144,0,0,0,0,0,0,97.36,2.1,97.23,2.26,97.49,1.94,-0.26,0.32
district,Koshi,Udayapur,Total,9 Year,6589,96,6360,0,0,0,1,1,32,0,0,0,1,98,0,0,0,0,0,0,98.0,1.49,97.77,1.56,98.24,1.41,-0.47,0.15
district,Koshi,Udayapur,Total,10 Year,7013,25,6286,0,0,0,0,9,607,0,0,0,0,86,0,0,0,0,0,0,89.99,1.23,90.11,1.13,89.87,1.33,0.24,-0.2
district,Koshi,Udayapur,Total,11 Year,6199,14,4172,1593,0,0,0,4,313,15,0,0,0,88,0,0,0,0,0,0,93.22,1.42,92.46,1.57,94.0,1.27,-1.54,0.3
district,Koshi,Udayapur,Total,12 Year,7396,4,2991,3981,0,0,0,7,215,57,0,0,0,141,0,0,0,0,0,0,94.32,1.91,93.59,2.32,95.07,1.48,-1.48,0.84
district,Koshi,Udayapur,Total,13 Year,6974,3,1337,5228,0,0,0,7,188,97,0,0,0,114,0,0,0,0,0,0,94.18,1.63,94.07,1.32,94.28,1.95,-0.21,-0.63
district,Koshi,Udayapur,Total,14 Year,7354,7,678,4722,1452,0,0,1,217,126,37,0,1,113,0,0,0,0,0,0,93.27,1.54,91.68,1.81,94.82,1.27,-3.14,0.54
district,Koshi,Udayapur,Total,15 Year,7016,0,0,3245,2901,6,25,1,339,259,86,0,3,150,0,0,0,0,0,1,88.04,2.14,86.17,2.11,90.01,2.17,-3.84,-0.06
district,Koshi,Udayapur,Total,16 Year,5511,0,0,1685,2729,4,28,1,371,360,172,0,1,159,0,0,0,0,0,1,80.68,2.89,79.24,3.23,82.21,2.52,-2.97,0.71
district,Koshi,Udayapur,Total,17 Year,3887,0,0,692,1777,1,15,0,430,546,276,0,2,148,0,0,0,0,0,0,63.93,3.81,63.55,3.69,64.39,3.95,-0.84,-0.26
district,Koshi,Udayapur,Total,18 Year,4052,0,0,443,1185,4,12,2,589,983,598,7,3,226,0,0,0,0,0,0,40.57,5.58,41.21,4.5,39.84,6.81,1.37,-2.31
district,Koshi,Udayapur,Total,19 Year,2921,0,0,164,499,1,7,0,478,914,682,2,2,172,0,0,0,0,0,0,22.97,5.89,23.26,5.21,22.67,6.6,0.59,-1.39
district,Koshi,Udayapur,Total,20 Year,3616,0,0,0,243,0,17,6,699,1341,1008,15,10,276,0,0,0,0,0,1,7.19,7.63,7.58,5.71,6.82,9.47,0.76,-3.76
district,Koshi,Udayapur,Total,21 Year,3215,0,0,0,116,0,6,4,596,1205,1052,6,6,223,0,0,0,0,0,1,3.79,6.94,3.66,5.01,3.92,8.75,-0.26,-3.74
district,Koshi,Udayapur,Total,22 Year,3718,0,0,0,80,2,11,7,618,1413,1260,14,10,303,0,0,0,0,0,0,2.5,8.15,2.51,6.61,2.5,9.53,0.01,-2.92
district,Koshi,Udayapur,Total,23 Year,3542,0,0,0,68,4,11,9,553,1279,1338,7,9,264,0,0,0,0,0,0,2.34,7.45,2.02,6.0,2.62,8.69,-0.6,-2.69
district,Koshi,Udayapur,Total,24 Year,3672,0,0,0,47,1,4,12,570,1159,1585,7,8,279,0,0,0,0,0,0,1.42,7.6,1.43,6.63,1.41,8.35,0.02,-1.72
district,Koshi,Udayapur,Total,25 Year,4094,0,0,0,0,1,5,8,686,1260,1680,17,15,422,0,0,0,0,0,0,0.15,10.31,0.22,8.31,0.09,11.86,0.13,-3.55
district,Koshi,Udayapur,Male,All Ages,56882,5161,19121,10899,5405,9,69,46,4118,5892,4035,29,24,2070,0,0,0,0,0,4,71.49,3.64,71.49,3.64,69.95,4.28,1.54,-0.64
district,Koshi,Udayapur,Male,5 Year,3191,2870,0,0,0,0,0,10,0,0,0,0,0,310,0,0,0,0,0,1,89.94,9.71,89.94,9.71,91.46,8.34,-1.52,1.37
district,Koshi,Udayapur,Male,6 Year,3528,1436,1916,0,0,1,0,0,7,0,0,0,0,168,0,0,0,0,0,0,95.04,4.76,95.04,4.76,94.72,4.81,0.32,-0.05
district,Koshi,Udayapur,Male,7 Year,3353,585,2656,0,0,0,0,1,9,0,0,0,0,102,0,0,0,0,0,0,96.66,3.04,96.66,3.04,97.16,2.71,-0.5,0.33
district,Koshi,Udayapur,Male,8 Year,3500,185,3217,0,0,1,0,0,18,0,0,0,0,79,0,0,0,0,0,0,97.23,2.26,97.23,2.26,97.49,1.94,-0.26,0.32
district,Koshi,Udayapur,Male,9 Year,3408,55,3277,0,0,0,0,0,23,0,0,0,0,53,0,0,0,0,0,0,97.77,1.56,97.77,1.56,98.24,1.41,-0.47,0.15
district,Koshi,Udayapur,Male,10 Year,3549,14,3184,0,0,0,0,4,307,0,0,0,0,40,0,0,0,0,0,0,90.11,1.13,90.11,1.13,89.87,1.33,0.24,-0.2
district,Koshi,Udayapur,Male,11 Year,3130,7,2133,754,0,0,0,2,178,7,0,0,0,49,0,0,0,0,0,0,92.46,1.57,92.46,1.57,94.0,1.27,-1.54,0.3
district,Koshi,Udayapur,Male,12 Year,3747,3,1619,1885,0,0,0,5,118,30,0,0,0,87,0,0,0,0,0,0,93.59,2.32,93.59,2.32,95.07,1.48,-1.48,0.84
district,Koshi,Udayapur,Male,13 Year,3493,1,739,2546,0,0,0,4,105,52,0,0,0,46,0,0,0,0,0,0,94.07,1.32,94.07,1.32,94.28,1.95,-0.21,-0.63
district,Koshi,Udayapur,Male,14 Year,3644,5,380,2322,634,0,0,1,132,86,18,0,0,66,0,0,0,0,0,0,91.68,1.81,91.68,1.81,94.82,1.27,-3.14,0.54
district,Koshi,Udayapur,Male,15 Year,3601,0,0,1715,1372,2,14,1,206,168,45,0,1,76,0,0,0,0,0,1,86.17,2.11,86.17,2.11,90.01,2.17,-3.84,-0.06
district,Koshi,Udayapur,Male,16 Year,2852,0,0,927,1319,1,13,0,220,209,69,0,1,92,0,0,0,0,0,1,79.24,3.23,79.24,3.23,82.21,2.52,-2.97,0.71
district,Koshi,Udayapur,Male,17 Year,2115,0,0,392,943,1,8,0,272,309,112,0,0,78,0,0,0,0,0,0,63.55,3.69,63.55,3.69,64.39,3.95,-0.84,-0.26
district,Koshi,Udayapur,Male,18 Year,2157,0,0,268,613,1,7,1,339,566,262,2,1,97,0,0,0,0,0,0,41.21,4.5,41.21,4.5,39.84,6.81,1.37,-2.31
district,Koshi,Udayapur,Male,19 Year,1496,0,0,90,254,0,4,0,276,498,295,1,0,78,0,0,0,0,0,0,23.26,5.21,23.26,5.21,22.67,6.6,0.59,-1.39
district,Koshi,Udayapur,Male,20 Year,1768,0,0,0,127,0,7,3,358,724,439,4,4,101,0,0,0,0,0,1,7.58,5.71,7.58,5.71,6.82,9.47,0.76,-3.76
district,Koshi,Udayapur,Male,21 Year,1558,0,0,0,54,0,3,3,331,626,455,4,4,78,0,0,0,0,0,0,3.66,5.01,3.66,5.01,3.92,8.75,-0.26,-3.74
district,Koshi,Udayapur,Male,22 Year,1755,0,0,0,37,0,7,2,330,732,518,9,4,116,0,0,0,0,0,0,2.51,6.61,2.51,6.61,2.5,9.53,0.01,-2.92
district,Koshi,Udayapur,Male,23 Year,1632,0,0,0,29,1,3,1,300,664,531,3,2,98,0,0,0,0,0,0,2.02,6.0,2.02,6.0,2.62,8.69,-0.6,-2.69
district,Koshi,Udayapur,Male,24 Year,1613,0,0,0,23,0,0,4,264,596,614,2,3,107,0,0,0,0,0,0,1.43,6.63,1.43,6.63,1.41,8.35,0.02,-1.72
district,Koshi,Udayapur,Male,25 Year,1792,0,0,0,0,1,3,4,325,625,677,4,4,149,0,0,0,0,0,0,0.22,8.31,0.22,8.31,0.09,11.86,0.13,-3.55
district,Koshi,Udayapur,Female,All Ages,56127,4557,18069,10854,5692,18,73,50,3452,5122,5739,47,48,2404,0,0,0,0,0,2,69.95,4.28,71.49,3.64,69.95,4.28,1.54,-0.64
district,Koshi,Udayapur,Female,5 Year,3011,2754,0,0,0,0,0,5,0,0,0,0,0,251,0,0,0,0,0,1,91.46,8.34,89.94,9.71,91.46,8.34,-1.52,1.37
district,Koshi,Udayapur,Female,6 Year,3141,1172,1803,0,0,0,0,0,14,0,0,0,1,151,0,0,0,0,0,0,94.72,4.81,95.04,4.76,94.72,4.81,0.32,-0.05
district,Koshi,Udayapur,Female,7 Year,3169,439,2640,0,0,0,0,0,4,0,0,0,0,86,0,0,0,0,0,0,97.16,2.71,96.66,3.04,97.16,2.71,-0.5,0.33
district,Koshi,Udayapur,Female,8 Year,3347,128,3134,0,0,1,0,1,17,0,0,1,0,65,0,0,0,0,0,0,97.49,1.94,97.23,2.26,97.49,1.94,-0.26,0.32
district,Koshi,Udayapur,Female,9 Year,3181,41,3083,0,0,0,1,1,9,0,0,0,1,45,0,0,0,0,0,0,98.24,1.41,97.77,1.56,98.24,1.41,-0.47,0.15
district,Koshi,Udayapur,Female,10 Year,3464,11,3102,0,0,0,0,5,300,0,0,0,0,46,0,0,0,0,0,0,89.87,1.33,90.11,1.13,89.87,1.33,0.24,-0.2
district,Koshi,Udayapur,Female,11 Year,3069,7,2039,839,0,0,0,2,135,8,0,0,0,39,0,0,0,0,0,0,94.0,1.27,92.46,1.57,94.0,1.27,-1.54,0.3
district,Koshi,Udayapur,Female,12 Year,3649,1,1372,2096,0,0,0,2,97,27,0,0,0,54,0,0,0,0,0,0,95.07,1.48,93.59,2.32,95.07,1.48,-1.48,0.84
district,Koshi,Udayapur,Female,13 Year,3481,2,598,2682,0,0,0,3,83,45,0,0,0,68,0,0,0,0,0,0,94.28,1.95,94.07,1.32,94.28,1.95,-0.21,-0.63
district,Koshi,Udayapur,Female,14 Year,3710,2,298,2400,818,0,0,0,85,40,19,0,1,47,0,0,0,0,0,0,94.82,1.27,91.68,1.81,94.82,1.27,-3.14,0.54
district,Koshi,Udayapur,Female,15 Year,3415,0,0,1530,1529,4,11,0,133,91,41,0,2,74,0,0,0,0,0,0,90.01,2.17,86.17,2.11,90.01,2.17,-3.84,-0.06
district,Koshi,Udayapur,Female,16 Year,2659,0,0,758,1410,3,15,1,151,151,103,0,0,67,0,0,0,0,0,0,82.21,2.52,79.24,3.23,82.21,2.52,-2.97,0.71
district,Koshi,Udayapur,Female,17 Year,1772,0,0,300,834,0,7,0,158,237,164,0,2,70,0,0,0,0,0,0,64.39,3.95,63.55,3.69,64.39,3.95,-0.84,-0.26
district,Koshi,Udayapur,Female,18 Year,1895,0,0,175,572,3,5,1,250,417,336,5,2,129,0,0,0,0,0,0,39.84,6.81,41.21,4.5,39.84,6.81,1.37,-2.31
district,Koshi,Udayapur,Female,19 Year,1425,0,0,74,245,1,3,0,202,416,387,1,2,94,0,0,0,0,0,0,22.67,6.6,23.26,5.21,22.67,6.6,0.59,-1.39
district,Koshi,Udayapur,Female,20 Year,1848,0,0,0,116,0,10,3,341,617,569,11,6,175,0,0,0,0,0,0,6.82,9.47,7.58,5.71,6.82,9.47,0.76,-3.76
district,Koshi,Udayapur,Female,21 Year,1657,0,0,0,62,0,3,1,265,579,597,2,2,145,0,0,0,0,0,1,3.92,8.75,3.66,5.01,3.92,8.75,-0.26,-3.74
district,Koshi,Udayapur,Female,22 Year,1963,0,0,0,43,2,4,5,288,681,742,5,6,187,0,0,0,0,0,0,2.5,9.53,2.51,6.61,2.5,9.53,0.01,-2.92
district,Koshi,Udayapur,Female,23 Year,1910,0,0,0,39,3,8,8,253,615,807,4,7,166,0,0,0,0,0,0,2.62,8.69,2.02,6.0,2.62,8.69,-0.6,-2.69
district,Koshi,Udayapur,Female,24 Year,2059,0,0,0,24,1,4,8,306,563,971,5,5,172,0,0,0,0,0,0,1.41,8.35,1.43,6.63,1.41,8.35,0.02,-1.72
district,Koshi,Udayapur,Female,25 Year,2302,0,0,0,0,0,2,4,361,635,1003,13,11,273,0,0,0,0,0,0,0.09,11.86,0.22,8.31,0.09,11.86,0.13,-3.55
province,Madhesh,,Total,All Ages,2363188,216130,697109,349960,197629,2902,3707,2917,158135,141626,124547,3854,1262,462785,6,51,2,7,7,552,62.1,19.58,65.66,16.14,58.53,23.02,7.13,-6.88
province,Madhesh,,Total,5 Year,158775,115314,0,0,0,133,70,339,0,0,0,41,47,42599,2,0,0,0,3,227,72.76,26.83,73.33,26.26,72.11,27.48,1.22,-1.22
province,Madhesh,,Total,6 Year,147062,47444,70776,0,0,137,58,66,293,0,0,50,30,28126,0,4,0,0,2,76,80.52,19.13,81.2,18.44,79.77,19.88,1.43,-1.44
province,Madhesh,,Total,7 Year,132108,26343,85931,0,0,136,63,45,323,0,0,51,20,19151,0,4,0,0,1,40,85.14,14.5,85.89,13.74,84.34,15.3,1.55,-1.56
province,Madhesh,,Total,8 Year,163321,17328,122658,0,0,212,66,32,581,0,0,71,25,22313,2,2,0,0,0,31,85.88,13.66,86.63,12.92,85.07,14.47,1.56,-1.55
province,Madhesh,,Total,9 Year,102199,5862,85419,0,0,105,42,24,527,0,0,30,24,10139,0,6,0,0,1,20,89.46,9.92,90.21,9.18,88.66,10.72,1.55,-1.54
province,Madhesh,,Total,10 Year,184973,2538,141344,0,0,200,67,1032,17962,0,0,85,23,21711,0,1,0,0,0,10,77.93,11.74,78.18,10.91,77.65,12.66,0.53,-1.75
province,Madhesh,,Total,11 Year,92282,552,59478,17698,0,78,19,251,6738,191,0,34,11,7226,0,0,0,0,0,6,84.33,7.83,84.38,7.15,84.28,8.58,0.1,-1.43
province,Madhesh,,Total,12 Year,164093,458,74351,61793,0,192,46,251,8275,1016,0,91,27,17584,0,1,0,0,0,8,83.39,10.72,83.83,9.8,82.93,11.69,0.9,-1.89
province,Madhesh,,Total,13 Year,113751,136,33967,63448,0,119,32,111,4362,1144,0,58,14,10350,1,2,1,0,0,6,85.89,9.1,86.65,8.05,85.12,10.17,1.53,-2.12
province,Madhesh,,Total,14 Year,128556,115,21930,69511,16878,124,35,73,4582,1849,384,110,19,12943,0,0,0,0,0,3,84.47,10.07,85.71,8.62,83.23,11.53,2.48,-2.91
province,Madhesh,,Total,15 Year,127641,17,482,58893,38016,194,848,66,8341,3086,973,119,23,16568,0,6,0,0,0,9,77.13,12.98,78.14,11.34,76.08,14.68,2.06,-3.34
province,Madhesh,,Total,16 Year,119792,9,323,39989,45202,190,525,58,8362,4924,1880,163,35,18113,0,3,0,2,0,14,71.99,15.12,73.91,12.82,69.95,17.56,3.96,-4.74
province,Madhesh,,Total,17 Year,76020,4,176,17911,30095,126,268,34,6375,5427,2576,118,22,12867,0,8,0,1,0,12,63.9,16.93,67.16,13.84,60.18,20.46,6.98,-6.62
province,Madhesh,,Total,18 Year,113958,4,197,15928,33591,182,302,62,12893,13609,8425,273,83,28395,0,3,0,2,0,9,44.05,24.92,49.62,20.05,37.65,30.52,11.97,-10.47
province,Madhesh,,Total,19 Year,50285,6,76,4788,11221,90,108,43,6320,8076,6517,151,37,12844,0,0,1,0,0,7,32.39,25.54,39.18,19.7,25.33,31.62,13.85,-11.92
province,Madhesh,,Total,20 Year,118865,0,1,1,11917,200,367,88,17204,24701,20573,551,194,43045,0,2,0,1,0,20,10.5,36.21,15.06,28.57,7.08,41.95,7.98,-13.38
province,Madhesh,,Total,21 Year,45529,0,0,0,3368,66,145,38,6710,10603,10647,210,66,13663,0,2,0,1,0,10,7.86,30.01,10.6,22.96,5.45,36.22,5.15,-13.26
province,Madhesh,,Total,22 Year,86444,0,0,0,3954,130,161,72,12948,19229,18847,440,147,30502,0,0,0,0,0,14,4.91,35.29,7.06,27.47,3.22,41.44,3.84,-13.97
province,Madhesh,,Total,23 Year,54840,0,0,0,1626,68,88,52,8227,12061,13153,281,77,19198,0,1,0,0,0,8,3.25,35.01,4.54,25.4,2.35,41.71,2.19,-16.31
province,Madhesh,,Total,24 Year,60291,0,0,0,1525,70,97,65,8879,12985,15089,316,109,21144,1,3,0,0,0,8,2.81,35.07,3.72,24.82,2.13,42.65,1.59,-17.83
province,Madhesh,,Total,25 Year,122403,0,0,0,236,150,300,115,18233,22725,25483,611,229,54304,0,3,0,0,0,14,0.56,44.36,0.7,33.18,0.46,52.04,0.24,-18.86
province,Madhesh,,Male,All Ages,1181783,119463,363870,182031,107314,1259,2009,1615,79477,74551,57061,1444,546,190796,2,32,1,5,3,304,65.66,16.14,65.66,16.14,58.53,23.02,7.13,-6.88
province,Madhesh,,Male,5 Year,84268,61694,0,0,0,62,34,175,0,0,0,20,25,22126,1,0,0,0,1,130,73.33,26.26,73.33,26.26,72.11,27.48,1.22,-1.22
province,Madhesh,,Male,6 Year,77286,26569,36089,0,0,66,32,35,157,0,0,27,18,14252,0,3,0,0,1,37,81.2,18.44,81.2,18.44,79.77,19.88,1.43,-1.44
province,Madhesh,,Male,7 Year,67919,15133,43104,0,0,68,34,23,168,0,0,19,12,9329,0,2,0,0,0,27,85.89,13.74,85.89,13.74,84.34,15.3,1.55,-1.56
province,Madhesh,,Male,8 Year,85023,10249,63297,0,0,87,24,19,297,0,0,31,13,10985,1,2,0,0,0,18,86.63,12.92,86.63,12.92,85.07,14.47,1.56,-1.55
province,Madhesh,,Male,9 Year,52797,3541,44020,0,0,42,24,11,275,0,0,11,12,4845,0,5,0,0,1,10,90.21,9.18,90.21,9.18,88.66,10.72,1.55,-1.54
province,Madhesh,,Male,10 Year,97423,1502,74542,0,0,88,35,638,9938,0,0,34,11,10629,0,1,0,0,0,5,78.18,10.91,78.18,10.91,77.65,12.66,0.53,-1.75
province,Madhesh,,Male,11 Year,48345,342,31729,8665,0,48,11,152,3809,110,0,10,9,3456,0,0,0,0,0,4,84.38,7.15,84.38,7.15,84.28,8.58,0.1,-1.43
province,Madhesh,,Male,12 Year,84652,271,40083,30484,0,97,27,144,4671,533,0,30,11,8297,0,0,0,0,0,4,83.83,9.8,83.83,9.8,82.93,11.69,0.9,-1.89
province,Madhesh,,Male,13 Year,57354,77,18471,31067,0,66,18,75,2326,600,0,24,7,4616,0,2,1,0,0,4,86.65,8.05,86.65,8.05,85.12,10.17,1.53,-2.12
province,Madhesh,,Male,14 Year,64478,66,11881,35545,7702,54,16,48,2367,995,191,45,8,5558,0,0,0,0,0,2,85.71,8.62,85.71,8.62,83.23,11.53,2.48,-2.91
province,Madhesh,,Male,15 Year,65018,8,239,31441,18582,87,447,33,4485,1779,483,44,7,7375,0,4,0,0,0,4,78.14,11.34,78.14,11.34,76.08,14.68,2.06,-3.34
province,Madhesh,,Male,16 Year,61674,4,153,21799,23295,75,260,29,4357,2823,892,59,13,7906,0,2,0,1,0,6,73.91,12.82,73.91,12.82,69.95,17.56,3.96,-4.74
province,Madhesh,,Male,17 Year,40571,2,84,10264,16705,45,147,16,3422,3011,1197,47,8,5614,0,4,0,0,0,5,67.16,13.84,67.16,13.84,60.18,20.46,6.98,-6.62
province,Madhesh,,Male,18 Year,60972,1,132,9685,20186,74,178,32,6906,7544,3860,101,37,12225,0,2,0,2,0,7,49.62,20.05,49.62,20.05,37.65,30.52,11.97,-10.47
province,Madhesh,,Male,19 Year,25636,4,46,3081,6810,41,63,20,3241,4330,2879,50,19,5050,0,0,0,0,0,2,39.18,19.7,39.18,19.7,25.33,31.62,13.85,-11.92
province,Madhesh,,Male,20 Year,50954,0,0,0,7382,86,208,32,7765,12209,8450,182,73,14558,0,1,0,1,0,7,15.06,28.57,15.06,28.57,7.08,41.95,7.98,-13.38
province,Madhesh,,Male,21 Year,21325,0,0,0,2137,29,94,12,3297,5863,4876,81,33,4896,0,2,0,1,0,4,10.6,22.96,10.6,22.96,5.45,36.22,5.15,-13.26
province,Madhesh,,Male,22 Year,38093,0,0,0,2553,51,85,27,6064,10102,8522,165,53,10464,0,0,0,0,0,7,7.06,27.47,7.06,27.47,3.22,41.44,3.84,-13.97
province,Madhesh,,Male,23 Year,22551,0,0,0,955,18,51,16,3693,6049,5891,102,40,5729,0,0,0,0,0,7,4.54,25.4,4.54,25.4,2.35,41.71,2.19,-16.31
province,Madhesh,,Male,24 Year,25636,0,0,0,876,24,53,34,4043,6857,7209,120,50,6362,0,1,0,0,0,7,3.72,24.82,3.72,24.82,2.13,42.65,1.59,-17.83
province,Madhesh,,Male,25 Year,49808,0,0,0,131,51,168,44,8196,11746,12611,242,87,16524,0,1,0,0,0,7,0.7,33.18,0.7,33.18,0.46,52.04,0.24,-18.86
province,Madhesh,,Female,All Ages,1181405,96667,333239,167929,90315,1643,1698,1302,78658,67075,67486,2410,716,271989,4,19,1,2,4,248,58.53,23.02,65.66,16.14,58.53,23.02,7.13,-6.88
province,Madhesh,,Female,5 Year,74507,53620,0,0,0,71,36,164,0,0,0,21,22,20473,1,0,0,0,2,97,72.11,27.48,73.33,26.26,72.11,27.48,1.22,-1.22
province,Madhesh,,Female,6 Year,69776,20875,34687,0,0,71,26,31,136,0,0,23,12,13874,0,1,0,0,1,39,79.77,19.88,81.2,18.44,79.77,19.88,1.43,-1.44
province,Madhesh,,Female,7 Year,64189,11210,42827,0,0,68,29,22,155,0,0,32,8,9822,0,2,0,0,1,13,84.34,15.3,85.89,13.74,84.34,15.3,1.55,-1.56
province,Madhesh,,Female,8 Year,78298,7079,59361,0,0,125,42,13,284,0,0,40,12,11328,1,0,0,0,0,13,85.07,14.47,86.63,12.92,85.07,14.47,1.56,-1.55
province,Madhesh,,Female,9 Year,49402,2321,41399,0,0,63,18,13,252,0,0,19,12,5294,0,1,0,0,0,10,88.66,10.72,90.21,9.18,88.66,10.72,1.55,-1.54
province,Madhesh,,Female,10 Year,87550,1036,66802,0,0,112,32,394,8024,0,0,51,12,11082,0,0,0,0,0,5,77.65,12.66,78.18,10.91,77.65,12.66,0.53,-1.75
province,Madhesh,,Female,11 Year,43937,210,27749,9033,0,30,8,99,2929,81,0,24,2,3770,0,0,0,0,0,2,84.28,8.58,84.38,7.15,84.28,8.58,0.1,-1.43
province,Madhesh,,Female,12 Year,79441,187,34268,31309,0,95,19,107,3604,483,0,61,16,9287,0,1,0,0,0,4,82.93,11.69,83.83,9.8,82.93,11.69,0.9,-1.89
province,Madhesh,,Female,13 Year,56397,59,15496,32381,0,53,14,36,2036,544,0,34,7,5734,1,0,0,0,0,2,85.12,10.17,86.65,8.05,85.12,10.17,1.53,-2.12
province,Madhesh,,Female,14 Year,64078,49,10049,33966,9176,70,19,25,2215,854,193,65,11,7385,0,0,0,0,0,1,83.23,11.53,85.71,8.62,83.23,11.53,2.48,-2.91
province,Madhesh,,Female,15 Year,62623,9,243,27452,19434,107,401,33,3856,1307,490,75,16,9193,0,2,0,0,0,5,76.08,14.68,78.14,11.34,76.08,14.68,2.06,-3.34
province,Madhesh,,Female,16 Year,58118,5,170,18190,21907,115,265,29,4005,2101,988,104,22,10207,0,1,0,1,0,8,69.95,17.56,73.91,12.82,69.95,17.56,3.96,-4.74
province,Madhesh,,Female,17 Year,35449,2,92,7647,13390,81,121,18,2953,2416,1379,71,14,7253,0,4,0,1,0,7,60.18,20.46,67.16,13.84,60.18,20.46,6.98,-6.62
province,Madhesh,,Female,18 Year,52986,3,65,6243,13405,108,124,30,5987,6065,4565,172,46,16170,0,1,0,0,0,2,37.65,30.52,49.62,20.05,37.65,30.52,11.97,-10.47
province,Madhesh,,Female,19 Year,24649,2,30,1707,4411,49,45,23,3079,3746,3638,101,18,7794,0,0,1,0,0,5,25.33,31.62,39.18,19.7,25.33,31.62,13.85,-11.92
province,Madhesh,,Female,20 Year,67911,0,1,1,4535,114,159,56,9439,12492,12123,369,121,28487,0,1,0,0,0,13,7.08,41.95,15.06,28.57,7.08,41.95,7.98,-13.38
province,Madhesh,,Female,21 Year,24204,0,0,0,1231,37,51,26,3413,4740,5771,129,33,8767,0,0,0,0,0,6,5.45,36.22,10.6,22.96,5.45,36.22,5.15,-13.26
province,Madhesh,,Female,22 Year,48351,0,0,0,1401,79,76,45,6884,9127,10325,275,94,20038,0,0,0,0,0,7,3.22,41.44,7.06,27.47,3.22,41.44,3.84,-13.97
province,Madhesh,,Female,23 Year,32289,0,0,0,671,50,37,36,4534,6012,7262,179,37,13469,0,1,0,0,0,1,2.35,41.71,4.54,25.4,2.35,41.71,2.19,-16.31
province,Madhesh,,Female,24 Year,34655,0,0,0,649,46,44,31,4836,6128,7880,196,59,14782,1,2,0,0,0,1,2.13,42.65,3.72,24.82,2.13,42.65,1.59,-17.83
province,Madhesh,,Female,25 Year,72595,0,0,0,105,99,132,71,10037,10979,12872,369,142,37780,0,2,0,0,0,7,0.46,52.04,0.7,33.18,0.46,52.04,0.24,-18.86
district,Madhesh,Saptari,Total,All Ages,245857,22319,75873,39320,23701,152,142,233,15417,15018,17954,451,116,35127,0,1,0,0,0,33,65.69,14.29,69.89,11.07,61.55,17.46,8.34,-6.39
district,Madhesh,Saptari,Total,5 Year,16320,12748,0,0,0,10,1,22,0,0,0,1,6,3518,0,0,0,0,0,14,78.18,21.56,78.73,21.04,77.55,22.15,1.18,-1.11
district,Madhesh,Saptari,Total,6 Year,14092,4671,7348,0,0,7,3,10,26,0,0,2,2,2018,0,1,0,0,0,4,85.36,14.32,85.36,14.28,85.36,14.37,0.0,-0.09
district,Madhesh,Saptari,Total,7 Year,14783,2690,10428,0,0,13,1,3,26,0,0,4,1,1613,0,0,0,0,0,4,88.83,10.91,89.72,10.01,87.89,11.87,1.83,-1.86
district,Madhesh,Saptari,Total,8 Year,16479,1528,13371,0,0,13,0,2,42,0,0,0,1,1520,0,0,0,0,0,2,90.49,9.22,91.32,8.35,89.56,10.19,1.76,-1.84
district,Madhesh,Saptari,Total,9 Year,10863,470,9703,0,0,7,0,3,41,0,0,2,1,635,0,0,0,0,0,1,93.71,5.85,94.42,5.24,92.95,6.49,1.47,-1.25
district,Madhesh,Saptari,Total,10 Year,18778,135,15463,0,0,8,1,74,1779,0,0,5,3,1309,0,0,0,0,0,1,83.11,6.97,83.32,6.3,82.88,7.72,0.44,-1.42
district,Madhesh,Saptari,Total,11 Year,9561,42,6332,2133,0,1,0,15,577,16,0,0,1,444,0,0,0,0,0,0,88.99,4.64,88.59,4.5,89.44,4.81,-0.85,-0.31
district,Madhesh,Saptari,Total,12 Year,17151,22,7857,7305,0,5,2,13,774,132,0,5,5,1031,0,0,0,0,0,0,88.57,6.01,88.76,5.4,88.37,6.67,0.39,-1.27
district,Madhesh,Saptari,Total,13 Year,12495,5,3429,7845,0,7,1,6,374,122,0,6,0,700,0,0,0,0,0,0,90.33,5.6,91.29,4.69,89.34,6.54,1.95,-1.85
district,Madhesh,Saptari,Total,14 Year,12951,7,1915,7477,2139,6,2,8,371,185,53,15,2,771,0,0,0,0,0,0,89.15,5.95,89.82,5.21,88.47,6.71,1.35,-1.5
district,Madhesh,Saptari,Total,15 Year,13469,0,15,6436,4664,12,29,5,755,320,157,14,3,1059,0,0,0,0,0,0,82.83,7.86,83.16,7.06,82.48,8.71,0.68,-1.65
district,Madhesh,Saptari,Total,16 Year,12016,0,7,4102,5348,10,19,2,675,490,249,15,4,1095,0,0,0,0,0,0,78.94,9.11,80.84,7.69,76.96,10.61,3.88,-2.92
district,Madhesh,Saptari,Total,17 Year,7807,0,1,1843,3542,6,10,4,574,548,372,17,0,889,0,0,0,0,0,1,69.19,11.39,72.11,9.26,65.96,13.74,6.15,-4.48
district,Madhesh,Saptari,Total,18 Year,10853,0,3,1616,3784,12,14,5,1159,1343,1047,32,3,1835,0,0,0,0,0,0,50.02,16.91,55.64,12.2,43.76,22.16,11.88,-9.96
district,Madhesh,Saptari,Total,19 Year,5766,1,1,563,1470,2,12,5,652,921,1011,25,4,1099,0,0,0,0,0,0,35.54,19.06,42.14,13.96,28.87,24.21,13.27,-10.25
district,Madhesh,Saptari,Total,20 Year,10916,0,0,0,1280,11,13,7,1556,2328,2704,54,16,2946,0,0,0,0,0,1,11.95,26.99,17.32,19.69,8.33,31.89,8.99,-12.2
district,Madhesh,Saptari,Total,21 Year,5861,0,0,0,509,4,9,8,829,1318,1727,41,7,1407,0,0,0,0,0,2,8.91,24.01,13.42,16.31,5.23,30.27,8.19,-13.96
district,Madhesh,Saptari,Total,22 Year,9512,0,0,0,523,6,3,9,1400,2156,2668,54,13,2679,0,0,0,0,0,1,5.59,28.16,8.17,20.44,3.71,33.81,4.46,-13.37
district,Madhesh,Saptari,Total,23 Year,6254,0,0,0,231,1,4,8,874,1299,2017,38,7,1775,0,0,0,0,0,0,3.77,28.38,5.58,19.11,2.59,34.45,2.99,-15.34
district,Madhesh,Saptari,Total,24 Year,6793,0,0,0,203,3,5,7,977,1433,2226,44,15,1879,0,0,0,0,0,1,3.11,27.66,4.23,18.05,2.3,34.55,1.93,-16.5
district,Madhesh,Saptari,Total,25 Year,13137,0,0,0,8,8,13,17,1956,2407,3723,77,22,4905,0,0,0,0,0,1,0.22,37.34,0.25,25.7,0.2,45.01,0.05,-19.31
district,Madhesh,Saptari,Male,All Ages,122191,12451,39835,20272,12700,61,76,123,7258,7669,7986,168,42,13532,0,1,0,0,0,17,69.89,11.07,69.89,11.07,61.55,17.46,8.34,-6.39
district,Madhesh,Saptari,Male,5 Year,8693,6837,0,0,0,7,0,10,0,0,0,1,3,1829,0,0,0,0,0,6,78.73,21.04,78.73,21.04,77.55,22.15,1.18,-1.11
district,Madhesh,Saptari,Male,6 Year,7458,2648,3713,0,0,2,3,5,16,0,0,1,2,1065,0,1,0,0,0,2,85.36,14.28,85.36,14.28,85.36,14.37,0.0,-0.09
district,Madhesh,Saptari,Male,7 Year,7614,1604,5218,0,0,8,1,1,13,0,0,2,1,762,0,0,0,0,0,4,89.72,10.01,89.72,10.01,87.89,11.87,1.83,-1.86
district,Madhesh,Saptari,Male,8 Year,8690,936,6996,0,0,4,0,2,23,0,0,0,1,726,0,0,0,0,0,2,91.32,8.35,91.32,8.35,89.56,10.19,1.76,-1.84
district,Madhesh,Saptari,Male,9 Year,5628,297,5016,0,0,1,0,1,17,0,0,1,0,295,0,0,0,0,0,0,94.42,5.24,94.42,5.24,92.95,6.49,1.47,-1.25
district,Madhesh,Saptari,Male,10 Year,9930,78,8192,0,0,4,0,51,977,0,0,1,1,626,0,0,0,0,0,0,83.32,6.3,83.32,6.3,82.88,7.72,0.44,-1.42
district,Madhesh,Saptari,Male,11 Year,5093,27,3467,1017,0,1,0,8,331,12,0,0,1,229,0,0,0,0,0,0,88.59,4.5,88.59,4.5,89.44,4.81,-0.85,-0.31
district,Madhesh,Saptari,Male,12 Year,8860,16,4274,3571,0,3,0,7,446,61,0,3,1,478,0,0,0,0,0,0,88.76,5.4,88.76,5.4,88.37,6.67,0.39,-1.27
district,Madhesh,Saptari,Male,13 Year,6329,4,1919,3851,0,4,0,3,192,58,0,1,0,297,0,0,0,0,0,0,91.29,4.69,91.29,4.69,89.34,6.54,1.95,-1.85
district,Madhesh,Saptari,Male,14 Year,6560,3,1030,3887,970,2,0,5,197,95,23,6,0,342,0,0,0,0,0,0,89.82,5.21,89.82,5.21,88.47,6.71,1.35,-1.5
district,Madhesh,Saptari,Male,15 Year,6899,0,5,3452,2260,6,14,2,397,190,79,6,1,487,0,0,0,0,0,0,83.16,7.06,83.16,7.06,82.48,8.71,0.68,-1.65
district,Madhesh,Saptari,Male,16 Year,6152,0,2,2206,2755,3,7,2,308,274,115,6,1,473,0,0,0,0,0,0,80.84,7.69,80.84,7.69,76.96,10.61,3.88,-2.92
district,Madhesh,Saptari,Male,17 Year,4102,0,0,1028,1926,0,4,4,289,291,177,3,0,380,0,0,0,0,0,0,72.11,9.26,72.11,9.26,65.96,13.74,6.15,-4.48
district,Madhesh,Saptari,Male,18 Year,5723,0,2,928,2243,3,8,3,555,756,511,14,2,698,0,0,0,0,0,0,55.64,12.2,55.64,12.2,43.76,22.16,11.88,-9.96
district,Madhesh,Saptari,Male,19 Year,2895,1,1,332,876,1,9,1,313,487,458,10,2,404,0,0,0,0,0,0,42.14,13.96,42.14,13.96,28.87,24.21,13.27,-10.25
district,Madhesh,Saptari,Male,20 Year,4387,0,0,0,749,3,8,2,639,1061,1039,15,6,864,0,0,0,0,0,1,17.32,19.69,17.32,19.69,8.33,31.89,8.99,-12.2
district,Madhesh,Saptari,Male,21 Year,2630,0,0,0,343,2,8,1,360,700,768,15,3,429,0,0,0,0,0,1,13.42,16.31,13.42,16.31,5.23,30.27,8.19,-13.96
district,Madhesh,Saptari,Male,22 Year,4016,0,0,0,324,3,1,3,602,1065,1170,23,4,821,0,0,0,0,0,0,8.17,20.44,8.17,20.44,3.71,33.81,4.46,-13.37
district,Madhesh,Saptari,Male,23 Year,2475,0,0,0,133,1,4,3,363,631,845,18,4,473,0,0,0,0,0,0,5.58,19.11,5.58,19.11,2.59,34.45,2.99,-15.34
district,Madhesh,Saptari,Male,24 Year,2836,0,0,0,117,1,2,4,401,758,1018,14,8,512,0,0,0,0,0,1,4.23,18.05,4.23,18.05,2.3,34.55,1.93,-16.5
district,Madhesh,Saptari,Male,25 Year,5221,0,0,0,4,2,7,5,819,1230,1783,28,1,1342,0,0,0,0,0,0,0.25,25.7,0.25,25.7,0.2,45.01,0.05,-19.31
district,Madhesh,Saptari,Female,All Ages,123666,9868,36038,19048,11001,91,66,110,8159,7349,9968,283,74,21595,0,0,0,0,0,16,61.55,17.46,69.89,11.07,61.55,17.46,8.34,-6.39
district,Madhesh,Saptari,Female,5 Year,7627,5911,0,0,0,3,1,12,0,0,0,0,3,1689,0,0,0,0,0,8,77.55,22.15,78.73,21.04,77.55,22.15,1.18,-1.11
district,Madhesh,Saptari,Female,6 Year,6634,2023,3635,0,0,5,0,5,10,0,0,1,0,953,0,0,0,0,0,2,85.36,14.37,85.36,14.28,85.36,14.37,0.0,-0.09
district,Madhesh,Saptari,Female,7 Year,7169,1086,5210,0,0,5,0,2,13,0,0,2,0,851,0,0,0,0,0,0,87.89,11.87,89.72,10.01,87.89,11.87,1.83,-1.86
district,Madhesh,Saptari,Female,8 Year,7789,592,6375,0,0,9,0,0,19,0,0,0,0,794,0,0,0,0,0,0,89.56,10.19,91.32,8.35,89.56,10.19,1.76,-1.84
district,Madhesh,Saptari,Female,9 Year,5235,173,4687,0,0,6,0,2,24,0,0,1,1,340,0,0,0,0,0,1,92.95,6.49,94.42,5.24,92.95,6.49,1.47,-1.25
district,Madhesh,Saptari,Female,10 Year,8848,57,7271,0,0,4,1,23,802,0,0,4,2,683,0,0,0,0,0,1,82.88,7.72,83.32,6.3,82.88,7.72,0.44,-1.42
district,Madhesh,Saptari,Female,11 Year,4468,15,2865,1116,0,0,0,7,246,4,0,0,0,215,0,0,0,0,0,0,89.44,4.81,88.59,4.5,89.44,4.81,-0.85,-0.31
district,Madhesh,Saptari,Female,12 Year,8291,6,3583,3734,0,2,2,6,328,71,0,2,4,553,0,0,0,0,0,0,88.37,6.67,88.76,5.4,88.37,6.67,0.39,-1.27
district,Madhesh,Saptari,Female,13 Year,6166,1,1510,3994,0,3,1,3,182,64,0,5,0,403,0,0,0,0,0,0,89.34,6.54,91.29,4.69,89.34,6.54,1.95,-1.85
district,Madhesh,Saptari,Female,14 Year,6391,4,885,3590,1169,4,2,3,174,90,30,9,2,429,0,0,0,0,0,0,88.47,6.71,89.82,5.21,88.47,6.71,1.35,-1.5
district,Madhesh,Saptari,Female,15 Year,6570,0,10,2984,2404,6,15,3,358,130,78,8,2,572,0,0,0,0,0,0,82.48,8.71,83.16,7.06,82.48,8.71,0.68,-1.65
district,Madhesh,Saptari,Female,16 Year,5864,0,5,1896,2593,7,12,0,367,216,134,9,3,622,0,0,0,0,0,0,76.96,10.61,80.84,7.69,76.96,10.61,3.88,-2.92
district,Madhesh,Saptari,Female,17 Year,3705,0,1,815,1616,6,6,0,285,257,195,14,0,509,0,0,0,0,0,1,65.96,13.74,72.11,9.26,65.96,13.74,6.15,-4.48
district,Madhesh,Saptari,Female,18 Year,5130,0,1,688,1541,9,6,2,604,587,536,18,1,1137,0,0,0,0,0,0,43.76,22.16,55.64,12.2,43.76,22.16,11.88,-9.96
district,Madhesh,Saptari,Female,19 Year,2871,0,0,231,594,1,3,4,339,434,553,15,2,695,0,0,0,0,0,0,28.87,24.21,42.14,13.96,28.87,24.21,13.27,-10.25
district,Madhesh,Saptari,Female,20 Year,6529,0,0,0,531,8,5,5,917,1267,1665,39,10,2082,0,0,0,0,0,0,8.33,31.89,17.32,19.69,8.33,31.89,8.99,-12.2
district,Madhesh,Saptari,Female,21 Year,3231,0,0,0,166,2,1,7,469,618,959,26,4,978,0,0,0,0,0,1,5.23,30.27,13.42,16.31,5.23,30.27,8.19,-13.96
district,Madhesh,Saptari,Female,22 Year,5496,0,0,0,199,3,2,6,798,1091,1498,31,9,1858,0,0,0,0,0,1,3.71,33.81,8.17,20.44,3.71,33.81,4.46,-13.37
district,Madhesh,Saptari,Female,23 Year,3779,0,0,0,98,0,0,5,511,668,1172,20,3,1302,0,0,0,0,0,0,2.59,34.45,5.58,19.11,2.59,34.45,2.99,-15.34
district,Madhesh,Saptari,Female,24 Year,3957,0,0,0,86,2,3,3,576,675,1208,30,7,1367,0,0,0,0,0,0,2.3,34.55,4.23,18.05,2.3,34.55,1.93,-16.5
district,Madhesh,Saptari,Female,25 Year,7916,0,0,0,4,6,6,12,1137,1177,1940,49,21,3563,0,0,0,0,0,1,0.2,45.01,0.25,25.7,0.2,45.01,0.05,-19.31
district,Madhesh,Siraha,Total,All Ages,276755,29261,83671,41808,25755,254,690,403,16247,15298,16301,395,209,46326,3,25,1,3,2,103,65.56,16.74,70.73,13.55,60.43,19.9,10.3,-6.35
district,Madhesh,Siraha,Total,5 Year,20117,15027,0,0,0,3,38,55,0,0,0,2,14,4924,1,0,0,0,1,52,74.9,24.48,75.4,23.96,74.29,25.11,1.11,-1.15
district,Madhesh,Siraha,Total,6 Year,17764,6454,8319,0,0,11,32,9,41,0,0,3,9,2869,0,0,0,0,0,17,83.4,16.15,83.72,15.88,83.03,16.47,0.69,-0.59
district,Madhesh,Siraha,Total,7 Year,16661,3911,10630,0,0,8,32,5,52,0,0,3,5,2006,0,1,0,0,1,7,87.52,12.04,87.84,11.7,87.15,12.41,0.69,-0.71
district,Madhesh,Siraha,Total,8 Year,18569,2443,13875,0,0,18,34,6,107,0,0,3,4,2075,1,0,0,0,0,3,88.16,11.17,88.77,10.61,87.46,11.81,1.31,-1.2
district,Madhesh,Siraha,Total,9 Year,12933,884,10903,0,0,9,23,5,94,0,0,0,5,1005,0,3,0,0,0,2,91.39,7.77,92.06,7.18,90.63,8.44,1.43,-1.26
district,Madhesh,Siraha,Total,10 Year,20979,342,16504,0,0,10,34,143,2140,0,0,2,6,1798,0,0,0,0,0,0,80.51,8.57,80.34,8.01,80.71,9.22,-0.37,-1.21
district,Madhesh,Siraha,Total,11 Year,11627,69,7590,2318,0,6,15,39,901,27,0,3,3,654,0,0,0,0,0,2,85.99,5.62,86.12,4.98,85.85,6.35,0.27,-1.37
district,Madhesh,Siraha,Total,12 Year,18619,71,8487,7349,0,9,30,31,925,107,0,9,3,1597,0,0,0,0,0,1,85.64,8.58,85.88,7.82,85.38,9.44,0.5,-1.62
district,Madhesh,Siraha,Total,13 Year,13762,22,4205,7882,0,8,19,14,513,127,0,2,4,963,0,2,1,0,0,0,88.18,7.0,88.26,6.57,88.11,7.44,0.15,-0.87
district,Madhesh,Siraha,Total,14 Year,14754,14,2456,8291,2140,8,19,7,453,200,39,11,6,1109,0,0,0,0,0,1,87.62,7.52,89.14,6.25,86.07,8.82,3.07,-2.57
district,Madhesh,Siraha,Total,15 Year,14958,12,271,6946,4785,9,107,17,832,317,121,4,7,1527,0,3,0,0,0,0,81.09,10.21,81.95,8.85,80.19,11.64,1.76,-2.79
district,Madhesh,Siraha,Total,16 Year,13472,3,181,4485,5589,13,71,8,721,468,239,8,3,1677,0,2,0,1,0,3,76.77,12.45,79.37,9.86,73.93,15.27,5.44,-5.41
district,Madhesh,Siraha,Total,17 Year,8804,3,97,2149,3804,12,37,3,616,496,323,5,5,1249,0,5,0,0,0,0,69.31,14.19,72.7,11.34,65.17,17.67,7.53,-6.33
district,Madhesh,Siraha,Total,18 Year,12301,2,108,1767,4180,16,50,4,1145,1334,968,21,15,2686,0,2,0,1,0,2,49.78,21.84,56.87,18.07,41.82,26.06,15.05,-7.99
district,Madhesh,Siraha,Total,19 Year,5996,4,44,620,1628,9,14,6,629,813,853,22,3,1350,0,0,0,0,0,1,38.68,22.52,47.23,18.47,30.36,26.45,16.87,-7.98
district,Madhesh,Siraha,Total,20 Year,13194,0,1,1,1742,21,40,13,1656,2698,2667,64,25,4258,0,1,0,1,0,6,13.68,32.27,19.93,25.43,9.79,36.52,10.14,-11.09
district,Madhesh,Siraha,Total,21 Year,5399,0,0,0,517,11,13,5,670,1205,1453,24,8,1491,0,1,0,0,0,1,10.02,27.62,13.9,21.22,7.12,32.39,6.78,-11.17
district,Madhesh,Siraha,Total,22 Year,9890,0,0,0,651,22,17,11,1237,2190,2460,53,18,3230,0,0,0,0,0,1,6.98,32.66,10.21,25.34,4.93,37.31,5.28,-11.97
district,Madhesh,Siraha,Total,23 Year,6076,0,0,0,269,9,11,4,763,1325,1725,35,9,1923,0,1,0,0,0,2,4.76,31.65,6.78,24.2,3.61,35.87,3.17,-11.67
district,Madhesh,Siraha,Total,24 Year,6890,0,0,0,296,11,10,8,903,1472,2011,37,22,2116,1,2,0,0,0,1,4.6,30.71,6.16,21.58,3.65,36.29,2.51,-14.71
district,Madhesh,Siraha,Total,25 Year,13990,0,0,0,154,31,44,10,1849,2519,3442,84,35,5819,0,2,0,0,0,1,1.64,41.59,2.45,31.53,1.2,46.94,1.25,-15.41
district,Madhesh,Siraha,Male,All Ages,137809,16793,44529,21892,13764,81,409,207,7708,6966,6507,118,89,18670,2,15,1,3,0,55,70.73,13.55,70.73,13.55,60.43,19.9,10.3,-6.35
district,Madhesh,Siraha,Male,5 Year,11073,8330,0,0,0,0,19,26,0,0,0,1,8,2653,1,0,0,0,0,35,75.4,23.96,75.4,23.96,74.29,25.11,1.11,-1.15
district,Madhesh,Siraha,Male,6 Year,9620,3772,4259,0,0,5,18,5,19,0,0,1,7,1528,0,0,0,0,0,6,83.72,15.88,83.72,15.88,83.03,16.47,0.69,-0.59
district,Madhesh,Siraha,Male,7 Year,8783,2326,5366,0,0,4,19,2,28,0,0,2,3,1028,0,0,0,0,0,5,87.84,11.7,87.84,11.7,87.15,12.41,0.69,-0.71
district,Madhesh,Siraha,Male,8 Year,9874,1479,7269,0,0,4,13,3,54,0,0,1,1,1048,1,0,0,0,0,1,88.77,10.61,88.77,10.61,87.46,11.81,1.31,-1.2
district,Madhesh,Siraha,Male,9 Year,6828,574,5694,0,0,4,14,3,46,0,0,0,1,490,0,2,0,0,0,0,92.06,7.18,92.06,7.18,90.63,8.44,1.43,-1.26
district,Madhesh,Siraha,Male,10 Year,11235,206,8797,0,0,4,19,81,1224,0,0,1,3,900,0,0,0,0,0,0,80.34,8.01,80.34,8.01,80.71,9.22,-0.37,-1.21
district,Madhesh,Siraha,Male,11 Year,6144,43,4104,1132,0,3,9,22,506,15,0,0,2,306,0,0,0,0,0,2,86.12,4.98,86.12,4.98,85.85,6.35,0.27,-1.37
district,Madhesh,Siraha,Male,12 Year,9865,39,4836,3574,0,3,20,16,551,52,0,1,2,771,0,0,0,0,0,0,85.88,7.82,85.88,7.82,85.38,9.44,0.5,-1.62
district,Madhesh,Siraha,Male,13 Year,7042,8,2385,3804,0,3,15,9,287,63,0,0,2,463,0,2,1,0,0,0,88.26,6.57,88.26,6.57,88.11,7.44,0.15,-0.87
district,Madhesh,Siraha,Male,14 Year,7477,8,1447,4278,918,3,11,5,228,86,20,4,1,467,0,0,0,0,0,1,89.14,6.25,89.14,6.25,86.07,8.82,3.07,-2.57
district,Madhesh,Siraha,Male,15 Year,7680,4,140,3762,2316,4,68,12,458,181,52,1,1,680,0,1,0,0,0,0,81.95,8.85,81.95,8.85,80.19,11.64,1.76,-2.79
district,Madhesh,Siraha,Male,16 Year,7020,1,88,2579,2854,4,46,1,378,265,104,1,2,692,0,2,0,1,0,2,79.37,9.86,79.37,9.86,73.93,15.27,5.44,-5.41
district,Madhesh,Siraha,Male,17 Year,4842,1,43,1294,2156,4,22,0,341,276,150,3,0,549,0,3,0,0,0,0,72.7,11.34,72.7,11.34,65.17,17.67,7.53,-6.33
district,Madhesh,Siraha,Male,18 Year,6503,0,72,1089,2495,4,38,1,575,631,409,5,7,1175,0,1,0,1,0,0,56.87,18.07,56.87,18.07,41.82,26.06,15.05,-7.99
district,Madhesh,Siraha,Male,19 Year,2956,2,29,380,972,7,6,2,287,394,322,6,3,546,0,0,0,0,0,0,47.23,18.47,47.23,18.47,30.36,26.45,16.87,-7.98
district,Madhesh,Siraha,Male,20 Year,5057,0,0,0,986,4,18,7,663,1153,903,23,12,1286,0,1,0,1,0,0,19.93,25.43,19.93,25.43,9.79,36.52,10.14,-11.09
district,Madhesh,Siraha,Male,21 Year,2309,0,0,0,308,4,9,1,288,607,590,7,4,490,0,1,0,0,0,0,13.9,21.22,13.9,21.22,7.12,32.39,6.78,-11.17
district,Madhesh,Siraha,Male,22 Year,3840,0,0,0,379,5,8,2,500,1005,946,18,4,973,0,0,0,0,0,0,10.21,25.34,10.21,25.34,4.93,37.31,5.28,-11.97
district,Madhesh,Siraha,Male,23 Year,2198,0,0,0,140,3,6,1,297,559,644,9,5,532,0,0,0,0,0,2,6.78,24.2,6.78,24.2,3.61,35.87,3.17,-11.67
district,Madhesh,Siraha,Male,24 Year,2613,0,0,0,151,3,7,5,337,643,878,14,9,564,0,1,0,0,0,1,6.16,21.58,6.16,21.58,3.65,36.29,2.51,-14.71
district,Madhesh,Siraha,Male,25 Year,4850,0,0,0,89,6,24,3,641,1036,1489,20,12,1529,0,1,0,0,0,0,2.45,31.53,2.45,31.53,1.2,46.94,1.25,-15.41
district,Madhesh,Siraha,Female,All Ages,138946,12468,39142,19916,11991,173,281,196,8539,8332,9794,277,120,27656,1,10,0,0,2,48,60.43,19.9,70.73,13.55,60.43,19.9,10.3,-6.35
district,Madhesh,Siraha,Female,5 Year,9044,6697,0,0,0,3,19,29,0,0,0,1,6,2271,0,0,0,0,1,17,74.29,25.11,75.4,23.96,74.29,25.11,1.11,-1.15
district,Madhesh,Siraha,Female,6 Year,8144,2682,4060,0,0,6,14,4,22,0,0,2,2,1341,0,0,0,0,0,11,83.03,16.47,83.72,15.88,83.03,16.47,0.69,-0.59
district,Madhesh,Siraha,Female,7 Year,7878,1585,5264,0,0,4,13,3,24,0,0,1,2,978,0,1,0,0,1,2,87.15,12.41,87.84,11.7,87.15,12.41,0.69,-0.71
district,Madhesh,Siraha,Female,8 Year,8695,964,6606,0,0,14,21,3,53,0,0,2,3,1027,0,0,0,0,0,2,87.46,11.81,88.77,10.61,87.46,11.81,1.31,-1.2
district,Madhesh,Siraha,Female,9 Year,6105,310,5209,0,0,5,9,2,48,0,0,0,4,515,0,1,0,0,0,2,90.63,8.44,92.06,7.18,90.63,8.44,1.43,-1.26
district,Madhesh,Siraha,Female,10 Year,9744,136,7707,0,0,6,15,62,916,0,0,1,3,898,0,0,0,0,0,0,80.71,9.22,80.34,8.01,80.71,9.22,-0.37,-1.21
district,Madhesh,Siraha,Female,11 Year,5483,26,3486,1186,0,3,6,17,395,12,0,3,1,348,0,0,0,0,0,0,85.85,6.35,86.12,4.98,85.85,6.35,0.27,-1.37
district,Madhesh,Siraha,Female,12 Year,8754,32,3651,3775,0,6,10,15,374,55,0,8,1,826,0,0,0,0,0,1,85.38,9.44,85.88,7.82,85.38,9.44,0.5,-1.62
district,Madhesh,Siraha,Female,13 Year,6720,14,1820,4078,0,5,4,5,226,64,0,2,2,500,0,0,0,0,0,0,88.11,7.44,88.26,6.57,88.11,7.44,0.15,-0.87
district,Madhesh,Siraha,Female,14 Year,7277,6,1009,4013,1222,5,8,2,225,114,19,7,5,642,0,0,0,0,0,0,86.07,8.82,89.14,6.25,86.07,8.82,3.07,-2.57
district,Madhesh,Siraha,Female,15 Year,7278,8,131,3184,2469,5,39,5,374,136,69,3,6,847,0,2,0,0,0,0,80.19,11.64,81.95,8.85,80.19,11.64,1.76,-2.79
district,Madhesh,Siraha,Female,16 Year,6452,2,93,1906,2735,9,25,7,343,203,135,7,1,985,0,0,0,0,0,1,73.93,15.27,79.37,9.86,73.93,15.27,5.44,-5.41
district,Madhesh,Siraha,Female,17 Year,3962,2,54,855,1648,8,15,3,275,220,173,2,5,700,0,2,0,0,0,0,65.17,17.67,72.7,11.34,65.17,17.67,7.53,-6.33
district,Madhesh,Siraha,Female,18 Year,5798,2,36,678,1685,12,12,3,570,703,559,16,8,1511,0,1,0,0,0,2,41.82,26.06,56.87,18.07,41.82,26.06,15.05,-7.99
district,Madhesh,Siraha,Female,19 Year,3040,2,15,240,656,2,8,4,342,419,531,16,0,804,0,0,0,0,0,1,30.36,26.45,47.23,18.47,30.36,26.45,16.87,-7.98
district,Madhesh,Siraha,Female,20 Year,8137,0,1,1,756,17,22,6,993,1545,1764,41,13,2972,0,0,0,0,0,6,9.79,36.52,19.93,25.43,9.79,36.52,10.14,-11.09
district,Madhesh,Siraha,Female,21 Year,3090,0,0,0,209,7,4,4,382,598,863,17,4,1001,0,0,0,0,0,1,7.12,32.39,13.9,21.22,7.12,32.39,6.78,-11.17
district,Madhesh,Siraha,Female,22 Year,6050,0,0,0,272,17,9,9,737,1185,1514,35,14,2257,0,0,0,0,0,1,4.93,37.31,10.21,25.34,4.93,37.31,5.28,-11.97
district,Madhesh,Siraha,Female,23 Year,3878,0,0,0,129,6,5,3,466,766,1081,26,4,1391,0,1,0,0,0,0,3.61,35.87,6.78,24.2,3.61,35.87,3.17,-11.67
district,Madhesh,Siraha,Female,24 Year,4277,0,0,0,145,8,3,3,566,829,1133,23,13,1552,1,1,0,0,0,0,3.65,36.29,6.16,21.58,3.65,36.29,2.51,-14.71
district,Madhesh,Siraha,Female,25 Year,9140,0,0,0,65,25,20,7,1208,1483,1953,64,23,4290,0,1,0,0,0,1,1.2,46.94,2.45,31.53,1.2,46.94,1.25,-15.41
district,Madhesh,Dhanusa,Total,All Ages,325386,33571,98368,48393,28336,299,278,315,18443,20328,19826,289,209,56618,0,2,0,0,5,106,64.31,17.4,70.08,13.87,58.69,20.84,11.39,-6.97
district,Madhesh,Dhanusa,Total,5 Year,23164,17202,0,0,0,16,3,20,0,0,0,1,4,5869,0,0,0,0,2,47,74.34,25.34,74.93,24.7,73.64,26.11,1.29,-1.41
district,Madhesh,Dhanusa,Total,6 Year,20591,7526,9578,0,0,11,0,3,21,0,0,5,4,3426,0,1,0,0,2,14,83.12,16.64,83.77,16.01,82.37,17.36,1.4,-1.35
district,Madhesh,Dhanusa,Total,7 Year,19455,4570,12545,0,0,13,0,7,24,0,0,4,1,2276,0,1,0,0,0,14,88.04,11.7,88.41,11.36,87.64,12.07,0.77,-0.71
district,Madhesh,Dhanusa,Total,8 Year,22028,2851,16733,0,0,16,1,3,51,0,0,0,2,2363,0,0,0,0,0,8,88.98,10.73,89.58,10.14,88.3,11.4,1.28,-1.26
district,Madhesh,Dhanusa,Total,9 Year,14668,910,12552,0,0,9,1,3,39,0,0,3,0,1145,0,0,0,0,1,5,91.85,7.81,92.53,7.13,91.09,8.57,1.44,-1.44
district,Madhesh,Dhanusa,Total,10 Year,25227,379,19969,0,0,18,0,123,2407,0,0,2,3,2325,0,0,0,0,0,1,80.73,9.22,80.49,8.9,81.01,9.59,-0.52,-0.69
district,Madhesh,Dhanusa,Total,11 Year,13575,60,8989,2723,0,12,0,25,967,25,0,1,1,771,0,0,0,0,0,1,86.81,5.68,86.31,5.57,87.37,5.8,-1.06,-0.23
district,Madhesh,Dhanusa,Total,12 Year,22597,46,10507,8926,0,32,2,29,1034,122,0,1,2,1894,0,0,0,0,0,2,86.35,8.38,86.48,7.84,86.21,8.96,0.27,-1.12
district,Madhesh,Dhanusa,Total,13 Year,15727,12,4641,9275,0,15,2,10,482,155,0,3,1,1130,0,0,0,0,0,1,88.67,7.19,89.14,6.36,88.17,8.05,0.97,-1.69
district,Madhesh,Dhanusa,Total,14 Year,17203,15,2846,9678,2586,12,2,8,439,251,48,3,5,1310,0,0,0,0,0,0,88.0,7.61,89.1,6.39,86.84,8.91,2.26,-2.52
district,Madhesh,Dhanusa,Total,15 Year,16959,0,4,7969,5628,19,64,6,882,369,132,6,5,1873,0,0,0,0,0,2,80.69,11.04,81.45,9.79,79.87,12.38,1.58,-2.59
district,Madhesh,Dhanusa,Total,16 Year,15230,0,1,5087,6467,15,43,4,862,624,260,10,5,1850,0,0,0,0,0,2,76.25,12.15,77.69,10.58,74.6,13.94,3.09,-3.36
district,Madhesh,Dhanusa,Total,17 Year,9837,0,1,2264,4362,9,20,2,656,695,396,6,2,1424,0,0,0,0,0,0,67.66,14.48,72.39,11.76,62.19,17.62,10.2,-5.86
district,Madhesh,Dhanusa,Total,18 Year,14341,0,2,1883,4606,12,24,9,1354,1827,1351,14,17,3242,0,0,0,0,0,0,45.51,22.61,53.83,17.8,36.21,27.98,17.62,-10.18
district,Madhesh,Dhanusa,Total,19 Year,6584,0,0,588,1570,10,7,4,733,1057,1022,8,5,1580,0,0,0,0,0,0,33.03,24.0,43.88,18.22,22.29,29.72,21.59,-11.5
district,Madhesh,Dhanusa,Total,20 Year,16755,0,0,0,1640,25,38,14,1961,3769,3469,46,37,5753,0,0,0,0,0,3,10.16,34.34,17.46,27.16,5.85,38.58,11.61,-11.42
district,Madhesh,Dhanusa,Total,21 Year,6124,0,0,0,471,6,6,7,762,1503,1633,20,6,1710,0,0,0,0,0,0,7.89,27.92,12.75,21.09,4.65,32.47,8.1,-11.38
district,Madhesh,Dhanusa,Total,22 Year,12202,0,0,0,571,22,18,8,1586,2800,3074,37,31,4052,0,0,0,0,0,3,5.01,33.21,8.66,26.16,2.84,37.38,5.82,-11.22
district,Madhesh,Dhanusa,Total,23 Year,6955,0,0,0,239,6,5,6,909,1659,1913,24,13,2180,0,0,0,0,0,1,3.59,31.34,5.4,22.49,2.56,36.43,2.84,-13.94
district,Madhesh,Dhanusa,Total,24 Year,8074,0,0,0,195,6,7,12,970,1839,2338,31,17,2659,0,0,0,0,0,0,2.58,32.93,3.86,24.19,1.8,38.18,2.06,-13.99
district,Madhesh,Dhanusa,Total,25 Year,18090,0,0,0,1,15,35,12,2304,3633,4190,64,48,7786,0,0,0,0,0,2,0.28,43.04,0.36,30.91,0.24,49.18,0.12,-18.27
district,Madhesh,Dhanusa,Male,All Ages,160434,19052,52005,25372,15701,156,150,165,8672,8801,7862,111,82,22245,0,2,0,0,3,55,70.08,13.87,70.08,13.87,58.69,20.84,11.39,-6.97
district,Madhesh,Dhanusa,Male,5 Year,12694,9501,0,0,0,8,2,14,0,0,0,1,3,3135,0,0,0,0,1,29,74.93,24.7,74.93,24.7,73.64,26.11,1.29,-1.41
district,Madhesh,Dhanusa,Male,6 Year,11011,4250,4967,0,0,7,0,1,11,0,0,4,1,1763,0,1,0,0,1,5,83.77,16.01,83.77,16.01,82.37,17.36,1.4,-1.35
district,Madhesh,Dhanusa,Male,7 Year,10169,2662,6319,0,0,9,0,4,11,0,0,1,0,1155,0,1,0,0,0,7,88.41,11.36,88.41,11.36,87.64,12.07,0.77,-0.71
district,Madhesh,Dhanusa,Male,8 Year,11728,1731,8764,0,0,11,0,1,27,0,0,0,1,1189,0,0,0,0,0,4,89.58,10.14,89.58,10.14,88.3,11.4,1.28,-1.26
district,Madhesh,Dhanusa,Male,9 Year,7747,589,6576,0,0,3,0,2,21,0,0,1,0,552,0,0,0,0,1,2,92.53,7.13,92.53,7.13,91.09,8.57,1.44,-1.44
district,Madhesh,Dhanusa,Male,10 Year,13490,238,10609,0,0,11,0,75,1352,0,0,2,2,1200,0,0,0,0,0,1,80.49,8.9,80.49,8.9,81.01,9.59,-0.52,-0.69
district,Madhesh,Dhanusa,Male,11 Year,7193,37,4828,1332,0,11,0,14,557,12,0,0,1,401,0,0,0,0,0,0,86.31,5.57,86.31,5.57,87.37,5.8,-1.06,-0.23
district,Madhesh,Dhanusa,Male,12 Year,11624,29,5713,4290,0,19,2,17,582,57,0,1,1,911,0,0,0,0,0,2,86.48,7.84,86.48,7.84,86.21,8.96,0.27,-1.12
district,Madhesh,Dhanusa,Male,13 Year,8078,7,2607,4577,0,10,0,7,272,79,0,3,1,514,0,0,0,0,0,1,89.14,6.36,89.14,6.36,88.17,8.05,0.97,-1.69
district,Madhesh,Dhanusa,Male,14 Year,8827,8,1616,5014,1219,8,0,5,238,130,23,0,2,564,0,0,0,0,0,0,89.1,6.39,89.1,6.39,86.84,8.91,2.26,-2.52
district,Madhesh,Dhanusa,Male,15 Year,8751,0,2,4332,2746,11,37,3,503,193,62,3,1,857,0,0,0,0,0,1,81.45,9.79,81.45,9.79,79.87,12.38,1.58,-2.59
district,Madhesh,Dhanusa,Male,16 Year,8135,0,1,2923,3365,8,23,2,477,344,123,6,2,861,0,0,0,0,0,0,77.69,10.58,77.69,10.58,74.6,13.94,3.09,-3.36
district,Madhesh,Dhanusa,Male,17 Year,5280,0,1,1335,2471,3,12,1,330,337,165,2,2,621,0,0,0,0,0,0,72.39,11.76,72.39,11.76,62.19,17.62,10.2,-5.86
district,Madhesh,Dhanusa,Male,18 Year,7572,0,2,1173,2882,6,13,4,710,861,555,9,9,1348,0,0,0,0,0,0,53.83,17.8,53.83,17.8,36.21,27.98,17.62,-10.18
district,Madhesh,Dhanusa,Male,19 Year,3277,0,0,396,1036,2,4,3,362,481,392,2,2,597,0,0,0,0,0,0,43.88,18.22,43.88,18.22,22.29,29.72,21.59,-11.5
district,Madhesh,Dhanusa,Male,20 Year,6227,0,0,0,1054,10,23,5,731,1499,1192,11,9,1691,0,0,0,0,0,2,17.46,27.16,17.46,27.16,5.85,38.58,11.61,-11.42
district,Madhesh,Dhanusa,Male,21 Year,2447,0,0,0,307,3,2,1,312,667,633,4,2,516,0,0,0,0,0,0,12.75,21.09,12.75,21.09,4.65,32.47,8.1,-11.38
district,Madhesh,Dhanusa,Male,22 Year,4537,0,0,0,376,6,11,2,613,1165,1157,11,9,1187,0,0,0,0,0,0,8.66,26.16,8.66,26.16,2.84,37.38,5.82,-11.22
district,Madhesh,Dhanusa,Male,23 Year,2535,0,0,0,135,2,0,0,336,668,811,7,6,570,0,0,0,0,0,0,5.4,22.49,5.4,22.49,2.56,36.43,2.84,-13.94
district,Madhesh,Dhanusa,Male,24 Year,3030,0,0,0,109,4,4,3,382,807,965,15,8,733,0,0,0,0,0,0,3.86,24.19,3.86,24.19,1.8,38.18,2.06,-13.99
district,Madhesh,Dhanusa,Male,25 Year,6082,0,0,0,1,4,17,1,845,1501,1784,28,20,1880,0,0,0,0,0,1,0.36,30.91,0.36,30.91,0.24,49.18,0.12,-18.27
district,Madhesh,Dhanusa,Female,All Ages,164952,14519,46363,23021,12635,143,128,150,9771,11527,11964,178,127,34373,0,0,0,0,2,51,58.69,20.84,70.08,13.87,58.69,20.84,11.39,-6.97
district,Madhesh,Dhanusa,Female,5 Year,10470,7701,0,0,0,8,1,6,0,0,0,0,1,2734,0,0,0,0,1,18,73.64,26.11,74.93,24.7,73.64,26.11,1.29,-1.41
district,Madhesh,Dhanusa,Female,6 Year,9580,3276,4611,0,0,4,0,2,10,0,0,1,3,1663,0,0,0,0,1,9,82.37,17.36,83.77,16.01,82.37,17.36,1.4,-1.35
district,Madhesh,Dhanusa,Female,7 Year,9286,1908,6226,0,0,4,0,3,13,0,0,3,1,1121,0,0,0,0,0,7,87.64,12.07,88.41,11.36,87.64,12.07,0.77,-0.71
district,Madhesh,Dhanusa,Female,8 Year,10300,1120,7969,0,0,5,1,2,24,0,0,0,1,1174,0,0,0,0,0,4,88.3,11.4,89.58,10.14,88.3,11.4,1.28,-1.26
district,Madhesh,Dhanusa,Female,9 Year,6921,321,5976,0,0,6,1,1,18,0,0,2,0,593,0,0,0,0,0,3,91.09,8.57,92.53,7.13,91.09,8.57,1.44,-1.44
district,Madhesh,Dhanusa,Female,10 Year,11737,141,9360,0,0,7,0,48,1055,0,0,0,1,1125,0,0,0,0,0,0,81.01,9.59,80.49,8.9,81.01,9.59,-0.52,-0.69
district,Madhesh,Dhanusa,Female,11 Year,6382,23,4161,1391,0,1,0,11,410,13,0,1,0,370,0,0,0,0,0,1,87.37,5.8,86.31,5.57,87.37,5.8,-1.06,-0.23
district,Madhesh,Dhanusa,Female,12 Year,10973,17,4794,4636,0,13,0,12,452,65,0,0,1,983,0,0,0,0,0,0,86.21,8.96,86.48,7.84,86.21,8.96,0.27,-1.12
district,Madhesh,Dhanusa,Female,13 Year,7649,5,2034,4698,0,5,2,3,210,76,0,0,0,616,0,0,0,0,0,0,88.17,8.05,89.14,6.36,88.17,8.05,0.97,-1.69
district,Madhesh,Dhanusa,Female,14 Year,8376,7,1230,4664,1367,4,2,3,201,121,25,3,3,746,0,0,0,0,0,0,86.84,8.91,89.1,6.39,86.84,8.91,2.26,-2.52
district,Madhesh,Dhanusa,Female,15 Year,8208,0,2,3637,2882,8,27,3,379,176,70,3,4,1016,0,0,0,0,0,1,79.87,12.38,81.45,9.79,79.87,12.38,1.58,-2.59
district,Madhesh,Dhanusa,Female,16 Year,7095,0,0,2164,3102,7,20,2,385,280,137,4,3,989,0,0,0,0,0,2,74.6,13.94,77.69,10.58,74.6,13.94,3.09,-3.36
district,Madhesh,Dhanusa,Female,17 Year,4557,0,0,929,1891,6,8,1,326,358,231,4,0,803,0,0,0,0,0,0,62.19,17.62,72.39,11.76,62.19,17.62,10.2,-5.86
district,Madhesh,Dhanusa,Female,18 Year,6769,0,0,710,1724,6,11,5,644,966,796,5,8,1894,0,0,0,0,0,0,36.21,27.98,53.83,17.8,36.21,27.98,17.62,-10.18
district,Madhesh,Dhanusa,Female,19 Year,3307,0,0,192,534,8,3,1,371,576,630,6,3,983,0,0,0,0,0,0,22.29,29.72,43.88,18.22,22.29,29.72,21.59,-11.5
district,Madhesh,Dhanusa,Female,20 Year,10528,0,0,0,586,15,15,9,1230,2270,2277,35,28,4062,0,0,0,0,0,1,5.85,38.58,17.46,27.16,5.85,38.58,11.61,-11.42
district,Madhesh,Dhanusa,Female,21 Year,3677,0,0,0,164,3,4,6,450,836,1000,16,4,1194,0,0,0,0,0,0,4.65,32.47,12.75,21.09,4.65,32.47,8.1,-11.38
district,Madhesh,Dhanusa,Female,22 Year,7665,0,0,0,195,16,7,6,973,1635,1917,26,22,2865,0,0,0,0,0,3,2.84,37.38,8.66,26.16,2.84,37.38,5.82,-11.22
district,Madhesh,Dhanusa,Female,23 Year,4420,0,0,0,104,4,5,6,573,991,1102,17,7,1610,0,0,0,0,0,1,2.56,36.43,5.4,22.49,2.56,36.43,2.84,-13.94
district,Madhesh,Dhanusa,Female,24 Year,5044,0,0,0,86,2,3,9,588,1032,1373,16,9,1926,0,0,0,0,0,0,1.8,38.18,3.86,24.19,1.8,38.18,2.06,-13.99
district,Madhesh,Dhanusa,Female,25 Year,12008,0,0,0,0,11,18,11,1459,2132,2406,36,28,5906,0,0,0,0,0,1,0.24,49.18,0.36,30.91,0.24,49.18,0.12,-18.27
district,Madhesh,Mahottari,Total,All Ages,278524,24923,80350,41405,23839,174,232,336,16324,14825,13451,267,88,62207,2,11,0,1,0,89,61.37,22.33,65.35,18.74,57.52,25.81,7.83,-7.07
district,Madhesh,Mahottari,Total,5 Year,18900,13184,0,0,0,10,13,31,0,0,0,6,2,5618,0,0,0,0,0,36,69.88,29.72,69.6,30.03,70.19,29.39,-0.59,0.64
district,Madhesh,Mahottari,Total,6 Year,17724,5361,8331,0,0,3,11,9,25,0,0,2,0,3964,0,1,0,0,0,17,77.33,22.37,77.61,22.03,77.03,22.73,0.58,-0.7
district,Madhesh,Mahottari,Total,7 Year,15386,2991,9642,0,0,7,11,3,32,0,0,6,3,2687,0,1,0,0,0,3,82.22,17.46,83.25,16.48,81.18,18.47,2.07,-1.99
district,Madhesh,Mahottari,Total,8 Year,19232,2123,13843,0,0,8,16,5,54,0,0,2,5,3169,1,0,0,0,0,6,83.14,16.48,83.72,15.96,82.54,17.03,1.18,-1.07
district,Madhesh,Mahottari,Total,9 Year,11868,785,9622,0,0,2,10,3,57,0,0,1,1,1381,0,1,0,0,0,5,87.79,11.64,88.56,10.83,87.0,12.47,1.56,-1.64
district,Madhesh,Mahottari,Total,10 Year,22551,318,16866,0,0,9,12,144,1982,0,0,3,3,3212,0,1,0,0,0,1,76.29,14.24,76.53,13.3,76.04,15.25,0.49,-1.95
district,Madhesh,Mahottari,Total,11 Year,11313,68,7029,2307,0,5,2,24,785,23,0,3,2,1065,0,0,0,0,0,0,83.19,9.41,82.79,8.88,83.61,9.99,-0.82,-1.11
district,Madhesh,Mahottari,Total,12 Year,19603,53,8507,7483,0,9,2,34,952,97,0,7,1,2457,0,0,0,0,0,1,81.9,12.53,82.35,11.37,81.41,13.8,0.94,-2.43
district,Madhesh,Mahottari,Total,13 Year,13427,15,3828,7528,0,5,1,12,454,121,0,4,0,1457,1,0,0,0,0,1,84.73,10.85,85.76,9.53,83.7,12.18,2.06,-2.65
district,Madhesh,Mahottari,Total,14 Year,15182,15,2407,8235,1976,8,4,5,443,188,48,9,1,1842,0,0,0,0,0,1,83.29,12.13,84.68,10.52,81.94,13.7,2.74,-3.18
district,Madhesh,Mahottari,Total,15 Year,14999,1,91,6671,4585,19,50,3,916,325,101,5,1,2227,0,1,0,0,0,3,76.12,14.85,77.33,13.3,74.9,16.4,2.43,-3.1
district,Madhesh,Mahottari,Total,16 Year,14306,6,83,4670,5338,11,20,5,894,513,216,13,2,2531,0,1,0,0,0,3,70.8,17.69,72.23,15.78,69.31,19.67,2.92,-3.89
district,Madhesh,Mahottari,Total,17 Year,8960,1,34,2065,3634,12,12,7,613,565,282,6,0,1726,0,1,0,0,0,2,64.26,19.26,68.09,15.82,59.96,23.14,8.13,-7.32
district,Madhesh,Mahottari,Total,18 Year,13315,1,44,1888,4059,8,14,5,1261,1364,928,20,3,3718,0,1,0,0,0,1,45.17,27.92,51.82,22.51,37.61,34.07,14.21,-11.56
district,Madhesh,Mahottari,Total,19 Year,5682,1,23,558,1313,7,5,5,594,788,718,10,4,1655,0,0,0,0,0,1,33.56,29.13,41.18,24.01,25.39,34.62,15.79,-10.61
district,Madhesh,Mahottari,Total,20 Year,14134,0,0,0,1626,14,11,4,1800,2722,2290,33,14,5617,0,1,0,0,0,2,11.68,39.74,17.75,32.12,7.26,45.29,10.49,-13.17
district,Madhesh,Mahottari,Total,21 Year,5046,0,0,0,415,9,7,4,651,1102,1141,14,2,1699,0,0,0,1,0,1,8.54,33.67,12.47,25.64,5.27,40.36,7.2,-14.72
district,Madhesh,Mahottari,Total,22 Year,9770,0,0,0,484,7,6,9,1272,1983,2055,40,10,3901,0,0,0,0,0,3,5.09,39.93,8.37,32.08,2.82,45.35,5.55,-13.27
district,Madhesh,Mahottari,Total,23 Year,5735,0,0,0,195,6,5,5,767,1239,1337,20,7,2154,0,0,0,0,0,0,3.59,37.56,5.24,28.08,2.45,44.13,2.79,-16.05
district,Madhesh,Mahottari,Total,24 Year,6701,0,0,0,177,2,2,5,869,1380,1551,19,7,2688,0,1,0,0,0,0,2.7,40.11,4.15,28.94,1.73,47.66,2.42,-18.72
district,Madhesh,Mahottari,Total,25 Year,14690,0,0,0,37,13,18,14,1903,2415,2784,44,20,7439,0,1,0,0,0,2,0.46,50.64,0.57,38.33,0.4,57.82,0.17,-19.49
district,Madhesh,Mahottari,Male,All Ages,136929,13600,41308,21337,13033,82,119,192,7933,7317,6180,75,38,25659,0,5,0,1,0,50,65.35,18.74,65.35,18.74,57.52,25.81,7.83,-7.07
district,Madhesh,Mahottari,Male,5 Year,9930,6900,0,0,0,2,9,13,0,0,0,2,2,2982,0,0,0,0,0,20,69.6,30.03,69.6,30.03,70.19,29.39,-0.59,0.64
district,Madhesh,Mahottari,Male,6 Year,9171,2980,4132,0,0,1,5,5,15,0,0,1,0,2020,0,0,0,0,0,12,77.61,22.03,77.61,22.03,77.03,22.73,0.58,-0.7
district,Madhesh,Mahottari,Male,7 Year,7763,1715,4739,0,0,4,5,2,14,0,0,0,1,1279,0,1,0,0,0,3,83.25,16.48,83.25,16.48,81.18,18.47,2.07,-1.99
district,Madhesh,Mahottari,Male,8 Year,9858,1259,6986,0,0,3,5,2,22,0,0,1,4,1573,0,0,0,0,0,3,83.72,15.96,83.72,15.96,82.54,17.03,1.18,-1.07
district,Madhesh,Mahottari,Male,9 Year,6022,462,4864,0,0,2,5,1,33,0,0,0,0,652,0,1,0,0,0,2,88.56,10.83,88.56,10.83,87.0,12.47,1.56,-1.64
district,Madhesh,Mahottari,Male,10 Year,11651,185,8722,0,0,4,6,95,1084,0,0,1,2,1550,0,1,0,0,0,1,76.53,13.3,76.53,13.3,76.04,15.25,0.49,-1.95
district,Madhesh,Mahottari,Male,11 Year,5858,43,3679,1123,0,4,1,13,464,8,0,1,2,520,0,0,0,0,0,0,82.79,8.88,82.79,8.88,83.61,9.99,-0.82,-1.11
district,Madhesh,Mahottari,Male,12 Year,10213,34,4605,3765,0,4,2,22,567,49,0,3,0,1161,0,0,0,0,0,1,82.35,11.37,82.35,11.37,81.41,13.8,0.94,-2.43
district,Madhesh,Mahottari,Male,13 Year,6729,11,2141,3616,0,3,0,9,246,61,0,1,0,641,0,0,0,0,0,0,85.76,9.53,85.76,9.53,83.7,12.18,2.06,-2.65
district,Madhesh,Mahottari,Male,14 Year,7480,6,1309,4152,863,3,1,3,234,96,21,4,1,787,0,0,0,0,0,0,84.68,10.52,84.68,10.52,81.94,13.7,2.74,-3.18
district,Madhesh,Mahottari,Male,15 Year,7517,0,43,3516,2215,11,28,2,472,178,50,1,0,1000,0,1,0,0,0,0,77.33,13.3,77.33,13.3,74.9,16.4,2.43,-3.1
district,Madhesh,Mahottari,Male,16 Year,7270,3,34,2462,2739,6,7,3,461,297,106,1,2,1147,0,0,0,0,0,2,72.23,15.78,72.23,15.78,69.31,19.67,2.92,-3.89
district,Madhesh,Mahottari,Male,17 Year,4747,1,15,1184,2020,7,5,3,321,297,141,1,0,751,0,0,0,0,0,1,68.09,15.82,68.09,15.82,59.96,23.14,8.13,-7.32
district,Madhesh,Mahottari,Male,18 Year,7080,0,27,1159,2467,6,10,4,665,725,416,3,2,1594,0,1,0,0,0,1,51.82,22.51,51.82,22.51,37.61,34.07,14.21,-11.56
district,Madhesh,Mahottari,Male,19 Year,2941,1,12,360,831,3,4,2,299,404,312,5,2,706,0,0,0,0,0,0,41.18,24.01,41.18,24.01,25.39,34.62,15.79,-10.61
district,Madhesh,Mahottari,Male,20 Year,5956,0,0,0,1043,7,7,0,727,1268,975,10,5,1913,0,0,0,0,0,1,17.75,32.12,17.75,32.12,7.26,45.29,10.49,-13.17
district,Madhesh,Mahottari,Male,21 Year,2293,0,0,0,277,3,6,3,302,576,529,6,1,588,0,0,0,1,0,1,12.47,25.64,12.47,25.64,5.27,40.36,7.2,-14.72
district,Madhesh,Mahottari,Male,22 Year,3990,0,0,0,329,3,2,2,529,919,911,10,3,1280,0,0,0,0,0,2,8.37,32.08,8.37,32.08,2.82,45.35,5.55,-13.27
district,Madhesh,Mahottari,Male,23 Year,2347,0,0,0,120,1,2,2,337,588,631,3,4,659,0,0,0,0,0,0,5.24,28.08,5.24,28.08,2.45,44.13,2.79,-16.05
district,Madhesh,Mahottari,Male,24 Year,2702,0,0,0,110,1,1,1,351,693,757,4,2,782,0,0,0,0,0,0,4.15,28.94,4.15,28.94,1.73,47.66,2.42,-18.72
district,Madhesh,Mahottari,Male,25 Year,5411,0,0,0,19,4,8,5,790,1158,1331,17,5,2074,0,0,0,0,0,0,0.57,38.33,0.57,38.33,0.4,57.82,0.17,-19.49
district,Madhesh,Mahottari,Female,All Ages,141595,11323,39042,20068,10806,92,113,144,8391,7508,7271,192,50,36548,2,6,0,0,0,39,57.52,25.81,65.35,18.74,57.52,25.81,7.83,-7.07
district,Madhesh,Mahottari,Female,5 Year,8970,6284,0,0,0,8,4,18,0,0,0,4,0,2636,0,0,0,0,0,16,70.19,29.39,69.6,30.03,70.19,29.39,-0.59,0.64
district,Madhesh,Mahottari,Female,6 Year,8553,2381,4199,0,0,2,6,4,10,0,0,1,0,1944,0,1,0,0,0,5,77.03,22.73,77.61,22.03,77.03,22.73,0.58,-0.7
district,Madhesh,Mahottari,Female,7 Year,7623,1276,4903,0,0,3,6,1,18,0,0,6,2,1408,0,0,0,0,0,0,81.18,18.47,83.25,16.48,81.18,18.47,2.07,-1.99
district,Madhesh,Mahottari,Female,8 Year,9374,864,6857,0,0,5,11,3,32,0,0,1,1,1596,1,0,0,0,0,3,82.54,17.03,83.72,15.96,82.54,17.03,1.18,-1.07
district,Madhesh,Mahottari,Female,9 Year,5846,323,4758,0,0,0,5,2,24,0,0,1,1,729,0,0,0,0,0,3,87.0,12.47,88.56,10.83,87.0,12.47,1.56,-1.64
district,Madhesh,Mahottari,Female,10 Year,10900,133,8144,0,0,5,6,49,898,0,0,2,1,1662,0,0,0,0,0,0,76.04,15.25,76.53,13.3,76.04,15.25,0.49,-1.95
district,Madhesh,Mahottari,Female,11 Year,5455,25,3350,1184,0,1,1,11,321,15,0,2,0,545,0,0,0,0,0,0,83.61,9.99,82.79,8.88,83.61,9.99,-0.82,-1.11
district,Madhesh,Mahottari,Female,12 Year,9390,19,3902,3718,0,5,0,12,385,48,0,4,1,1296,0,0,0,0,0,0,81.41,13.8,82.35,11.37,81.41,13.8,0.94,-2.43
district,Madhesh,Mahottari,Female,13 Year,6698,4,1687,3912,0,2,1,3,208,60,0,3,0,816,1,0,0,0,0,1,83.7,12.18,85.76,9.53,83.7,12.18,2.06,-2.65
district,Madhesh,Mahottari,Female,14 Year,7702,9,1098,4083,1113,5,3,2,209,92,27,5,0,1055,0,0,0,0,0,1,81.94,13.7,84.68,10.52,81.94,13.7,2.74,-3.18
district,Madhesh,Mahottari,Female,15 Year,7482,1,48,3155,2370,8,22,1,444,147,51,4,1,1227,0,0,0,0,0,3,74.9,16.4,77.33,13.3,74.9,16.4,2.43,-3.1
district,Madhesh,Mahottari,Female,16 Year,7036,3,49,2208,2599,5,13,2,433,216,110,12,0,1384,0,1,0,0,0,1,69.31,19.67,72.23,15.78,69.31,19.67,2.92,-3.89
district,Madhesh,Mahottari,Female,17 Year,4213,0,19,881,1614,5,7,4,292,268,141,5,0,975,0,1,0,0,0,1,59.96,23.14,68.09,15.82,59.96,23.14,8.13,-7.32
district,Madhesh,Mahottari,Female,18 Year,6235,1,17,729,1592,2,4,1,596,639,512,17,1,2124,0,0,0,0,0,0,37.61,34.07,51.82,22.51,37.61,34.07,14.21,-11.56
district,Madhesh,Mahottari,Female,19 Year,2741,0,11,198,482,4,1,3,295,384,406,5,2,949,0,0,0,0,0,1,25.39,34.62,41.18,24.01,25.39,34.62,15.79,-10.61
district,Madhesh,Mahottari,Female,20 Year,8178,0,0,0,583,7,4,4,1073,1454,1315,23,9,3704,0,1,0,0,0,1,7.26,45.29,17.75,32.12,7.26,45.29,10.49,-13.17
district,Madhesh,Mahottari,Female,21 Year,2753,0,0,0,138,6,1,1,349,526,612,8,1,1111,0,0,0,0,0,0,5.27,40.36,12.47,25.64,5.27,40.36,7.2,-14.72
district,Madhesh,Mahottari,Female,22 Year,5780,0,0,0,155,4,4,7,743,1064,1144,30,7,2621,0,0,0,0,0,1,2.82,45.35,8.37,32.08,2.82,45.35,5.55,-13.27
district,Madhesh,Mahottari,Female,23 Year,3388,0,0,0,75,5,3,3,430,651,706,17,3,1495,0,0,0,0,0,0,2.45,44.13,5.24,28.08,2.45,44.13,2.79,-16.05
district,Madhesh,Mahottari,Female,24 Year,3999,0,0,0,67,1,1,4,518,687,794,15,5,1906,0,1,0,0,0,0,1.73,47.66,4.15,28.94,1.73,47.66,2.42,-18.72
district,Madhesh,Mahottari,Female,25 Year,9279,0,0,0,18,9,10,9,1113,1257,1453,27,15,5365,0,1,0,0,0,2,0.4,57.82,0.57,38.33,0.4,57.82,0.17,-19.49
district,Madhesh,Sarlahi,Total,All Ages,337574,27907,96650,50297,26838,181,494,372,21176,18189,14740,192,111,80328,0,4,0,0,0,95,59.95,23.8,62.92,20.09,56.94,27.55,5.98,-7.46
district,Madhesh,Sarlahi,Total,5 Year,21634,14900,0,0,0,1,1,16,0,0,0,1,2,6677,0,0,0,0,0,36,68.88,30.86,70.06,29.73,67.58,32.11,2.48,-2.38
district,Madhesh,Sarlahi,Total,6 Year,20774,6375,9511,0,0,2,5,10,15,0,0,1,1,4844,0,1,0,0,0,9,76.5,23.32,77.76,22.04,75.09,24.75,2.67,-2.71
district,Madhesh,Sarlahi,Total,7 Year,17796,3245,11321,0,0,2,3,4,25,0,0,0,1,3190,0,1,0,0,0,4,81.88,17.93,83.25,16.54,80.46,19.36,2.79,-2.82
district,Madhesh,Sarlahi,Total,8 Year,22947,2118,16781,0,0,1,3,4,32,0,0,2,2,3998,0,1,0,0,0,5,82.38,17.42,83.31,16.51,81.4,18.39,1.91,-1.88
district,Madhesh,Sarlahi,Total,9 Year,14690,749,12000,0,0,5,1,2,34,0,0,0,3,1892,0,1,0,0,0,3,86.83,12.88,87.76,11.84,85.84,13.98,1.92,-2.14
district,Madhesh,Sarlahi,Total,10 Year,26587,341,19449,0,0,7,3,133,2405,0,0,6,0,4240,0,0,0,0,0,3,74.47,15.95,74.75,14.94,74.17,17.04,0.58,-2.1
district,Madhesh,Sarlahi,Total,11 Year,13356,84,8606,2256,0,6,0,36,961,24,0,1,1,1379,0,0,0,0,0,2,82.0,10.32,81.92,9.37,82.09,11.36,-0.17,-1.99
district,Madhesh,Sarlahi,Total,12 Year,23645,56,10764,8217,0,8,2,43,1058,96,0,3,4,3392,0,0,0,0,0,2,80.55,14.35,81.04,13.4,80.04,15.34,1.0,-1.94
district,Madhesh,Sarlahi,Total,13 Year,16439,22,4925,8841,0,10,3,17,601,122,0,3,2,1889,0,0,0,0,0,4,83.95,11.49,84.59,10.29,83.3,12.72,1.29,-2.43
district,Madhesh,Sarlahi,Total,14 Year,19012,17,3271,10360,1998,7,3,11,578,205,28,0,0,2534,0,0,0,0,0,0,82.35,13.33,84.31,11.09,80.43,15.52,3.88,-4.43
district,Madhesh,Sarlahi,Total,15 Year,18457,0,9,8941,4875,11,134,9,1103,347,88,3,0,2935,0,0,0,0,0,2,75.69,15.9,77.08,13.73,74.23,18.18,2.85,-4.45
district,Madhesh,Sarlahi,Total,16 Year,17873,0,4,6134,6334,11,71,9,1150,589,190,7,3,3367,0,0,0,0,0,4,70.24,18.84,72.69,15.89,67.64,21.96,5.05,-6.07
district,Madhesh,Sarlahi,Total,17 Year,11303,0,3,2666,4451,10,42,5,799,693,310,5,4,2312,0,0,0,0,0,3,63.45,20.45,67.2,16.44,59.14,25.08,8.06,-8.64
district,Madhesh,Sarlahi,Total,18 Year,16781,0,4,2251,4949,16,44,10,1779,1716,946,10,7,5045,0,0,0,0,0,4,43.29,30.06,48.04,25.03,37.67,36.02,10.37,-10.99
district,Madhesh,Sarlahi,Total,19 Year,7273,0,2,631,1596,7,15,8,893,1130,768,4,3,2213,0,0,0,0,0,3,30.95,30.43,36.93,23.84,24.71,37.29,12.22,-13.45
district,Madhesh,Sarlahi,Total,20 Year,17070,0,0,0,1474,30,52,18,2325,3217,2406,33,12,7500,0,0,0,0,0,3,9.12,43.94,12.87,36.09,6.12,50.21,6.75,-14.12
district,Madhesh,Sarlahi,Total,21 Year,6433,0,0,0,407,4,22,4,950,1408,1342,16,4,2274,0,0,0,0,0,2,6.73,35.35,8.85,28.38,4.64,42.24,4.21,-13.86
district,Madhesh,Sarlahi,Total,22 Year,12165,0,0,0,424,9,28,10,1794,2454,2257,19,15,5152,0,0,0,0,0,3,3.79,42.35,5.24,34.61,2.52,49.16,2.72,-14.55
district,Madhesh,Sarlahi,Total,23 Year,7667,0,0,0,169,8,12,5,1146,1580,1555,16,7,3169,0,0,0,0,0,0,2.47,41.33,3.35,31.28,1.79,48.97,1.56,-17.69
district,Madhesh,Sarlahi,Total,24 Year,8806,0,0,0,159,10,12,9,1250,1801,1891,20,16,3637,0,0,0,0,0,1,2.06,41.3,2.6,31.52,1.62,49.18,0.98,-17.66
district,Madhesh,Sarlahi,Total,25 Year,16866,0,0,0,2,16,38,9,2278,2807,2959,42,24,8689,0,0,0,0,0,2,0.33,51.52,0.47,40.38,0.23,59.96,0.24,-19.58
district,Madhesh,Sarlahi,Male,All Ages,169794,15516,50197,26227,14544,87,265,209,11208,10264,6982,77,50,34110,0,3,0,0,0,55,62.92,20.09,62.92,20.09,56.94,27.55,5.98,-7.46
district,Madhesh,Sarlahi,Male,5 Year,11352,7953,0,0,0,0,0,7,0,0,0,0,1,3375,0,0,0,0,0,16,70.06,29.73,70.06,29.73,67.58,32.11,2.48,-2.38
district,Madhesh,Sarlahi,Male,6 Year,10989,3631,4912,0,0,1,1,7,7,0,0,1,0,2422,0,1,0,0,0,6,77.76,22.04,77.76,22.04,75.09,24.75,2.67,-2.71
district,Madhesh,Sarlahi,Male,7 Year,9067,1857,5689,0,0,1,1,2,14,0,0,0,0,1500,0,0,0,0,0,3,83.25,16.54,83.25,16.54,80.46,19.36,2.79,-2.82
district,Madhesh,Sarlahi,Male,8 Year,11754,1290,8499,0,0,1,2,4,13,0,0,0,0,1940,0,1,0,0,0,4,83.31,16.51,83.31,16.51,81.4,18.39,1.91,-1.88
district,Madhesh,Sarlahi,Male,9 Year,7551,461,6161,0,0,4,1,2,22,0,0,0,2,894,0,1,0,0,0,3,87.76,11.84,87.76,11.84,85.84,13.98,1.92,-2.14
district,Madhesh,Sarlahi,Male,10 Year,13839,197,10142,0,0,4,2,75,1347,0,0,3,0,2068,0,0,0,0,0,1,74.75,14.94,74.75,14.94,74.17,17.04,0.58,-2.1
district,Madhesh,Sarlahi,Male,11 Year,6947,61,4562,1065,0,3,0,29,564,10,0,0,1,651,0,0,0,0,0,1,81.92,9.37,81.92,9.37,82.09,11.36,-0.17,-1.99
district,Madhesh,Sarlahi,Male,12 Year,12086,36,5779,3972,0,6,2,25,594,47,0,2,3,1619,0,0,0,0,0,1,81.04,13.4,81.04,13.4,80.04,15.34,1.0,-1.94
district,Madhesh,Sarlahi,Male,13 Year,8307,16,2634,4366,0,10,1,14,335,72,0,0,1,855,0,0,0,0,0,3,84.59,10.29,84.59,10.29,83.3,12.72,1.29,-2.43
district,Madhesh,Sarlahi,Male,14 Year,9402,14,1803,5216,890,4,0,4,296,115,17,0,0,1043,0,0,0,0,0,0,84.31,11.09,84.31,11.09,80.43,15.52,3.88,-4.43
district,Madhesh,Sarlahi,Male,15 Year,9459,0,8,4861,2346,6,70,4,613,206,43,1,0,1299,0,0,0,0,0,2,77.08,13.73,77.08,13.73,74.23,18.18,2.85,-4.45
district,Madhesh,Sarlahi,Male,16 Year,9198,0,3,3385,3255,4,39,4,620,339,83,1,1,1462,0,0,0,0,0,2,72.69,15.89,72.69,15.89,67.64,21.96,5.05,-6.07
district,Madhesh,Sarlahi,Male,17 Year,6051,0,2,1564,2478,6,16,3,432,405,148,2,0,995,0,0,0,0,0,0,67.2,16.44,67.2,16.44,59.14,25.08,8.06,-8.64
district,Madhesh,Sarlahi,Male,18 Year,9093,0,3,1378,2954,6,27,3,992,1020,422,6,2,2276,0,0,0,0,0,4,48.04,25.03,48.04,25.03,37.67,36.02,10.37,-10.99
district,Madhesh,Sarlahi,Male,19 Year,3712,0,0,420,942,3,6,3,475,625,349,2,1,885,0,0,0,0,0,1,36.93,23.84,36.93,23.84,24.71,37.29,12.22,-13.45
district,Madhesh,Sarlahi,Male,20 Year,7586,0,0,0,935,13,28,7,1118,1701,1030,11,3,2738,0,0,0,0,0,2,12.87,36.09,12.87,36.09,6.12,50.21,6.75,-14.12
district,Madhesh,Sarlahi,Male,21 Year,3199,0,0,0,270,1,12,2,488,874,633,7,3,908,0,0,0,0,0,1,8.85,28.38,8.85,28.38,4.64,42.24,4.21,-13.86
district,Madhesh,Sarlahi,Male,22 Year,5692,0,0,0,278,4,16,6,927,1386,1088,8,7,1970,0,0,0,0,0,2,5.24,34.61,5.24,34.61,2.52,49.16,2.72,-14.55
district,Madhesh,Sarlahi,Male,23 Year,3309,0,0,0,103,1,7,1,561,877,712,8,4,1035,0,0,0,0,0,0,3.35,31.28,3.35,31.28,1.79,48.97,1.56,-17.69
district,Madhesh,Sarlahi,Male,24 Year,3928,0,0,0,93,3,6,3,643,1011,916,6,8,1238,0,0,0,0,0,1,2.6,31.52,2.6,31.52,1.62,49.18,0.98,-17.66
district,Madhesh,Sarlahi,Male,25 Year,7273,0,0,0,0,6,28,4,1147,1576,1541,19,13,2937,0,0,0,0,0,2,0.47,40.38,0.47,40.38,0.23,59.96,0.24,-19.58
district,Madhesh,Sarlahi,Female,All Ages,167780,12391,46453,24070,12294,94,229,163,9968,7925,7758,115,61,46218,0,1,0,0,0,40,56.94,27.55,62.92,20.09,56.94,27.55,5.98,-7.46
district,Madhesh,Sarlahi,Female,5 Year,10282,6947,0,0,0,1,1,9,0,0,0,1,1,3302,0,0,0,0,0,20,67.58,32.11,70.06,29.73,67.58,32.11,2.48,-2.38
district,Madhesh,Sarlahi,Female,6 Year,9785,2744,4599,0,0,1,4,3,8,0,0,0,1,2422,0,0,0,0,0,3,75.09,24.75,77.76,22.04,75.09,24.75,2.67,-2.71
district,Madhesh,Sarlahi,Female,7 Year,8729,1388,5632,0,0,1,2,2,11,0,0,0,1,1690,0,1,0,0,0,1,80.46,19.36,83.25,16.54,80.46,19.36,2.79,-2.82
district,Madhesh,Sarlahi,Female,8 Year,11193,828,8282,0,0,0,1,0,19,0,0,2,2,2058,0,0,0,0,0,1,81.4,18.39,83.31,16.51,81.4,18.39,1.91,-1.88
district,Madhesh,Sarlahi,Female,9 Year,7139,288,5839,0,0,1,0,0,12,0,0,0,1,998,0,0,0,0,0,0,85.84,13.98,87.76,11.84,85.84,13.98,1.92,-2.14
district,Madhesh,Sarlahi,Female,10 Year,12748,144,9307,0,0,3,1,58,1058,0,0,3,0,2172,0,0,0,0,0,2,74.17,17.04,74.75,14.94,74.17,17.04,0.58,-2.1
district,Madhesh,Sarlahi,Female,11 Year,6409,23,4044,1191,0,3,0,7,397,14,0,1,0,728,0,0,0,0,0,1,82.09,11.36,81.92,9.37,82.09,11.36,-0.17,-1.99
district,Madhesh,Sarlahi,Female,12 Year,11559,20,4985,4245,0,2,0,18,464,49,0,1,1,1773,0,0,0,0,0,1,80.04,15.34,81.04,13.4,80.04,15.34,1.0,-1.94
district,Madhesh,Sarlahi,Female,13 Year,8132,6,2291,4475,0,0,2,3,266,50,0,3,1,1034,0,0,0,0,0,1,83.3,12.72,84.59,10.29,83.3,12.72,1.29,-2.43
district,Madhesh,Sarlahi,Female,14 Year,9610,3,1468,5144,1108,3,3,7,282,90,11,0,0,1491,0,0,0,0,0,0,80.43,15.52,84.31,11.09,80.43,15.52,3.88,-4.43
district,Madhesh,Sarlahi,Female,15 Year,8998,0,1,4080,2529,5,64,5,490,141,45,2,0,1636,0,0,0,0,0,0,74.23,18.18,77.08,13.73,74.23,18.18,2.85,-4.45
district,Madhesh,Sarlahi,Female,16 Year,8675,0,1,2749,3079,7,32,5,530,250,107,6,2,1905,0,0,0,0,0,2,67.64,21.96,72.69,15.89,67.64,21.96,5.05,-6.07
district,Madhesh,Sarlahi,Female,17 Year,5252,0,1,1102,1973,4,26,2,367,288,162,3,4,1317,0,0,0,0,0,3,59.14,25.08,67.2,16.44,59.14,25.08,8.06,-8.64
district,Madhesh,Sarlahi,Female,18 Year,7688,0,1,873,1995,10,17,7,787,696,524,4,5,2769,0,0,0,0,0,0,37.67,36.02,48.04,25.03,37.67,36.02,10.37,-10.99
district,Madhesh,Sarlahi,Female,19 Year,3561,0,2,211,654,4,9,5,418,505,419,2,2,1328,0,0,0,0,0,2,24.71,37.29,36.93,23.84,24.71,37.29,12.22,-13.45
district,Madhesh,Sarlahi,Female,20 Year,9484,0,0,0,539,17,24,11,1207,1516,1376,22,9,4762,0,0,0,0,0,1,6.12,50.21,12.87,36.09,6.12,50.21,6.75,-14.12
district,Madhesh,Sarlahi,Female,21 Year,3234,0,0,0,137,3,10,2,462,534,709,9,1,1366,0,0,0,0,0,1,4.64,42.24,8.85,28.38,4.64,42.24,4.21,-13.86
district,Madhesh,Sarlahi,Female,22 Year,6473,0,0,0,146,5,12,4,867,1068,1169,11,8,3182,0,0,0,0,0,1,2.52,49.16,5.24,34.61,2.52,49.16,2.72,-14.55
district,Madhesh,Sarlahi,Female,23 Year,4358,0,0,0,66,7,5,4,585,703,843,8,3,2134,0,0,0,0,0,0,1.79,48.97,3.35,31.28,1.79,48.97,1.56,-17.69
district,Madhesh,Sarlahi,Female,24 Year,4878,0,0,0,66,7,6,6,607,790,975,14,8,2399,0,0,0,0,0,0,1.62,49.18,2.6,31.52,1.62,49.18,0.98,-17.66
district,Madhesh,Sarlahi,Female,25 Year,9593,0,0,0,2,10,10,5,1131,1231,1418,23,11,5752,0,0,0,0,0,0,0.23,59.96,0.47,40.38,0.23,59.96,0.24,-19.58
district,Madhesh,Rautahat,Total,All Ages,344481,27892,97129,44441,23446,1577,822,428,23994,17499,12970,1825,267,92158,1,3,0,0,0,29,56.7,26.75,59.73,22.62,53.69,30.85,6.04,-8.23
district,Madhesh,Rautahat,Total,5 Year,23833,16089,0,0,0,85,2,69,0,0,0,26,6,7548,1,0,0,0,0,7,67.87,31.67,68.71,30.81,67.0,32.57,1.71,-1.76
district,Madhesh,Rautahat,Total,6 Year,22452,5831,10887,0,0,95,4,8,46,0,0,33,6,5540,0,0,0,0,0,2,74.9,24.67,75.89,23.61,73.87,25.79,2.02,-2.18
district,Madhesh,Rautahat,Total,7 Year,18579,2869,11779,0,0,87,8,6,55,0,0,31,3,3739,0,0,0,0,0,2,79.35,20.12,80.16,19.28,78.53,20.98,1.63,-1.7
district,Madhesh,Rautahat,Total,8 Year,25075,1910,17820,0,0,146,4,0,115,0,0,58,3,5018,0,0,0,0,0,1,79.28,20.01,80.1,19.16,78.44,20.88,1.66,-1.72
district,Madhesh,Rautahat,Total,9 Year,14197,680,11117,0,0,70,1,1,86,0,0,20,3,2218,0,1,0,0,0,0,83.6,15.62,84.37,14.86,82.77,16.43,1.6,-1.57
district,Madhesh,Rautahat,Total,10 Year,27852,316,19534,0,0,141,7,138,2703,0,0,63,1,4946,0,0,0,0,0,3,71.8,17.76,72.65,16.4,70.89,19.21,1.76,-2.81
district,Madhesh,Rautahat,Total,11 Year,12344,90,7522,2064,0,46,1,34,919,25,0,26,2,1615,0,0,0,0,0,0,78.77,13.08,79.8,11.67,77.63,14.62,2.17,-2.95
district,Madhesh,Rautahat,Total,12 Year,23837,67,10313,7725,0,124,5,38,1332,153,0,62,9,4009,0,0,0,0,0,0,76.49,16.82,77.75,15.19,75.19,18.51,2.56,-3.32
district,Madhesh,Rautahat,Total,13 Year,15365,23,4759,7242,0,67,2,18,705,151,0,35,5,2358,0,0,0,0,0,0,78.7,15.35,80.11,13.45,77.3,17.24,2.81,-3.79
district,Madhesh,Rautahat,Total,14 Year,18015,17,3367,8498,1875,77,3,12,866,219,59,65,4,2953,0,0,0,0,0,0,76.81,16.39,78.29,14.56,75.37,18.16,2.92,-3.6
district,Madhesh,Rautahat,Total,15 Year,17769,0,13,7524,4327,99,209,10,1342,388,112,79,1,3664,0,1,0,0,0,0,68.5,20.62,70.92,17.63,66.11,23.59,4.81,-5.96
district,Madhesh,Rautahat,Total,16 Year,17516,0,7,5579,5207,109,132,13,1353,655,234,100,10,4116,0,0,0,0,0,1,62.99,23.5,66.22,20.08,59.79,26.9,6.43,-6.82
district,Madhesh,Rautahat,Total,17 Year,10894,0,5,2570,3486,57,67,4,990,661,276,59,4,2711,0,0,0,0,0,4,56.77,24.89,61.2,20.58,51.92,29.62,9.28,-9.04
district,Madhesh,Rautahat,Total,18 Year,18489,0,6,2571,4395,101,66,8,2083,1818,1069,149,20,6202,0,0,0,0,0,1,38.61,33.54,44.97,27.37,31.53,40.43,13.44,-13.06
district,Madhesh,Rautahat,Total,19 Year,7333,0,0,668,1381,41,27,6,953,1037,659,69,10,2481,0,0,0,0,0,1,28.87,33.83,35.87,25.72,21.95,41.86,13.92,-16.14
district,Madhesh,Rautahat,Total,20 Year,18923,0,0,0,1560,69,96,12,2746,3241,2229,252,51,8666,0,0,0,0,0,1,9.12,45.8,13.2,36.33,5.82,53.42,7.38,-17.09
district,Madhesh,Rautahat,Total,21 Year,6535,0,0,0,402,21,31,3,993,1312,1102,73,21,2575,0,1,0,0,0,1,6.95,39.4,8.51,31.49,5.37,47.36,3.14,-15.87
district,Madhesh,Rautahat,Total,22 Year,12304,0,0,0,470,48,36,7,1820,2344,1905,179,29,5466,0,0,0,0,0,0,4.5,44.42,6.25,35.17,2.89,52.96,3.36,-17.79
district,Madhesh,Rautahat,Total,23 Year,8120,0,0,0,167,28,19,13,1232,1488,1383,114,16,3658,0,0,0,0,0,2,2.64,45.05,3.9,33.55,1.68,53.69,2.22,-20.14
district,Madhesh,Rautahat,Total,24 Year,8261,0,0,0,173,26,27,15,1239,1450,1493,120,16,3701,0,0,0,0,0,1,2.74,44.8,3.44,32.19,2.19,54.54,1.25,-22.35
district,Madhesh,Rautahat,Total,25 Year,16788,0,0,0,3,40,75,13,2416,2557,2449,212,47,8974,0,0,0,0,0,2,0.7,53.45,0.79,41.61,0.63,62.94,0.16,-21.33
district,Madhesh,Rautahat,Male,All Ages,171460,14845,50151,23409,12926,669,420,249,12308,10124,6728,703,121,38784,0,3,0,0,0,20,59.73,22.62,59.73,22.62,53.69,30.85,6.04,-8.23
district,Madhesh,Rautahat,Male,5 Year,12189,8332,0,0,0,43,0,38,0,0,0,13,2,3755,0,0,0,0,0,6,68.71,30.81,68.71,30.81,67.0,32.57,1.71,-1.76
district,Madhesh,Rautahat,Male,6 Year,11485,3153,5513,0,0,47,3,4,30,0,0,18,3,2712,0,0,0,0,0,2,75.89,23.61,75.89,23.61,73.87,25.79,2.02,-2.18
district,Madhesh,Rautahat,Male,7 Year,9381,1593,5886,0,0,39,2,5,30,0,0,13,3,1809,0,0,0,0,0,1,80.16,19.28,80.16,19.28,78.53,20.98,1.63,-1.7
district,Madhesh,Rautahat,Male,8 Year,12711,1064,9058,0,0,58,2,0,65,0,0,25,2,2436,0,0,0,0,0,1,80.1,19.16,80.1,19.16,78.44,20.88,1.66,-1.72
district,Madhesh,Rautahat,Male,9 Year,7307,397,5742,0,0,26,0,1,44,0,0,7,3,1086,0,1,0,0,0,0,84.37,14.86,84.37,14.86,82.77,16.43,1.6,-1.57
district,Madhesh,Rautahat,Male,10 Year,14430,194,10225,0,0,59,5,82,1472,0,0,24,0,2367,0,0,0,0,0,2,72.65,16.4,72.65,16.4,70.89,19.21,1.76,-2.81
district,Madhesh,Rautahat,Male,11 Year,6442,54,4017,1045,0,25,0,21,500,18,0,9,1,752,0,0,0,0,0,0,79.8,11.67,79.8,11.67,77.63,14.62,2.17,-2.95
district,Madhesh,Rautahat,Male,12 Year,12139,35,5458,3884,0,60,1,23,729,84,0,19,2,1844,0,0,0,0,0,0,77.75,15.19,77.75,15.19,75.19,18.51,2.56,-3.32
district,Madhesh,Rautahat,Male,13 Year,7672,11,2514,3585,0,35,1,12,373,88,0,18,3,1032,0,0,0,0,0,0,80.11,13.45,80.11,13.45,77.3,17.24,2.81,-3.79
district,Madhesh,Rautahat,Male,14 Year,8864,12,1719,4341,834,31,3,9,435,131,27,28,3,1291,0,0,0,0,0,0,78.29,14.56,78.29,14.56,75.37,18.16,2.92,-3.6
district,Madhesh,Rautahat,Male,15 Year,8844,0,9,4013,2112,41,97,5,693,233,52,28,1,1559,0,1,0,0,0,0,70.92,17.63,70.92,17.63,66.11,23.59,4.81,-5.96
district,Madhesh,Rautahat,Male,16 Year,8730,0,1,3028,2652,43,57,6,682,352,116,38,2,1753,0,0,0,0,0,0,66.22,20.08,66.22,20.08,59.79,26.9,6.43,-6.82
district,Madhesh,Rautahat,Male,17 Year,5701,0,4,1478,1952,16,39,2,519,374,115,26,1,1173,0,0,0,0,0,2,61.2,20.58,61.2,20.58,51.92,29.62,9.28,-9.04
district,Madhesh,Rautahat,Male,18 Year,9745,0,5,1604,2702,41,30,5,1082,1043,507,51,7,2667,0,0,0,0,0,1,44.97,27.37,44.97,27.37,31.53,40.43,13.44,-13.06
district,Madhesh,Rautahat,Male,19 Year,3647,0,0,431,844,16,17,6,481,569,320,19,5,938,0,0,0,0,0,1,35.87,25.72,35.87,25.72,21.95,41.86,13.92,-16.14
district,Madhesh,Rautahat,Male,20 Year,8444,0,0,0,1024,33,58,5,1317,1781,1055,82,21,3068,0,0,0,0,0,0,13.2,36.33,13.2,36.33,5.82,53.42,7.38,-17.09
district,Madhesh,Rautahat,Male,21 Year,3277,0,0,0,250,8,21,1,526,799,595,32,12,1032,0,1,0,0,0,0,8.51,31.49,8.51,31.49,5.37,47.36,3.14,-15.87
district,Madhesh,Rautahat,Male,22 Year,5903,0,0,0,330,21,18,3,936,1435,1000,72,12,2076,0,0,0,0,0,0,6.25,35.17,6.25,35.17,2.89,52.96,3.36,-17.79
district,Madhesh,Rautahat,Male,23 Year,3484,0,0,0,119,6,11,5,580,831,710,41,10,1169,0,0,0,0,0,2,3.9,33.55,3.9,33.55,1.68,53.69,2.22,-20.14
district,Madhesh,Rautahat,Male,24 Year,3600,0,0,0,104,7,13,10,597,843,812,45,9,1159,0,0,0,0,0,1,3.44,32.19,3.44,32.19,2.19,54.54,1.25,-22.35
district,Madhesh,Rautahat,Male,25 Year,7465,0,0,0,3,14,42,6,1217,1543,1419,95,19,3106,0,0,0,0,0,1,0.79,41.61,0.79,41.61,0.63,62.94,0.16,-21.33
district,Madhesh,Rautahat,Female,All Ages,173021,13047,46978,21032,10520,908,402,179,11686,7375,6242,1122,146,53374,1,0,0,0,0,9,53.69,30.85,59.73,22.62,53.69,30.85,6.04,-8.23
district,Madhesh,Rautahat,Female,5 Year,11644,7757,0,0,0,42,2,31,0,0,0,13,4,3793,1,0,0,0,0,1,67.0,32.57,68.71,30.81,67.0,32.57,1.71,-1.76
district,Madhesh,Rautahat,Female,6 Year,10967,2678,5374,0,0,48,1,4,16,0,0,15,3,2828,0,0,0,0,0,0,73.87,25.79,75.89,23.61,73.87,25.79,2.02,-2.18
district,Madhesh,Rautahat,Female,7 Year,9198,1276,5893,0,0,48,6,1,25,0,0,18,0,1930,0,0,0,0,0,1,78.53,20.98,80.16,19.28,78.53,20.98,1.63,-1.7
district,Madhesh,Rautahat,Female,8 Year,12364,846,8762,0,0,88,2,0,50,0,0,33,1,2582,0,0,0,0,0,0,78.44,20.88,80.1,19.16,78.44,20.88,1.66,-1.72
district,Madhesh,Rautahat,Female,9 Year,6890,283,5375,0,0,44,1,0,42,0,0,13,0,1132,0,0,0,0,0,0,82.77,16.43,84.37,14.86,82.77,16.43,1.6,-1.57
district,Madhesh,Rautahat,Female,10 Year,13422,122,9309,0,0,82,2,56,1231,0,0,39,1,2579,0,0,0,0,0,1,70.89,19.21,72.65,16.4,70.89,19.21,1.76,-2.81
district,Madhesh,Rautahat,Female,11 Year,5902,36,3505,1019,0,21,1,13,419,7,0,17,1,863,0,0,0,0,0,0,77.63,14.62,79.8,11.67,77.63,14.62,2.17,-2.95
district,Madhesh,Rautahat,Female,12 Year,11698,32,4855,3841,0,64,4,15,603,69,0,43,7,2165,0,0,0,0,0,0,75.19,18.51,77.75,15.19,75.19,18.51,2.56,-3.32
district,Madhesh,Rautahat,Female,13 Year,7693,12,2245,3657,0,32,1,6,332,63,0,17,2,1326,0,0,0,0,0,0,77.3,17.24,80.11,13.45,77.3,17.24,2.81,-3.79
district,Madhesh,Rautahat,Female,14 Year,9151,5,1648,4157,1041,46,0,3,431,88,32,37,1,1662,0,0,0,0,0,0,75.37,18.16,78.29,14.56,75.37,18.16,2.92,-3.6
district,Madhesh,Rautahat,Female,15 Year,8925,0,4,3511,2215,58,112,5,649,155,60,51,0,2105,0,0,0,0,0,0,66.11,23.59,70.92,17.63,66.11,23.59,4.81,-5.96
district,Madhesh,Rautahat,Female,16 Year,8786,0,6,2551,2555,66,75,7,671,303,118,62,8,2363,0,0,0,0,0,1,59.79,26.9,66.22,20.08,59.79,26.9,6.43,-6.82
district,Madhesh,Rautahat,Female,17 Year,5193,0,1,1092,1534,41,28,2,471,287,161,33,3,1538,0,0,0,0,0,2,51.92,29.62,61.2,20.58,51.92,29.62,9.28,-9.04
district,Madhesh,Rautahat,Female,18 Year,8744,0,1,967,1693,60,36,3,1001,775,562,98,13,3535,0,0,0,0,0,0,31.53,40.43,44.97,27.37,31.53,40.43,13.44,-13.06
district,Madhesh,Rautahat,Female,19 Year,3686,0,0,237,537,25,10,0,472,468,339,50,5,1543,0,0,0,0,0,0,21.95,41.86,35.87,25.72,21.95,41.86,13.92,-16.14
district,Madhesh,Rautahat,Female,20 Year,10479,0,0,0,536,36,38,7,1429,1460,1174,170,30,5598,0,0,0,0,0,1,5.82,53.42,13.2,36.33,5.82,53.42,7.38,-17.09
district,Madhesh,Rautahat,Female,21 Year,3258,0,0,0,152,13,10,2,467,513,507,41,9,1543,0,0,0,0,0,1,5.37,47.36,8.51,31.49,5.37,47.36,3.14,-15.87
district,Madhesh,Rautahat,Female,22 Year,6401,0,0,0,140,27,18,4,884,909,905,107,17,3390,0,0,0,0,0,0,2.89,52.96,6.25,35.17,2.89,52.96,3.36,-17.79
district,Madhesh,Rautahat,Female,23 Year,4636,0,0,0,48,22,8,8,652,657,673,73,6,2489,0,0,0,0,0,0,1.68,53.69,3.9,33.55,1.68,53.69,2.22,-20.14
district,Madhesh,Rautahat,Female,24 Year,4661,0,0,0,69,19,14,5,642,607,681,75,7,2542,0,0,0,0,0,0,2.19,54.54,3.44,32.19,2.19,54.54,1.25,-22.35
district,Madhesh,Rautahat,Female,25 Year,9323,0,0,0,0,26,33,7,1199,1014,1030,117,28,5868,0,0,0,0,0,1,0.63,62.94,0.79,41.61,0.63,62.94,0.16,-21.33
district,Madhesh,Bara,Total,All Ages,301391,26374,88204,44758,23992,109,686,447,24278,21107,16187,225,177,54830,0,0,0,1,0,16,61.09,18.19,62.81,15.15,59.3,21.35,3.51,-6.2
district,Madhesh,Bara,Total,5 Year,19120,14018,0,0,0,6,4,61,0,0,0,2,8,5018,0,0,0,0,0,3,73.37,26.24,73.03,26.54,73.74,25.92,-0.71,0.62
district,Madhesh,Bara,Total,6 Year,18136,5854,8968,0,0,6,1,11,56,0,0,1,4,3234,0,0,0,0,0,1,81.77,17.83,82.37,17.22,81.11,18.5,1.26,-1.28
district,Madhesh,Bara,Total,7 Year,15904,3071,10531,0,0,4,3,11,41,0,0,1,4,2236,0,0,0,0,0,2,85.57,14.06,86.08,13.5,85.03,14.66,1.05,-1.16
district,Madhesh,Bara,Total,8 Year,20901,2161,16035,0,0,6,0,7,101,0,0,4,4,2583,0,0,0,0,0,0,87.09,12.36,87.81,11.62,86.31,13.15,1.5,-1.53
district,Madhesh,Bara,Total,9 Year,12437,702,10443,0,0,1,2,4,96,0,0,1,9,1179,0,0,0,0,0,0,89.64,9.48,90.36,8.76,88.87,10.24,1.49,-1.48
district,Madhesh,Bara,Total,10 Year,23277,362,17850,0,0,4,1,150,2415,0,0,3,6,2486,0,0,0,0,0,0,78.26,10.68,78.37,10.13,78.14,11.31,0.23,-1.18
district,Madhesh,Bara,Total,11 Year,11056,86,7246,1920,0,1,1,38,908,27,0,0,1,828,0,0,0,0,0,0,83.7,7.49,83.72,6.52,83.68,8.56,0.04,-2.04
district,Madhesh,Bara,Total,12 Year,20809,87,9588,7707,0,2,2,35,1206,166,0,2,2,2011,0,0,0,0,0,1,83.55,9.66,83.65,8.94,83.44,10.43,0.21,-1.49
district,Madhesh,Bara,Total,13 Year,13993,16,4452,7551,0,3,0,20,620,170,0,2,2,1157,0,0,0,0,0,0,85.91,8.27,86.49,7.48,85.34,9.05,1.15,-1.57
district,Madhesh,Bara,Total,14 Year,16569,17,3089,8919,2047,3,0,10,695,272,50,3,0,1463,0,0,0,0,0,1,84.95,8.83,85.63,7.73,84.25,9.95,1.38,-2.22
district,Madhesh,Bara,Total,15 Year,16843,0,1,8019,4668,12,166,9,1275,491,138,0,3,2060,0,0,0,0,0,1,76.39,12.23,76.34,10.79,76.44,13.73,-0.1,-2.94
district,Madhesh,Bara,Total,16 Year,15690,0,0,5455,5686,6,117,7,1354,749,245,6,6,2057,0,0,0,1,0,1,71.79,13.11,72.4,11.21,71.15,15.12,1.25,-3.91
district,Madhesh,Bara,Total,17 Year,10091,0,1,2458,3674,8,58,3,1101,856,302,11,6,1613,0,0,0,0,0,0,61.43,15.98,62.63,13.47,60.1,18.77,2.53,-5.3
district,Madhesh,Bara,Total,18 Year,15453,0,0,2108,4233,5,61,11,2165,2252,1097,8,6,3507,0,0,0,0,0,0,41.46,22.69,45.05,17.98,37.15,28.35,7.9,-10.37
district,Madhesh,Bara,Total,19 Year,6391,0,0,621,1209,5,19,5,986,1220,801,6,5,1514,0,0,0,0,0,0,29.01,23.69,33.61,17.57,23.93,30.45,9.68,-12.88
district,Madhesh,Bara,Total,20 Year,15457,0,0,0,1355,11,87,12,2681,3546,2650,33,28,5051,0,0,0,0,0,3,9.4,32.68,12.09,25.21,6.9,39.63,5.19,-14.42
district,Madhesh,Bara,Total,21 Year,5869,0,0,0,354,2,35,2,1054,1565,1285,8,12,1552,0,0,0,0,0,0,6.66,26.44,8.36,19.09,4.94,33.89,3.42,-14.8
district,Madhesh,Bara,Total,22 Year,11386,0,0,0,420,6,34,11,1945,2766,2475,38,23,3668,0,0,0,0,0,0,4.04,32.22,5.23,23.84,2.91,40.17,2.32,-16.33
district,Madhesh,Bara,Total,23 Year,7909,0,0,0,194,2,19,4,1362,1805,1824,17,15,2667,0,0,0,0,0,0,2.72,33.72,3.43,23.42,2.18,41.54,1.25,-18.12
district,Madhesh,Bara,Total,24 Year,8226,0,0,0,152,8,24,6,1390,1870,2039,26,13,2698,0,0,0,0,0,0,2.24,32.8,2.7,21.87,1.84,42.26,0.86,-20.39
district,Madhesh,Bara,Total,25 Year,15874,0,0,0,0,8,52,30,2827,3352,3281,53,20,6248,0,0,0,0,0,3,0.38,39.36,0.4,29.77,0.36,48.07,0.04,-18.3
district,Madhesh,Bara,Male,All Ages,153581,14197,45916,23124,12817,47,365,264,12987,12214,8174,107,87,23275,0,0,0,0,0,7,62.81,15.15,62.81,15.15,59.3,21.35,3.51,-6.2
district,Madhesh,Bara,Male,5 Year,10068,7349,0,0,0,2,2,36,0,0,0,1,4,2672,0,0,0,0,0,2,73.03,26.54,73.03,26.54,73.74,25.92,-0.71,0.62
district,Madhesh,Bara,Male,6 Year,9439,3199,4574,0,0,2,0,5,31,0,0,0,3,1625,0,0,0,0,0,0,82.37,17.22,82.37,17.22,81.11,18.5,1.26,-1.28
district,Madhesh,Bara,Male,7 Year,8210,1717,5345,0,0,2,3,4,26,0,0,1,3,1108,0,0,0,0,0,1,86.08,13.5,86.08,13.5,85.03,14.66,1.05,-1.16
district,Madhesh,Bara,Male,8 Year,10851,1222,8301,0,0,5,0,3,54,0,0,3,2,1261,0,0,0,0,0,0,87.81,11.62,87.81,11.62,86.31,13.15,1.5,-1.53
district,Madhesh,Bara,Male,9 Year,6370,395,5360,0,0,0,1,1,51,0,0,0,4,558,0,0,0,0,0,0,90.36,8.76,90.36,8.76,88.87,10.24,1.49,-1.48
district,Madhesh,Bara,Male,10 Year,12355,202,9481,0,0,0,0,99,1317,0,0,2,3,1251,0,0,0,0,0,0,78.37,10.13,78.37,10.13,78.14,11.31,0.23,-1.18
district,Madhesh,Bara,Male,11 Year,5800,50,3838,966,0,1,1,24,524,17,0,0,1,378,0,0,0,0,0,0,83.72,6.52,83.72,6.52,83.68,8.56,0.04,-2.04
district,Madhesh,Bara,Male,12 Year,10663,51,5031,3837,0,1,0,21,665,102,0,1,1,953,0,0,0,0,0,0,83.65,8.94,83.65,8.94,83.44,10.43,0.21,-1.49
district,Madhesh,Bara,Male,13 Year,6967,5,2347,3673,0,1,0,13,321,86,0,0,0,521,0,0,0,0,0,0,86.49,7.48,86.49,7.48,85.34,9.05,1.15,-1.57
district,Madhesh,Bara,Male,14 Year,8367,7,1638,4550,968,2,0,6,361,157,28,2,0,647,0,0,0,0,0,1,85.63,7.73,85.63,7.73,84.25,9.95,1.38,-2.22
district,Madhesh,Bara,Male,15 Year,8593,0,0,4161,2314,4,81,3,729,291,81,0,2,927,0,0,0,0,0,0,76.34,10.79,76.34,10.79,76.44,13.73,-0.1,-2.94
district,Madhesh,Bara,Male,16 Year,8072,0,0,2904,2882,1,57,3,744,455,115,4,2,905,0,0,0,0,0,0,72.4,11.21,72.4,11.21,71.15,15.12,1.25,-3.91
district,Madhesh,Bara,Male,17 Year,5301,0,1,1333,1951,2,33,2,612,495,149,5,4,714,0,0,0,0,0,0,62.63,13.47,62.63,13.47,60.1,18.77,2.53,-5.3
district,Madhesh,Bara,Male,18 Year,8430,0,0,1295,2465,4,34,7,1244,1323,534,4,4,1516,0,0,0,0,0,0,45.05,17.98,45.05,17.98,37.15,28.35,7.9,-10.37
district,Madhesh,Bara,Male,19 Year,3353,0,0,405,706,4,12,3,536,714,380,2,2,589,0,0,0,0,0,0,33.61,17.57,33.61,17.57,23.93,30.45,9.68,-12.88
district,Madhesh,Bara,Male,20 Year,7452,0,0,0,850,4,47,4,1384,2001,1257,13,12,1879,0,0,0,0,0,1,12.09,25.21,12.09,25.21,6.9,39.63,5.19,-14.42
district,Madhesh,Bara,Male,21 Year,2954,0,0,0,219,2,26,2,574,921,632,7,7,564,0,0,0,0,0,0,8.36,19.09,8.36,19.09,4.94,33.89,3.42,-14.8
district,Madhesh,Bara,Male,22 Year,5549,0,0,0,269,3,18,7,1006,1622,1276,15,10,1323,0,0,0,0,0,0,5.23,23.84,5.23,23.84,2.91,40.17,2.32,-16.33
district,Madhesh,Bara,Male,23 Year,3412,0,0,0,106,2,9,0,660,964,856,10,6,799,0,0,0,0,0,0,3.43,23.42,3.43,23.42,2.18,41.54,1.25,-18.12
district,Madhesh,Bara,Male,24 Year,3818,0,0,0,87,3,13,6,696,1096,1064,12,6,835,0,0,0,0,0,0,2.7,21.87,2.7,21.87,1.84,42.26,0.86,-20.39
district,Madhesh,Bara,Male,25 Year,7557,0,0,0,0,2,28,15,1452,1970,1802,25,11,2250,0,0,0,0,0,2,0.4,29.77,0.4,29.77,0.36,48.07,0.04,-18.3
district,Madhesh,Bara,Female,All Ages,147810,12177,42288,21634,11175,62,321,183,11291,8893,8013,118,90,31555,0,0,0,1,0,9,59.3,21.35,62.81,15.15,59.3,21.35,3.51,-6.2
district,Madhesh,Bara,Female,5 Year,9052,6669,0,0,0,4,2,25,0,0,0,1,4,2346,0,0,0,0,0,1,73.74,25.92,73.03,26.54,73.74,25.92,-0.71,0.62
district,Madhesh,Bara,Female,6 Year,8697,2655,4394,0,0,4,1,6,25,0,0,1,1,1609,0,0,0,0,0,1,81.11,18.5,82.37,17.22,81.11,18.5,1.26,-1.28
district,Madhesh,Bara,Female,7 Year,7694,1354,5186,0,0,2,0,7,15,0,0,0,1,1128,0,0,0,0,0,1,85.03,14.66,86.08,13.5,85.03,14.66,1.05,-1.16
district,Madhesh,Bara,Female,8 Year,10050,939,7734,0,0,1,0,4,47,0,0,1,2,1322,0,0,0,0,0,0,86.31,13.15,87.81,11.62,86.31,13.15,1.5,-1.53
district,Madhesh,Bara,Female,9 Year,6067,307,5083,0,0,1,1,3,45,0,0,1,5,621,0,0,0,0,0,0,88.87,10.24,90.36,8.76,88.87,10.24,1.49,-1.48
district,Madhesh,Bara,Female,10 Year,10922,160,8369,0,0,4,1,51,1098,0,0,1,3,1235,0,0,0,0,0,0,78.14,11.31,78.37,10.13,78.14,11.31,0.23,-1.18
district,Madhesh,Bara,Female,11 Year,5256,36,3408,954,0,0,0,14,384,10,0,0,0,450,0,0,0,0,0,0,83.68,8.56,83.72,6.52,83.68,8.56,0.04,-2.04
district,Madhesh,Bara,Female,12 Year,10146,36,4557,3870,0,1,2,14,541,64,0,1,1,1058,0,0,0,0,0,1,83.44,10.43,83.65,8.94,83.44,10.43,0.21,-1.49
district,Madhesh,Bara,Female,13 Year,7026,11,2105,3878,0,2,0,7,299,84,0,2,2,636,0,0,0,0,0,0,85.34,9.05,86.49,7.48,85.34,9.05,1.15,-1.57
district,Madhesh,Bara,Female,14 Year,8202,10,1451,4369,1079,1,0,4,334,115,22,1,0,816,0,0,0,0,0,0,84.25,9.95,85.63,7.73,84.25,9.95,1.38,-2.22
district,Madhesh,Bara,Female,15 Year,8250,0,1,3858,2354,8,85,6,546,200,57,0,1,1133,0,0,0,0,0,1,76.44,13.73,76.34,10.79,76.44,13.73,-0.1,-2.94
district,Madhesh,Bara,Female,16 Year,7618,0,0,2551,2804,5,60,4,610,294,130,2,4,1152,0,0,0,1,0,1,71.15,15.12,72.4,11.21,71.15,15.12,1.25,-3.91
district,Madhesh,Bara,Female,17 Year,4790,0,0,1125,1723,6,25,1,489,361,153,6,2,899,0,0,0,0,0,0,60.1,18.77,62.63,13.47,60.1,18.77,2.53,-5.3
district,Madhesh,Bara,Female,18 Year,7023,0,0,813,1768,1,27,4,921,929,563,4,2,1991,0,0,0,0,0,0,37.15,28.35,45.05,17.98,37.15,28.35,7.9,-10.37
district,Madhesh,Bara,Female,19 Year,3038,0,0,216,503,1,7,2,450,506,421,4,3,925,0,0,0,0,0,0,23.93,30.45,33.61,17.57,23.93,30.45,9.68,-12.88
district,Madhesh,Bara,Female,20 Year,8005,0,0,0,505,7,40,8,1297,1545,1393,20,16,3172,0,0,0,0,0,2,6.9,39.63,12.09,25.21,6.9,39.63,5.19,-14.42
district,Madhesh,Bara,Female,21 Year,2915,0,0,0,135,0,9,0,480,644,653,1,5,988,0,0,0,0,0,0,4.94,33.89,8.36,19.09,4.94,33.89,3.42,-14.8
district,Madhesh,Bara,Female,22 Year,5837,0,0,0,151,3,16,4,939,1144,1199,23,13,2345,0,0,0,0,0,0,2.91,40.17,5.23,23.84,2.91,40.17,2.32,-16.33
district,Madhesh,Bara,Female,23 Year,4497,0,0,0,88,0,10,4,702,841,968,7,9,1868,0,0,0,0,0,0,2.18,41.54,3.43,23.42,2.18,41.54,1.25,-18.12
district,Madhesh,Bara,Female,24 Year,4408,0,0,0,65,5,11,0,694,774,975,14,7,1863,0,0,0,0,0,0,1.84,42.26,2.7,21.87,1.84,42.26,0.86,-20.39
district,Madhesh,Bara,Female,25 Year,8317,0,0,0,0,6,24,15,1375,1382,1479,28,9,3998,0,0,0,0,0,1,0.36,48.07,0.4,29.77,0.36,48.07,0.04,-18.3
district,Madhesh,Parsa,Total,All Ages,253220,23883,76864,39538,21722,156,363,383,22256,19362,13118,210,85,35191,0,5,1,2,0,81,64.18,13.9,65.94,11.21,62.34,16.72,3.6,-5.51
district,Madhesh,Parsa,Total,5 Year,15687,12146,0,0,0,2,8,65,0,0,0,2,5,3427,0,0,0,0,0,32,77.49,21.85,78.53,20.86,76.33,22.94,2.2,-2.08
district,Madhesh,Parsa,Total,6 Year,15529,5372,7834,0,0,2,2,6,63,0,0,3,4,2231,0,0,0,0,0,12,85.07,14.37,85.76,13.77,84.3,15.02,1.46,-1.25
district,Madhesh,Parsa,Total,7 Year,13544,2996,9055,0,0,2,5,6,68,0,0,2,2,1404,0,0,0,0,0,4,89.03,10.37,89.51,9.92,88.52,10.83,0.99,-0.91
district,Madhesh,Parsa,Total,8 Year,18090,2194,14200,0,0,4,8,5,79,0,0,2,4,1587,0,1,0,0,0,6,90.69,8.77,90.98,8.5,90.37,9.08,0.61,-0.58
district,Madhesh,Parsa,Total,9 Year,10543,682,9079,0,0,2,4,3,80,0,0,3,2,684,0,0,0,0,0,4,92.64,6.49,93.15,5.95,92.11,7.04,1.04,-1.09
district,Madhesh,Parsa,Total,10 Year,19722,345,15709,0,0,3,9,127,2131,0,0,1,1,1395,0,0,0,0,0,1,81.46,7.07,81.78,6.36,81.1,7.89,0.68,-1.53
district,Madhesh,Parsa,Total,11 Year,9450,53,6164,1977,0,1,0,40,720,24,0,0,0,470,0,0,0,0,0,1,86.72,4.97,87.22,4.5,86.19,5.48,1.03,-0.98
district,Madhesh,Parsa,Total,12 Year,17832,56,8328,7081,0,3,1,28,994,143,0,2,1,1193,0,1,0,0,0,1,86.75,6.69,87.05,6.09,86.43,7.33,0.62,-1.24
district,Madhesh,Parsa,Total,13 Year,12543,21,3728,7284,0,4,4,14,613,176,0,3,0,696,0,0,0,0,0,0,88.03,5.55,88.84,4.7,87.22,6.38,1.62,-1.68
district,Madhesh,Parsa,Total,14 Year,14870,13,2579,8053,2117,3,2,12,737,329,59,4,1,961,0,0,0,0,0,0,85.86,6.46,86.34,5.56,85.37,7.38,0.97,-1.82
district,Madhesh,Parsa,Total,15 Year,14187,4,78,6387,4484,13,89,7,1236,529,124,8,3,1223,0,1,0,0,0,1,77.92,8.62,78.47,7.78,77.34,9.51,1.13,-1.73
district,Madhesh,Parsa,Total,16 Year,13689,0,40,4477,5233,15,52,10,1353,836,247,4,2,1420,0,0,0,0,0,0,71.71,10.37,72.69,8.64,70.66,12.24,2.03,-3.6
district,Madhesh,Parsa,Total,17 Year,8324,0,34,1896,3142,12,22,6,1026,913,315,9,1,943,0,2,0,1,0,2,61.34,11.33,62.46,9.48,59.99,13.56,2.47,-4.08
district,Madhesh,Parsa,Total,18 Year,12425,1,30,1844,3385,12,29,10,1947,1955,1019,19,12,2160,0,0,0,1,0,1,42.66,17.38,45.14,13.93,39.65,21.59,5.49,-7.66
district,Madhesh,Parsa,Total,19 Year,5260,0,6,539,1054,9,9,4,880,1110,685,7,3,952,0,0,1,0,0,1,30.74,18.1,34.12,13.49,26.74,23.58,7.38,-10.09
district,Madhesh,Parsa,Total,20 Year,12416,0,0,0,1240,19,30,8,2479,3180,2158,36,11,3254,0,0,0,0,0,1,10.38,26.21,13.21,19.14,7.87,32.49,5.34,-13.35
district,Madhesh,Parsa,Total,21 Year,4262,0,0,0,293,9,22,5,801,1190,964,14,6,955,0,0,0,0,0,3,7.6,22.41,8.08,16.65,7.09,28.64,0.99,-11.99
district,Madhesh,Parsa,Total,22 Year,9215,0,0,0,411,10,19,7,1894,2536,1953,20,8,2354,0,0,0,0,0,3,4.77,25.55,6.24,18.27,3.33,32.7,2.91,-14.43
district,Madhesh,Parsa,Total,23 Year,6124,0,0,0,162,8,13,7,1174,1666,1399,17,3,1672,0,0,0,0,0,3,2.99,27.3,4.05,17.63,2.1,35.4,1.95,-17.77
district,Madhesh,Parsa,Total,24 Year,6540,0,0,0,170,4,10,3,1281,1740,1540,19,3,1766,0,0,0,0,0,4,2.81,27.0,3.67,17.34,2.04,35.76,1.63,-18.42
district,Madhesh,Parsa,Total,25 Year,12968,0,0,0,31,19,25,10,2700,3035,2655,35,13,4444,0,0,0,0,0,1,0.58,34.27,0.71,23.63,0.47,43.28,0.24,-19.65
district,Madhesh,Parsa,Male,All Ages,129585,13009,39929,20398,11829,76,205,206,11403,11196,6642,85,37,14521,0,3,0,1,0,45,65.94,11.21,65.94,11.21,62.34,16.72,3.6,-5.51
district,Madhesh,Parsa,Male,5 Year,8269,6492,0,0,0,0,2,31,0,0,0,1,2,1725,0,0,0,0,0,16,78.53,20.86,78.53,20.86,76.33,22.94,2.2,-2.08
district,Madhesh,Parsa,Male,6 Year,8113,2936,4019,0,0,1,2,3,28,0,0,1,2,1117,0,0,0,0,0,4,85.76,13.77,85.76,13.77,84.3,15.02,1.46,-1.25
district,Madhesh,Parsa,Male,7 Year,6932,1659,4542,0,0,1,3,3,32,0,0,0,1,688,0,0,0,0,0,3,89.51,9.92,89.51,9.92,88.52,10.83,0.99,-0.91
district,Madhesh,Parsa,Male,8 Year,9557,1268,7424,0,0,1,2,4,39,0,0,1,2,812,0,1,0,0,0,3,90.98,8.5,90.98,8.5,90.37,9.08,0.61,-0.58
district,Madhesh,Parsa,Male,9 Year,5344,366,4607,0,0,2,3,0,41,0,0,2,2,318,0,0,0,0,0,3,93.15,5.95,93.15,5.95,92.11,7.04,1.04,-1.09
district,Madhesh,Parsa,Male,10 Year,10493,202,8374,0,0,2,3,80,1165,0,0,0,0,667,0,0,0,0,0,0,81.78,6.36,81.78,6.36,81.1,7.89,0.68,-1.53
district,Madhesh,Parsa,Male,11 Year,4868,27,3234,985,0,0,0,21,363,18,0,0,0,219,0,0,0,0,0,1,87.22,4.5,87.22,4.5,86.19,5.48,1.03,-0.98
district,Madhesh,Parsa,Male,12 Year,9202,31,4387,3591,0,1,0,13,537,81,0,0,1,560,0,0,0,0,0,0,87.05,6.09,87.05,6.09,86.43,7.33,0.62,-1.24
district,Madhesh,Parsa,Male,13 Year,6230,15,1924,3595,0,0,1,8,300,93,0,1,0,293,0,0,0,0,0,0,88.84,4.7,88.84,4.7,87.22,6.38,1.62,-1.68
district,Madhesh,Parsa,Male,14 Year,7501,8,1319,4107,1040,1,1,11,378,185,32,1,1,417,0,0,0,0,0,0,86.34,5.56,86.34,5.56,85.37,7.38,0.97,-1.82
district,Madhesh,Parsa,Male,15 Year,7275,4,32,3344,2273,4,52,2,620,307,64,4,1,566,0,1,0,0,0,1,78.47,7.78,78.47,7.78,77.34,9.51,1.13,-1.73
district,Madhesh,Parsa,Male,16 Year,7097,0,24,2312,2793,6,24,8,687,497,130,2,1,613,0,0,0,0,0,0,72.69,8.64,72.69,8.64,70.66,12.24,2.03,-3.6
district,Madhesh,Parsa,Male,17 Year,4547,0,18,1048,1751,7,16,1,578,536,152,5,1,431,0,1,0,0,0,2,62.46,9.48,62.46,9.48,59.99,13.56,2.47,-4.08
district,Madhesh,Parsa,Male,18 Year,6826,1,21,1059,1978,4,18,5,1083,1185,506,9,4,951,0,0,0,1,0,1,45.14,13.93,45.14,13.93,39.65,21.59,5.49,-7.66
district,Madhesh,Parsa,Male,19 Year,2855,0,4,357,603,5,5,0,488,656,346,4,2,385,0,0,0,0,0,0,34.12,13.49,34.12,13.49,26.74,23.58,7.38,-10.09
district,Madhesh,Parsa,Male,20 Year,5845,0,0,0,741,12,19,2,1186,1745,999,17,5,1119,0,0,0,0,0,0,13.21,19.14,13.21,19.14,7.87,32.49,5.34,-13.35
district,Madhesh,Parsa,Male,21 Year,2216,0,0,0,163,6,10,1,447,719,496,3,1,369,0,0,0,0,0,1,8.08,16.65,8.08,16.65,7.09,28.64,0.99,-11.99
district,Madhesh,Parsa,Male,22 Year,4566,0,0,0,268,6,11,2,951,1505,974,8,4,834,0,0,0,0,0,3,6.24,18.27,6.24,18.27,3.33,32.7,2.91,-14.43
district,Madhesh,Parsa,Male,23 Year,2791,0,0,0,99,2,12,4,559,931,682,6,1,492,0,0,0,0,0,3,4.05,17.63,4.05,17.63,2.1,35.4,1.95,-17.77
district,Madhesh,Parsa,Male,24 Year,3109,0,0,0,105,2,7,2,636,1006,799,10,0,539,0,0,0,0,0,3,3.67,17.34,3.67,17.34,2.04,35.76,1.63,-18.42
district,Madhesh,Parsa,Male,25 Year,5949,0,0,0,15,13,14,5,1285,1732,1462,10,6,1406,0,0,0,0,0,1,0.71,23.63,0.71,23.63,0.47,43.28,0.24,-19.65
district,Madhesh,Parsa,Female,All Ages,123635,10874,36935,19140,9893,80,158,177,10853,8166,6476,125,48,20670,0,2,1,1,0,36,62.34,16.72,65.94,11.21,62.34,16.72,3.6,-5.51
district,Madhesh,Parsa,Female,5 Year,7418,5654,0,0,0,2,6,34,0,0,0,1,3,1702,0,0,0,0,0,16,76.33,22.94,78.53,20.86,76.33,22.94,2.2,-2.08
district,Madhesh,Parsa,Female,6 Year,7416,2436,3815,0,0,1,0,3,35,0,0,2,2,1114,0,0,0,0,0,8,84.3,15.02,85.76,13.77,84.3,15.02,1.46,-1.25
district,Madhesh,Parsa,Female,7 Year,6612,1337,4513,0,0,1,2,3,36,0,0,2,1,716,0,0,0,0,0,1,88.52,10.83,89.51,9.92,88.52,10.83,0.99,-0.91
district,Madhesh,Parsa,Female,8 Year,8533,926,6776,0,0,3,6,1,40,0,0,1,2,775,0,0,0,0,0,3,90.37,9.08,90.98,8.5,90.37,9.08,0.61,-0.58
district,Madhesh,Parsa,Female,9 Year,5199,316,4472,0,0,0,1,3,39,0,0,1,0,366,0,0,0,0,0,1,92.11,7.04,93.15,5.95,92.11,7.04,1.04,-1.09
district,Madhesh,Parsa,Female,10 Year,9229,143,7335,0,0,1,6,47,966,0,0,1,1,728,0,0,0,0,0,1,81.1,7.89,81.78,6.36,81.1,7.89,0.68,-1.53
district,Madhesh,Parsa,Female,11 Year,4582,26,2930,992,0,1,0,19,357,6,0,0,0,251,0,0,0,0,0,0,86.19,5.48,87.22,4.5,86.19,5.48,1.03,-0.98
district,Madhesh,Parsa,Female,12 Year,8630,25,3941,3490,0,2,1,15,457,62,0,2,0,633,0,1,0,0,0,1,86.43,7.33,87.05,6.09,86.43,7.33,0.62,-1.24
district,Madhesh,Parsa,Female,13 Year,6313,6,1804,3689,0,4,3,6,313,83,0,2,0,403,0,0,0,0,0,0,87.22,6.38,88.84,4.7,87.22,6.38,1.62,-1.68
district,Madhesh,Parsa,Female,14 Year,7369,5,1260,3946,1077,2,1,1,359,144,27,3,0,544,0,0,0,0,0,0,85.37,7.38,86.34,5.56,85.37,7.38,0.97,-1.82
district,Madhesh,Parsa,Female,15 Year,6912,0,46,3043,2211,9,37,5,616,222,60,4,2,657,0,0,0,0,0,0,77.34,9.51,78.47,7.78,77.34,9.51,1.13,-1.73
district,Madhesh,Parsa,Female,16 Year,6592,0,16,2165,2440,9,28,2,666,339,117,2,1,807,0,0,0,0,0,0,70.66,12.24,72.69,8.64,70.66,12.24,2.03,-3.6
district,Madhesh,Parsa,Female,17 Year,3777,0,16,848,1391,5,6,5,448,377,163,4,0,512,0,1,0,1,0,0,59.99,13.56,62.46,9.48,59.99,13.56,2.47,-4.08
district,Madhesh,Parsa,Female,18 Year,5599,0,9,785,1407,8,11,5,864,770,513,10,8,1209,0,0,0,0,0,0,39.65,21.59,45.14,13.93,39.65,21.59,5.49,-7.66
district,Madhesh,Parsa,Female,19 Year,2405,0,2,182,451,4,4,4,392,454,339,3,1,567,0,0,1,0,0,1,26.74,23.58,34.12,13.49,26.74,23.58,7.38,-10.09
district,Madhesh,Parsa,Female,20 Year,6571,0,0,0,499,7,11,6,1293,1435,1159,19,6,2135,0,0,0,0,0,1,7.87,32.49,13.21,19.14,7.87,32.49,5.34,-13.35
district,Madhesh,Parsa,Female,21 Year,2046,0,0,0,130,3,12,4,354,471,468,11,5,586,0,0,0,0,0,2,7.09,28.64,8.08,16.65,7.09,28.64,0.99,-11.99
district,Madhesh,Parsa,Female,22 Year,4649,0,0,0,143,4,8,5,943,1031,979,12,4,1520,0,0,0,0,0,0,3.33,32.7,6.24,18.27,3.33,32.7,2.91,-14.43
district,Madhesh,Parsa,Female,23 Year,3333,0,0,0,63,6,1,3,615,735,717,11,2,1180,0,0,0,0,0,0,2.1,35.4,4.05,17.63,2.1,35.4,1.95,-17.77
district,Madhesh,Parsa,Female,24 Year,3431,0,0,0,65,2,3,1,645,734,741,9,3,1227,0,0,0,0,0,1,2.04,35.76,3.67,17.34,2.04,35.76,1.63,-18.42
district,Madhesh,Parsa,Female,25 Year,7019,0,0,0,16,6,11,5,1415,1303,1193,25,7,3038,0,0,0,0,0,0,0.47,43.28,0.71,23.63,0.47,43.28,0.24,-19.65
province,Bagmati,,Total,All Ages,1481092,145873,507674,304956,160570,3957,2434,1265,97300,117904,85966,2215,1304,49487,1,6,1,0,15,164,75.99,3.34,76.04,3.04,75.93,3.67,0.11,-0.63
province,Bagmati,,Total,5 Year,90314,84364,0,0,0,61,17,304,0,0,0,18,30,5430,1,0,0,0,7,82,93.5,6.01,93.5,5.99,93.5,6.04,0.0,-0.05
province,Bagmati,,Total,6 Year,93976,41787,49050,0,0,45,14,113,223,0,0,7,21,2695,0,0,0,0,1,20,96.72,2.87,96.66,2.95,96.8,2.78,-0.14,0.17
province,Bagmati,,Total,7 Year,88375,13658,72770,0,0,48,7,28,286,0,0,9,11,1549,0,1,0,0,1,7,97.86,1.75,97.85,1.75,97.87,1.75,-0.02,0.0
province,Bagmati,,Total,8 Year,92928,3979,87147,0,0,98,14,15,402,0,0,10,18,1241,0,1,0,0,0,3,98.18,1.34,98.21,1.32,98.15,1.36,0.06,-0.04
province,Bagmati,,Total,9 Year,92104,1337,89067,0,0,123,8,14,525,0,0,9,19,996,0,3,0,0,1,2,98.3,1.08,98.31,1.05,98.29,1.12,0.02,-0.07
province,Bagmati,,Total,10 Year,100817,306,91543,0,0,187,12,148,7572,0,0,11,12,1019,0,0,0,0,1,6,91.3,1.01,90.95,0.97,91.7,1.05,-0.75,-0.08
province,Bagmati,,Total,11 Year,88688,142,58419,25395,0,219,10,71,3320,253,0,7,13,838,0,0,0,0,0,1,94.92,0.94,94.58,1.0,95.3,0.89,-0.72,0.11
province,Bagmati,,Total,12 Year,103388,106,36429,62126,0,243,20,78,2548,713,0,9,14,1098,0,0,1,0,0,3,95.68,1.06,95.32,1.14,96.08,0.97,-0.76,0.17
province,Bagmati,,Total,13 Year,100576,74,15565,80318,0,261,22,49,2234,1131,0,13,11,897,0,0,0,0,1,0,95.69,0.89,95.27,0.92,96.14,0.86,-0.87,0.06
province,Bagmati,,Total,14 Year,104070,94,7284,66061,24677,280,17,53,2546,1594,384,18,19,1041,0,0,0,0,0,2,94.56,1.0,93.84,1.07,95.33,0.92,-1.49,0.15
province,Bagmati,,Total,15 Year,95583,13,171,38650,47195,347,529,30,3709,2682,904,22,18,1308,0,1,0,0,0,4,90.92,1.37,89.63,1.41,92.33,1.32,-2.7,0.09
province,Bagmati,,Total,16 Year,69372,2,96,17901,39198,310,313,29,4306,4241,1468,30,14,1462,0,0,0,0,0,2,83.35,2.11,81.62,2.18,85.36,2.03,-3.74,0.15
province,Bagmati,,Total,17 Year,45218,2,51,7806,22369,241,229,16,4378,6054,2460,41,24,1544,0,0,0,0,0,3,67.89,3.41,66.38,3.4,69.73,3.43,-3.35,-0.03
province,Bagmati,,Total,18 Year,44794,7,50,4741,14509,236,179,38,6933,10255,5134,91,60,2554,0,0,0,0,0,7,44.03,5.7,42.74,5.49,45.69,5.97,-2.95,-0.48
province,Bagmati,,Total,19 Year,31719,2,30,1954,5850,230,138,19,5801,9436,6051,91,39,2075,0,0,0,0,0,3,25.86,6.54,26.28,6.01,25.37,7.17,0.91,-1.16
province,Bagmati,,Total,20 Year,39219,0,0,2,2973,204,296,42,8254,13580,10046,213,136,3469,0,0,0,0,0,4,8.86,8.85,9.18,7.82,8.5,9.98,0.68,-2.16
province,Bagmati,,Total,21 Year,32392,0,0,1,1353,165,132,39,6899,11621,9075,196,122,2785,0,0,0,0,0,4,5.1,8.6,5.36,7.24,4.8,10.1,0.56,-2.86
province,Bagmati,,Total,22 Year,40196,0,2,0,1062,173,147,45,8798,13982,11559,327,165,3936,0,0,0,0,0,0,3.44,9.79,3.63,8.35,3.25,11.31,0.38,-2.96
province,Bagmati,,Total,23 Year,37466,0,0,1,666,148,98,31,8166,12910,11413,281,151,3598,0,0,0,0,0,3,2.44,9.6,2.85,7.82,2.04,11.32,0.81,-3.5
province,Bagmati,,Total,24 Year,41546,0,0,0,544,162,107,49,9261,14004,12756,345,165,4148,0,0,0,0,1,4,1.96,9.98,2.04,8.18,1.88,11.72,0.16,-3.54
province,Bagmati,,Total,25 Year,48351,0,0,0,174,176,125,54,11139,15448,14716,467,242,5804,0,0,0,0,2,4,0.98,12.0,0.98,9.41,0.99,14.37,-0.01,-4.96
province,Bagmati,,Male,All Ages,776374,79487,267991,157525,81225,2838,1323,685,54717,65215,39925,1080,663,23594,1,3,1,0,10,91,76.04,3.04,76.04,3.04,75.93,3.67,0.11,-0.63
province,Bagmati,,Male,5 Year,48082,44911,0,0,0,36,9,169,0,0,0,9,17,2880,1,0,0,0,4,46,93.5,5.99,93.5,5.99,93.5,6.04,0.0,-0.05
province,Bagmati,,Male,6 Year,49777,23187,24898,0,0,18,9,66,106,0,0,2,11,1466,0,0,0,0,1,13,96.66,2.95,96.66,2.95,96.8,2.78,-0.14,0.17
province,Bagmati,,Male,7 Year,46488,7910,37544,0,0,32,3,13,153,0,0,5,8,814,0,0,0,0,1,5,97.85,1.75,97.85,1.75,97.87,1.75,-0.02,0.0
province,Bagmati,,Male,8 Year,49256,2319,45971,0,0,74,8,10,206,0,0,7,9,649,0,1,0,0,0,2,98.21,1.32,98.21,1.32,98.15,1.36,0.06,-0.04
province,Bagmati,,Male,9 Year,48650,747,46992,0,0,82,5,8,282,0,0,8,11,511,0,2,0,0,1,1,98.31,1.05,98.31,1.05,98.29,1.12,0.02,-0.07
province,Bagmati,,Male,10 Year,53659,175,48459,0,0,163,8,83,4236,0,0,7,3,523,0,0,0,0,1,1,90.95,0.97,90.95,0.97,91.7,1.05,-0.75,-0.08
province,Bagmati,,Male,11 Year,46444,84,31289,12362,0,185,8,36,1876,133,0,2,5,463,0,0,0,0,0,1,94.58,1.0,94.58,1.0,95.3,0.89,-0.72,0.11
province,Bagmati,,Male,12 Year,54049,60,19947,31284,0,212,17,39,1456,399,0,8,6,618,0,0,1,0,0,2,95.32,1.14,95.32,1.14,96.08,0.97,-0.76,0.17
province,Bagmati,,Male,13 Year,52002,32,8624,40655,0,213,19,29,1304,626,0,12,8,479,0,0,0,0,1,0,95.27,0.92,95.27,0.92,96.14,0.86,-0.87,0.06
province,Bagmati,,Male,14 Year,53439,45,4009,34307,11540,234,13,35,1508,964,189,11,10,573,0,0,0,0,0,1,93.84,1.07,93.84,1.07,95.33,0.92,-1.49,0.15
province,Bagmati,,Male,15 Year,49867,7,94,20898,23125,279,292,14,2303,1670,451,15,13,704,0,0,0,0,0,2,89.63,1.41,89.63,1.41,92.33,1.32,-2.7,0.09
province,Bagmati,,Male,16 Year,37332,1,61,9807,20167,251,183,16,2662,2623,721,19,9,812,0,0,0,0,0,0,81.62,2.18,81.62,2.18,85.36,2.03,-3.74,0.15
province,Bagmati,,Male,17 Year,24911,2,43,4373,11818,175,126,11,2739,3608,1126,23,19,847,0,0,0,0,0,1,66.38,3.4,66.38,3.4,69.73,3.43,-3.35,-0.03
province,Bagmati,,Male,18 Year,25164,5,38,2688,7754,168,101,19,4296,6124,2499,50,37,1382,0,0,0,0,0,3,42.74,5.49,42.74,5.49,45.69,5.97,-2.95,-0.48
province,Bagmati,,Male,19 Year,17181,2,20,1148,3111,156,79,10,3467,5292,2785,54,22,1033,0,0,0,0,0,2,26.28,6.01,26.28,6.01,25.37,7.17,0.91,-1.16
province,Bagmati,,Male,20 Year,20632,0,0,2,1625,120,148,23,4602,7568,4751,101,75,1614,0,0,0,0,0,3,9.18,7.82,9.18,7.82,8.5,9.98,0.68,-2.16
province,Bagmati,,Male,21 Year,16981,0,0,0,744,95,72,15,3884,6475,4308,90,66,1229,0,0,0,0,0,3,5.36,7.24,5.36,7.24,4.8,10.1,0.56,-2.86
province,Bagmati,,Male,22 Year,20654,0,2,0,583,94,70,20,4797,7600,5516,163,84,1725,0,0,0,0,0,0,3.63,8.35,3.63,8.35,3.25,11.31,0.38,-2.96
province,Bagmati,,Male,23 Year,18373,0,0,1,385,88,49,18,4301,6744,5151,133,66,1436,0,0,0,0,0,1,2.85,7.82,2.85,7.82,2.04,11.32,0.81,-3.5
province,Bagmati,,Male,24 Year,20368,0,0,0,287,84,44,22,4876,7348,5807,156,77,1666,0,0,0,0,1,0,2.04,8.18,2.04,8.18,1.88,11.72,0.16,-3.54
province,Bagmati,,Male,25 Year,23065,0,0,0,86,79,60,29,5663,8041,6621,205,107,2170,0,0,0,0,0,4,0.98,9.41,0.98,9.41,0.99,14.37,-0.01,-4.96
province,Bagmati,,Female,All Ages,704718,66386,239683,147431,79345,1119,1111,580,42583,52689,46041,1135,641,25893,0,3,0,0,5,73,75.93,3.67,76.04,3.04,75.93,3.67,0.11,-0.63
province,Bagmati,,Female,5 Year,42232,39453,0,0,0,25,8,135,0,0,0,9,13,2550,0,0,0,0,3,36,93.5,6.04,93.5,5.99,93.5,6.04,0.0,-0.05
province,Bagmati,,Female,6 Year,44199,18600,24152,0,0,27,5,47,117,0,0,5,10,1229,0,0,0,0,0,7,96.8,2.78,96.66,2.95,96.8,2.78,-0.14,0.17
province,Bagmati,,Female,7 Year,41887,5748,35226,0,0,16,4,15,133,0,0,4,3,735,0,1,0,0,0,2,97.87,1.75,97.85,1.75,97.87,1.75,-0.02,0.0
province,Bagmati,,Female,8 Year,43672,1660,41176,0,0,24,6,5,196,0,0,3,9,592,0,0,0,0,0,1,98.15,1.36,98.21,1.32,98.15,1.36,0.06,-0.04
province,Bagmati,,Female,9 Year,43454,590,42075,0,0,41,3,6,243,0,0,1,8,485,0,1,0,0,0,1,98.29,1.12,98.31,1.05,98.29,1.12,0.02,-0.07
province,Bagmati,,Female,10 Year,47158,131,43084,0,0,24,4,65,3336,0,0,4,9,496,0,0,0,0,0,5,91.7,1.05,90.95,0.97,91.7,1.05,-0.75,-0.08
province,Bagmati,,Female,11 Year,42244,58,27130,13033,0,34,2,35,1444,120,0,5,8,375,0,0,0,0,0,0,95.3,0.89,94.58,1.0,95.3,0.89,-0.72,0.11
province,Bagmati,,Female,12 Year,49339,46,16482,30842,0,31,3,39,1092,314,0,1,8,480,0,0,0,0,0,1,96.08,0.97,95.32,1.14,96.08,0.97,-0.76,0.17
province,Bagmati,,Female,13 Year,48574,42,6941,39663,0,48,3,20,930,505,0,1,3,418,0,0,0,0,0,0,96.14,0.86,95.27,0.92,96.14,0.86,-0.87,0.06
province,Bagmati,,Female,14 Year,50631,49,3275,31754,13137,46,4,18,1038,630,195,7,9,468,0,0,0,0,0,1,95.33,0.92,93.84,1.07,95.33,0.92,-1.49,0.15
province,Bagmati,,Female,15 Year,45716,6,77,17752,24070,68,237,16,1406,1012,453,7,5,604,0,1,0,0,0,2,92.33,1.32,89.63,1.41,92.33,1.32,-2.7,0.09
province,Bagmati,,Female,16 Year,32040,1,35,8094,19031,59,130,13,1644,1618,747,11,5,650,0,0,0,0,0,2,85.36,2.03,81.62,2.18,85.36,2.03,-3.74,0.15
province,Bagmati,,Female,17 Year,20307,0,8,3433,10551,66,103,5,1639,2446,1334,18,5,697,0,0,0,0,0,2,69.73,3.43,66.38,3.4,69.73,3.43,-3.35,-0.03
province,Bagmati,,Female,18 Year,19630,2,12,2053,6755,68,78,19,2637,4131,2635,41,23,1172,0,0,0,0,0,4,45.69,5.97,42.74,5.49,45.69,5.97,-2.95,-0.48
province,Bagmati,,Female,19 Year,14538,0,10,806,2739,74,59,9,2334,4144,3266,37,17,1042,0,0,0,0,0,1,25.37,7.17,26.28,6.01,25.37,7.17,0.91,-1.16
province,Bagmati,,Female,20 Year,18587,0,0,0,1348,84,148,19,3652,6012,5295,112,61,1855,0,0,0,0,0,1,8.5,9.98,9.18,7.82,8.5,9.98,0.68,-2.16
province,Bagmati,,Female,21 Year,15411,0,0,1,609,70,60,24,3015,5146,4767,106,56,1556,0,0,0,0,0,1,4.8,10.1,5.36,7.24,4.8,10.1,0.56,-2.86
province,Bagmati,,Female,22 Year,19542,0,0,0,479,79,77,25,4001,6382,6043,164,81,2211,0,0,0,0,0,0,3.25,11.31,3.63,8.35,3.25,11.31,0.38,-2.96
province,Bagmati,,Female,23 Year,19093,0,0,0,281,60,49,13,3865,6166,6262,148,85,2162,0,0,0,0,0,2,2.04,11.32,2.85,7.82,2.04,11.32,0.81,-3.5
province,Bagmati,,Female,24 Year,21178,0,0,0,257,78,63,27,4385,6656,6949,189,88,2482,0,0,0,0,0,4,1.88,11.72,2.04,8.18,1.88,11.72,0.16,-3.54
province,Bagmati,,Female,25 Year,25286,0,0,0,88,97,65,25,5476,7407,8095,262,135,3634,0,0,0,0,2,0,0.99,14.37,0.98,9.41,0.99,14.37,-0.01,-4.96
district,Bagmati,Dolakha,Total,All Ages,47600,3999,15911,10271,5939,38,59,25,2809,4010,3202,61,34,1232,0,0,0,0,0,10,76.09,2.59,76.01,2.42,76.16,2.76,-0.15,-0.34
district,Bagmati,Dolakha,Total,5 Year,2702,2481,0,0,0,0,0,4,0,0,0,0,1,210,0,0,0,0,0,6,91.82,7.77,91.44,7.99,92.24,7.53,-0.8,0.46
district,Bagmati,Dolakha,Total,6 Year,2836,964,1783,0,0,1,0,0,2,0,0,0,0,85,0,0,0,0,0,1,96.9,3.0,97.39,2.47,96.41,3.52,0.98,-1.05
district,Bagmati,Dolakha,Total,7 Year,2628,366,2215,0,0,0,0,0,1,0,0,0,0,46,0,0,0,0,0,0,98.21,1.75,98.63,1.29,97.79,2.21,0.84,-0.92
district,Bagmati,Dolakha,Total,8 Year,2749,125,2575,0,0,0,1,0,8,0,0,0,0,40,0,0,0,0,0,0,98.25,1.46,98.36,1.28,98.15,1.63,0.21,-0.35
district,Bagmati,Dolakha,Total,9 Year,2845,42,2773,0,0,0,0,0,2,0,0,0,2,26,0,0,0,0,0,0,98.95,0.91,98.7,1.23,99.21,0.58,-0.51,0.65
district,Bagmati,Dolakha,Total,10 Year,3030,10,2742,0,0,1,0,2,241,0,0,0,1,33,0,0,0,0,0,0,90.86,1.09,90.75,1.25,90.96,0.93,-0.21,0.32
district,Bagmati,Dolakha,Total,11 Year,2510,1,1601,758,0,0,0,5,113,9,0,0,1,22,0,0,0,0,0,0,94.02,0.88,93.23,0.97,94.8,0.79,-1.57,0.18
district,Bagmati,Dolakha,Total,12 Year,3267,3,1322,1807,0,0,1,0,85,21,0,0,0,27,0,0,0,0,0,1,95.9,0.83,95.51,0.68,96.28,0.98,-0.77,-0.3
district,Bagmati,Dolakha,Total,13 Year,3249,1,631,2510,0,1,0,3,55,28,0,2,0,18,0,0,0,0,0,0,96.74,0.55,96.37,0.68,97.1,0.43,-0.73,0.25
district,Bagmati,Dolakha,Total,14 Year,3251,6,269,2067,784,0,0,1,50,36,17,0,0,21,0,0,0,0,0,0,96.16,0.65,95.98,0.74,96.33,0.55,-0.35,0.19
district,Bagmati,Dolakha,Total,15 Year,3137,0,0,1549,1359,2,9,0,93,69,26,0,0,30,0,0,0,0,0,0,93.05,0.96,91.91,0.91,94.14,1.0,-2.23,-0.09
district,Bagmati,Dolakha,Total,16 Year,2514,0,0,796,1408,2,8,1,106,122,43,0,1,27,0,0,0,0,0,0,88.07,1.07,86.62,1.26,89.75,0.86,-3.13,0.4
district,Bagmati,Dolakha,Total,17 Year,1870,0,0,404,1015,4,9,0,140,186,87,0,0,24,0,0,0,0,0,1,76.58,1.28,74.28,1.55,79.05,1.0,-4.77,0.55
district,Bagmati,Dolakha,Total,18 Year,1784,0,0,267,723,3,3,2,208,344,168,1,3,61,0,0,0,0,0,1,55.83,3.42,53.99,3.39,57.77,3.45,-3.78,-0.06
district,Bagmati,Dolakha,Total,19 Year,1150,0,0,113,305,1,1,0,171,319,195,0,1,44,0,0,0,0,0,0,36.52,3.83,37.31,3.7,35.68,3.96,1.63,-0.26
district,Bagmati,Dolakha,Total,20 Year,1321,0,0,0,154,3,8,2,227,485,369,1,2,70,0,0,0,0,0,0,12.49,5.3,13.15,4.34,11.72,6.44,1.43,-2.1
district,Bagmati,Dolakha,Total,21 Year,1137,0,0,0,84,2,2,0,194,418,351,11,1,74,0,0,0,0,0,0,7.74,6.51,9.01,6.01,6.48,7.01,2.53,-1.0
district,Bagmati,Dolakha,Total,22 Year,1397,0,0,0,51,6,6,1,272,507,447,1,6,100,0,0,0,0,0,0,4.51,7.16,4.58,6.38,4.44,7.99,0.14,-1.61
district,Bagmati,Dolakha,Total,23 Year,1226,0,0,0,31,2,5,0,245,438,417,17,3,68,0,0,0,0,0,0,3.1,5.55,4.75,4.92,1.67,6.09,3.08,-1.17
district,Bagmati,Dolakha,Total,24 Year,1447,0,0,0,25,3,5,2,277,496,511,11,5,112,0,0,0,0,0,0,2.28,7.74,3.11,5.66,1.49,9.73,1.62,-4.07
district,Bagmati,Dolakha,Total,25 Year,1550,0,0,0,0,7,1,2,319,532,571,17,7,94,0,0,0,0,0,0,0.52,6.06,0.42,5.13,0.6,6.88,-0.18,-1.75
district,Bagmati,Dolakha,Male,All Ages,23999,2144,8022,5143,2886,16,31,11,1504,2137,1474,25,17,581,0,0,0,0,0,8,76.01,2.42,76.01,2.42,76.16,2.76,-0.15,-0.34
district,Bagmati,Dolakha,Male,5 Year,1414,1293,0,0,0,0,0,2,0,0,0,0,1,113,0,0,0,0,0,5,91.44,7.99,91.44,7.99,92.24,7.53,-0.8,0.46
district,Bagmati,Dolakha,Male,6 Year,1415,523,855,0,0,0,0,0,1,0,0,0,0,35,0,0,0,0,0,1,97.39,2.47,97.39,2.47,96.41,3.52,0.98,-1.05
district,Bagmati,Dolakha,Male,7 Year,1313,218,1077,0,0,0,0,0,1,0,0,0,0,17,0,0,0,0,0,0,98.63,1.29,98.63,1.29,97.79,2.21,0.84,-0.92
district,Bagmati,Dolakha,Male,8 Year,1401,74,1303,0,0,0,1,0,5,0,0,0,0,18,0,0,0,0,0,0,98.36,1.28,98.36,1.28,98.15,1.63,0.21,-0.35
district,Bagmati,Dolakha,Male,9 Year,1461,25,1417,0,0,0,0,0,0,0,0,0,1,18,0,0,0,0,0,0,98.7,1.23,98.7,1.23,99.21,0.58,-0.51,0.65
district,Bagmati,Dolakha,Male,10 Year,1525,6,1378,0,0,0,0,1,120,0,0,0,1,19,0,0,0,0,0,0,90.75,1.25,90.75,1.25,90.96,0.93,-0.21,0.32
district,Bagmati,Dolakha,Male,11 Year,1240,1,816,339,0,0,0,1,66,5,0,0,0,12,0,0,0,0,0,0,93.23,0.97,93.23,0.97,94.8,0.79,-1.57,0.18
district,Bagmati,Dolakha,Male,12 Year,1627,1,707,846,0,0,0,0,50,11,0,0,0,11,0,0,0,0,0,1,95.51,0.68,95.51,0.68,96.28,0.98,-0.77,-0.3
district,Bagmati,Dolakha,Male,13 Year,1626,0,323,1243,0,1,0,1,31,14,0,2,0,11,0,0,0,0,0,0,96.37,0.68,96.37,0.68,97.1,0.43,-0.73,0.25
district,Bagmati,Dolakha,Male,14 Year,1615,3,146,1045,356,0,0,1,30,19,3,0,0,12,0,0,0,0,0,0,95.98,0.74,95.98,0.74,96.33,0.55,-0.35,0.19
district,Bagmati,Dolakha,Male,15 Year,1532,0,0,790,614,1,3,0,57,41,12,0,0,14,0,0,0,0,0,0,91.91,0.91,91.91,0.91,94.14,1.0,-2.23,-0.09
district,Bagmati,Dolakha,Male,16 Year,1353,0,0,441,725,1,5,1,67,77,19,0,0,17,0,0,0,0,0,0,86.62,1.26,86.62,1.26,89.75,0.86,-3.13,0.4
district,Bagmati,Dolakha,Male,17 Year,968,0,0,225,486,2,6,0,87,112,34,0,0,15,0,0,0,0,0,1,74.28,1.55,74.28,1.55,79.05,1.0,-4.77,0.55
district,Bagmati,Dolakha,Male,18 Year,915,0,0,153,338,2,1,1,120,198,70,0,1,31,0,0,0,0,0,0,53.99,3.39,53.99,3.39,57.77,3.45,-3.78,-0.06
district,Bagmati,Dolakha,Male,19 Year,595,0,0,61,159,1,1,0,99,172,79,0,1,22,0,0,0,0,0,0,37.31,3.7,37.31,3.7,35.68,3.96,1.63,-0.26
district,Bagmati,Dolakha,Male,20 Year,715,0,0,0,91,1,2,0,123,280,185,0,2,31,0,0,0,0,0,0,13.15,4.34,13.15,4.34,11.72,6.44,1.43,-2.1
district,Bagmati,Dolakha,Male,21 Year,566,0,0,0,49,0,2,0,108,223,144,6,0,34,0,0,0,0,0,0,9.01,6.01,9.01,6.01,6.48,7.01,2.53,-1.0
district,Bagmati,Dolakha,Male,22 Year,721,0,0,0,29,2,2,0,144,272,223,0,3,46,0,0,0,0,0,0,4.58,6.38,4.58,6.38,4.44,7.99,0.14,-1.61
district,Bagmati,Dolakha,Male,23 Year,569,0,0,0,22,1,4,0,105,210,188,8,3,28,0,0,0,0,0,0,4.75,4.92,4.75,4.92,1.67,6.09,3.08,-1.17
district,Bagmati,Dolakha,Male,24 Year,707,0,0,0,17,2,3,1,143,243,252,5,1,40,0,0,0,0,0,0,3.11,5.66,3.11,5.66,1.49,9.73,1.62,-4.07
district,Bagmati,Dolakha,Male,25 Year,721,0,0,0,0,2,1,2,147,260,265,4,3,37,0,0,0,0,0,0,0.42,5.13,0.42,5.13,0.6,6.88,-0.18,-1.75
district,Bagmati,Dolakha,Female,All Ages,23601,1855,7889,5128,3053,22,28,14,1305,1873,1728,36,17,651,0,0,0,0,0,2,76.16,2.76,76.01,2.42,76.16,2.76,-0.15,-0.34
district,Bagmati,Dolakha,Female,5 Year,1288,1188,0,0,0,0,0,2,0,0,0,0,0,97,0,0,0,0,0,1,92.24,7.53,91.44,7.99,92.24,7.53,-0.8,0.46
district,Bagmati,Dolakha,Female,6 Year,1421,441,928,0,0,1,0,0,1,0,0,0,0,50,0,0,0,0,0,0,96.41,3.52,97.39,2.47,96.41,3.52,0.98,-1.05
district,Bagmati,Dolakha,Female,7 Year,1315,148,1138,0,0,0,0,0,0,0,0,0,0,29,0,0,0,0,0,0,97.79,2.21,98.63,1.29,97.79,2.21,0.84,-0.92
district,Bagmati,Dolakha,Female,8 Year,1348,51,1272,0,0,0,0,0,3,0,0,0,0,22,0,0,0,0,0,0,98.15,1.63,98.36,1.28,98.15,1.63,0.21,-0.35
district,Bagmati,Dolakha,Female,9 Year,1384,17,1356,0,0,0,0,0,2,0,0,0,1,8,0,0,0,0,0,0,99.21,0.58,98.7,1.23,99.21,0.58,-0.51,0.65
district,Bagmati,Dolakha,Female,10 Year,1505,4,1364,0,0,1,0,1,121,0,0,0,0,14,0,0,0,0,0,0,90.96,0.93,90.75,1.25,90.96,0.93,-0.21,0.32
district,Bagmati,Dolakha,Female,11 Year,1270,0,785,419,0,0,0,4,47,4,0,0,1,10,0,0,0,0,0,0,94.8,0.79,93.23,0.97,94.8,0.79,-1.57,0.18
district,Bagmati,Dolakha,Female,12 Year,1640,2,615,961,0,0,1,0,35,10,0,0,0,16,0,0,0,0,0,0,96.28,0.98,95.51,0.68,96.28,0.98,-0.77,-0.3
district,Bagmati,Dolakha,Female,13 Year,1623,1,308,1267,0,0,0,2,24,14,0,0,0,7,0,0,0,0,0,0,97.1,0.43,96.37,0.68,97.1,0.43,-0.73,0.25
district,Bagmati,Dolakha,Female,14 Year,1636,3,123,1022,428,0,0,0,20,17,14,0,0,9,0,0,0,0,0,0,96.33,0.55,95.98,0.74,96.33,0.55,-0.35,0.19
district,Bagmati,Dolakha,Female,15 Year,1605,0,0,759,745,1,6,0,36,28,14,0,0,16,0,0,0,0,0,0,94.14,1.0,91.91,0.91,94.14,1.0,-2.23,-0.09
district,Bagmati,Dolakha,Female,16 Year,1161,0,0,355,683,1,3,0,39,45,24,0,1,10,0,0,0,0,0,0,89.75,0.86,86.62,1.26,89.75,0.86,-3.13,0.4
district,Bagmati,Dolakha,Female,17 Year,902,0,0,179,529,2,3,0,53,74,53,0,0,9,0,0,0,0,0,0,79.05,1.0,74.28,1.55,79.05,1.0,-4.77,0.55
district,Bagmati,Dolakha,Female,18 Year,869,0,0,114,385,1,2,1,88,146,98,1,2,30,0,0,0,0,0,1,57.77,3.45,53.99,3.39,57.77,3.45,-3.78,-0.06
district,Bagmati,Dolakha,Female,19 Year,555,0,0,52,146,0,0,0,72,147,116,0,0,22,0,0,0,0,0,0,35.68,3.96,37.31,3.7,35.68,3.96,1.63,-0.26
district,Bagmati,Dolakha,Female,20 Year,606,0,0,0,63,2,6,2,104,205,184,1,0,39,0,0,0,0,0,0,11.72,6.44,13.15,4.34,11.72,6.44,1.43,-2.1
district,Bagmati,Dolakha,Female,21 Year,571,0,0,0,35,2,0,0,86,195,207,5,1,40,0,0,0,0,0,0,6.48,7.01,9.01,6.01,6.48,7.01,2.53,-1.0
district,Bagmati,Dolakha,Female,22 Year,676,0,0,0,22,4,4,1,128,235,224,1,3,54,0,0,0,0,0,0,4.44,7.99,4.58,6.38,4.44,7.99,0.14,-1.61
district,Bagmati,Dolakha,Female,23 Year,657,0,0,0,9,1,1,0,140,228,229,9,0,40,0,0,0,0,0,0,1.67,6.09,4.75,4.92,1.67,6.09,3.08,-1.17
district,Bagmati,Dolakha,Female,24 Year,740,0,0,0,8,1,2,1,134,253,259,6,4,72,0,0,0,0,0,0,1.49,9.73,3.11,5.66,1.49,9.73,1.62,-4.07
district,Bagmati,Dolakha,Female,25 Year,829,0,0,0,0,5,0,0,172,272,306,13,4,57,0,0,0,0,0,0,0.6,6.88,0.42,5.13,0.6,6.88,-0.18,-1.75
district,Bagmati,Sindhupalchok,Total,All Ages,74803,6200,24199,15150,8366,61,136,58,5889,6581,4734,143,73,3210,0,0,0,0,0,3,72.34,4.29,71.72,3.95,72.97,4.63,-1.25,-0.68
district,Bagmati,Sindhupalchok,Total,5 Year,4350,3902,0,0,0,0,0,17,0,0,0,2,1,428,0,0,0,0,0,0,89.7,9.84,89.91,9.68,89.48,10.0,0.43,-0.32
district,Bagmati,Sindhupalchok,Total,6 Year,4439,1480,2749,0,0,0,1,2,14,0,0,0,1,192,0,0,0,0,0,0,95.29,4.33,95.01,4.68,95.59,3.95,-0.58,0.73
district,Bagmati,Sindhupalchok,Total,7 Year,3997,524,3349,0,0,1,0,1,14,0,0,1,2,105,0,0,0,0,0,0,96.92,2.63,96.76,2.79,97.08,2.46,-0.32,0.33
district,Bagmati,Sindhupalchok,Total,8 Year,4198,210,3876,0,0,1,0,1,28,0,0,0,2,80,0,0,0,0,0,0,97.36,1.91,97.18,1.81,97.53,2.0,-0.35,-0.19
district,Bagmati,Sindhupalchok,Total,9 Year,4169,55,4026,0,0,0,0,0,24,0,0,0,1,63,0,0,0,0,0,0,97.89,1.51,98.17,1.49,97.61,1.53,0.56,-0.04
district,Bagmati,Sindhupalchok,Total,10 Year,4571,12,4069,0,0,0,0,10,412,0,0,0,0,68,0,0,0,0,0,0,89.28,1.49,89.26,1.52,89.3,1.46,-0.04,0.06
district,Bagmati,Sindhupalchok,Total,11 Year,3948,5,2584,1106,0,0,0,2,180,16,0,0,0,55,0,0,0,0,0,0,93.59,1.39,93.17,1.68,94.01,1.11,-0.84,0.57
district,Bagmati,Sindhupalchok,Total,12 Year,5176,4,2040,2865,0,0,0,2,160,39,0,0,0,66,0,0,0,0,0,0,94.84,1.28,93.55,1.65,96.15,0.89,-2.6,0.76
district,Bagmati,Sindhupalchok,Total,13 Year,4802,5,1018,3550,0,0,0,0,119,60,0,1,2,47,0,0,0,0,0,0,95.23,0.98,94.68,1.06,95.76,0.9,-1.08,0.16
district,Bagmati,Sindhupalchok,Total,14 Year,4921,3,488,3074,1080,1,0,4,108,97,15,0,2,49,0,0,0,0,0,0,94.41,1.0,93.55,1.03,95.24,0.96,-1.69,0.07
district,Bagmati,Sindhupalchok,Total,15 Year,4866,0,0,2295,2078,16,26,0,178,142,53,3,1,74,0,0,0,0,0,0,90.73,1.52,88.91,1.69,92.45,1.36,-3.54,0.33
district,Bagmati,Sindhupalchok,Total,16 Year,3873,0,0,1194,2041,2,21,1,210,242,87,1,0,74,0,0,0,0,0,0,84.12,1.91,81.62,2.17,86.62,1.65,-5.0,0.52
district,Bagmati,Sindhupalchok,Total,17 Year,2707,0,0,584,1372,7,17,1,206,321,123,1,2,73,0,0,0,0,0,0,73.14,2.7,72.34,3.09,74.08,2.24,-1.74,0.85
district,Bagmati,Sindhupalchok,Total,18 Year,2835,0,0,347,996,3,10,2,372,660,320,1,2,122,0,0,0,0,0,0,47.83,4.3,47.07,4.12,48.75,4.52,-1.68,-0.4
district,Bagmati,Sindhupalchok,Total,19 Year,1849,0,0,135,397,2,7,1,330,521,357,4,3,91,0,0,0,0,0,1,29.26,4.92,31.34,4.06,26.88,5.91,4.46,-1.85
district,Bagmati,Sindhupalchok,Total,20 Year,2427,0,0,0,185,3,13,3,534,794,638,17,7,233,0,0,0,0,0,0,8.28,9.6,7.3,8.78,9.27,10.43,-1.97,-1.65
district,Bagmati,Sindhupalchok,Total,21 Year,1892,0,0,0,71,3,13,2,443,646,530,14,7,162,0,0,0,0,0,1,4.6,8.56,4.51,6.97,4.69,10.25,-0.18,-3.28
district,Bagmati,Sindhupalchok,Total,22 Year,2311,0,0,0,68,3,10,2,593,760,588,21,9,257,0,0,0,0,0,0,3.5,11.12,4.05,9.29,2.93,13.04,1.12,-3.75
district,Bagmati,Sindhupalchok,Total,23 Year,2116,0,0,0,41,3,6,0,524,673,602,25,7,235,0,0,0,0,0,0,2.36,11.11,2.61,9.34,2.11,12.92,0.5,-3.58
district,Bagmati,Sindhupalchok,Total,24 Year,2457,0,0,0,37,8,4,2,664,756,663,18,11,294,0,0,0,0,0,0,1.99,11.97,2.07,8.68,1.92,15.16,0.15,-6.48
district,Bagmati,Sindhupalchok,Total,25 Year,2899,0,0,0,0,8,8,5,776,854,758,34,13,442,0,0,0,0,0,1,0.55,15.25,0.22,11.59,0.86,18.56,-0.64,-6.97
district,Bagmati,Sindhupalchok,Male,All Ages,37677,3240,12230,7458,4010,17,68,25,3166,3624,2252,63,32,1490,0,0,0,0,0,2,71.72,3.95,71.72,3.95,72.97,4.63,-1.25,-0.68
district,Bagmati,Sindhupalchok,Male,5 Year,2231,2006,0,0,0,0,0,7,0,0,0,1,1,216,0,0,0,0,0,0,89.91,9.68,89.91,9.68,89.48,10.0,0.43,-0.32
district,Bagmati,Sindhupalchok,Male,6 Year,2286,781,1390,0,0,0,1,1,5,0,0,0,1,107,0,0,0,0,0,0,95.01,4.68,95.01,4.68,95.59,3.95,-0.58,0.73
district,Bagmati,Sindhupalchok,Male,7 Year,2009,294,1650,0,0,0,0,0,7,0,0,1,1,56,0,0,0,0,0,0,96.76,2.79,96.76,2.79,97.08,2.46,-0.32,0.33
district,Bagmati,Sindhupalchok,Male,8 Year,2094,118,1917,0,0,0,0,1,19,0,0,0,1,38,0,0,0,0,0,0,97.18,1.81,97.18,1.81,97.53,2.0,-0.35,-0.19
district,Bagmati,Sindhupalchok,Male,9 Year,2075,29,2008,0,0,0,0,0,7,0,0,0,0,31,0,0,0,0,0,0,98.17,1.49,98.17,1.49,97.61,1.53,0.56,-0.04
district,Bagmati,Sindhupalchok,Male,10 Year,2309,3,2058,0,0,0,0,3,210,0,0,0,0,35,0,0,0,0,0,0,89.26,1.52,89.26,1.52,89.3,1.46,-0.04,0.06
district,Bagmati,Sindhupalchok,Male,11 Year,1963,3,1312,514,0,0,0,1,91,9,0,0,0,33,0,0,0,0,0,0,93.17,1.68,93.17,1.68,94.01,1.11,-0.84,0.57
district,Bagmati,Sindhupalchok,Male,12 Year,2605,4,1070,1363,0,0,0,1,96,28,0,0,0,43,0,0,0,0,0,0,93.55,1.65,93.55,1.65,96.15,0.89,-2.6,0.76
district,Bagmati,Sindhupalchok,Male,13 Year,2350,1,557,1667,0,0,0,0,69,28,0,1,2,25,0,0,0,0,0,0,94.68,1.06,94.68,1.06,95.76,0.9,-1.08,0.16
district,Bagmati,Sindhupalchok,Male,14 Year,2420,1,268,1542,453,0,0,3,63,53,10,0,2,25,0,0,0,0,0,0,93.55,1.03,93.55,1.03,95.24,0.96,-1.69,0.07
district,Bagmati,Sindhupalchok,Male,15 Year,2363,0,0,1168,919,4,10,0,112,85,25,0,0,40,0,0,0,0,0,0,88.91,1.69,88.91,1.69,92.45,1.36,-3.54,0.33
district,Bagmati,Sindhupalchok,Male,16 Year,1937,0,0,598,968,2,13,1,140,137,35,1,0,42,0,0,0,0,0,0,81.62,2.17,81.62,2.17,86.62,1.65,-5.0,0.52
district,Bagmati,Sindhupalchok,Male,17 Year,1457,0,0,342,700,3,9,1,131,176,48,1,1,45,0,0,0,0,0,0,72.34,3.09,72.34,3.09,74.08,2.24,-1.74,0.85
district,Bagmati,Sindhupalchok,Male,18 Year,1553,0,0,185,539,1,6,1,205,387,163,1,1,64,0,0,0,0,0,0,47.07,4.12,47.07,4.12,48.75,4.52,-1.68,-0.4
district,Bagmati,Sindhupalchok,Male,19 Year,986,0,0,79,225,0,5,0,196,281,157,1,1,40,0,0,0,0,0,1,31.34,4.06,31.34,4.06,26.88,5.91,4.46,-1.85
district,Bagmati,Sindhupalchok,Male,20 Year,1219,0,0,0,81,1,7,2,300,404,302,12,3,107,0,0,0,0,0,0,7.3,8.78,7.3,8.78,9.27,10.43,-1.97,-1.65
district,Bagmati,Sindhupalchok,Male,21 Year,975,0,0,0,38,1,5,0,241,356,258,4,4,68,0,0,0,0,0,0,4.51,6.97,4.51,6.97,4.69,10.25,-0.18,-3.28
district,Bagmati,Sindhupalchok,Male,22 Year,1184,0,0,0,40,1,7,0,304,417,297,6,2,110,0,0,0,0,0,0,4.05,9.29,4.05,9.29,2.93,13.04,1.12,-3.75
district,Bagmati,Sindhupalchok,Male,23 Year,1071,0,0,0,25,1,2,0,282,373,276,11,1,100,0,0,0,0,0,0,2.61,9.34,2.61,9.34,2.11,12.92,0.5,-3.58
district,Bagmati,Sindhupalchok,Male,24 Year,1210,0,0,0,22,3,0,0,323,413,331,8,5,105,0,0,0,0,0,0,2.07,8.68,2.07,8.68,1.92,15.16,0.15,-6.48
district,Bagmati,Sindhupalchok,Male,25 Year,1380,0,0,0,0,0,3,3,365,477,350,15,6,160,0,0,0,0,0,1,0.22,11.59,0.22,11.59,0.86,18.56,-0.64,-6.97
district,Bagmati,Sindhupalchok,Female,All Ages,37126,2960,11969,7692,4356,44,68,33,2723,2957,2482,80,41,1720,0,0,0,0,0,1,72.97,4.63,71.72,3.95,72.97,4.63,-1.25,-0.68
district,Bagmati,Sindhupalchok,Female,5 Year,2119,1896,0,0,0,0,0,10,0,0,0,1,0,212,0,0,0,0,0,0,89.48,10.0,89.91,9.68,89.48,10.0,0.43,-0.32
district,Bagmati,Sindhupalchok,Female,6 Year,2153,699,1359,0,0,0,0,1,9,0,0,0,0,85,0,0,0,0,0,0,95.59,3.95,95.01,4.68,95.59,3.95,-0.58,0.73
district,Bagmati,Sindhupalchok,Female,7 Year,1988,230,1699,0,0,1,0,1,7,0,0,0,1,49,0,0,0,0,0,0,97.08,2.46,96.76,2.79,97.08,2.46,-0.32,0.33
district,Bagmati,Sindhupalchok,Female,8 Year,2104,92,1959,0,0,1,0,0,9,0,0,0,1,42,0,0,0,0,0,0,97.53,2.0,97.18,1.81,97.53,2.0,-0.35,-0.19
district,Bagmati,Sindhupalchok,Female,9 Year,2094,26,2018,0,0,0,0,0,17,0,0,0,1,32,0,0,0,0,0,0,97.61,1.53,98.17,1.49,97.61,1.53,0.56,-0.04
district,Bagmati,Sindhupalchok,Female,10 Year,2262,9,2011,0,0,0,0,7,202,0,0,0,0,33,0,0,0,0,0,0,89.3,1.46,89.26,1.52,89.3,1.46,-0.04,0.06
district,Bagmati,Sindhupalchok,Female,11 Year,1985,2,1272,592,0,0,0,1,89,7,0,0,0,22,0,0,0,0,0,0,94.01,1.11,93.17,1.68,94.01,1.11,-0.84,0.57
district,Bagmati,Sindhupalchok,Female,12 Year,2571,0,970,1502,0,0,0,1,64,11,0,0,0,23,0,0,0,0,0,0,96.15,0.89,93.55,1.65,96.15,0.89,-2.6,0.76
district,Bagmati,Sindhupalchok,Female,13 Year,2452,4,461,1883,0,0,0,0,50,32,0,0,0,22,0,0,0,0,0,0,95.76,0.9,94.68,1.06,95.76,0.9,-1.08,0.16
district,Bagmati,Sindhupalchok,Female,14 Year,2501,2,220,1532,627,1,0,1,45,44,5,0,0,24,0,0,0,0,0,0,95.24,0.96,93.55,1.03,95.24,0.96,-1.69,0.07
district,Bagmati,Sindhupalchok,Female,15 Year,2503,0,0,1127,1159,12,16,0,66,57,28,3,1,34,0,0,0,0,0,0,92.45,1.36,88.91,1.69,92.45,1.36,-3.54,0.33
district,Bagmati,Sindhupalchok,Female,16 Year,1936,0,0,596,1073,0,8,0,70,105,52,0,0,32,0,0,0,0,0,0,86.62,1.65,81.62,2.17,86.62,1.65,-5.0,0.52
district,Bagmati,Sindhupalchok,Female,17 Year,1250,0,0,242,672,4,8,0,75,145,75,0,1,28,0,0,0,0,0,0,74.08,2.24,72.34,3.09,74.08,2.24,-1.74,0.85
district,Bagmati,Sindhupalchok,Female,18 Year,1282,0,0,162,457,2,4,1,167,273,157,0,1,58,0,0,0,0,0,0,48.75,4.52,47.07,4.12,48.75,4.52,-1.68,-0.4
district,Bagmati,Sindhupalchok,Female,19 Year,863,0,0,56,172,2,2,1,134,240,200,3,2,51,0,0,0,0,0,0,26.88,5.91,31.34,4.06,26.88,5.91,4.46,-1.85
district,Bagmati,Sindhupalchok,Female,20 Year,1208,0,0,0,104,2,6,1,234,390,336,5,4,126,0,0,0,0,0,0,9.27,10.43,7.3,8.78,9.27,10.43,-1.97,-1.65
district,Bagmati,Sindhupalchok,Female,21 Year,917,0,0,0,33,2,8,2,202,290,272,10,3,94,0,0,0,0,0,1,4.69,10.25,4.51,6.97,4.69,10.25,-0.18,-3.28
district,Bagmati,Sindhupalchok,Female,22 Year,1127,0,0,0,28,2,3,2,289,343,291,15,7,147,0,0,0,0,0,0,2.93,13.04,4.05,9.29,2.93,13.04,1.12,-3.75
district,Bagmati,Sindhupalchok,Female,23 Year,1045,0,0,0,16,2,4,0,242,300,326,14,6,135,0,0,0,0,0,0,2.11,12.92,2.61,9.34,2.11,12.92,0.5,-3.58
district,Bagmati,Sindhupalchok,Female,24 Year,1247,0,0,0,15,5,4,2,341,343,332,10,6,189,0,0,0,0,0,0,1.92,15.16,2.07,8.68,1.92,15.16,0.15,-6.48
district,Bagmati,Sindhupalchok,Female,25 Year,1519,0,0,0,0,8,5,2,411,377,408,19,7,282,0,0,0,0,0,0,0.86,18.56,0.22,11.59,0.86,18.56,-0.64,-6.97
district,Bagmati,Rasuwa,Total,All Ages,13813,1206,4594,2583,1423,9,14,5,944,1264,1105,87,7,569,0,0,0,0,0,3,71.16,4.12,70.22,3.52,72.14,4.75,-1.92,-1.23
district,Bagmati,Rasuwa,Total,5 Year,883,803,0,0,0,0,0,1,0,0,0,0,0,76,0,0,0,0,0,3,90.94,8.61,90.11,9.03,91.87,8.13,-1.76,0.9
district,Bagmati,Rasuwa,Total,6 Year,809,244,535,0,0,0,0,1,2,0,0,0,0,27,0,0,0,0,0,0,96.29,3.34,95.52,3.98,97.05,2.7,-1.53,1.28
district,Bagmati,Rasuwa,Total,7 Year,741,94,624,0,0,0,0,0,1,0,0,0,0,22,0,0,0,0,0,0,96.9,2.97,97.46,2.54,96.37,3.37,1.09,-0.83
district,Bagmati,Rasuwa,Total,8 Year,767,44,712,0,0,0,0,0,2,0,0,0,0,9,0,0,0,0,0,0,98.57,1.17,99.02,0.74,98.05,1.67,0.97,-0.93
district,Bagmati,Rasuwa,Total,9 Year,825,15,794,0,0,0,0,0,3,0,0,0,0,13,0,0,0,0,0,0,98.06,1.58,98.79,0.97,97.33,2.18,1.46,-1.21
district,Bagmati,Rasuwa,Total,10 Year,884,3,799,0,0,0,0,1,76,0,0,0,0,5,0,0,0,0,0,0,90.72,0.57,90.09,0.65,91.43,0.48,-1.34,0.17
district,Bagmati,Rasuwa,Total,11 Year,729,0,491,204,0,0,0,0,32,1,0,0,0,1,0,0,0,0,0,0,95.34,0.14,93.87,0.28,96.76,0.0,-2.89,0.28
district,Bagmati,Rasuwa,Total,12 Year,846,1,382,427,0,0,0,0,25,3,0,1,0,7,0,0,0,0,0,0,95.74,0.83,95.76,1.18,95.72,0.48,0.04,0.7
district,Bagmati,Rasuwa,Total,13 Year,813,0,179,590,0,0,0,0,19,15,0,0,1,9,0,0,0,0,0,0,94.59,1.11,94.16,0.7,95.06,1.56,-0.9,-0.86
district,Bagmati,Rasuwa,Total,14 Year,771,2,78,504,150,0,0,0,21,9,4,1,0,2,0,0,0,0,0,0,95.2,0.26,94.4,0.29,95.83,0.23,-1.43,0.06
district,Bagmati,Rasuwa,Total,15 Year,748,0,0,385,280,0,5,0,27,28,8,0,0,15,0,0,0,0,0,0,89.57,2.01,90.58,2.36,88.52,1.64,2.06,0.72
district,Bagmati,Rasuwa,Total,16 Year,729,0,0,258,349,0,0,0,50,49,12,0,0,11,0,0,0,0,0,0,83.26,1.51,82.71,1.44,83.77,1.57,-1.06,-0.13
district,Bagmati,Rasuwa,Total,17 Year,516,0,0,118,232,1,1,0,45,62,37,0,0,20,0,0,0,0,0,0,68.22,3.88,69.78,3.24,66.39,4.62,3.39,-1.38
district,Bagmati,Rasuwa,Total,18 Year,613,0,0,75,228,2,1,0,78,122,68,3,0,36,0,0,0,0,0,0,49.92,5.87,52.19,4.38,47.78,7.28,4.41,-2.9
district,Bagmati,Rasuwa,Total,19 Year,345,0,0,22,82,1,2,0,50,93,69,3,0,23,0,0,0,0,0,0,31.01,6.67,30.11,4.84,32.08,8.81,-1.97,-3.97
district,Bagmati,Rasuwa,Total,20 Year,509,0,0,0,48,1,1,0,82,159,154,14,2,48,0,0,0,0,0,0,9.82,9.43,10.85,8.14,8.76,10.76,2.09,-2.62
district,Bagmati,Rasuwa,Total,21 Year,377,0,0,0,24,0,1,0,65,138,113,10,0,26,0,0,0,0,0,0,6.63,6.9,4.63,5.56,9.32,8.7,-4.69,-3.14
district,Bagmati,Rasuwa,Total,22 Year,432,0,0,0,14,1,1,0,80,140,152,13,0,31,0,0,0,0,0,0,3.7,7.18,4.9,5.31,2.14,9.63,2.76,-4.32
district,Bagmati,Rasuwa,Total,23 Year,402,0,0,0,9,0,0,0,76,131,135,11,1,39,0,0,0,0,0,0,2.24,9.7,2.64,6.61,1.71,13.71,0.93,-7.1
district,Bagmati,Rasuwa,Total,24 Year,480,0,0,0,7,1,0,1,98,150,153,14,1,55,0,0,0,0,0,0,1.67,11.46,2.4,8.8,0.87,14.35,1.53,-5.55
district,Bagmati,Rasuwa,Total,25 Year,594,0,0,0,0,2,2,1,112,164,200,17,2,94,0,0,0,0,0,0,0.67,15.82,0.99,10.86,0.34,21.03,0.65,-10.17
district,Bagmati,Rasuwa,Male,All Ages,7048,632,2346,1248,707,7,9,3,511,718,572,41,3,248,0,0,0,0,0,3,70.22,3.52,70.22,3.52,72.14,4.75,-1.92,-1.23
district,Bagmati,Rasuwa,Male,5 Year,465,419,0,0,0,0,0,1,0,0,0,0,0,42,0,0,0,0,0,3,90.11,9.03,90.11,9.03,91.87,8.13,-1.76,0.9
district,Bagmati,Rasuwa,Male,6 Year,402,125,259,0,0,0,0,1,1,0,0,0,0,16,0,0,0,0,0,0,95.52,3.98,95.52,3.98,97.05,2.7,-1.53,1.28
district,Bagmati,Rasuwa,Male,7 Year,355,49,297,0,0,0,0,0,0,0,0,0,0,9,0,0,0,0,0,0,97.46,2.54,97.46,2.54,96.37,3.37,1.09,-0.83
district,Bagmati,Rasuwa,Male,8 Year,408,28,376,0,0,0,0,0,1,0,0,0,0,3,0,0,0,0,0,0,99.02,0.74,99.02,0.74,98.05,1.67,0.97,-0.93
district,Bagmati,Rasuwa,Male,9 Year,413,7,401,0,0,0,0,0,1,0,0,0,0,4,0,0,0,0,0,0,98.79,0.97,98.79,0.97,97.33,2.18,1.46,-1.21
district,Bagmati,Rasuwa,Male,10 Year,464,3,415,0,0,0,0,0,43,0,0,0,0,3,0,0,0,0,0,0,90.09,0.65,90.09,0.65,91.43,0.48,-1.34,0.17
district,Bagmati,Rasuwa,Male,11 Year,359,0,243,94,0,0,0,0,20,1,0,0,0,1,0,0,0,0,0,0,93.87,0.28,93.87,0.28,96.76,0.0,-2.89,0.28
district,Bagmati,Rasuwa,Male,12 Year,425,1,204,202,0,0,0,0,11,1,0,1,0,5,0,0,0,0,0,0,95.76,1.18,95.76,1.18,95.72,0.48,0.04,0.7
district,Bagmati,Rasuwa,Male,13 Year,428,0,110,293,0,0,0,0,12,9,0,0,1,3,0,0,0,0,0,0,94.16,0.7,94.16,0.7,95.06,1.56,-0.9,-0.86
district,Bagmati,Rasuwa,Male,14 Year,339,0,41,225,54,0,0,0,11,5,2,0,0,1,0,0,0,0,0,0,94.4,0.29,94.4,0.29,95.83,0.23,-1.43,0.06
district,Bagmati,Rasuwa,Male,15 Year,382,0,0,199,142,0,5,0,15,9,3,0,0,9,0,0,0,0,0,0,90.58,2.36,90.58,2.36,88.52,1.64,2.06,0.72
district,Bagmati,Rasuwa,Male,16 Year,347,0,0,128,159,0,0,0,26,25,4,0,0,5,0,0,0,0,0,0,82.71,1.44,82.71,1.44,83.77,1.57,-1.06,-0.13
district,Bagmati,Rasuwa,Male,17 Year,278,0,0,61,132,1,0,0,25,30,20,0,0,9,0,0,0,0,0,0,69.78,3.24,69.78,3.24,66.39,4.62,3.39,-1.38
district,Bagmati,Rasuwa,Male,18 Year,297,0,0,38,116,1,0,0,40,56,32,1,0,13,0,0,0,0,0,0,52.19,4.38,52.19,4.38,47.78,7.28,4.41,-2.9
district,Bagmati,Rasuwa,Male,19 Year,186,0,0,8,45,1,2,0,28,55,37,1,0,9,0,0,0,0,0,0,30.11,4.84,30.11,4.84,32.08,8.81,-1.97,-3.97
district,Bagmati,Rasuwa,Male,20 Year,258,0,0,0,27,1,0,0,43,85,73,8,0,21,0,0,0,0,0,0,10.85,8.14,10.85,8.14,8.76,10.76,2.09,-2.62
district,Bagmati,Rasuwa,Male,21 Year,216,0,0,0,10,0,0,0,37,94,58,5,0,12,0,0,0,0,0,0,4.63,5.56,4.63,5.56,9.32,8.7,-4.69,-3.14
district,Bagmati,Rasuwa,Male,22 Year,245,0,0,0,11,0,1,0,48,91,76,5,0,13,0,0,0,0,0,0,4.9,5.31,4.9,5.31,2.14,9.63,2.76,-4.32
district,Bagmati,Rasuwa,Male,23 Year,227,0,0,0,6,0,0,0,43,79,80,4,0,15,0,0,0,0,0,0,2.64,6.61,2.64,6.61,1.71,13.71,0.93,-7.1
district,Bagmati,Rasuwa,Male,24 Year,250,0,0,0,5,1,0,1,51,84,78,7,1,22,0,0,0,0,0,0,2.4,8.8,2.4,8.8,0.87,14.35,1.53,-5.55
district,Bagmati,Rasuwa,Male,25 Year,304,0,0,0,0,2,1,0,55,94,109,9,1,33,0,0,0,0,0,0,0.99,10.86,0.99,10.86,0.34,21.03,0.65,-10.17
district,Bagmati,Rasuwa,Female,All Ages,6765,574,2248,1335,716,2,5,2,433,546,533,46,4,321,0,0,0,0,0,0,72.14,4.75,70.22,3.52,72.14,4.75,-1.92,-1.23
district,Bagmati,Rasuwa,Female,5 Year,418,384,0,0,0,0,0,0,0,0,0,0,0,34,0,0,0,0,0,0,91.87,8.13,90.11,9.03,91.87,8.13,-1.76,0.9
district,Bagmati,Rasuwa,Female,6 Year,407,119,276,0,0,0,0,0,1,0,0,0,0,11,0,0,0,0,0,0,97.05,2.7,95.52,3.98,97.05,2.7,-1.53,1.28
district,Bagmati,Rasuwa,Female,7 Year,386,45,327,0,0,0,0,0,1,0,0,0,0,13,0,0,0,0,0,0,96.37,3.37,97.46,2.54,96.37,3.37,1.09,-0.83
district,Bagmati,Rasuwa,Female,8 Year,359,16,336,0,0,0,0,0,1,0,0,0,0,6,0,0,0,0,0,0,98.05,1.67,99.02,0.74,98.05,1.67,0.97,-0.93
district,Bagmati,Rasuwa,Female,9 Year,412,8,393,0,0,0,0,0,2,0,0,0,0,9,0,0,0,0,0,0,97.33,2.18,98.79,0.97,97.33,2.18,1.46,-1.21
district,Bagmati,Rasuwa,Female,10 Year,420,0,384,0,0,0,0,1,33,0,0,0,0,2,0,0,0,0,0,0,91.43,0.48,90.09,0.65,91.43,0.48,-1.34,0.17
district,Bagmati,Rasuwa,Female,11 Year,370,0,248,110,0,0,0,0,12,0,0,0,0,0,0,0,0,0,0,0,96.76,0.0,93.87,0.28,96.76,0.0,-2.89,0.28
district,Bagmati,Rasuwa,Female,12 Year,421,0,178,225,0,0,0,0,14,2,0,0,0,2,0,0,0,0,0,0,95.72,0.48,95.76,1.18,95.72,0.48,0.04,0.7
district,Bagmati,Rasuwa,Female,13 Year,385,0,69,297,0,0,0,0,7,6,0,0,0,6,0,0,0,0,0,0,95.06,1.56,94.16,0.7,95.06,1.56,-0.9,-0.86
district,Bagmati,Rasuwa,Female,14 Year,432,2,37,279,96,0,0,0,10,4,2,1,0,1,0,0,0,0,0,0,95.83,0.23,94.4,0.29,95.83,0.23,-1.43,0.06
district,Bagmati,Rasuwa,Female,15 Year,366,0,0,186,138,0,0,0,12,19,5,0,0,6,0,0,0,0,0,0,88.52,1.64,90.58,2.36,88.52,1.64,2.06,0.72
district,Bagmati,Rasuwa,Female,16 Year,382,0,0,130,190,0,0,0,24,24,8,0,0,6,0,0,0,0,0,0,83.77,1.57,82.71,1.44,83.77,1.57,-1.06,-0.13
district,Bagmati,Rasuwa,Female,17 Year,238,0,0,57,100,0,1,0,20,32,17,0,0,11,0,0,0,0,0,0,66.39,4.62,69.78,3.24,66.39,4.62,3.39,-1.38
district,Bagmati,Rasuwa,Female,18 Year,316,0,0,37,112,1,1,0,38,66,36,2,0,23,0,0,0,0,0,0,47.78,7.28,52.19,4.38,47.78,7.28,4.41,-2.9
district,Bagmati,Rasuwa,Female,19 Year,159,0,0,14,37,0,0,0,22,38,32,2,0,14,0,0,0,0,0,0,32.08,8.81,30.11,4.84,32.08,8.81,-1.97,-3.97
district,Bagmati,Rasuwa,Female,20 Year,251,0,0,0,21,0,1,0,39,74,81,6,2,27,0,0,0,0,0,0,8.76,10.76,10.85,8.14,8.76,10.76,2.09,-2.62
district,Bagmati,Rasuwa,Female,21 Year,161,0,0,0,14,0,1,0,28,44,55,5,0,14,0,0,0,0,0,0,9.32,8.7,4.63,5.56,9.32,8.7,-4.69,-3.14
district,Bagmati,Rasuwa,Female,22 Year,187,0,0,0,3,1,0,0,32,49,76,8,0,18,0,0,0,0,0,0,2.14,9.63,4.9,5.31,2.14,9.63,2.76,-4.32
district,Bagmati,Rasuwa,Female,23 Year,175,0,0,0,3,0,0,0,33,52,55,7,1,24,0,0,0,0,0,0,1.71,13.71,2.64,6.61,1.71,13.71,0.93,-7.1
district,Bagmati,Rasuwa,Female,24 Year,230,0,0,0,2,0,0,0,47,66,75,7,0,33,0,0,0,0,0,0,0.87,14.35,2.4,8.8,0.87,14.35,1.53,-5.55
district,Bagmati,Rasuwa,Female,25 Year,290,0,0,0,0,0,1,1,57,70,91,8,1,61,0,0,0,0,0,0,0.34,21.03,0.99,10.86,0.34,21.03,0.65,-10.17
district,Bagmati,Dhading,Total,All Ages,96095,8210,31937,19644,10352,28,154,55,8172,8558,5534,188,67,3179,0,1,1,0,1,14,73.18,3.31,73.25,2.96,73.11,3.67,0.14,-0.71
district,Bagmati,Dhading,Total,5 Year,5476,5092,0,0,0,0,2,5,0,0,0,0,0,375,0,0,0,0,0,2,93.02,6.85,93.07,6.79,92.97,6.91,0.1,-0.12
district,Bagmati,Dhading,Total,6 Year,5791,2076,3489,0,0,0,0,2,4,0,0,0,0,217,0,0,0,0,1,2,96.1,3.75,96.17,3.69,96.02,3.8,0.15,-0.11
district,Bagmati,Dhading,Total,7 Year,5240,711,4417,0,0,0,0,0,12,0,0,0,0,99,0,1,0,0,0,0,97.86,1.89,97.77,2.04,97.96,1.73,-0.19,0.31
district,Bagmati,Dhading,Total,8 Year,5473,206,5177,0,0,1,0,1,11,0,0,0,3,73,0,0,0,0,0,1,98.37,1.33,98.29,1.46,98.46,1.2,-0.17,0.26
district,Bagmati,Dhading,Total,9 Year,5568,86,5397,0,0,0,1,1,26,0,0,0,0,57,0,0,0,0,0,0,98.49,1.02,98.32,0.97,98.66,1.08,-0.34,-0.11
district,Bagmati,Dhading,Total,10 Year,6174,16,5557,0,0,0,0,10,532,0,0,0,0,58,0,0,0,0,0,1,90.27,0.94,88.4,1.11,92.22,0.76,-3.82,0.35
district,Bagmati,Dhading,Total,11 Year,5646,8,3703,1644,0,0,0,4,216,14,0,0,2,55,0,0,0,0,0,0,94.85,0.97,94.59,0.8,95.11,1.16,-0.52,-0.36
district,Bagmati,Dhading,Total,12 Year,6402,9,2477,3619,0,0,0,3,184,40,0,0,1,67,0,0,1,0,0,1,95.36,1.05,95.24,1.07,95.49,1.02,-0.25,0.05
district,Bagmati,Dhading,Total,13 Year,6212,2,1179,4732,0,0,1,4,175,70,0,2,0,47,0,0,0,0,0,0,95.2,0.76,94.48,0.73,95.96,0.79,-1.48,-0.06
district,Bagmati,Dhading,Total,14 Year,6590,4,535,4160,1464,0,0,2,210,129,25,2,0,58,0,0,0,0,0,1,93.52,0.88,92.41,1.1,94.62,0.66,-2.21,0.44
district,Bagmati,Dhading,Total,15 Year,6187,0,4,2924,2557,0,35,1,335,183,63,1,2,81,0,0,0,0,0,1,89.22,1.31,87.81,1.34,90.66,1.27,-2.85,0.07
district,Bagmati,Dhading,Total,16 Year,4989,0,2,1477,2646,1,27,1,343,320,90,4,1,76,0,0,0,0,0,1,83.24,1.52,81.1,1.77,85.56,1.25,-4.46,0.52
district,Bagmati,Dhading,Total,17 Year,3431,0,0,600,1698,1,13,1,413,433,175,5,1,91,0,0,0,0,0,0,67.39,2.65,67.75,2.28,66.96,3.09,0.79,-0.81
district,Bagmati,Dhading,Total,18 Year,3337,0,0,350,1130,0,15,1,595,729,359,7,4,145,0,0,0,0,0,2,44.8,4.35,44.61,3.75,45.03,5.04,-0.42,-1.29
district,Bagmati,Dhading,Total,19 Year,2371,0,0,138,446,1,8,1,520,707,400,11,1,138,0,0,0,0,0,0,25.01,5.82,25.2,5.71,24.8,5.94,0.4,-0.23
district,Bagmati,Dhading,Total,20 Year,2878,0,0,0,205,2,17,4,751,994,650,24,6,225,0,0,0,0,0,0,7.78,7.82,8.92,7.28,6.71,8.33,2.21,-1.05
district,Bagmati,Dhading,Total,21 Year,2328,0,0,0,82,1,11,4,617,814,593,18,3,185,0,0,0,0,0,0,4.04,7.95,4.31,6.83,3.73,9.19,0.58,-2.36
district,Bagmati,Dhading,Total,22 Year,2929,0,0,0,64,4,8,3,788,1010,766,27,7,252,0,0,0,0,0,0,2.59,8.6,2.82,6.89,2.37,10.29,0.45,-3.4
district,Bagmati,Dhading,Total,23 Year,2697,0,0,0,35,1,3,1,722,940,725,23,10,236,0,0,0,0,0,1,1.45,8.75,1.55,7.28,1.35,10.1,0.2,-2.82
district,Bagmati,Dhading,Total,24 Year,2985,0,0,0,24,8,5,2,791,1038,783,31,9,294,0,0,0,0,0,0,1.24,9.85,0.95,8.32,1.51,11.32,-0.56,-3.0
district,Bagmati,Dhading,Total,25 Year,3391,0,0,0,1,8,8,4,927,1137,905,33,17,350,0,0,0,0,0,1,0.5,10.32,0.39,6.21,0.6,13.77,-0.21,-7.56
district,Bagmati,Dhading,Male,All Ages,48868,4420,16358,9870,5043,10,95,31,4603,4385,2471,94,34,1445,0,0,1,0,1,7,73.25,2.96,73.25,2.96,73.11,3.67,0.14,-0.71
district,Bagmati,Dhading,Male,5 Year,2901,2700,0,0,0,0,0,3,0,0,0,0,0,197,0,0,0,0,0,1,93.07,6.79,93.07,6.79,92.97,6.91,0.1,-0.12
district,Bagmati,Dhading,Male,6 Year,2924,1105,1707,0,0,0,0,0,1,0,0,0,0,108,0,0,0,0,1,2,96.17,3.69,96.17,3.69,96.02,3.8,0.15,-0.11
district,Bagmati,Dhading,Male,7 Year,2694,427,2207,0,0,0,0,0,5,0,0,0,0,55,0,0,0,0,0,0,97.77,2.04,97.77,2.04,97.96,1.73,-0.19,0.31
district,Bagmati,Dhading,Male,8 Year,2810,116,2646,0,0,0,0,0,6,0,0,0,0,41,0,0,0,0,0,1,98.29,1.46,98.29,1.46,98.46,1.2,-0.17,0.26
district,Bagmati,Dhading,Male,9 Year,2797,47,2703,0,0,0,0,1,19,0,0,0,0,27,0,0,0,0,0,0,98.32,0.97,98.32,0.97,98.66,1.08,-0.34,-0.11
district,Bagmati,Dhading,Male,10 Year,3165,8,2790,0,0,0,0,5,327,0,0,0,0,35,0,0,0,0,0,0,88.4,1.11,88.4,1.11,92.22,0.76,-3.82,0.35
district,Bagmati,Dhading,Male,11 Year,2884,6,1992,730,0,0,0,4,123,5,0,0,1,23,0,0,0,0,0,0,94.59,0.8,94.59,0.8,95.11,1.16,-0.52,-0.36
district,Bagmati,Dhading,Male,12 Year,3278,7,1350,1765,0,0,0,0,99,21,0,0,0,35,0,0,1,0,0,0,95.24,1.07,95.24,1.07,95.49,1.02,-0.25,0.05
district,Bagmati,Dhading,Male,13 Year,3170,1,675,2318,0,0,1,3,108,39,0,2,0,23,0,0,0,0,0,0,94.48,0.73,94.48,0.73,95.96,0.79,-1.48,-0.06
district,Bagmati,Dhading,Male,14 Year,3280,3,284,2108,636,0,0,2,127,72,11,1,0,36,0,0,0,0,0,0,92.41,1.1,92.41,1.1,94.62,0.66,-2.21,0.44
district,Bagmati,Dhading,Male,15 Year,3126,0,3,1535,1182,0,25,1,215,96,23,1,2,42,0,0,0,0,0,1,87.81,1.34,87.81,1.34,90.66,1.27,-2.85,0.07
district,Bagmati,Dhading,Male,16 Year,2593,0,1,782,1305,0,15,0,201,199,41,3,0,46,0,0,0,0,0,0,81.1,1.77,81.1,1.77,85.56,1.25,-4.46,0.52
district,Bagmati,Dhading,Male,17 Year,1845,0,0,352,886,1,11,0,249,240,62,1,1,42,0,0,0,0,0,0,67.75,2.28,67.75,2.28,66.96,3.09,0.79,-0.81
district,Bagmati,Dhading,Male,18 Year,1789,0,0,200,589,0,9,1,366,392,158,4,2,67,0,0,0,0,0,1,44.61,3.75,44.61,3.75,45.03,5.04,-0.42,-1.29
district,Bagmati,Dhading,Male,19 Year,1226,0,0,80,223,0,6,0,304,385,152,5,1,70,0,0,0,0,0,0,25.2,5.71,25.2,5.71,24.8,5.94,0.4,-0.23
district,Bagmati,Dhading,Male,20 Year,1402,0,0,0,113,2,10,3,398,466,290,14,4,102,0,0,0,0,0,0,8.92,7.28,8.92,7.28,6.71,8.33,2.21,-1.05
district,Bagmati,Dhading,Male,21 Year,1229,0,0,0,44,0,9,3,332,457,287,11,2,84,0,0,0,0,0,0,4.31,6.83,4.31,6.83,3.73,9.19,0.58,-2.36
district,Bagmati,Dhading,Male,22 Year,1452,0,0,0,37,1,3,2,427,502,363,11,6,100,0,0,0,0,0,0,2.82,6.89,2.82,6.89,2.37,10.29,0.45,-3.4
district,Bagmati,Dhading,Male,23 Year,1291,0,0,0,19,1,0,1,382,454,327,9,4,94,0,0,0,0,0,0,1.55,7.28,1.55,7.28,1.35,10.1,0.2,-2.82
district,Bagmati,Dhading,Male,24 Year,1466,0,0,0,9,3,2,0,447,515,353,14,1,122,0,0,0,0,0,0,0.95,8.32,0.95,8.32,1.51,11.32,-0.56,-3.0
district,Bagmati,Dhading,Male,25 Year,1546,0,0,0,0,2,4,2,467,542,404,18,10,96,0,0,0,0,0,1,0.39,6.21,0.39,6.21,0.6,13.77,-0.21,-7.56
district,Bagmati,Dhading,Female,All Ages,47227,3790,15579,9774,5309,18,59,24,3569,4173,3063,94,33,1734,0,1,0,0,0,7,73.11,3.67,73.25,2.96,73.11,3.67,0.14,-0.71
district,Bagmati,Dhading,Female,5 Year,2575,2392,0,0,0,0,2,2,0,0,0,0,0,178,0,0,0,0,0,1,92.97,6.91,93.07,6.79,92.97,6.91,0.1,-0.12
district,Bagmati,Dhading,Female,6 Year,2867,971,1782,0,0,0,0,2,3,0,0,0,0,109,0,0,0,0,0,0,96.02,3.8,96.17,3.69,96.02,3.8,0.15,-0.11
district,Bagmati,Dhading,Female,7 Year,2546,284,2210,0,0,0,0,0,7,0,0,0,0,44,0,1,0,0,0,0,97.96,1.73,97.77,2.04,97.96,1.73,-0.19,0.31
district,Bagmati,Dhading,Female,8 Year,2663,90,2531,0,0,1,0,1,5,0,0,0,3,32,0,0,0,0,0,0,98.46,1.2,98.29,1.46,98.46,1.2,-0.17,0.26
district,Bagmati,Dhading,Female,9 Year,2771,39,2694,0,0,0,1,0,7,0,0,0,0,30,0,0,0,0,0,0,98.66,1.08,98.32,0.97,98.66,1.08,-0.34,-0.11
district,Bagmati,Dhading,Female,10 Year,3009,8,2767,0,0,0,0,5,205,0,0,0,0,23,0,0,0,0,0,1,92.22,0.76,88.4,1.11,92.22,0.76,-3.82,0.35
district,Bagmati,Dhading,Female,11 Year,2762,2,1711,914,0,0,0,0,93,9,0,0,1,32,0,0,0,0,0,0,95.11,1.16,94.59,0.8,95.11,1.16,-0.52,-0.36
district,Bagmati,Dhading,Female,12 Year,3124,2,1127,1854,0,0,0,3,85,19,0,0,1,32,0,0,0,0,0,1,95.49,1.02,95.24,1.07,95.49,1.02,-0.25,0.05
district,Bagmati,Dhading,Female,13 Year,3042,1,504,2414,0,0,0,1,67,31,0,0,0,24,0,0,0,0,0,0,95.96,0.79,94.48,0.73,95.96,0.79,-1.48,-0.06
district,Bagmati,Dhading,Female,14 Year,3310,1,251,2052,828,0,0,0,83,57,14,1,0,22,0,0,0,0,0,1,94.62,0.66,92.41,1.1,94.62,0.66,-2.21,0.44
district,Bagmati,Dhading,Female,15 Year,3061,0,1,1389,1375,0,10,0,120,87,40,0,0,39,0,0,0,0,0,0,90.66,1.27,87.81,1.34,90.66,1.27,-2.85,0.07
district,Bagmati,Dhading,Female,16 Year,2396,0,1,695,1341,1,12,1,142,121,49,1,1,30,0,0,0,0,0,1,85.56,1.25,81.1,1.77,85.56,1.25,-4.46,0.52
district,Bagmati,Dhading,Female,17 Year,1586,0,0,248,812,0,2,1,164,193,113,4,0,49,0,0,0,0,0,0,66.96,3.09,67.75,2.28,66.96,3.09,0.79,-0.81
district,Bagmati,Dhading,Female,18 Year,1548,0,0,150,541,0,6,0,229,337,201,3,2,78,0,0,0,0,0,1,45.03,5.04,44.61,3.75,45.03,5.04,-0.42,-1.29
district,Bagmati,Dhading,Female,19 Year,1145,0,0,58,223,1,2,1,216,322,248,6,0,68,0,0,0,0,0,0,24.8,5.94,25.2,5.71,24.8,5.94,0.4,-0.23
district,Bagmati,Dhading,Female,20 Year,1476,0,0,0,92,0,7,1,353,528,360,10,2,123,0,0,0,0,0,0,6.71,8.33,8.92,7.28,6.71,8.33,2.21,-1.05
district,Bagmati,Dhading,Female,21 Year,1099,0,0,0,38,1,2,1,285,357,306,7,1,101,0,0,0,0,0,0,3.73,9.19,4.31,6.83,3.73,9.19,0.58,-2.36
district,Bagmati,Dhading,Female,22 Year,1477,0,0,0,27,3,5,1,361,508,403,16,1,152,0,0,0,0,0,0,2.37,10.29,2.82,6.89,2.37,10.29,0.45,-3.4
district,Bagmati,Dhading,Female,23 Year,1406,0,0,0,16,0,3,0,340,486,398,14,6,142,0,0,0,0,0,1,1.35,10.1,1.55,7.28,1.35,10.1,0.2,-2.82
district,Bagmati,Dhading,Female,24 Year,1519,0,0,0,15,5,3,2,344,523,430,17,8,172,0,0,0,0,0,0,1.51,11.32,0.95,8.32,1.51,11.32,-0.56,-3.0
district,Bagmati,Dhading,Female,25 Year,1845,0,0,0,1,6,4,2,460,595,501,15,7,254,0,0,0,0,0,0,0.6,13.77,0.39,6.21,0.6,13.77,-0.21,-7.56
district,Bagmati,Nuwakot,Total,All Ages,75013,6310,25408,14870,7675,53,78,39,5472,6632,5539,103,69,2750,0,0,0,0,1,14,72.51,3.67,72.14,3.28,72.89,4.05,-0.75,-0.77
district,Bagmati,Nuwakot,Total,5 Year,4188,3858,0,0,0,0,2,9,0,0,0,1,0,312,0,0,0,0,0,6,92.17,7.45,91.91,7.64,92.45,7.25,-0.54,0.39
district,Bagmati,Nuwakot,Total,6 Year,4518,1605,2790,0,0,0,0,2,2,0,0,0,1,114,0,0,0,0,0,4,97.28,2.52,97.65,2.26,96.89,2.79,0.76,-0.53
district,Bagmati,Nuwakot,Total,7 Year,4151,566,3503,0,0,0,1,0,4,0,0,0,1,76,0,0,0,0,0,0,98.05,1.83,98.03,1.88,98.07,1.78,-0.04,0.1
district,Bagmati,Nuwakot,Total,8 Year,4352,192,4111,0,0,0,0,0,8,0,0,0,0,41,0,0,0,0,0,0,98.87,0.94,98.75,1.21,99.0,0.68,-0.25,0.53
district,Bagmati,Nuwakot,Total,9 Year,4466,61,4338,0,0,1,0,0,12,0,0,1,0,53,0,0,0,0,0,0,98.52,1.19,98.27,1.28,98.78,1.09,-0.51,0.19
district,Bagmati,Nuwakot,Total,10 Year,4914,10,4444,0,0,0,0,4,403,0,0,1,0,51,0,0,0,0,0,1,90.64,1.04,89.83,0.92,91.48,1.16,-1.65,-0.24
district,Bagmati,Nuwakot,Total,11 Year,4264,8,2887,1110,0,0,0,0,196,14,0,0,0,49,0,0,0,0,0,0,93.93,1.15,93.44,1.44,94.42,0.85,-0.98,0.59
district,Bagmati,Nuwakot,Total,12 Year,4932,5,1990,2745,0,0,1,0,115,26,0,0,1,49,0,0,0,0,0,0,96.13,0.99,96.0,1.15,96.25,0.84,-0.25,0.31
district,Bagmati,Nuwakot,Total,13 Year,4748,2,939,3599,0,0,0,3,111,58,0,0,1,35,0,0,0,0,0,0,95.62,0.74,95.46,0.64,95.78,0.84,-0.32,-0.2
district,Bagmati,Nuwakot,Total,14 Year,4819,3,406,3182,974,0,0,1,125,72,17,0,0,39,0,0,0,0,0,0,94.73,0.81,93.67,0.96,95.78,0.66,-2.11,0.3
district,Bagmati,Nuwakot,Total,15 Year,4616,0,0,2217,1891,3,25,1,222,165,43,1,0,48,0,0,0,0,0,0,89.6,1.04,87.56,0.95,91.64,1.13,-4.08,-0.18
district,Bagmati,Nuwakot,Total,16 Year,3817,0,0,1120,2024,2,11,1,250,246,81,1,0,81,0,0,0,0,0,0,82.71,2.12,79.72,2.43,85.92,1.79,-6.2,0.64
district,Bagmati,Nuwakot,Total,17 Year,2634,0,0,500,1287,2,8,1,250,348,156,5,1,76,0,0,0,0,0,0,68.22,2.89,66.27,2.88,70.29,2.89,-4.02,-0.01
district,Bagmati,Nuwakot,Total,18 Year,2634,0,0,294,874,5,4,2,394,606,330,5,5,115,0,0,0,0,0,0,44.68,4.37,45.26,3.97,44.0,4.83,1.26,-0.86
district,Bagmati,Nuwakot,Total,19 Year,1752,0,0,103,295,2,4,2,305,526,394,8,2,110,0,0,0,0,0,1,23.06,6.28,23.46,4.82,22.62,7.86,0.84,-3.04
district,Bagmati,Nuwakot,Total,20 Year,2443,0,0,0,163,5,7,4,500,837,686,12,6,222,0,0,0,0,0,1,7.16,9.09,7.3,7.7,7.02,10.54,0.28,-2.84
district,Bagmati,Nuwakot,Total,21 Year,2083,0,0,0,60,3,2,3,410,730,693,7,14,161,0,0,0,0,0,0,3.12,7.73,3.24,6.39,2.99,9.17,0.25,-2.78
district,Bagmati,Nuwakot,Total,22 Year,2429,0,0,0,43,8,3,0,538,796,782,14,11,234,0,0,0,0,0,0,2.22,9.63,2.33,8.43,2.11,10.9,0.22,-2.47
district,Bagmati,Nuwakot,Total,23 Year,2115,0,0,0,31,5,3,2,460,680,706,13,9,206,0,0,0,0,0,0,1.84,9.74,2.15,8.02,1.56,11.36,0.59,-3.34
district,Bagmati,Nuwakot,Total,24 Year,2462,0,0,0,33,6,3,1,531,781,773,18,8,306,0,0,0,0,1,1,1.71,12.43,1.72,10.09,1.69,14.52,0.03,-4.43
district,Bagmati,Nuwakot,Total,25 Year,2676,0,0,0,0,11,4,3,636,747,878,16,9,372,0,0,0,0,0,0,0.56,13.9,0.55,10.28,0.57,17.15,-0.02,-6.87
district,Bagmati,Nuwakot,Male,All Ages,37815,3372,12782,7393,3667,19,48,21,3015,3579,2592,46,31,1242,0,0,0,0,1,7,72.14,3.28,72.14,3.28,72.89,4.05,-0.75,-0.77
district,Bagmati,Nuwakot,Male,5 Year,2187,2010,0,0,0,0,0,5,0,0,0,0,0,167,0,0,0,0,0,5,91.91,7.64,91.91,7.64,92.45,7.25,-0.54,0.39
district,Bagmati,Nuwakot,Male,6 Year,2296,875,1367,0,0,0,0,1,0,0,0,0,0,52,0,0,0,0,0,1,97.65,2.26,97.65,2.26,96.89,2.79,0.76,-0.53
district,Bagmati,Nuwakot,Male,7 Year,2076,318,1717,0,0,0,0,0,2,0,0,0,0,39,0,0,0,0,0,0,98.03,1.88,98.03,1.88,98.07,1.78,-0.04,0.1
district,Bagmati,Nuwakot,Male,8 Year,2152,124,2001,0,0,0,0,0,1,0,0,0,0,26,0,0,0,0,0,0,98.75,1.21,98.75,1.21,99.0,0.68,-0.25,0.53
district,Bagmati,Nuwakot,Male,9 Year,2258,33,2186,0,0,0,0,0,9,0,0,1,0,29,0,0,0,0,0,0,98.27,1.28,98.27,1.28,98.78,1.09,-0.51,0.19
district,Bagmati,Nuwakot,Male,10 Year,2507,3,2249,0,0,0,0,1,229,0,0,1,0,23,0,0,0,0,0,1,89.83,0.92,89.83,0.92,91.48,1.16,-1.65,-0.24
district,Bagmati,Nuwakot,Male,11 Year,2148,3,1493,511,0,0,0,0,104,6,0,0,0,31,0,0,0,0,0,0,93.44,1.44,93.44,1.44,94.42,0.85,-0.98,0.59
district,Bagmati,Nuwakot,Male,12 Year,2427,3,1050,1277,0,0,0,0,54,15,0,0,0,28,0,0,0,0,0,0,96.0,1.15,96.0,1.15,96.25,0.84,-0.25,0.31
district,Bagmati,Nuwakot,Male,13 Year,2356,2,497,1750,0,0,0,1,58,32,0,0,1,15,0,0,0,0,0,0,95.46,0.64,95.46,0.64,95.78,0.84,-0.32,-0.2
district,Bagmati,Nuwakot,Male,14 Year,2402,1,222,1590,437,0,0,1,76,44,8,0,0,23,0,0,0,0,0,0,93.67,0.96,93.67,0.96,95.78,0.66,-2.11,0.3
district,Bagmati,Nuwakot,Male,15 Year,2308,0,0,1155,846,2,18,0,132,110,22,1,0,22,0,0,0,0,0,0,87.56,0.95,87.56,0.95,91.64,1.13,-4.08,-0.18
district,Bagmati,Nuwakot,Male,16 Year,1977,0,0,593,974,0,9,1,157,154,41,0,0,48,0,0,0,0,0,0,79.72,2.43,79.72,2.43,85.92,1.79,-6.2,0.64
district,Bagmati,Nuwakot,Male,17 Year,1355,0,0,279,613,2,4,1,150,200,64,2,1,39,0,0,0,0,0,0,66.27,2.88,66.27,2.88,70.29,2.89,-4.02,-0.01
district,Bagmati,Nuwakot,Male,18 Year,1434,0,0,174,470,2,3,2,242,337,142,1,4,57,0,0,0,0,0,0,45.26,3.97,45.26,3.97,44.0,4.83,1.26,-0.86
district,Bagmati,Nuwakot,Male,19 Year,912,0,0,64,147,1,2,2,181,271,194,5,1,44,0,0,0,0,0,0,23.46,4.82,23.46,4.82,22.62,7.86,0.84,-3.04
district,Bagmati,Nuwakot,Male,20 Year,1247,0,0,0,86,1,4,3,273,451,326,3,4,96,0,0,0,0,0,0,7.3,7.7,7.3,7.7,7.02,10.54,0.28,-2.84
district,Bagmati,Nuwakot,Male,21 Year,1080,0,0,0,31,2,2,2,225,401,339,3,6,69,0,0,0,0,0,0,3.24,6.39,3.24,6.39,2.99,9.17,0.25,-2.78
district,Bagmati,Nuwakot,Male,22 Year,1245,0,0,0,25,2,2,0,272,439,384,9,7,105,0,0,0,0,0,0,2.33,8.43,2.33,8.43,2.11,10.9,0.22,-2.47
district,Bagmati,Nuwakot,Male,23 Year,1023,0,0,0,19,1,2,0,237,340,334,6,2,82,0,0,0,0,0,0,2.15,8.02,2.15,8.02,1.56,11.36,0.59,-3.34
district,Bagmati,Nuwakot,Male,24 Year,1160,0,0,0,19,1,0,0,276,398,337,9,2,117,0,0,0,0,1,0,1.72,10.09,1.72,10.09,1.69,14.52,0.03,-4.43
district,Bagmati,Nuwakot,Male,25 Year,1265,0,0,0,0,5,2,1,337,381,401,5,3,130,0,0,0,0,0,0,0.55,10.28,0.55,10.28,0.57,17.15,-0.02,-6.87
district,Bagmati,Nuwakot,Female,All Ages,37198,2938,12626,7477,4008,34,30,18,2457,3053,2947,57,38,1508,0,0,0,0,0,7,72.89,4.05,72.14,3.28,72.89,4.05,-0.75,-0.77
district,Bagmati,Nuwakot,Female,5 Year,2001,1848,0,0,0,0,2,4,0,0,0,1,0,145,0,0,0,0,0,1,92.45,7.25,91.91,7.64,92.45,7.25,-0.54,0.39
district,Bagmati,Nuwakot,Female,6 Year,2222,730,1423,0,0,0,0,1,2,0,0,0,1,62,0,0,0,0,0,3,96.89,2.79,97.65,2.26,96.89,2.79,0.76,-0.53
district,Bagmati,Nuwakot,Female,7 Year,2075,248,1786,0,0,0,1,0,2,0,0,0,1,37,0,0,0,0,0,0,98.07,1.78,98.03,1.88,98.07,1.78,-0.04,0.1
district,Bagmati,Nuwakot,Female,8 Year,2200,68,2110,0,0,0,0,0,7,0,0,0,0,15,0,0,0,0,0,0,99.0,0.68,98.75,1.21,99.0,0.68,-0.25,0.53
district,Bagmati,Nuwakot,Female,9 Year,2208,28,2152,0,0,1,0,0,3,0,0,0,0,24,0,0,0,0,0,0,98.78,1.09,98.27,1.28,98.78,1.09,-0.51,0.19
district,Bagmati,Nuwakot,Female,10 Year,2407,7,2195,0,0,0,0,3,174,0,0,0,0,28,0,0,0,0,0,0,91.48,1.16,89.83,0.92,91.48,1.16,-1.65,-0.24
district,Bagmati,Nuwakot,Female,11 Year,2116,5,1394,599,0,0,0,0,92,8,0,0,0,18,0,0,0,0,0,0,94.42,0.85,93.44,1.44,94.42,0.85,-0.98,0.59
district,Bagmati,Nuwakot,Female,12 Year,2505,2,940,1468,0,0,1,0,61,11,0,0,1,21,0,0,0,0,0,0,96.25,0.84,96.0,1.15,96.25,0.84,-0.25,0.31
district,Bagmati,Nuwakot,Female,13 Year,2392,0,442,1849,0,0,0,2,53,26,0,0,0,20,0,0,0,0,0,0,95.78,0.84,95.46,0.64,95.78,0.84,-0.32,-0.2
district,Bagmati,Nuwakot,Female,14 Year,2417,2,184,1592,537,0,0,0,49,28,9,0,0,16,0,0,0,0,0,0,95.78,0.66,93.67,0.96,95.78,0.66,-2.11,0.3
district,Bagmati,Nuwakot,Female,15 Year,2308,0,0,1062,1045,1,7,1,90,55,21,0,0,26,0,0,0,0,0,0,91.64,1.13,87.56,0.95,91.64,1.13,-4.08,-0.18
district,Bagmati,Nuwakot,Female,16 Year,1840,0,0,527,1050,2,2,0,93,92,40,1,0,33,0,0,0,0,0,0,85.92,1.79,79.72,2.43,85.92,1.79,-6.2,0.64
district,Bagmati,Nuwakot,Female,17 Year,1279,0,0,221,674,0,4,0,100,148,92,3,0,37,0,0,0,0,0,0,70.29,2.89,66.27,2.88,70.29,2.89,-4.02,-0.01
district,Bagmati,Nuwakot,Female,18 Year,1200,0,0,120,404,3,1,0,152,269,188,4,1,58,0,0,0,0,0,0,44.0,4.83,45.26,3.97,44.0,4.83,1.26,-0.86
district,Bagmati,Nuwakot,Female,19 Year,840,0,0,39,148,1,2,0,124,255,200,3,1,66,0,0,0,0,0,1,22.62,7.86,23.46,4.82,22.62,7.86,0.84,-3.04
district,Bagmati,Nuwakot,Female,20 Year,1196,0,0,0,77,4,3,1,227,386,360,9,2,126,0,0,0,0,0,1,7.02,10.54,7.3,7.7,7.02,10.54,0.28,-2.84
district,Bagmati,Nuwakot,Female,21 Year,1003,0,0,0,29,1,0,1,185,329,354,4,8,92,0,0,0,0,0,0,2.99,9.17,3.24,6.39,2.99,9.17,0.25,-2.78
district,Bagmati,Nuwakot,Female,22 Year,1184,0,0,0,18,6,1,0,266,357,398,5,4,129,0,0,0,0,0,0,2.11,10.9,2.33,8.43,2.11,10.9,0.22,-2.47
district,Bagmati,Nuwakot,Female,23 Year,1092,0,0,0,12,4,1,2,223,340,372,7,7,124,0,0,0,0,0,0,1.56,11.36,2.15,8.02,1.56,11.36,0.59,-3.34
district,Bagmati,Nuwakot,Female,24 Year,1302,0,0,0,14,5,3,1,255,383,436,9,6,189,0,0,0,0,0,1,1.69,14.52,1.72,10.09,1.69,14.52,0.03,-4.43
district,Bagmati,Nuwakot,Female,25 Year,1411,0,0,0,0,6,2,2,299,366,477,11,6,242,0,0,0,0,0,0,0.57,17.15,0.55,10.28,0.57,17.15,-0.02,-6.87
district,Bagmati,Kathmandu,Total,All Ages,404865,47648,147396,89014,45661,3251,508,494,17299,24196,17355,681,388,10937,1,1,0,0,3,32,82.37,2.7,82.52,2.49,82.19,2.95,0.33,-0.46
district,Bagmati,Kathmandu,Total,5 Year,26916,25752,0,0,0,57,11,162,0,0,0,7,5,903,1,0,0,0,0,18,95.93,3.35,95.9,3.34,95.96,3.37,-0.06,-0.03
district,Bagmati,Kathmandu,Total,6 Year,28120,15116,12341,0,0,40,12,71,91,0,0,2,3,438,0,0,0,0,0,6,97.83,1.56,97.59,1.75,98.11,1.33,-0.52,0.42
district,Bagmati,Kathmandu,Total,7 Year,27128,4800,21914,0,0,41,3,22,121,0,0,3,0,219,0,0,0,0,1,4,98.64,0.81,98.57,0.82,98.72,0.79,-0.15,0.03
district,Bagmati,Kathmandu,Total,8 Year,28632,1254,26893,0,0,85,10,9,162,0,0,4,2,213,0,0,0,0,0,0,98.64,0.74,98.63,0.75,98.65,0.74,-0.02,0.01
district,Bagmati,Kathmandu,Total,9 Year,27316,433,26395,0,0,115,7,10,186,0,0,1,2,166,0,1,0,0,0,0,98.66,0.61,98.66,0.62,98.66,0.59,0.0,0.03
district,Bagmati,Kathmandu,Total,10 Year,30064,115,27702,0,0,156,9,52,1843,0,0,2,2,182,0,0,0,0,1,0,93.07,0.61,93.0,0.55,93.16,0.67,-0.16,-0.12
district,Bagmati,Kathmandu,Total,11 Year,26648,66,17410,8078,0,202,9,21,678,47,0,2,4,131,0,0,0,0,0,0,96.69,0.49,96.6,0.48,96.79,0.5,-0.19,-0.02
district,Bagmati,Kathmandu,Total,12 Year,30412,44,9464,19839,0,217,17,21,457,154,0,5,7,187,0,0,0,0,0,0,97.27,0.61,97.04,0.63,97.54,0.6,-0.5,0.03
district,Bagmati,Kathmandu,Total,13 Year,29843,24,3417,25424,0,236,18,16,336,203,0,6,1,161,0,0,0,0,1,0,97.57,0.54,97.34,0.52,97.85,0.56,-0.51,-0.04
district,Bagmati,Kathmandu,Total,14 Year,31452,18,1485,19985,8694,257,12,17,355,296,73,10,9,241,0,0,0,0,0,0,96.82,0.77,96.48,0.69,97.21,0.86,-0.73,-0.17
district,Bagmati,Kathmandu,Total,15 Year,26979,13,161,9324,15649,277,84,6,559,438,174,10,7,277,0,0,0,0,0,0,94.55,1.03,93.77,1.04,95.48,1.01,-1.71,0.03
district,Bagmati,Kathmandu,Total,16 Year,16762,2,90,3616,10599,269,48,12,683,790,298,16,6,333,0,0,0,0,0,0,87.24,1.99,85.9,2.01,89.02,1.95,-3.12,0.06
district,Bagmati,Kathmandu,Total,17 Year,9220,2,50,1438,4860,194,35,9,650,1124,456,15,6,381,0,0,0,0,0,0,71.36,4.13,69.01,4.37,74.73,3.78,-5.72,0.59
district,Bagmati,Kathmandu,Total,18 Year,9016,7,48,918,3020,188,31,12,1149,1945,964,49,19,665,0,0,0,0,0,1,46.72,7.38,44.6,7.34,49.9,7.42,-5.3,-0.08
district,Bagmati,Kathmandu,Total,19 Year,6019,2,25,388,1058,195,29,4,898,1788,1110,29,14,479,0,0,0,0,0,0,28.19,7.96,28.99,7.87,27.11,8.08,1.88,-0.21
district,Bagmati,Kathmandu,Total,20 Year,7600,0,0,2,662,158,50,6,1337,2694,1814,49,33,794,0,0,0,0,0,1,11.47,10.45,12.0,9.68,10.79,11.46,1.21,-1.78
district,Bagmati,Kathmandu,Total,21 Year,6320,0,0,1,310,126,24,8,1094,2295,1678,54,43,687,0,0,0,0,0,0,7.29,10.87,7.82,9.89,6.67,12.03,1.15,-2.14
district,Bagmati,Kathmandu,Total,22 Year,8221,0,1,0,271,126,26,8,1491,2912,2293,110,41,942,0,0,0,0,0,0,5.16,11.46,5.41,9.91,4.88,13.14,0.53,-3.23
district,Bagmati,Kathmandu,Total,23 Year,8352,0,0,1,206,110,17,9,1500,2933,2484,83,44,964,0,0,0,0,0,1,4.0,11.54,5.19,9.76,2.82,13.31,2.37,-3.55
district,Bagmati,Kathmandu,Total,24 Year,8823,0,0,0,160,108,26,8,1660,3029,2713,88,57,974,0,0,0,0,0,0,3.33,11.04,3.58,10.25,3.09,11.82,0.49,-1.57
district,Bagmati,Kathmandu,Total,25 Year,11022,0,0,0,172,94,30,11,2049,3548,3298,136,83,1600,0,0,0,0,0,1,2.69,14.52,2.98,12.13,2.42,16.7,0.56,-4.57
district,Bagmati,Kathmandu,Male,All Ages,220033,26449,80328,47722,24315,2437,314,290,10071,13896,8122,368,214,5481,1,1,0,0,3,21,82.52,2.49,82.52,2.49,82.19,2.95,0.33,-0.46
district,Bagmati,Kathmandu,Male,5 Year,14607,13967,0,0,0,34,7,95,0,0,0,4,2,488,1,0,0,0,0,9,95.9,3.34,95.9,3.34,95.96,3.37,-0.06,-0.03
district,Bagmati,Kathmandu,Male,6 Year,15406,8558,6454,0,0,16,7,43,50,0,0,1,3,269,0,0,0,0,0,5,97.59,1.75,97.59,1.75,98.11,1.33,-0.52,0.42
district,Bagmati,Kathmandu,Male,7 Year,14636,2773,11624,0,0,28,1,12,71,0,0,3,0,120,0,0,0,0,1,3,98.57,0.82,98.57,0.82,98.72,0.79,-0.15,0.03
district,Bagmati,Kathmandu,Male,8 Year,15643,724,14635,0,0,63,6,7,86,0,0,3,2,117,0,0,0,0,0,0,98.63,0.75,98.63,0.75,98.65,0.74,-0.02,0.01
district,Bagmati,Kathmandu,Male,9 Year,14994,250,14463,0,0,75,5,5,99,0,0,1,2,93,0,1,0,0,0,0,98.66,0.62,98.66,0.62,98.66,0.59,0.0,0.03
district,Bagmati,Kathmandu,Male,10 Year,16567,73,15195,0,0,134,6,32,1033,0,0,2,0,91,0,0,0,0,1,0,93.0,0.55,93.0,0.55,93.16,0.67,-0.16,-0.12
district,Bagmati,Kathmandu,Male,11 Year,14367,39,9531,4131,0,169,8,12,382,24,0,1,1,69,0,0,0,0,0,0,96.6,0.48,96.6,0.48,96.79,0.5,-0.19,-0.02
district,Bagmati,Kathmandu,Male,12 Year,16523,24,5397,10410,0,187,16,14,271,92,0,5,3,104,0,0,0,0,0,0,97.04,0.63,97.04,0.63,97.54,0.6,-0.5,0.03
district,Bagmati,Kathmandu,Male,13 Year,16002,14,1931,13426,0,190,15,10,223,103,0,5,1,83,0,0,0,0,1,0,97.34,0.52,97.34,0.52,97.85,0.56,-0.51,-0.04
district,Bagmati,Kathmandu,Male,14 Year,16867,10,856,10883,4300,214,10,13,217,198,38,7,5,116,0,0,0,0,0,0,96.48,0.69,96.48,0.69,97.21,0.86,-0.73,-0.17
district,Bagmati,Kathmandu,Male,15 Year,14711,7,89,5260,8151,241,47,2,356,301,89,9,6,153,0,0,0,0,0,0,93.77,1.04,93.77,1.04,95.48,1.01,-1.71,0.03
district,Bagmati,Kathmandu,Male,16 Year,9530,1,58,2073,5792,225,37,7,438,525,168,10,4,192,0,0,0,0,0,0,85.9,2.01,85.9,2.01,89.02,1.95,-3.12,0.06
district,Bagmati,Kathmandu,Male,17 Year,5441,2,42,785,2762,145,19,7,452,727,246,12,4,238,0,0,0,0,0,0,69.01,4.37,69.01,4.37,74.73,3.78,-5.72,0.59
district,Bagmati,Kathmandu,Male,18 Year,5419,5,36,510,1708,142,16,5,782,1263,510,32,11,398,0,0,0,0,0,1,44.6,7.34,44.6,7.34,49.9,7.42,-5.3,-0.08
district,Bagmati,Kathmandu,Male,19 Year,3470,2,16,241,592,138,17,1,569,1051,540,22,8,273,0,0,0,0,0,0,28.99,7.87,28.99,7.87,27.11,8.08,1.88,-0.21
district,Bagmati,Kathmandu,Male,20 Year,4310,0,0,2,389,99,27,3,823,1596,911,23,19,417,0,0,0,0,0,1,12.0,9.68,12.0,9.68,10.79,11.46,1.21,-1.78
district,Bagmati,Kathmandu,Male,21 Year,3428,0,0,0,178,76,14,2,639,1315,813,24,28,339,0,0,0,0,0,0,7.82,9.89,7.82,9.89,6.67,12.03,1.15,-2.14
district,Bagmati,Kathmandu,Male,22 Year,4287,0,1,0,141,74,16,3,853,1641,1053,57,23,425,0,0,0,0,0,0,5.41,9.91,5.41,9.91,4.88,13.14,0.53,-3.23
district,Bagmati,Kathmandu,Male,23 Year,4161,0,0,1,133,70,12,5,805,1570,1087,46,25,406,0,0,0,0,0,1,5.19,9.76,5.19,9.76,2.82,13.31,2.37,-3.55
district,Bagmati,Kathmandu,Male,24 Year,4389,0,0,0,83,64,10,5,894,1631,1179,44,29,450,0,0,0,0,0,0,3.58,10.25,3.58,10.25,3.09,11.82,0.49,-1.57
district,Bagmati,Kathmandu,Male,25 Year,5275,0,0,0,86,53,18,7,1028,1859,1488,57,38,640,0,0,0,0,0,1,2.98,12.13,2.98,12.13,2.42,16.7,0.56,-4.57
district,Bagmati,Kathmandu,Female,All Ages,184832,21199,67068,41292,21346,814,194,204,7228,10300,9233,313,174,5456,0,0,0,0,0,11,82.19,2.95,82.52,2.49,82.19,2.95,0.33,-0.46
district,Bagmati,Kathmandu,Female,5 Year,12309,11785,0,0,0,23,4,67,0,0,0,3,3,415,0,0,0,0,0,9,95.96,3.37,95.9,3.34,95.96,3.37,-0.06,-0.03
district,Bagmati,Kathmandu,Female,6 Year,12714,6558,5887,0,0,24,5,28,41,0,0,1,0,169,0,0,0,0,0,1,98.11,1.33,97.59,1.75,98.11,1.33,-0.52,0.42
district,Bagmati,Kathmandu,Female,7 Year,12492,2027,10290,0,0,13,2,10,50,0,0,0,0,99,0,0,0,0,0,1,98.72,0.79,98.57,0.82,98.72,0.79,-0.15,0.03
district,Bagmati,Kathmandu,Female,8 Year,12989,530,12258,0,0,22,4,2,76,0,0,1,0,96,0,0,0,0,0,0,98.65,0.74,98.63,0.75,98.65,0.74,-0.02,0.01
district,Bagmati,Kathmandu,Female,9 Year,12322,183,11932,0,0,40,2,5,87,0,0,0,0,73,0,0,0,0,0,0,98.66,0.59,98.66,0.62,98.66,0.59,0.0,0.03
district,Bagmati,Kathmandu,Female,10 Year,13497,42,12507,0,0,22,3,20,810,0,0,0,2,91,0,0,0,0,0,0,93.16,0.67,93.0,0.55,93.16,0.67,-0.16,-0.12
district,Bagmati,Kathmandu,Female,11 Year,12281,27,7879,3947,0,33,1,9,296,23,0,1,3,62,0,0,0,0,0,0,96.79,0.5,96.6,0.48,96.79,0.5,-0.19,-0.02
district,Bagmati,Kathmandu,Female,12 Year,13889,20,4067,9429,0,30,1,7,186,62,0,0,4,83,0,0,0,0,0,0,97.54,0.6,97.04,0.63,97.54,0.6,-0.5,0.03
district,Bagmati,Kathmandu,Female,13 Year,13841,10,1486,11998,0,46,3,6,113,100,0,1,0,78,0,0,0,0,0,0,97.85,0.56,97.34,0.52,97.85,0.56,-0.51,-0.04
district,Bagmati,Kathmandu,Female,14 Year,14585,8,629,9102,4394,43,2,4,138,98,35,3,4,125,0,0,0,0,0,0,97.21,0.86,96.48,0.69,97.21,0.86,-0.73,-0.17
district,Bagmati,Kathmandu,Female,15 Year,12268,6,72,4064,7498,36,37,4,203,137,85,1,1,124,0,0,0,0,0,0,95.48,1.01,93.77,1.04,95.48,1.01,-1.71,0.03
district,Bagmati,Kathmandu,Female,16 Year,7232,1,32,1543,4807,44,11,5,245,265,130,6,2,141,0,0,0,0,0,0,89.02,1.95,85.9,2.01,89.02,1.95,-3.12,0.06
district,Bagmati,Kathmandu,Female,17 Year,3779,0,8,653,2098,49,16,2,198,397,210,3,2,143,0,0,0,0,0,0,74.73,3.78,69.01,4.37,74.73,3.78,-5.72,0.59
district,Bagmati,Kathmandu,Female,18 Year,3597,2,12,408,1312,46,15,7,367,682,454,17,8,267,0,0,0,0,0,0,49.9,7.42,44.6,7.34,49.9,7.42,-5.3,-0.08
district,Bagmati,Kathmandu,Female,19 Year,2549,0,9,147,466,57,12,3,329,737,570,7,6,206,0,0,0,0,0,0,27.11,8.08,28.99,7.87,27.11,8.08,1.88,-0.21
district,Bagmati,Kathmandu,Female,20 Year,3290,0,0,0,273,59,23,3,514,1098,903,26,14,377,0,0,0,0,0,0,10.79,11.46,12.0,9.68,10.79,11.46,1.21,-1.78
district,Bagmati,Kathmandu,Female,21 Year,2892,0,0,1,132,50,10,6,455,980,865,30,15,348,0,0,0,0,0,0,6.67,12.03,7.82,9.89,6.67,12.03,1.15,-2.14
district,Bagmati,Kathmandu,Female,22 Year,3934,0,0,0,130,52,10,5,638,1271,1240,53,18,517,0,0,0,0,0,0,4.88,13.14,5.41,9.91,4.88,13.14,0.53,-3.23
district,Bagmati,Kathmandu,Female,23 Year,4191,0,0,0,73,40,5,4,695,1363,1397,37,19,558,0,0,0,0,0,0,2.82,13.31,5.19,9.76,2.82,13.31,2.37,-3.55
district,Bagmati,Kathmandu,Female,24 Year,4434,0,0,0,77,44,16,3,766,1398,1534,44,28,524,0,0,0,0,0,0,3.09,11.82,3.58,10.25,3.09,11.82,0.49,-1.57
district,Bagmati,Kathmandu,Female,25 Year,5747,0,0,0,86,41,12,4,1021,1689,1810,79,45,960,0,0,0,0,0,0,2.42,16.7,2.98,12.13,2.42,16.7,0.56,-4.57
district,Bagmati,Bhaktapur,Total,All Ages,86598,10643,31976,18373,9612,64,216,55,3992,5302,4225,116,85,1934,0,1,0,0,1,3,81.85,2.23,82.03,2.01,81.64,2.49,0.39,-0.48
district,Bagmati,Bhaktapur,Total,5 Year,5991,5756,0,0,0,0,0,10,0,0,0,0,4,221,0,0,0,0,0,0,96.08,3.69,96.15,3.61,95.98,3.79,0.17,-0.18
district,Bagmati,Bhaktapur,Total,6 Year,6246,3452,2676,0,0,2,0,8,15,0,0,0,6,86,0,0,0,0,0,1,98.14,1.38,98.04,1.58,98.27,1.14,-0.23,0.44
district,Bagmati,Bhaktapur,Total,7 Year,5969,1041,4851,0,0,2,0,0,9,0,0,0,3,63,0,0,0,0,0,0,98.74,1.06,98.77,1.08,98.71,1.03,0.06,0.05
district,Bagmati,Bhaktapur,Total,8 Year,5896,276,5552,0,0,3,1,0,16,0,0,2,1,44,0,1,0,0,0,0,98.91,0.75,98.96,0.64,98.85,0.88,0.11,-0.24
district,Bagmati,Bhaktapur,Total,9 Year,6078,78,5922,0,0,0,0,0,27,0,0,1,5,45,0,0,0,0,0,0,98.72,0.74,98.58,0.75,98.88,0.72,-0.3,0.03
district,Bagmati,Bhaktapur,Total,10 Year,6418,12,5854,0,0,0,0,5,498,0,0,0,4,44,0,0,0,0,0,1,91.4,0.69,91.44,0.53,91.35,0.88,0.09,-0.35
district,Bagmati,Bhaktapur,Total,11 Year,5752,7,4015,1483,0,0,0,3,188,11,0,0,2,43,0,0,0,0,0,0,95.71,0.75,95.4,0.67,96.07,0.84,-0.67,-0.17
district,Bagmati,Bhaktapur,Total,12 Year,6524,9,2148,4115,0,1,0,9,123,55,0,0,1,63,0,0,0,0,0,0,96.15,0.97,95.95,1.27,96.38,0.62,-0.43,0.65
district,Bagmati,Bhaktapur,Total,13 Year,6180,8,661,5311,0,1,1,2,99,73,0,0,0,24,0,0,0,0,0,0,96.8,0.39,96.55,0.34,97.08,0.45,-0.53,-0.11
district,Bagmati,Bhaktapur,Total,14 Year,6248,4,292,4258,1463,1,1,1,92,77,23,0,1,35,0,0,0,0,0,0,96.33,0.56,95.49,0.75,97.3,0.34,-1.81,0.41
district,Bagmati,Bhaktapur,Total,15 Year,5677,0,2,1977,3263,7,55,1,143,119,53,2,1,53,0,0,0,0,0,1,93.43,0.93,92.64,0.84,94.37,1.04,-1.73,-0.2
district,Bagmati,Bhaktapur,Total,16 Year,3565,0,1,680,2431,5,26,1,139,162,71,0,0,49,0,0,0,0,0,0,88.16,1.37,86.82,1.24,89.92,1.55,-3.1,-0.31
district,Bagmati,Bhaktapur,Total,17 Year,2172,0,1,274,1273,3,22,0,154,266,113,3,1,62,0,0,0,0,0,0,72.42,2.85,70.89,2.49,74.49,3.35,-3.6,-0.86
district,Bagmati,Bhaktapur,Total,18 Year,1779,0,0,198,624,2,14,1,237,392,208,1,1,101,0,0,0,0,0,0,47.11,5.68,45.56,5.71,49.44,5.63,-3.88,0.08
district,Bagmati,Bhaktapur,Total,19 Year,1266,0,1,77,267,6,13,2,174,397,254,3,2,70,0,0,0,0,0,0,28.75,5.53,30.91,5.03,25.95,6.17,4.96,-1.14
district,Bagmati,Bhaktapur,Total,20 Year,1581,0,0,0,126,8,27,3,263,564,432,15,1,142,0,0,0,0,0,0,10.18,8.98,9.99,8.29,10.43,9.86,-0.44,-1.57
district,Bagmati,Bhaktapur,Total,21 Year,1363,0,0,0,61,4,9,1,259,501,412,12,7,97,0,0,0,0,0,0,5.43,7.12,5.69,5.3,5.08,9.49,0.61,-4.19
district,Bagmati,Bhaktapur,Total,22 Year,1723,0,0,0,46,5,17,2,329,604,533,18,10,159,0,0,0,0,0,0,3.95,9.23,4.15,8.31,3.71,10.27,0.44,-1.96
district,Bagmati,Bhaktapur,Total,23 Year,1681,0,0,0,31,4,10,1,312,619,566,7,11,120,0,0,0,0,0,0,2.68,7.14,3.19,6.0,2.2,8.21,0.99,-2.21
district,Bagmati,Bhaktapur,Total,24 Year,2075,0,0,0,26,7,8,3,393,718,700,20,11,189,0,0,0,0,0,0,1.98,9.11,1.93,6.38,2.02,11.58,-0.09,-5.2
district,Bagmati,Bhaktapur,Total,25 Year,2414,0,0,0,1,3,12,2,522,744,860,32,13,224,0,0,0,0,1,0,0.66,9.28,0.42,7.67,0.9,10.84,-0.48,-3.17
district,Bagmati,Bhaktapur,Male,All Ages,46964,5948,17454,9850,5128,31,115,29,2255,3069,2040,52,46,946,0,1,0,0,0,0,82.03,2.01,82.03,2.01,81.64,2.49,0.39,-0.48
district,Bagmati,Bhaktapur,Male,5 Year,3328,3200,0,0,0,0,0,6,0,0,0,0,2,120,0,0,0,0,0,0,96.15,3.61,96.15,3.61,95.98,3.79,0.17,-0.18
district,Bagmati,Bhaktapur,Male,6 Year,3363,1895,1402,0,0,0,0,4,5,0,0,0,4,53,0,0,0,0,0,0,98.04,1.58,98.04,1.58,98.27,1.14,-0.23,0.44
district,Bagmati,Bhaktapur,Male,7 Year,3248,618,2590,0,0,0,0,0,2,0,0,0,3,35,0,0,0,0,0,0,98.77,1.08,98.77,1.08,98.71,1.03,0.06,0.05
district,Bagmati,Bhaktapur,Male,8 Year,3276,168,3071,0,0,3,0,0,9,0,0,2,1,21,0,1,0,0,0,0,98.96,0.64,98.96,0.64,98.85,0.88,0.11,-0.24
district,Bagmati,Bhaktapur,Male,9 Year,3312,45,3220,0,0,0,0,0,18,0,0,1,3,25,0,0,0,0,0,0,98.58,0.75,98.58,0.75,98.88,0.72,-0.3,0.03
district,Bagmati,Bhaktapur,Male,10 Year,3562,7,3250,0,0,0,0,3,282,0,0,0,1,19,0,0,0,0,0,0,91.44,0.53,91.44,0.53,91.35,0.88,0.09,-0.35
district,Bagmati,Bhaktapur,Male,11 Year,3131,5,2185,797,0,0,0,2,115,5,0,0,1,21,0,0,0,0,0,0,95.4,0.67,95.4,0.67,96.07,0.84,-0.67,-0.17
district,Bagmati,Bhaktapur,Male,12 Year,3454,4,1197,2112,0,1,0,5,62,29,0,0,0,44,0,0,0,0,0,0,95.95,1.27,95.95,1.27,96.38,0.62,-0.43,0.65
district,Bagmati,Bhaktapur,Male,13 Year,3272,3,376,2779,0,0,1,1,55,46,0,0,0,11,0,0,0,0,0,0,96.55,0.34,96.55,0.34,97.08,0.45,-0.53,-0.11
district,Bagmati,Bhaktapur,Male,14 Year,3325,3,160,2288,723,1,0,0,58,52,15,0,0,25,0,0,0,0,0,0,95.49,0.75,95.49,0.75,97.3,0.34,-1.81,0.41
district,Bagmati,Bhaktapur,Male,15 Year,3085,0,1,1138,1686,4,29,0,95,76,29,1,0,26,0,0,0,0,0,0,92.64,0.84,92.64,0.84,94.37,1.04,-1.73,-0.2
district,Bagmati,Bhaktapur,Male,16 Year,2018,0,0,398,1335,4,15,0,97,102,42,0,0,25,0,0,0,0,0,0,86.82,1.24,86.82,1.24,89.92,1.55,-3.1,-0.31
district,Bagmati,Bhaktapur,Male,17 Year,1247,0,1,165,703,2,13,0,99,177,53,2,1,31,0,0,0,0,0,0,70.89,2.49,70.89,2.49,74.49,3.35,-3.6,-0.86
district,Bagmati,Bhaktapur,Male,18 Year,1069,0,0,119,358,0,10,1,155,254,109,1,1,61,0,0,0,0,0,0,45.56,5.71,45.56,5.71,49.44,5.63,-3.88,0.08
district,Bagmati,Bhaktapur,Male,19 Year,715,0,1,54,156,2,8,0,101,232,121,2,2,36,0,0,0,0,0,0,30.91,5.03,30.91,5.03,25.95,6.17,4.96,-1.14
district,Bagmati,Bhaktapur,Male,20 Year,881,0,0,0,71,5,12,1,147,343,221,7,1,73,0,0,0,0,0,0,9.99,8.29,9.99,8.29,10.43,9.86,-0.44,-1.57
district,Bagmati,Bhaktapur,Male,21 Year,773,0,0,0,37,2,5,1,156,292,226,8,5,41,0,0,0,0,0,0,5.69,5.3,5.69,5.3,5.08,9.49,0.61,-4.19
district,Bagmati,Bhaktapur,Male,22 Year,915,0,0,0,29,2,7,2,178,342,265,10,4,76,0,0,0,0,0,0,4.15,8.31,4.15,8.31,3.71,10.27,0.44,-1.96
district,Bagmati,Bhaktapur,Male,23 Year,816,0,0,0,17,3,6,1,139,332,262,2,5,49,0,0,0,0,0,0,3.19,6.0,3.19,6.0,2.2,8.21,0.99,-2.21
district,Bagmati,Bhaktapur,Male,24 Year,987,0,0,0,13,2,4,0,210,366,320,4,5,63,0,0,0,0,0,0,1.93,6.38,1.93,6.38,2.02,11.58,-0.09,-5.2
district,Bagmati,Bhaktapur,Male,25 Year,1187,0,0,0,0,0,5,2,272,421,377,12,7,91,0,0,0,0,0,0,0.42,7.67,0.42,7.67,0.9,10.84,-0.48,-3.17
district,Bagmati,Bhaktapur,Female,All Ages,39634,4695,14522,8523,4484,33,101,26,1737,2233,2185,64,39,988,0,0,0,0,1,3,81.64,2.49,82.03,2.01,81.64,2.49,0.39,-0.48
district,Bagmati,Bhaktapur,Female,5 Year,2663,2556,0,0,0,0,0,4,0,0,0,0,2,101,0,0,0,0,0,0,95.98,3.79,96.15,3.61,95.98,3.79,0.17,-0.18
district,Bagmati,Bhaktapur,Female,6 Year,2883,1557,1274,0,0,2,0,4,10,0,0,0,2,33,0,0,0,0,0,1,98.27,1.14,98.04,1.58,98.27,1.14,-0.23,0.44
district,Bagmati,Bhaktapur,Female,7 Year,2721,423,2261,0,0,2,0,0,7,0,0,0,0,28,0,0,0,0,0,0,98.71,1.03,98.77,1.08,98.71,1.03,0.06,0.05
district,Bagmati,Bhaktapur,Female,8 Year,2620,108,2481,0,0,0,1,0,7,0,0,0,0,23,0,0,0,0,0,0,98.85,0.88,98.96,0.64,98.85,0.88,0.11,-0.24
district,Bagmati,Bhaktapur,Female,9 Year,2766,33,2702,0,0,0,0,0,9,0,0,0,2,20,0,0,0,0,0,0,98.88,0.72,98.58,0.75,98.88,0.72,-0.3,0.03
district,Bagmati,Bhaktapur,Female,10 Year,2856,5,2604,0,0,0,0,2,216,0,0,0,3,25,0,0,0,0,0,1,91.35,0.88,91.44,0.53,91.35,0.88,0.09,-0.35
district,Bagmati,Bhaktapur,Female,11 Year,2621,2,1830,686,0,0,0,1,73,6,0,0,1,22,0,0,0,0,0,0,96.07,0.84,95.4,0.67,96.07,0.84,-0.67,-0.17
district,Bagmati,Bhaktapur,Female,12 Year,3070,5,951,2003,0,0,0,4,61,26,0,0,1,19,0,0,0,0,0,0,96.38,0.62,95.95,1.27,96.38,0.62,-0.43,0.65
district,Bagmati,Bhaktapur,Female,13 Year,2908,5,285,2532,0,1,0,1,44,27,0,0,0,13,0,0,0,0,0,0,97.08,0.45,96.55,0.34,97.08,0.45,-0.53,-0.11
district,Bagmati,Bhaktapur,Female,14 Year,2923,1,132,1970,740,0,1,1,34,25,8,0,1,10,0,0,0,0,0,0,97.3,0.34,95.49,0.75,97.3,0.34,-1.81,0.41
district,Bagmati,Bhaktapur,Female,15 Year,2592,0,1,839,1577,3,26,1,48,43,24,1,1,27,0,0,0,0,0,1,94.37,1.04,92.64,0.84,94.37,1.04,-1.73,-0.2
district,Bagmati,Bhaktapur,Female,16 Year,1547,0,1,282,1096,1,11,1,42,60,29,0,0,24,0,0,0,0,0,0,89.92,1.55,86.82,1.24,89.92,1.55,-3.1,-0.31
district,Bagmati,Bhaktapur,Female,17 Year,925,0,0,109,570,1,9,0,55,89,60,1,0,31,0,0,0,0,0,0,74.49,3.35,70.89,2.49,74.49,3.35,-3.6,-0.86
district,Bagmati,Bhaktapur,Female,18 Year,710,0,0,79,266,2,4,0,82,138,99,0,0,40,0,0,0,0,0,0,49.44,5.63,45.56,5.71,49.44,5.63,-3.88,0.08
district,Bagmati,Bhaktapur,Female,19 Year,551,0,0,23,111,4,5,2,73,165,133,1,0,34,0,0,0,0,0,0,25.95,6.17,30.91,5.03,25.95,6.17,4.96,-1.14
district,Bagmati,Bhaktapur,Female,20 Year,700,0,0,0,55,3,15,2,116,221,211,8,0,69,0,0,0,0,0,0,10.43,9.86,9.99,8.29,10.43,9.86,-0.44,-1.57
district,Bagmati,Bhaktapur,Female,21 Year,590,0,0,0,24,2,4,0,103,209,186,4,2,56,0,0,0,0,0,0,5.08,9.49,5.69,5.3,5.08,9.49,0.61,-4.19
district,Bagmati,Bhaktapur,Female,22 Year,808,0,0,0,17,3,10,0,151,262,268,8,6,83,0,0,0,0,0,0,3.71,10.27,4.15,8.31,3.71,10.27,0.44,-1.96
district,Bagmati,Bhaktapur,Female,23 Year,865,0,0,0,14,1,4,0,173,287,304,5,6,71,0,0,0,0,0,0,2.2,8.21,3.19,6.0,2.2,8.21,0.99,-2.21
district,Bagmati,Bhaktapur,Female,24 Year,1088,0,0,0,13,5,4,3,183,352,380,16,6,126,0,0,0,0,0,0,2.02,11.58,1.93,6.38,2.02,11.58,-0.09,-5.2
district,Bagmati,Bhaktapur,Female,25 Year,1227,0,0,0,1,3,7,0,250,323,483,20,6,133,0,0,0,0,1,0,0.9,10.84,0.42,7.67,0.9,10.84,-0.48,-3.17
district,Bagmati,Lalitpur,Total,All Ages,112533,12071,39601,24541,13679,192,286,85,5662,7224,5939,139,145,2959,0,1,0,0,1,8,80.31,2.63,79.99,2.45,80.67,2.84,-0.68,-0.39
district,Bagmati,Lalitpur,Total,5 Year,7068,6687,0,0,0,0,0,16,0,0,0,1,7,356,0,0,0,0,1,0,94.61,5.04,94.72,4.98,94.48,5.1,0.24,-0.12
district,Bagmati,Lalitpur,Total,6 Year,7434,3783,3465,0,0,1,0,6,18,0,0,0,5,156,0,0,0,0,0,0,97.51,2.1,97.94,1.78,97.04,2.45,0.9,-0.67
district,Bagmati,Lalitpur,Total,7 Year,7059,1128,5817,0,0,1,0,0,20,0,0,0,3,90,0,0,0,0,0,0,98.4,1.27,98.35,1.19,98.45,1.37,-0.1,-0.18
district,Bagmati,Lalitpur,Total,8 Year,7323,320,6895,0,0,7,1,1,22,0,0,0,4,73,0,0,0,0,0,0,98.63,1.0,98.58,1.14,98.7,0.84,-0.12,0.3
district,Bagmati,Lalitpur,Total,9 Year,7207,103,7005,0,0,6,0,1,41,0,0,1,2,48,0,0,0,0,0,0,98.71,0.67,98.74,0.56,98.67,0.79,0.07,-0.23
district,Bagmati,Lalitpur,Total,10 Year,8025,20,7307,0,0,27,0,7,595,0,0,3,1,64,0,0,0,0,0,1,91.64,0.8,90.98,0.8,92.43,0.8,-1.45,0.0
district,Bagmati,Lalitpur,Total,11 Year,7210,8,4950,1904,0,16,0,5,237,28,0,0,2,60,0,0,0,0,0,0,95.4,0.83,95.02,0.94,95.85,0.7,-0.83,0.24
district,Bagmati,Lalitpur,Total,12 Year,8138,6,2666,5138,0,22,1,9,165,72,0,0,0,58,0,0,0,0,0,1,96.25,0.71,95.74,0.74,96.84,0.68,-1.1,0.06
district,Bagmati,Lalitpur,Total,13 Year,8273,9,1020,6896,0,23,1,8,146,111,0,0,1,58,0,0,0,0,0,0,96.08,0.7,95.31,0.79,96.91,0.6,-1.6,0.19
district,Bagmati,Lalitpur,Total,14 Year,8271,7,469,5561,1858,18,2,4,135,112,43,0,3,58,0,0,0,0,0,1,95.7,0.7,95.23,0.76,96.18,0.64,-0.95,0.12
district,Bagmati,Lalitpur,Total,15 Year,7895,0,4,3031,4288,8,58,3,178,154,89,1,2,78,0,1,0,0,0,0,93.59,0.99,92.43,0.92,94.87,1.06,-2.44,-0.14
district,Bagmati,Lalitpur,Total,16 Year,5342,0,1,1188,3541,7,39,2,202,178,113,0,2,68,0,0,0,0,0,1,89.4,1.27,87.9,1.34,91.12,1.2,-3.22,0.14
district,Bagmati,Lalitpur,Total,17 Year,3153,0,0,444,1912,11,26,0,228,285,164,2,3,78,0,0,0,0,0,0,75.9,2.47,73.44,3.01,79.0,1.79,-5.56,1.22
district,Bagmati,Lalitpur,Total,18 Year,2776,0,1,264,1105,5,29,4,318,575,334,4,3,134,0,0,0,0,0,0,50.58,4.83,48.23,4.59,53.83,5.16,-5.6,-0.57
district,Bagmati,Lalitpur,Total,19 Year,1879,0,1,115,447,7,11,1,298,499,359,9,2,130,0,0,0,0,0,0,30.92,6.92,29.75,7.29,32.38,6.45,-2.63,0.84
district,Bagmati,Lalitpur,Total,20 Year,2419,0,0,0,245,6,43,3,434,827,609,8,19,223,0,0,0,0,0,2,12.15,9.22,12.52,8.73,11.73,9.78,0.79,-1.05
district,Bagmati,Lalitpur,Total,21 Year,1952,0,0,0,110,5,16,3,374,695,559,10,11,169,0,0,0,0,0,0,6.71,8.66,6.8,7.74,6.6,9.78,0.2,-2.04
district,Bagmati,Lalitpur,Total,22 Year,2653,0,0,0,86,6,16,2,500,972,796,38,18,219,0,0,0,0,0,0,4.07,8.25,3.88,7.07,4.29,9.66,-0.41,-2.59
district,Bagmati,Lalitpur,Total,23 Year,2399,0,0,0,51,3,15,3,477,812,804,10,12,212,0,0,0,0,0,0,2.88,8.84,3.2,7.35,2.53,10.45,0.67,-3.1
district,Bagmati,Lalitpur,Total,24 Year,2738,0,0,0,36,3,13,4,533,926,916,22,22,261,0,0,0,0,0,2,1.9,9.53,2.05,7.39,1.75,11.66,0.3,-4.27
district,Bagmati,Lalitpur,Total,25 Year,3319,0,0,0,0,10,15,3,741,978,1153,30,23,366,0,0,0,0,0,0,0.75,11.03,0.56,9.71,0.93,12.25,-0.37,-2.54
district,Bagmati,Lalitpur,Male,All Ages,59796,6564,21151,12864,6953,161,135,43,3255,4189,2858,81,75,1463,0,0,0,0,0,4,79.99,2.45,79.99,2.45,80.67,2.84,-0.68,-0.39
district,Bagmati,Lalitpur,Male,5 Year,3753,3555,0,0,0,0,0,7,0,0,0,0,4,187,0,0,0,0,0,0,94.72,4.98,94.72,4.98,94.48,5.1,0.24,-0.12
district,Bagmati,Lalitpur,Male,6 Year,3925,2092,1751,0,0,1,0,5,5,0,0,0,1,70,0,0,0,0,0,0,97.94,1.78,97.94,1.78,97.04,2.45,0.9,-0.67
district,Bagmati,Lalitpur,Male,7 Year,3767,647,3057,0,0,1,0,0,14,0,0,0,3,45,0,0,0,0,0,0,98.35,1.19,98.35,1.19,98.45,1.37,-0.1,-0.18
district,Bagmati,Lalitpur,Male,8 Year,3874,183,3629,0,0,7,0,0,10,0,0,0,1,44,0,0,0,0,0,0,98.58,1.14,98.58,1.14,98.7,0.84,-0.12,0.3
district,Bagmati,Lalitpur,Male,9 Year,3902,58,3789,0,0,6,0,1,25,0,0,1,0,22,0,0,0,0,0,0,98.74,0.56,98.74,0.56,98.67,0.79,0.07,-0.23
district,Bagmati,Lalitpur,Male,10 Year,4381,10,3950,0,0,26,0,4,354,0,0,2,0,35,0,0,0,0,0,0,90.98,0.8,90.98,0.8,92.43,0.8,-1.45,0.0
district,Bagmati,Lalitpur,Male,11 Year,3936,5,2745,974,0,16,0,2,138,17,0,0,2,37,0,0,0,0,0,0,95.02,0.94,95.02,0.94,95.85,0.7,-0.83,0.24
district,Bagmati,Lalitpur,Male,12 Year,4340,3,1424,2705,0,22,1,2,108,42,0,0,0,32,0,0,0,0,0,1,95.74,0.74,95.74,0.74,96.84,0.68,-1.1,0.06
district,Bagmati,Lalitpur,Male,13 Year,4288,6,550,3508,0,22,1,6,91,70,0,0,0,34,0,0,0,0,0,0,95.31,0.79,95.31,0.79,96.91,0.6,-1.6,0.19
district,Bagmati,Lalitpur,Male,14 Year,4216,5,252,2865,874,17,2,3,74,74,16,0,1,32,0,0,0,0,0,1,95.23,0.76,95.23,0.76,96.18,0.64,-0.95,0.12
district,Bagmati,Lalitpur,Male,15 Year,4136,0,1,1676,2109,7,30,0,124,100,49,1,1,38,0,0,0,0,0,0,92.43,0.92,92.43,0.92,94.87,1.06,-2.44,-0.14
district,Bagmati,Lalitpur,Male,16 Year,2843,0,1,667,1807,7,17,0,130,115,59,0,2,38,0,0,0,0,0,0,87.9,1.34,87.9,1.34,91.12,1.2,-3.22,0.14
district,Bagmati,Lalitpur,Male,17 Year,1758,0,0,248,1025,8,10,0,156,176,80,0,2,53,0,0,0,0,0,0,73.44,3.01,73.44,3.01,79.0,1.79,-5.56,1.22
district,Bagmati,Lalitpur,Male,18 Year,1613,0,1,153,606,2,16,2,226,359,168,4,2,74,0,0,0,0,0,0,48.23,4.59,48.23,4.59,53.83,5.16,-5.6,-0.57
district,Bagmati,Lalitpur,Male,19 Year,1042,0,1,68,234,2,5,1,190,284,173,6,2,76,0,0,0,0,0,0,29.75,7.29,29.75,7.29,32.38,6.45,-2.63,0.84
district,Bagmati,Lalitpur,Male,20 Year,1294,0,0,0,143,2,17,2,222,475,300,5,13,113,0,0,0,0,0,2,12.52,8.73,12.52,8.73,11.73,9.78,0.79,-1.05
district,Bagmati,Lalitpur,Male,21 Year,1073,0,0,0,61,3,9,2,221,396,290,4,4,83,0,0,0,0,0,0,6.8,7.74,6.8,7.74,6.6,9.78,0.2,-2.04
district,Bagmati,Lalitpur,Male,22 Year,1442,0,0,0,44,4,8,1,281,555,413,25,9,102,0,0,0,0,0,0,3.88,7.07,3.88,7.07,4.29,9.66,-0.41,-2.59
district,Bagmati,Lalitpur,Male,23 Year,1251,0,0,0,31,2,7,2,264,459,385,7,2,92,0,0,0,0,0,0,3.2,7.35,3.2,7.35,2.53,10.45,0.67,-3.1
district,Bagmati,Lalitpur,Male,24 Year,1366,0,0,0,19,2,7,2,263,516,431,10,15,101,0,0,0,0,0,0,2.05,7.39,2.05,7.39,1.75,11.66,0.3,-4.27
district,Bagmati,Lalitpur,Male,25 Year,1596,0,0,0,0,4,5,1,359,551,494,16,11,155,0,0,0,0,0,0,0.56,9.71,0.56,9.71,0.93,12.25,-0.37,-2.54
district,Bagmati,Lalitpur,Female,All Ages,52737,5507,18450,11677,6726,31,151,42,2407,3035,3081,58,70,1496,0,1,0,0,1,4,80.67,2.84,79.99,2.45,80.67,2.84,-0.68,-0.39
district,Bagmati,Lalitpur,Female,5 Year,3315,3132,0,0,0,0,0,9,0,0,0,1,3,169,0,0,0,0,1,0,94.48,5.1,94.72,4.98,94.48,5.1,0.24,-0.12
district,Bagmati,Lalitpur,Female,6 Year,3509,1691,1714,0,0,0,0,1,13,0,0,0,4,86,0,0,0,0,0,0,97.04,2.45,97.94,1.78,97.04,2.45,0.9,-0.67
district,Bagmati,Lalitpur,Female,7 Year,3292,481,2760,0,0,0,0,0,6,0,0,0,0,45,0,0,0,0,0,0,98.45,1.37,98.35,1.19,98.45,1.37,-0.1,-0.18
district,Bagmati,Lalitpur,Female,8 Year,3449,137,3266,0,0,0,1,1,12,0,0,0,3,29,0,0,0,0,0,0,98.7,0.84,98.58,1.14,98.7,0.84,-0.12,0.3
district,Bagmati,Lalitpur,Female,9 Year,3305,45,3216,0,0,0,0,0,16,0,0,0,2,26,0,0,0,0,0,0,98.67,0.79,98.74,0.56,98.67,0.79,0.07,-0.23
district,Bagmati,Lalitpur,Female,10 Year,3644,10,3357,0,0,1,0,3,241,0,0,1,1,29,0,0,0,0,0,1,92.43,0.8,90.98,0.8,92.43,0.8,-1.45,0.0
district,Bagmati,Lalitpur,Female,11 Year,3274,3,2205,930,0,0,0,3,99,11,0,0,0,23,0,0,0,0,0,0,95.85,0.7,95.02,0.94,95.85,0.7,-0.83,0.24
district,Bagmati,Lalitpur,Female,12 Year,3798,3,1242,2433,0,0,0,7,57,30,0,0,0,26,0,0,0,0,0,0,96.84,0.68,95.74,0.74,96.84,0.68,-1.1,0.06
district,Bagmati,Lalitpur,Female,13 Year,3985,3,470,3388,0,1,0,2,55,41,0,0,1,24,0,0,0,0,0,0,96.91,0.6,95.31,0.79,96.91,0.6,-1.6,0.19
district,Bagmati,Lalitpur,Female,14 Year,4055,2,217,2696,984,1,0,1,61,38,27,0,2,26,0,0,0,0,0,0,96.18,0.64,95.23,0.76,96.18,0.64,-0.95,0.12
district,Bagmati,Lalitpur,Female,15 Year,3759,0,3,1355,2179,1,28,3,54,54,40,0,1,40,0,1,0,0,0,0,94.87,1.06,92.43,0.92,94.87,1.06,-2.44,-0.14
district,Bagmati,Lalitpur,Female,16 Year,2499,0,0,521,1734,0,22,2,72,63,54,0,0,30,0,0,0,0,0,1,91.12,1.2,87.9,1.34,91.12,1.2,-3.22,0.14
district,Bagmati,Lalitpur,Female,17 Year,1395,0,0,196,887,3,16,0,72,109,84,2,1,25,0,0,0,0,0,0,79.0,1.79,73.44,3.01,79.0,1.79,-5.56,1.22
district,Bagmati,Lalitpur,Female,18 Year,1163,0,0,111,499,3,13,2,92,216,166,0,1,60,0,0,0,0,0,0,53.83,5.16,48.23,4.59,53.83,5.16,-5.6,-0.57
district,Bagmati,Lalitpur,Female,19 Year,837,0,0,47,213,5,6,0,108,215,186,3,0,54,0,0,0,0,0,0,32.38,6.45,29.75,7.29,32.38,6.45,-2.63,0.84
district,Bagmati,Lalitpur,Female,20 Year,1125,0,0,0,102,4,26,1,212,352,309,3,6,110,0,0,0,0,0,0,11.73,9.78,12.52,8.73,11.73,9.78,0.79,-1.05
district,Bagmati,Lalitpur,Female,21 Year,879,0,0,0,49,2,7,1,153,299,269,6,7,86,0,0,0,0,0,0,6.6,9.78,6.8,7.74,6.6,9.78,0.2,-2.04
district,Bagmati,Lalitpur,Female,22 Year,1211,0,0,0,42,2,8,1,219,417,383,13,9,117,0,0,0,0,0,0,4.29,9.66,3.88,7.07,4.29,9.66,-0.41,-2.59
district,Bagmati,Lalitpur,Female,23 Year,1148,0,0,0,20,1,8,1,213,353,419,3,10,120,0,0,0,0,0,0,2.53,10.45,3.2,7.35,2.53,10.45,0.67,-3.1
district,Bagmati,Lalitpur,Female,24 Year,1372,0,0,0,17,1,6,2,270,410,485,12,7,160,0,0,0,0,0,2,1.75,11.66,2.05,7.39,1.75,11.66,0.3,-4.27
district,Bagmati,Lalitpur,Female,25 Year,1723,0,0,0,0,6,10,2,382,427,659,14,12,211,0,0,0,0,0,0,0.93,12.25,0.56,9.71,0.93,12.25,-0.37,-2.54
district,Bagmati,Kavrepalanchok,Total,All Ages,91080,8457,30579,18858,10490,30,204,56,5594,7590,6315,99,76,2727,0,0,0,0,1,4,75.34,2.99,75.13,2.72,75.56,3.28,-0.43,-0.56
district,Bagmati,Kavrepalanchok,Total,5 Year,5541,5146,0,0,0,0,1,6,0,0,0,0,2,384,0,0,0,0,1,1,92.89,6.93,92.28,7.51,93.57,6.27,-1.29,1.24
district,Bagmati,Kavrepalanchok,Total,6 Year,5607,2217,3221,0,0,0,0,3,6,0,0,0,0,160,0,0,0,0,0,0,96.99,2.85,96.83,2.97,97.16,2.72,-0.33,0.25
district,Bagmati,Kavrepalanchok,Total,7 Year,4976,746,4123,0,0,0,0,0,8,0,0,0,1,98,0,0,0,0,0,0,97.85,1.97,97.66,2.23,98.06,1.69,-0.4,0.54
district,Bagmati,Kavrepalanchok,Total,8 Year,5548,231,5232,0,0,0,0,0,21,0,0,0,1,63,0,0,0,0,0,0,98.47,1.14,98.59,1.14,98.34,1.14,0.25,0.0
district,Bagmati,Kavrepalanchok,Total,9 Year,5607,87,5442,0,0,0,0,0,23,0,0,0,3,52,0,0,0,0,0,0,98.61,0.93,98.53,0.91,98.69,0.94,-0.16,-0.03
district,Bagmati,Kavrepalanchok,Total,10 Year,5897,10,5397,0,0,0,0,6,442,0,0,0,1,41,0,0,0,0,0,0,91.69,0.7,91.48,0.68,91.92,0.72,-0.44,-0.04
district,Bagmati,Kavrepalanchok,Total,11 Year,5351,5,3501,1537,0,0,0,8,237,17,0,0,1,45,0,0,0,0,0,0,94.24,0.84,93.75,0.86,94.74,0.83,-0.99,0.03
district,Bagmati,Kavrepalanchok,Total,12 Year,6249,2,2270,3727,0,0,0,6,146,42,0,1,0,55,0,0,0,0,0,0,96.0,0.88,95.22,1.08,96.79,0.68,-1.57,0.4
district,Bagmati,Kavrepalanchok,Total,13 Year,6245,3,985,4979,0,0,0,1,147,81,0,0,0,49,0,0,0,0,0,0,95.55,0.78,95.47,0.78,95.63,0.79,-0.16,-0.01
district,Bagmati,Kavrepalanchok,Total,14 Year,6328,10,402,4092,1429,0,1,5,158,146,32,1,0,52,0,0,0,0,0,0,93.77,0.82,92.87,0.9,94.64,0.74,-1.77,0.16
district,Bagmati,Kavrepalanchok,Total,15 Year,6125,0,0,2521,3015,0,54,2,212,177,72,0,1,70,0,0,0,0,0,1,91.27,1.14,90.19,1.24,92.34,1.05,-2.15,0.19
district,Bagmati,Kavrepalanchok,Total,16 Year,4603,0,2,1156,2716,5,25,1,208,280,127,0,0,83,0,0,0,0,0,0,84.81,1.8,83.48,1.97,86.26,1.63,-2.78,0.34
district,Bagmati,Kavrepalanchok,Total,17 Year,2920,0,0,466,1529,2,14,0,243,391,191,3,4,77,0,0,0,0,0,0,68.87,2.64,66.88,2.88,71.29,2.35,-4.41,0.53
district,Bagmati,Kavrepalanchok,Total,18 Year,2857,0,1,275,1012,2,17,2,364,676,388,4,4,111,0,0,0,0,0,1,45.75,3.89,44.7,3.84,47.17,3.94,-2.47,-0.1
district,Bagmati,Kavrepalanchok,Total,19 Year,2031,0,3,105,377,2,10,0,352,597,476,1,0,108,0,0,0,0,0,0,24.47,5.32,27.02,4.58,21.37,6.22,5.65,-1.64
district,Bagmati,Kavrepalanchok,Total,20 Year,2493,0,0,0,199,1,30,2,462,831,780,17,8,163,0,0,0,0,0,0,9.23,6.54,9.58,5.73,8.83,7.46,0.75,-1.73
district,Bagmati,Kavrepalanchok,Total,21 Year,2092,0,0,0,88,4,15,2,380,753,691,8,7,143,0,0,0,0,0,1,5.11,6.84,4.86,5.79,5.38,7.93,-0.52,-2.14
district,Bagmati,Kavrepalanchok,Total,22 Year,2512,0,0,0,68,0,12,1,486,865,831,10,13,226,0,0,0,0,0,0,3.18,9.0,3.54,7.16,2.82,10.88,0.72,-3.72
district,Bagmati,Kavrepalanchok,Total,23 Year,2398,0,0,0,30,2,3,2,459,822,832,13,5,230,0,0,0,0,0,0,1.46,9.59,1.91,6.61,1.04,12.34,0.87,-5.73
district,Bagmati,Kavrepalanchok,Total,24 Year,2714,0,0,0,27,2,12,5,574,910,922,19,9,234,0,0,0,0,0,0,1.51,8.62,1.53,6.03,1.5,11.05,0.03,-5.02
district,Bagmati,Kavrepalanchok,Total,25 Year,2986,0,0,0,0,10,10,4,666,1002,973,22,16,283,0,0,0,0,0,0,0.67,9.48,0.55,6.25,0.78,12.54,-0.23,-6.29
district,Bagmati,Kavrepalanchok,Male,All Ages,46918,4618,15849,9479,5177,14,112,36,3081,4246,2950,41,34,1277,0,0,0,0,0,4,75.13,2.72,75.13,2.72,75.56,3.28,-0.43,-0.56
district,Bagmati,Kavrepalanchok,Male,5 Year,2942,2714,0,0,0,0,1,4,0,0,0,0,1,221,0,0,0,0,0,1,92.28,7.51,92.28,7.51,93.57,6.27,-1.29,1.24
district,Bagmati,Kavrepalanchok,Male,6 Year,2964,1256,1614,0,0,0,0,2,4,0,0,0,0,88,0,0,0,0,0,0,96.83,2.97,96.83,2.97,97.16,2.72,-0.33,0.25
district,Bagmati,Kavrepalanchok,Male,7 Year,2604,452,2091,0,0,0,0,0,3,0,0,0,0,58,0,0,0,0,0,0,97.66,2.23,97.66,2.23,98.06,1.69,-0.4,0.54
district,Bagmati,Kavrepalanchok,Male,8 Year,2905,132,2732,0,0,0,0,0,8,0,0,0,0,33,0,0,0,0,0,0,98.59,1.14,98.59,1.14,98.34,1.14,0.25,0.0
district,Bagmati,Kavrepalanchok,Male,9 Year,2855,51,2762,0,0,0,0,0,14,0,0,0,2,26,0,0,0,0,0,0,98.53,0.91,98.53,0.91,98.69,0.94,-0.16,-0.03
district,Bagmati,Kavrepalanchok,Male,10 Year,3100,3,2833,0,0,0,0,3,240,0,0,0,0,21,0,0,0,0,0,0,91.48,0.68,91.48,0.68,91.92,0.72,-0.44,-0.04
district,Bagmati,Kavrepalanchok,Male,11 Year,2690,3,1828,691,0,0,0,5,130,10,0,0,0,23,0,0,0,0,0,0,93.75,0.86,93.75,0.86,94.74,0.83,-0.99,0.03
district,Bagmati,Kavrepalanchok,Male,12 Year,3161,1,1208,1801,0,0,0,4,87,25,0,1,0,34,0,0,0,0,0,0,95.22,1.08,95.22,1.08,96.79,0.68,-1.57,0.4
district,Bagmati,Kavrepalanchok,Male,13 Year,3200,1,554,2500,0,0,0,1,78,41,0,0,0,25,0,0,0,0,0,0,95.47,0.78,95.47,0.78,95.63,0.79,-0.16,-0.01
district,Bagmati,Kavrepalanchok,Male,14 Year,3100,5,223,2023,628,0,0,3,88,85,17,0,0,28,0,0,0,0,0,0,92.87,0.9,92.87,0.9,94.64,0.74,-1.77,0.16
district,Bagmati,Kavrepalanchok,Male,15 Year,3069,0,0,1318,1420,0,30,2,119,105,35,0,1,38,0,0,0,0,0,1,90.19,1.24,90.19,1.24,92.34,1.05,-2.15,0.19
district,Bagmati,Kavrepalanchok,Male,16 Year,2391,0,1,633,1347,4,11,1,126,166,55,0,0,47,0,0,0,0,0,0,83.48,1.97,83.48,1.97,86.26,1.63,-2.78,0.34
district,Bagmati,Kavrepalanchok,Male,17 Year,1600,0,0,278,783,1,8,0,156,230,94,0,4,46,0,0,0,0,0,0,66.88,2.88,66.88,2.88,71.29,2.35,-4.41,0.53
district,Bagmati,Kavrepalanchok,Male,18 Year,1640,0,1,170,550,1,11,2,232,417,189,0,3,63,0,0,0,0,0,1,44.7,3.84,44.7,3.84,47.17,3.94,-2.47,-0.1
district,Bagmati,Kavrepalanchok,Male,19 Year,1114,0,2,65,227,1,6,0,194,342,225,1,0,51,0,0,0,0,0,0,27.02,4.58,27.02,4.58,21.37,6.22,5.65,-1.64
district,Bagmati,Kavrepalanchok,Male,20 Year,1326,0,0,0,110,1,16,1,251,469,393,6,3,76,0,0,0,0,0,0,9.58,5.73,9.58,5.73,8.83,7.46,0.75,-1.73
district,Bagmati,Kavrepalanchok,Male,21 Year,1070,0,0,0,41,1,10,1,219,406,320,3,6,62,0,0,0,0,0,1,4.86,5.79,4.86,5.79,5.38,7.93,-0.52,-2.14
district,Bagmati,Kavrepalanchok,Male,22 Year,1271,0,0,0,37,0,8,1,252,476,395,6,5,91,0,0,0,0,0,0,3.54,7.16,3.54,7.16,2.82,10.88,0.72,-3.72
district,Bagmati,Kavrepalanchok,Male,23 Year,1150,0,0,0,20,1,1,1,235,431,379,4,2,76,0,0,0,0,0,0,1.91,6.61,1.91,6.61,1.04,12.34,0.87,-5.73
district,Bagmati,Kavrepalanchok,Male,24 Year,1311,0,0,0,14,0,6,3,302,504,394,6,3,79,0,0,0,0,0,0,1.53,6.03,1.53,6.03,1.5,11.05,0.03,-5.02
district,Bagmati,Kavrepalanchok,Male,25 Year,1455,0,0,0,0,4,4,2,343,539,454,14,4,91,0,0,0,0,0,0,0.55,6.25,0.55,6.25,0.78,12.54,-0.23,-6.29
district,Bagmati,Kavrepalanchok,Female,All Ages,44162,3839,14730,9379,5313,16,92,20,2513,3344,3365,58,42,1450,0,0,0,0,1,0,75.56,3.28,75.13,2.72,75.56,3.28,-0.43,-0.56
district,Bagmati,Kavrepalanchok,Female,5 Year,2599,2432,0,0,0,0,0,2,0,0,0,0,1,163,0,0,0,0,1,0,93.57,6.27,92.28,7.51,93.57,6.27,-1.29,1.24
district,Bagmati,Kavrepalanchok,Female,6 Year,2643,961,1607,0,0,0,0,1,2,0,0,0,0,72,0,0,0,0,0,0,97.16,2.72,96.83,2.97,97.16,2.72,-0.33,0.25
district,Bagmati,Kavrepalanchok,Female,7 Year,2372,294,2032,0,0,0,0,0,5,0,0,0,1,40,0,0,0,0,0,0,98.06,1.69,97.66,2.23,98.06,1.69,-0.4,0.54
district,Bagmati,Kavrepalanchok,Female,8 Year,2643,99,2500,0,0,0,0,0,13,0,0,0,1,30,0,0,0,0,0,0,98.34,1.14,98.59,1.14,98.34,1.14,0.25,0.0
district,Bagmati,Kavrepalanchok,Female,9 Year,2752,36,2680,0,0,0,0,0,9,0,0,0,1,26,0,0,0,0,0,0,98.69,0.94,98.53,0.91,98.69,0.94,-0.16,-0.03
district,Bagmati,Kavrepalanchok,Female,10 Year,2797,7,2564,0,0,0,0,3,202,0,0,0,1,20,0,0,0,0,0,0,91.92,0.72,91.48,0.68,91.92,0.72,-0.44,-0.04
district,Bagmati,Kavrepalanchok,Female,11 Year,2661,2,1673,846,0,0,0,3,107,7,0,0,1,22,0,0,0,0,0,0,94.74,0.83,93.75,0.86,94.74,0.83,-0.99,0.03
district,Bagmati,Kavrepalanchok,Female,12 Year,3088,1,1062,1926,0,0,0,2,59,17,0,0,0,21,0,0,0,0,0,0,96.79,0.68,95.22,1.08,96.79,0.68,-1.57,0.4
district,Bagmati,Kavrepalanchok,Female,13 Year,3045,2,431,2479,0,0,0,0,69,40,0,0,0,24,0,0,0,0,0,0,95.63,0.79,95.47,0.78,95.63,0.79,-0.16,-0.01
district,Bagmati,Kavrepalanchok,Female,14 Year,3228,5,179,2069,801,0,1,2,70,61,15,1,0,24,0,0,0,0,0,0,94.64,0.74,92.87,0.9,94.64,0.74,-1.77,0.16
district,Bagmati,Kavrepalanchok,Female,15 Year,3056,0,0,1203,1595,0,24,0,93,72,37,0,0,32,0,0,0,0,0,0,92.34,1.05,90.19,1.24,92.34,1.05,-2.15,0.19
district,Bagmati,Kavrepalanchok,Female,16 Year,2212,0,1,523,1369,1,14,0,82,114,72,0,0,36,0,0,0,0,0,0,86.26,1.63,83.48,1.97,86.26,1.63,-2.78,0.34
district,Bagmati,Kavrepalanchok,Female,17 Year,1320,0,0,188,746,1,6,0,87,161,97,3,0,31,0,0,0,0,0,0,71.29,2.35,66.88,2.88,71.29,2.35,-4.41,0.53
district,Bagmati,Kavrepalanchok,Female,18 Year,1217,0,0,105,462,1,6,0,132,259,199,4,1,48,0,0,0,0,0,0,47.17,3.94,44.7,3.84,47.17,3.94,-2.47,-0.1
district,Bagmati,Kavrepalanchok,Female,19 Year,917,0,1,40,150,1,4,0,158,255,251,0,0,57,0,0,0,0,0,0,21.37,6.22,27.02,4.58,21.37,6.22,5.65,-1.64
district,Bagmati,Kavrepalanchok,Female,20 Year,1167,0,0,0,89,0,14,1,211,362,387,11,5,87,0,0,0,0,0,0,8.83,7.46,9.58,5.73,8.83,7.46,0.75,-1.73
district,Bagmati,Kavrepalanchok,Female,21 Year,1022,0,0,0,47,3,5,1,161,347,371,5,1,81,0,0,0,0,0,0,5.38,7.93,4.86,5.79,5.38,7.93,-0.52,-2.14
district,Bagmati,Kavrepalanchok,Female,22 Year,1241,0,0,0,31,0,4,0,234,389,436,4,8,135,0,0,0,0,0,0,2.82,10.88,3.54,7.16,2.82,10.88,0.72,-3.72
district,Bagmati,Kavrepalanchok,Female,23 Year,1248,0,0,0,10,1,2,1,224,391,453,9,3,154,0,0,0,0,0,0,1.04,12.34,1.91,6.61,1.04,12.34,0.87,-5.73
district,Bagmati,Kavrepalanchok,Female,24 Year,1403,0,0,0,13,2,6,2,272,406,528,13,6,155,0,0,0,0,0,0,1.5,11.05,1.53,6.03,1.5,11.05,0.03,-5.02
district,Bagmati,Kavrepalanchok,Female,25 Year,1531,0,0,0,0,6,6,2,323,463,519,8,12,192,0,0,0,0,0,0,0.78,12.54,0.55,6.25,0.78,12.54,-0.23,-6.29
district,Bagmati,Ramechhap,Total,All Ages,48924,3558,15366,10797,6080,61,66,46,2929,4095,4261,93,42,1524,0,0,0,0,1,5,73.44,3.12,73.37,2.87,73.5,3.36,-0.13,-0.49
district,Bagmati,Ramechhap,Total,5 Year,2518,2308,0,0,0,0,0,7,0,0,0,1,0,200,0,0,0,0,0,2,91.66,7.94,92.54,7.23,90.72,8.7,1.82,-1.47
district,Bagmati,Ramechhap,Total,6 Year,2634,813,1725,0,0,0,0,2,7,0,0,0,0,87,0,0,0,0,0,0,96.36,3.3,95.78,3.85,96.96,2.73,-1.18,1.12
district,Bagmati,Ramechhap,Total,7 Year,2365,284,2020,0,0,3,0,1,8,0,0,0,0,49,0,0,0,0,0,0,97.55,2.07,97.76,1.73,97.35,2.4,0.41,-0.67
district,Bagmati,Ramechhap,Total,8 Year,2715,91,2569,0,0,0,0,0,12,0,0,0,1,42,0,0,0,0,0,0,97.97,1.55,97.77,1.86,98.17,1.24,-0.4,0.62
district,Bagmati,Ramechhap,Total,9 Year,2613,39,2524,0,0,0,0,0,20,0,0,2,0,27,0,0,0,0,1,0,98.09,1.03,98.0,1.15,98.17,0.91,-0.17,0.24
district,Bagmati,Ramechhap,Total,10 Year,3035,4,2745,0,0,2,0,9,241,0,0,1,0,33,0,0,0,0,0,0,90.64,1.09,90.58,1.14,90.7,1.03,-0.12,0.11
district,Bagmati,Ramechhap,Total,11 Year,2700,5,1711,822,0,1,1,1,121,8,0,1,1,28,0,0,0,0,0,0,94.07,1.04,93.14,1.22,94.96,0.86,-1.82,0.36
district,Bagmati,Ramechhap,Total,12 Year,3337,4,1243,1942,0,2,0,5,79,26,0,0,1,35,0,0,0,0,0,0,95.62,1.05,95.19,1.14,96.06,0.96,-0.87,0.18
district,Bagmati,Ramechhap,Total,13 Year,3368,3,568,2653,0,0,0,0,72,32,0,0,0,40,0,0,0,0,0,0,95.72,1.19,95.88,0.94,95.59,1.41,0.29,-0.47
district,Bagmati,Ramechhap,Total,14 Year,3582,7,261,2345,793,1,0,2,74,47,9,0,2,41,0,0,0,0,0,0,95.11,1.14,94.9,1.23,95.33,1.06,-0.43,0.17
district,Bagmati,Ramechhap,Total,15 Year,3470,0,0,1626,1556,9,12,2,97,81,36,1,0,49,0,0,0,0,0,1,92.31,1.41,90.21,1.36,94.29,1.46,-4.08,-0.1
district,Bagmati,Ramechhap,Total,16 Year,2669,0,0,815,1475,5,11,3,109,137,72,0,1,41,0,0,0,0,0,0,86.4,1.54,86.5,1.51,86.29,1.57,0.21,-0.06
district,Bagmati,Ramechhap,Total,17 Year,1743,0,0,339,901,9,8,0,127,211,97,1,0,50,0,0,0,0,0,0,72.12,2.87,70.77,3.24,73.65,2.45,-2.88,0.79
district,Bagmati,Ramechhap,Total,18 Year,1786,0,0,181,719,12,8,1,199,345,237,3,4,76,0,0,0,0,0,1,51.51,4.26,51.97,4.24,50.98,4.27,0.99,-0.03
district,Bagmati,Ramechhap,Total,19 Year,1249,0,0,74,318,2,5,0,163,324,295,2,3,63,0,0,0,0,0,0,31.95,5.04,31.78,4.97,32.14,5.13,-0.36,-0.16
district,Bagmati,Ramechhap,Total,20 Year,1499,0,0,0,135,3,5,1,262,494,501,9,3,86,0,0,0,0,0,0,9.54,5.74,10.52,5.33,8.6,6.13,1.92,-0.8
district,Bagmati,Ramechhap,Total,21 Year,1265,0,0,0,64,1,5,3,216,411,475,4,2,83,0,0,0,0,0,1,5.53,6.56,5.74,5.9,5.33,7.21,0.41,-1.31
district,Bagmati,Ramechhap,Total,22 Year,1604,0,0,0,52,2,4,3,276,528,602,11,2,124,0,0,0,0,0,0,3.62,7.73,4.69,7.17,2.63,8.24,2.06,-1.07
district,Bagmati,Ramechhap,Total,23 Year,1484,0,0,0,33,3,2,1,257,479,598,11,6,94,0,0,0,0,0,0,2.56,6.33,3.24,4.65,1.94,7.87,1.3,-3.22
district,Bagmati,Ramechhap,Total,24 Year,1593,0,0,0,34,3,3,2,284,470,671,14,5,107,0,0,0,0,0,0,2.51,6.72,3.25,5.38,1.76,8.06,1.49,-2.68
district,Bagmati,Ramechhap,Total,25 Year,1695,0,0,0,0,3,2,3,305,502,668,32,11,169,0,0,0,0,0,0,0.29,9.97,0.0,6.03,0.57,13.61,-0.57,-7.58
district,Bagmati,Ramechhap,Male,All Ages,24381,1875,7702,5279,2950,44,38,19,1544,2245,1931,34,18,699,0,0,0,0,1,2,73.37,2.87,73.37,2.87,73.5,3.36,-0.13,-0.49
district,Bagmati,Ramechhap,Male,5 Year,1300,1203,0,0,0,0,0,2,0,0,0,0,0,94,0,0,0,0,0,1,92.54,7.23,92.54,7.23,90.72,8.7,1.82,-1.47
district,Bagmati,Ramechhap,Male,6 Year,1351,438,856,0,0,0,0,2,3,0,0,0,0,52,0,0,0,0,0,0,95.78,3.85,95.78,3.85,96.96,2.73,-1.18,1.12
district,Bagmati,Ramechhap,Male,7 Year,1159,152,978,0,0,3,0,1,5,0,0,0,0,20,0,0,0,0,0,0,97.76,1.73,97.76,1.73,97.35,2.4,0.41,-0.67
district,Bagmati,Ramechhap,Male,8 Year,1346,50,1266,0,0,0,0,0,4,0,0,0,1,25,0,0,0,0,0,0,97.77,1.86,97.77,1.86,98.17,1.24,-0.4,0.62
district,Bagmati,Ramechhap,Male,9 Year,1301,21,1254,0,0,0,0,0,9,0,0,1,0,15,0,0,0,0,1,0,98.0,1.15,98.0,1.15,98.17,0.91,-0.17,0.24
district,Bagmati,Ramechhap,Male,10 Year,1486,3,1341,0,0,2,0,4,119,0,0,0,0,17,0,0,0,0,0,0,90.58,1.14,90.58,1.14,90.7,1.03,-0.12,0.11
district,Bagmati,Ramechhap,Male,11 Year,1311,2,880,339,0,0,0,1,68,5,0,0,0,16,0,0,0,0,0,0,93.14,1.22,93.14,1.22,94.96,0.86,-1.82,0.36
district,Bagmati,Ramechhap,Male,12 Year,1662,3,670,907,0,2,0,2,47,11,0,0,1,19,0,0,0,0,0,0,95.19,1.14,95.19,1.14,96.06,0.96,-0.87,0.18
district,Bagmati,Ramechhap,Male,13 Year,1600,1,315,1218,0,0,0,0,32,19,0,0,0,15,0,0,0,0,0,0,95.88,0.94,95.88,0.94,95.59,1.41,0.29,-0.47
district,Bagmati,Ramechhap,Male,14 Year,1783,2,142,1200,347,1,0,0,42,23,3,0,1,22,0,0,0,0,0,0,94.9,1.23,94.9,1.23,95.33,1.06,-0.43,0.17
district,Bagmati,Ramechhap,Male,15 Year,1685,0,0,844,665,6,5,0,70,55,17,0,0,23,0,0,0,0,0,0,90.21,1.36,90.21,1.36,94.29,1.46,-4.08,-0.1
district,Bagmati,Ramechhap,Male,16 Year,1393,0,0,448,748,3,6,0,57,78,32,0,0,21,0,0,0,0,0,0,86.5,1.51,86.5,1.51,86.29,1.57,0.21,-0.06
district,Bagmati,Ramechhap,Male,17 Year,927,0,0,176,468,7,5,0,75,125,40,1,0,30,0,0,0,0,0,0,70.77,3.24,70.77,3.24,73.65,2.45,-2.88,0.79
district,Bagmati,Ramechhap,Male,18 Year,966,0,0,102,384,9,7,1,117,186,117,0,2,41,0,0,0,0,0,0,51.97,4.24,51.97,4.24,50.98,4.27,0.99,-0.03
district,Bagmati,Ramechhap,Male,19 Year,664,0,0,45,160,2,4,0,95,174,148,2,1,33,0,0,0,0,0,0,31.78,4.97,31.78,4.97,32.14,5.13,-0.36,-0.16
district,Bagmati,Ramechhap,Male,20 Year,732,0,0,0,73,2,2,1,135,269,208,2,1,39,0,0,0,0,0,0,10.52,5.33,10.52,5.33,8.6,6.13,1.92,-0.8
district,Bagmati,Ramechhap,Male,21 Year,627,0,0,0,31,1,4,0,112,239,202,0,0,37,0,0,0,0,0,1,5.74,5.9,5.74,5.9,5.33,7.21,0.41,-1.31
district,Bagmati,Ramechhap,Male,22 Year,767,0,0,0,32,2,2,1,135,280,257,3,0,55,0,0,0,0,0,0,4.69,7.17,4.69,7.17,2.63,8.24,2.06,-1.07
district,Bagmati,Ramechhap,Male,23 Year,709,0,0,0,19,2,2,1,132,255,254,8,3,33,0,0,0,0,0,0,3.24,4.65,3.24,4.65,1.94,7.87,1.3,-3.22
district,Bagmati,Ramechhap,Male,24 Year,799,0,0,0,23,2,1,2,146,245,326,7,4,43,0,0,0,0,0,0,3.25,5.38,3.25,5.38,1.76,8.06,1.49,-2.68
district,Bagmati,Ramechhap,Male,25 Year,813,0,0,0,0,0,0,1,141,281,327,10,4,49,0,0,0,0,0,0,0.0,6.03,0.0,6.03,0.57,13.61,-0.57,-7.58
district,Bagmati,Ramechhap,Female,All Ages,24543,1683,7664,5518,3130,17,28,27,1385,1850,2330,59,24,825,0,0,0,0,0,3,73.5,3.36,73.37,2.87,73.5,3.36,-0.13,-0.49
district,Bagmati,Ramechhap,Female,5 Year,1218,1105,0,0,0,0,0,5,0,0,0,1,0,106,0,0,0,0,0,1,90.72,8.7,92.54,7.23,90.72,8.7,1.82,-1.47
district,Bagmati,Ramechhap,Female,6 Year,1283,375,869,0,0,0,0,0,4,0,0,0,0,35,0,0,0,0,0,0,96.96,2.73,95.78,3.85,96.96,2.73,-1.18,1.12
district,Bagmati,Ramechhap,Female,7 Year,1206,132,1042,0,0,0,0,0,3,0,0,0,0,29,0,0,0,0,0,0,97.35,2.4,97.76,1.73,97.35,2.4,0.41,-0.67
district,Bagmati,Ramechhap,Female,8 Year,1369,41,1303,0,0,0,0,0,8,0,0,0,0,17,0,0,0,0,0,0,98.17,1.24,97.77,1.86,98.17,1.24,-0.4,0.62
district,Bagmati,Ramechhap,Female,9 Year,1312,18,1270,0,0,0,0,0,11,0,0,1,0,12,0,0,0,0,0,0,98.17,0.91,98.0,1.15,98.17,0.91,-0.17,0.24
district,Bagmati,Ramechhap,Female,10 Year,1549,1,1404,0,0,0,0,5,122,0,0,1,0,16,0,0,0,0,0,0,90.7,1.03,90.58,1.14,90.7,1.03,-0.12,0.11
district,Bagmati,Ramechhap,Female,11 Year,1389,3,831,483,0,1,1,0,53,3,0,1,1,12,0,0,0,0,0,0,94.96,0.86,93.14,1.22,94.96,0.86,-1.82,0.36
district,Bagmati,Ramechhap,Female,12 Year,1675,1,573,1035,0,0,0,3,32,15,0,0,0,16,0,0,0,0,0,0,96.06,0.96,95.19,1.14,96.06,0.96,-0.87,0.18
district,Bagmati,Ramechhap,Female,13 Year,1768,2,253,1435,0,0,0,0,40,13,0,0,0,25,0,0,0,0,0,0,95.59,1.41,95.88,0.94,95.59,1.41,0.29,-0.47
district,Bagmati,Ramechhap,Female,14 Year,1799,5,119,1145,446,0,0,2,32,24,6,0,1,19,0,0,0,0,0,0,95.33,1.06,94.9,1.23,95.33,1.06,-0.43,0.17
district,Bagmati,Ramechhap,Female,15 Year,1785,0,0,782,891,3,7,2,27,26,19,1,0,26,0,0,0,0,0,1,94.29,1.46,90.21,1.36,94.29,1.46,-4.08,-0.1
district,Bagmati,Ramechhap,Female,16 Year,1276,0,0,367,727,2,5,3,52,59,40,0,1,20,0,0,0,0,0,0,86.29,1.57,86.5,1.51,86.29,1.57,0.21,-0.06
district,Bagmati,Ramechhap,Female,17 Year,816,0,0,163,433,2,3,0,52,86,57,0,0,20,0,0,0,0,0,0,73.65,2.45,70.77,3.24,73.65,2.45,-2.88,0.79
district,Bagmati,Ramechhap,Female,18 Year,820,0,0,79,335,3,1,0,82,159,120,3,2,35,0,0,0,0,0,1,50.98,4.27,51.97,4.24,50.98,4.27,0.99,-0.03
district,Bagmati,Ramechhap,Female,19 Year,585,0,0,29,158,0,1,0,68,150,147,0,2,30,0,0,0,0,0,0,32.14,5.13,31.78,4.97,32.14,5.13,-0.36,-0.16
district,Bagmati,Ramechhap,Female,20 Year,767,0,0,0,62,1,3,0,127,225,293,7,2,47,0,0,0,0,0,0,8.6,6.13,10.52,5.33,8.6,6.13,1.92,-0.8
district,Bagmati,Ramechhap,Female,21 Year,638,0,0,0,33,0,1,3,104,172,273,4,2,46,0,0,0,0,0,0,5.33,7.21,5.74,5.9,5.33,7.21,0.41,-1.31
district,Bagmati,Ramechhap,Female,22 Year,837,0,0,0,20,0,2,2,141,248,345,8,2,69,0,0,0,0,0,0,2.63,8.24,4.69,7.17,2.63,8.24,2.06,-1.07
district,Bagmati,Ramechhap,Female,23 Year,775,0,0,0,14,1,0,0,125,224,344,3,3,61,0,0,0,0,0,0,1.94,7.87,3.24,4.65,1.94,7.87,1.3,-3.22
district,Bagmati,Ramechhap,Female,24 Year,794,0,0,0,11,1,2,0,138,225,345,7,1,64,0,0,0,0,0,0,1.76,8.06,3.25,5.38,1.76,8.06,1.49,-2.68
district,Bagmati,Ramechhap,Female,25 Year,882,0,0,0,0,3,2,2,164,221,341,22,7,120,0,0,0,0,0,0,0.57,13.61,0.0,6.03,0.57,13.61,-0.57,-7.58
district,Bagmati,Sindhuli,Total,All Ages,101081,7602,32569,19621,10763,31,146,62,7807,9043,8033,146,70,5146,0,0,0,0,0,42,69.98,5.09,70.07,4.33,69.88,5.86,0.19,-1.53
district,Bagmati,Sindhuli,Total,5 Year,5376,4755,0,0,0,0,0,5,0,0,0,5,2,581,0,0,0,0,0,28,88.45,10.81,88.21,10.98,88.69,10.63,-0.48,0.35
district,Bagmati,Sindhuli,Total,6 Year,5612,1718,3534,0,0,0,0,0,5,0,0,4,2,345,0,0,0,0,0,4,93.59,6.15,92.99,6.83,94.21,5.43,-1.22,1.4
district,Bagmati,Sindhuli,Total,7 Year,5191,733,4267,0,0,0,0,0,5,0,0,2,0,181,0,0,0,0,0,3,96.32,3.49,96.27,3.54,96.37,3.43,-0.1,0.11
district,Bagmati,Sindhuli,Total,8 Year,5616,262,5182,0,0,0,0,1,14,0,0,2,1,152,0,0,0,0,0,2,96.94,2.71,97.2,2.45,96.68,2.97,0.52,-0.52
district,Bagmati,Sindhuli,Total,9 Year,5575,88,5353,0,0,0,0,0,16,0,0,1,0,115,0,0,0,0,0,2,97.6,2.06,97.73,1.84,97.46,2.29,0.27,-0.45
district,Bagmati,Sindhuli,Total,10 Year,6236,25,5582,0,0,1,1,14,526,0,0,2,0,85,0,0,0,0,0,0,89.95,1.36,89.49,1.47,90.42,1.25,-0.93,0.22
district,Bagmati,Sindhuli,Total,11 Year,5497,10,3602,1506,0,0,0,4,284,20,0,1,0,69,0,0,0,0,0,1,93.11,1.26,92.79,1.47,93.43,1.03,-0.64,0.44
district,Bagmati,Sindhuli,Total,12 Year,6694,5,2870,3421,0,0,0,7,232,45,0,0,1,113,0,0,0,0,0,0,94.05,1.69,93.36,1.76,94.76,1.62,-1.4,0.14
district,Bagmati,Sindhuli,Total,13 Year,6572,2,1454,4695,0,0,1,1,218,96,0,0,1,104,0,0,0,0,0,0,93.61,1.58,93.09,1.97,94.13,1.19,-1.04,0.78
district,Bagmati,Sindhuli,Total,14 Year,6848,4,725,4202,1384,0,1,5,265,120,30,1,0,111,0,0,0,0,0,0,92.23,1.62,91.31,1.86,93.13,1.38,-1.82,0.48
district,Bagmati,Sindhuli,Total,15 Year,6191,0,0,2817,2504,1,36,3,378,266,73,1,0,112,0,0,0,0,0,0,86.54,1.81,84.8,1.93,88.3,1.69,-3.5,0.24
district,Bagmati,Sindhuli,Total,16 Year,5298,0,0,1559,2565,1,20,0,445,424,124,1,1,158,0,0,0,0,0,0,78.24,2.98,77.31,2.6,79.23,3.39,-1.92,-0.79
district,Bagmati,Sindhuli,Total,17 Year,4015,0,0,746,1822,1,17,1,437,556,265,1,1,167,0,0,0,0,0,1,64.41,4.16,64.94,3.59,63.83,4.77,1.11,-1.18
district,Bagmati,Sindhuli,Total,18 Year,4059,0,0,457,1242,4,7,2,651,867,552,6,3,268,0,0,0,0,0,0,42.13,6.6,41.99,5.53,42.28,7.77,-0.29,-2.24
district,Bagmati,Sindhuli,Total,19 Year,2997,0,0,218,576,1,11,0,519,783,660,5,1,223,0,0,0,0,0,0,26.89,7.44,27.11,5.55,26.67,9.41,0.44,-3.86
district,Bagmati,Sindhuli,Total,20 Year,3509,0,0,0,284,2,22,3,680,1092,1039,12,12,363,0,0,0,0,0,0,8.78,10.34,9.53,7.65,7.98,13.2,1.55,-5.55
district,Bagmati,Sindhuli,Total,21 Year,2885,0,0,0,156,5,4,5,580,928,890,10,8,299,0,0,0,0,0,0,5.72,10.36,6.42,7.6,5.03,13.09,1.39,-5.49
district,Bagmati,Sindhuli,Total,22 Year,3448,0,0,0,115,2,8,7,657,1088,1120,15,12,424,0,0,0,0,0,0,3.63,12.3,3.25,9.22,3.99,15.26,-0.74,-6.04
district,Bagmati,Sindhuli,Total,23 Year,2922,0,0,0,65,4,4,1,552,901,1013,17,9,356,0,0,0,0,0,0,2.5,12.18,1.87,8.85,3.07,15.21,-1.2,-6.36
district,Bagmati,Sindhuli,Total,24 Year,3085,0,0,0,50,1,2,1,622,903,1086,29,3,388,0,0,0,0,0,0,1.72,12.58,1.64,7.66,1.79,17.01,-0.15,-9.35
district,Bagmati,Sindhuli,Total,25 Year,3455,0,0,0,0,8,12,2,721,954,1181,31,13,532,0,0,0,0,0,1,0.58,15.4,0.38,10.75,0.75,19.37,-0.37,-8.62
district,Bagmati,Sindhuli,Male,All Ages,50827,3958,16591,9821,5161,14,72,33,4084,5018,3764,56,31,2201,0,0,0,0,0,23,70.07,4.33,70.07,4.33,69.88,5.86,0.19,-1.53
district,Bagmati,Sindhuli,Male,5 Year,2723,2402,0,0,0,0,0,2,0,0,0,3,2,299,0,0,0,0,0,15,88.21,10.98,88.21,10.98,88.69,10.63,-0.48,0.35
district,Bagmati,Sindhuli,Male,6 Year,2868,936,1731,0,0,0,0,0,2,0,0,0,1,196,0,0,0,0,0,2,92.99,6.83,92.99,6.83,94.21,5.43,-1.22,1.4
district,Bagmati,Sindhuli,Male,7 Year,2627,404,2125,0,0,0,0,0,3,0,0,0,0,93,0,0,0,0,0,2,96.27,3.54,96.27,3.54,96.37,3.43,-0.1,0.11
district,Bagmati,Sindhuli,Male,8 Year,2819,152,2588,0,0,0,0,1,7,0,0,0,1,69,0,0,0,0,0,1,97.2,2.45,97.2,2.45,96.68,2.97,0.52,-0.52
district,Bagmati,Sindhuli,Male,9 Year,2822,43,2715,0,0,0,0,0,10,0,0,1,0,52,0,0,0,0,0,1,97.73,1.84,97.73,1.84,97.46,2.29,0.27,-0.45
district,Bagmati,Sindhuli,Male,10 Year,3198,12,2849,0,0,1,0,11,277,0,0,1,0,47,0,0,0,0,0,0,89.49,1.47,89.49,1.47,90.42,1.25,-0.93,0.22
district,Bagmati,Sindhuli,Male,11 Year,2788,6,1876,705,0,0,0,1,147,11,0,0,0,41,0,0,0,0,0,1,92.79,1.47,92.79,1.47,93.43,1.03,-0.64,0.44
district,Bagmati,Sindhuli,Male,12 Year,3356,2,1495,1636,0,0,0,4,132,27,0,0,1,59,0,0,0,0,0,0,93.36,1.76,93.36,1.76,94.76,1.62,-1.4,0.14
district,Bagmati,Sindhuli,Male,13 Year,3299,1,812,2257,0,0,1,1,115,47,0,0,0,65,0,0,0,0,0,0,93.09,1.97,93.09,1.97,94.13,1.19,-1.04,0.78
district,Bagmati,Sindhuli,Male,14 Year,3382,0,400,2074,613,0,1,4,143,70,13,1,0,63,0,0,0,0,0,0,91.31,1.86,91.31,1.86,93.13,1.38,-1.82,0.48
district,Bagmati,Sindhuli,Male,15 Year,3106,0,0,1487,1129,1,17,1,217,158,35,1,0,60,0,0,0,0,0,0,84.8,1.93,84.8,1.93,88.3,1.69,-3.5,0.24
district,Bagmati,Sindhuli,Male,16 Year,2732,0,0,845,1251,1,15,0,250,254,43,1,1,71,0,0,0,0,0,0,77.31,2.6,77.31,2.6,79.23,3.39,-1.92,-0.79
district,Bagmati,Sindhuli,Male,17 Year,2088,0,0,419,927,1,9,1,230,313,111,1,1,75,0,0,0,0,0,0,64.94,3.59,64.94,3.59,63.83,4.77,1.11,-1.18
district,Bagmati,Sindhuli,Male,18 Year,2115,0,0,271,613,2,2,1,348,488,269,2,2,117,0,0,0,0,0,0,41.99,5.53,41.99,5.53,42.28,7.77,-0.29,-2.24
district,Bagmati,Sindhuli,Male,19 Year,1531,0,0,127,282,1,5,0,282,455,293,1,0,85,0,0,0,0,0,0,27.11,5.55,27.11,5.55,26.67,9.41,0.44,-3.86
district,Bagmati,Sindhuli,Male,20 Year,1804,0,0,0,156,1,15,2,358,635,487,6,6,138,0,0,0,0,0,0,9.53,7.65,9.53,7.65,7.98,13.2,1.55,-5.55
district,Bagmati,Sindhuli,Male,21 Year,1434,0,0,0,89,2,1,1,303,520,403,4,2,109,0,0,0,0,0,0,6.42,7.6,6.42,7.6,5.03,13.09,1.39,-5.49
district,Bagmati,Sindhuli,Male,22 Year,1692,0,0,0,53,1,1,2,340,591,540,4,4,156,0,0,0,0,0,0,3.25,9.22,3.25,9.22,3.99,15.26,-0.74,-6.04
district,Bagmati,Sindhuli,Male,23 Year,1390,0,0,0,24,1,1,0,274,478,479,6,4,123,0,0,0,0,0,0,1.87,8.85,1.87,8.85,3.07,15.21,-1.2,-6.36
district,Bagmati,Sindhuli,Male,24 Year,1462,0,0,0,24,0,0,0,294,489,530,12,1,112,0,0,0,0,0,0,1.64,7.66,1.64,7.66,1.79,17.01,-0.15,-9.35
district,Bagmati,Sindhuli,Male,25 Year,1591,0,0,0,0,2,4,1,352,482,561,12,5,171,0,0,0,0,0,1,0.38,10.75,0.38,10.75,0.75,19.37,-0.37,-8.62
district,Bagmati,Sindhuli,Female,All Ages,50254,3644,15978,9800,5602,17,74,29,3723,4025,4269,90,39,2945,0,0,0,0,0,19,69.88,5.86,70.07,4.33,69.88,5.86,0.19,-1.53
district,Bagmati,Sindhuli,Female,5 Year,2653,2353,0,0,0,0,0,3,0,0,0,2,0,282,0,0,0,0,0,13,88.69,10.63,88.21,10.98,88.69,10.63,-0.48,0.35
district,Bagmati,Sindhuli,Female,6 Year,2744,782,1803,0,0,0,0,0,3,0,0,4,1,149,0,0,0,0,0,2,94.21,5.43,92.99,6.83,94.21,5.43,-1.22,1.4
district,Bagmati,Sindhuli,Female,7 Year,2564,329,2142,0,0,0,0,0,2,0,0,2,0,88,0,0,0,0,0,1,96.37,3.43,96.27,3.54,96.37,3.43,-0.1,0.11
district,Bagmati,Sindhuli,Female,8 Year,2797,110,2594,0,0,0,0,0,7,0,0,2,0,83,0,0,0,0,0,1,96.68,2.97,97.2,2.45,96.68,2.97,0.52,-0.52
district,Bagmati,Sindhuli,Female,9 Year,2753,45,2638,0,0,0,0,0,6,0,0,0,0,63,0,0,0,0,0,1,97.46,2.29,97.73,1.84,97.46,2.29,0.27,-0.45
district,Bagmati,Sindhuli,Female,10 Year,3038,13,2733,0,0,0,1,3,249,0,0,1,0,38,0,0,0,0,0,0,90.42,1.25,89.49,1.47,90.42,1.25,-0.93,0.22
district,Bagmati,Sindhuli,Female,11 Year,2709,4,1726,801,0,0,0,3,137,9,0,1,0,28,0,0,0,0,0,0,93.43,1.03,92.79,1.47,93.43,1.03,-0.64,0.44
district,Bagmati,Sindhuli,Female,12 Year,3338,3,1375,1785,0,0,0,3,100,18,0,0,0,54,0,0,0,0,0,0,94.76,1.62,93.36,1.76,94.76,1.62,-1.4,0.14
district,Bagmati,Sindhuli,Female,13 Year,3273,1,642,2438,0,0,0,0,103,49,0,0,1,39,0,0,0,0,0,0,94.13,1.19,93.09,1.97,94.13,1.19,-1.04,0.78
district,Bagmati,Sindhuli,Female,14 Year,3466,4,325,2128,771,0,0,1,122,50,17,0,0,48,0,0,0,0,0,0,93.13,1.38,91.31,1.86,93.13,1.38,-1.82,0.48
district,Bagmati,Sindhuli,Female,15 Year,3085,0,0,1330,1375,0,19,2,161,108,38,0,0,52,0,0,0,0,0,0,88.3,1.69,84.8,1.93,88.3,1.69,-3.5,0.24
district,Bagmati,Sindhuli,Female,16 Year,2566,0,0,714,1314,0,5,0,195,170,81,0,0,87,0,0,0,0,0,0,79.23,3.39,77.31,2.6,79.23,3.39,-1.92,-0.79
district,Bagmati,Sindhuli,Female,17 Year,1927,0,0,327,895,0,8,0,207,243,154,0,0,92,0,0,0,0,0,1,63.83,4.77,64.94,3.59,63.83,4.77,1.11,-1.18
district,Bagmati,Sindhuli,Female,18 Year,1944,0,0,186,629,2,5,1,303,379,283,4,1,151,0,0,0,0,0,0,42.28,7.77,41.99,5.53,42.28,7.77,-0.29,-2.24
district,Bagmati,Sindhuli,Female,19 Year,1466,0,0,91,294,0,6,0,237,328,367,4,1,138,0,0,0,0,0,0,26.67,9.41,27.11,5.55,26.67,9.41,0.44,-3.86
district,Bagmati,Sindhuli,Female,20 Year,1705,0,0,0,128,1,7,1,322,457,552,6,6,225,0,0,0,0,0,0,7.98,13.2,9.53,7.65,7.98,13.2,1.55,-5.55
district,Bagmati,Sindhuli,Female,21 Year,1451,0,0,0,67,3,3,4,277,408,487,6,6,190,0,0,0,0,0,0,5.03,13.09,6.42,7.6,5.03,13.09,1.39,-5.49
district,Bagmati,Sindhuli,Female,22 Year,1756,0,0,0,62,1,7,5,317,497,580,11,8,268,0,0,0,0,0,0,3.99,15.26,3.25,9.22,3.99,15.26,-0.74,-6.04
district,Bagmati,Sindhuli,Female,23 Year,1532,0,0,0,41,3,3,1,278,423,534,11,5,233,0,0,0,0,0,0,3.07,15.21,1.87,8.85,3.07,15.21,-1.2,-6.36
district,Bagmati,Sindhuli,Female,24 Year,1623,0,0,0,26,1,2,1,328,414,556,17,2,276,0,0,0,0,0,0,1.79,17.01,1.64,7.66,1.79,17.01,-0.15,-9.35
district,Bagmati,Sindhuli,Female,25 Year,1864,0,0,0,0,6,8,1,369,472,620,19,8,361,0,0,0,0,0,0,0.75,19.37,0.38,10.75,0.75,19.37,-0.37,-8.62
district,Bagmati,Makwanpur,Total,All Ages,146072,11444,45772,25842,12087,59,289,118,17105,17512,8623,165,130,6920,0,0,0,0,0,6,65.37,4.74,64.14,4.39,66.7,5.1,-2.56,-0.71
district,Bagmati,Makwanpur,Total,5 Year,7963,7238,0,0,0,3,0,28,0,0,0,1,1,690,0,0,0,0,0,2,90.93,8.67,91.22,8.34,90.63,9.01,0.59,-0.67
district,Bagmati,Makwanpur,Total,6 Year,8241,2893,4867,0,0,1,0,4,29,0,0,0,3,444,0,0,0,0,0,0,94.18,5.39,93.85,5.74,94.54,5.01,-0.69,0.73
district,Bagmati,Makwanpur,Total,7 Year,7646,899,6437,0,0,0,2,1,38,0,0,0,0,269,0,0,0,0,0,0,95.97,3.52,96.1,3.42,95.84,3.63,0.26,-0.21
district,Bagmati,Makwanpur,Total,8 Year,8106,268,7550,0,0,0,1,0,49,0,0,0,0,238,0,0,0,0,0,0,96.46,2.94,96.7,2.85,96.2,3.03,0.5,-0.18
district,Bagmati,Makwanpur,Total,9 Year,8182,102,7812,0,0,0,0,2,73,0,0,0,2,191,0,0,0,0,0,0,96.72,2.33,96.66,2.45,96.79,2.22,-0.13,0.23
district,Bagmati,Makwanpur,Total,10 Year,8855,22,7872,0,0,0,1,9,755,0,0,1,2,193,0,0,0,0,0,0,89.16,2.18,88.56,2.06,89.8,2.31,-1.24,-0.25
district,Bagmati,Makwanpur,Total,11 Year,7568,8,4900,2087,0,0,0,7,392,30,0,1,0,143,0,0,0,0,0,0,92.43,1.89,91.66,1.82,93.22,1.96,-1.56,-0.14
district,Bagmati,Makwanpur,Total,12 Year,9109,4,3507,4906,0,1,0,7,395,91,0,0,1,197,0,0,0,0,0,0,92.41,2.16,91.65,2.49,93.23,1.82,-1.58,0.67
district,Bagmati,Makwanpur,Total,13 Year,8577,6,1849,5969,0,0,0,5,439,148,0,0,0,161,0,0,0,0,0,0,91.22,1.88,89.73,2.08,92.7,1.67,-2.97,0.41
district,Bagmati,Makwanpur,Total,14 Year,8816,4,978,5224,1581,0,0,5,574,229,37,0,2,182,0,0,0,0,0,0,88.33,2.06,85.95,2.34,90.65,1.79,-4.7,0.55
district,Bagmati,Makwanpur,Total,15 Year,8558,0,0,3665,3189,13,76,2,762,524,89,0,4,234,0,0,0,0,0,0,81.13,2.73,77.9,2.96,84.47,2.5,-6.57,0.46
district,Bagmati,Makwanpur,Total,16 Year,7181,0,0,2128,2946,6,28,4,918,728,182,4,1,236,0,0,0,0,0,0,71.13,3.29,67.13,3.27,75.61,3.31,-8.48,-0.04
district,Bagmati,Makwanpur,Total,17 Year,5373,0,0,1026,1918,4,43,0,813,1031,306,4,1,226,0,0,0,0,0,1,55.67,4.21,53.16,3.87,58.58,4.59,-5.42,-0.72
district,Bagmati,Makwanpur,Total,18 Year,5795,0,0,597,1284,3,13,3,1350,1591,604,1,4,345,0,0,0,0,0,0,32.74,5.95,30.48,5.7,35.61,6.27,-5.13,-0.57
district,Bagmati,Makwanpur,Total,19 Year,4706,0,0,240,626,6,18,3,1170,1603,716,8,6,309,0,0,0,0,0,1,18.91,6.57,17.77,5.81,20.24,7.45,-2.47,-1.64
district,Bagmati,Makwanpur,Total,20 Year,5501,0,0,0,288,4,37,5,1560,1997,1121,18,21,450,0,0,0,0,0,0,5.98,8.18,5.96,6.59,6.0,9.94,-0.04,-3.35
district,Bagmati,Makwanpur,Total,21 Year,4634,0,0,0,104,4,17,3,1312,1787,992,17,10,388,0,0,0,0,0,0,2.7,8.37,2.96,6.2,2.4,10.85,0.56,-4.65
district,Bagmati,Makwanpur,Total,22 Year,5467,0,0,0,73,3,16,7,1592,2027,1180,25,23,521,0,0,0,0,0,0,1.68,9.53,1.81,8.41,1.55,10.78,0.26,-2.37
district,Bagmati,Makwanpur,Total,23 Year,4843,0,0,0,46,6,12,6,1477,1770,1062,27,20,416,0,0,0,0,0,1,1.32,8.59,1.24,6.57,1.4,10.61,-0.16,-4.04
district,Bagmati,Makwanpur,Total,24 Year,5150,0,0,0,32,5,15,9,1581,1885,1098,31,12,481,0,0,0,0,0,1,1.01,9.34,0.81,8.32,1.21,10.38,-0.4,-2.06
district,Bagmati,Makwanpur,Total,25 Year,5801,0,0,0,0,0,10,8,1826,2071,1236,27,17,606,0,0,0,0,0,0,0.17,10.45,0.2,8.25,0.14,12.69,0.06,-4.44
district,Bagmati,Makwanpur,Male,All Ages,75499,6053,23668,12791,5735,31,146,56,9897,9662,3992,81,67,3318,0,0,0,0,0,2,64.14,4.39,64.14,4.39,66.7,5.1,-2.56,-0.71
district,Bagmati,Makwanpur,Male,5 Year,4111,3748,0,0,0,2,0,15,0,0,0,1,1,343,0,0,0,0,0,1,91.22,8.34,91.22,8.34,90.63,9.01,0.59,-0.67
district,Bagmati,Makwanpur,Male,6 Year,4306,1565,2475,0,0,1,0,0,17,0,0,0,1,247,0,0,0,0,0,0,93.85,5.74,93.85,5.74,94.54,5.01,-0.69,0.73
district,Bagmati,Makwanpur,Male,7 Year,3923,520,3249,0,0,0,1,0,19,0,0,0,0,134,0,0,0,0,0,0,96.1,3.42,96.1,3.42,95.84,3.63,0.26,-0.21
district,Bagmati,Makwanpur,Male,8 Year,4242,140,3961,0,0,0,1,0,19,0,0,0,0,121,0,0,0,0,0,0,96.7,2.85,96.7,2.85,96.2,3.03,0.5,-0.18
district,Bagmati,Makwanpur,Male,9 Year,4165,58,3968,0,0,0,0,1,34,0,0,0,2,102,0,0,0,0,0,0,96.66,2.45,96.66,2.45,96.79,2.22,-0.13,0.23
district,Bagmati,Makwanpur,Male,10 Year,4570,14,4032,0,0,0,1,5,422,0,0,1,1,94,0,0,0,0,0,0,88.56,2.06,88.56,2.06,89.8,2.31,-1.24,-0.25
district,Bagmati,Makwanpur,Male,11 Year,3849,4,2552,972,0,0,0,2,228,20,0,1,0,70,0,0,0,0,0,0,91.66,1.82,91.66,1.82,93.22,1.96,-1.56,-0.14
district,Bagmati,Makwanpur,Male,12 Year,4705,3,1915,2394,0,0,0,3,226,46,0,0,1,117,0,0,0,0,0,0,91.65,2.49,91.65,2.49,93.23,1.82,-1.58,0.67
district,Bagmati,Makwanpur,Male,13 Year,4275,0,987,2849,0,0,0,1,258,91,0,0,0,89,0,0,0,0,0,0,89.73,2.08,89.73,2.08,92.7,1.67,-2.97,0.41
district,Bagmati,Makwanpur,Male,14 Year,4357,1,529,2554,661,0,0,3,347,140,19,0,1,102,0,0,0,0,0,0,85.95,2.34,85.95,2.34,90.65,1.79,-4.7,0.55
district,Bagmati,Makwanpur,Male,15 Year,4352,0,0,1909,1431,8,42,1,460,325,44,0,3,129,0,0,0,0,0,0,77.9,2.96,77.9,2.96,84.47,2.5,-6.57,0.46
district,Bagmati,Makwanpur,Male,16 Year,3794,0,0,1123,1407,2,15,3,565,455,98,1,1,124,0,0,0,0,0,0,67.13,3.27,67.13,3.27,75.61,3.31,-8.48,-0.04
district,Bagmati,Makwanpur,Male,17 Year,2891,0,0,546,967,0,24,0,502,597,139,3,1,112,0,0,0,0,0,0,53.16,3.87,53.16,3.87,58.58,4.59,-5.42,-0.72
district,Bagmati,Makwanpur,Male,18 Year,3245,0,0,321,662,3,3,0,841,942,286,1,1,185,0,0,0,0,0,0,30.48,5.7,30.48,5.7,35.61,6.27,-5.13,-0.57
district,Bagmati,Makwanpur,Male,19 Year,2532,0,0,123,313,4,10,3,726,861,337,4,3,147,0,0,0,0,0,1,17.77,5.81,17.77,5.81,20.24,7.45,-2.47,-1.64
district,Bagmati,Makwanpur,Male,20 Year,2884,0,0,0,151,2,19,1,880,1118,504,7,12,190,0,0,0,0,0,0,5.96,6.59,5.96,6.59,6.0,9.94,-0.04,-3.35
district,Bagmati,Makwanpur,Male,21 Year,2469,0,0,0,64,3,6,2,759,994,475,8,5,153,0,0,0,0,0,0,2.96,6.2,2.96,6.2,2.4,10.85,0.56,-4.65
district,Bagmati,Makwanpur,Male,22 Year,2879,0,0,0,44,2,6,4,912,1072,572,13,12,242,0,0,0,0,0,0,1.81,8.41,1.81,8.41,1.55,10.78,0.26,-2.37
district,Bagmati,Makwanpur,Male,23 Year,2421,0,0,0,23,2,5,4,824,929,457,12,6,159,0,0,0,0,0,0,1.24,6.57,1.24,6.57,1.4,10.61,-0.16,-4.04
district,Bagmati,Makwanpur,Male,24 Year,2597,0,0,0,12,2,7,4,847,982,505,16,6,216,0,0,0,0,0,0,0.81,8.32,0.81,8.32,1.21,10.38,-0.4,-2.06
district,Bagmati,Makwanpur,Male,25 Year,2932,0,0,0,0,0,6,4,1011,1090,556,13,10,242,0,0,0,0,0,0,0.2,8.25,0.2,8.25,0.14,12.69,0.06,-4.44
district,Bagmati,Makwanpur,Female,All Ages,70573,5391,22104,13051,6352,28,143,62,7208,7850,4631,84,63,3602,0,0,0,0,0,4,66.7,5.1,64.14,4.39,66.7,5.1,-2.56,-0.71
district,Bagmati,Makwanpur,Female,5 Year,3852,3490,0,0,0,1,0,13,0,0,0,0,0,347,0,0,0,0,0,1,90.63,9.01,91.22,8.34,90.63,9.01,0.59,-0.67
district,Bagmati,Makwanpur,Female,6 Year,3935,1328,2392,0,0,0,0,4,12,0,0,0,2,197,0,0,0,0,0,0,94.54,5.01,93.85,5.74,94.54,5.01,-0.69,0.73
district,Bagmati,Makwanpur,Female,7 Year,3723,379,3188,0,0,0,1,1,19,0,0,0,0,135,0,0,0,0,0,0,95.84,3.63,96.1,3.42,95.84,3.63,0.26,-0.21
district,Bagmati,Makwanpur,Female,8 Year,3864,128,3589,0,0,0,0,0,30,0,0,0,0,117,0,0,0,0,0,0,96.2,3.03,96.7,2.85,96.2,3.03,0.5,-0.18
district,Bagmati,Makwanpur,Female,9 Year,4017,44,3844,0,0,0,0,1,39,0,0,0,0,89,0,0,0,0,0,0,96.79,2.22,96.66,2.45,96.79,2.22,-0.13,0.23
district,Bagmati,Makwanpur,Female,10 Year,4285,8,3840,0,0,0,0,4,333,0,0,0,1,99,0,0,0,0,0,0,89.8,2.31,88.56,2.06,89.8,2.31,-1.24,-0.25
district,Bagmati,Makwanpur,Female,11 Year,3719,4,2348,1115,0,0,0,5,164,10,0,0,0,73,0,0,0,0,0,0,93.22,1.96,91.66,1.82,93.22,1.96,-1.56,-0.14
district,Bagmati,Makwanpur,Female,12 Year,4404,1,1592,2512,0,1,0,4,169,45,0,0,0,80,0,0,0,0,0,0,93.23,1.82,91.65,2.49,93.23,1.82,-1.58,0.67
district,Bagmati,Makwanpur,Female,13 Year,4302,6,862,3120,0,0,0,4,181,57,0,0,0,72,0,0,0,0,0,0,92.7,1.67,89.73,2.08,92.7,1.67,-2.97,0.41
district,Bagmati,Makwanpur,Female,14 Year,4459,3,449,2670,920,0,0,2,227,89,18,0,1,80,0,0,0,0,0,0,90.65,1.79,85.95,2.34,90.65,1.79,-4.7,0.55
district,Bagmati,Makwanpur,Female,15 Year,4206,0,0,1756,1758,5,34,1,302,199,45,0,1,105,0,0,0,0,0,0,84.47,2.5,77.9,2.96,84.47,2.5,-6.57,0.46
district,Bagmati,Makwanpur,Female,16 Year,3387,0,0,1005,1539,4,13,1,353,273,84,3,0,112,0,0,0,0,0,0,75.61,3.31,67.13,3.27,75.61,3.31,-8.48,-0.04
district,Bagmati,Makwanpur,Female,17 Year,2482,0,0,480,951,4,19,0,311,434,167,1,0,114,0,0,0,0,0,1,58.58,4.59,53.16,3.87,58.58,4.59,-5.42,-0.72
district,Bagmati,Makwanpur,Female,18 Year,2550,0,0,276,622,0,10,3,509,649,318,0,3,160,0,0,0,0,0,0,35.61,6.27,30.48,5.7,35.61,6.27,-5.13,-0.57
district,Bagmati,Makwanpur,Female,19 Year,2174,0,0,117,313,2,8,0,444,742,379,4,3,162,0,0,0,0,0,0,20.24,7.45,17.77,5.81,20.24,7.45,-2.47,-1.64
district,Bagmati,Makwanpur,Female,20 Year,2617,0,0,0,137,2,18,4,680,879,617,11,9,260,0,0,0,0,0,0,6.0,9.94,5.96,6.59,6.0,9.94,-0.04,-3.35
district,Bagmati,Makwanpur,Female,21 Year,2165,0,0,0,40,1,11,1,553,793,517,9,5,235,0,0,0,0,0,0,2.4,10.85,2.96,6.2,2.4,10.85,0.56,-4.65
district,Bagmati,Makwanpur,Female,22 Year,2588,0,0,0,29,1,10,3,680,955,608,12,11,279,0,0,0,0,0,0,1.55,10.78,1.81,8.41,1.55,10.78,0.26,-2.37
district,Bagmati,Makwanpur,Female,23 Year,2422,0,0,0,23,4,7,2,653,841,605,15,14,257,0,0,0,0,0,1,1.4,10.61,1.24,6.57,1.4,10.61,-0.16,-4.04
district,Bagmati,Makwanpur,Female,24 Year,2553,0,0,0,20,3,8,5,734,903,593,15,6,265,0,0,0,0,0,1,1.21,10.38,0.81,8.32,1.21,10.38,-0.4,-2.06
district,Bagmati,Makwanpur,Female,25 Year,2869,0,0,0,0,0,4,4,815,981,680,14,7,364,0,0,0,0,0,0,0.14,12.69,0.2,8.25,0.14,12.69,0.06,-4.44
district,Bagmati,Chitawan,Total,All Ages,182615,18525,62366,35392,18443,80,278,167,13626,15897,11101,194,118,6400,0,2,0,0,6,20,73.97,3.5,74.57,3.32,73.3,3.71,1.27,-0.39
district,Bagmati,Chitawan,Total,5 Year,11342,10586,0,0,0,1,1,34,0,0,0,0,7,694,0,0,0,0,5,14,93.35,6.12,93.06,6.42,93.7,5.76,-0.64,0.66
district,Bagmati,Chitawan,Total,6 Year,11689,5426,5875,0,0,0,1,12,28,0,0,1,0,344,0,0,0,0,0,2,96.69,2.94,96.89,2.76,96.46,3.16,0.43,-0.4
district,Bagmati,Chitawan,Total,7 Year,11284,1766,9233,0,0,0,1,3,45,0,0,3,1,232,0,0,0,0,0,0,97.48,2.06,97.43,2.19,97.54,1.9,-0.11,0.29
district,Bagmati,Chitawan,Total,8 Year,11553,500,10823,0,0,1,0,2,49,0,0,2,3,173,0,0,0,0,0,0,98.02,1.5,97.95,1.48,98.1,1.52,-0.15,-0.04
district,Bagmati,Chitawan,Total,9 Year,11653,148,11286,0,0,1,0,0,72,0,0,2,2,140,0,2,0,0,0,0,98.13,1.2,98.28,1.06,97.95,1.36,0.33,-0.3
district,Bagmati,Chitawan,Total,10 Year,12714,47,11473,0,0,0,1,19,1008,0,0,1,1,162,0,0,0,0,0,2,90.62,1.27,90.11,1.23,91.2,1.32,-1.09,-0.09
district,Bagmati,Chitawan,Total,11 Year,10865,11,7064,3156,0,0,0,11,446,38,0,2,0,137,0,0,0,0,0,0,94.16,1.26,93.6,1.49,94.81,1.0,-1.21,0.49
district,Bagmati,Chitawan,Total,12 Year,12302,10,4050,7575,0,0,0,9,382,99,0,2,1,174,0,0,0,0,0,0,94.58,1.41,94.51,1.34,94.65,1.5,-0.14,-0.16
district,Bagmati,Chitawan,Total,13 Year,11694,9,1665,9410,0,0,0,6,298,156,0,2,4,144,0,0,0,0,0,0,94.78,1.23,94.3,1.3,95.32,1.15,-1.02,0.15
district,Bagmati,Chitawan,Total,14 Year,12173,22,896,7407,3023,2,0,6,379,224,59,3,0,152,0,0,0,0,0,0,93.24,1.25,92.33,1.39,94.23,1.1,-1.9,0.29
district,Bagmati,Chitawan,Total,15 Year,11134,0,0,4319,5566,11,54,9,525,336,125,2,0,187,0,0,0,0,0,0,89.37,1.68,87.92,1.83,91.06,1.5,-3.14,0.33
district,Bagmati,Chitawan,Total,16 Year,8030,0,0,1914,4457,5,49,2,643,563,168,3,1,225,0,0,0,0,0,0,80.01,2.8,78.07,3.07,82.39,2.47,-4.32,0.6
district,Bagmati,Chitawan,Total,17 Year,5464,0,0,867,2550,2,16,3,672,840,290,1,4,219,0,0,0,0,0,0,62.87,4.01,61.29,3.66,64.87,4.44,-3.58,-0.78
district,Bagmati,Chitawan,Total,18 Year,5523,0,0,518,1552,7,27,6,1018,1403,602,6,8,375,0,0,0,0,0,1,38.1,6.79,36.44,6.79,40.22,6.79,-3.78,0.0
district,Bagmati,Chitawan,Total,19 Year,4105,0,0,226,656,4,19,5,851,1279,766,8,4,287,0,0,0,0,0,0,22.05,6.99,22.28,6.66,21.77,7.38,0.51,-0.72
district,Bagmati,Chitawan,Total,20 Year,5039,0,0,0,279,8,36,6,1162,1812,1253,17,16,450,0,0,0,0,0,0,6.41,8.93,5.98,8.24,6.86,9.64,-0.88,-1.4
district,Bagmati,Chitawan,Total,21 Year,4064,0,0,0,139,7,13,5,955,1505,1098,21,9,311,0,0,0,0,0,1,3.91,7.65,3.92,6.76,3.91,8.55,0.01,-1.79
district,Bagmati,Chitawan,Total,22 Year,5070,0,1,0,111,7,20,9,1196,1773,1469,24,13,447,0,0,0,0,0,0,2.74,8.82,2.82,7.99,2.66,9.66,0.16,-1.67
district,Bagmati,Chitawan,Total,23 Year,4831,0,0,0,57,5,18,5,1105,1712,1469,24,14,422,0,0,0,0,0,0,1.66,8.74,1.61,7.8,1.69,9.58,-0.08,-1.78
district,Bagmati,Chitawan,Total,24 Year,5537,0,0,0,53,7,11,9,1253,1942,1767,30,12,453,0,0,0,0,0,0,1.28,8.18,1.24,7.36,1.32,8.95,-0.08,-1.59
district,Bagmati,Chitawan,Total,25 Year,6549,0,0,0,0,12,11,6,1539,2215,2035,40,18,672,0,0,0,0,1,0,0.35,10.26,0.4,9.17,0.31,11.19,0.09,-2.02
district,Bagmati,Chitawan,Male,All Ages,96549,10214,33510,18607,9493,37,140,88,7731,8447,4907,98,61,3203,0,1,0,0,4,8,74.57,3.32,74.57,3.32,73.3,3.71,1.27,-0.39
district,Bagmati,Chitawan,Male,5 Year,6120,5694,0,0,0,0,1,20,0,0,0,0,3,393,0,0,0,0,4,5,93.06,6.42,93.06,6.42,93.7,5.76,-0.64,0.66
district,Bagmati,Chitawan,Male,6 Year,6271,3038,3037,0,0,0,1,7,12,0,0,1,0,173,0,0,0,0,0,2,96.89,2.76,96.89,2.76,96.46,3.16,0.43,-0.4
district,Bagmati,Chitawan,Male,7 Year,6077,1038,4882,0,0,0,1,0,21,0,0,1,1,133,0,0,0,0,0,0,97.43,2.19,97.43,2.19,97.54,1.9,-0.11,0.29
district,Bagmati,Chitawan,Male,8 Year,6286,310,5846,0,0,1,0,1,31,0,0,2,2,93,0,0,0,0,0,0,97.95,1.48,97.95,1.48,98.1,1.52,-0.15,-0.04
district,Bagmati,Chitawan,Male,9 Year,6295,80,6106,0,0,1,0,0,37,0,0,2,1,67,0,1,0,0,0,0,98.28,1.06,98.28,1.06,97.95,1.36,0.33,-0.3
district,Bagmati,Chitawan,Male,10 Year,6825,30,6119,0,0,0,1,11,580,0,0,0,0,84,0,0,0,0,0,0,90.11,1.23,90.11,1.23,91.2,1.32,-1.09,-0.09
district,Bagmati,Chitawan,Male,11 Year,5778,7,3836,1565,0,0,0,5,264,15,0,0,0,86,0,0,0,0,0,0,93.6,1.49,93.6,1.49,94.81,1.0,-1.21,0.49
district,Bagmati,Chitawan,Male,12 Year,6486,4,2260,3866,0,0,0,4,213,51,0,1,0,87,0,0,0,0,0,0,94.51,1.34,94.51,1.34,94.65,1.5,-0.14,-0.16
district,Bagmati,Chitawan,Male,13 Year,6136,2,937,4847,0,0,0,4,174,87,0,2,3,80,0,0,0,0,0,0,94.3,1.3,94.3,1.3,95.32,1.15,-1.02,0.15
district,Bagmati,Chitawan,Male,14 Year,6353,11,486,3910,1458,1,0,2,232,129,34,2,0,88,0,0,0,0,0,0,92.33,1.39,92.33,1.39,94.23,1.1,-1.9,0.29
district,Bagmati,Chitawan,Male,15 Year,6012,0,0,2419,2831,5,31,7,331,209,68,1,0,110,0,0,0,0,0,0,87.92,1.83,87.92,1.83,91.06,1.5,-3.14,0.33
district,Bagmati,Chitawan,Male,16 Year,4424,0,0,1078,2349,2,25,2,408,336,84,3,1,136,0,0,0,0,0,0,78.07,3.07,78.07,3.07,82.39,2.47,-4.32,0.6
district,Bagmati,Chitawan,Male,17 Year,3056,0,0,497,1366,2,8,1,427,505,135,0,3,112,0,0,0,0,0,0,61.29,3.66,61.29,3.66,64.87,4.44,-3.58,-0.78
district,Bagmati,Chitawan,Male,18 Year,3109,0,0,292,821,3,17,2,622,845,286,3,7,211,0,0,0,0,0,0,36.44,6.79,36.44,6.79,40.22,6.79,-3.78,0.0
district,Bagmati,Chitawan,Male,19 Year,2208,0,0,133,348,3,8,3,502,729,329,4,2,147,0,0,0,0,0,0,22.28,6.66,22.28,6.66,21.77,7.38,0.51,-0.72
district,Bagmati,Chitawan,Male,20 Year,2560,0,0,0,134,2,17,4,649,977,551,8,7,211,0,0,0,0,0,0,5.98,8.24,5.98,8.24,6.86,9.64,-0.88,-1.4
district,Bagmati,Chitawan,Male,21 Year,2041,0,0,0,71,4,5,1,532,782,493,10,4,138,0,0,0,0,0,1,3.92,6.76,3.92,6.76,3.91,8.55,0.01,-1.79
district,Bagmati,Chitawan,Male,22 Year,2554,0,1,0,61,3,7,4,651,922,678,14,9,204,0,0,0,0,0,0,2.82,7.99,2.82,7.99,2.66,9.66,0.16,-1.67
district,Bagmati,Chitawan,Male,23 Year,2294,0,0,0,27,3,7,3,579,834,643,10,9,179,0,0,0,0,0,0,1.61,7.8,1.61,7.8,1.69,9.58,-0.08,-1.78
district,Bagmati,Chitawan,Male,24 Year,2664,0,0,0,27,2,4,4,680,962,771,14,4,196,0,0,0,0,0,0,1.24,7.36,1.24,7.36,1.32,8.95,-0.08,-1.59
district,Bagmati,Chitawan,Male,25 Year,3000,0,0,0,0,5,7,3,786,1064,835,20,5,275,0,0,0,0,0,0,0.4,9.17,0.4,9.17,0.31,11.19,0.09,-2.02
district,Bagmati,Chitawan,Female,All Ages,86066,8311,28856,16785,8950,43,138,79,5895,7450,6194,96,57,3197,0,1,0,0,2,12,73.3,3.71,74.57,3.32,73.3,3.71,1.27,-0.39
district,Bagmati,Chitawan,Female,5 Year,5222,4892,0,0,0,1,0,14,0,0,0,0,4,301,0,0,0,0,1,9,93.7,5.76,93.06,6.42,93.7,5.76,-0.64,0.66
district,Bagmati,Chitawan,Female,6 Year,5418,2388,2838,0,0,0,0,5,16,0,0,0,0,171,0,0,0,0,0,0,96.46,3.16,96.89,2.76,96.46,3.16,0.43,-0.4
district,Bagmati,Chitawan,Female,7 Year,5207,728,4351,0,0,0,0,3,24,0,0,2,0,99,0,0,0,0,0,0,97.54,1.9,97.43,2.19,97.54,1.9,-0.11,0.29
district,Bagmati,Chitawan,Female,8 Year,5267,190,4977,0,0,0,0,1,18,0,0,0,1,80,0,0,0,0,0,0,98.1,1.52,97.95,1.48,98.1,1.52,-0.15,-0.04
district,Bagmati,Chitawan,Female,9 Year,5358,68,5180,0,0,0,0,0,35,0,0,0,1,73,0,1,0,0,0,0,97.95,1.36,98.28,1.06,97.95,1.36,0.33,-0.3
district,Bagmati,Chitawan,Female,10 Year,5889,17,5354,0,0,0,0,8,428,0,0,1,1,78,0,0,0,0,0,2,91.2,1.32,90.11,1.23,91.2,1.32,-1.09,-0.09
district,Bagmati,Chitawan,Female,11 Year,5087,4,3228,1591,0,0,0,6,182,23,0,2,0,51,0,0,0,0,0,0,94.81,1.0,93.6,1.49,94.81,1.0,-1.21,0.49
district,Bagmati,Chitawan,Female,12 Year,5816,6,1790,3709,0,0,0,5,169,48,0,1,1,87,0,0,0,0,0,0,94.65,1.5,94.51,1.34,94.65,1.5,-0.14,-0.16
district,Bagmati,Chitawan,Female,13 Year,5558,7,728,4563,0,0,0,2,124,69,0,0,1,64,0,0,0,0,0,0,95.32,1.15,94.3,1.3,95.32,1.15,-1.02,0.15
district,Bagmati,Chitawan,Female,14 Year,5820,11,410,3497,1565,1,0,4,147,95,25,1,0,64,0,0,0,0,0,0,94.23,1.1,92.33,1.39,94.23,1.1,-1.9,0.29
district,Bagmati,Chitawan,Female,15 Year,5122,0,0,1900,2735,6,23,2,194,127,57,1,0,77,0,0,0,0,0,0,91.06,1.5,87.92,1.83,91.06,1.5,-3.14,0.33
district,Bagmati,Chitawan,Female,16 Year,3606,0,0,836,2108,3,24,0,235,227,84,0,0,89,0,0,0,0,0,0,82.39,2.47,78.07,3.07,82.39,2.47,-4.32,0.6
district,Bagmati,Chitawan,Female,17 Year,2408,0,0,370,1184,0,8,2,245,335,155,1,1,107,0,0,0,0,0,0,64.87,4.44,61.29,3.66,64.87,4.44,-3.58,-0.78
district,Bagmati,Chitawan,Female,18 Year,2414,0,0,226,731,4,10,4,396,558,316,3,1,164,0,0,0,0,0,1,40.22,6.79,36.44,6.79,40.22,6.79,-3.78,0.0
district,Bagmati,Chitawan,Female,19 Year,1897,0,0,93,308,1,11,2,349,550,437,4,2,140,0,0,0,0,0,0,21.77,7.38,22.28,6.66,21.77,7.38,0.51,-0.72
district,Bagmati,Chitawan,Female,20 Year,2479,0,0,0,145,6,19,2,513,835,702,9,9,239,0,0,0,0,0,0,6.86,9.64,5.98,8.24,6.86,9.64,-0.88,-1.4
district,Bagmati,Chitawan,Female,21 Year,2023,0,0,0,68,3,8,4,423,723,605,11,5,173,0,0,0,0,0,0,3.91,8.55,3.92,6.76,3.91,8.55,0.01,-1.79
district,Bagmati,Chitawan,Female,22 Year,2516,0,0,0,50,4,13,5,545,851,791,10,4,243,0,0,0,0,0,0,2.66,9.66,2.82,7.99,2.66,9.66,0.16,-1.67
district,Bagmati,Chitawan,Female,23 Year,2537,0,0,0,30,2,11,2,526,878,826,14,5,243,0,0,0,0,0,0,1.69,9.58,1.61,7.8,1.69,9.58,-0.08,-1.78
district,Bagmati,Chitawan,Female,24 Year,2873,0,0,0,26,5,7,5,573,980,996,16,8,257,0,0,0,0,0,0,1.32,8.95,1.24,7.36,1.32,8.95,-0.08,-1.59
district,Bagmati,Chitawan,Female,25 Year,3549,0,0,0,0,7,4,3,753,1151,1200,20,13,397,0,0,0,0,1,0,0.31,11.19,0.4,9.17,0.31,11.19,0.09,-2.02
province,Gandaki,,Total,All Ages,643902,61935,221537,136828,78521,538,3223,1032,32714,49935,41355,494,938,11903,87,321,87,103,16,2335,78.05,1.85,79.65,1.73,76.36,1.98,3.29,-0.25
province,Gandaki,,Total,5 Year,39240,35824,0,0,0,32,391,389,0,0,0,5,32,1686,51,0,0,0,5,825,92.37,4.3,92.41,4.3,92.33,4.29,0.08,0.01
province,Gandaki,,Total,6 Year,40989,17575,21625,0,0,30,283,106,250,0,0,5,28,774,25,16,0,0,1,271,96.4,1.89,96.4,1.92,96.4,1.85,0.0,0.07
province,Gandaki,,Total,7 Year,39711,6051,32454,0,0,19,218,56,356,0,0,4,17,378,3,10,0,0,1,144,97.56,0.95,97.45,0.96,97.68,0.94,-0.23,0.02
province,Gandaki,,Total,8 Year,41502,1605,38686,0,0,16,268,12,473,0,0,1,18,304,2,17,0,0,0,100,97.77,0.73,97.71,0.81,97.83,0.65,-0.12,0.16
province,Gandaki,,Total,9 Year,40581,473,38872,0,0,12,272,8,550,0,0,3,33,243,1,18,0,0,1,95,97.65,0.6,97.53,0.65,97.79,0.54,-0.26,0.11
province,Gandaki,,Total,10 Year,43056,119,39356,0,0,10,202,61,2894,0,0,2,35,280,1,24,0,0,2,70,92.18,0.65,91.73,0.71,92.66,0.59,-0.93,0.12
province,Gandaki,,Total,11 Year,40085,49,25379,12688,0,10,164,45,1262,124,0,1,23,269,2,13,4,0,0,52,95.52,0.67,95.08,0.69,96.01,0.65,-0.93,0.04
province,Gandaki,,Total,12 Year,44685,36,14414,28541,0,10,142,32,804,341,0,4,11,262,0,5,20,0,0,63,96.55,0.59,96.31,0.65,96.81,0.52,-0.5,0.13
province,Gandaki,,Total,13 Year,44173,42,5746,36691,0,13,154,28,631,517,0,1,18,257,1,17,12,0,0,45,96.54,0.58,96.24,0.61,96.86,0.55,-0.62,0.06
province,Gandaki,,Total,14 Year,45816,36,2643,28728,12292,17,131,37,655,694,185,9,13,281,0,35,10,8,2,40,95.7,0.61,94.99,0.73,96.46,0.49,-1.47,0.24
province,Gandaki,,Total,15 Year,42021,43,723,16414,21379,17,225,38,1188,1053,449,16,19,307,0,68,5,19,0,58,92.34,0.73,91.72,0.77,93.0,0.68,-1.28,0.09
province,Gandaki,,Total,16 Year,30179,37,521,7075,18379,26,119,24,1199,1621,721,13,17,311,0,40,7,12,1,56,86.67,1.03,86.55,1.05,86.82,1.01,-0.27,0.04
province,Gandaki,,Total,17 Year,19442,20,411,3290,10032,26,112,17,1439,2427,1213,18,21,345,0,15,2,11,0,43,71.45,1.77,72.13,1.81,70.64,1.73,1.49,0.08
province,Gandaki,,Total,18 Year,18270,15,407,2238,6468,24,87,12,2078,3836,2413,29,51,530,0,8,2,3,2,67,50.57,2.9,52.51,2.91,48.34,2.89,4.17,0.02
province,Gandaki,,Total,19 Year,13390,10,289,1160,2869,32,85,14,1798,3744,2817,27,46,436,0,6,3,6,0,48,33.2,3.26,35.33,3.24,31.0,3.27,4.33,-0.03
province,Gandaki,,Total,20 Year,15326,0,2,0,2048,45,76,22,2481,5443,4342,57,66,674,0,6,4,8,0,52,14.17,4.4,15.1,4.15,13.3,4.63,1.8,-0.48
province,Gandaki,,Total,21 Year,14395,0,2,0,1355,37,71,18,2300,5223,4503,33,72,704,0,5,3,3,0,66,10.18,4.89,11.29,4.67,9.13,5.1,2.16,-0.43
province,Gandaki,,Total,22 Year,16373,0,1,0,1111,33,57,22,2829,5985,5287,74,95,810,0,8,5,5,0,51,7.34,4.95,8.31,4.2,6.5,5.6,1.81,-1.4
province,Gandaki,,Total,23 Year,16365,0,3,1,867,39,42,27,2745,5813,5783,46,104,820,0,3,4,7,0,61,5.82,5.01,6.5,4.32,5.28,5.55,1.22,-1.23
province,Gandaki,,Total,24 Year,17701,0,2,1,876,36,63,25,3069,6162,6325,63,84,933,1,3,2,8,1,47,5.53,5.27,5.9,4.76,5.23,5.67,0.67,-0.91
province,Gandaki,,Total,25 Year,20602,0,1,1,845,54,61,39,3713,6952,7317,83,135,1299,0,4,4,13,0,81,4.67,6.31,4.97,5.11,4.45,7.17,0.52,-2.06
province,Gandaki,,Male,All Ages,330832,33848,117393,70433,39926,241,1679,519,17417,23905,17533,218,465,5708,43,168,40,57,13,1226,79.65,1.73,79.65,1.73,76.36,1.98,3.29,-0.25
province,Gandaki,,Male,5 Year,20897,19081,0,0,0,17,213,197,0,0,0,3,21,899,24,0,0,0,3,439,92.41,4.3,92.41,4.3,92.33,4.29,0.08,0.01
province,Gandaki,,Male,6 Year,21672,9825,10916,0,0,12,138,59,120,0,0,3,12,417,15,6,0,0,1,148,96.4,1.92,96.4,1.92,96.4,1.85,0.0,0.07
province,Gandaki,,Male,7 Year,21206,3545,16991,0,0,7,123,36,194,0,0,3,12,204,0,6,0,0,1,84,97.45,0.96,97.45,0.96,97.68,0.94,-0.23,0.02
province,Gandaki,,Male,8 Year,22064,942,20467,0,0,7,142,7,253,0,0,1,9,178,1,10,0,0,0,47,97.71,0.81,97.71,0.81,97.83,0.65,-0.12,0.16
province,Gandaki,,Male,9 Year,21486,253,20553,0,0,5,145,6,297,0,0,2,24,139,1,10,0,0,1,50,97.53,0.65,97.53,0.65,97.79,0.54,-0.26,0.11
province,Gandaki,,Male,10 Year,22570,65,20519,0,0,4,116,30,1603,0,0,1,19,160,1,11,0,0,1,40,91.73,0.71,91.73,0.71,92.66,0.59,-0.93,0.12
province,Gandaki,,Male,11 Year,20884,28,13710,6022,0,8,88,24,732,71,0,1,11,144,1,8,2,0,0,34,95.08,0.69,95.08,0.69,96.01,0.65,-0.93,0.04
province,Gandaki,,Male,12 Year,23118,16,8080,14081,0,5,82,16,466,172,0,2,4,150,0,1,10,0,0,33,96.31,0.65,96.31,0.65,96.81,0.52,-0.5,0.13
province,Gandaki,,Male,13 Year,22617,23,3321,18346,0,9,67,11,372,283,0,1,11,139,0,7,2,0,0,25,96.24,0.61,96.24,0.61,96.86,0.55,-0.62,0.06
province,Gandaki,,Male,14 Year,23585,20,1511,15192,5601,12,67,22,409,416,96,3,10,172,0,18,6,7,2,21,94.99,0.73,94.99,0.73,96.46,0.49,-1.47,0.24
province,Gandaki,,Male,15 Year,21812,22,417,8916,10524,11,116,18,723,596,201,10,8,169,0,36,2,12,0,31,91.72,0.77,91.72,0.77,93.0,0.68,-1.28,0.09
province,Gandaki,,Male,16 Year,16333,16,322,4032,9693,13,60,16,736,892,296,10,9,171,0,24,2,7,1,33,86.55,1.05,86.55,1.05,86.82,1.01,-0.27,0.04
province,Gandaki,,Male,17 Year,10525,6,223,1913,5378,15,57,7,885,1290,496,11,12,191,0,10,2,8,0,21,72.13,1.81,72.13,1.81,70.64,1.73,1.49,0.08
province,Gandaki,,Male,18 Year,9763,2,215,1278,3578,9,45,9,1242,1975,1041,12,28,284,0,5,2,0,2,36,52.51,2.91,52.51,2.91,48.34,2.89,4.17,0.02
province,Gandaki,,Male,19 Year,6787,4,141,651,1549,12,41,7,971,1888,1240,12,21,220,0,2,1,3,0,24,35.33,3.24,35.33,3.24,31.0,3.27,4.33,-0.03
province,Gandaki,,Male,20 Year,7370,0,2,0,1056,17,38,11,1299,2652,1896,25,34,306,0,3,2,5,0,24,15.1,4.15,15.1,4.15,13.3,4.63,1.8,-0.48
province,Gandaki,,Male,21 Year,6977,0,2,0,735,18,33,8,1215,2489,2050,19,38,326,0,3,0,2,0,39,11.29,4.67,11.29,4.67,9.13,5.1,2.16,-0.43
province,Gandaki,,Male,22 Year,7604,0,1,0,586,13,32,5,1448,2808,2293,25,46,319,0,2,3,2,0,21,8.31,4.2,8.31,4.2,6.5,5.6,1.81,-1.4
province,Gandaki,,Male,23 Year,7181,0,1,0,432,16,18,8,1328,2600,2369,15,56,310,0,2,1,3,0,22,6.5,4.32,6.5,4.32,5.28,5.55,1.22,-1.23
province,Gandaki,,Male,24 Year,7746,0,1,1,409,20,26,6,1463,2760,2604,25,33,369,0,2,2,4,1,20,5.9,4.76,5.9,4.76,5.23,5.67,0.67,-0.91
province,Gandaki,,Male,25 Year,8635,0,0,1,385,11,32,16,1661,3013,2951,34,47,441,0,2,3,4,0,34,4.97,5.11,4.97,5.11,4.45,7.17,0.52,-2.06
province,Gandaki,,Female,All Ages,313070,28087,104144,66395,38595,297,1544,513,15297,26030,23822,276,473,6195,44,153,47,46,3,1109,76.36,1.98,79.65,1.73,76.36,1.98,3.29,-0.25
province,Gandaki,,Female,5 Year,18343,16743,0,0,0,15,178,192,0,0,0,2,11,787,27,0,0,0,2,386,92.33,4.29,92.41,4.3,92.33,4.29,0.08,0.01
province,Gandaki,,Female,6 Year,19317,7750,10709,0,0,18,145,47,130,0,0,2,16,357,10,10,0,0,0,123,96.4,1.85,96.4,1.92,96.4,1.85,0.0,0.07
province,Gandaki,,Female,7 Year,18505,2506,15463,0,0,12,95,20,162,0,0,1,5,174,3,4,0,0,0,60,97.68,0.94,97.45,0.96,97.68,0.94,-0.23,0.02
province,Gandaki,,Female,8 Year,19438,663,18219,0,0,9,126,5,220,0,0,0,9,126,1,7,0,0,0,53,97.83,0.65,97.71,0.81,97.83,0.65,-0.12,0.16
province,Gandaki,,Female,9 Year,19095,220,18319,0,0,7,127,2,253,0,0,1,9,104,0,8,0,0,0,45,97.79,0.54,97.53,0.65,97.79,0.54,-0.26,0.11
province,Gandaki,,Female,10 Year,20486,54,18837,0,0,6,86,31,1291,0,0,1,16,120,0,13,0,0,1,30,92.66,0.59,91.73,0.71,92.66,0.59,-0.93,0.12
province,Gandaki,,Female,11 Year,19201,21,11669,6666,0,2,76,21,530,53,0,0,12,125,1,5,2,0,0,18,96.01,0.65,95.08,0.69,96.01,0.65,-0.93,0.04
province,Gandaki,,Female,12 Year,21567,20,6334,14460,0,5,60,16,338,169,0,2,7,112,0,4,10,0,0,30,96.81,0.52,96.31,0.65,96.81,0.52,-0.5,0.13
province,Gandaki,,Female,13 Year,21556,19,2425,18345,0,4,87,17,259,234,0,0,7,118,1,10,10,0,0,20,96.86,0.55,96.24,0.61,96.86,0.55,-0.62,0.06
province,Gandaki,,Female,14 Year,22231,16,1132,13536,6691,5,64,15,246,278,89,6,3,109,0,17,4,1,0,19,96.46,0.49,94.99,0.73,96.46,0.49,-1.47,0.24
province,Gandaki,,Female,15 Year,20209,21,306,7498,10855,6,109,20,465,457,248,6,11,138,0,32,3,7,0,27,93.0,0.68,91.72,0.77,93.0,0.68,-1.28,0.09
province,Gandaki,,Female,16 Year,13846,21,199,3043,8686,13,59,8,463,729,425,3,8,140,0,16,5,5,0,23,86.82,1.01,86.55,1.05,86.82,1.01,-0.27,0.04
province,Gandaki,,Female,17 Year,8917,14,188,1377,4654,11,55,10,554,1137,717,7,9,154,0,5,0,3,0,22,70.64,1.73,72.13,1.81,70.64,1.73,1.49,0.08
province,Gandaki,,Female,18 Year,8507,13,192,960,2890,15,42,3,836,1861,1372,17,23,246,0,3,0,3,0,31,48.34,2.89,52.51,2.91,48.34,2.89,4.17,0.02
province,Gandaki,,Female,19 Year,6603,6,148,509,1320,20,44,7,827,1856,1577,15,25,216,0,4,2,3,0,24,31.0,3.27,35.33,3.24,31.0,3.27,4.33,-0.03
province,Gandaki,,Female,20 Year,7956,0,0,0,992,28,38,11,1182,2791,2446,32,32,368,0,3,2,3,0,28,13.3,4.63,15.1,4.15,13.3,4.63,1.8,-0.48
province,Gandaki,,Female,21 Year,7418,0,0,0,620,19,38,10,1085,2734,2453,14,34,378,0,2,3,1,0,27,9.13,5.1,11.29,4.67,9.13,5.1,2.16,-0.43
province,Gandaki,,Female,22 Year,8769,0,0,0,525,20,25,17,1381,3177,2994,49,49,491,0,6,2,3,0,30,6.5,5.6,8.31,4.2,6.5,5.6,1.81,-1.4
province,Gandaki,,Female,23 Year,9184,0,2,1,435,23,24,19,1417,3213,3414,31,48,510,0,1,3,4,0,39,5.28,5.55,6.5,4.32,5.28,5.55,1.22,-1.23
province,Gandaki,,Female,24 Year,9955,0,1,0,467,16,37,19,1606,3402,3721,38,51,564,1,1,0,4,0,27,5.23,5.67,5.9,4.76,5.23,5.67,0.67,-0.91
province,Gandaki,,Female,25 Year,11967,0,1,0,460,43,29,23,2052,3939,4366,49,88,858,0,2,1,9,0,47,4.45,7.17,4.97,5.11,4.45,7.17,0.52,-2.06
district,Gandaki,Gorkha,Total,All Ages,68066,5082,23329,14953,8636,124,374,104,4301,5564,3304,132,104,1790,7,36,8,7,1,210,77.13,2.63,78.76,2.27,75.5,2.99,3.26,-0.72
district,Gandaki,Gorkha,Total,5 Year,3778,3442,0,0,0,5,47,38,0,0,0,0,5,183,5,0,0,0,0,53,92.48,4.84,93.57,3.92,91.27,5.88,2.3,-1.96
district,Gandaki,Gorkha,Total,6 Year,4150,1157,2762,0,0,6,49,4,25,0,0,1,2,117,1,0,0,0,0,26,95.76,2.82,94.75,3.39,96.79,2.24,-2.04,1.15
district,Gandaki,Gorkha,Total,7 Year,3773,306,3321,0,0,3,25,2,44,0,0,0,1,62,0,0,0,0,0,9,96.87,1.64,97.03,1.38,96.7,1.93,0.33,-0.55
district,Gandaki,Gorkha,Total,8 Year,3995,109,3745,0,0,2,27,0,57,0,0,0,2,48,0,0,0,0,0,5,97.2,1.2,97.31,1.2,97.07,1.2,0.24,0.0
district,Gandaki,Gorkha,Total,9 Year,3900,38,3703,0,0,1,23,2,67,0,0,1,3,57,0,1,0,0,0,4,96.54,1.46,96.72,1.38,96.36,1.54,0.36,-0.16
district,Gandaki,Gorkha,Total,10 Year,4279,9,3866,0,0,6,17,6,300,0,0,1,2,61,0,0,0,0,0,11,91.1,1.43,89.78,1.69,92.48,1.15,-2.7,0.54
district,Gandaki,Gorkha,Total,11 Year,4213,2,2594,1375,0,3,14,4,153,17,0,0,5,41,1,0,0,0,0,4,94.66,0.97,93.96,1.0,95.42,0.95,-1.46,0.05
district,Gandaki,Gorkha,Total,12 Year,4603,3,1651,2741,0,2,14,2,91,41,0,1,1,44,0,0,1,0,0,11,95.83,0.96,95.43,1.03,96.23,0.88,-0.8,0.15
district,Gandaki,Gorkha,Total,13 Year,4565,4,837,3529,0,5,13,3,74,48,0,1,2,43,0,3,0,0,0,3,96.12,0.94,96.11,0.96,96.14,0.92,-0.03,0.04
district,Gandaki,Gorkha,Total,14 Year,4859,2,483,2947,1199,5,20,7,79,47,17,3,2,37,0,4,3,0,0,4,95.82,0.76,95.82,0.62,95.83,0.9,-0.01,-0.28
district,Gandaki,Gorkha,Total,15 Year,4594,4,123,2058,2013,5,21,2,174,83,34,6,4,54,0,6,0,0,0,7,91.95,1.18,90.97,1.13,92.93,1.22,-1.96,-0.09
district,Gandaki,Gorkha,Total,16 Year,3595,3,91,1163,1895,8,11,7,145,167,50,6,1,30,0,9,2,1,0,6,88.21,0.83,88.16,0.7,88.25,0.97,-0.09,-0.27
district,Gandaki,Gorkha,Total,17 Year,2518,1,66,570,1266,11,14,2,199,244,79,6,2,47,0,4,0,0,0,7,76.57,1.87,77.6,1.85,75.47,1.89,2.13,-0.04
district,Gandaki,Gorkha,Total,18 Year,2462,1,50,386,1030,4,17,1,281,420,177,10,4,66,0,2,1,0,0,12,60.44,2.68,62.0,2.36,58.77,3.02,3.23,-0.66
district,Gandaki,Gorkha,Total,19 Year,1616,1,37,184,424,6,11,3,212,419,215,11,5,75,0,3,0,2,0,8,41.03,4.64,44.78,4.1,37.32,5.17,7.46,-1.07
district,Gandaki,Gorkha,Total,20 Year,1809,0,0,0,288,7,11,1,354,670,359,15,10,84,0,0,0,1,0,9,16.92,4.64,17.87,4.85,16.08,4.46,1.79,0.39
district,Gandaki,Gorkha,Total,21 Year,1648,0,0,0,174,8,10,3,335,617,379,6,5,101,0,2,0,0,0,8,11.65,6.13,12.75,6.51,10.73,5.81,2.02,0.7
district,Gandaki,Gorkha,Total,22 Year,1792,0,0,0,118,8,7,4,398,695,412,15,14,110,0,2,0,1,0,8,7.42,6.14,9.76,4.82,5.31,7.32,4.45,-2.5
district,Gandaki,Gorkha,Total,23 Year,1734,0,0,0,72,7,7,3,374,642,475,7,14,125,0,0,0,0,0,8,4.96,7.21,6.11,5.16,4.11,8.72,2.0,-3.56
district,Gandaki,Gorkha,Total,24 Year,1893,0,0,0,86,8,7,3,417,650,526,20,8,164,0,0,0,1,1,2,5.34,8.66,5.92,6.17,4.9,10.54,1.02,-4.37
district,Gandaki,Gorkha,Total,25 Year,2290,0,0,0,71,14,9,7,522,804,581,22,12,241,0,0,1,1,0,5,4.1,10.52,4.58,7.94,3.75,12.46,0.83,-4.52
district,Gandaki,Gorkha,Male,All Ages,33999,2714,12057,7541,4213,62,189,53,2279,2468,1403,67,55,771,5,13,6,5,1,97,78.76,2.27,78.76,2.27,75.5,2.99,3.26,-0.72
district,Gandaki,Gorkha,Male,5 Year,1992,1838,0,0,0,3,23,21,0,0,0,0,3,78,3,0,0,0,0,23,93.57,3.92,93.57,3.92,91.27,5.88,2.3,-1.96
district,Gandaki,Gorkha,Male,6 Year,2095,611,1350,0,0,4,20,3,16,0,0,1,1,71,1,0,0,0,0,17,94.75,3.39,94.75,3.39,96.79,2.24,-2.04,1.15
district,Gandaki,Gorkha,Male,7 Year,1956,173,1708,0,0,2,15,1,23,0,0,0,1,27,0,0,0,0,0,6,97.03,1.38,97.03,1.38,96.7,1.93,0.33,-0.55
district,Gandaki,Gorkha,Male,8 Year,2084,60,1954,0,0,2,12,0,26,0,0,0,2,25,0,0,0,0,0,3,97.31,1.2,97.31,1.2,97.07,1.2,0.24,0.0
district,Gandaki,Gorkha,Male,9 Year,1950,17,1855,0,0,0,14,1,33,0,0,0,2,27,0,0,0,0,0,1,96.72,1.38,96.72,1.38,96.36,1.54,0.36,-0.16
district,Gandaki,Gorkha,Male,10 Year,2192,6,1950,0,0,2,10,3,173,0,0,1,2,37,0,0,0,0,0,8,89.78,1.69,89.78,1.69,92.48,1.15,-2.7,0.54
district,Gandaki,Gorkha,Male,11 Year,2203,2,1411,647,0,3,7,2,93,11,0,0,3,22,1,0,0,0,0,1,93.96,1.0,93.96,1.0,95.42,0.95,-1.46,0.05
district,Gandaki,Gorkha,Male,12 Year,2320,1,904,1301,0,1,7,2,51,21,0,0,0,24,0,0,0,0,0,8,95.43,1.03,95.43,1.03,96.23,0.88,-0.8,0.15
district,Gandaki,Gorkha,Male,13 Year,2288,2,450,1739,0,2,6,2,37,22,0,1,2,22,0,0,0,0,0,3,96.11,0.96,96.11,0.96,96.14,0.92,-0.03,0.04
district,Gandaki,Gorkha,Male,14 Year,2415,1,263,1515,521,3,11,4,43,26,5,0,2,15,0,2,3,0,0,1,95.82,0.62,95.82,0.62,95.83,0.9,-0.01,-0.28
district,Gandaki,Gorkha,Male,15 Year,2303,2,73,1073,936,4,7,1,107,47,14,5,1,26,0,3,0,0,0,4,90.97,1.13,90.97,1.13,92.93,1.22,-1.96,-0.09
district,Gandaki,Gorkha,Male,16 Year,1850,1,56,624,938,6,6,3,81,86,23,4,0,13,0,3,1,0,0,5,88.16,0.7,88.16,0.7,88.25,0.97,-0.09,-0.27
district,Gandaki,Gorkha,Male,17 Year,1299,0,35,330,629,6,8,1,121,103,32,4,1,24,0,3,0,0,0,2,77.6,1.85,77.6,1.85,75.47,1.89,2.13,-0.04
district,Gandaki,Gorkha,Male,18 Year,1271,0,24,213,539,2,10,1,168,198,73,4,2,30,0,1,1,0,0,5,62.0,2.36,62.0,2.36,58.77,3.02,3.23,-0.66
district,Gandaki,Gorkha,Male,19 Year,804,0,24,99,228,3,6,2,111,198,90,5,3,33,0,0,0,1,0,1,44.78,4.1,44.78,4.1,37.32,5.17,7.46,-1.07
district,Gandaki,Gorkha,Male,20 Year,845,0,0,0,141,3,7,0,189,311,137,6,6,41,0,0,0,1,0,3,17.87,4.85,17.87,4.85,16.08,4.46,1.79,0.39
district,Gandaki,Gorkha,Male,21 Year,753,0,0,0,89,3,4,0,162,279,158,4,3,49,0,0,0,0,0,2,12.75,6.51,12.75,6.51,10.73,5.81,2.02,0.7
district,Gandaki,Gorkha,Male,22 Year,850,0,0,0,77,1,5,0,205,309,193,8,7,41,0,1,0,1,0,2,9.76,4.82,9.76,4.82,5.31,7.32,4.45,-2.5
district,Gandaki,Gorkha,Male,23 Year,736,0,0,0,39,3,3,1,175,266,200,1,9,38,0,0,0,0,0,1,6.11,5.16,6.11,5.16,4.11,8.72,2.0,-3.56
district,Gandaki,Gorkha,Male,24 Year,811,0,0,0,42,4,2,1,226,256,217,8,3,50,0,0,0,1,1,0,5.92,6.17,5.92,6.17,4.9,10.54,1.02,-4.37
district,Gandaki,Gorkha,Male,25 Year,982,0,0,0,34,5,6,4,239,335,261,15,2,78,0,0,1,1,0,1,4.58,7.94,4.58,7.94,3.75,12.46,0.83,-4.52
district,Gandaki,Gorkha,Female,All Ages,34067,2368,11272,7412,4423,62,185,51,2022,3096,1901,65,49,1019,2,23,2,2,0,113,75.5,2.99,78.76,2.27,75.5,2.99,3.26,-0.72
district,Gandaki,Gorkha,Female,5 Year,1786,1604,0,0,0,2,24,17,0,0,0,0,2,105,2,0,0,0,0,30,91.27,5.88,93.57,3.92,91.27,5.88,2.3,-1.96
district,Gandaki,Gorkha,Female,6 Year,2055,546,1412,0,0,2,29,1,9,0,0,0,1,46,0,0,0,0,0,9,96.79,2.24,94.75,3.39,96.79,2.24,-2.04,1.15
district,Gandaki,Gorkha,Female,7 Year,1817,133,1613,0,0,1,10,1,21,0,0,0,0,35,0,0,0,0,0,3,96.7,1.93,97.03,1.38,96.7,1.93,0.33,-0.55
district,Gandaki,Gorkha,Female,8 Year,1911,49,1791,0,0,0,15,0,31,0,0,0,0,23,0,0,0,0,0,2,97.07,1.2,97.31,1.2,97.07,1.2,0.24,0.0
district,Gandaki,Gorkha,Female,9 Year,1950,21,1848,0,0,1,9,1,34,0,0,1,1,30,0,1,0,0,0,3,96.36,1.54,96.72,1.38,96.36,1.54,0.36,-0.16
district,Gandaki,Gorkha,Female,10 Year,2087,3,1916,0,0,4,7,3,127,0,0,0,0,24,0,0,0,0,0,3,92.48,1.15,89.78,1.69,92.48,1.15,-2.7,0.54
district,Gandaki,Gorkha,Female,11 Year,2010,0,1183,728,0,0,7,2,60,6,0,0,2,19,0,0,0,0,0,3,95.42,0.95,93.96,1.0,95.42,0.95,-1.46,0.05
district,Gandaki,Gorkha,Female,12 Year,2283,2,747,1440,0,1,7,0,40,20,0,1,1,20,0,0,1,0,0,3,96.23,0.88,95.43,1.03,96.23,0.88,-0.8,0.15
district,Gandaki,Gorkha,Female,13 Year,2277,2,387,1790,0,3,7,1,37,26,0,0,0,21,0,3,0,0,0,0,96.14,0.92,96.11,0.96,96.14,0.92,-0.03,0.04
district,Gandaki,Gorkha,Female,14 Year,2444,1,220,1432,678,2,9,3,36,21,12,3,0,22,0,2,0,0,0,3,95.83,0.9,95.82,0.62,95.83,0.9,-0.01,-0.28
district,Gandaki,Gorkha,Female,15 Year,2291,2,50,985,1077,1,14,1,67,36,20,1,3,28,0,3,0,0,0,3,92.93,1.22,90.97,1.13,92.93,1.22,-1.96,-0.09
district,Gandaki,Gorkha,Female,16 Year,1745,2,35,539,957,2,5,4,64,81,27,2,1,17,0,6,1,1,0,1,88.25,0.97,88.16,0.7,88.25,0.97,-0.09,-0.27
district,Gandaki,Gorkha,Female,17 Year,1219,1,31,240,637,5,6,1,78,141,47,2,1,23,0,1,0,0,0,5,75.47,1.89,77.6,1.85,75.47,1.89,2.13,-0.04
district,Gandaki,Gorkha,Female,18 Year,1191,1,26,173,491,2,7,0,113,222,104,6,2,36,0,1,0,0,0,7,58.77,3.02,62.0,2.36,58.77,3.02,3.23,-0.66
district,Gandaki,Gorkha,Female,19 Year,812,1,13,85,196,3,5,1,101,221,125,6,2,42,0,3,0,1,0,7,37.32,5.17,44.78,4.1,37.32,5.17,7.46,-1.07
district,Gandaki,Gorkha,Female,20 Year,964,0,0,0,147,4,4,1,165,359,222,9,4,43,0,0,0,0,0,6,16.08,4.46,17.87,4.85,16.08,4.46,1.79,0.39
district,Gandaki,Gorkha,Female,21 Year,895,0,0,0,85,5,6,3,173,338,221,2,2,52,0,2,0,0,0,6,10.73,5.81,12.75,6.51,10.73,5.81,2.02,0.7
district,Gandaki,Gorkha,Female,22 Year,942,0,0,0,41,7,2,4,193,386,219,7,7,69,0,1,0,0,0,6,5.31,7.32,9.76,4.82,5.31,7.32,4.45,-2.5
district,Gandaki,Gorkha,Female,23 Year,998,0,0,0,33,4,4,2,199,376,275,6,5,87,0,0,0,0,0,7,4.11,8.72,6.11,5.16,4.11,8.72,2.0,-3.56
district,Gandaki,Gorkha,Female,24 Year,1082,0,0,0,44,4,5,2,191,394,309,12,5,114,0,0,0,0,0,2,4.9,10.54,5.92,6.17,4.9,10.54,1.02,-4.37
district,Gandaki,Gorkha,Female,25 Year,1308,0,0,0,37,9,3,3,283,469,320,7,10,163,0,0,0,0,0,4,3.75,12.46,4.58,7.94,3.75,12.46,0.83,-4.52
district,Gandaki,Manang,Total,All Ages,927,115,296,172,89,5,0,2,92,86,46,3,1,18,0,1,0,0,1,0,73.03,1.94,69.72,2.03,76.78,1.84,-7.06,0.19
district,Gandaki,Manang,Total,5 Year,58,56,0,0,0,0,0,1,0,0,0,0,0,1,0,0,0,0,0,0,96.55,1.72,96.88,0.0,96.15,3.85,0.73,-3.85
district,Gandaki,Manang,Total,6 Year,57,31,23,0,0,0,0,0,0,0,0,0,0,3,0,0,0,0,0,0,94.74,5.26,100.0,0.0,90.62,9.38,9.38,-9.38
district,Gandaki,Manang,Total,7 Year,65,20,41,0,0,0,0,1,1,0,0,0,0,2,0,0,0,0,0,0,93.85,3.08,100.0,0.0,90.48,4.76,9.52,-4.76
district,Gandaki,Manang,Total,8 Year,67,8,59,0,0,0,0,0,0,0,0,0,0,0,0,0,0,0,0,0,100.0,0.0,100.0,0.0,100.0,0.0,0.0,0.0
district,Gandaki,Manang,Total,9 Year,45,0,43,0,0,0,0,0,2,0,0,0,0,0,0,0,0,0,0,0,95.56,0.0,96.0,0.0,95.0,0.0,1.0,0.0
district,Gandaki,Manang,Total,10 Year,44,0,37,0,0,0,0,0,7,0,0,0,0,0,0,0,0,0,0,0,84.09,0.0,77.27,0.0,90.91,0.0,-13.64,0.0
district,Gandaki,Manang,Total,11 Year,58,0,43,10,0,0,0,0,5,0,0,0,0,0,0,0,0,0,0,0,91.38,0.0,89.66,0.0,93.1,0.0,-3.44,0.0
district,Gandaki,Manang,Total,12 Year,62,0,28,33,0,0,0,0,1,0,0,0,0,0,0,0,0,0,0,0,98.39,0.0,100.0,0.0,97.14,0.0,2.86,0.0
district,Gandaki,Manang,Total,13 Year,54,0,11,38,0,0,0,0,2,2,0,0,0,1,0,0,0,0,0,0,90.74,1.85,84.0,4.0,96.55,0.0,-12.55,4.0
district,Gandaki,Manang,Total,14 Year,57,0,7,36,8,0,0,0,1,2,0,0,0,3,0,0,0,0,0,0,89.47,5.26,82.14,10.71,96.55,0.0,-14.41,10.71
district,Gandaki,Manang,Total,15 Year,53,0,3,26,19,0,0,0,3,1,1,0,0,0,0,0,0,0,0,0,90.57,0.0,100.0,0.0,80.0,0.0,20.0,0.0
district,Gandaki,Manang,Total,16 Year,52,0,1,17,23,0,0,0,5,1,3,1,0,0,0,1,0,0,0,0,78.85,0.0,78.79,0.0,78.95,0.0,-0.16,0.0
district,Gandaki,Manang,Total,17 Year,26,0,0,6,13,0,0,0,3,1,3,0,0,0,0,0,0,0,0,0,73.08,0.0,83.33,0.0,64.29,0.0,19.04,0.0
district,Gandaki,Manang,Total,18 Year,29,0,0,2,11,1,0,0,7,6,1,0,0,0,0,0,0,0,1,0,48.28,0.0,47.83,0.0,50.0,0.0,-2.17,0.0
district,Gandaki,Manang,Total,19 Year,22,0,0,4,7,0,0,0,2,5,3,1,0,0,0,0,0,0,0,0,50.0,0.0,58.33,0.0,40.0,0.0,18.33,0.0
district,Gandaki,Manang,Total,20 Year,29,0,0,0,3,0,0,0,4,11,10,0,0,1,0,0,0,0,0,0,10.34,3.45,11.76,5.88,8.33,0.0,3.43,5.88
district,Gandaki,Manang,Total,21 Year,25,0,0,0,1,1,0,0,9,9,3,0,1,1,0,0,0,0,0,0,8.0,4.0,6.25,6.25,11.11,0.0,-4.86,6.25
district,Gandaki,Manang,Total,22 Year,30,0,0,0,2,0,0,0,10,11,5,1,0,1,0,0,0,0,0,0,6.67,3.33,4.76,4.76,11.11,0.0,-6.35,4.76
district,Gandaki,Manang,Total,23 Year,22,0,0,0,2,2,0,0,4,10,3,0,0,1,0,0,0,0,0,0,18.18,4.55,23.08,7.69,11.11,0.0,11.97,7.69
district,Gandaki,Manang,Total,24 Year,31,0,0,0,0,0,0,0,9,15,6,0,0,1,0,0,0,0,0,0,0.0,3.23,0.0,0.0,0.0,6.67,0.0,-6.67
district,Gandaki,Manang,Total,25 Year,41,0,0,0,0,1,0,0,17,12,8,0,0,3,0,0,0,0,0,0,2.44,7.32,3.45,6.9,0.0,8.33,3.45,-1.43
district,Gandaki,Manang,Male,All Ages,492,58,151,77,52,5,0,1,51,56,28,1,1,10,0,0,0,0,1,0,69.72,2.03,69.72,2.03,76.78,1.84,-7.06,0.19
district,Gandaki,Manang,Male,5 Year,32,31,0,0,0,0,0,1,0,0,0,0,0,0,0,0,0,0,0,0,96.88,0.0,96.88,0.0,96.15,3.85,0.73,-3.85
district,Gandaki,Manang,Male,6 Year,25,15,10,0,0,0,0,0,0,0,0,0,0,0,0,0,0,0,0,0,100.0,0.0,100.0,0.0,90.62,9.38,9.38,-9.38
district,Gandaki,Manang,Male,7 Year,23,10,13,0,0,0,0,0,0,0,0,0,0,0,0,0,0,0,0,0,100.0,0.0,100.0,0.0,90.48,4.76,9.52,-4.76
district,Gandaki,Manang,Male,8 Year,36,2,34,0,0,0,0,0,0,0,0,0,0,0,0,0,0,0,0,0,100.0,0.0,100.0,0.0,100.0,0.0,0.0,0.0
district,Gandaki,Manang,Male,9 Year,25,0,24,0,0,0,0,0,1,0,0,0,0,0,0,0,0,0,0,0,96.0,0.0,96.0,0.0,95.0,0.0,1.0,0.0
district,Gandaki,Manang,Male,10 Year,22,0,17,0,0,0,0,0,5,0,0,0,0,0,0,0,0,0,0,0,77.27,0.0,77.27,0.0,90.91,0.0,-13.64,0.0
district,Gandaki,Manang,Male,11 Year,29,0,22,4,0,0,0,0,3,0,0,0,0,0,0,0,0,0,0,0,89.66,0.0,89.66,0.0,93.1,0.0,-3.44,0.0
district,Gandaki,Manang,Male,12 Year,27,0,16,11,0,0,0,0,0,0,0,0,0,0,0,0,0,0,0,0,100.0,0.0,100.0,0.0,97.14,0.0,2.86,0.0
district,Gandaki,Manang,Male,13 Year,25,0,7,14,0,0,0,0,1,2,0,0,0,1,0,0,0,0,0,0,84.0,4.0,84.0,4.0,96.55,0.0,-12.55,4.0
district,Gandaki,Manang,Male,14 Year,28,0,4,17,2,0,0,0,0,2,0,0,0,3,0,0,0,0,0,0,82.14,10.71,82.14,10.71,96.55,0.0,-14.41,10.71
district,Gandaki,Manang,Male,15 Year,28,0,3,14,11,0,0,0,0,0,0,0,0,0,0,0,0,0,0,0,100.0,0.0,100.0,0.0,80.0,0.0,20.0,0.0
district,Gandaki,Manang,Male,16 Year,33,0,1,10,15,0,0,0,3,1,2,1,0,0,0,0,0,0,0,0,78.79,0.0,78.79,0.0,78.95,0.0,-0.16,0.0
district,Gandaki,Manang,Male,17 Year,12,0,0,3,7,0,0,0,2,0,0,0,0,0,0,0,0,0,0,0,83.33,0.0,83.33,0.0,64.29,0.0,19.04,0.0
district,Gandaki,Manang,Male,18 Year,23,0,0,2,8,1,0,0,5,5,1,0,0,0,0,0,0,0,1,0,47.83,0.0,47.83,0.0,50.0,0.0,-2.17,0.0
district,Gandaki,Manang,Male,19 Year,12,0,0,2,5,0,0,0,1,2,2,0,0,0,0,0,0,0,0,0,58.33,0.0,58.33,0.0,40.0,0.0,18.33,0.0
district,Gandaki,Manang,Male,20 Year,17,0,0,0,2,0,0,0,1,6,7,0,0,1,0,0,0,0,0,0,11.76,5.88,11.76,5.88,8.33,0.0,3.43,5.88
district,Gandaki,Manang,Male,21 Year,16,0,0,0,0,1,0,0,6,6,1,0,1,1,0,0,0,0,0,0,6.25,6.25,6.25,6.25,11.11,0.0,-4.86,6.25
district,Gandaki,Manang,Male,22 Year,21,0,0,0,1,0,0,0,6,9,4,0,0,1,0,0,0,0,0,0,4.76,4.76,4.76,4.76,11.11,0.0,-6.35,4.76
district,Gandaki,Manang,Male,23 Year,13,0,0,0,1,2,0,0,3,4,2,0,0,1,0,0,0,0,0,0,23.08,7.69,23.08,7.69,11.11,0.0,11.97,7.69
district,Gandaki,Manang,Male,24 Year,16,0,0,0,0,0,0,0,3,9,4,0,0,0,0,0,0,0,0,0,0.0,0.0,0.0,0.0,0.0,6.67,0.0,-6.67
district,Gandaki,Manang,Male,25 Year,29,0,0,0,0,1,0,0,11,10,5,0,0,2,0,0,0,0,0,0,3.45,6.9,3.45,6.9,0.0,8.33,3.45,-1.43
district,Gandaki,Manang,Female,All Ages,435,57,145,95,37,0,0,1,41,30,18,2,0,8,0,1,0,0,0,0,76.78,1.84,69.72,2.03,76.78,1.84,-7.06,0.19
district,Gandaki,Manang,Female,5 Year,26,25,0,0,0,0,0,0,0,0,0,0,0,1,0,0,0,0,0,0,96.15,3.85,96.88,0.0,96.15,3.85,0.73,-3.85
district,Gandaki,Manang,Female,6 Year,32,16,13,0,0,0,0,0,0,0,0,0,0,3,0,0,0,0,0,0,90.62,9.38,100.0,0.0,90.62,9.38,9.38,-9.38
district,Gandaki,Manang,Female,7 Year,42,10,28,0,0,0,0,1,1,0,0,0,0,2,0,0,0,0,0,0,90.48,4.76,100.0,0.0,90.48,4.76,9.52,-4.76
district,Gandaki,Manang,Female,8 Year,31,6,25,0,0,0,0,0,0,0,0,0,0,0,0,0,0,0,0,0,100.0,0.0,100.0,0.0,100.0,0.0,0.0,0.0
district,Gandaki,Manang,Female,9 Year,20,0,19,0,0,0,0,0,1,0,0,0,0,0,0,0,0,0,0,0,95.0,0.0,96.0,0.0,95.0,0.0,1.0,0.0
district,Gandaki,Manang,Female,10 Year,22,0,20,0,0,0,0,0,2,0,0,0,0,0,0,0,0,0,0,0,90.91,0.0,77.27,0.0,90.91,0.0,-13.64,0.0
district,Gandaki,Manang,Female,11 Year,29,0,21,6,0,0,0,0,2,0,0,0,0,0,0,0,0,0,0,0,93.1,0.0,89.66,0.0,93.1,0.0,-3.44,0.0
district,Gandaki,Manang,Female,12 Year,35,0,12,22,0,0,0,0,1,0,0,0,0,0,0,0,0,0,0,0,97.14,0.0,100.0,0.0,97.14,0.0,2.86,0.0
district,Gandaki,Manang,Female,13 Year,29,0,4,24,0,0,0,0,1,0,0,0,0,0,0,0,0,0,0,0,96.55,0.0,84.0,4.0,96.55,0.0,-12.55,4.0
district,Gandaki,Manang,Female,14 Year,29,0,3,19,6,0,0,0,1,0,0,0,0,0,0,0,0,0,0,0,96.55,0.0,82.14,10.71,96.55,0.0,-14.41,10.71
district,Gandaki,Manang,Female,15 Year,25,0,0,12,8,0,0,0,3,1,1,0,0,0,0,0,0,0,0,0,80.0,0.0,100.0,0.0,80.0,0.0,20.0,0.0
district,Gandaki,Manang,Female,16 Year,19,0,0,7,8,0,0,0,2,0,1,0,0,0,0,1,0,0,0,0,78.95,0.0,78.79,0.0,78.95,0.0,-0.16,0.0
district,Gandaki,Manang,Female,17 Year,14,0,0,3,6,0,0,0,1,1,3,0,0,0,0,0,0,0,0,0,64.29,0.0,83.33,0.0,64.29,0.0,19.04,0.0
district,Gandaki,Manang,Female,18 Year,6,0,0,0,3,0,0,0,2,1,0,0,0,0,0,0,0,0,0,0,50.0,0.0,47.83,0.0,50.0,0.0,-2.17,0.0
district,Gandaki,Manang,Female,19 Year,10,0,0,2,2,0,0,0,1,3,1,1,0,0,0,0,0,0,0,0,40.0,0.0,58.33,0.0,40.0,0.0,18.33,0.0
district,Gandaki,Manang,Female,20 Year,12,0,0,0,1,0,0,0,3,5,3,0,0,0,0,0,0,0,0,0,8.33,0.0,11.76,5.88,8.33,0.0,3.43,5.88
district,Gandaki,Manang,Female,21 Year,9,0,0,0,1,0,0,0,3,3,2,0,0,0,0,0,0,0,0,0,11.11,0.0,6.25,6.25,11.11,0.0,-4.86,6.25
district,Gandaki,Manang,Female,22 Year,9,0,0,0,1,0,0,0,4,2,1,1,0,0,0,0,0,0,0,0,11.11,0.0,4.76,4.76,11.11,0.0,-6.35,4.76
district,Gandaki,Manang,Female,23 Year,9,0,0,0,1,0,0,0,1,6,1,0,0,0,0,0,0,0,0,0,11.11,0.0,23.08,7.69,11.11,0.0,11.97,7.69
district,Gandaki,Manang,Female,24 Year,15,0,0,0,0,0,0,0,6,6,2,0,0,1,0,0,0,0,0,0,0.0,6.67,0.0,0.0,0.0,6.67,0.0,-6.67
district,Gandaki,Manang,Female,25 Year,12,0,0,0,0,0,0,0,6,2,3,0,0,1,0,0,0,0,0,0,0.0,8.33,3.45,6.9,0.0,8.33,3.45,-1.43
district,Gandaki,Mustang,Total,All Ages,3984,489,1328,740,375,35,28,25,336,291,175,6,6,125,0,1,0,1,0,23,75.18,3.14,75.03,2.41,75.35,4.04,-0.32,-1.63
district,Gandaki,Mustang,Total,5 Year,215,188,0,0,0,0,2,0,0,0,0,0,0,16,0,0,0,0,0,9,88.37,7.44,85.45,9.09,91.43,5.71,-5.98,3.38
district,Gandaki,Mustang,Total,6 Year,211,100,87,0,0,3,3,0,4,0,0,0,0,11,0,0,0,0,0,3,91.47,5.21,87.27,8.18,96.04,1.98,-8.77,6.2
district,Gandaki,Mustang,Total,7 Year,210,89,115,0,0,0,1,0,2,0,0,0,0,2,0,0,0,0,0,1,97.62,0.95,96.88,2.08,98.25,0.0,-1.37,2.08
district,Gandaki,Mustang,Total,8 Year,235,46,183,0,0,0,1,0,1,0,0,0,0,2,0,0,0,0,0,2,97.87,0.85,99.16,0.84,96.55,0.86,2.61,-0.02
district,Gandaki,Mustang,Total,9 Year,221,31,184,0,0,0,1,0,3,0,0,0,0,0,0,1,0,0,0,1,97.74,0.0,96.8,0.0,98.96,0.0,-2.16,0.0
district,Gandaki,Mustang,Total,10 Year,243,15,193,0,0,0,3,3,26,0,0,0,0,3,0,0,0,0,0,0,86.83,1.23,87.9,0.81,85.71,1.68,2.19,-0.87
district,Gandaki,Mustang,Total,11 Year,248,7,173,36,0,0,5,2,19,3,0,1,0,2,0,0,0,0,0,0,89.11,0.81,89.43,0.0,88.8,1.6,0.63,-1.6
district,Gandaki,Mustang,Total,12 Year,274,7,143,96,0,0,2,5,21,0,0,0,0,0,0,0,0,0,0,0,90.51,0.0,88.08,0.0,93.5,0.0,-5.42,0.0
district,Gandaki,Mustang,Total,13 Year,271,4,114,132,0,0,3,2,10,1,0,0,0,3,0,0,0,0,0,2,93.36,1.11,91.56,0.65,95.73,1.71,-4.17,-1.06
district,Gandaki,Mustang,Total,14 Year,263,0,84,144,21,1,0,0,9,1,1,0,0,2,0,0,0,0,0,0,95.06,0.76,94.41,0.0,96.08,1.96,-1.67,-1.96
district,Gandaki,Mustang,Total,15 Year,273,1,24,124,79,1,1,1,33,4,1,0,0,3,0,0,0,0,0,1,84.25,1.1,78.24,1.76,94.17,0.0,-15.93,1.76
district,Gandaki,Mustang,Total,16 Year,208,1,12,79,90,2,0,1,9,7,5,0,0,2,0,0,0,0,0,0,88.46,0.96,89.92,0.84,86.52,1.12,3.4,-0.28
district,Gandaki,Mustang,Total,17 Year,185,0,8,76,62,4,2,0,17,9,2,1,0,3,0,0,0,0,0,1,82.16,1.62,84.55,1.63,77.42,1.61,7.13,0.02
district,Gandaki,Mustang,Total,18 Year,122,0,2,26,47,2,1,0,17,12,8,0,0,7,0,0,0,0,0,0,63.93,5.74,69.74,3.95,54.35,8.7,15.39,-4.75
district,Gandaki,Mustang,Total,19 Year,109,0,6,27,22,4,0,1,9,21,16,0,0,3,0,0,0,0,0,0,54.13,2.75,64.62,1.54,38.64,4.55,25.98,-3.01
district,Gandaki,Mustang,Total,20 Year,106,0,0,0,11,6,1,0,23,37,20,2,1,5,0,0,0,0,0,0,16.98,4.72,16.98,1.89,16.98,7.55,0.0,-5.66
district,Gandaki,Mustang,Total,21 Year,103,0,0,0,15,5,0,0,19,30,18,0,0,15,0,0,0,0,0,1,19.42,14.56,25.76,7.58,8.11,27.03,17.65,-19.45
district,Gandaki,Mustang,Total,22 Year,114,0,0,0,4,1,0,0,30,42,19,2,2,14,0,0,0,0,0,0,4.39,12.28,4.62,6.15,4.08,20.41,0.54,-14.26
district,Gandaki,Mustang,Total,23 Year,110,0,0,0,11,1,0,1,25,39,29,0,1,2,0,0,0,0,0,1,10.91,1.82,9.52,1.59,12.77,2.13,-3.25,-0.54
district,Gandaki,Mustang,Total,24 Year,96,0,0,0,7,3,1,0,19,33,24,0,0,8,0,0,0,0,0,1,11.46,8.33,10.91,5.45,12.2,12.2,-1.29,-6.75
district,Gandaki,Mustang,Total,25 Year,167,0,0,0,6,2,1,9,40,52,32,0,2,22,0,0,0,1,0,0,5.39,13.17,8.0,6.67,3.26,18.48,4.74,-11.81
district,Gandaki,Mustang,Male,All Ages,2203,265,691,436,218,28,15,10,190,163,112,4,2,53,0,0,0,0,0,16,75.03,2.41,75.03,2.41,75.35,4.04,-0.32,-1.63
district,Gandaki,Mustang,Male,5 Year,110,93,0,0,0,0,1,0,0,0,0,0,0,10,0,0,0,0,0,6,85.45,9.09,85.45,9.09,91.43,5.71,-5.98,3.38
district,Gandaki,Mustang,Male,6 Year,110,61,33,0,0,0,2,0,2,0,0,0,0,9,0,0,0,0,0,3,87.27,8.18,87.27,8.18,96.04,1.98,-8.77,6.2
district,Gandaki,Mustang,Male,7 Year,96,44,48,0,0,0,1,0,0,0,0,0,0,2,0,0,0,0,0,1,96.88,2.08,96.88,2.08,98.25,0.0,-1.37,2.08
district,Gandaki,Mustang,Male,8 Year,119,27,91,0,0,0,0,0,0,0,0,0,0,1,0,0,0,0,0,0,99.16,0.84,99.16,0.84,96.55,0.86,2.61,-0.02
district,Gandaki,Mustang,Male,9 Year,125,21,100,0,0,0,0,0,3,0,0,0,0,0,0,0,0,0,0,1,96.8,0.0,96.8,0.0,98.96,0.0,-2.16,0.0
district,Gandaki,Mustang,Male,10 Year,124,9,98,0,0,0,2,1,13,0,0,0,0,1,0,0,0,0,0,0,87.9,0.81,87.9,0.81,85.71,1.68,2.19,-0.87
district,Gandaki,Mustang,Male,11 Year,123,5,85,18,0,0,2,2,9,1,0,1,0,0,0,0,0,0,0,0,89.43,0.0,89.43,0.0,88.8,1.6,0.63,-1.6
district,Gandaki,Mustang,Male,12 Year,151,4,76,52,0,0,1,4,14,0,0,0,0,0,0,0,0,0,0,0,88.08,0.0,88.08,0.0,93.5,0.0,-5.42,0.0
district,Gandaki,Mustang,Male,13 Year,154,0,71,68,0,0,2,1,9,1,0,0,0,1,0,0,0,0,0,1,91.56,0.65,91.56,0.65,95.73,1.71,-4.17,-1.06
district,Gandaki,Mustang,Male,14 Year,161,0,58,86,8,0,0,0,7,1,1,0,0,0,0,0,0,0,0,0,94.41,0.0,94.41,0.0,96.08,1.96,-1.67,-1.96
district,Gandaki,Mustang,Male,15 Year,170,1,14,73,43,1,1,0,28,4,1,0,0,3,0,0,0,0,0,1,78.24,1.76,78.24,1.76,94.17,0.0,-15.93,1.76
district,Gandaki,Mustang,Male,16 Year,119,0,6,44,56,1,0,0,7,2,2,0,0,1,0,0,0,0,0,0,89.92,0.84,89.92,0.84,86.52,1.12,3.4,-0.28
district,Gandaki,Mustang,Male,17 Year,123,0,7,54,38,4,1,0,8,7,1,0,0,2,0,0,0,0,0,1,84.55,1.63,84.55,1.63,77.42,1.61,7.13,0.02
district,Gandaki,Mustang,Male,18 Year,76,0,1,23,26,2,1,0,7,7,6,0,0,3,0,0,0,0,0,0,69.74,3.95,69.74,3.95,54.35,8.7,15.39,-4.75
district,Gandaki,Mustang,Male,19 Year,65,0,3,18,17,4,0,1,4,9,8,0,0,1,0,0,0,0,0,0,64.62,1.54,64.62,1.54,38.64,4.55,25.98,-3.01
district,Gandaki,Mustang,Male,20 Year,53,0,0,0,3,6,0,0,13,14,13,2,1,1,0,0,0,0,0,0,16.98,1.89,16.98,1.89,16.98,7.55,0.0,-5.66
district,Gandaki,Mustang,Male,21 Year,66,0,0,0,12,5,0,0,10,23,10,0,0,5,0,0,0,0,0,1,25.76,7.58,25.76,7.58,8.11,27.03,17.65,-19.45
district,Gandaki,Mustang,Male,22 Year,65,0,0,0,2,1,0,0,18,24,14,1,1,4,0,0,0,0,0,0,4.62,6.15,4.62,6.15,4.08,20.41,0.54,-14.26
district,Gandaki,Mustang,Male,23 Year,63,0,0,0,5,1,0,0,15,20,20,0,0,1,0,0,0,0,0,1,9.52,1.59,9.52,1.59,12.77,2.13,-3.25,-0.54
district,Gandaki,Mustang,Male,24 Year,55,0,0,0,4,2,0,0,7,23,16,0,0,3,0,0,0,0,0,0,10.91,5.45,10.91,5.45,12.2,12.2,-1.29,-6.75
district,Gandaki,Mustang,Male,25 Year,75,0,0,0,4,1,1,1,16,27,20,0,0,5,0,0,0,0,0,0,8.0,6.67,8.0,6.67,3.26,18.48,4.74,-11.81
district,Gandaki,Mustang,Female,All Ages,1781,224,637,304,157,7,13,15,146,128,63,2,4,72,0,1,0,1,0,7,75.35,4.04,75.03,2.41,75.35,4.04,-0.32,-1.63
district,Gandaki,Mustang,Female,5 Year,105,95,0,0,0,0,1,0,0,0,0,0,0,6,0,0,0,0,0,3,91.43,5.71,85.45,9.09,91.43,5.71,-5.98,3.38
district,Gandaki,Mustang,Female,6 Year,101,39,54,0,0,3,1,0,2,0,0,0,0,2,0,0,0,0,0,0,96.04,1.98,87.27,8.18,96.04,1.98,-8.77,6.2
district,Gandaki,Mustang,Female,7 Year,114,45,67,0,0,0,0,0,2,0,0,0,0,0,0,0,0,0,0,0,98.25,0.0,96.88,2.08,98.25,0.0,-1.37,2.08
district,Gandaki,Mustang,Female,8 Year,116,19,92,0,0,0,1,0,1,0,0,0,0,1,0,0,0,0,0,2,96.55,0.86,99.16,0.84,96.55,0.86,2.61,-0.02
district,Gandaki,Mustang,Female,9 Year,96,10,84,0,0,0,1,0,0,0,0,0,0,0,0,1,0,0,0,0,98.96,0.0,96.8,0.0,98.96,0.0,-2.16,0.0
district,Gandaki,Mustang,Female,10 Year,119,6,95,0,0,0,1,2,13,0,0,0,0,2,0,0,0,0,0,0,85.71,1.68,87.9,0.81,85.71,1.68,2.19,-0.87
district,Gandaki,Mustang,Female,11 Year,125,2,88,18,0,0,3,0,10,2,0,0,0,2,0,0,0,0,0,0,88.8,1.6,89.43,0.0,88.8,1.6,0.63,-1.6
district,Gandaki,Mustang,Female,12 Year,123,3,67,44,0,0,1,1,7,0,0,0,0,0,0,0,0,0,0,0,93.5,0.0,88.08,0.0,93.5,0.0,-5.42,0.0
district,Gandaki,Mustang,Female,13 Year,117,4,43,64,0,0,1,1,1,0,0,0,0,2,0,0,0,0,0,1,95.73,1.71,91.56,0.65,95.73,1.71,-4.17,-1.06
district,Gandaki,Mustang,Female,14 Year,102,0,26,58,13,1,0,0,2,0,0,0,0,2,0,0,0,0,0,0,96.08,1.96,94.41,0.0,96.08,1.96,-1.67,-1.96
district,Gandaki,Mustang,Female,15 Year,103,0,10,51,36,0,0,1,5,0,0,0,0,0,0,0,0,0,0,0,94.17,0.0,78.24,1.76,94.17,0.0,-15.93,1.76
district,Gandaki,Mustang,Female,16 Year,89,1,6,35,34,1,0,1,2,5,3,0,0,1,0,0,0,0,0,0,86.52,1.12,89.92,0.84,86.52,1.12,3.4,-0.28
district,Gandaki,Mustang,Female,17 Year,62,0,1,22,24,0,1,0,9,2,1,1,0,1,0,0,0,0,0,0,77.42,1.61,84.55,1.63,77.42,1.61,7.13,0.02
district,Gandaki,Mustang,Female,18 Year,46,0,1,3,21,0,0,0,10,5,2,0,0,4,0,0,0,0,0,0,54.35,8.7,69.74,3.95,54.35,8.7,15.39,-4.75
district,Gandaki,Mustang,Female,19 Year,44,0,3,9,5,0,0,0,5,12,8,0,0,2,0,0,0,0,0,0,38.64,4.55,64.62,1.54,38.64,4.55,25.98,-3.01
district,Gandaki,Mustang,Female,20 Year,53,0,0,0,8,0,1,0,10,23,7,0,0,4,0,0,0,0,0,0,16.98,7.55,16.98,1.89,16.98,7.55,0.0,-5.66
district,Gandaki,Mustang,Female,21 Year,37,0,0,0,3,0,0,0,9,7,8,0,0,10,0,0,0,0,0,0,8.11,27.03,25.76,7.58,8.11,27.03,17.65,-19.45
district,Gandaki,Mustang,Female,22 Year,49,0,0,0,2,0,0,0,12,18,5,1,1,10,0,0,0,0,0,0,4.08,20.41,4.62,6.15,4.08,20.41,0.54,-14.26
district,Gandaki,Mustang,Female,23 Year,47,0,0,0,6,0,0,1,10,19,9,0,1,1,0,0,0,0,0,0,12.77,2.13,9.52,1.59,12.77,2.13,-3.25,-0.54
district,Gandaki,Mustang,Female,24 Year,41,0,0,0,3,1,1,0,12,10,8,0,0,5,0,0,0,0,0,1,12.2,12.2,10.91,5.45,12.2,12.2,-1.29,-6.75
district,Gandaki,Mustang,Female,25 Year,92,0,0,0,2,1,0,8,24,25,12,0,2,17,0,0,0,1,0,0,3.26,18.48,8.0,6.67,3.26,18.48,4.74,-11.81
district,Gandaki,Myagdi,Total,All Ages,29532,2498,10516,6472,3458,24,73,43,1574,2477,1738,37,44,451,0,23,6,4,0,94,78.02,1.53,78.14,1.43,77.89,1.63,0.25,-0.2
district,Gandaki,Myagdi,Total,5 Year,1822,1705,0,0,0,2,16,17,0,0,0,1,2,55,0,0,0,0,0,24,94.57,3.02,94.53,3.05,94.61,2.98,-0.08,0.07
district,Gandaki,Myagdi,Total,6 Year,1883,546,1275,0,0,0,6,3,14,0,0,1,1,28,0,1,0,0,0,8,97.03,1.49,97.13,1.23,96.91,1.76,0.22,-0.53
district,Gandaki,Myagdi,Total,7 Year,1892,182,1678,0,0,2,4,0,15,0,0,1,0,5,0,2,0,0,0,3,98.63,0.26,98.66,0.41,98.59,0.11,0.07,0.3
district,Gandaki,Myagdi,Total,8 Year,1837,35,1759,0,0,1,5,0,27,0,0,0,1,9,0,0,0,0,0,0,97.99,0.49,97.71,0.62,98.29,0.34,-0.58,0.28
district,Gandaki,Myagdi,Total,9 Year,1950,20,1874,0,0,1,5,2,27,0,0,1,1,13,0,1,0,0,0,5,97.44,0.67,97.06,0.98,97.85,0.32,-0.79,0.66
district,Gandaki,Myagdi,Total,10 Year,1976,2,1846,0,0,2,3,4,97,0,0,0,4,17,0,0,0,0,0,1,93.78,0.86,92.87,1.2,94.69,0.51,-1.82,0.69
district,Gandaki,Myagdi,Total,11 Year,1976,3,1116,771,0,1,3,1,59,5,0,0,1,15,0,1,0,0,0,0,95.85,0.76,95.1,1.0,96.62,0.51,-1.52,0.49
district,Gandaki,Myagdi,Total,12 Year,2112,0,539,1511,0,0,1,0,37,13,0,0,2,4,0,0,1,0,0,4,97.11,0.19,96.52,0.09,97.74,0.29,-1.22,-0.2
district,Gandaki,Myagdi,Total,13 Year,2054,1,223,1746,0,1,2,1,32,30,0,0,2,12,0,1,1,0,0,2,96.06,0.58,95.95,0.39,96.16,0.79,-0.21,-0.4
district,Gandaki,Myagdi,Total,14 Year,2073,2,106,1208,636,3,4,4,29,41,13,1,0,16,0,3,2,1,0,4,94.5,0.77,94.09,0.59,94.9,0.95,-0.81,-0.36
district,Gandaki,Myagdi,Total,15 Year,1865,1,32,722,957,0,2,1,53,53,27,0,2,8,0,5,0,0,0,2,91.9,0.43,91.33,0.31,92.51,0.55,-1.18,-0.24
district,Gandaki,Myagdi,Total,16 Year,1290,0,20,238,810,0,5,0,51,104,33,0,1,19,0,5,0,0,0,4,83.18,1.47,82.25,1.83,84.31,1.03,-2.06,0.8
district,Gandaki,Myagdi,Total,17 Year,866,1,20,136,398,0,0,0,67,166,51,2,0,21,0,1,0,2,0,1,64.09,2.42,65.38,2.44,62.4,2.4,2.98,0.04
district,Gandaki,Myagdi,Total,18 Year,761,0,12,87,239,0,1,1,92,175,119,4,3,21,0,2,0,0,0,5,44.55,2.76,45.61,2.85,43.24,2.65,2.37,0.2
district,Gandaki,Myagdi,Total,19 Year,668,0,14,53,94,1,5,0,97,209,160,2,4,20,0,0,1,0,0,8,25.0,2.99,27.9,3.04,21.57,2.94,6.33,0.1
district,Gandaki,Myagdi,Total,20 Year,679,0,0,0,92,1,2,1,113,252,190,5,2,17,0,1,0,0,0,3,13.99,2.5,16.01,1.12,11.76,4.02,4.25,-2.9
district,Gandaki,Myagdi,Total,21 Year,716,0,0,0,71,3,3,1,113,261,226,1,4,28,0,0,0,0,0,5,10.75,3.91,11.34,3.35,10.06,4.57,1.28,-1.22
district,Gandaki,Myagdi,Total,22 Year,759,0,0,0,42,0,1,3,147,304,220,6,0,34,0,0,0,0,0,2,5.67,4.48,6.96,2.79,4.5,6.0,2.46,-3.21
district,Gandaki,Myagdi,Total,23 Year,724,0,1,0,40,0,0,3,148,256,230,3,4,33,0,0,0,0,0,6,5.66,4.56,7.55,4.58,3.68,4.53,3.87,0.05
district,Gandaki,Myagdi,Total,24 Year,783,0,1,0,43,4,3,1,166,294,231,4,3,29,0,0,0,0,0,4,6.51,3.7,7.28,3.77,5.83,3.64,1.45,0.13
district,Gandaki,Myagdi,Total,25 Year,846,0,0,0,36,2,2,0,190,314,238,5,7,47,0,0,1,1,0,3,4.73,5.56,5.37,3.66,4.13,7.34,1.24,-3.68
district,Gandaki,Myagdi,Male,All Ages,15214,1342,5484,3237,1777,12,36,23,850,1229,885,22,24,218,0,14,5,4,0,52,78.14,1.43,78.14,1.43,77.89,1.63,0.25,-0.2
district,Gandaki,Myagdi,Male,5 Year,950,891,0,0,0,1,6,7,0,0,0,0,1,29,0,0,0,0,0,15,94.53,3.05,94.53,3.05,94.61,2.98,-0.08,0.07
district,Gandaki,Myagdi,Male,6 Year,976,306,638,0,0,0,4,3,9,0,0,1,0,12,0,0,0,0,0,3,97.13,1.23,97.13,1.23,96.91,1.76,0.22,-0.53
district,Gandaki,Myagdi,Male,7 Year,967,112,840,0,0,1,1,0,7,0,0,0,0,4,0,1,0,0,0,1,98.66,0.41,98.66,0.41,98.59,0.11,0.07,0.3
district,Gandaki,Myagdi,Male,8 Year,962,20,916,0,0,0,4,0,16,0,0,0,0,6,0,0,0,0,0,0,97.71,0.62,97.71,0.62,98.29,0.34,-0.58,0.28
district,Gandaki,Myagdi,Male,9 Year,1021,10,979,0,0,0,2,2,13,0,0,1,1,10,0,1,0,0,0,2,97.06,0.98,97.06,0.98,97.85,0.32,-0.79,0.66
district,Gandaki,Myagdi,Male,10 Year,996,1,922,0,0,1,1,3,55,0,0,0,1,12,0,0,0,0,0,0,92.87,1.2,92.87,1.2,94.69,0.51,-1.82,0.69
district,Gandaki,Myagdi,Male,11 Year,1000,1,603,345,0,1,1,1,35,2,0,0,0,10,0,1,0,0,0,0,95.1,1.0,95.1,1.0,96.62,0.51,-1.52,0.49
district,Gandaki,Myagdi,Male,12 Year,1093,0,319,736,0,0,0,0,26,8,0,0,1,1,0,0,1,0,0,1,96.52,0.09,96.52,0.09,97.74,0.29,-1.22,-0.2
district,Gandaki,Myagdi,Male,13 Year,1038,0,139,854,0,1,2,0,21,15,0,0,1,4,0,0,0,0,0,1,95.95,0.39,95.95,0.39,96.16,0.79,-0.21,-0.4
district,Gandaki,Myagdi,Male,14 Year,1015,1,66,604,277,3,4,3,16,22,7,0,0,6,0,1,2,1,0,2,94.09,0.59,94.09,0.59,94.9,0.95,-0.81,-0.36
district,Gandaki,Myagdi,Male,15 Year,957,0,21,400,452,0,1,1,32,34,10,0,0,3,0,2,0,0,0,1,91.33,0.31,91.33,0.31,92.51,0.55,-1.18,-0.24
district,Gandaki,Myagdi,Male,16 Year,710,0,13,141,428,0,2,0,32,59,13,0,1,13,0,5,0,0,0,3,82.25,1.83,82.25,1.83,84.31,1.03,-2.06,0.8
district,Gandaki,Myagdi,Male,17 Year,491,0,14,76,231,0,0,0,42,92,19,2,0,12,0,1,0,2,0,0,65.38,2.44,65.38,2.44,62.4,2.4,2.98,0.04
district,Gandaki,Myagdi,Male,18 Year,421,0,5,51,136,0,0,1,55,87,64,3,3,12,0,1,0,0,0,3,45.61,2.85,45.61,2.85,43.24,2.65,2.37,0.2
district,Gandaki,Myagdi,Male,19 Year,362,0,8,30,61,0,2,0,57,109,74,2,1,11,0,0,1,0,0,6,27.9,3.04,27.9,3.04,21.57,2.94,6.33,0.1
district,Gandaki,Myagdi,Male,20 Year,356,0,0,0,55,0,2,1,62,127,98,3,2,4,0,1,0,0,0,1,16.01,1.12,16.01,1.12,11.76,4.02,4.25,-2.9
district,Gandaki,Myagdi,Male,21 Year,388,0,0,0,41,2,1,0,62,135,126,0,4,13,0,0,0,0,0,4,11.34,3.35,11.34,3.35,10.06,4.57,1.28,-1.22
district,Gandaki,Myagdi,Male,22 Year,359,0,0,0,24,0,1,0,73,131,116,2,0,10,0,0,0,0,0,2,6.96,2.79,6.96,2.79,4.5,6.0,2.46,-3.21
district,Gandaki,Myagdi,Male,23 Year,371,0,0,0,28,0,0,1,71,130,118,0,2,17,0,0,0,0,0,4,7.55,4.58,7.55,4.58,3.68,4.53,3.87,0.05
district,Gandaki,Myagdi,Male,24 Year,371,0,1,0,24,2,0,0,72,138,115,3,0,14,0,0,0,0,0,2,7.28,3.77,7.28,3.77,5.83,3.64,1.45,0.13
district,Gandaki,Myagdi,Male,25 Year,410,0,0,0,20,0,2,0,94,140,125,5,6,15,0,0,1,1,0,1,5.37,3.66,5.37,3.66,4.13,7.34,1.24,-3.68
district,Gandaki,Myagdi,Female,All Ages,14318,1156,5032,3235,1681,12,37,20,724,1248,853,15,20,233,0,9,1,0,0,42,77.89,1.63,78.14,1.43,77.89,1.63,0.25,-0.2
district,Gandaki,Myagdi,Female,5 Year,872,814,0,0,0,1,10,10,0,0,0,1,1,26,0,0,0,0,0,9,94.61,2.98,94.53,3.05,94.61,2.98,-0.08,0.07
district,Gandaki,Myagdi,Female,6 Year,907,240,637,0,0,0,2,0,5,0,0,0,1,16,0,1,0,0,0,5,96.91,1.76,97.13,1.23,96.91,1.76,0.22,-0.53
district,Gandaki,Myagdi,Female,7 Year,925,70,838,0,0,1,3,0,8,0,0,1,0,1,0,1,0,0,0,2,98.59,0.11,98.66,0.41,98.59,0.11,0.07,0.3
district,Gandaki,Myagdi,Female,8 Year,875,15,843,0,0,1,1,0,11,0,0,0,1,3,0,0,0,0,0,0,98.29,0.34,97.71,0.62,98.29,0.34,-0.58,0.28
district,Gandaki,Myagdi,Female,9 Year,929,10,895,0,0,1,3,0,14,0,0,0,0,3,0,0,0,0,0,3,97.85,0.32,97.06,0.98,97.85,0.32,-0.79,0.66
district,Gandaki,Myagdi,Female,10 Year,980,1,924,0,0,1,2,1,42,0,0,0,3,5,0,0,0,0,0,1,94.69,0.51,92.87,1.2,94.69,0.51,-1.82,0.69
district,Gandaki,Myagdi,Female,11 Year,976,2,513,426,0,0,2,0,24,3,0,0,1,5,0,0,0,0,0,0,96.62,0.51,95.1,1.0,96.62,0.51,-1.52,0.49
district,Gandaki,Myagdi,Female,12 Year,1019,0,220,775,0,0,1,0,11,5,0,0,1,3,0,0,0,0,0,3,97.74,0.29,96.52,0.09,97.74,0.29,-1.22,-0.2
district,Gandaki,Myagdi,Female,13 Year,1016,1,84,892,0,0,0,1,11,15,0,0,1,8,0,1,1,0,0,1,96.16,0.79,95.95,0.39,96.16,0.79,-0.21,-0.4
district,Gandaki,Myagdi,Female,14 Year,1058,1,40,604,359,0,0,1,13,19,6,1,0,10,0,2,0,0,0,2,94.9,0.95,94.09,0.59,94.9,0.95,-0.81,-0.36
district,Gandaki,Myagdi,Female,15 Year,908,1,11,322,505,0,1,0,21,19,17,0,2,5,0,3,0,0,0,1,92.51,0.55,91.33,0.31,92.51,0.55,-1.18,-0.24
district,Gandaki,Myagdi,Female,16 Year,580,0,7,97,382,0,3,0,19,45,20,0,0,6,0,0,0,0,0,1,84.31,1.03,82.25,1.83,84.31,1.03,-2.06,0.8
district,Gandaki,Myagdi,Female,17 Year,375,1,6,60,167,0,0,0,25,74,32,0,0,9,0,0,0,0,0,1,62.4,2.4,65.38,2.44,62.4,2.4,2.98,0.04
district,Gandaki,Myagdi,Female,18 Year,340,0,7,36,103,0,1,0,37,88,55,1,0,9,0,1,0,0,0,2,43.24,2.65,45.61,2.85,43.24,2.65,2.37,0.2
district,Gandaki,Myagdi,Female,19 Year,306,0,6,23,33,1,3,0,40,100,86,0,3,9,0,0,0,0,0,2,21.57,2.94,27.9,3.04,21.57,2.94,6.33,0.1
district,Gandaki,Myagdi,Female,20 Year,323,0,0,0,37,1,0,0,51,125,92,2,0,13,0,0,0,0,0,2,11.76,4.02,16.01,1.12,11.76,4.02,4.25,-2.9
district,Gandaki,Myagdi,Female,21 Year,328,0,0,0,30,1,2,1,51,126,100,1,0,15,0,0,0,0,0,1,10.06,4.57,11.34,3.35,10.06,4.57,1.28,-1.22
district,Gandaki,Myagdi,Female,22 Year,400,0,0,0,18,0,0,3,74,173,104,4,0,24,0,0,0,0,0,0,4.5,6.0,6.96,2.79,4.5,6.0,2.46,-3.21
district,Gandaki,Myagdi,Female,23 Year,353,0,1,0,12,0,0,2,77,126,112,3,2,16,0,0,0,0,0,2,3.68,4.53,7.55,4.58,3.68,4.53,3.87,0.05
district,Gandaki,Myagdi,Female,24 Year,412,0,0,0,19,2,3,1,94,156,116,1,3,15,0,0,0,0,0,2,5.83,3.64,7.28,3.77,5.83,3.64,1.45,0.13
district,Gandaki,Myagdi,Female,25 Year,436,0,0,0,16,2,0,0,96,174,113,0,1,32,0,0,0,0,0,2,4.13,7.34,5.37,3.66,4.13,7.34,1.24,-3.68
district,Gandaki,Kaski,Total,All Ages,141039,15404,48842,29966,17618,90,1196,255,5834,9415,8748,69,281,2281,38,87,37,34,5,839,80.2,1.62,80.74,1.6,79.59,1.64,1.15,-0.04
district,Gandaki,Kaski,Total,5 Year,8785,7961,0,0,0,2,115,92,0,0,0,1,9,305,19,0,0,0,1,280,91.95,3.47,92.14,3.41,91.73,3.55,0.41,-0.14
district,Gandaki,Kaski,Total,6 Year,9362,5128,3775,0,0,5,86,28,49,0,0,0,6,166,13,9,0,0,0,97,96.07,1.77,96.3,1.69,95.8,1.88,0.5,-0.19
district,Gandaki,Kaski,Total,7 Year,9085,1681,7058,0,0,2,86,20,80,0,0,0,8,76,3,5,0,0,0,66,97.16,0.84,97.22,0.85,97.09,0.83,0.13,0.02
district,Gandaki,Kaski,Total,8 Year,9410,422,8648,0,0,3,115,2,102,0,0,0,8,66,1,6,0,0,0,37,97.64,0.7,97.66,0.71,97.61,0.69,0.05,0.02
district,Gandaki,Kaski,Total,9 Year,9413,109,8951,0,0,5,115,1,128,0,0,0,15,43,1,9,0,0,0,36,97.52,0.46,97.18,0.59,97.93,0.3,-0.75,0.29
district,Gandaki,Kaski,Total,10 Year,9848,31,8956,0,0,1,85,15,662,0,0,0,15,43,0,18,0,0,1,21,92.13,0.44,91.5,0.45,92.87,0.42,-1.37,0.03
district,Gandaki,Kaski,Total,11 Year,8988,16,6168,2391,0,3,57,15,236,24,0,0,6,43,1,7,2,0,0,19,96.07,0.48,95.73,0.49,96.48,0.46,-0.75,0.03
district,Gandaki,Kaski,Total,12 Year,10139,8,3277,6475,0,5,55,8,140,74,0,1,0,57,0,2,12,0,0,25,96.85,0.56,96.82,0.66,96.89,0.46,-0.07,0.2
district,Gandaki,Kaski,Total,13 Year,9882,8,1117,8411,0,4,53,4,100,124,0,0,6,31,0,1,5,0,0,18,97.08,0.31,96.93,0.25,97.23,0.39,-0.3,-0.14
district,Gandaki,Kaski,Total,14 Year,10231,9,457,6836,2481,4,49,13,113,154,35,0,5,50,0,6,2,3,1,13,96.14,0.49,95.23,0.7,97.16,0.25,-1.93,0.45
district,Gandaki,Kaski,Total,15 Year,9408,8,122,3485,5128,3,85,9,170,210,100,1,5,47,0,8,0,5,0,22,93.87,0.5,92.86,0.59,94.98,0.4,-2.12,0.19
district,Gandaki,Kaski,Total,16 Year,6674,10,92,1295,4508,3,45,2,216,253,145,1,6,65,0,5,0,4,1,23,89.2,0.97,88.2,1.1,90.46,0.82,-2.26,0.28
district,Gandaki,Kaski,Total,17 Year,3961,7,70,546,2258,5,45,6,243,453,242,0,10,52,0,2,1,6,0,15,74.0,1.31,71.87,1.51,76.8,1.05,-4.93,0.46
district,Gandaki,Kaski,Total,18 Year,3527,3,92,355,1333,5,27,2,358,736,471,3,15,99,0,2,1,2,1,22,51.46,2.81,50.66,3.03,52.56,2.49,-1.9,0.54
district,Gandaki,Kaski,Total,19 Year,2482,3,58,171,564,5,32,3,287,678,564,8,15,71,0,2,2,3,0,16,33.56,2.86,34.05,3.35,32.98,2.29,1.07,1.06
district,Gandaki,Kaski,Total,20 Year,2895,0,0,0,374,13,29,6,427,996,853,6,20,147,0,2,2,1,0,19,14.37,5.08,13.49,5.47,15.37,4.63,-1.88,0.84
district,Gandaki,Kaski,Total,21 Year,2752,0,0,0,260,2,30,1,384,918,953,7,20,149,0,0,1,1,0,26,10.61,5.41,11.28,6.02,9.87,4.74,1.41,1.28
district,Gandaki,Kaski,Total,22 Year,3092,0,0,0,197,5,22,5,439,1068,1132,11,21,164,0,2,4,1,0,21,7.24,5.3,7.63,5.15,6.86,5.45,0.77,-0.3
district,Gandaki,Kaski,Total,23 Year,3228,0,0,0,163,9,13,7,509,1050,1231,11,25,183,0,0,3,4,0,20,5.73,5.67,6.58,5.16,4.95,6.14,1.63,-0.98
district,Gandaki,Kaski,Total,24 Year,3584,0,1,1,182,4,27,6,514,1242,1370,8,25,182,0,1,1,3,0,17,6.0,5.08,5.66,4.39,6.31,5.72,-0.65,-1.33
district,Gandaki,Kaski,Total,25 Year,4293,0,0,0,170,2,25,10,677,1435,1652,11,41,242,0,0,1,1,0,26,4.59,5.64,4.65,4.81,4.54,6.33,0.11,-1.52
district,Gandaki,Kaski,Male,All Ages,75315,8601,26605,15784,9141,42,634,139,3362,5098,3998,20,151,1203,15,43,13,17,4,445,80.74,1.6,80.74,1.6,79.59,1.64,1.15,-0.04
district,Gandaki,Kaski,Male,5 Year,4781,4337,0,0,0,0,68,54,0,0,0,1,5,163,8,0,0,0,1,144,92.14,3.41,92.14,3.41,91.73,3.55,0.41,-0.14
district,Gandaki,Kaski,Male,6 Year,5102,2878,1989,0,0,1,45,16,20,0,0,0,4,86,6,4,0,0,0,53,96.3,1.69,96.3,1.69,95.8,1.88,0.5,-0.19
district,Gandaki,Kaski,Male,7 Year,4964,1007,3773,0,0,1,45,12,41,0,0,0,5,42,0,4,0,0,0,34,97.22,0.85,97.22,0.85,97.09,0.83,0.13,0.02
district,Gandaki,Kaski,Male,8 Year,5178,262,4731,0,0,2,62,2,51,0,0,0,6,37,0,5,0,0,0,20,97.66,0.71,97.66,0.71,97.61,0.69,0.05,0.02
district,Gandaki,Kaski,Male,9 Year,5108,58,4840,0,0,3,63,1,77,0,0,0,12,30,1,4,0,0,0,19,97.18,0.59,97.18,0.59,97.93,0.3,-0.75,0.29
district,Gandaki,Kaski,Male,10 Year,5307,19,4783,0,0,1,53,10,387,0,0,0,8,24,0,8,0,0,0,14,91.5,0.45,91.5,0.45,92.87,0.42,-1.37,0.03
district,Gandaki,Kaski,Male,11 Year,4866,8,3419,1202,0,2,27,6,140,17,0,0,3,24,0,3,1,0,0,14,95.73,0.49,95.73,0.49,96.48,0.46,-0.75,0.03
district,Gandaki,Kaski,Male,12 Year,5322,3,1871,3241,0,2,36,2,79,34,0,1,0,35,0,0,5,0,0,13,96.82,0.66,96.82,0.66,96.89,0.46,-0.07,0.2
district,Gandaki,Kaski,Male,13 Year,5217,7,657,4368,0,3,22,3,58,69,0,0,4,13,0,0,0,0,0,13,96.93,0.25,96.93,0.25,97.23,0.39,-0.3,-0.14
district,Gandaki,Kaski,Male,14 Year,5409,7,279,3670,1168,4,23,8,77,101,19,0,3,38,0,4,0,3,1,4,95.23,0.7,95.23,0.7,97.16,0.25,-1.93,0.45
district,Gandaki,Kaski,Male,15 Year,4942,5,75,1881,2580,2,46,4,114,133,52,1,3,29,0,2,0,4,0,11,92.86,0.59,92.86,0.59,94.98,0.4,-2.12,0.19
district,Gandaki,Kaski,Male,16 Year,3730,4,64,775,2426,0,21,1,142,168,69,1,3,41,0,2,0,1,1,11,88.2,1.1,88.2,1.1,90.46,0.82,-2.26,0.28
district,Gandaki,Kaski,Male,17 Year,2250,3,43,324,1220,1,26,2,169,292,117,0,5,34,0,0,1,3,0,10,71.87,1.51,71.87,1.51,76.8,1.05,-4.93,0.46
district,Gandaki,Kaski,Male,18 Year,2043,1,49,214,757,1,13,2,240,439,238,2,10,62,0,2,1,0,1,11,50.66,3.03,50.66,3.03,52.56,2.49,-1.9,0.54
district,Gandaki,Kaski,Male,19 Year,1345,2,32,108,299,2,15,1,179,381,257,3,9,45,0,1,0,1,0,10,34.05,3.35,34.05,3.35,32.98,2.29,1.07,1.06
district,Gandaki,Kaski,Male,20 Year,1535,0,0,0,189,4,14,4,248,556,410,4,10,84,0,2,1,0,0,9,13.49,5.47,13.49,5.47,15.37,4.63,-1.88,0.84
district,Gandaki,Kaski,Male,21 Year,1445,0,0,0,147,0,16,1,221,474,465,3,11,87,0,0,0,1,0,19,11.28,6.02,11.28,6.02,9.87,4.74,1.41,1.28
district,Gandaki,Kaski,Male,22 Year,1533,0,0,0,103,3,11,0,243,549,526,0,9,79,0,1,2,0,0,7,7.63,5.15,7.63,5.15,6.86,5.45,0.77,-0.3
district,Gandaki,Kaski,Male,23 Year,1551,0,0,0,92,6,4,3,266,531,538,2,18,80,0,0,1,2,0,8,6.58,5.16,6.58,5.16,4.95,6.14,1.63,-0.98
district,Gandaki,Kaski,Male,24 Year,1731,0,0,1,83,4,10,2,263,649,622,0,9,76,0,1,1,2,0,8,5.66,4.39,5.66,4.39,6.31,5.72,-0.65,-1.33
district,Gandaki,Kaski,Male,25 Year,1956,0,0,0,77,0,14,5,347,705,685,2,14,94,0,0,0,0,0,13,4.65,4.81,4.65,4.81,4.54,6.33,0.11,-1.52
district,Gandaki,Kaski,Female,All Ages,65724,6803,22237,14182,8477,48,562,116,2472,4317,4750,49,130,1078,23,44,24,17,1,394,79.59,1.64,80.74,1.6,79.59,1.64,1.15,-0.04
district,Gandaki,Kaski,Female,5 Year,4004,3624,0,0,0,2,47,38,0,0,0,0,4,142,11,0,0,0,0,136,91.73,3.55,92.14,3.41,91.73,3.55,0.41,-0.14
district,Gandaki,Kaski,Female,6 Year,4260,2250,1786,0,0,4,41,12,29,0,0,0,2,80,7,5,0,0,0,44,95.8,1.88,96.3,1.69,95.8,1.88,0.5,-0.19
district,Gandaki,Kaski,Female,7 Year,4121,674,3285,0,0,1,41,8,39,0,0,0,3,34,3,1,0,0,0,32,97.09,0.83,97.22,0.85,97.09,0.83,0.13,0.02
district,Gandaki,Kaski,Female,8 Year,4232,160,3917,0,0,1,53,0,51,0,0,0,2,29,1,1,0,0,0,17,97.61,0.69,97.66,0.71,97.61,0.69,0.05,0.02
district,Gandaki,Kaski,Female,9 Year,4305,51,4111,0,0,2,52,0,51,0,0,0,3,13,0,5,0,0,0,17,97.93,0.3,97.18,0.59,97.93,0.3,-0.75,0.29
district,Gandaki,Kaski,Female,10 Year,4541,12,4173,0,0,0,32,5,275,0,0,0,7,19,0,10,0,0,1,7,92.87,0.42,91.5,0.45,92.87,0.42,-1.37,0.03
district,Gandaki,Kaski,Female,11 Year,4122,8,2749,1189,0,1,30,9,96,7,0,0,3,19,1,4,1,0,0,5,96.48,0.46,95.73,0.49,96.48,0.46,-0.75,0.03
district,Gandaki,Kaski,Female,12 Year,4817,5,1406,3234,0,3,19,6,61,40,0,0,0,22,0,2,7,0,0,12,96.89,0.46,96.82,0.66,96.89,0.46,-0.07,0.2
district,Gandaki,Kaski,Female,13 Year,4665,1,460,4043,0,1,31,1,42,55,0,0,2,18,0,1,5,0,0,5,97.23,0.39,96.93,0.25,97.23,0.39,-0.3,-0.14
district,Gandaki,Kaski,Female,14 Year,4822,2,178,3166,1313,0,26,5,36,53,16,0,2,12,0,2,2,0,0,9,97.16,0.25,95.23,0.7,97.16,0.25,-1.93,0.45
district,Gandaki,Kaski,Female,15 Year,4466,3,47,1604,2548,1,39,5,56,77,48,0,2,18,0,6,0,1,0,11,94.98,0.4,92.86,0.59,94.98,0.4,-2.12,0.19
district,Gandaki,Kaski,Female,16 Year,2944,6,28,520,2082,3,24,1,74,85,76,0,3,24,0,3,0,3,0,12,90.46,0.82,88.2,1.1,90.46,0.82,-2.26,0.28
district,Gandaki,Kaski,Female,17 Year,1711,4,27,222,1038,4,19,4,74,161,125,0,5,18,0,2,0,3,0,5,76.8,1.05,71.87,1.51,76.8,1.05,-4.93,0.46
district,Gandaki,Kaski,Female,18 Year,1484,2,43,141,576,4,14,0,118,297,233,1,5,37,0,0,0,2,0,11,52.56,2.49,50.66,3.03,52.56,2.49,-1.9,0.54
district,Gandaki,Kaski,Female,19 Year,1137,1,26,63,265,3,17,2,108,297,307,5,6,26,0,1,2,2,0,6,32.98,2.29,34.05,3.35,32.98,2.29,1.07,1.06
district,Gandaki,Kaski,Female,20 Year,1360,0,0,0,185,9,15,2,179,440,443,2,10,63,0,0,1,1,0,10,15.37,4.63,13.49,5.47,15.37,4.63,-1.88,0.84
district,Gandaki,Kaski,Female,21 Year,1307,0,0,0,113,2,14,0,163,444,488,4,9,62,0,0,1,0,0,7,9.87,4.74,11.28,6.02,9.87,4.74,1.41,1.28
district,Gandaki,Kaski,Female,22 Year,1559,0,0,0,94,2,11,5,196,519,606,11,12,85,0,1,2,1,0,14,6.86,5.45,7.63,5.15,6.86,5.45,0.77,-0.3
district,Gandaki,Kaski,Female,23 Year,1677,0,0,0,71,3,9,4,243,519,693,9,7,103,0,0,2,2,0,12,4.95,6.14,6.58,5.16,4.95,6.14,1.63,-0.98
district,Gandaki,Kaski,Female,24 Year,1853,0,1,0,99,0,17,4,251,593,748,8,16,106,0,0,0,1,0,9,6.31,5.72,5.66,4.39,6.31,5.72,-0.65,-1.33
district,Gandaki,Kaski,Female,25 Year,2337,0,0,0,93,2,11,5,330,730,967,9,27,148,0,0,1,1,0,13,4.54,6.33,4.65,4.81,4.54,6.33,0.11,-1.52
district,Gandaki,Lamjung,Total,All Ages,39038,3473,13137,8836,5099,48,220,58,2078,2923,2262,17,53,755,4,15,1,4,0,55,78.93,1.93,79.92,1.95,77.9,1.91,2.02,0.04
district,Gandaki,Lamjung,Total,5 Year,2276,2124,0,0,0,5,20,16,0,0,0,1,1,92,3,0,0,0,0,14,94.42,4.04,93.9,4.6,95.0,3.43,-1.1,1.17
district,Gandaki,Lamjung,Total,6 Year,2352,928,1320,0,0,4,17,7,17,0,0,0,1,51,0,0,0,0,0,7,96.47,2.17,96.55,2.57,96.38,1.72,0.17,0.85
district,Gandaki,Lamjung,Total,7 Year,2217,294,1846,0,0,2,18,4,23,0,0,0,3,25,0,1,0,0,0,1,97.43,1.13,96.7,1.48,98.22,0.75,-1.52,0.73
district,Gandaki,Lamjung,Total,8 Year,2413,79,2255,0,0,1,17,0,34,0,0,0,0,22,0,0,0,0,0,5,97.47,0.91,97.17,1.02,97.81,0.79,-0.64,0.23
district,Gandaki,Lamjung,Total,9 Year,2372,16,2290,0,0,2,17,0,31,0,0,0,0,14,0,0,0,0,0,2,98.02,0.59,98.18,0.58,97.84,0.6,0.34,-0.02
district,Gandaki,Lamjung,Total,10 Year,2562,7,2361,0,0,0,10,3,166,0,0,0,1,9,0,1,0,0,0,4,92.82,0.35,91.53,0.45,94.19,0.24,-2.66,0.21
district,Gandaki,Lamjung,Total,11 Year,2360,4,1485,748,0,0,15,4,81,5,0,0,1,16,0,0,0,0,0,1,95.42,0.68,95.17,0.92,95.69,0.43,-0.52,0.49
district,Gandaki,Lamjung,Total,12 Year,2801,4,907,1790,0,0,8,2,54,21,0,0,1,12,0,0,0,0,0,2,96.72,0.43,96.65,0.58,96.78,0.28,-0.13,0.3
district,Gandaki,Lamjung,Total,13 Year,2839,0,355,2377,0,0,12,1,37,34,0,0,0,19,0,3,0,0,0,1,96.65,0.67,96.28,0.72,97.02,0.62,-0.74,0.1
district,Gandaki,Lamjung,Total,14 Year,2928,3,151,1827,807,0,7,2,36,53,17,1,0,19,0,3,0,0,0,2,95.46,0.65,95.59,0.53,95.31,0.77,0.28,-0.24
district,Gandaki,Lamjung,Total,15 Year,2738,4,52,1098,1399,1,17,2,55,47,26,0,4,25,0,5,1,2,0,0,93.9,0.91,93.36,1.26,94.49,0.54,-1.13,0.72
district,Gandaki,Lamjung,Total,16 Year,1935,4,27,482,1182,4,10,3,80,83,39,0,0,21,0,0,0,0,0,0,88.32,1.09,87.4,0.77,89.39,1.45,-1.99,-0.68
district,Gandaki,Lamjung,Total,17 Year,1175,1,35,242,604,0,7,0,83,112,56,2,0,28,0,1,0,0,0,4,75.66,2.38,76.28,2.4,74.95,2.36,1.33,0.04
district,Gandaki,Lamjung,Total,18 Year,1183,3,33,185,458,0,7,2,138,197,120,1,2,36,0,0,0,0,0,1,57.99,3.04,60.77,3.23,54.6,2.81,6.17,0.42
district,Gandaki,Lamjung,Total,19 Year,779,2,20,87,170,3,6,1,111,200,147,0,4,28,0,0,0,0,0,0,36.97,3.59,38.86,3.37,35.11,3.82,3.75,-0.45
district,Gandaki,Lamjung,Total,20 Year,934,0,0,0,136,4,8,1,170,330,226,3,2,50,0,1,0,1,0,2,15.85,5.35,16.11,4.39,15.57,6.36,0.54,-1.97
district,Gandaki,Lamjung,Total,21 Year,825,0,0,0,83,3,1,0,137,309,237,1,8,46,0,0,0,0,0,0,10.55,5.58,13.87,5.6,7.78,5.56,6.09,0.04
district,Gandaki,Lamjung,Total,22 Year,990,0,0,0,94,2,6,5,196,346,275,2,4,60,0,0,0,0,0,0,10.3,6.06,11.98,4.59,8.59,7.57,3.39,-2.98
district,Gandaki,Lamjung,Total,23 Year,999,0,0,0,48,7,6,0,170,371,340,1,7,44,0,0,0,0,0,5,6.11,4.4,6.68,3.34,5.64,5.27,1.04,-1.93
district,Gandaki,Lamjung,Total,24 Year,1078,0,0,0,65,3,3,3,213,388,340,4,4,52,1,0,0,0,0,2,6.59,4.82,6.84,6.04,6.37,3.79,0.47,2.25
district,Gandaki,Lamjung,Total,25 Year,1282,0,0,0,53,7,8,2,246,427,439,1,10,86,0,0,0,1,0,2,5.3,6.71,5.02,6.45,5.52,6.91,-0.5,-0.46
district,Gandaki,Lamjung,Male,All Ages,19862,1853,6833,4465,2592,20,111,29,1119,1356,1018,11,28,388,1,6,0,2,0,30,79.92,1.95,79.92,1.95,77.9,1.91,2.02,0.04
district,Gandaki,Lamjung,Male,5 Year,1196,1109,0,0,0,5,9,7,0,0,0,1,1,55,1,0,0,0,0,8,93.9,4.6,93.9,4.6,95.0,3.43,-1.1,1.17
district,Gandaki,Lamjung,Male,6 Year,1247,524,672,0,0,2,6,2,6,0,0,0,0,32,0,0,0,0,0,3,96.55,2.57,96.55,2.57,96.38,1.72,0.17,0.85
district,Gandaki,Lamjung,Male,7 Year,1151,150,954,0,0,0,9,4,13,0,0,0,3,17,0,0,0,0,0,1,96.7,1.48,96.7,1.48,98.22,0.75,-1.52,0.73
district,Gandaki,Lamjung,Male,8 Year,1274,53,1173,0,0,0,12,0,19,0,0,0,0,13,0,0,0,0,0,4,97.17,1.02,97.17,1.02,97.81,0.79,-0.64,0.23
district,Gandaki,Lamjung,Male,9 Year,1212,8,1173,0,0,1,8,0,14,0,0,0,0,7,0,0,0,0,0,1,98.18,0.58,98.18,0.58,97.84,0.6,0.34,-0.02
district,Gandaki,Lamjung,Male,10 Year,1323,1,1206,0,0,0,4,2,100,0,0,0,1,6,0,0,0,0,0,3,91.53,0.45,91.53,0.45,94.19,0.24,-2.66,0.21
district,Gandaki,Lamjung,Male,11 Year,1200,1,787,345,0,0,9,1,43,2,0,0,0,11,0,0,0,0,0,1,95.17,0.92,95.17,0.92,95.69,0.43,-0.52,0.49
district,Gandaki,Lamjung,Male,12 Year,1374,1,480,842,0,0,5,2,24,10,0,0,1,8,0,0,0,0,0,1,96.65,0.58,96.65,0.58,96.78,0.28,-0.13,0.3
district,Gandaki,Lamjung,Male,13 Year,1398,0,212,1129,0,0,5,1,23,17,0,0,0,10,0,1,0,0,0,0,96.28,0.72,96.28,0.72,97.02,0.62,-0.74,0.1
district,Gandaki,Lamjung,Male,14 Year,1498,1,92,948,387,0,4,1,23,24,7,1,0,8,0,0,0,0,0,2,95.59,0.53,95.59,0.53,95.31,0.77,0.28,-0.24
district,Gandaki,Lamjung,Male,15 Year,1431,3,29,610,681,1,12,0,33,27,11,0,1,18,0,4,0,1,0,0,93.36,1.26,93.36,1.26,94.49,0.54,-1.13,0.72
district,Gandaki,Lamjung,Male,16 Year,1040,2,17,286,598,2,4,3,53,42,25,0,0,8,0,0,0,0,0,0,87.4,0.77,87.4,0.77,89.39,1.45,-1.99,-0.68
district,Gandaki,Lamjung,Male,17 Year,624,0,19,144,310,0,3,0,53,54,23,1,0,15,0,1,0,0,0,1,76.28,2.4,76.28,2.4,74.95,2.36,1.33,0.04
district,Gandaki,Lamjung,Male,18 Year,650,0,12,112,268,0,3,0,80,98,55,0,1,21,0,0,0,0,0,0,60.77,3.23,60.77,3.23,54.6,2.81,6.17,0.42
district,Gandaki,Lamjung,Male,19 Year,386,0,7,49,91,1,2,1,58,94,67,0,3,13,0,0,0,0,0,0,38.86,3.37,38.86,3.37,35.11,3.82,3.75,-0.45
district,Gandaki,Lamjung,Male,20 Year,478,0,0,0,72,1,4,1,92,168,114,1,2,21,0,0,0,1,0,1,16.11,4.39,16.11,4.39,15.57,6.36,0.54,-1.97
district,Gandaki,Lamjung,Male,21 Year,375,0,0,0,50,1,1,0,68,135,95,1,3,21,0,0,0,0,0,0,13.87,5.6,13.87,5.6,7.78,5.56,6.09,0.04
district,Gandaki,Lamjung,Male,22 Year,501,0,0,0,56,1,3,2,111,174,127,2,2,23,0,0,0,0,0,0,11.98,4.59,11.98,4.59,8.59,7.57,3.39,-2.98
district,Gandaki,Lamjung,Male,23 Year,449,0,0,0,24,3,3,0,82,163,153,1,5,15,0,0,0,0,0,0,6.68,3.34,6.68,3.34,5.64,5.27,1.04,-1.93
district,Gandaki,Lamjung,Male,24 Year,497,0,0,0,30,2,2,1,109,167,151,2,1,30,0,0,0,0,0,2,6.84,6.04,6.84,6.04,6.37,3.79,0.47,2.25
district,Gandaki,Lamjung,Male,25 Year,558,0,0,0,25,0,3,1,115,181,190,1,4,36,0,0,0,0,0,2,5.02,6.45,5.02,6.45,5.52,6.91,-0.5,-0.46
district,Gandaki,Lamjung,Female,All Ages,19176,1620,6304,4371,2507,28,109,29,959,1567,1244,6,25,367,3,9,1,2,0,25,77.9,1.91,79.92,1.95,77.9,1.91,2.02,0.04
district,Gandaki,Lamjung,Female,5 Year,1080,1015,0,0,0,0,11,9,0,0,0,0,0,37,2,0,0,0,0,6,95.0,3.43,93.9,4.6,95.0,3.43,-1.1,1.17
district,Gandaki,Lamjung,Female,6 Year,1105,404,648,0,0,2,11,5,11,0,0,0,1,19,0,0,0,0,0,4,96.38,1.72,96.55,2.57,96.38,1.72,0.17,0.85
district,Gandaki,Lamjung,Female,7 Year,1066,144,892,0,0,2,9,0,10,0,0,0,0,8,0,1,0,0,0,0,98.22,0.75,96.7,1.48,98.22,0.75,-1.52,0.73
district,Gandaki,Lamjung,Female,8 Year,1139,26,1082,0,0,1,5,0,15,0,0,0,0,9,0,0,0,0,0,1,97.81,0.79,97.17,1.02,97.81,0.79,-0.64,0.23
district,Gandaki,Lamjung,Female,9 Year,1160,8,1117,0,0,1,9,0,17,0,0,0,0,7,0,0,0,0,0,1,97.84,0.6,98.18,0.58,97.84,0.6,0.34,-0.02
district,Gandaki,Lamjung,Female,10 Year,1239,6,1155,0,0,0,6,1,66,0,0,0,0,3,0,1,0,0,0,1,94.19,0.24,91.53,0.45,94.19,0.24,-2.66,0.21
district,Gandaki,Lamjung,Female,11 Year,1160,3,698,403,0,0,6,3,38,3,0,0,1,5,0,0,0,0,0,0,95.69,0.43,95.17,0.92,95.69,0.43,-0.52,0.49
district,Gandaki,Lamjung,Female,12 Year,1427,3,427,948,0,0,3,0,30,11,0,0,0,4,0,0,0,0,0,1,96.78,0.28,96.65,0.58,96.78,0.28,-0.13,0.3
district,Gandaki,Lamjung,Female,13 Year,1441,0,143,1248,0,0,7,0,14,17,0,0,0,9,0,2,0,0,0,1,97.02,0.62,96.28,0.72,97.02,0.62,-0.74,0.1
district,Gandaki,Lamjung,Female,14 Year,1430,2,59,879,420,0,3,1,13,29,10,0,0,11,0,3,0,0,0,0,95.31,0.77,95.59,0.53,95.31,0.77,0.28,-0.24
district,Gandaki,Lamjung,Female,15 Year,1307,1,23,488,718,0,5,2,22,20,15,0,3,7,0,1,1,1,0,0,94.49,0.54,93.36,1.26,94.49,0.54,-1.13,0.72
district,Gandaki,Lamjung,Female,16 Year,895,2,10,196,584,2,6,0,27,41,14,0,0,13,0,0,0,0,0,0,89.39,1.45,87.4,0.77,89.39,1.45,-1.99,-0.68
district,Gandaki,Lamjung,Female,17 Year,551,1,16,98,294,0,4,0,30,58,33,1,0,13,0,0,0,0,0,3,74.95,2.36,76.28,2.4,74.95,2.36,1.33,0.04
district,Gandaki,Lamjung,Female,18 Year,533,3,21,73,190,0,4,2,58,99,65,1,1,15,0,0,0,0,0,1,54.6,2.81,60.77,3.23,54.6,2.81,6.17,0.42
district,Gandaki,Lamjung,Female,19 Year,393,2,13,38,79,2,4,0,53,106,80,0,1,15,0,0,0,0,0,0,35.11,3.82,38.86,3.37,35.11,3.82,3.75,-0.45
district,Gandaki,Lamjung,Female,20 Year,456,0,0,0,64,3,4,0,78,162,112,2,0,29,0,1,0,0,0,1,15.57,6.36,16.11,4.39,15.57,6.36,0.54,-1.97
district,Gandaki,Lamjung,Female,21 Year,450,0,0,0,33,2,0,0,69,174,142,0,5,25,0,0,0,0,0,0,7.78,5.56,13.87,5.6,7.78,5.56,6.09,0.04
district,Gandaki,Lamjung,Female,22 Year,489,0,0,0,38,1,3,3,85,172,148,0,2,37,0,0,0,0,0,0,8.59,7.57,11.98,4.59,8.59,7.57,3.39,-2.98
district,Gandaki,Lamjung,Female,23 Year,550,0,0,0,24,4,3,0,88,208,187,0,2,29,0,0,0,0,0,5,5.64,5.27,6.68,3.34,5.64,5.27,1.04,-1.93
district,Gandaki,Lamjung,Female,24 Year,581,0,0,0,35,1,1,2,104,221,189,2,3,22,1,0,0,0,0,0,6.37,3.79,6.84,6.04,6.37,3.79,0.47,2.25
district,Gandaki,Lamjung,Female,25 Year,724,0,0,0,28,7,5,1,131,246,249,0,6,50,0,0,0,1,0,0,5.52,6.91,5.02,6.45,5.52,6.91,-0.5,-0.46
district,Gandaki,Tanahu,Total,All Ages,86981,7730,29195,18410,10237,38,350,143,4717,8095,6084,49,127,1378,14,44,15,15,0,340,75.83,1.58,77.78,1.55,73.83,1.62,3.95,-0.07
district,Gandaki,Tanahu,Total,5 Year,5026,4595,0,0,0,0,44,57,0,0,0,0,2,182,11,0,0,0,0,135,92.3,3.62,92.49,3.6,92.09,3.64,0.4,-0.04
district,Gandaki,Tanahu,Total,6 Year,5307,2178,2905,0,0,1,32,21,41,0,0,0,4,81,2,1,0,0,0,41,96.4,1.53,96.39,1.79,96.41,1.24,-0.02,0.55
district,Gandaki,Tanahu,Total,7 Year,5174,690,4332,0,0,1,20,8,62,0,0,0,3,33,0,2,0,0,0,23,97.47,0.64,97.36,0.58,97.59,0.71,-0.23,-0.13
district,Gandaki,Tanahu,Total,8 Year,5495,167,5169,0,0,3,26,1,68,0,0,0,3,40,0,6,0,0,0,12,97.63,0.73,97.5,0.92,97.78,0.51,-0.28,0.41
district,Gandaki,Tanahu,Total,9 Year,5403,57,5207,0,0,1,20,1,81,0,0,0,4,16,0,4,0,0,0,12,97.82,0.3,97.53,0.39,98.13,0.19,-0.6,0.2
district,Gandaki,Tanahu,Total,10 Year,5681,11,5223,0,0,0,30,5,355,0,0,0,4,43,1,4,0,0,0,5,92.66,0.76,92.51,0.87,92.81,0.64,-0.3,0.23
district,Gandaki,Tanahu,Total,11 Year,5398,3,3323,1826,0,1,16,5,163,23,0,0,1,24,0,1,1,0,0,11,95.76,0.44,94.9,0.46,96.69,0.42,-1.79,0.04
district,Gandaki,Tanahu,Total,12 Year,5868,5,1786,3842,0,0,19,3,119,50,0,1,1,32,0,0,0,0,0,10,96.32,0.55,96.23,0.58,96.42,0.51,-0.19,0.07
district,Gandaki,Tanahu,Total,13 Year,5931,7,703,4996,0,0,21,5,94,67,0,0,4,27,0,1,4,0,0,2,96.56,0.46,95.6,0.61,97.52,0.3,-1.92,0.31
district,Gandaki,Tanahu,Total,14 Year,5994,1,271,3824,1609,1,16,2,96,108,23,1,1,30,0,2,2,1,0,6,95.46,0.5,94.53,0.68,96.44,0.31,-1.91,0.37
district,Gandaki,Tanahu,Total,15 Year,5741,5,80,2136,2947,1,24,5,186,212,73,2,0,39,0,15,3,4,0,9,90.45,0.68,90.05,0.69,90.87,0.67,-0.82,0.02
district,Gandaki,Tanahu,Total,16 Year,4033,4,58,881,2426,5,17,1,187,267,121,2,4,44,0,5,1,3,0,7,84.08,1.09,85.07,1.01,82.92,1.19,2.15,-0.18
district,Gandaki,Tanahu,Total,17 Year,2640,3,39,431,1236,2,17,1,213,428,217,2,3,41,0,0,1,1,0,5,65.45,1.55,66.81,1.5,63.93,1.61,2.88,-0.11
district,Gandaki,Tanahu,Total,18 Year,2592,3,56,320,752,3,6,4,304,682,366,3,9,74,0,1,0,0,0,9,43.98,2.85,45.51,2.99,42.17,2.69,3.34,0.3
district,Gandaki,Tanahu,Total,19 Year,1945,1,41,154,335,3,8,4,259,606,467,1,5,57,0,0,0,0,0,4,27.87,2.93,30.46,3.15,25.21,2.71,5.25,0.44
district,Gandaki,Tanahu,Total,20 Year,2274,0,0,0,257,4,10,3,388,847,658,3,6,90,0,1,1,1,0,5,11.92,3.96,13.51,3.7,10.48,4.19,3.03,-0.49
district,Gandaki,Tanahu,Total,21 Year,2119,0,1,0,173,4,10,3,328,805,688,4,12,77,0,0,1,0,0,13,8.87,3.63,9.02,3.93,8.73,3.34,0.29,0.59
district,Gandaki,Tanahu,Total,22 Year,2360,0,1,0,148,2,3,0,398,958,731,11,11,90,0,0,0,1,0,6,6.53,3.81,8.21,3.63,5.18,3.96,3.03,-0.33
district,Gandaki,Tanahu,Total,23 Year,2349,0,0,0,110,2,1,6,376,929,807,4,12,97,0,1,0,1,0,3,4.81,4.13,3.63,3.83,5.71,4.36,-2.08,-0.53
district,Gandaki,Tanahu,Total,24 Year,2636,0,0,0,123,3,5,4,463,999,886,6,17,121,0,0,1,1,0,7,4.97,4.59,5.23,4.58,4.79,4.6,0.44,-0.02
district,Gandaki,Tanahu,Total,25 Year,3015,0,0,0,121,1,5,4,536,1114,1047,9,21,140,0,0,0,2,0,15,4.21,4.64,5.42,4.02,3.39,5.06,2.03,-1.04
district,Gandaki,Tanahu,Male,All Ages,44145,4211,15400,9358,5163,13,189,77,2505,3808,2428,20,60,686,8,23,7,8,0,181,77.78,1.55,77.78,1.55,73.83,1.62,3.95,-0.07
district,Gandaki,Tanahu,Male,5 Year,2638,2416,0,0,0,0,24,28,0,0,0,0,1,95,5,0,0,0,0,69,92.49,3.6,92.49,3.6,92.09,3.64,0.4,-0.04
district,Gandaki,Tanahu,Male,6 Year,2799,1225,1452,0,0,0,21,12,15,0,0,0,2,50,2,0,0,0,0,20,96.39,1.79,96.39,1.79,96.41,1.24,-0.02,0.55
district,Gandaki,Tanahu,Male,7 Year,2770,424,2261,0,0,1,11,5,36,0,0,0,2,16,0,1,0,0,0,13,97.36,0.58,97.36,0.58,97.59,0.71,-0.23,-0.13
district,Gandaki,Tanahu,Male,8 Year,2922,91,2744,0,0,1,13,1,37,0,0,0,0,27,0,2,0,0,0,6,97.5,0.92,97.5,0.92,97.78,0.51,-0.28,0.41
district,Gandaki,Tanahu,Male,9 Year,2838,36,2725,0,0,0,7,0,43,0,0,0,3,11,0,3,0,0,0,10,97.53,0.39,97.53,0.39,98.13,0.19,-0.6,0.2
district,Gandaki,Tanahu,Male,10 Year,2885,4,2648,0,0,0,17,2,184,0,0,0,1,25,1,2,0,0,0,1,92.51,0.87,92.51,0.87,92.81,0.64,-0.3,0.23
district,Gandaki,Tanahu,Male,11 Year,2803,1,1805,845,0,1,8,5,98,15,0,0,0,13,0,1,1,0,0,10,94.9,0.46,94.9,0.46,96.69,0.42,-1.79,0.04
district,Gandaki,Tanahu,Male,12 Year,3106,1,1059,1918,0,0,11,1,69,23,0,0,1,18,0,0,0,0,0,5,96.23,0.58,96.23,0.58,96.42,0.51,-0.19,0.07
district,Gandaki,Tanahu,Male,13 Year,2953,4,401,2405,0,0,13,1,64,42,0,0,3,18,0,1,1,0,0,0,95.6,0.61,95.6,0.61,97.52,0.3,-1.92,0.31
district,Gandaki,Tanahu,Male,14 Year,3069,0,154,2030,704,0,13,2,59,64,13,0,1,21,0,2,1,1,0,4,94.53,0.68,94.53,0.68,96.44,0.31,-1.91,0.37
district,Gandaki,Tanahu,Male,15 Year,2915,3,41,1135,1435,0,11,3,107,117,28,0,0,20,0,8,1,1,0,5,90.05,0.69,90.05,0.69,90.87,0.67,-0.82,0.02
district,Gandaki,Tanahu,Male,16 Year,2183,3,38,516,1286,2,12,1,111,130,50,2,2,22,0,3,0,2,0,3,85.07,1.01,85.07,1.01,82.92,1.19,2.15,-0.18
district,Gandaki,Tanahu,Male,17 Year,1398,1,17,230,677,2,7,1,136,225,72,2,2,21,0,0,1,1,0,3,66.81,1.5,66.81,1.5,63.93,1.61,2.88,-0.11
district,Gandaki,Tanahu,Male,18 Year,1404,1,31,192,410,0,5,3,197,365,147,2,4,42,0,0,0,0,0,5,45.51,2.99,45.51,2.99,42.17,2.69,3.34,0.3
district,Gandaki,Tanahu,Male,19 Year,985,1,22,87,187,0,3,2,145,292,212,0,1,31,0,0,0,0,0,2,30.46,3.15,30.46,3.15,25.21,2.71,5.25,0.44
district,Gandaki,Tanahu,Male,20 Year,1081,0,0,0,140,2,4,1,196,421,268,0,4,40,0,0,1,1,0,3,13.51,3.7,13.51,3.7,10.48,4.19,3.03,-0.49
district,Gandaki,Tanahu,Male,21 Year,1042,0,1,0,89,2,2,3,178,401,306,3,7,41,0,0,0,0,0,9,9.02,3.93,9.02,3.93,8.73,3.34,0.29,0.59
district,Gandaki,Tanahu,Male,22 Year,1047,0,1,0,82,1,2,0,190,434,286,4,5,38,0,0,0,1,0,3,8.21,3.63,8.21,3.63,5.18,3.96,3.03,-0.33
district,Gandaki,Tanahu,Male,23 Year,1019,0,0,0,37,0,0,1,194,414,324,2,4,39,0,0,0,1,0,3,3.63,3.83,3.63,3.83,5.71,4.36,-2.08,-0.53
district,Gandaki,Tanahu,Male,24 Year,1070,0,0,0,53,1,2,2,209,416,324,3,8,49,0,0,1,0,0,2,5.23,4.58,5.23,4.58,4.79,4.6,0.44,-0.02
district,Gandaki,Tanahu,Male,25 Year,1218,0,0,0,63,0,3,3,237,449,398,2,9,49,0,0,0,0,0,5,5.42,4.02,5.42,4.02,3.39,5.06,2.03,-1.04
district,Gandaki,Tanahu,Female,All Ages,42836,3519,13795,9052,5074,25,161,66,2212,4287,3656,29,67,692,6,21,8,7,0,159,73.83,1.62,77.78,1.55,73.83,1.62,3.95,-0.07
district,Gandaki,Tanahu,Female,5 Year,2388,2179,0,0,0,0,20,29,0,0,0,0,1,87,6,0,0,0,0,66,92.09,3.64,92.49,3.6,92.09,3.64,0.4,-0.04
district,Gandaki,Tanahu,Female,6 Year,2508,953,1453,0,0,1,11,9,26,0,0,0,2,31,0,1,0,0,0,21,96.41,1.24,96.39,1.79,96.41,1.24,-0.02,0.55
district,Gandaki,Tanahu,Female,7 Year,2404,266,2071,0,0,0,9,3,26,0,0,0,1,17,0,1,0,0,0,10,97.59,0.71,97.36,0.58,97.59,0.71,-0.23,-0.13
district,Gandaki,Tanahu,Female,8 Year,2573,76,2425,0,0,2,13,0,31,0,0,0,3,13,0,4,0,0,0,6,97.78,0.51,97.5,0.92,97.78,0.51,-0.28,0.41
district,Gandaki,Tanahu,Female,9 Year,2565,21,2482,0,0,1,13,1,38,0,0,0,1,5,0,1,0,0,0,2,98.13,0.19,97.53,0.39,98.13,0.19,-0.6,0.2
district,Gandaki,Tanahu,Female,10 Year,2796,7,2575,0,0,0,13,3,171,0,0,0,3,18,0,2,0,0,0,4,92.81,0.64,92.51,0.87,92.81,0.64,-0.3,0.23
district,Gandaki,Tanahu,Female,11 Year,2595,2,1518,981,0,0,8,0,65,8,0,0,1,11,0,0,0,0,0,1,96.69,0.42,94.9,0.46,96.69,0.42,-1.79,0.04
district,Gandaki,Tanahu,Female,12 Year,2762,4,727,1924,0,0,8,2,50,27,0,1,0,14,0,0,0,0,0,5,96.42,0.51,96.23,0.58,96.42,0.51,-0.19,0.07
district,Gandaki,Tanahu,Female,13 Year,2978,3,302,2591,0,0,8,4,30,25,0,0,1,9,0,0,3,0,0,2,97.52,0.3,95.6,0.61,97.52,0.3,-1.92,0.31
district,Gandaki,Tanahu,Female,14 Year,2925,1,117,1794,905,1,3,0,37,44,10,1,0,9,0,0,1,0,0,2,96.44,0.31,94.53,0.68,96.44,0.31,-1.91,0.37
district,Gandaki,Tanahu,Female,15 Year,2826,2,39,1001,1512,1,13,2,79,95,45,2,0,19,0,7,2,3,0,4,90.87,0.67,90.05,0.69,90.87,0.67,-0.82,0.02
district,Gandaki,Tanahu,Female,16 Year,1850,1,20,365,1140,3,5,0,76,137,71,0,2,22,0,2,1,1,0,4,82.92,1.19,85.07,1.01,82.92,1.19,2.15,-0.18
district,Gandaki,Tanahu,Female,17 Year,1242,2,22,201,559,0,10,0,77,203,145,0,1,20,0,0,0,0,0,2,63.93,1.61,66.81,1.5,63.93,1.61,2.88,-0.11
district,Gandaki,Tanahu,Female,18 Year,1188,2,25,128,342,3,1,1,107,317,219,1,5,32,0,1,0,0,0,4,42.17,2.69,45.51,2.99,42.17,2.69,3.34,0.3
district,Gandaki,Tanahu,Female,19 Year,960,0,19,67,148,3,5,2,114,314,255,1,4,26,0,0,0,0,0,2,25.21,2.71,30.46,3.15,25.21,2.71,5.25,0.44
district,Gandaki,Tanahu,Female,20 Year,1193,0,0,0,117,2,6,2,192,426,390,3,2,50,0,1,0,0,0,2,10.48,4.19,13.51,3.7,10.48,4.19,3.03,-0.49
district,Gandaki,Tanahu,Female,21 Year,1077,0,0,0,84,2,8,0,150,404,382,1,5,36,0,0,1,0,0,4,8.73,3.34,9.02,3.93,8.73,3.34,0.29,0.59
district,Gandaki,Tanahu,Female,22 Year,1313,0,0,0,66,1,1,0,208,524,445,7,6,52,0,0,0,0,0,3,5.18,3.96,8.21,3.63,5.18,3.96,3.03,-0.33
district,Gandaki,Tanahu,Female,23 Year,1330,0,0,0,73,2,1,5,182,515,483,2,8,58,0,1,0,0,0,0,5.71,4.36,3.63,3.83,5.71,4.36,-2.08,-0.53
district,Gandaki,Tanahu,Female,24 Year,1566,0,0,0,70,2,3,2,254,583,562,3,9,72,0,0,0,1,0,5,4.79,4.6,5.23,4.58,4.79,4.6,0.44,-0.02
district,Gandaki,Tanahu,Female,25 Year,1797,0,0,0,58,1,2,1,299,665,649,7,12,91,0,0,0,2,0,10,3.39,5.06,5.42,4.02,3.39,5.06,2.03,-1.04
district,Gandaki,Nawalparasi (Bardaghat Susta East),Total,All Ages,105309,11472,35367,20905,11655,54,323,183,5996,10068,6768,42,101,1964,12,36,8,16,1,338,75.75,1.86,77.93,1.75,73.48,1.99,4.45,-0.24
district,Gandaki,Nawalparasi (Bardaghat Susta East),Total,5 Year,6422,5908,0,0,0,5,44,68,0,0,0,1,3,256,6,0,0,0,1,130,92.76,3.99,92.37,4.37,93.2,3.55,-0.83,0.82
district,Gandaki,Nawalparasi (Bardaghat Susta East),Total,6 Year,6592,3627,2748,0,0,5,24,20,29,0,0,2,5,87,5,2,0,0,0,38,97.15,1.32,97.34,1.1,96.92,1.57,0.42,-0.47
district,Gandaki,Nawalparasi (Bardaghat Susta East),Total,7 Year,6454,1394,4902,0,0,2,23,12,46,0,0,1,1,57,0,0,0,0,0,16,97.94,0.88,97.74,0.99,98.17,0.76,-0.43,0.23
district,Gandaki,Nawalparasi (Bardaghat Susta East),Total,8 Year,6844,375,6312,0,0,2,26,6,57,0,0,1,2,39,1,3,0,0,0,20,98.12,0.57,97.87,0.77,98.39,0.34,-0.52,0.43
district,Gandaki,Nawalparasi (Bardaghat Susta East),Total,9 Year,6513,96,6265,0,0,0,35,1,63,0,0,0,2,37,0,0,0,0,0,14,98.2,0.57,97.95,0.77,98.5,0.33,-0.55,0.44
district,Gandaki,Nawalparasi (Bardaghat Susta East),Total,10 Year,6917,23,6241,0,0,0,17,13,573,0,0,1,3,35,0,0,0,0,0,11,90.81,0.51,90.85,0.49,90.75,0.52,0.1,-0.03
district,Gandaki,Nawalparasi (Bardaghat Susta East),Total,11 Year,6124,3,4350,1421,0,0,14,9,247,16,0,0,5,49,0,2,1,0,0,7,94.51,0.8,94.25,0.73,94.79,0.88,-0.54,-0.15
district,Gandaki,Nawalparasi (Bardaghat Susta East),Total,12 Year,7033,3,2767,4006,0,1,11,3,138,50,0,0,1,46,0,0,3,0,0,4,96.52,0.65,96.15,0.75,96.93,0.54,-0.78,0.21
district,Gandaki,Nawalparasi (Bardaghat Susta East),Total,13 Year,6691,10,1037,5376,0,1,19,7,105,76,0,0,0,47,0,1,0,0,0,12,96.29,0.7,95.61,0.99,97.0,0.4,-1.39,0.59
district,Gandaki,Nawalparasi (Bardaghat Susta East),Total,14 Year,7219,12,417,4969,1449,0,12,6,140,129,25,0,3,49,0,4,1,0,0,3,95.01,0.68,93.89,0.9,96.24,0.43,-2.35,0.47
district,Gandaki,Nawalparasi (Bardaghat Susta East),Total,15 Year,6652,11,103,2909,2992,3,27,7,223,229,68,1,1,54,0,9,0,5,0,10,90.87,0.81,90.43,0.76,91.39,0.87,-0.96,-0.11
district,Gandaki,Nawalparasi (Bardaghat Susta East),Total,16 Year,5073,6,69,1205,2932,0,13,2,230,402,129,1,2,62,0,9,1,2,0,8,83.28,1.22,82.85,1.46,83.8,0.94,-0.95,0.52
district,Gandaki,Nawalparasi (Bardaghat Susta East),Total,17 Year,3372,3,59,522,1689,2,11,4,266,528,213,2,1,65,0,3,0,0,0,4,67.79,1.93,69.26,2.1,66.09,1.73,3.17,0.37
district,Gandaki,Nawalparasi (Bardaghat Susta East),Total,18 Year,3137,1,53,321,994,3,13,0,385,812,439,0,9,97,0,0,0,1,0,9,44.15,3.09,46.84,2.95,41.14,3.25,5.7,-0.3
district,Gandaki,Nawalparasi (Bardaghat Susta East),Total,19 Year,2423,0,41,176,463,2,4,2,357,826,473,1,2,71,0,0,0,0,0,5,28.31,2.93,29.47,3.49,27.22,2.4,2.25,1.09
district,Gandaki,Nawalparasi (Bardaghat Susta East),Total,20 Year,2776,0,0,0,327,3,2,7,449,1062,763,6,9,141,0,0,0,2,0,5,11.96,5.08,12.09,4.59,11.86,5.47,0.23,-0.88
district,Gandaki,Nawalparasi (Bardaghat Susta East),Total,21 Year,2496,0,1,0,187,5,5,4,422,1062,677,2,7,119,0,1,0,0,0,4,7.93,4.77,8.8,3.76,7.17,5.66,1.63,-1.9
district,Gandaki,Nawalparasi (Bardaghat Susta East),Total,22 Year,2826,0,0,0,176,6,6,4,515,1148,811,7,14,128,0,2,1,0,0,8,6.65,4.53,6.6,3.81,6.69,5.13,-0.09,-1.32
district,Gandaki,Nawalparasi (Bardaghat Susta East),Total,23 Year,2979,0,2,0,152,3,7,1,510,1213,919,5,14,142,0,0,0,2,0,9,5.51,4.77,5.65,3.58,5.4,5.63,0.25,-2.05
district,Gandaki,Nawalparasi (Bardaghat Susta East),Total,24 Year,3180,0,0,0,141,1,8,2,572,1225,1041,4,7,172,0,0,0,3,0,4,4.72,5.41,4.97,4.97,4.53,5.74,0.44,-0.77
district,Gandaki,Nawalparasi (Bardaghat Susta East),Total,25 Year,3586,0,0,0,153,10,2,5,669,1290,1210,7,10,211,0,0,1,1,0,17,4.6,5.88,4.44,4.86,4.71,6.55,-0.27,-1.69
district,Gandaki,Nawalparasi (Bardaghat Susta East),Male,All Ages,53885,6263,18754,10867,5915,19,172,79,3158,4764,2669,18,44,941,8,24,3,7,0,180,77.93,1.75,77.93,1.75,73.48,1.99,4.45,-0.24
district,Gandaki,Nawalparasi (Bardaghat Susta East),Male,5 Year,3409,3119,0,0,0,3,27,27,0,0,0,0,3,149,4,0,0,0,0,77,92.37,4.37,92.37,4.37,93.2,3.55,-0.83,0.82
district,Gandaki,Nawalparasi (Bardaghat Susta East),Male,6 Year,3540,2021,1414,0,0,3,8,12,18,0,0,0,1,39,3,1,0,0,0,20,97.34,1.1,97.34,1.1,96.92,1.57,0.42,-0.47
district,Gandaki,Nawalparasi (Bardaghat Susta East),Male,7 Year,3446,824,2528,0,0,1,15,8,23,0,0,1,0,34,0,0,0,0,0,12,97.74,0.99,97.74,0.99,98.17,0.76,-0.43,0.23
district,Gandaki,Nawalparasi (Bardaghat Susta East),Male,8 Year,3613,205,3318,0,0,1,12,2,36,0,0,1,1,28,1,2,0,0,0,6,97.87,0.77,97.87,0.77,98.39,0.34,-0.52,0.43
district,Gandaki,Nawalparasi (Bardaghat Susta East),Male,9 Year,3512,52,3366,0,0,0,22,1,36,0,0,0,1,27,0,0,0,0,0,7,97.95,0.77,97.95,0.77,98.5,0.33,-0.55,0.44
district,Gandaki,Nawalparasi (Bardaghat Susta East),Male,10 Year,3641,18,3281,0,0,0,9,5,302,0,0,0,3,18,0,0,0,0,0,5,90.85,0.49,90.85,0.49,90.75,0.52,0.1,-0.03
district,Gandaki,Nawalparasi (Bardaghat Susta East),Male,11 Year,3166,1,2335,637,0,0,11,5,139,8,0,0,3,23,0,2,0,0,0,2,94.25,0.73,94.25,0.73,94.79,0.88,-0.54,-0.15
district,Gandaki,Nawalparasi (Bardaghat Susta East),Male,12 Year,3715,1,1520,2045,0,1,5,0,89,24,0,0,0,28,0,0,1,0,0,1,96.15,0.75,96.15,0.75,96.93,0.54,-0.78,0.21
district,Gandaki,Nawalparasi (Bardaghat Susta East),Male,13 Year,3420,7,587,2667,0,1,8,1,63,47,0,0,0,34,0,0,0,0,0,5,95.61,0.99,95.61,0.99,97.0,0.4,-1.39,0.59
district,Gandaki,Nawalparasi (Bardaghat Susta East),Male,14 Year,3764,7,234,2626,660,0,7,3,87,85,14,0,3,34,0,2,0,0,0,2,93.89,0.9,93.89,0.9,96.24,0.43,-2.35,0.47
district,Gandaki,Nawalparasi (Bardaghat Susta East),Male,15 Year,3541,4,59,1623,1501,0,15,3,129,130,33,1,1,27,0,7,0,3,0,5,90.43,0.76,90.43,0.76,91.39,0.87,-0.96,-0.11
district,Gandaki,Nawalparasi (Bardaghat Susta East),Male,16 Year,2734,3,36,675,1544,0,7,1,143,220,46,1,2,40,0,7,0,2,0,7,82.85,1.46,82.85,1.46,83.8,0.94,-0.95,0.52
district,Gandaki,Nawalparasi (Bardaghat Susta East),Male,17 Year,1809,1,33,314,899,1,5,2,168,262,81,1,0,38,0,2,0,0,0,2,69.26,2.1,69.26,2.1,66.09,1.73,3.17,0.37
district,Gandaki,Nawalparasi (Bardaghat Susta East),Male,18 Year,1659,0,29,186,554,1,7,0,226,413,183,0,4,49,0,0,0,0,0,7,46.84,2.95,46.84,2.95,41.14,3.25,5.7,-0.3
district,Gandaki,Nawalparasi (Bardaghat Susta East),Male,19 Year,1174,0,12,94,239,0,1,0,180,412,193,0,1,41,0,0,0,0,0,1,29.47,3.49,29.47,3.49,27.22,2.4,2.25,1.09
district,Gandaki,Nawalparasi (Bardaghat Susta East),Male,20 Year,1241,0,0,0,148,0,2,3,226,499,297,3,2,57,0,0,0,1,0,3,12.09,4.59,12.09,4.59,11.86,5.47,0.23,-0.88
district,Gandaki,Nawalparasi (Bardaghat Susta East),Male,21 Year,1171,0,1,0,96,3,3,2,224,505,286,2,3,44,0,1,0,0,0,1,8.8,3.76,8.8,3.76,7.17,5.66,1.63,-1.9
district,Gandaki,Nawalparasi (Bardaghat Susta East),Male,22 Year,1287,0,0,0,82,1,2,2,275,540,324,1,6,49,0,0,1,0,0,4,6.6,3.81,6.6,3.81,6.69,5.13,-0.09,-1.32
district,Gandaki,Nawalparasi (Bardaghat Susta East),Male,23 Year,1256,0,1,0,67,1,2,0,234,534,359,4,5,45,0,0,0,0,0,4,5.65,3.58,5.65,3.58,5.4,5.63,0.25,-2.05
district,Gandaki,Nawalparasi (Bardaghat Susta East),Male,24 Year,1368,0,0,0,65,0,3,0,281,540,405,1,2,68,0,0,0,1,0,2,4.97,4.97,4.97,4.97,4.53,5.74,0.44,-0.77
district,Gandaki,Nawalparasi (Bardaghat Susta East),Male,25 Year,1419,0,0,0,60,2,1,2,279,545,448,2,3,69,0,0,1,0,0,7,4.44,4.86,4.44,4.86,4.71,6.55,-0.27,-1.69
district,Gandaki,Nawalparasi (Bardaghat Susta East),Female,All Ages,51424,5209,16613,10038,5740,35,151,104,2838,5304,4099,24,57,1023,4,12,5,9,1,158,73.48,1.99,77.93,1.75,73.48,1.99,4.45,-0.24
district,Gandaki,Nawalparasi (Bardaghat Susta East),Female,5 Year,3013,2789,0,0,0,2,17,41,0,0,0,1,0,107,2,0,0,0,1,53,93.2,3.55,92.37,4.37,93.2,3.55,-0.83,0.82
district,Gandaki,Nawalparasi (Bardaghat Susta East),Female,6 Year,3052,1606,1334,0,0,2,16,8,11,0,0,2,4,48,2,1,0,0,0,18,96.92,1.57,97.34,1.1,96.92,1.57,0.42,-0.47
district,Gandaki,Nawalparasi (Bardaghat Susta East),Female,7 Year,3008,570,2374,0,0,1,8,4,23,0,0,0,1,23,0,0,0,0,0,4,98.17,0.76,97.74,0.99,98.17,0.76,-0.43,0.23
district,Gandaki,Nawalparasi (Bardaghat Susta East),Female,8 Year,3231,170,2994,0,0,1,14,4,21,0,0,0,1,11,0,1,0,0,0,14,98.39,0.34,97.87,0.77,98.39,0.34,-0.52,0.43
district,Gandaki,Nawalparasi (Bardaghat Susta East),Female,9 Year,3001,44,2899,0,0,0,13,0,27,0,0,0,1,10,0,0,0,0,0,7,98.5,0.33,97.95,0.77,98.5,0.33,-0.55,0.44
district,Gandaki,Nawalparasi (Bardaghat Susta East),Female,10 Year,3276,5,2960,0,0,0,8,8,271,0,0,1,0,17,0,0,0,0,0,6,90.75,0.52,90.85,0.49,90.75,0.52,0.1,-0.03
district,Gandaki,Nawalparasi (Bardaghat Susta East),Female,11 Year,2958,2,2015,784,0,0,3,4,108,8,0,0,2,26,0,0,1,0,0,5,94.79,0.88,94.25,0.73,94.79,0.88,-0.54,-0.15
district,Gandaki,Nawalparasi (Bardaghat Susta East),Female,12 Year,3318,2,1247,1961,0,0,6,3,49,26,0,0,1,18,0,0,2,0,0,3,96.93,0.54,96.15,0.75,96.93,0.54,-0.78,0.21
district,Gandaki,Nawalparasi (Bardaghat Susta East),Female,13 Year,3271,3,450,2709,0,0,11,6,42,29,0,0,0,13,0,1,0,0,0,7,97.0,0.4,95.61,0.99,97.0,0.4,-1.39,0.59
district,Gandaki,Nawalparasi (Bardaghat Susta East),Female,14 Year,3455,5,183,2343,789,0,5,3,53,44,11,0,0,15,0,2,1,0,0,1,96.24,0.43,93.89,0.9,96.24,0.43,-2.35,0.47
district,Gandaki,Nawalparasi (Bardaghat Susta East),Female,15 Year,3111,7,44,1286,1491,3,12,4,94,99,35,0,0,27,0,2,0,2,0,5,91.39,0.87,90.43,0.76,91.39,0.87,-0.96,-0.11
district,Gandaki,Nawalparasi (Bardaghat Susta East),Female,16 Year,2339,3,33,530,1388,0,6,1,87,182,83,0,0,22,0,2,1,0,0,1,83.8,0.94,82.85,1.46,83.8,0.94,-0.95,0.52
district,Gandaki,Nawalparasi (Bardaghat Susta East),Female,17 Year,1563,2,26,208,790,1,6,2,98,266,132,1,1,27,0,1,0,0,0,2,66.09,1.73,69.26,2.1,66.09,1.73,3.17,0.37
district,Gandaki,Nawalparasi (Bardaghat Susta East),Female,18 Year,1478,1,24,135,440,2,6,0,159,399,256,0,5,48,0,0,0,1,0,2,41.14,3.25,46.84,2.95,41.14,3.25,5.7,-0.3
district,Gandaki,Nawalparasi (Bardaghat Susta East),Female,19 Year,1249,0,29,82,224,2,3,2,177,414,280,1,1,30,0,0,0,0,0,4,27.22,2.4,29.47,3.49,27.22,2.4,2.25,1.09
district,Gandaki,Nawalparasi (Bardaghat Susta East),Female,20 Year,1535,0,0,0,179,3,0,4,223,563,466,3,7,84,0,0,0,1,0,2,11.86,5.47,12.09,4.59,11.86,5.47,0.23,-0.88
district,Gandaki,Nawalparasi (Bardaghat Susta East),Female,21 Year,1325,0,0,0,91,2,2,2,198,557,391,0,4,75,0,0,0,0,0,3,7.17,5.66,8.8,3.76,7.17,5.66,1.63,-1.9
district,Gandaki,Nawalparasi (Bardaghat Susta East),Female,22 Year,1539,0,0,0,94,5,4,2,240,608,487,6,8,79,0,2,0,0,0,4,6.69,5.13,6.6,3.81,6.69,5.13,-0.09,-1.32
district,Gandaki,Nawalparasi (Bardaghat Susta East),Female,23 Year,1723,0,1,0,85,2,5,1,276,679,560,1,9,97,0,0,0,2,0,5,5.4,5.63,5.65,3.58,5.4,5.63,0.25,-2.05
district,Gandaki,Nawalparasi (Bardaghat Susta East),Female,24 Year,1812,0,0,0,76,1,5,2,291,685,636,3,5,104,0,0,0,2,0,2,4.53,5.74,4.97,4.97,4.53,5.74,0.44,-0.77
district,Gandaki,Nawalparasi (Bardaghat Susta East),Female,25 Year,2167,0,0,0,93,8,1,3,390,745,762,5,7,142,0,0,0,1,0,10,4.71,6.55,4.44,4.86,4.71,6.55,-0.27,-1.69
district,Gandaki,Syangja,Total,All Ages,60305,5554,20765,13361,8263,42,252,73,2082,3616,5084,59,100,839,4,37,3,7,2,162,79.99,1.39,82.16,1.29,77.72,1.49,4.44,-0.2
district,Gandaki,Syangja,Total,5 Year,3884,3608,0,0,0,7,28,33,0,0,0,0,4,138,3,0,0,0,0,63,93.8,3.55,94.27,3.03,93.25,4.15,1.02,-1.12
district,Gandaki,Syangja,Total,6 Year,3983,1381,2488,0,0,1,18,7,22,0,0,0,1,42,1,2,0,0,1,19,97.61,1.05,97.52,1.15,97.72,0.95,-0.2,0.2
district,Gandaki,Syangja,Total,7 Year,3854,426,3353,0,0,4,14,2,23,0,0,0,0,24,0,0,0,0,1,7,98.52,0.62,98.44,0.58,98.61,0.67,-0.17,-0.09
district,Gandaki,Syangja,Total,8 Year,3931,85,3745,0,0,2,25,2,48,0,0,0,1,19,0,1,0,0,0,3,98.12,0.48,98.03,0.56,98.23,0.39,-0.2,0.17
district,Gandaki,Syangja,Total,9 Year,3941,27,3800,0,0,1,24,1,58,0,0,0,3,18,0,1,0,0,0,8,97.74,0.46,98.03,0.39,97.42,0.54,0.61,-0.15
district,Gandaki,Syangja,Total,10 Year,4102,8,3841,0,0,0,13,4,202,0,0,0,4,20,0,1,0,0,0,9,94.15,0.49,94.13,0.42,94.18,0.57,-0.05,-0.15
district,Gandaki,Syangja,Total,11 Year,3904,0,2008,1743,0,1,23,2,81,15,0,0,2,25,0,1,0,0,0,3,96.7,0.64,96.43,0.56,96.97,0.72,-0.54,-0.16
district,Gandaki,Syangja,Total,12 Year,4127,3,861,3150,0,0,11,5,42,32,0,1,0,19,0,0,1,0,0,2,97.53,0.46,97.41,0.38,97.65,0.55,-0.24,-0.17
district,Gandaki,Syangja,Total,13 Year,4318,3,333,3833,0,0,15,0,46,56,0,0,2,25,0,2,1,0,0,2,96.9,0.58,97.34,0.55,96.45,0.61,0.89,-0.06
district,Gandaki,Syangja,Total,14 Year,4544,2,152,2515,1704,1,12,1,44,59,21,1,1,20,0,6,0,1,0,4,96.52,0.44,95.81,0.59,97.29,0.28,-1.48,0.31
district,Gandaki,Syangja,Total,15 Year,3960,5,48,1200,2455,2,18,3,67,67,59,3,0,18,0,10,0,1,0,4,94.14,0.45,94.44,0.44,93.83,0.47,0.61,-0.03
district,Gandaki,Syangja,Total,16 Year,2546,2,44,458,1739,3,11,1,63,100,89,1,2,24,0,2,1,2,0,4,88.65,0.94,89.21,0.99,87.95,0.88,1.26,0.11
district,Gandaki,Syangja,Total,17 Year,1503,2,35,208,855,2,6,2,78,147,133,1,4,27,0,0,0,0,0,3,73.72,1.8,75.45,1.68,71.58,1.93,3.87,-0.25
district,Gandaki,Syangja,Total,18 Year,1431,2,31,166,557,0,4,1,119,245,255,5,3,37,0,1,0,0,0,5,53.11,2.59,56.05,3.03,49.78,2.09,6.27,0.94
district,Gandaki,Syangja,Total,19 Year,1118,0,24,88,275,2,7,0,120,236,321,1,6,35,0,0,0,0,0,3,35.42,3.13,36.96,3.14,33.59,3.12,3.37,0.02
district,Gandaki,Syangja,Total,20 Year,1287,0,1,0,179,2,3,2,141,375,521,6,8,43,0,1,0,1,0,4,14.37,3.34,16.86,3.76,12.13,2.96,4.73,0.8
district,Gandaki,Syangja,Total,21 Year,1262,0,0,0,118,1,3,2,142,406,529,8,5,43,0,1,0,0,0,4,9.67,3.41,11.09,3.53,8.4,3.3,2.69,0.23
district,Gandaki,Syangja,Total,22 Year,1546,0,0,0,99,4,5,0,173,466,718,8,12,55,0,2,0,2,0,2,6.99,3.56,7.76,3.24,6.33,3.82,1.43,-0.58
district,Gandaki,Syangja,Total,23 Year,1542,0,0,0,107,4,2,0,188,428,727,6,17,56,0,2,0,0,0,5,7.33,3.63,8.29,3.67,6.67,3.61,1.62,0.06
district,Gandaki,Syangja,Total,24 Year,1609,0,0,0,86,3,4,4,200,434,797,7,8,62,0,1,0,0,0,3,5.78,3.85,6.01,3.23,5.61,4.31,0.4,-1.08
district,Gandaki,Syangja,Total,25 Year,1913,0,1,0,89,2,6,1,225,550,914,11,17,89,0,3,0,0,0,5,5.12,4.65,5.53,4.61,4.86,4.68,0.67,-0.07
district,Gandaki,Syangja,Male,All Ages,30856,3043,10958,6977,4229,16,127,35,1107,1770,2012,19,47,399,2,19,2,5,2,87,82.16,1.29,82.16,1.29,77.72,1.49,4.44,-0.2
district,Gandaki,Syangja,Male,5 Year,2077,1940,0,0,0,4,14,20,0,0,0,0,3,63,1,0,0,0,0,32,94.27,3.03,94.27,3.03,93.25,4.15,1.02,-1.12
district,Gandaki,Syangja,Male,6 Year,2095,784,1249,0,0,0,10,4,10,0,0,0,0,24,1,0,0,0,1,12,97.52,1.15,97.52,1.15,97.72,0.95,-0.2,0.2
district,Gandaki,Syangja,Male,7 Year,2056,248,1767,0,0,0,9,1,13,0,0,0,0,12,0,0,0,0,1,5,98.44,0.58,98.44,0.58,98.61,0.67,-0.17,-0.09
district,Gandaki,Syangja,Male,8 Year,2127,48,2024,0,0,0,13,1,27,0,0,0,0,12,0,0,0,0,0,2,98.03,0.56,98.03,0.56,98.23,0.39,-0.2,0.17
district,Gandaki,Syangja,Male,9 Year,2077,13,2009,0,0,0,14,1,25,0,0,0,2,8,0,1,0,0,0,4,98.03,0.39,98.03,0.39,97.42,0.54,0.61,-0.15
district,Gandaki,Syangja,Male,10 Year,2162,4,2024,0,0,0,7,2,108,0,0,0,2,9,0,1,0,0,0,5,94.13,0.42,94.13,0.42,94.18,0.57,-0.05,-0.15
district,Gandaki,Syangja,Male,11 Year,1959,0,1025,851,0,1,12,1,48,6,0,0,2,11,0,1,0,0,0,1,96.43,0.56,96.43,0.56,96.97,0.72,-0.54,-0.16
district,Gandaki,Syangja,Male,12 Year,2123,2,484,1578,0,0,4,1,24,19,0,1,0,8,0,0,1,0,0,1,97.41,0.38,97.41,0.38,97.65,0.55,-0.24,-0.17
district,Gandaki,Syangja,Male,13 Year,2177,0,180,1937,0,0,2,0,20,23,0,0,0,12,0,1,1,0,0,1,97.34,0.55,97.34,0.55,96.45,0.61,0.89,-0.06
district,Gandaki,Syangja,Male,14 Year,2364,1,86,1371,803,1,3,0,30,33,12,1,1,14,0,4,0,1,0,3,95.81,0.59,95.81,0.59,97.29,0.28,-1.48,0.31
district,Gandaki,Syangja,Male,15 Year,2049,2,30,691,1202,2,8,1,37,32,27,0,0,9,0,4,0,1,0,3,94.44,0.44,94.44,0.44,93.83,0.47,0.61,-0.03
district,Gandaki,Syangja,Male,16 Year,1409,1,29,283,936,2,6,0,40,63,28,1,1,14,0,1,0,2,0,2,89.21,0.99,89.21,0.99,87.95,0.88,1.26,0.11
district,Gandaki,Syangja,Male,17 Year,831,0,17,123,483,1,3,1,48,86,50,1,3,14,0,0,0,0,0,1,75.45,1.68,75.45,1.68,71.58,1.93,3.87,-0.25
district,Gandaki,Syangja,Male,18 Year,760,0,20,89,316,0,1,1,71,132,101,1,1,23,0,1,0,0,0,3,56.05,3.03,56.05,3.03,49.78,2.09,6.27,0.94
district,Gandaki,Syangja,Male,19 Year,606,0,13,54,150,0,7,0,72,129,157,1,2,19,0,0,0,0,0,2,36.96,3.14,36.96,3.14,33.59,3.12,3.37,0.02
district,Gandaki,Syangja,Male,20 Year,611,0,1,0,100,0,2,0,71,174,232,1,4,23,0,0,0,1,0,2,16.86,3.76,16.86,3.76,12.13,2.96,4.73,0.8
district,Gandaki,Syangja,Male,21 Year,595,0,0,0,64,0,2,1,77,203,221,3,0,21,0,1,0,0,0,2,11.09,3.53,11.09,3.53,8.4,3.3,2.69,0.23
district,Gandaki,Syangja,Male,22 Year,709,0,0,0,48,3,4,0,88,240,292,2,7,23,0,0,0,0,0,2,7.76,3.24,7.76,3.24,6.33,3.82,1.43,-0.58
district,Gandaki,Syangja,Male,23 Year,627,0,0,0,51,0,1,0,97,173,270,2,8,23,0,2,0,0,0,0,8.29,3.67,8.29,3.67,6.67,3.61,1.62,0.06
district,Gandaki,Syangja,Male,24 Year,682,0,0,0,37,1,3,0,101,209,297,4,4,22,0,1,0,0,0,3,6.01,3.23,6.01,3.23,5.61,4.31,0.4,-1.08
district,Gandaki,Syangja,Male,25 Year,760,0,0,0,39,1,2,0,100,248,325,1,7,35,0,1,0,0,0,1,5.53,4.61,5.53,4.61,4.86,4.68,0.67,-0.07
district,Gandaki,Syangja,Female,All Ages,29449,2511,9807,6384,4034,26,125,38,975,1846,3072,40,53,440,2,18,1,2,0,75,77.72,1.49,82.16,1.29,77.72,1.49,4.44,-0.2
district,Gandaki,Syangja,Female,5 Year,1807,1668,0,0,0,3,14,13,0,0,0,0,1,75,2,0,0,0,0,31,93.25,4.15,94.27,3.03,93.25,4.15,1.02,-1.12
district,Gandaki,Syangja,Female,6 Year,1888,597,1239,0,0,1,8,3,12,0,0,0,1,18,0,2,0,0,0,7,97.72,0.95,97.52,1.15,97.72,0.95,-0.2,0.2
district,Gandaki,Syangja,Female,7 Year,1798,178,1586,0,0,4,5,1,10,0,0,0,0,12,0,0,0,0,0,2,98.61,0.67,98.44,0.58,98.61,0.67,-0.17,-0.09
district,Gandaki,Syangja,Female,8 Year,1804,37,1721,0,0,2,12,1,21,0,0,0,1,7,0,1,0,0,0,1,98.23,0.39,98.03,0.56,98.23,0.39,-0.2,0.17
district,Gandaki,Syangja,Female,9 Year,1864,14,1791,0,0,1,10,0,33,0,0,0,1,10,0,0,0,0,0,4,97.42,0.54,98.03,0.39,97.42,0.54,0.61,-0.15
district,Gandaki,Syangja,Female,10 Year,1940,4,1817,0,0,0,6,2,94,0,0,0,2,11,0,0,0,0,0,4,94.18,0.57,94.13,0.42,94.18,0.57,-0.05,-0.15
district,Gandaki,Syangja,Female,11 Year,1945,0,983,892,0,0,11,1,33,9,0,0,0,14,0,0,0,0,0,2,96.97,0.72,96.43,0.56,96.97,0.72,-0.54,-0.16
district,Gandaki,Syangja,Female,12 Year,2004,1,377,1572,0,0,7,4,18,13,0,0,0,11,0,0,0,0,0,1,97.65,0.55,97.41,0.38,97.65,0.55,-0.24,-0.17
district,Gandaki,Syangja,Female,13 Year,2141,3,153,1896,0,0,13,0,26,33,0,0,2,13,0,1,0,0,0,1,96.45,0.61,97.34,0.55,96.45,0.61,0.89,-0.06
district,Gandaki,Syangja,Female,14 Year,2180,1,66,1144,901,0,9,1,14,26,9,0,0,6,0,2,0,0,0,1,97.29,0.28,95.81,0.59,97.29,0.28,-1.48,0.31
district,Gandaki,Syangja,Female,15 Year,1911,3,18,509,1253,0,10,2,30,35,32,3,0,9,0,6,0,0,0,1,93.83,0.47,94.44,0.44,93.83,0.47,0.61,-0.03
district,Gandaki,Syangja,Female,16 Year,1137,1,15,175,803,1,5,1,23,37,61,0,1,10,0,1,1,0,0,2,87.95,0.88,89.21,0.99,87.95,0.88,1.26,0.11
district,Gandaki,Syangja,Female,17 Year,672,2,18,85,372,1,3,1,30,61,83,0,1,13,0,0,0,0,0,2,71.58,1.93,75.45,1.68,71.58,1.93,3.87,-0.25
district,Gandaki,Syangja,Female,18 Year,671,2,11,77,241,0,3,0,48,113,154,4,2,14,0,0,0,0,0,2,49.78,2.09,56.05,3.03,49.78,2.09,6.27,0.94
district,Gandaki,Syangja,Female,19 Year,512,0,11,34,125,2,0,0,48,107,164,0,4,16,0,0,0,0,0,1,33.59,3.12,36.96,3.14,33.59,3.12,3.37,0.02
district,Gandaki,Syangja,Female,20 Year,676,0,0,0,79,2,1,2,70,201,289,5,4,20,0,1,0,0,0,2,12.13,2.96,16.86,3.76,12.13,2.96,4.73,0.8
district,Gandaki,Syangja,Female,21 Year,667,0,0,0,54,1,1,1,65,203,308,5,5,22,0,0,0,0,0,2,8.4,3.3,11.09,3.53,8.4,3.3,2.69,0.23
district,Gandaki,Syangja,Female,22 Year,837,0,0,0,51,1,1,0,85,226,426,6,5,32,0,2,0,2,0,0,6.33,3.82,7.76,3.24,6.33,3.82,1.43,-0.58
district,Gandaki,Syangja,Female,23 Year,915,0,0,0,56,4,1,0,91,255,457,4,9,33,0,0,0,0,0,5,6.67,3.61,8.29,3.67,6.67,3.61,1.62,0.06
district,Gandaki,Syangja,Female,24 Year,927,0,0,0,49,2,1,4,99,225,500,3,4,40,0,0,0,0,0,0,5.61,4.31,6.01,3.23,5.61,4.31,0.4,-1.08
district,Gandaki,Syangja,Female,25 Year,1153,0,1,0,50,1,4,1,125,302,589,10,10,54,0,2,0,0,0,4,4.86,4.68,5.53,4.61,4.86,4.68,0.67,-0.07
district,Gandaki,Parbat,Total,All Ages,33577,3303,12041,7249,4267,18,129,39,1359,1978,2317,12,35,696,3,9,3,6,1,112,80.43,2.07,82.07,1.91,78.68,2.24,3.39,-0.33
district,Gandaki,Parbat,Total,5 Year,2209,1981,0,0,0,2,22,16,0,0,0,1,2,127,2,0,0,0,1,55,90.77,5.75,89.96,6.5,91.7,4.88,-1.74,1.62
district,Gandaki,Parbat,Total,6 Year,2261,872,1286,0,0,1,14,4,16,0,0,0,1,55,1,0,0,0,0,11,96.11,2.43,96.59,2.24,95.56,2.65,1.03,-0.41
district,Gandaki,Parbat,Total,7 Year,2181,310,1800,0,0,1,8,4,17,0,0,0,0,32,0,0,0,0,0,9,97.16,1.47,97.16,1.34,97.15,1.63,0.01,-0.29
district,Gandaki,Parbat,Total,8 Year,2326,99,2164,0,0,2,8,0,28,0,0,0,1,17,0,0,0,0,0,7,97.72,0.73,97.9,0.92,97.54,0.53,0.36,0.39
district,Gandaki,Parbat,Total,9 Year,2217,23,2138,0,0,0,8,0,23,0,0,0,2,20,0,0,0,0,0,3,97.83,0.9,97.49,1.01,98.24,0.78,-0.75,0.23
district,Gandaki,Parbat,Total,10 Year,2379,6,2189,0,0,0,9,2,152,0,0,0,2,18,0,0,0,0,0,1,92.64,0.76,91.98,1.01,93.42,0.46,-1.44,0.55
district,Gandaki,Parbat,Total,11 Year,2140,3,1282,765,0,0,7,1,60,3,0,0,0,14,0,1,0,0,0,4,96.12,0.65,95.83,0.62,96.45,0.69,-0.62,-0.07
district,Gandaki,Parbat,Total,12 Year,2433,1,698,1655,0,0,7,0,40,19,0,0,3,7,0,1,1,0,0,1,97.04,0.29,96.69,0.32,97.4,0.25,-0.71,0.07
district,Gandaki,Parbat,Total,13 Year,2463,3,262,2113,0,0,6,3,36,21,0,0,1,17,0,0,0,0,0,1,96.79,0.69,96.75,0.62,96.84,0.77,-0.09,-0.15
district,Gandaki,Parbat,Total,14 Year,2469,0,108,1395,877,2,4,0,33,27,5,0,0,12,0,4,0,1,0,1,96.64,0.49,95.93,0.56,97.37,0.41,-1.44,0.15
district,Gandaki,Parbat,Total,15 Year,2120,2,27,741,1204,0,9,3,50,42,22,1,0,16,0,2,0,0,0,1,93.54,0.75,92.96,0.89,94.19,0.6,-1.23,0.29
district,Gandaki,Parbat,Total,16 Year,1386,2,29,305,889,0,3,1,41,70,30,0,0,14,0,1,0,0,0,1,88.6,1.01,87.93,0.52,89.42,1.6,-1.49,-1.08
district,Gandaki,Parbat,Total,17 Year,848,0,22,125,464,0,2,2,56,88,72,1,0,15,0,0,0,0,0,1,72.29,1.77,72.47,2.15,72.06,1.31,0.41,0.84
district,Gandaki,Parbat,Total,18 Year,807,1,23,93,250,2,4,0,80,145,171,1,3,33,0,0,0,0,0,1,46.22,4.09,47.9,3.97,44.33,4.22,3.57,-0.25
district,Gandaki,Parbat,Total,19 Year,606,0,13,56,136,1,5,0,64,146,157,1,2,23,0,0,0,1,0,1,34.82,3.8,36.72,1.97,32.89,5.65,3.83,-3.68
district,Gandaki,Parbat,Total,20 Year,714,0,0,0,116,3,2,0,89,219,260,1,2,21,0,0,0,0,0,1,16.95,2.94,17.44,2.62,16.49,3.24,0.95,-0.62
district,Gandaki,Parbat,Total,21 Year,692,0,0,0,83,0,3,1,89,215,257,0,4,38,0,0,1,1,0,0,12.43,5.49,13.74,4.39,11.14,6.57,2.6,-2.18
district,Gandaki,Parbat,Total,22 Year,781,0,0,0,71,3,3,0,114,241,288,4,5,50,0,0,0,0,0,2,9.86,6.4,11.08,4.32,8.76,8.27,2.32,-3.95
district,Gandaki,Parbat,Total,23 Year,787,0,0,0,65,0,4,2,109,244,314,2,1,42,0,0,1,0,0,3,8.77,5.34,12.58,5.97,6.18,4.9,6.4,1.07
district,Gandaki,Parbat,Total,24 Year,793,0,0,0,49,1,1,0,106,236,352,0,2,43,0,0,0,0,0,3,6.43,5.42,7.6,5.56,5.54,5.32,2.06,0.24
district,Gandaki,Parbat,Total,25 Year,965,0,0,1,63,0,0,0,156,262,389,0,4,82,0,0,0,3,0,5,6.63,8.5,6.96,6.44,6.41,9.88,0.55,-3.44
district,Gandaki,Parbat,Male,All Ages,17352,1813,6424,3736,2192,8,68,14,757,903,1005,9,17,332,1,6,1,3,0,63,82.07,1.91,82.07,1.91,78.68,2.24,3.39,-0.33
district,Gandaki,Parbat,Male,5 Year,1185,1053,0,0,0,0,13,5,0,0,0,1,1,77,1,0,0,0,0,34,89.96,6.5,89.96,6.5,91.7,4.88,-1.74,1.62
district,Gandaki,Parbat,Male,6 Year,1203,500,655,0,0,1,6,1,6,0,0,0,0,27,0,0,0,0,0,7,96.59,2.24,96.59,2.24,95.56,2.65,1.03,-0.41
district,Gandaki,Parbat,Male,7 Year,1197,176,981,0,0,0,6,3,10,0,0,0,0,16,0,0,0,0,0,5,97.16,1.34,97.16,1.34,97.15,1.63,0.01,-0.29
district,Gandaki,Parbat,Male,8 Year,1190,67,1091,0,0,1,6,0,13,0,0,0,0,11,0,0,0,0,0,1,97.9,0.92,97.9,0.92,97.54,0.53,0.36,0.39
district,Gandaki,Parbat,Male,9 Year,1194,10,1152,0,0,0,2,0,13,0,0,0,2,12,0,0,0,0,0,3,97.49,1.01,97.49,1.01,98.24,0.78,-0.75,0.23
district,Gandaki,Parbat,Male,10 Year,1285,1,1175,0,0,0,6,1,87,0,0,0,1,13,0,0,0,0,0,1,91.98,1.01,91.98,1.01,93.42,0.46,-1.44,0.55
district,Gandaki,Parbat,Male,11 Year,1127,2,709,364,0,0,5,0,36,1,0,0,0,7,0,0,0,0,0,3,95.83,0.62,95.83,0.62,96.45,0.69,-0.62,-0.07
district,Gandaki,Parbat,Male,12 Year,1240,1,390,803,0,0,5,0,26,8,0,0,1,4,0,1,1,0,0,0,96.69,0.32,96.69,0.32,97.4,0.25,-0.71,0.07
district,Gandaki,Parbat,Male,13 Year,1292,2,165,1082,0,0,1,1,21,10,0,0,1,8,0,0,0,0,0,1,96.75,0.62,96.75,0.62,96.84,0.77,-0.09,-0.15
district,Gandaki,Parbat,Male,14 Year,1253,0,57,738,406,1,0,0,21,16,3,0,0,7,0,2,0,1,0,1,95.93,0.56,95.93,0.56,97.37,0.41,-1.44,0.15
district,Gandaki,Parbat,Male,15 Year,1122,1,12,420,606,0,4,2,34,19,11,1,0,10,0,2,0,0,0,0,92.96,0.89,92.96,0.89,94.19,0.6,-1.23,0.29
district,Gandaki,Parbat,Male,16 Year,762,0,14,178,477,0,1,1,31,40,14,0,0,4,0,1,0,0,0,1,87.93,0.52,87.93,0.52,89.42,1.6,-1.49,-1.08
district,Gandaki,Parbat,Male,17 Year,465,0,10,74,253,0,0,0,33,48,36,0,0,10,0,0,0,0,0,1,72.47,2.15,72.47,2.15,72.06,1.31,0.41,0.84
district,Gandaki,Parbat,Male,18 Year,428,0,8,48,147,1,1,0,55,71,79,0,1,17,0,0,0,0,0,0,47.9,3.97,47.9,3.97,44.33,4.22,3.57,-0.25
district,Gandaki,Parbat,Male,19 Year,305,0,5,28,75,1,3,0,39,73,71,1,1,6,0,0,0,1,0,1,36.72,1.97,36.72,1.97,32.89,5.65,3.83,-3.68
district,Gandaki,Parbat,Male,20 Year,344,0,0,0,58,1,1,0,52,106,114,1,1,9,0,0,0,0,0,1,17.44,2.62,17.44,2.62,16.49,3.24,0.95,-0.62
district,Gandaki,Parbat,Male,21 Year,342,0,0,0,46,0,1,0,50,94,134,0,2,15,0,0,0,0,0,0,13.74,4.39,13.74,4.39,11.14,6.57,2.6,-2.18
district,Gandaki,Parbat,Male,22 Year,370,0,0,0,37,1,3,0,64,111,131,3,4,16,0,0,0,0,0,0,11.08,4.32,11.08,4.32,8.76,8.27,2.32,-3.95
district,Gandaki,Parbat,Male,23 Year,318,0,0,0,37,0,3,0,50,102,104,2,0,19,0,0,0,0,0,1,12.58,5.97,12.58,5.97,6.18,4.9,6.4,1.07
district,Gandaki,Parbat,Male,24 Year,342,0,0,0,24,1,1,0,46,104,146,0,1,19,0,0,0,0,0,0,7.6,5.56,7.6,5.56,5.54,5.32,2.06,0.24
district,Gandaki,Parbat,Male,25 Year,388,0,0,1,26,0,0,0,70,100,162,0,1,25,0,0,0,1,0,2,6.96,6.44,6.96,6.44,6.41,9.88,0.55,-3.44
district,Gandaki,Parbat,Female,All Ages,16225,1490,5617,3513,2075,10,61,25,602,1075,1312,3,18,364,2,3,2,3,1,49,78.68,2.24,82.07,1.91,78.68,2.24,3.39,-0.33
district,Gandaki,Parbat,Female,5 Year,1024,928,0,0,0,2,9,11,0,0,0,0,1,50,1,0,0,0,1,21,91.7,4.88,89.96,6.5,91.7,4.88,-1.74,1.62
district,Gandaki,Parbat,Female,6 Year,1058,372,631,0,0,0,8,3,10,0,0,0,1,28,1,0,0,0,0,4,95.56,2.65,96.59,2.24,95.56,2.65,1.03,-0.41
district,Gandaki,Parbat,Female,7 Year,984,134,819,0,0,1,2,1,7,0,0,0,0,16,0,0,0,0,0,4,97.15,1.63,97.16,1.34,97.15,1.63,0.01,-0.29
district,Gandaki,Parbat,Female,8 Year,1136,32,1073,0,0,1,2,0,15,0,0,0,1,6,0,0,0,0,0,6,97.54,0.53,97.9,0.92,97.54,0.53,0.36,0.39
district,Gandaki,Parbat,Female,9 Year,1023,13,986,0,0,0,6,0,10,0,0,0,0,8,0,0,0,0,0,0,98.24,0.78,97.49,1.01,98.24,0.78,-0.75,0.23
district,Gandaki,Parbat,Female,10 Year,1094,5,1014,0,0,0,3,1,65,0,0,0,1,5,0,0,0,0,0,0,93.42,0.46,91.98,1.01,93.42,0.46,-1.44,0.55
district,Gandaki,Parbat,Female,11 Year,1013,1,573,401,0,0,2,1,24,2,0,0,0,7,0,1,0,0,0,1,96.45,0.69,95.83,0.62,96.45,0.69,-0.62,-0.07
district,Gandaki,Parbat,Female,12 Year,1193,0,308,852,0,0,2,0,14,11,0,0,2,3,0,0,0,0,0,1,97.4,0.25,96.69,0.32,97.4,0.25,-0.71,0.07
district,Gandaki,Parbat,Female,13 Year,1171,1,97,1031,0,0,5,2,15,11,0,0,0,9,0,0,0,0,0,0,96.84,0.77,96.75,0.62,96.84,0.77,-0.09,-0.15
district,Gandaki,Parbat,Female,14 Year,1216,0,51,657,471,1,4,0,12,11,2,0,0,5,0,2,0,0,0,0,97.37,0.41,95.93,0.56,97.37,0.41,-1.44,0.15
district,Gandaki,Parbat,Female,15 Year,998,1,15,321,598,0,5,1,16,23,11,0,0,6,0,0,0,0,0,1,94.19,0.6,92.96,0.89,94.19,0.6,-1.23,0.29
district,Gandaki,Parbat,Female,16 Year,624,2,15,127,412,0,2,0,10,30,16,0,0,10,0,0,0,0,0,0,89.42,1.6,87.93,0.52,89.42,1.6,-1.49,-1.08
district,Gandaki,Parbat,Female,17 Year,383,0,12,51,211,0,2,2,23,40,36,1,0,5,0,0,0,0,0,0,72.06,1.31,72.47,2.15,72.06,1.31,0.41,0.84
district,Gandaki,Parbat,Female,18 Year,379,1,15,45,103,1,3,0,25,74,92,1,2,16,0,0,0,0,0,1,44.33,4.22,47.9,3.97,44.33,4.22,3.57,-0.25
district,Gandaki,Parbat,Female,19 Year,301,0,8,28,61,0,2,0,25,73,86,0,1,17,0,0,0,0,0,0,32.89,5.65,36.72,1.97,32.89,5.65,3.83,-3.68
district,Gandaki,Parbat,Female,20 Year,370,0,0,0,58,2,1,0,37,113,146,0,1,12,0,0,0,0,0,0,16.49,3.24,17.44,2.62,16.49,3.24,0.95,-0.62
district,Gandaki,Parbat,Female,21 Year,350,0,0,0,37,0,2,1,39,121,123,0,2,23,0,0,1,1,0,0,11.14,6.57,13.74,4.39,11.14,6.57,2.6,-2.18
district,Gandaki,Parbat,Female,22 Year,411,0,0,0,34,2,0,0,50,130,157,1,1,34,0,0,0,0,0,2,8.76,8.27,11.08,4.32,8.76,8.27,2.32,-3.95
district,Gandaki,Parbat,Female,23 Year,469,0,0,0,28,0,1,2,59,142,210,0,1,23,0,0,1,0,0,2,6.18,4.9,12.58,5.97,6.18,4.9,6.4,1.07
district,Gandaki,Parbat,Female,24 Year,451,0,0,0,25,0,0,0,60,132,206,0,1,24,0,0,0,0,0,3,5.54,5.32,7.6,5.56,5.54,5.32,2.06,0.24
district,Gandaki,Parbat,Female,25 Year,577,0,0,0,37,0,0,0,86,162,227,0,3,57,0,0,0,2,0,3,6.41,9.88,6.96,6.44,6.41,9.88,0.55,-3.44
district,Gandaki,Baglung,Total,All Ages,75144,6815,26721,15764,8824,60,278,107,4345,5422,4829,68,86,1606,5,32,6,9,5,162,77.8,2.14,80.68,1.88,74.92,2.39,5.76,-0.51
district,Gandaki,Baglung,Total,5 Year,4765,4256,0,0,0,4,53,51,0,0,0,0,4,331,2,0,0,0,2,62,90.51,6.95,90.34,7.12,90.71,6.75,-0.37,0.37
district,Gandaki,Baglung,Total,6 Year,4831,1627,2956,0,0,4,34,12,33,0,0,1,7,133,2,1,0,0,0,21,95.65,2.75,95.6,2.7,95.7,2.81,-0.1,-0.11
district,Gandaki,Baglung,Total,7 Year,4806,659,4008,0,0,2,19,3,43,0,0,2,1,60,0,0,0,0,0,9,97.54,1.25,97.17,1.32,97.98,1.17,-0.81,0.15
district,Gandaki,Baglung,Total,8 Year,4949,180,4647,0,0,0,18,1,51,0,0,0,0,42,0,1,0,0,0,9,97.9,0.85,97.93,0.7,97.87,1.0,0.06,-0.3
district,Gandaki,Baglung,Total,9 Year,4606,56,4417,0,0,1,24,0,67,0,0,1,3,25,0,1,0,0,1,10,97.66,0.54,97.85,0.29,97.43,0.82,0.42,-0.53
district,Gandaki,Baglung,Total,10 Year,5025,7,4603,0,0,1,15,6,354,0,0,0,0,31,0,0,0,0,1,7,92.06,0.62,92.06,0.57,92.06,0.67,0.0,-0.1
district,Gandaki,Baglung,Total,11 Year,4676,8,2837,1602,0,1,10,2,158,13,0,0,2,40,0,0,0,0,0,3,95.34,0.86,94.93,0.96,95.77,0.75,-0.84,0.21
district,Gandaki,Baglung,Total,12 Year,5233,2,1757,3242,0,2,14,4,121,41,0,0,2,41,0,2,1,0,0,4,95.87,0.78,95.43,0.91,96.33,0.66,-0.9,0.25
district,Gandaki,Baglung,Total,13 Year,5105,2,754,4140,0,2,10,2,95,58,0,0,1,32,1,5,1,0,0,2,96.14,0.63,95.82,0.6,96.49,0.65,-0.67,-0.05
district,Gandaki,Baglung,Total,14 Year,5179,5,407,3027,1501,0,7,2,75,73,28,2,1,43,0,3,0,1,1,3,95.52,0.83,94.83,1.0,96.23,0.66,-1.4,0.34
district,Gandaki,Baglung,Total,15 Year,4617,2,109,1915,2186,1,21,5,174,105,38,2,3,43,0,8,1,2,0,2,91.7,0.93,91.16,1.02,92.27,0.84,-1.11,0.18
district,Gandaki,Baglung,Total,16 Year,3387,5,78,952,1885,1,4,6,172,167,77,1,1,30,0,3,2,0,0,3,86.36,0.89,87.35,0.85,85.28,0.92,2.07,-0.07
district,Gandaki,Baglung,Total,17 Year,2348,2,57,428,1187,0,8,0,214,251,145,1,1,46,0,4,0,2,0,2,71.64,1.96,74.0,1.72,69.07,2.22,4.93,-0.5
district,Gandaki,Baglung,Total,18 Year,2219,1,55,297,797,4,7,1,297,406,286,2,3,60,0,0,0,0,0,3,52.32,2.7,58.95,2.43,46.6,2.94,12.35,-0.51
district,Gandaki,Baglung,Total,19 Year,1622,3,35,160,379,5,7,0,280,398,294,1,3,53,0,1,0,0,0,3,36.31,3.27,40.11,2.69,33.11,3.75,7.0,-1.06
district,Gandaki,Baglung,Total,20 Year,1823,0,1,0,265,2,8,1,323,644,482,10,6,75,0,0,1,1,0,4,15.14,4.11,18.67,3.09,12.33,4.93,6.34,-1.84
district,Gandaki,Baglung,Total,21 Year,1757,0,0,0,190,5,6,3,322,591,536,4,6,87,0,1,0,1,0,5,11.44,4.95,13.39,3.7,9.87,5.96,3.52,-2.26
district,Gandaki,Baglung,Total,22 Year,2083,0,0,0,160,2,4,1,409,706,676,7,12,104,0,0,0,0,0,2,7.97,4.99,8.82,4.06,7.37,5.65,1.45,-1.59
district,Gandaki,Baglung,Total,23 Year,1891,0,0,1,97,4,2,4,332,631,708,7,9,95,0,0,0,0,0,1,5.5,5.02,6.81,4.11,4.58,5.66,2.23,-1.55
district,Gandaki,Baglung,Total,24 Year,2018,0,0,0,94,6,4,2,390,646,752,10,10,99,0,1,0,0,0,4,5.15,4.91,6.6,4.73,4.2,5.02,2.4,-0.29
district,Gandaki,Baglung,Total,25 Year,2204,0,0,0,83,13,3,1,435,692,807,17,11,136,0,1,0,2,0,3,4.49,6.17,4.52,3.93,4.47,7.55,0.05,-3.62
district,Gandaki,Baglung,Male,All Ages,37509,3685,14036,7955,4434,16,138,59,2039,2290,1975,27,36,707,3,20,3,6,5,75,80.68,1.88,80.68,1.88,74.92,2.39,5.76,-0.51
district,Gandaki,Baglung,Male,5 Year,2527,2254,0,0,0,1,28,27,0,0,0,0,3,180,1,0,0,0,2,31,90.34,7.12,90.34,7.12,90.71,6.75,-0.37,0.37
district,Gandaki,Baglung,Male,6 Year,2480,900,1454,0,0,1,16,6,18,0,0,1,4,67,2,1,0,0,0,10,95.6,2.7,95.6,2.7,95.7,2.81,-0.1,-0.11
district,Gandaki,Baglung,Male,7 Year,2580,377,2118,0,0,1,11,2,28,0,0,2,1,34,0,0,0,0,0,6,97.17,1.32,97.17,1.32,97.98,1.17,-0.81,0.15
district,Gandaki,Baglung,Male,8 Year,2559,107,2391,0,0,0,8,1,28,0,0,0,0,18,0,1,0,0,0,5,97.93,0.7,97.93,0.7,97.87,1.0,0.06,-0.3
district,Gandaki,Baglung,Male,9 Year,2424,28,2330,0,0,1,13,0,39,0,0,1,1,7,0,1,0,0,1,2,97.85,0.29,97.85,0.29,97.43,0.82,0.42,-0.53
district,Gandaki,Baglung,Male,10 Year,2633,2,2415,0,0,0,7,1,189,0,0,0,0,15,0,0,0,0,1,3,92.06,0.57,92.06,0.57,92.06,0.67,0.0,-0.1
district,Gandaki,Baglung,Male,11 Year,2408,7,1509,764,0,0,6,1,88,8,0,0,0,23,0,0,0,0,0,2,94.93,0.96,94.93,0.96,95.77,0.75,-0.84,0.21
district,Gandaki,Baglung,Male,12 Year,2647,2,961,1554,0,1,8,4,64,25,0,0,0,24,0,0,1,0,0,3,95.43,0.91,95.43,0.91,96.33,0.66,-0.9,0.25
district,Gandaki,Baglung,Male,13 Year,2655,1,452,2083,0,2,6,1,55,35,0,0,0,16,0,4,0,0,0,0,95.82,0.6,95.82,0.6,96.49,0.65,-0.67,-0.05
district,Gandaki,Baglung,Male,14 Year,2609,2,218,1587,665,0,2,1,46,42,15,1,0,26,0,1,0,0,1,2,94.83,1.0,94.83,1.0,96.23,0.66,-1.4,0.34
district,Gandaki,Baglung,Male,15 Year,2354,1,60,996,1077,1,11,3,102,53,14,2,2,24,0,4,1,2,0,1,91.16,1.02,91.16,1.02,92.27,0.84,-1.11,0.18
district,Gandaki,Baglung,Male,16 Year,1763,2,48,500,989,0,1,6,93,81,24,0,0,15,0,2,1,0,0,1,87.35,0.85,87.35,0.85,85.28,0.92,2.07,-0.07
district,Gandaki,Baglung,Male,17 Year,1223,1,28,241,631,0,4,0,105,121,65,0,1,21,0,3,0,2,0,0,74.0,1.72,74.0,1.72,69.07,2.22,4.93,-0.5
district,Gandaki,Baglung,Male,18 Year,1028,0,36,148,417,1,4,1,138,160,94,0,2,25,0,0,0,0,0,2,58.95,2.43,58.95,2.43,46.6,2.94,12.35,-0.51
district,Gandaki,Baglung,Male,19 Year,743,1,15,82,197,1,2,0,125,189,109,0,0,20,0,1,0,0,0,1,40.11,2.69,40.11,2.69,33.11,3.75,7.0,-1.06
district,Gandaki,Baglung,Male,20 Year,809,0,1,0,148,0,2,1,149,270,206,4,2,25,0,0,0,0,0,1,18.67,3.09,18.67,3.09,12.33,4.93,6.34,-1.84
district,Gandaki,Baglung,Male,21 Year,784,0,0,0,101,1,3,1,157,234,248,3,4,29,0,1,0,1,0,1,13.39,3.7,13.39,3.7,9.87,5.96,3.52,-2.26
district,Gandaki,Baglung,Male,22 Year,862,0,0,0,74,1,1,1,175,287,280,2,5,35,0,0,0,0,0,1,8.82,4.06,8.82,4.06,7.37,5.65,1.45,-1.59
district,Gandaki,Baglung,Male,23 Year,778,0,0,0,51,0,2,2,141,263,281,1,5,32,0,0,0,0,0,0,6.81,4.11,6.81,4.11,4.58,5.66,2.23,-1.55
district,Gandaki,Baglung,Male,24 Year,803,0,0,0,47,3,3,0,146,249,307,4,5,38,0,0,0,0,0,1,6.6,4.73,6.6,4.73,4.2,5.02,2.4,-0.29
district,Gandaki,Baglung,Male,25 Year,840,0,0,0,37,1,0,0,153,273,332,6,1,33,0,1,0,1,0,2,4.52,3.93,4.52,3.93,4.47,7.55,0.05,-3.62
district,Gandaki,Baglung,Female,All Ages,37635,3130,12685,7809,4390,44,140,48,2306,3132,2854,41,50,899,2,12,3,3,0,87,74.92,2.39,80.68,1.88,74.92,2.39,5.76,-0.51
district,Gandaki,Baglung,Female,5 Year,2238,2002,0,0,0,3,25,24,0,0,0,0,1,151,1,0,0,0,0,31,90.71,6.75,90.34,7.12,90.71,6.75,-0.37,0.37
district,Gandaki,Baglung,Female,6 Year,2351,727,1502,0,0,3,18,6,15,0,0,0,3,66,0,0,0,0,0,11,95.7,2.81,95.6,2.7,95.7,2.81,-0.1,-0.11
district,Gandaki,Baglung,Female,7 Year,2226,282,1890,0,0,1,8,1,15,0,0,0,0,26,0,0,0,0,0,3,97.98,1.17,97.17,1.32,97.98,1.17,-0.81,0.15
district,Gandaki,Baglung,Female,8 Year,2390,73,2256,0,0,0,10,0,23,0,0,0,0,24,0,0,0,0,0,4,97.87,1.0,97.93,0.7,97.87,1.0,0.06,-0.3
district,Gandaki,Baglung,Female,9 Year,2182,28,2087,0,0,0,11,0,28,0,0,0,2,18,0,0,0,0,0,8,97.43,0.82,97.85,0.29,97.43,0.82,0.42,-0.53
district,Gandaki,Baglung,Female,10 Year,2392,5,2188,0,0,1,8,5,165,0,0,0,0,16,0,0,0,0,0,4,92.06,0.67,92.06,0.57,92.06,0.67,0.0,-0.1
district,Gandaki,Baglung,Female,11 Year,2268,1,1328,838,0,1,4,1,70,5,0,0,2,17,0,0,0,0,0,1,95.77,0.75,94.93,0.96,95.77,0.75,-0.84,0.21
district,Gandaki,Baglung,Female,12 Year,2586,0,796,1688,0,1,6,0,57,16,0,0,2,17,0,2,0,0,0,1,96.33,0.66,95.43,0.91,96.33,0.66,-0.9,0.25
district,Gandaki,Baglung,Female,13 Year,2450,1,302,2057,0,0,4,1,40,23,0,0,1,16,1,1,1,0,0,2,96.49,0.65,95.82,0.6,96.49,0.65,-0.67,-0.05
district,Gandaki,Baglung,Female,14 Year,2570,3,189,1440,836,0,5,1,29,31,13,1,1,17,0,2,0,1,0,1,96.23,0.66,94.83,1.0,96.23,0.66,-1.4,0.34
district,Gandaki,Baglung,Female,15 Year,2263,1,49,919,1109,0,10,2,72,52,24,0,1,19,0,4,0,0,0,1,92.27,0.84,91.16,1.02,92.27,0.84,-1.11,0.18
district,Gandaki,Baglung,Female,16 Year,1624,3,30,452,896,1,3,0,79,86,53,1,1,15,0,1,1,0,0,2,85.28,0.92,87.35,0.85,85.28,0.92,2.07,-0.07
district,Gandaki,Baglung,Female,17 Year,1125,1,29,187,556,0,4,0,109,130,80,1,0,25,0,1,0,0,0,2,69.07,2.22,74.0,1.72,69.07,2.22,4.93,-0.5
district,Gandaki,Baglung,Female,18 Year,1191,1,19,149,380,3,3,0,159,246,192,2,1,35,0,0,0,0,0,1,46.6,2.94,58.95,2.43,46.6,2.94,12.35,-0.51
district,Gandaki,Baglung,Female,19 Year,879,2,20,78,182,4,5,0,155,209,185,1,3,33,0,0,0,0,0,2,33.11,3.75,40.11,2.69,33.11,3.75,7.0,-1.06
district,Gandaki,Baglung,Female,20 Year,1014,0,0,0,117,2,6,0,174,374,276,6,4,50,0,0,1,1,0,3,12.33,4.93,18.67,3.09,12.33,4.93,6.34,-1.84
district,Gandaki,Baglung,Female,21 Year,973,0,0,0,89,4,3,2,165,357,288,1,2,58,0,0,0,0,0,4,9.87,5.96,13.39,3.7,9.87,5.96,3.52,-2.26
district,Gandaki,Baglung,Female,22 Year,1221,0,0,0,86,1,3,0,234,419,396,5,7,69,0,0,0,0,0,1,7.37,5.65,8.82,4.06,7.37,5.65,1.45,-1.59
district,Gandaki,Baglung,Female,23 Year,1113,0,0,1,46,4,0,2,191,368,427,6,4,63,0,0,0,0,0,1,4.58,5.66,6.81,4.11,4.58,5.66,2.23,-1.55
district,Gandaki,Baglung,Female,24 Year,1215,0,0,0,47,3,1,2,244,397,445,6,5,61,0,1,0,0,0,3,4.2,5.02,6.6,4.73,4.2,5.02,2.4,-0.29
district,Gandaki,Baglung,Female,25 Year,1364,0,0,0,46,12,3,1,282,419,475,11,10,103,0,0,0,1,0,1,4.47,7.55,4.52,3.93,4.47,7.55,0.05,-3.62
province,Lumbini,,Total,All Ages,1737700,168971,557392,309088,161324,2087,4828,3000,144307,160894,120825,2981,2331,97167,43,418,49,63,12,1920,69.27,5.59,71.82,4.68,66.73,6.5,5.09,-1.82
province,Lumbini,,Total,5 Year,101218,87579,0,0,0,182,568,657,0,0,0,34,93,11143,26,0,0,0,1,935,87.27,11.01,87.43,10.94,87.09,11.08,0.34,-0.14
province,Lumbini,,Total,6 Year,100339,44105,48698,0,0,144,457,185,551,0,0,20,62,5807,7,5,0,0,2,296,93.09,5.79,93.2,5.69,92.96,5.89,0.24,-0.2
province,Lumbini,,Total,7 Year,96846,21244,70556,0,0,118,339,96,749,0,0,27,59,3523,2,6,0,0,0,127,95.26,3.64,95.3,3.58,95.22,3.7,0.08,-0.12
province,Lumbini,,Total,8 Year,108409,10105,92807,0,0,115,363,59,1196,0,0,28,52,3568,6,8,0,0,0,102,95.37,3.29,95.44,3.25,95.3,3.33,0.14,-0.08
province,Lumbini,,Total,9 Year,91126,3331,83951,0,0,51,339,33,1289,0,0,22,70,1975,1,6,0,0,0,58,96.21,2.17,96.37,2.01,96.04,2.34,0.33,-0.33
province,Lumbini,,Total,10 Year,113353,1280,95894,0,0,99,390,631,11790,0,0,26,63,3147,0,4,0,0,0,29,86.16,2.78,85.85,2.68,86.5,2.88,-0.65,-0.2
province,Lumbini,,Total,11 Year,85987,387,59162,19061,0,50,183,191,5193,227,0,23,16,1463,0,5,2,0,0,24,91.69,1.7,91.51,1.59,91.88,1.82,-0.37,-0.23
province,Lumbini,,Total,12 Year,114005,319,53097,50807,0,77,238,173,5475,854,0,36,35,2847,0,8,7,0,1,31,91.7,2.5,91.49,2.43,91.92,2.57,-0.43,-0.14
province,Lumbini,,Total,13 Year,101612,127,26324,67921,0,50,221,102,3493,1308,0,37,30,1952,0,15,7,0,0,25,93.14,1.92,93.16,1.86,93.12,1.98,0.04,-0.12
province,Lumbini,,Total,14 Year,108121,127,15711,65943,16944,57,232,79,4092,2090,376,44,34,2327,0,43,2,4,1,15,91.58,2.15,91.67,2.03,91.49,2.28,0.18,-0.25
province,Lumbini,,Total,15 Year,104844,115,4511,49381,34524,82,396,113,7732,3669,1005,61,54,3092,0,78,2,9,0,20,84.9,2.95,85.07,2.67,84.72,3.23,0.35,-0.56
province,Lumbini,,Total,16 Year,89775,100,2645,29029,38170,68,239,94,7597,6146,1958,112,52,3442,0,93,3,8,0,19,78.25,3.83,79.21,3.48,77.27,4.2,1.94,-0.72
province,Lumbini,,Total,17 Year,62338,54,1569,13515,25894,70,183,53,6708,7883,3388,94,88,2760,0,48,4,7,0,20,66.23,4.43,68.22,3.88,64.13,5.01,4.09,-1.13
province,Lumbini,,Total,18 Year,71775,66,1638,9800,21099,100,154,62,10814,14469,7707,207,159,5432,0,29,2,6,0,31,45.78,7.57,48.8,6.63,42.65,8.53,6.15,-1.9
province,Lumbini,,Total,19 Year,44281,32,803,3626,8710,70,90,49,7408,11948,8168,150,102,3082,0,18,2,4,1,18,30.11,6.96,33.34,5.73,27.1,8.1,6.24,-2.37
province,Lumbini,,Total,20 Year,64563,0,5,2,6795,141,82,64,13197,20790,15208,331,245,7656,1,16,0,1,0,29,10.88,11.86,12.62,9.58,9.44,13.75,3.18,-4.17
province,Lumbini,,Total,21 Year,43529,0,3,1,2830,96,64,58,8414,15213,12690,236,151,3732,0,9,2,3,0,27,6.88,8.57,7.79,6.54,6.11,10.31,1.68,-3.77
province,Lumbini,,Total,22 Year,60058,0,8,0,2469,113,78,66,12404,20241,17171,358,250,6859,0,6,1,2,2,30,4.44,11.42,5.01,8.85,3.97,13.55,1.04,-4.7
province,Lumbini,,Total,23 Year,50652,0,1,0,1450,106,70,65,10154,17113,15600,294,190,5571,0,7,2,5,1,23,3.21,11.0,3.7,7.8,2.86,13.28,0.84,-5.48
province,Lumbini,,Total,24 Year,53896,0,5,0,1155,123,69,69,10737,17831,17043,315,209,6293,0,6,7,6,2,26,2.51,11.68,2.61,8.16,2.44,14.19,0.17,-6.03
province,Lumbini,,Total,25 Year,70973,0,4,2,1284,175,73,101,15314,21112,20511,526,317,11496,0,8,6,8,1,35,2.17,16.2,2.26,11.74,2.1,19.54,0.16,-7.8
province,Lumbini,,Male,All Ages,867126,91359,290856,156875,80477,863,2338,1529,69834,77866,51188,1055,1003,40619,21,215,25,28,4,971,71.82,4.68,71.82,4.68,66.73,6.5,5.09,-1.82
province,Lumbini,,Male,5 Year,53048,45979,0,0,0,89,312,328,0,0,0,15,42,5804,15,0,0,0,1,463,87.43,10.94,87.43,10.94,87.09,11.08,0.34,-0.14
province,Lumbini,,Male,6 Year,52302,24207,24243,0,0,82,215,95,270,0,0,9,32,2976,4,3,0,0,0,166,93.2,5.69,93.2,5.69,92.96,5.89,0.24,-0.2
province,Lumbini,,Male,7 Year,50084,11965,35546,0,0,64,154,54,387,0,0,12,33,1792,0,2,0,0,0,75,95.3,3.58,95.3,3.58,95.22,3.7,0.08,-0.12
province,Lumbini,,Male,8 Year,56935,5911,48181,0,0,64,181,33,623,0,0,13,27,1852,2,5,0,0,0,43,95.44,3.25,95.44,3.25,95.3,3.33,0.14,-0.08
province,Lumbini,,Male,9 Year,47481,1877,43691,0,0,25,163,17,673,0,0,8,37,954,0,5,0,0,0,31,96.37,2.01,96.37,2.01,96.04,2.34,0.33,-0.33
province,Lumbini,,Male,10 Year,59512,702,50150,0,0,50,191,349,6405,0,0,14,38,1595,0,1,0,0,0,17,85.85,2.68,85.85,2.68,86.5,2.88,-0.65,-0.2
province,Lumbini,,Male,11 Year,44621,218,31413,9085,0,24,94,106,2824,121,0,5,6,710,0,2,2,0,0,11,91.51,1.59,91.51,1.59,91.88,1.82,-0.37,-0.23
province,Lumbini,,Male,12 Year,59297,168,29134,24777,0,32,140,91,3020,435,0,14,19,1439,0,3,5,0,1,19,91.49,2.43,91.49,2.43,91.92,2.57,-0.43,-0.14
province,Lumbini,,Male,13 Year,51010,74,14249,33083,0,16,99,62,1783,645,0,12,11,950,0,7,2,0,0,17,93.16,1.86,93.16,1.86,93.12,1.98,0.04,-0.12
province,Lumbini,,Male,14 Year,54462,69,8528,33694,7501,27,104,35,2066,1088,186,11,18,1106,0,20,0,1,1,7,91.67,2.03,91.67,2.03,91.49,2.28,0.18,-0.25
province,Lumbini,,Male,15 Year,52585,57,2376,25858,16222,31,191,60,3994,1845,443,19,23,1406,0,44,1,5,0,10,85.07,2.67,85.07,2.67,84.72,3.23,0.35,-0.56
province,Lumbini,,Male,16 Year,45494,50,1322,15532,18987,35,109,51,3710,3123,865,39,24,1581,0,50,3,5,0,8,79.21,3.48,79.21,3.48,77.27,4.2,1.94,-0.72
province,Lumbini,,Male,17 Year,32015,29,834,7387,13477,29,84,27,3357,4033,1393,35,46,1242,0,26,3,3,0,10,68.22,3.88,68.22,3.88,64.13,5.01,4.09,-1.13
province,Lumbini,,Male,18 Year,36504,37,817,5426,11410,45,79,33,5387,7422,3251,74,70,2422,0,14,0,4,0,13,48.8,6.63,48.8,6.63,42.65,8.53,6.15,-1.9
province,Lumbini,,Male,19 Year,21307,16,364,2031,4622,30,41,29,3560,5845,3434,55,40,1220,0,9,1,0,0,10,33.34,5.73,33.34,5.73,27.1,8.1,6.24,-2.37
province,Lumbini,,Male,20 Year,29258,0,1,1,3613,44,34,28,6033,10102,6355,127,98,2802,0,8,0,0,0,12,12.62,9.58,12.62,9.58,9.44,13.75,3.18,-4.17
province,Lumbini,,Male,21 Year,20024,0,2,0,1504,25,28,22,4009,7472,5482,92,59,1309,0,6,0,2,0,12,7.79,6.54,7.79,6.54,6.11,10.31,1.68,-3.77
province,Lumbini,,Male,22 Year,27225,0,3,0,1293,37,30,27,5810,9825,7563,119,88,2409,0,2,1,1,0,17,5.01,8.85,5.01,8.85,3.97,13.55,1.04,-4.7
province,Lumbini,,Male,23 Year,21078,0,0,0,710,37,33,22,4362,7688,6406,98,69,1645,0,1,0,1,0,6,3.7,7.8,3.7,7.8,2.86,13.28,0.84,-5.48
province,Lumbini,,Male,24 Year,22463,0,1,0,525,33,27,23,4633,8172,6993,107,99,1833,0,4,2,1,0,10,2.61,8.16,2.61,8.16,2.44,14.19,0.17,-6.03
province,Lumbini,,Male,25 Year,30421,0,1,1,613,44,29,37,6928,10050,8817,177,124,3572,0,3,5,5,1,14,2.26,11.74,2.26,11.74,2.1,19.54,0.16,-7.8
province,Lumbini,,Female,All Ages,870574,77612,266536,152213,80847,1224,2490,1471,74473,83028,69637,1926,1328,56548,22,203,24,35,8,949,66.73,6.5,71.82,4.68,66.73,6.5,5.09,-1.82
province,Lumbini,,Female,5 Year,48170,41600,0,0,0,93,256,329,0,0,0,19,51,5339,11,0,0,0,0,472,87.09,11.08,87.43,10.94,87.09,11.08,0.34,-0.14
province,Lumbini,,Female,6 Year,48037,19898,24455,0,0,62,242,90,281,0,0,11,30,2831,3,2,0,0,2,130,92.96,5.89,93.2,5.69,92.96,5.89,0.24,-0.2
province,Lumbini,,Female,7 Year,46762,9279,35010,0,0,54,185,42,362,0,0,15,26,1731,2,4,0,0,0,52,95.22,3.7,95.3,3.58,95.22,3.7,0.08,-0.12
province,Lumbini,,Female,8 Year,51474,4194,44626,0,0,51,182,26,573,0,0,15,25,1716,4,3,0,0,0,59,95.3,3.33,95.44,3.25,95.3,3.33,0.14,-0.08
province,Lumbini,,Female,9 Year,43645,1454,40260,0,0,26,176,16,616,0,0,14,33,1021,1,1,0,0,0,27,96.04,2.34,96.37,2.01,96.04,2.34,0.33,-0.33
province,Lumbini,,Female,10 Year,53841,578,45744,0,0,49,199,282,5385,0,0,12,25,1552,0,3,0,0,0,12,86.5,2.88,85.85,2.68,86.5,2.88,-0.65,-0.2
province,Lumbini,,Female,11 Year,41366,169,27749,9976,0,26,89,85,2369,106,0,18,10,753,0,3,0,0,0,13,91.88,1.82,91.51,1.59,91.88,1.82,-0.37,-0.23
province,Lumbini,,Female,12 Year,54708,151,23963,26030,0,45,98,82,2455,419,0,22,16,1408,0,5,2,0,0,12,91.92,2.57,91.49,2.43,91.92,2.57,-0.43,-0.14
province,Lumbini,,Female,13 Year,50602,53,12075,34838,0,34,122,40,1710,663,0,25,19,1002,0,8,5,0,0,8,93.12,1.98,93.16,1.86,93.12,1.98,0.04,-0.12
province,Lumbini,,Female,14 Year,53659,58,7183,32249,9443,30,128,44,2026,1002,190,33,16,1221,0,23,2,3,0,8,91.49,2.28,91.67,2.03,91.49,2.28,0.18,-0.25
province,Lumbini,,Female,15 Year,52259,58,2135,23523,18302,51,205,53,3738,1824,562,42,31,1686,0,34,1,4,0,10,84.72,3.23,85.07,2.67,84.72,3.23,0.35,-0.56
province,Lumbini,,Female,16 Year,44281,50,1323,13497,19183,33,130,43,3887,3023,1093,73,28,1861,0,43,0,3,0,11,77.27,4.2,79.21,3.48,77.27,4.2,1.94,-0.72
province,Lumbini,,Female,17 Year,30323,25,735,6128,12417,41,99,26,3351,3850,1995,59,42,1518,0,22,1,4,0,10,64.13,5.01,68.22,3.88,64.13,5.01,4.09,-1.13
province,Lumbini,,Female,18 Year,35271,29,821,4374,9689,55,75,29,5427,7047,4456,133,89,3010,0,15,2,2,0,18,42.65,8.53,48.8,6.63,42.65,8.53,6.15,-1.9
province,Lumbini,,Female,19 Year,22974,16,439,1595,4088,40,49,20,3848,6103,4734,95,62,1862,0,9,1,4,1,8,27.1,8.1,33.34,5.73,27.1,8.1,6.24,-2.37
province,Lumbini,,Female,20 Year,35305,0,4,1,3182,97,48,36,7164,10688,8853,204,147,4854,1,8,0,1,0,17,9.44,13.75,12.62,9.58,9.44,13.75,3.18,-4.17
province,Lumbini,,Female,21 Year,23505,0,1,1,1326,71,36,36,4405,7741,7208,144,92,2423,0,3,2,1,0,15,6.11,10.31,7.79,6.54,6.11,10.31,1.68,-3.77
province,Lumbini,,Female,22 Year,32833,0,5,0,1176,76,48,39,6594,10416,9608,239,162,4450,0,4,0,1,2,13,3.97,13.55,5.01,8.85,3.97,13.55,1.04,-4.7
province,Lumbini,,Female,23 Year,29574,0,1,0,740,69,37,43,5792,9425,9194,196,121,3926,0,6,2,4,1,17,2.86,13.28,3.7,7.8,2.86,13.28,0.84,-5.48
province,Lumbini,,Female,24 Year,31433,0,4,0,630,90,42,46,6104,9659,10050,208,110,4460,0,2,5,5,2,16,2.44,14.19,2.61,8.16,2.44,14.19,0.17,-6.03
province,Lumbini,,Female,25 Year,40552,0,3,1,671,131,44,64,8386,11062,11694,349,193,7924,0,5,1,3,0,21,2.1,19.54,2.26,11.74,2.1,19.54,0.16,-7.8
district,Lumbini,Rukum (East),Total,All Ages,20745,1643,6964,3998,2381,19,66,18,1520,1689,1430,53,41,889,0,5,0,1,0,28,72.65,4.29,74.13,3.44,71.21,5.1,2.92,-1.66
district,Lumbini,Rukum (East),Total,5 Year,1178,999,0,0,0,1,12,7,0,0,0,8,1,140,0,0,0,0,0,10,85.91,11.88,87.08,10.8,84.83,12.89,2.25,-2.09
district,Lumbini,Rukum (East),Total,6 Year,1210,368,754,0,0,1,7,1,7,0,0,3,2,66,0,0,0,0,0,1,93.39,5.45,93.45,5.3,93.32,5.62,0.13,-0.32
district,Lumbini,Rukum (East),Total,7 Year,1216,155,1008,0,0,4,2,0,10,0,0,2,1,28,0,0,0,0,0,6,96.13,2.3,96.54,1.98,95.73,2.63,0.81,-0.65
district,Lumbini,Rukum (East),Total,8 Year,1169,74,1047,0,0,1,5,0,17,0,0,1,1,21,0,0,0,0,0,2,96.41,1.8,95.97,2.1,96.82,1.51,-0.85,0.59
district,Lumbini,Rukum (East),Total,9 Year,1095,27,1028,0,0,1,3,0,17,0,0,1,0,15,0,0,0,0,0,3,96.71,1.37,97.27,0.73,96.15,2.01,1.12,-1.28
district,Lumbini,Rukum (East),Total,10 Year,1296,8,1140,0,0,0,5,1,126,0,0,0,0,15,0,0,0,0,0,1,88.97,1.16,88.24,0.93,89.69,1.38,-1.45,-0.45
district,Lumbini,Rukum (East),Total,11 Year,1082,2,710,281,0,1,2,1,62,4,0,1,1,16,0,0,0,0,0,1,92.05,1.48,91.87,1.32,92.22,1.63,-0.35,-0.31
district,Lumbini,Rukum (East),Total,12 Year,1354,1,622,642,0,0,4,1,57,9,0,0,1,16,0,0,0,0,0,1,93.72,1.18,94.81,0.86,92.58,1.52,2.23,-0.66
district,Lumbini,Rukum (East),Total,13 Year,1181,2,318,798,0,0,2,1,31,17,0,0,1,10,0,1,0,0,0,0,94.83,0.85,93.35,1.23,96.23,0.49,-2.88,0.74
district,Lumbini,Rukum (East),Total,14 Year,1283,1,191,812,208,0,5,2,28,22,4,0,0,10,0,0,0,0,0,0,94.86,0.78,95.14,0.63,94.57,0.93,0.57,-0.3
district,Lumbini,Rukum (East),Total,15 Year,1346,2,63,708,432,1,5,0,61,34,11,0,3,24,0,1,0,0,0,1,89.97,1.78,90.03,1.47,89.91,2.11,0.12,-0.64
district,Lumbini,Rukum (East),Total,16 Year,1109,3,23,389,535,0,4,1,53,55,18,0,0,28,0,0,0,0,0,0,86.02,2.52,87.22,2.45,84.76,2.6,2.46,-0.15
district,Lumbini,Rukum (East),Total,17 Year,863,0,23,189,438,1,5,1,57,77,43,2,1,25,0,1,0,0,0,0,76.01,2.9,78.78,2.93,73.51,2.87,5.27,0.06
district,Lumbini,Rukum (East),Total,18 Year,913,1,28,123,349,0,1,0,109,152,95,4,3,48,0,0,0,0,0,0,54.98,5.26,59.12,4.62,50.87,5.9,8.25,-1.28
district,Lumbini,Rukum (East),Total,19 Year,604,0,9,56,154,0,3,0,89,157,98,2,2,33,0,1,0,0,0,0,36.75,5.46,42.05,3.64,31.46,7.28,10.59,-3.64
district,Lumbini,Rukum (East),Total,20 Year,747,0,0,0,107,2,0,0,125,227,217,6,6,56,0,1,0,0,0,0,14.59,7.5,15.26,4.36,14.08,9.86,1.18,-5.5
district,Lumbini,Rukum (East),Total,21 Year,523,0,0,0,51,0,0,1,93,185,146,2,2,42,0,0,0,0,0,1,9.75,8.03,11.57,7.02,8.19,8.9,3.38,-1.88
district,Lumbini,Rukum (East),Total,22 Year,721,0,0,0,48,0,0,0,169,219,206,3,1,75,0,0,0,0,0,0,6.66,10.4,6.43,10.23,6.86,10.55,-0.43,-0.32
district,Lumbini,Rukum (East),Total,23 Year,580,0,0,0,24,1,0,0,131,170,187,9,1,56,0,0,0,1,0,0,4.31,9.66,4.33,6.5,4.29,12.54,0.04,-6.04
district,Lumbini,Rukum (East),Total,24 Year,583,0,0,0,18,1,1,1,111,168,204,4,5,70,0,0,0,0,0,0,3.43,12.01,3.97,7.58,2.94,16.01,1.03,-8.43
district,Lumbini,Rukum (East),Total,25 Year,692,0,0,0,17,4,0,0,167,193,201,5,9,95,0,0,0,0,0,1,3.03,13.73,3.32,7.85,2.77,19.11,0.55,-11.26
district,Lumbini,Rukum (East),Male,All Ages,10221,831,3505,1989,1214,9,29,10,735,811,682,25,12,352,0,4,0,0,0,13,74.13,3.44,74.13,3.44,71.21,5.1,2.92,-1.66
district,Lumbini,Rukum (East),Male,5 Year,565,488,0,0,0,1,3,5,0,0,0,3,1,61,0,0,0,0,0,3,87.08,10.8,87.08,10.8,84.83,12.89,2.25,-2.09
district,Lumbini,Rukum (East),Male,6 Year,641,197,396,0,0,1,5,1,2,0,0,3,1,34,0,0,0,0,0,1,93.45,5.3,93.45,5.3,93.32,5.62,0.13,-0.32
district,Lumbini,Rukum (East),Male,7 Year,607,84,498,0,0,3,1,0,4,0,0,1,0,12,0,0,0,0,0,4,96.54,1.98,96.54,1.98,95.73,2.63,0.81,-0.65
district,Lumbini,Rukum (East),Male,8 Year,571,36,510,0,0,0,2,0,10,0,0,0,0,12,0,0,0,0,0,1,95.97,2.1,95.97,2.1,96.82,1.51,-0.85,0.59
district,Lumbini,Rukum (East),Male,9 Year,549,19,512,0,0,1,2,0,10,0,0,0,0,4,0,0,0,0,0,1,97.27,0.73,97.27,0.73,96.15,2.01,1.12,-1.28
district,Lumbini,Rukum (East),Male,10 Year,646,3,565,0,0,0,2,0,69,0,0,0,0,6,0,0,0,0,0,1,88.24,0.93,88.24,0.93,89.69,1.38,-1.45,-0.45
district,Lumbini,Rukum (East),Male,11 Year,529,1,354,131,0,0,0,0,34,1,0,1,0,7,0,0,0,0,0,0,91.87,1.32,91.87,1.32,92.22,1.63,-0.35,-0.31
district,Lumbini,Rukum (East),Male,12 Year,694,0,329,327,0,0,2,1,26,3,0,0,0,6,0,0,0,0,0,0,94.81,0.86,94.81,0.86,92.58,1.52,2.23,-0.66
district,Lumbini,Rukum (East),Male,13 Year,571,0,148,384,0,0,1,0,18,12,0,0,0,7,0,1,0,0,0,0,93.35,1.23,93.35,1.23,96.23,0.49,-2.88,0.74
district,Lumbini,Rukum (East),Male,14 Year,638,0,109,408,88,0,2,1,14,12,0,0,0,4,0,0,0,0,0,0,95.14,0.63,95.14,0.63,94.57,0.93,0.57,-0.3
district,Lumbini,Rukum (East),Male,15 Year,682,1,37,344,230,0,2,0,29,23,5,0,0,10,0,1,0,0,0,0,90.03,1.47,90.03,1.47,89.91,2.11,0.12,-0.64
district,Lumbini,Rukum (East),Male,16 Year,571,2,14,202,278,0,2,0,19,29,11,0,0,14,0,0,0,0,0,0,87.22,2.45,87.22,2.45,84.76,2.6,2.46,-0.15
district,Lumbini,Rukum (East),Male,17 Year,410,0,13,91,217,0,2,1,28,26,18,1,1,12,0,0,0,0,0,0,78.78,2.93,78.78,2.93,73.51,2.87,5.27,0.06
district,Lumbini,Rukum (East),Male,18 Year,455,0,14,68,187,0,0,0,58,71,31,4,1,21,0,0,0,0,0,0,59.12,4.62,59.12,4.62,50.87,5.9,8.25,-1.28
district,Lumbini,Rukum (East),Male,19 Year,302,0,6,34,85,0,2,0,41,79,41,1,1,11,0,1,0,0,0,0,42.05,3.64,42.05,3.64,31.46,7.28,10.59,-3.64
district,Lumbini,Rukum (East),Male,20 Year,321,0,0,0,49,0,0,0,61,95,97,3,1,14,0,1,0,0,0,0,15.26,4.36,15.26,4.36,14.08,9.86,1.18,-5.5
district,Lumbini,Rukum (East),Male,21 Year,242,0,0,0,28,0,0,0,39,86,70,0,1,17,0,0,0,0,0,1,11.57,7.02,11.57,7.02,8.19,8.9,3.38,-1.88
district,Lumbini,Rukum (East),Male,22 Year,342,0,0,0,22,0,0,0,76,110,97,1,1,35,0,0,0,0,0,0,6.43,10.23,6.43,10.23,6.86,10.55,-0.43,-0.32
district,Lumbini,Rukum (East),Male,23 Year,277,0,0,0,11,1,0,0,66,84,93,4,0,18,0,0,0,0,0,0,4.33,6.5,4.33,6.5,4.29,12.54,0.04,-6.04
district,Lumbini,Rukum (East),Male,24 Year,277,0,0,0,10,0,1,1,51,82,109,2,0,21,0,0,0,0,0,0,3.97,7.58,3.97,7.58,2.94,16.01,1.03,-8.43
district,Lumbini,Rukum (East),Male,25 Year,331,0,0,0,9,2,0,0,80,98,110,1,4,26,0,0,0,0,0,1,3.32,7.85,3.32,7.85,2.77,19.11,0.55,-11.26
district,Lumbini,Rukum (East),Female,All Ages,10524,812,3459,2009,1167,10,37,8,785,878,748,28,29,537,0,1,0,1,0,15,71.21,5.1,74.13,3.44,71.21,5.1,2.92,-1.66
district,Lumbini,Rukum (East),Female,5 Year,613,511,0,0,0,0,9,2,0,0,0,5,0,79,0,0,0,0,0,7,84.83,12.89,87.08,10.8,84.83,12.89,2.25,-2.09
district,Lumbini,Rukum (East),Female,6 Year,569,171,358,0,0,0,2,0,5,0,0,0,1,32,0,0,0,0,0,0,93.32,5.62,93.45,5.3,93.32,5.62,0.13,-0.32
district,Lumbini,Rukum (East),Female,7 Year,609,71,510,0,0,1,1,0,6,0,0,1,1,16,0,0,0,0,0,2,95.73,2.63,96.54,1.98,95.73,2.63,0.81,-0.65
district,Lumbini,Rukum (East),Female,8 Year,598,38,537,0,0,1,3,0,7,0,0,1,1,9,0,0,0,0,0,1,96.82,1.51,95.97,2.1,96.82,1.51,-0.85,0.59
district,Lumbini,Rukum (East),Female,9 Year,546,8,516,0,0,0,1,0,7,0,0,1,0,11,0,0,0,0,0,2,96.15,2.01,97.27,0.73,96.15,2.01,1.12,-1.28
district,Lumbini,Rukum (East),Female,10 Year,650,5,575,0,0,0,3,1,57,0,0,0,0,9,0,0,0,0,0,0,89.69,1.38,88.24,0.93,89.69,1.38,-1.45,-0.45
district,Lumbini,Rukum (East),Female,11 Year,553,1,356,150,0,1,2,1,28,3,0,0,1,9,0,0,0,0,0,1,92.22,1.63,91.87,1.32,92.22,1.63,-0.35,-0.31
district,Lumbini,Rukum (East),Female,12 Year,660,1,293,315,0,0,2,0,31,6,0,0,1,10,0,0,0,0,0,1,92.58,1.52,94.81,0.86,92.58,1.52,2.23,-0.66
district,Lumbini,Rukum (East),Female,13 Year,610,2,170,414,0,0,1,1,13,5,0,0,1,3,0,0,0,0,0,0,96.23,0.49,93.35,1.23,96.23,0.49,-2.88,0.74
district,Lumbini,Rukum (East),Female,14 Year,645,1,82,404,120,0,3,1,14,10,4,0,0,6,0,0,0,0,0,0,94.57,0.93,95.14,0.63,94.57,0.93,0.57,-0.3
district,Lumbini,Rukum (East),Female,15 Year,664,1,26,364,202,1,3,0,32,11,6,0,3,14,0,0,0,0,0,1,89.91,2.11,90.03,1.47,89.91,2.11,0.12,-0.64
district,Lumbini,Rukum (East),Female,16 Year,538,1,9,187,257,0,2,1,34,26,7,0,0,14,0,0,0,0,0,0,84.76,2.6,87.22,2.45,84.76,2.6,2.46,-0.15
district,Lumbini,Rukum (East),Female,17 Year,453,0,10,98,221,1,3,0,29,51,25,1,0,13,0,1,0,0,0,0,73.51,2.87,78.78,2.93,73.51,2.87,5.27,0.06
district,Lumbini,Rukum (East),Female,18 Year,458,1,14,55,162,0,1,0,51,81,64,0,2,27,0,0,0,0,0,0,50.87,5.9,59.12,4.62,50.87,5.9,8.25,-1.28
district,Lumbini,Rukum (East),Female,19 Year,302,0,3,22,69,0,1,0,48,78,57,1,1,22,0,0,0,0,0,0,31.46,7.28,42.05,3.64,31.46,7.28,10.59,-3.64
district,Lumbini,Rukum (East),Female,20 Year,426,0,0,0,58,2,0,0,64,132,120,3,5,42,0,0,0,0,0,0,14.08,9.86,15.26,4.36,14.08,9.86,1.18,-5.5
district,Lumbini,Rukum (East),Female,21 Year,281,0,0,0,23,0,0,1,54,99,76,2,1,25,0,0,0,0,0,0,8.19,8.9,11.57,7.02,8.19,8.9,3.38,-1.88
district,Lumbini,Rukum (East),Female,22 Year,379,0,0,0,26,0,0,0,93,109,109,2,0,40,0,0,0,0,0,0,6.86,10.55,6.43,10.23,6.86,10.55,-0.43,-0.32
district,Lumbini,Rukum (East),Female,23 Year,303,0,0,0,13,0,0,0,65,86,94,5,1,38,0,0,0,1,0,0,4.29,12.54,4.33,6.5,4.29,12.54,0.04,-6.04
district,Lumbini,Rukum (East),Female,24 Year,306,0,0,0,8,1,0,0,60,86,95,2,5,49,0,0,0,0,0,0,2.94,16.01,3.97,7.58,2.94,16.01,1.03,-8.43
district,Lumbini,Rukum (East),Female,25 Year,361,0,0,0,8,2,0,0,87,95,91,4,5,69,0,0,0,0,0,0,2.77,19.11,3.32,7.85,2.77,19.11,0.55,-11.26
district,Lumbini,Rolpa,Total,All Ages,92226,6760,31193,17592,8471,109,191,134,9576,9647,5201,133,82,2993,5,31,3,4,0,101,69.74,3.25,71.65,2.6,67.92,3.86,3.73,-1.26
district,Lumbini,Rolpa,Total,5 Year,4780,4145,0,0,0,8,32,44,0,0,0,2,8,474,3,0,0,0,0,64,87.55,9.92,87.46,10.27,87.66,9.52,-0.2,0.75
district,Lumbini,Rolpa,Total,6 Year,4858,1517,3083,0,0,5,21,2,26,0,0,0,1,194,0,0,0,0,0,9,95.22,3.99,94.96,4.22,95.49,3.77,-0.53,0.45
district,Lumbini,Rolpa,Total,7 Year,5104,652,4259,0,0,2,13,2,43,0,0,0,1,127,0,2,0,0,0,3,96.51,2.49,96.6,2.38,96.42,2.6,0.18,-0.22
district,Lumbini,Rolpa,Total,8 Year,4811,277,4371,0,0,0,12,0,71,0,0,2,3,67,2,1,0,0,0,5,96.86,1.39,96.74,1.53,96.99,1.25,-0.25,0.28
district,Lumbini,Rolpa,Total,9 Year,4673,93,4430,0,0,0,6,0,78,0,0,3,2,58,0,0,0,0,0,3,96.92,1.24,96.74,0.93,97.1,1.56,-0.36,-0.63
district,Lumbini,Rolpa,Total,10 Year,5610,22,4938,0,0,0,9,14,555,0,0,0,2,70,0,0,0,0,0,0,88.57,1.25,88.36,1.14,88.8,1.36,-0.44,-0.22
district,Lumbini,Rolpa,Total,11 Year,4775,22,3381,945,0,1,8,9,344,16,0,0,0,48,0,0,0,0,0,1,91.25,1.01,90.92,0.79,91.58,1.22,-0.66,-0.43
district,Lumbini,Rolpa,Total,12 Year,5859,9,3098,2376,0,1,2,6,283,32,0,1,0,47,0,1,0,0,0,3,93.63,0.8,93.04,0.77,94.25,0.84,-1.21,-0.07
district,Lumbini,Rolpa,Total,13 Year,5764,4,1817,3618,0,4,7,4,182,66,0,1,2,55,0,3,1,0,0,0,94.55,0.95,93.78,1.32,95.32,0.59,-1.54,0.73
district,Lumbini,Rolpa,Total,14 Year,5824,8,1074,3675,656,0,8,5,227,90,13,3,1,58,0,4,0,0,0,2,93.08,1.0,92.45,1.05,93.68,0.94,-1.23,0.11
district,Lumbini,Rolpa,Total,15 Year,5672,2,296,3129,1463,3,14,5,498,179,26,0,0,50,0,6,0,0,0,1,86.51,0.88,84.5,0.9,88.44,0.86,-3.94,0.04
district,Lumbini,Rolpa,Total,16 Year,4657,2,154,1891,1750,3,14,2,403,283,63,5,2,74,0,4,0,2,0,5,81.9,1.59,80.94,1.71,82.83,1.48,-1.89,0.23
district,Lumbini,Rolpa,Total,17 Year,3908,3,124,1034,1535,8,15,3,490,466,135,4,2,84,0,3,0,0,0,2,69.58,2.15,69.89,1.55,69.27,2.73,0.62,-1.18
district,Lumbini,Rolpa,Total,18 Year,3978,1,102,637,1295,6,6,7,644,814,339,6,4,115,0,2,0,0,0,0,51.46,2.89,51.65,2.5,51.29,3.24,0.36,-0.74
district,Lumbini,Rolpa,Total,19 Year,2966,3,65,287,621,5,3,4,618,826,426,8,8,89,0,2,1,0,0,0,33.18,3.0,33.33,2.26,33.04,3.64,0.29,-1.38
district,Lumbini,Rolpa,Total,20 Year,3560,0,0,0,505,12,1,4,860,1275,687,14,8,193,0,0,0,0,0,1,14.55,5.42,15.16,3.9,14.06,6.65,1.1,-2.75
district,Lumbini,Rolpa,Total,21 Year,2977,0,0,0,244,12,3,6,811,1089,621,12,8,171,0,0,0,0,0,0,8.7,5.74,9.21,3.34,8.28,7.73,0.93,-4.39
district,Lumbini,Rolpa,Total,22 Year,3420,0,0,0,162,6,5,6,941,1256,803,21,5,213,0,0,0,1,0,1,5.06,6.23,5.64,4.79,4.59,7.39,1.05,-2.6
district,Lumbini,Rolpa,Total,23 Year,2838,0,0,0,96,7,3,4,782,1063,659,12,9,202,0,0,0,0,0,1,3.74,7.12,4.06,4.4,3.51,8.99,0.55,-4.59
district,Lumbini,Rolpa,Total,24 Year,3067,0,0,0,70,11,4,4,825,1139,736,12,11,254,0,0,1,0,0,0,2.77,8.28,2.6,4.39,2.89,10.89,-0.29,-6.5
district,Lumbini,Rolpa,Total,25 Year,3125,0,1,0,74,15,5,3,895,1053,693,27,5,350,0,3,0,1,0,0,3.04,11.2,2.21,6.17,3.64,14.84,-1.43,-8.67
district,Lumbini,Rolpa,Male,All Ages,44857,3567,15872,8616,3965,37,84,54,4699,4530,2126,38,36,1165,3,12,2,4,0,47,71.65,2.6,71.65,2.6,67.92,3.86,3.73,-1.26
district,Lumbini,Rolpa,Male,5 Year,2511,2170,0,0,0,5,21,24,0,0,0,0,5,258,2,0,0,0,0,26,87.46,10.27,87.46,10.27,87.66,9.52,-0.2,0.75
district,Lumbini,Rolpa,Male,6 Year,2442,776,1531,0,0,4,8,1,13,0,0,0,0,103,0,0,0,0,0,6,94.96,4.22,94.96,4.22,95.49,3.77,-0.53,0.45
district,Lumbini,Rolpa,Male,7 Year,2646,382,2167,0,0,1,6,1,24,0,0,0,0,63,0,0,0,0,0,2,96.6,2.38,96.6,2.38,96.42,2.6,0.18,-0.22
district,Lumbini,Rolpa,Male,8 Year,2487,155,2244,0,0,0,7,0,37,0,0,0,3,38,1,1,0,0,0,1,96.74,1.53,96.74,1.53,96.99,1.25,-0.25,0.28
district,Lumbini,Rolpa,Male,9 Year,2363,41,2241,0,0,0,4,0,49,0,0,2,2,22,0,0,0,0,0,2,96.74,0.93,96.74,0.93,97.1,1.56,-0.36,-0.63
district,Lumbini,Rolpa,Male,10 Year,2887,12,2536,0,0,0,3,6,296,0,0,0,1,33,0,0,0,0,0,0,88.36,1.14,88.36,1.14,88.8,1.36,-0.44,-0.22
district,Lumbini,Rolpa,Male,11 Year,2401,14,1698,468,0,0,3,3,181,14,0,0,0,19,0,0,0,0,0,1,90.92,0.79,90.92,0.79,91.58,1.22,-0.66,-0.43
district,Lumbini,Rolpa,Male,12 Year,2987,5,1582,1190,0,1,1,3,162,18,0,0,0,23,0,0,0,0,0,2,93.04,0.77,93.04,0.77,94.25,0.84,-1.21,-0.07
district,Lumbini,Rolpa,Male,13 Year,2878,2,939,1755,0,1,2,2,102,32,0,0,1,38,0,3,1,0,0,0,93.78,1.32,93.78,1.32,95.32,0.59,-1.54,0.73
district,Lumbini,Rolpa,Male,14 Year,2848,4,564,1778,284,0,3,1,124,48,7,1,1,30,0,2,0,0,0,1,92.45,1.05,92.45,1.05,93.68,0.94,-1.23,0.11
district,Lumbini,Rolpa,Male,15 Year,2775,1,141,1527,670,1,5,4,287,102,11,0,0,25,0,1,0,0,0,0,84.5,0.9,84.5,0.9,88.44,0.86,-3.94,0.04
district,Lumbini,Rolpa,Male,16 Year,2287,2,82,914,845,1,7,0,212,152,23,4,0,39,0,1,0,2,0,3,80.94,1.71,80.94,1.71,82.83,1.48,-1.89,0.23
district,Lumbini,Rolpa,Male,17 Year,1933,2,73,522,742,4,8,1,268,228,49,2,1,30,0,1,0,0,0,2,69.89,1.55,69.89,1.55,69.27,2.73,0.62,-1.18
district,Lumbini,Rolpa,Male,18 Year,1878,0,41,323,601,3,2,3,328,398,129,0,2,47,0,1,0,0,0,0,51.65,2.5,51.65,2.5,51.29,3.24,0.36,-0.74
district,Lumbini,Rolpa,Male,19 Year,1371,1,33,139,281,3,0,1,322,391,160,4,4,31,0,1,0,0,0,0,33.33,2.26,33.33,2.26,33.04,3.64,0.29,-1.38
district,Lumbini,Rolpa,Male,20 Year,1590,0,0,0,237,3,1,0,416,587,276,6,2,62,0,0,0,0,0,0,15.16,3.9,15.16,3.9,14.06,6.65,1.1,-2.75
district,Lumbini,Rolpa,Male,21 Year,1347,0,0,0,120,4,0,2,381,523,265,5,2,45,0,0,0,0,0,0,9.21,3.34,9.21,3.34,8.28,7.73,0.93,-4.39
district,Lumbini,Rolpa,Male,22 Year,1525,0,0,0,84,1,1,2,430,593,333,3,3,73,0,0,0,1,0,1,5.64,4.79,5.64,4.79,4.59,7.39,1.05,-2.6
district,Lumbini,Rolpa,Male,23 Year,1158,0,0,0,44,2,1,0,340,458,255,2,5,51,0,0,0,0,0,0,4.06,4.4,4.06,4.4,3.51,8.99,0.55,-4.59
district,Lumbini,Rolpa,Male,24 Year,1231,0,0,0,31,1,0,0,335,489,313,4,3,54,0,0,1,0,0,0,2.6,4.39,2.6,4.39,2.89,10.89,-0.29,-6.5
district,Lumbini,Rolpa,Male,25 Year,1312,0,0,0,26,2,1,0,392,497,305,5,1,81,0,1,0,1,0,0,2.21,6.17,2.21,6.17,3.64,14.84,-1.43,-8.67
district,Lumbini,Rolpa,Female,All Ages,47369,3193,15321,8976,4506,72,107,80,4877,5117,3075,95,46,1828,2,19,1,0,0,54,67.92,3.86,71.65,2.6,67.92,3.86,3.73,-1.26
district,Lumbini,Rolpa,Female,5 Year,2269,1975,0,0,0,3,11,20,0,0,0,2,3,216,1,0,0,0,0,38,87.66,9.52,87.46,10.27,87.66,9.52,-0.2,0.75
district,Lumbini,Rolpa,Female,6 Year,2416,741,1552,0,0,1,13,1,13,0,0,0,1,91,0,0,0,0,0,3,95.49,3.77,94.96,4.22,95.49,3.77,-0.53,0.45
district,Lumbini,Rolpa,Female,7 Year,2458,270,2092,0,0,1,7,1,19,0,0,0,1,64,0,2,0,0,0,1,96.42,2.6,96.6,2.38,96.42,2.6,0.18,-0.22
district,Lumbini,Rolpa,Female,8 Year,2324,122,2127,0,0,0,5,0,34,0,0,2,0,29,1,0,0,0,0,4,96.99,1.25,96.74,1.53,96.99,1.25,-0.25,0.28
district,Lumbini,Rolpa,Female,9 Year,2310,52,2189,0,0,0,2,0,29,0,0,1,0,36,0,0,0,0,0,1,97.1,1.56,96.74,0.93,97.1,1.56,-0.36,-0.63
district,Lumbini,Rolpa,Female,10 Year,2723,10,2402,0,0,0,6,8,259,0,0,0,1,37,0,0,0,0,0,0,88.8,1.36,88.36,1.14,88.8,1.36,-0.44,-0.22
district,Lumbini,Rolpa,Female,11 Year,2374,8,1683,477,0,1,5,6,163,2,0,0,0,29,0,0,0,0,0,0,91.58,1.22,90.92,0.79,91.58,1.22,-0.66,-0.43
district,Lumbini,Rolpa,Female,12 Year,2872,4,1516,1186,0,0,1,3,121,14,0,1,0,24,0,1,0,0,0,1,94.25,0.84,93.04,0.77,94.25,0.84,-1.21,-0.07
district,Lumbini,Rolpa,Female,13 Year,2886,2,878,1863,0,3,5,2,80,34,0,1,1,17,0,0,0,0,0,0,95.32,0.59,93.78,1.32,95.32,0.59,-1.54,0.73
district,Lumbini,Rolpa,Female,14 Year,2976,4,510,1897,372,0,5,4,103,42,6,2,0,28,0,2,0,0,0,1,93.68,0.94,92.45,1.05,93.68,0.94,-1.23,0.11
district,Lumbini,Rolpa,Female,15 Year,2897,1,155,1602,793,2,9,1,211,77,15,0,0,25,0,5,0,0,0,1,88.44,0.86,84.5,0.9,88.44,0.86,-3.94,0.04
district,Lumbini,Rolpa,Female,16 Year,2370,0,72,977,905,2,7,2,191,131,40,1,2,35,0,3,0,0,0,2,82.83,1.48,80.94,1.71,82.83,1.48,-1.89,0.23
district,Lumbini,Rolpa,Female,17 Year,1975,1,51,512,793,4,7,2,222,238,86,2,1,54,0,2,0,0,0,0,69.27,2.73,69.89,1.55,69.27,2.73,0.62,-1.18
district,Lumbini,Rolpa,Female,18 Year,2100,1,61,314,694,3,4,4,316,416,210,6,2,68,0,1,0,0,0,0,51.29,3.24,51.65,2.5,51.29,3.24,0.36,-0.74
district,Lumbini,Rolpa,Female,19 Year,1595,2,32,148,340,2,3,3,296,435,266,4,4,58,0,1,1,0,0,0,33.04,3.64,33.33,2.26,33.04,3.64,0.29,-1.38
district,Lumbini,Rolpa,Female,20 Year,1970,0,0,0,268,9,0,4,444,688,411,8,6,131,0,0,0,0,0,1,14.06,6.65,15.16,3.9,14.06,6.65,1.1,-2.75
district,Lumbini,Rolpa,Female,21 Year,1630,0,0,0,124,8,3,4,430,566,356,7,6,126,0,0,0,0,0,0,8.28,7.73,9.21,3.34,8.28,7.73,0.93,-4.39
district,Lumbini,Rolpa,Female,22 Year,1895,0,0,0,78,5,4,4,511,663,470,18,2,140,0,0,0,0,0,0,4.59,7.39,5.64,4.79,4.59,7.39,1.05,-2.6
district,Lumbini,Rolpa,Female,23 Year,1680,0,0,0,52,5,2,4,442,605,404,10,4,151,0,0,0,0,0,1,3.51,8.99,4.06,4.4,3.51,8.99,0.55,-4.59
district,Lumbini,Rolpa,Female,24 Year,1836,0,0,0,39,10,4,4,490,650,423,8,8,200,0,0,0,0,0,0,2.89,10.89,2.6,4.39,2.89,10.89,-0.29,-6.5
district,Lumbini,Rolpa,Female,25 Year,1813,0,1,0,48,13,4,3,503,556,388,22,4,269,0,2,0,0,0,0,3.64,14.84,2.21,6.17,3.64,14.84,-1.43,-8.67
district,Lumbini,Pyuthan,Total,All Ages,90746,7035,32386,17954,7811,94,265,94,9473,8985,3940,154,117,2346,0,31,4,2,0,55,72.23,2.59,76.34,2.14,68.54,2.98,7.8,-0.84
district,Lumbini,Pyuthan,Total,5 Year,4911,4400,0,0,0,8,33,22,0,0,0,2,2,420,0,0,0,0,0,24,90.43,8.55,90.64,8.36,90.22,8.75,0.42,-0.39
district,Lumbini,Pyuthan,Total,6 Year,5144,1599,3272,0,0,8,24,2,32,0,0,1,1,198,0,1,0,0,0,6,95.31,3.85,95.28,3.86,95.35,3.84,-0.07,0.02
district,Lumbini,Pyuthan,Total,7 Year,5223,669,4383,0,0,2,19,1,37,0,0,0,2,107,0,0,0,0,0,3,97.13,2.05,96.97,2.32,97.29,1.75,-0.32,0.57
district,Lumbini,Pyuthan,Total,8 Year,5507,239,5123,0,0,2,14,2,46,0,0,0,3,73,0,1,0,0,0,4,97.66,1.33,97.88,1.09,97.42,1.57,0.46,-0.48
district,Lumbini,Pyuthan,Total,9 Year,5117,71,4899,0,0,2,15,0,70,0,0,0,2,53,0,1,0,0,0,4,97.46,1.04,97.48,0.99,97.43,1.08,0.05,-0.09
district,Lumbini,Pyuthan,Total,10 Year,5696,16,5036,0,0,2,19,12,525,0,0,1,3,81,0,0,0,0,0,1,89.06,1.42,88.09,1.63,90.1,1.2,-2.01,0.43
district,Lumbini,Pyuthan,Total,11 Year,5070,10,3483,1228,0,0,4,4,268,12,0,0,0,59,0,1,0,0,0,1,93.2,1.16,93.04,1.14,93.35,1.19,-0.31,-0.05
district,Lumbini,Pyuthan,Total,12 Year,6022,7,2874,2812,0,2,5,4,230,29,0,1,1,53,0,1,1,0,0,2,94.65,0.88,94.09,0.86,95.21,0.9,-1.12,-0.04
district,Lumbini,Pyuthan,Total,13 Year,5853,5,1679,3845,0,2,11,4,201,58,0,2,0,44,0,0,0,0,0,2,94.69,0.75,94.65,0.73,94.72,0.77,-0.07,-0.04
district,Lumbini,Pyuthan,Total,14 Year,5963,7,973,3745,842,1,14,5,244,73,9,0,1,46,0,3,0,0,0,0,93.61,0.77,93.69,0.75,93.53,0.79,0.16,-0.04
district,Lumbini,Pyuthan,Total,15 Year,5505,4,251,2958,1582,5,21,2,445,148,29,3,3,48,0,6,0,0,0,0,87.57,0.87,87.7,0.86,87.46,0.89,0.24,-0.03
district,Lumbini,Pyuthan,Total,16 Year,4633,5,162,1740,1830,1,16,4,505,248,46,6,3,59,0,6,0,2,0,0,81.03,1.27,81.77,1.12,80.34,1.41,1.43,-0.29
district,Lumbini,Pyuthan,Total,17 Year,3282,1,100,827,1310,4,19,2,471,377,99,2,2,64,0,4,0,0,0,0,68.89,1.95,71.59,1.6,66.61,2.25,4.98,-0.65
district,Lumbini,Pyuthan,Total,18 Year,3596,0,94,568,1115,3,15,3,723,713,252,5,10,90,0,1,1,0,0,3,49.92,2.5,52.03,2.06,48.31,2.84,3.72,-0.78
district,Lumbini,Pyuthan,Total,19 Year,2518,2,57,231,472,8,7,3,644,736,270,8,4,73,0,2,0,0,0,1,30.86,2.9,35.4,1.78,27.53,3.72,7.87,-1.94
district,Lumbini,Pyuthan,Total,20 Year,2935,0,0,0,298,2,9,2,872,1105,497,19,6,124,0,1,0,0,0,0,10.53,4.22,13.44,2.89,8.58,5.12,4.86,-2.23
district,Lumbini,Pyuthan,Total,21 Year,2549,0,0,0,125,3,2,5,764,1030,485,14,10,109,0,1,0,0,0,1,5.1,4.28,5.25,3.43,5.01,4.81,0.24,-1.38
district,Lumbini,Pyuthan,Total,22 Year,2992,0,0,0,89,10,5,7,936,1224,534,29,18,137,0,1,0,0,0,2,3.48,4.58,3.1,2.3,3.7,5.95,-0.6,-3.65
district,Lumbini,Pyuthan,Total,23 Year,2699,0,0,0,58,6,4,4,835,1093,523,17,9,148,0,1,0,0,0,1,2.52,5.48,2.49,3.95,2.53,6.33,-0.04,-2.38
district,Lumbini,Pyuthan,Total,24 Year,2702,0,0,0,50,10,6,2,794,1033,601,23,16,165,0,0,2,0,0,0,2.44,6.11,2.18,4.99,2.59,6.72,-0.41,-1.73
district,Lumbini,Pyuthan,Total,25 Year,2829,0,0,0,40,13,3,4,831,1106,595,21,21,195,0,0,0,0,0,0,1.98,6.89,1.92,3.75,2.01,8.72,-0.09,-4.97
district,Lumbini,Pyuthan,Male,All Ages,42936,3694,16603,8657,3681,24,118,50,4158,3423,1482,42,42,920,0,14,1,1,0,26,76.34,2.14,76.34,2.14,68.54,2.98,7.8,-0.84
district,Lumbini,Pyuthan,Male,5 Year,2499,2242,0,0,0,3,20,12,0,0,0,2,1,209,0,0,0,0,0,10,90.64,8.36,90.64,8.36,90.22,8.75,0.42,-0.39
district,Lumbini,Pyuthan,Male,6 Year,2669,869,1657,0,0,4,13,2,14,0,0,0,1,103,0,1,0,0,0,5,95.28,3.86,95.28,3.86,95.35,3.84,-0.07,0.02
district,Lumbini,Pyuthan,Male,7 Year,2710,383,2236,0,0,0,9,0,16,0,0,0,1,63,0,0,0,0,0,2,96.97,2.32,96.97,2.32,97.29,1.75,-0.32,0.57
district,Lumbini,Pyuthan,Male,8 Year,2836,136,2634,0,0,1,5,2,24,0,0,0,1,31,0,1,0,0,0,1,97.88,1.09,97.88,1.09,97.42,1.57,0.46,-0.48
district,Lumbini,Pyuthan,Male,9 Year,2623,41,2512,0,0,1,3,0,38,0,0,0,0,26,0,1,0,0,0,1,97.48,0.99,97.48,0.99,97.43,1.08,0.05,-0.09
district,Lumbini,Pyuthan,Male,10 Year,2939,8,2570,0,0,2,9,6,293,0,0,1,2,48,0,0,0,0,0,0,88.09,1.63,88.09,1.63,90.1,1.2,-2.01,0.43
district,Lumbini,Pyuthan,Male,11 Year,2543,5,1758,600,0,0,3,2,140,5,0,0,0,29,0,0,0,0,0,1,93.04,1.14,93.04,1.14,93.35,1.19,-0.31,-0.05
district,Lumbini,Pyuthan,Male,12 Year,3013,2,1524,1305,0,1,3,2,130,17,0,1,0,26,0,0,1,0,0,1,94.09,0.86,94.09,0.86,95.21,0.9,-1.12,-0.04
district,Lumbini,Pyuthan,Male,13 Year,2880,2,884,1836,0,0,4,4,97,30,0,0,0,21,0,0,0,0,0,2,94.65,0.73,94.65,0.73,94.72,0.77,-0.07,-0.04
district,Lumbini,Pyuthan,Male,14 Year,2932,1,480,1852,410,0,4,3,113,43,3,0,1,22,0,0,0,0,0,0,93.69,0.75,93.69,0.75,93.53,0.79,0.16,-0.04
district,Lumbini,Pyuthan,Male,15 Year,2682,2,133,1447,758,3,9,1,225,59,15,1,2,23,0,4,0,0,0,0,87.7,0.86,87.7,0.86,87.46,0.89,0.24,-0.03
district,Lumbini,Pyuthan,Male,16 Year,2227,2,85,847,874,1,12,1,247,112,14,2,1,25,0,3,0,1,0,0,81.77,1.12,81.77,1.12,80.34,1.41,1.43,-0.29
district,Lumbini,Pyuthan,Male,17 Year,1503,1,66,396,605,1,7,2,229,132,36,1,2,24,0,1,0,0,0,0,71.59,1.6,71.59,1.6,66.61,2.25,4.98,-0.65
district,Lumbini,Pyuthan,Male,18 Year,1555,0,41,257,504,0,7,1,332,291,84,1,4,32,0,0,0,0,0,1,52.03,2.06,52.03,2.06,48.31,2.84,3.72,-0.78
district,Lumbini,Pyuthan,Male,19 Year,1065,0,23,117,233,2,2,2,269,283,108,2,2,19,0,2,0,0,0,1,35.4,1.78,35.4,1.78,27.53,3.72,7.87,-1.94
district,Lumbini,Pyuthan,Male,20 Year,1176,0,0,0,155,0,3,1,378,427,168,8,1,34,0,1,0,0,0,0,13.44,2.89,13.44,2.89,8.58,5.12,4.86,-2.23
district,Lumbini,Pyuthan,Male,21 Year,991,0,0,0,51,0,1,3,320,392,180,7,3,34,0,0,0,0,0,0,5.25,3.43,5.25,3.43,5.01,4.81,0.24,-1.38
district,Lumbini,Pyuthan,Male,22 Year,1128,0,0,0,32,2,1,2,396,465,192,6,6,26,0,0,0,0,0,0,3.1,2.3,3.1,2.3,3.7,5.95,-0.6,-3.65
district,Lumbini,Pyuthan,Male,23 Year,962,0,0,0,23,0,1,1,297,389,209,2,1,38,0,0,0,0,0,1,2.49,3.95,2.49,3.95,2.53,6.33,-0.04,-2.38
district,Lumbini,Pyuthan,Male,24 Year,962,0,0,0,18,1,2,1,299,351,233,2,7,48,0,0,0,0,0,0,2.18,4.99,2.18,4.99,2.59,6.72,-0.41,-1.73
district,Lumbini,Pyuthan,Male,25 Year,1041,0,0,0,18,2,0,2,301,427,240,6,6,39,0,0,0,0,0,0,1.92,3.75,1.92,3.75,2.01,8.72,-0.09,-4.97
district,Lumbini,Pyuthan,Female,All Ages,47810,3341,15783,9297,4130,70,147,44,5315,5562,2458,112,75,1426,0,17,3,1,0,29,68.54,2.98,76.34,2.14,68.54,2.98,7.8,-0.84
district,Lumbini,Pyuthan,Female,5 Year,2412,2158,0,0,0,5,13,10,0,0,0,0,1,211,0,0,0,0,0,14,90.22,8.75,90.64,8.36,90.22,8.75,0.42,-0.39
district,Lumbini,Pyuthan,Female,6 Year,2475,730,1615,0,0,4,11,0,18,0,0,1,0,95,0,0,0,0,0,1,95.35,3.84,95.28,3.86,95.35,3.84,-0.07,0.02
district,Lumbini,Pyuthan,Female,7 Year,2513,286,2147,0,0,2,10,1,21,0,0,0,1,44,0,0,0,0,0,1,97.29,1.75,96.97,2.32,97.29,1.75,-0.32,0.57
district,Lumbini,Pyuthan,Female,8 Year,2671,103,2489,0,0,1,9,0,22,0,0,0,2,42,0,0,0,0,0,3,97.42,1.57,97.88,1.09,97.42,1.57,0.46,-0.48
district,Lumbini,Pyuthan,Female,9 Year,2494,30,2387,0,0,1,12,0,32,0,0,0,2,27,0,0,0,0,0,3,97.43,1.08,97.48,0.99,97.43,1.08,0.05,-0.09
district,Lumbini,Pyuthan,Female,10 Year,2757,8,2466,0,0,0,10,6,232,0,0,0,1,33,0,0,0,0,0,1,90.1,1.2,88.09,1.63,90.1,1.2,-2.01,0.43
district,Lumbini,Pyuthan,Female,11 Year,2527,5,1725,628,0,0,1,2,128,7,0,0,0,30,0,1,0,0,0,0,93.35,1.19,93.04,1.14,93.35,1.19,-0.31,-0.05
district,Lumbini,Pyuthan,Female,12 Year,3009,5,1350,1507,0,1,2,2,100,12,0,0,1,27,0,1,0,0,0,1,95.21,0.9,94.09,0.86,95.21,0.9,-1.12,-0.04
district,Lumbini,Pyuthan,Female,13 Year,2973,3,795,2009,0,2,7,0,104,28,0,2,0,23,0,0,0,0,0,0,94.72,0.77,94.65,0.73,94.72,0.77,-0.07,-0.04
district,Lumbini,Pyuthan,Female,14 Year,3031,6,493,1893,432,1,10,2,131,30,6,0,0,24,0,3,0,0,0,0,93.53,0.79,93.69,0.75,93.53,0.79,0.16,-0.04
district,Lumbini,Pyuthan,Female,15 Year,2823,2,118,1511,824,2,12,1,220,89,14,2,1,25,0,2,0,0,0,0,87.46,0.89,87.7,0.86,87.46,0.89,0.24,-0.03
district,Lumbini,Pyuthan,Female,16 Year,2406,3,77,893,956,0,4,3,258,136,32,4,2,34,0,3,0,1,0,0,80.34,1.41,81.77,1.12,80.34,1.41,1.43,-0.29
district,Lumbini,Pyuthan,Female,17 Year,1779,0,34,431,705,3,12,0,242,245,63,1,0,40,0,3,0,0,0,0,66.61,2.25,71.59,1.6,66.61,2.25,4.98,-0.65
district,Lumbini,Pyuthan,Female,18 Year,2041,0,53,311,611,3,8,2,391,422,168,4,6,58,0,1,1,0,0,2,48.31,2.84,52.03,2.06,48.31,2.84,3.72,-0.78
district,Lumbini,Pyuthan,Female,19 Year,1453,2,34,114,239,6,5,1,375,453,162,6,2,54,0,0,0,0,0,0,27.53,3.72,35.4,1.78,27.53,3.72,7.87,-1.94
district,Lumbini,Pyuthan,Female,20 Year,1759,0,0,0,143,2,6,1,494,678,329,11,5,90,0,0,0,0,0,0,8.58,5.12,13.44,2.89,8.58,5.12,4.86,-2.23
district,Lumbini,Pyuthan,Female,21 Year,1558,0,0,0,74,3,1,2,444,638,305,7,7,75,0,1,0,0,0,1,5.01,4.81,5.25,3.43,5.01,4.81,0.24,-1.38
district,Lumbini,Pyuthan,Female,22 Year,1864,0,0,0,57,8,4,5,540,759,342,23,12,111,0,1,0,0,0,2,3.7,5.95,3.1,2.3,3.7,5.95,-0.6,-3.65
district,Lumbini,Pyuthan,Female,23 Year,1737,0,0,0,35,6,3,3,538,704,314,15,8,110,0,1,0,0,0,0,2.53,6.33,2.49,3.95,2.53,6.33,-0.04,-2.38
district,Lumbini,Pyuthan,Female,24 Year,1740,0,0,0,32,9,4,1,495,682,368,21,9,117,0,0,2,0,0,0,2.59,6.72,2.18,4.99,2.59,6.72,-0.41,-1.73
district,Lumbini,Pyuthan,Female,25 Year,1788,0,0,0,22,11,3,2,530,679,355,15,15,156,0,0,0,0,0,0,2.01,8.72,1.92,3.75,2.01,8.72,-0.09,-4.97
district,Lumbini,Gulmi,Total,All Ages,74528,7953,26042,15397,7401,52,206,112,5288,6130,4373,89,83,1336,1,17,2,0,0,46,76.55,1.79,80.38,1.75,72.85,1.83,7.53,-0.08
district,Lumbini,Gulmi,Total,5 Year,4575,4267,0,0,0,7,24,32,0,0,0,2,4,222,0,0,0,0,0,17,93.95,4.85,93.42,5.38,94.53,4.28,-1.11,1.1
district,Lumbini,Gulmi,Total,6 Year,4620,2168,2311,0,0,3,24,11,20,0,0,1,3,70,1,0,0,0,0,8,97.53,1.52,97.75,1.46,97.27,1.58,0.48,-0.12
district,Lumbini,Gulmi,Total,7 Year,4682,984,3592,0,0,2,8,3,33,0,0,0,0,56,0,0,0,0,0,4,97.95,1.2,98.06,1.12,97.83,1.28,0.23,-0.16
district,Lumbini,Gulmi,Total,8 Year,4755,354,4291,0,0,2,7,1,51,0,0,0,3,44,0,0,0,0,0,2,97.88,0.93,97.81,1.12,97.95,0.71,-0.14,0.41
district,Lumbini,Gulmi,Total,9 Year,4673,113,4462,0,0,4,12,3,48,0,0,0,2,29,0,0,0,0,0,0,98.25,0.62,97.87,0.82,98.65,0.4,-0.78,0.42
district,Lumbini,Gulmi,Total,10 Year,4874,27,4328,0,0,0,9,12,462,0,0,2,0,31,0,0,0,0,0,3,89.54,0.64,89.37,0.7,89.73,0.57,-0.36,0.13
district,Lumbini,Gulmi,Total,11 Year,4331,9,2936,1128,0,0,7,9,190,9,0,0,1,41,0,0,0,0,0,1,94.2,0.95,93.62,0.8,94.83,1.1,-1.21,-0.3
district,Lumbini,Gulmi,Total,12 Year,4960,8,2176,2538,0,1,6,3,145,32,0,1,0,49,0,0,0,0,0,1,95.34,0.99,94.3,1.21,96.46,0.75,-2.16,0.46
district,Lumbini,Gulmi,Total,13 Year,4894,4,1044,3628,0,2,12,4,128,45,0,1,0,24,0,0,0,0,0,2,95.83,0.49,94.95,0.52,96.75,0.46,-1.8,0.06
district,Lumbini,Gulmi,Total,14 Year,5329,7,545,3506,987,3,9,6,152,73,9,1,1,27,0,3,0,0,0,0,94.9,0.51,94.72,0.45,95.07,0.56,-0.35,-0.11
district,Lumbini,Gulmi,Total,15 Year,5027,3,168,2449,1879,2,27,6,263,133,47,1,1,40,0,7,0,0,0,1,90.07,0.8,89.89,0.68,90.25,0.91,-0.36,-0.23
district,Lumbini,Gulmi,Total,16 Year,3730,0,84,1219,1868,2,17,3,230,201,54,3,0,44,0,4,1,0,0,0,85.52,1.18,86.7,1.68,84.3,0.66,2.4,1.02
district,Lumbini,Gulmi,Total,17 Year,2506,3,46,511,1206,2,12,3,240,300,124,3,4,49,0,1,0,0,0,2,71.03,1.96,74.9,2.0,67.2,1.91,7.7,0.09
district,Lumbini,Gulmi,Total,18 Year,2188,1,37,278,733,3,3,2,344,497,235,3,4,46,0,2,0,0,0,0,48.22,2.1,52.27,1.88,44.73,2.3,7.54,-0.42
district,Lumbini,Gulmi,Total,19 Year,1731,5,22,140,321,3,4,1,355,513,311,2,2,51,0,0,0,0,0,1,28.6,2.95,32.59,2.77,25.49,3.08,7.1,-0.31
district,Lumbini,Gulmi,Total,20 Year,1752,0,0,0,166,1,9,2,387,641,457,9,6,74,0,0,0,0,0,0,10.05,4.22,11.4,4.62,9.16,3.97,2.24,0.65
district,Lumbini,Gulmi,Total,21 Year,1662,0,0,0,89,1,4,2,394,629,464,11,5,61,0,0,0,0,0,2,5.66,3.67,7.14,3.43,4.57,3.85,2.57,-0.42
district,Lumbini,Gulmi,Total,22 Year,1892,0,0,0,44,5,1,3,452,703,571,16,12,84,0,0,0,0,0,1,2.64,4.44,2.92,5.85,2.47,3.58,0.45,2.27
district,Lumbini,Gulmi,Total,23 Year,1924,0,0,0,42,1,4,3,451,737,588,7,9,82,0,0,0,0,0,0,2.44,4.26,2.59,3.75,2.36,4.55,0.23,-0.8
district,Lumbini,Gulmi,Total,24 Year,2098,0,0,0,28,4,3,3,451,783,705,15,13,92,0,0,1,0,0,0,1.67,4.39,2.26,3.85,1.34,4.68,0.92,-0.83
district,Lumbini,Gulmi,Total,25 Year,2325,0,0,0,38,4,4,0,492,834,808,11,13,120,0,0,0,0,0,1,1.98,5.16,2.44,5.12,1.73,5.19,0.71,-0.07
district,Lumbini,Gulmi,Male,All Ages,36621,4329,13693,7754,3544,24,93,52,2624,2304,1457,41,28,642,0,8,1,0,0,27,80.38,1.75,80.38,1.75,72.85,1.83,7.53,-0.08
district,Lumbini,Gulmi,Male,5 Year,2400,2228,0,0,0,1,13,14,0,0,0,1,1,129,0,0,0,0,0,13,93.42,5.38,93.42,5.38,94.53,4.28,-1.11,1.1
district,Lumbini,Gulmi,Male,6 Year,2532,1257,1206,0,0,2,10,5,8,0,0,1,2,37,0,0,0,0,0,4,97.75,1.46,97.75,1.46,97.27,1.58,0.48,-0.12
district,Lumbini,Gulmi,Male,7 Year,2420,537,1831,0,0,2,3,0,17,0,0,0,0,27,0,0,0,0,0,3,98.06,1.12,98.06,1.12,97.83,1.28,0.23,-0.16
district,Lumbini,Gulmi,Male,8 Year,2507,209,2239,0,0,2,2,0,26,0,0,0,1,28,0,0,0,0,0,0,97.81,1.12,97.81,1.12,97.95,0.71,-0.14,0.41
district,Lumbini,Gulmi,Male,9 Year,2446,62,2320,0,0,3,9,2,29,0,0,0,1,20,0,0,0,0,0,0,97.87,0.82,97.87,0.82,98.65,0.4,-0.78,0.42
district,Lumbini,Gulmi,Male,10 Year,2577,16,2282,0,0,0,5,9,244,0,0,2,0,18,0,0,0,0,0,1,89.37,0.7,89.37,0.7,89.73,0.57,-0.36,0.13
district,Lumbini,Gulmi,Male,11 Year,2241,6,1558,532,0,0,2,3,117,3,0,0,1,18,0,0,0,0,0,1,93.62,0.8,93.62,0.8,94.83,1.1,-1.21,-0.3
district,Lumbini,Gulmi,Male,12 Year,2560,3,1198,1207,0,1,5,2,95,17,0,1,0,31,0,0,0,0,0,0,94.3,1.21,94.3,1.21,96.46,0.75,-2.16,0.46
district,Lumbini,Gulmi,Male,13 Year,2493,1,574,1787,0,2,3,1,82,28,0,0,0,13,0,0,0,0,0,2,94.95,0.52,94.95,0.52,96.75,0.46,-1.8,0.06
district,Lumbini,Gulmi,Male,14 Year,2654,3,288,1775,441,2,5,2,80,41,4,0,0,12,0,1,0,0,0,0,94.72,0.45,94.72,0.45,95.07,0.56,-0.35,-0.11
district,Lumbini,Gulmi,Male,15 Year,2493,2,95,1297,834,0,13,3,141,67,18,1,1,17,0,4,0,0,0,0,89.89,0.68,89.89,0.68,90.25,0.91,-0.36,-0.23
district,Lumbini,Gulmi,Male,16 Year,1902,0,47,664,934,1,3,3,122,72,21,0,0,32,0,2,1,0,0,0,86.7,1.68,86.7,1.68,84.3,0.66,2.4,1.02
district,Lumbini,Gulmi,Male,17 Year,1247,2,24,278,625,0,5,3,118,122,40,1,3,25,0,0,0,0,0,1,74.9,2.0,74.9,2.0,67.2,1.91,7.7,0.09
district,Lumbini,Gulmi,Male,18 Year,1012,0,21,141,363,2,2,0,175,202,83,2,1,19,0,1,0,0,0,0,52.27,1.88,52.27,1.88,44.73,2.3,7.54,-0.42
district,Lumbini,Gulmi,Male,19 Year,758,3,10,73,159,0,2,1,176,201,110,2,0,21,0,0,0,0,0,0,32.59,2.77,32.59,2.77,25.49,3.08,7.1,-0.31
district,Lumbini,Gulmi,Male,20 Year,693,0,0,0,73,0,6,0,194,230,152,5,1,32,0,0,0,0,0,0,11.4,4.62,11.4,4.62,9.16,3.97,2.24,0.65
district,Lumbini,Gulmi,Male,21 Year,700,0,0,0,48,0,2,1,201,240,177,5,1,24,0,0,0,0,0,1,7.14,3.43,7.14,3.43,4.57,3.85,2.57,-0.42
district,Lumbini,Gulmi,Male,22 Year,718,0,0,0,19,2,0,1,210,245,184,12,3,42,0,0,0,0,0,0,2.92,5.85,2.92,5.85,2.47,3.58,0.45,2.27
district,Lumbini,Gulmi,Male,23 Year,694,0,0,0,18,0,0,2,208,241,196,2,1,26,0,0,0,0,0,0,2.59,3.75,2.59,3.75,2.36,4.55,0.23,-0.8
district,Lumbini,Gulmi,Male,24 Year,753,0,0,0,13,3,1,0,191,301,207,3,5,29,0,0,0,0,0,0,2.26,3.85,2.26,3.85,1.34,4.68,0.92,-0.83
district,Lumbini,Gulmi,Male,25 Year,821,0,0,0,17,1,2,0,190,294,265,3,6,42,0,0,0,0,0,1,2.44,5.12,2.44,5.12,1.73,5.19,0.71,-0.07
district,Lumbini,Gulmi,Female,All Ages,37907,3624,12349,7643,3857,28,113,60,2664,3826,2916,48,55,694,1,9,1,0,0,19,72.85,1.83,80.38,1.75,72.85,1.83,7.53,-0.08
district,Lumbini,Gulmi,Female,5 Year,2175,2039,0,0,0,6,11,18,0,0,0,1,3,93,0,0,0,0,0,4,94.53,4.28,93.42,5.38,94.53,4.28,-1.11,1.1
district,Lumbini,Gulmi,Female,6 Year,2088,911,1105,0,0,1,14,6,12,0,0,0,1,33,1,0,0,0,0,4,97.27,1.58,97.75,1.46,97.27,1.58,0.48,-0.12
district,Lumbini,Gulmi,Female,7 Year,2262,447,1761,0,0,0,5,3,16,0,0,0,0,29,0,0,0,0,0,1,97.83,1.28,98.06,1.12,97.83,1.28,0.23,-0.16
district,Lumbini,Gulmi,Female,8 Year,2248,145,2052,0,0,0,5,1,25,0,0,0,2,16,0,0,0,0,0,2,97.95,0.71,97.81,1.12,97.95,0.71,-0.14,0.41
district,Lumbini,Gulmi,Female,9 Year,2227,51,2142,0,0,1,3,1,19,0,0,0,1,9,0,0,0,0,0,0,98.65,0.4,97.87,0.82,98.65,0.4,-0.78,0.42
district,Lumbini,Gulmi,Female,10 Year,2297,11,2046,0,0,0,4,3,218,0,0,0,0,13,0,0,0,0,0,2,89.73,0.57,89.37,0.7,89.73,0.57,-0.36,0.13
district,Lumbini,Gulmi,Female,11 Year,2090,3,1378,596,0,0,5,6,73,6,0,0,0,23,0,0,0,0,0,0,94.83,1.1,93.62,0.8,94.83,1.1,-1.21,-0.3
district,Lumbini,Gulmi,Female,12 Year,2400,5,978,1331,0,0,1,1,50,15,0,0,0,18,0,0,0,0,0,1,96.46,0.75,94.3,1.21,96.46,0.75,-2.16,0.46
district,Lumbini,Gulmi,Female,13 Year,2401,3,470,1841,0,0,9,3,46,17,0,1,0,11,0,0,0,0,0,0,96.75,0.46,94.95,0.52,96.75,0.46,-1.8,0.06
district,Lumbini,Gulmi,Female,14 Year,2675,4,257,1731,546,1,4,4,72,32,5,1,1,15,0,2,0,0,0,0,95.07,0.56,94.72,0.45,95.07,0.56,-0.35,-0.11
district,Lumbini,Gulmi,Female,15 Year,2534,1,73,1152,1045,2,14,3,122,66,29,0,0,23,0,3,0,0,0,1,90.25,0.91,89.89,0.68,90.25,0.91,-0.36,-0.23
district,Lumbini,Gulmi,Female,16 Year,1828,0,37,555,934,1,14,0,108,129,33,3,0,12,0,2,0,0,0,0,84.3,0.66,86.7,1.68,84.3,0.66,2.4,1.02
district,Lumbini,Gulmi,Female,17 Year,1259,1,22,233,581,2,7,0,122,178,84,2,1,24,0,1,0,0,0,1,67.2,1.91,74.9,2.0,67.2,1.91,7.7,0.09
district,Lumbini,Gulmi,Female,18 Year,1176,1,16,137,370,1,1,2,169,295,152,1,3,27,0,1,0,0,0,0,44.73,2.3,52.27,1.88,44.73,2.3,7.54,-0.42
district,Lumbini,Gulmi,Female,19 Year,973,2,12,67,162,3,2,0,179,312,201,0,2,30,0,0,0,0,0,1,25.49,3.08,32.59,2.77,25.49,3.08,7.1,-0.31
district,Lumbini,Gulmi,Female,20 Year,1059,0,0,0,93,1,3,2,193,411,305,4,5,42,0,0,0,0,0,0,9.16,3.97,11.4,4.62,9.16,3.97,2.24,0.65
district,Lumbini,Gulmi,Female,21 Year,962,0,0,0,41,1,2,1,193,389,287,6,4,37,0,0,0,0,0,1,4.57,3.85,7.14,3.43,4.57,3.85,2.57,-0.42
district,Lumbini,Gulmi,Female,22 Year,1174,0,0,0,25,3,1,2,242,458,387,4,9,42,0,0,0,0,0,1,2.47,3.58,2.92,5.85,2.47,3.58,0.45,2.27
district,Lumbini,Gulmi,Female,23 Year,1230,0,0,0,24,1,4,1,243,496,392,5,8,56,0,0,0,0,0,0,2.36,4.55,2.59,3.75,2.36,4.55,0.23,-0.8
district,Lumbini,Gulmi,Female,24 Year,1345,0,0,0,15,1,2,3,260,482,498,12,8,63,0,0,1,0,0,0,1.34,4.68,2.26,3.85,1.34,4.68,0.92,-0.83
district,Lumbini,Gulmi,Female,25 Year,1504,0,0,0,21,3,2,0,302,540,543,8,7,78,0,0,0,0,0,0,1.73,5.19,2.44,5.12,1.73,5.19,0.71,-0.07
district,Lumbini,Arghakhanchi,Total,All Ages,54300,5040,19086,11435,5493,22,123,57,3331,4839,3638,41,50,1086,0,14,1,1,0,43,75.87,2.0,80.36,1.93,71.54,2.06,8.82,-0.13
district,Lumbini,Arghakhanchi,Total,5 Year,3361,3079,0,0,0,3,21,16,0,0,0,0,0,220,0,0,0,0,0,22,92.32,6.55,92.29,6.7,92.36,6.38,-0.07,0.32
district,Lumbini,Arghakhanchi,Total,6 Year,3524,1219,2173,0,0,0,8,3,25,0,0,1,2,89,0,0,0,0,0,4,96.48,2.53,96.56,2.38,96.39,2.69,0.17,-0.31
district,Lumbini,Arghakhanchi,Total,7 Year,3211,510,2621,0,0,3,11,1,22,0,0,0,0,41,0,0,0,0,0,2,97.94,1.28,98.41,0.88,97.42,1.72,0.99,-0.84
district,Lumbini,Arghakhanchi,Total,8 Year,3506,160,3285,0,0,0,5,1,23,0,0,0,0,31,0,0,0,0,0,1,98.4,0.88,98.41,0.95,98.39,0.8,0.02,0.15
district,Lumbini,Arghakhanchi,Total,9 Year,3360,37,3259,0,0,0,9,0,37,0,0,0,1,15,0,0,0,0,0,2,98.36,0.45,98.48,0.51,98.23,0.38,0.25,0.13
district,Lumbini,Arghakhanchi,Total,10 Year,3608,10,3301,0,0,1,8,8,245,0,0,1,1,32,0,0,0,0,0,1,92.02,0.89,91.8,0.88,92.27,0.9,-0.47,-0.02
district,Lumbini,Arghakhanchi,Total,11 Year,3250,3,2001,1075,0,1,7,6,123,9,0,0,0,24,0,0,0,0,0,1,94.98,0.74,94.37,0.99,95.67,0.46,-1.3,0.53
district,Lumbini,Arghakhanchi,Total,12 Year,3762,5,1370,2218,0,0,9,3,99,33,0,0,1,23,0,0,1,0,0,0,95.75,0.61,95.07,0.73,96.46,0.49,-1.39,0.24
district,Lumbini,Arghakhanchi,Total,13 Year,3721,3,583,2995,0,0,7,2,68,37,0,0,1,22,0,3,0,0,0,0,96.43,0.59,96.68,0.53,96.16,0.66,0.52,-0.13
district,Lumbini,Arghakhanchi,Total,14 Year,3853,6,290,2379,955,1,9,1,100,62,18,0,2,26,0,3,0,0,0,1,94.47,0.67,94.24,0.77,94.71,0.58,-0.47,0.19
district,Lumbini,Arghakhanchi,Total,15 Year,3333,2,69,1468,1460,2,12,2,139,108,41,0,1,24,0,5,0,0,0,0,90.4,0.72,90.62,0.61,90.19,0.82,0.43,-0.21
district,Lumbini,Arghakhanchi,Total,16 Year,2416,3,36,717,1260,0,1,1,143,166,54,3,3,25,0,1,0,1,0,2,83.49,1.03,84.44,1.23,82.51,0.83,1.93,0.4
district,Lumbini,Arghakhanchi,Total,17 Year,1737,1,45,306,803,0,5,1,158,262,118,2,2,32,0,2,0,0,0,0,66.78,1.84,70.99,1.64,62.7,2.04,8.29,-0.4
district,Lumbini,Arghakhanchi,Total,18 Year,1545,0,27,192,461,1,3,2,223,371,224,2,3,36,0,0,0,0,0,0,44.27,2.33,49.78,2.39,40.07,2.28,9.71,0.11
district,Lumbini,Arghakhanchi,Total,19 Year,1198,2,24,85,188,1,4,0,182,394,273,3,5,36,0,0,0,0,0,1,25.38,3.01,29.5,4.6,22.19,1.78,7.31,2.82
district,Lumbini,Arghakhanchi,Total,20 Year,1393,0,0,0,139,3,0,0,273,504,400,2,4,66,0,0,0,0,0,2,10.19,4.74,12.13,5.8,8.86,4.0,3.27,1.8
district,Lumbini,Arghakhanchi,Total,21 Year,1324,0,0,0,55,0,2,1,271,509,425,7,6,46,0,0,0,0,0,2,4.31,3.47,6.49,4.58,2.88,2.75,3.61,1.83
district,Lumbini,Arghakhanchi,Total,22 Year,1453,0,1,0,63,1,0,1,293,568,448,4,6,68,0,0,0,0,0,0,4.47,4.68,4.71,4.35,4.33,4.88,0.38,-0.53
district,Lumbini,Arghakhanchi,Total,23 Year,1460,0,0,0,40,2,0,3,290,591,449,4,5,76,0,0,0,0,0,0,2.88,5.21,4.69,4.49,1.9,5.59,2.79,-1.1
district,Lumbini,Arghakhanchi,Total,24 Year,1526,0,1,0,33,2,1,5,264,624,530,7,2,56,0,0,0,0,0,1,2.42,3.67,2.97,3.35,2.13,3.85,0.84,-0.5
district,Lumbini,Arghakhanchi,Total,25 Year,1759,0,0,0,36,1,1,0,353,601,658,5,5,98,0,0,0,0,0,1,2.16,5.57,2.56,5.76,1.94,5.47,0.62,0.29
district,Lumbini,Arghakhanchi,Male,All Ages,26680,2742,10256,5741,2632,12,56,28,1541,1903,1186,19,18,516,0,8,0,1,0,21,80.36,1.93,80.36,1.93,71.54,2.06,8.82,-0.13
district,Lumbini,Arghakhanchi,Male,5 Year,1777,1627,0,0,0,1,12,8,0,0,0,0,0,119,0,0,0,0,0,10,92.29,6.7,92.29,6.7,92.36,6.38,-0.07,0.32
district,Lumbini,Arghakhanchi,Male,6 Year,1889,688,1133,0,0,0,3,1,14,0,0,0,2,45,0,0,0,0,0,3,96.56,2.38,96.56,2.38,96.39,2.69,0.17,-0.31
district,Lumbini,Arghakhanchi,Male,7 Year,1701,293,1370,0,0,2,9,0,11,0,0,0,0,15,0,0,0,0,0,1,98.41,0.88,98.41,0.88,97.42,1.72,0.99,-0.84
district,Lumbini,Arghakhanchi,Male,8 Year,1891,94,1765,0,0,0,2,0,11,0,0,0,0,18,0,0,0,0,0,1,98.41,0.95,98.41,0.95,98.39,0.8,0.02,0.15
district,Lumbini,Arghakhanchi,Male,9 Year,1777,21,1723,0,0,0,6,0,17,0,0,0,1,9,0,0,0,0,0,0,98.48,0.51,98.48,0.51,98.23,0.38,0.25,0.13
district,Lumbini,Arghakhanchi,Male,10 Year,1940,5,1774,0,0,1,1,5,136,0,0,0,1,17,0,0,0,0,0,0,91.8,0.88,91.8,0.88,92.27,0.9,-0.47,-0.02
district,Lumbini,Arghakhanchi,Male,11 Year,1724,3,1104,516,0,1,3,3,73,3,0,0,0,17,0,0,0,0,0,1,94.37,0.99,94.37,0.99,95.67,0.46,-1.3,0.53
district,Lumbini,Arghakhanchi,Male,12 Year,1927,4,777,1048,0,0,3,2,63,15,0,0,1,14,0,0,0,0,0,0,95.07,0.73,95.07,0.73,96.46,0.49,-1.39,0.24
district,Lumbini,Arghakhanchi,Male,13 Year,1897,1,341,1490,0,0,2,2,37,13,0,0,0,10,0,1,0,0,0,0,96.68,0.53,96.68,0.53,96.16,0.66,0.52,-0.13
district,Lumbini,Arghakhanchi,Male,14 Year,1945,4,157,1249,421,0,2,0,51,29,12,0,2,15,0,2,0,0,0,1,94.24,0.77,94.24,0.77,94.71,0.58,-0.47,0.19
district,Lumbini,Arghakhanchi,Male,15 Year,1631,0,42,742,687,2,5,2,68,49,19,0,1,10,0,4,0,0,0,0,90.62,0.61,90.62,0.61,90.19,0.82,0.43,-0.21
district,Lumbini,Arghakhanchi,Male,16 Year,1215,1,22,415,588,0,0,1,76,78,13,3,1,15,0,1,0,1,0,0,84.44,1.23,84.44,1.23,82.51,0.83,1.93,0.4
district,Lumbini,Arghakhanchi,Male,17 Year,855,1,24,152,427,0,3,1,71,114,47,0,1,14,0,0,0,0,0,0,70.99,1.64,70.99,1.64,62.7,2.04,8.29,-0.4
district,Lumbini,Arghakhanchi,Male,18 Year,669,0,11,86,234,0,2,2,89,151,76,1,1,16,0,0,0,0,0,0,49.78,2.39,49.78,2.39,40.07,2.28,9.71,0.11
district,Lumbini,Arghakhanchi,Male,19 Year,522,0,13,43,96,1,1,0,84,164,93,1,2,24,0,0,0,0,0,0,29.5,4.6,29.5,4.6,22.19,1.78,7.31,2.82
district,Lumbini,Arghakhanchi,Male,20 Year,569,0,0,0,68,1,0,0,130,209,123,0,3,33,0,0,0,0,0,2,12.13,5.8,12.13,5.8,8.86,4.0,3.27,1.8
district,Lumbini,Arghakhanchi,Male,21 Year,524,0,0,0,33,0,1,0,118,203,139,4,0,24,0,0,0,0,0,2,6.49,4.58,6.49,4.58,2.88,2.75,3.61,1.83
district,Lumbini,Arghakhanchi,Male,22 Year,552,0,0,0,25,1,0,0,135,211,155,1,0,24,0,0,0,0,0,0,4.71,4.35,4.71,4.35,4.33,4.88,0.38,-0.53
district,Lumbini,Arghakhanchi,Male,23 Year,512,0,0,0,22,2,0,1,120,203,138,2,1,23,0,0,0,0,0,0,4.69,4.49,4.69,4.49,1.9,5.59,2.79,-1.1
district,Lumbini,Arghakhanchi,Male,24 Year,538,0,0,0,16,0,0,0,97,235,169,3,0,18,0,0,0,0,0,0,2.97,3.35,2.97,3.35,2.13,3.85,0.84,-0.5
district,Lumbini,Arghakhanchi,Male,25 Year,625,0,0,0,15,0,1,0,140,226,202,4,1,36,0,0,0,0,0,0,2.56,5.76,2.56,5.76,1.94,5.47,0.62,0.29
district,Lumbini,Arghakhanchi,Female,All Ages,27620,2298,8830,5694,2861,10,67,29,1790,2936,2452,22,32,570,0,6,1,0,0,22,71.54,2.06,80.36,1.93,71.54,2.06,8.82,-0.13
district,Lumbini,Arghakhanchi,Female,5 Year,1584,1452,0,0,0,2,9,8,0,0,0,0,0,101,0,0,0,0,0,12,92.36,6.38,92.29,6.7,92.36,6.38,-0.07,0.32
district,Lumbini,Arghakhanchi,Female,6 Year,1635,531,1040,0,0,0,5,2,11,0,0,1,0,44,0,0,0,0,0,1,96.39,2.69,96.56,2.38,96.39,2.69,0.17,-0.31
district,Lumbini,Arghakhanchi,Female,7 Year,1510,217,1251,0,0,1,2,1,11,0,0,0,0,26,0,0,0,0,0,1,97.42,1.72,98.41,0.88,97.42,1.72,0.99,-0.84
district,Lumbini,Arghakhanchi,Female,8 Year,1615,66,1520,0,0,0,3,1,12,0,0,0,0,13,0,0,0,0,0,0,98.39,0.8,98.41,0.95,98.39,0.8,0.02,0.15
district,Lumbini,Arghakhanchi,Female,9 Year,1583,16,1536,0,0,0,3,0,20,0,0,0,0,6,0,0,0,0,0,2,98.23,0.38,98.48,0.51,98.23,0.38,0.25,0.13
district,Lumbini,Arghakhanchi,Female,10 Year,1668,5,1527,0,0,0,7,3,109,0,0,1,0,15,0,0,0,0,0,1,92.27,0.9,91.8,0.88,92.27,0.9,-0.47,-0.02
district,Lumbini,Arghakhanchi,Female,11 Year,1526,0,897,559,0,0,4,3,50,6,0,0,0,7,0,0,0,0,0,0,95.67,0.46,94.37,0.99,95.67,0.46,-1.3,0.53
district,Lumbini,Arghakhanchi,Female,12 Year,1835,1,593,1170,0,0,6,1,36,18,0,0,0,9,0,0,1,0,0,0,96.46,0.49,95.07,0.73,96.46,0.49,-1.39,0.24
district,Lumbini,Arghakhanchi,Female,13 Year,1824,2,242,1505,0,0,5,0,31,24,0,0,1,12,0,2,0,0,0,0,96.16,0.66,96.68,0.53,96.16,0.66,0.52,-0.13
district,Lumbini,Arghakhanchi,Female,14 Year,1908,2,133,1130,534,1,7,1,49,33,6,0,0,11,0,1,0,0,0,0,94.71,0.58,94.24,0.77,94.71,0.58,-0.47,0.19
district,Lumbini,Arghakhanchi,Female,15 Year,1702,2,27,726,773,0,7,0,71,59,22,0,0,14,0,1,0,0,0,0,90.19,0.82,90.62,0.61,90.19,0.82,0.43,-0.21
district,Lumbini,Arghakhanchi,Female,16 Year,1201,2,14,302,672,0,1,0,67,88,41,0,2,10,0,0,0,0,0,2,82.51,0.83,84.44,1.23,82.51,0.83,1.93,0.4
district,Lumbini,Arghakhanchi,Female,17 Year,882,0,21,154,376,0,2,0,87,148,71,2,1,18,0,2,0,0,0,0,62.7,2.04,70.99,1.64,62.7,2.04,8.29,-0.4
district,Lumbini,Arghakhanchi,Female,18 Year,876,0,16,106,227,1,1,0,134,220,148,1,2,20,0,0,0,0,0,0,40.07,2.28,49.78,2.39,40.07,2.28,9.71,0.11
district,Lumbini,Arghakhanchi,Female,19 Year,676,2,11,42,92,0,3,0,98,230,180,2,3,12,0,0,0,0,0,1,22.19,1.78,29.5,4.6,22.19,1.78,7.31,2.82
district,Lumbini,Arghakhanchi,Female,20 Year,824,0,0,0,71,2,0,0,143,295,277,2,1,33,0,0,0,0,0,0,8.86,4.0,12.13,5.8,8.86,4.0,3.27,1.8
district,Lumbini,Arghakhanchi,Female,21 Year,800,0,0,0,22,0,1,1,153,306,286,3,6,22,0,0,0,0,0,0,2.88,2.75,6.49,4.58,2.88,2.75,3.61,1.83
district,Lumbini,Arghakhanchi,Female,22 Year,901,0,1,0,38,0,0,1,158,357,293,3,6,44,0,0,0,0,0,0,4.33,4.88,4.71,4.35,4.33,4.88,0.38,-0.53
district,Lumbini,Arghakhanchi,Female,23 Year,948,0,0,0,18,0,0,2,170,388,311,2,4,53,0,0,0,0,0,0,1.9,5.59,4.69,4.49,1.9,5.59,2.79,-1.1
district,Lumbini,Arghakhanchi,Female,24 Year,988,0,1,0,17,2,1,5,167,389,361,4,2,38,0,0,0,0,0,1,2.13,3.85,2.97,3.35,2.13,3.85,0.84,-0.5
district,Lumbini,Arghakhanchi,Female,25 Year,1134,0,0,0,21,1,0,0,213,375,456,1,4,62,0,0,0,0,0,1,1.94,5.47,2.56,5.76,1.94,5.47,0.62,0.29
district,Lumbini,Palpa,Total,All Ages,68159,5958,23005,14182,7738,40,188,83,3598,6394,5760,94,86,925,1,31,4,4,0,68,74.99,1.36,77.6,1.37,72.39,1.35,5.21,0.02
district,Lumbini,Palpa,Total,5 Year,3922,3651,0,0,0,10,27,40,0,0,0,2,11,155,1,0,0,0,0,25,94.03,3.95,94.41,3.8,93.65,4.11,0.76,-0.31
district,Lumbini,Palpa,Total,6 Year,4167,1533,2507,0,0,3,11,5,31,0,0,2,2,63,0,0,0,0,0,10,97.29,1.51,96.84,1.86,97.77,1.14,-0.93,0.72
district,Lumbini,Palpa,Total,7 Year,4247,553,3603,0,0,1,13,2,34,0,0,1,0,35,0,0,0,0,0,5,98.19,0.82,97.76,1.05,98.64,0.58,-0.88,0.47
district,Lumbini,Palpa,Total,8 Year,4219,132,3999,0,0,0,10,2,45,0,0,1,1,26,0,0,0,0,0,3,98.15,0.62,98.04,0.67,98.28,0.56,-0.24,0.11
district,Lumbini,Palpa,Total,9 Year,4254,45,4111,0,0,0,9,1,60,0,0,1,2,23,0,1,0,0,0,1,97.91,0.54,97.85,0.49,97.97,0.59,-0.12,-0.1
district,Lumbini,Palpa,Total,10 Year,4283,12,3949,0,0,0,12,5,270,0,0,0,0,33,0,0,0,0,0,2,92.76,0.77,92.32,0.89,93.25,0.64,-0.93,0.25
district,Lumbini,Palpa,Total,11 Year,4027,4,2432,1432,0,1,8,1,108,16,0,0,0,25,0,0,0,0,0,0,96.28,0.62,96.26,0.87,96.29,0.36,-0.03,0.51
district,Lumbini,Palpa,Total,12 Year,4442,0,1351,2940,0,2,8,0,71,37,0,0,0,31,0,0,2,0,0,0,96.83,0.7,96.5,0.66,97.17,0.74,-0.67,-0.08
district,Lumbini,Palpa,Total,13 Year,4484,4,525,3790,0,1,2,1,72,64,0,0,0,19,0,3,1,0,0,2,96.39,0.42,96.0,0.45,96.77,0.4,-0.77,0.05
district,Lumbini,Palpa,Total,14 Year,4817,3,267,2971,1358,1,12,2,80,74,22,0,1,22,0,2,0,0,0,2,95.74,0.46,95.23,0.45,96.27,0.47,-1.04,-0.02
district,Lumbini,Palpa,Total,15 Year,4414,6,79,1759,2184,2,20,6,121,141,62,0,1,22,0,9,0,1,0,1,91.75,0.5,91.41,0.53,92.11,0.46,-0.7,0.07
district,Lumbini,Palpa,Total,16 Year,3035,6,59,702,1790,3,10,0,111,212,109,3,1,20,0,9,0,0,0,0,84.68,0.66,85.82,0.74,83.38,0.56,2.44,0.18
district,Lumbini,Palpa,Total,17 Year,2084,2,44,291,1079,0,10,1,140,291,182,3,6,31,0,1,1,0,0,2,68.43,1.49,70.89,1.47,65.73,1.51,5.16,-0.04
district,Lumbini,Palpa,Total,18 Year,1981,5,48,202,626,0,8,1,212,478,340,4,6,46,0,3,0,0,0,2,44.88,2.32,47.55,2.3,42.14,2.35,5.41,-0.05
district,Lumbini,Palpa,Total,19 Year,1625,2,31,94,273,0,8,1,219,526,429,7,2,28,0,0,0,2,0,3,25.11,1.72,27.74,2.06,22.71,1.41,5.03,0.65
district,Lumbini,Palpa,Total,20 Year,1796,0,0,0,142,1,3,2,291,674,628,5,8,37,0,3,0,0,0,2,8.13,2.06,9.7,1.94,6.8,2.16,2.9,-0.22
district,Lumbini,Palpa,Total,21 Year,1652,0,0,0,83,2,4,4,247,633,605,9,10,53,0,0,0,0,0,2,5.39,3.21,6.69,3.21,4.31,3.2,2.38,0.01
district,Lumbini,Palpa,Total,22 Year,1980,0,0,0,55,1,3,0,348,741,750,17,12,51,0,0,0,0,0,2,2.98,2.58,3.67,2.22,2.41,2.87,1.26,-0.65
district,Lumbini,Palpa,Total,23 Year,2063,0,0,0,52,3,5,3,344,789,782,9,6,70,0,0,0,0,0,0,2.91,3.39,3.42,3.42,2.55,3.37,0.87,0.05
district,Lumbini,Palpa,Total,24 Year,2139,0,0,0,47,6,2,2,363,821,819,11,5,62,0,0,0,0,0,1,2.57,2.9,2.63,3.09,2.53,2.77,0.1,0.32
district,Lumbini,Palpa,Total,25 Year,2528,0,0,1,49,3,3,4,431,897,1032,19,12,73,0,0,0,1,0,3,2.22,2.89,2.75,3.06,1.87,2.78,0.88,0.28
district,Lumbini,Palpa,Male,All Ages,33991,3134,12005,7213,3905,18,102,37,1874,2802,2305,34,42,464,1,16,4,1,0,34,77.6,1.37,77.6,1.37,72.39,1.35,5.21,0.02
district,Lumbini,Palpa,Male,5 Year,2002,1866,0,0,0,5,19,18,0,0,0,0,6,76,1,0,0,0,0,11,94.41,3.8,94.41,3.8,93.65,4.11,0.76,-0.31
district,Lumbini,Palpa,Male,6 Year,2152,831,1245,0,0,2,6,2,18,0,0,0,2,40,0,0,0,0,0,6,96.84,1.86,96.84,1.86,97.77,1.14,-0.93,0.72
district,Lumbini,Palpa,Male,7 Year,2187,301,1832,0,0,1,4,0,21,0,0,1,0,23,0,0,0,0,0,4,97.76,1.05,97.76,1.05,98.64,0.58,-0.88,0.47
district,Lumbini,Palpa,Male,8 Year,2241,86,2105,0,0,0,6,2,24,0,0,0,1,15,0,0,0,0,0,2,98.04,0.67,98.04,0.67,98.28,0.56,-0.24,0.11
district,Lumbini,Palpa,Male,9 Year,2232,25,2156,0,0,0,3,0,33,0,0,1,2,11,0,1,0,0,0,0,97.85,0.49,97.85,0.49,97.97,0.59,-0.12,-0.1
district,Lumbini,Palpa,Male,10 Year,2253,7,2065,0,0,0,8,3,149,0,0,0,0,20,0,0,0,0,0,1,92.32,0.89,92.32,0.89,93.25,0.64,-0.93,0.25
district,Lumbini,Palpa,Male,11 Year,2061,2,1283,694,0,0,5,1,52,6,0,0,0,18,0,0,0,0,0,0,96.26,0.87,96.26,0.87,96.29,0.36,-0.03,0.51
district,Lumbini,Palpa,Male,12 Year,2283,0,764,1430,0,2,7,0,42,21,0,0,0,15,0,0,2,0,0,0,96.5,0.66,96.5,0.66,97.17,0.74,-0.67,-0.08
district,Lumbini,Palpa,Male,13 Year,2223,1,285,1846,0,0,2,0,41,36,0,0,0,10,0,0,1,0,0,1,96.0,0.45,96.0,0.45,96.77,0.4,-0.77,0.05
district,Lumbini,Palpa,Male,14 Year,2455,3,151,1585,596,0,3,1,49,43,11,0,0,11,0,1,0,0,0,1,95.23,0.45,95.23,0.45,96.27,0.47,-1.04,-0.02
district,Lumbini,Palpa,Male,15 Year,2247,3,35,921,1082,1,12,4,73,66,30,0,0,12,0,6,0,1,0,1,91.41,0.53,91.41,0.53,92.11,0.46,-0.7,0.07
district,Lumbini,Palpa,Male,16 Year,1615,3,26,409,940,3,5,0,66,95,48,2,0,12,0,6,0,0,0,0,85.82,0.74,85.82,0.74,83.38,0.56,2.44,0.18
district,Lumbini,Palpa,Male,17 Year,1089,1,21,167,579,0,4,0,87,142,64,3,3,16,0,0,1,0,0,1,70.89,1.47,70.89,1.47,65.73,1.51,5.16,-0.04
district,Lumbini,Palpa,Male,18 Year,1001,4,28,105,337,0,2,1,130,226,138,2,4,23,0,1,0,0,0,0,47.55,2.3,47.55,2.3,42.14,2.35,5.41,-0.05
district,Lumbini,Palpa,Male,19 Year,775,1,9,55,145,0,5,1,119,229,189,3,1,16,0,0,0,0,0,2,27.74,2.06,27.74,2.06,22.71,1.41,5.03,0.65
district,Lumbini,Palpa,Male,20 Year,825,0,0,0,79,0,1,0,137,314,272,3,0,16,0,1,0,0,0,2,9.7,1.94,9.7,1.94,6.8,2.16,2.9,-0.22
district,Lumbini,Palpa,Male,21 Year,747,0,0,0,49,0,1,2,127,269,264,4,7,24,0,0,0,0,0,0,6.69,3.21,6.69,3.21,4.31,3.2,2.38,0.01
district,Lumbini,Palpa,Male,22 Year,899,0,0,0,31,0,2,0,185,317,334,4,5,20,0,0,0,0,0,1,3.67,2.22,3.67,2.22,2.41,2.87,1.26,-0.65
district,Lumbini,Palpa,Male,23 Year,848,0,0,0,24,1,4,1,163,327,293,1,5,29,0,0,0,0,0,0,3.42,3.42,3.42,3.42,2.55,3.37,0.87,0.05
district,Lumbini,Palpa,Male,24 Year,875,0,0,0,19,3,1,0,163,359,295,6,1,27,0,0,0,0,0,1,2.63,3.09,2.63,3.09,2.53,2.77,0.1,0.32
district,Lumbini,Palpa,Male,25 Year,981,0,0,1,24,0,2,1,195,352,367,4,5,30,0,0,0,0,0,0,2.75,3.06,2.75,3.06,1.87,2.78,0.88,0.28
district,Lumbini,Palpa,Female,All Ages,34168,2824,11000,6969,3833,22,86,46,1724,3592,3455,60,44,461,0,15,0,3,0,34,72.39,1.35,77.6,1.37,72.39,1.35,5.21,0.02
district,Lumbini,Palpa,Female,5 Year,1920,1785,0,0,0,5,8,22,0,0,0,2,5,79,0,0,0,0,0,14,93.65,4.11,94.41,3.8,93.65,4.11,0.76,-0.31
district,Lumbini,Palpa,Female,6 Year,2015,702,1262,0,0,1,5,3,13,0,0,2,0,23,0,0,0,0,0,4,97.77,1.14,96.84,1.86,97.77,1.14,-0.93,0.72
district,Lumbini,Palpa,Female,7 Year,2060,252,1771,0,0,0,9,2,13,0,0,0,0,12,0,0,0,0,0,1,98.64,0.58,97.76,1.05,98.64,0.58,-0.88,0.47
district,Lumbini,Palpa,Female,8 Year,1978,46,1894,0,0,0,4,0,21,0,0,1,0,11,0,0,0,0,0,1,98.28,0.56,98.04,0.67,98.28,0.56,-0.24,0.11
district,Lumbini,Palpa,Female,9 Year,2022,20,1955,0,0,0,6,1,27,0,0,0,0,12,0,0,0,0,0,1,97.97,0.59,97.85,0.49,97.97,0.59,-0.12,-0.1
district,Lumbini,Palpa,Female,10 Year,2030,5,1884,0,0,0,4,2,121,0,0,0,0,13,0,0,0,0,0,1,93.25,0.64,92.32,0.89,93.25,0.64,-0.93,0.25
district,Lumbini,Palpa,Female,11 Year,1966,2,1149,738,0,1,3,0,56,10,0,0,0,7,0,0,0,0,0,0,96.29,0.36,96.26,0.87,96.29,0.36,-0.03,0.51
district,Lumbini,Palpa,Female,12 Year,2159,0,587,1510,0,0,1,0,29,16,0,0,0,16,0,0,0,0,0,0,97.17,0.74,96.5,0.66,97.17,0.74,-0.67,-0.08
district,Lumbini,Palpa,Female,13 Year,2261,3,240,1944,0,1,0,1,31,28,0,0,0,9,0,3,0,0,0,1,96.77,0.4,96.0,0.45,96.77,0.4,-0.77,0.05
district,Lumbini,Palpa,Female,14 Year,2362,0,116,1386,762,1,9,1,31,31,11,0,1,11,0,1,0,0,0,1,96.27,0.47,95.23,0.45,96.27,0.47,-1.04,-0.02
district,Lumbini,Palpa,Female,15 Year,2167,3,44,838,1102,1,8,2,48,75,32,0,1,10,0,3,0,0,0,0,92.11,0.46,91.41,0.53,92.11,0.46,-0.7,0.07
district,Lumbini,Palpa,Female,16 Year,1420,3,33,293,850,0,5,0,45,117,61,1,1,8,0,3,0,0,0,0,83.38,0.56,85.82,0.74,83.38,0.56,2.44,0.18
district,Lumbini,Palpa,Female,17 Year,995,1,23,124,500,0,6,1,53,149,118,0,3,15,0,1,0,0,0,1,65.73,1.51,70.89,1.47,65.73,1.51,5.16,-0.04
district,Lumbini,Palpa,Female,18 Year,980,1,20,97,289,0,6,0,82,252,202,2,2,23,0,2,0,0,0,2,42.14,2.35,47.55,2.3,42.14,2.35,5.41,-0.05
district,Lumbini,Palpa,Female,19 Year,850,1,22,39,128,0,3,0,100,297,240,4,1,12,0,0,0,2,0,1,22.71,1.41,27.74,2.06,22.71,1.41,5.03,0.65
district,Lumbini,Palpa,Female,20 Year,971,0,0,0,63,1,2,2,154,360,356,2,8,21,0,2,0,0,0,0,6.8,2.16,9.7,1.94,6.8,2.16,2.9,-0.22
district,Lumbini,Palpa,Female,21 Year,905,0,0,0,34,2,3,2,120,364,341,5,3,29,0,0,0,0,0,2,4.31,3.2,6.69,3.21,4.31,3.2,2.38,0.01
district,Lumbini,Palpa,Female,22 Year,1081,0,0,0,24,1,1,0,163,424,416,13,7,31,0,0,0,0,0,1,2.41,2.87,3.67,2.22,2.41,2.87,1.26,-0.65
district,Lumbini,Palpa,Female,23 Year,1215,0,0,0,28,2,1,2,181,462,489,8,1,41,0,0,0,0,0,0,2.55,3.37,3.42,3.42,2.55,3.37,0.87,0.05
district,Lumbini,Palpa,Female,24 Year,1264,0,0,0,28,3,1,2,200,462,524,5,4,35,0,0,0,0,0,0,2.53,2.77,2.63,3.09,2.53,2.77,0.1,0.32
district,Lumbini,Palpa,Female,25 Year,1547,0,0,0,25,3,1,3,236,545,665,15,7,43,0,0,0,1,0,3,1.87,2.78,2.75,3.06,1.87,2.78,0.88,0.28
district,Lumbini,Nawalparasi (Bardaghat Susta West),Total,All Ages,122282,14336,38141,21256,11771,171,247,256,9566,12350,9086,179,128,4629,5,32,1,9,0,119,70.27,3.79,72.11,3.0,68.38,4.59,3.73,-1.59
district,Lumbini,Nawalparasi (Bardaghat Susta West),Total,5 Year,7308,6583,0,0,0,12,26,66,0,0,0,3,4,555,4,0,0,0,0,55,90.6,7.59,90.05,8.17,91.24,6.93,-1.19,1.24
district,Lumbini,Nawalparasi (Bardaghat Susta West),Total,6 Year,7058,4034,2644,0,0,10,24,24,46,0,0,1,5,250,0,1,0,0,0,19,95.1,3.54,95.3,3.33,94.88,3.78,0.42,-0.45
district,Lumbini,Nawalparasi (Bardaghat Susta West),Total,7 Year,6817,2138,4443,0,0,7,12,10,53,0,0,0,5,139,0,1,0,0,0,9,96.82,2.04,96.62,1.91,97.02,2.18,-0.4,-0.27
district,Lumbini,Nawalparasi (Bardaghat Susta West),Total,8 Year,7629,1040,6338,0,0,8,14,10,75,0,0,3,6,132,0,0,0,0,0,3,97.0,1.73,97.1,1.67,96.88,1.8,0.22,-0.13
district,Lumbini,Nawalparasi (Bardaghat Susta West),Total,9 Year,6269,329,5752,0,0,2,22,4,74,0,0,1,8,70,0,0,0,0,0,7,97.38,1.12,97.51,1.07,97.24,1.16,0.27,-0.09
district,Lumbini,Nawalparasi (Bardaghat Susta West),Total,10 Year,7965,111,6717,0,0,7,18,59,945,0,0,2,4,98,0,0,0,0,0,4,86.04,1.23,85.58,1.22,86.54,1.25,-0.96,-0.03
district,Lumbini,Nawalparasi (Bardaghat Susta West),Total,11 Year,5809,26,4305,983,0,4,9,11,409,10,0,1,0,50,0,0,0,0,0,1,91.7,0.86,91.48,0.82,91.95,0.91,-0.47,-0.09
district,Lumbini,Nawalparasi (Bardaghat Susta West),Total,12 Year,7732,13,4081,3081,0,6,9,8,378,55,0,2,4,93,0,0,0,0,0,2,92.99,1.2,92.21,1.45,93.85,0.93,-1.64,0.52
district,Lumbini,Nawalparasi (Bardaghat Susta West),Total,13 Year,6743,10,2015,4307,0,5,7,7,229,98,0,1,1,59,0,1,0,0,0,3,94.08,0.87,93.59,0.87,94.56,0.88,-0.97,-0.01
district,Lumbini,Nawalparasi (Bardaghat Susta West),Total,14 Year,7202,13,1134,4655,873,7,12,3,228,153,29,1,2,91,0,1,0,0,0,0,92.95,1.26,92.47,1.49,93.43,1.03,-0.96,0.46
district,Lumbini,Nawalparasi (Bardaghat Susta West),Total,15 Year,7240,17,290,3744,2251,11,23,8,440,287,70,2,0,87,0,6,0,1,0,3,87.51,1.2,87.61,0.97,87.42,1.44,0.19,-0.47
district,Lumbini,Nawalparasi (Bardaghat Susta West),Total,16 Year,6714,11,162,2356,2977,10,7,5,456,459,136,5,4,117,0,9,0,0,0,0,82.26,1.74,81.76,1.47,82.79,2.03,-1.03,-0.56
district,Lumbini,Nawalparasi (Bardaghat Susta West),Total,17 Year,4752,3,102,1104,2167,12,7,5,418,589,221,6,2,112,0,2,0,1,0,1,71.44,2.36,73.61,2.05,69.07,2.69,4.54,-0.64
district,Lumbini,Nawalparasi (Bardaghat Susta West),Total,18 Year,5475,8,112,774,1832,7,10,7,705,1208,521,4,9,272,0,1,0,2,0,3,50.1,4.97,51.37,4.29,48.65,5.74,2.72,-1.45
district,Lumbini,Nawalparasi (Bardaghat Susta West),Total,19 Year,3054,0,42,252,682,6,4,2,435,878,593,14,7,136,0,3,0,0,0,0,32.29,4.45,35.76,3.23,28.57,5.75,7.19,-2.52
district,Lumbini,Nawalparasi (Bardaghat Susta West),Total,20 Year,4654,0,2,0,481,9,6,2,871,1704,1129,20,13,412,1,2,0,0,0,2,10.7,8.85,12.86,6.55,8.81,10.87,4.05,-4.32
district,Lumbini,Nawalparasi (Bardaghat Susta West),Total,21 Year,2979,0,0,0,149,6,5,4,522,1206,863,12,8,200,0,1,0,0,0,3,5.37,6.71,5.5,4.73,5.25,8.56,0.25,-3.83
district,Lumbini,Nawalparasi (Bardaghat Susta West),Total,22 Year,4183,0,0,0,138,11,9,1,801,1537,1320,23,7,335,0,1,0,0,0,0,3.78,8.01,3.94,5.27,3.64,10.42,0.3,-5.15
district,Lumbini,Nawalparasi (Bardaghat Susta West),Total,23 Year,3706,0,0,0,85,7,8,6,685,1288,1238,17,12,354,0,2,0,3,0,1,2.7,9.55,3.21,5.91,2.32,12.29,0.89,-6.38
district,Lumbini,Nawalparasi (Bardaghat Susta West),Total,24 Year,3768,0,0,0,61,7,7,7,691,1268,1336,15,14,360,0,0,1,0,0,1,1.99,9.55,1.74,6.72,2.19,11.8,-0.45,-5.08
district,Lumbini,Nawalparasi (Bardaghat Susta West),Total,25 Year,5225,0,2,0,75,17,8,7,1105,1610,1630,46,13,707,0,1,0,2,0,2,1.95,13.53,1.62,8.44,2.21,17.5,-0.59,-9.06
district,Lumbini,Nawalparasi (Bardaghat Susta West),Male,All Ages,61949,7827,19791,10941,5935,52,123,131,4844,6241,3985,73,56,1858,1,17,0,2,0,72,72.11,3.0,72.11,3.0,68.38,4.59,3.73,-1.59
district,Lumbini,Nawalparasi (Bardaghat Susta West),Male,5 Year,3929,3520,0,0,0,7,11,32,0,0,0,2,2,321,1,0,0,0,0,33,90.05,8.17,90.05,8.17,91.24,6.93,-1.19,1.24
district,Lumbini,Nawalparasi (Bardaghat Susta West),Male,6 Year,3721,2218,1313,0,0,4,11,13,23,0,0,0,2,124,0,1,0,0,0,12,95.3,3.33,95.3,3.33,94.88,3.78,0.42,-0.45
district,Lumbini,Nawalparasi (Bardaghat Susta West),Male,7 Year,3462,1183,2153,0,0,2,7,8,31,0,0,0,4,66,0,1,0,0,0,7,96.62,1.91,96.62,1.91,97.02,2.18,-0.4,-0.27
district,Lumbini,Nawalparasi (Bardaghat Susta West),Male,8 Year,4073,618,3328,0,0,4,5,8,39,0,0,2,0,68,0,0,0,0,0,1,97.1,1.67,97.1,1.67,96.88,1.8,0.22,-0.13
district,Lumbini,Nawalparasi (Bardaghat Susta West),Male,9 Year,3257,177,2986,0,0,1,12,2,37,0,0,1,4,35,0,0,0,0,0,2,97.51,1.07,97.51,1.07,97.24,1.16,0.27,-0.09
district,Lumbini,Nawalparasi (Bardaghat Susta West),Male,10 Year,4190,59,3516,0,0,2,9,30,515,0,0,1,4,51,0,0,0,0,0,3,85.58,1.22,85.58,1.22,86.54,1.25,-0.96,-0.03
district,Lumbini,Nawalparasi (Bardaghat Susta West),Male,11 Year,3063,13,2311,470,0,1,7,7,222,6,0,0,0,25,0,0,0,0,0,1,91.48,0.82,91.48,0.82,91.95,0.91,-0.47,-0.09
district,Lumbini,Nawalparasi (Bardaghat Susta West),Male,12 Year,4058,6,2198,1532,0,1,5,4,219,27,0,2,3,59,0,0,0,0,0,2,92.21,1.45,92.21,1.45,93.85,0.93,-1.64,0.52
district,Lumbini,Nawalparasi (Bardaghat Susta West),Male,13 Year,3324,9,1023,2074,0,1,4,4,130,45,0,1,1,29,0,1,0,0,0,2,93.59,0.87,93.59,0.87,94.56,0.88,-0.97,-0.01
district,Lumbini,Nawalparasi (Bardaghat Susta West),Male,14 Year,3626,6,604,2374,364,1,4,0,123,79,15,0,2,54,0,0,0,0,0,0,92.47,1.49,92.47,1.49,93.43,1.03,-0.96,0.46
district,Lumbini,Nawalparasi (Bardaghat Susta West),Male,15 Year,3704,7,145,2031,1048,2,12,2,238,150,28,1,0,36,0,2,0,0,0,2,87.61,0.97,87.61,0.97,87.42,1.44,0.19,-0.47
district,Lumbini,Nawalparasi (Bardaghat Susta West),Male,16 Year,3460,5,84,1276,1455,5,4,3,237,264,64,3,3,51,0,6,0,0,0,0,81.76,1.47,81.76,1.47,82.79,2.03,-1.03,-0.56
district,Lumbini,Nawalparasi (Bardaghat Susta West),Male,17 Year,2482,2,49,619,1149,4,4,2,212,303,84,1,1,51,0,0,0,0,0,1,73.61,2.05,73.61,2.05,69.07,2.69,4.54,-0.64
district,Lumbini,Nawalparasi (Bardaghat Susta West),Male,18 Year,2916,4,56,414,1014,4,6,5,360,682,239,0,4,125,0,1,0,1,0,1,51.37,4.29,51.37,4.29,48.65,5.74,2.72,-1.45
district,Lumbini,Nawalparasi (Bardaghat Susta West),Male,19 Year,1577,0,24,151,387,0,2,1,225,446,281,3,4,51,0,2,0,0,0,0,35.76,3.23,35.76,3.23,28.57,5.75,7.19,-2.52
district,Lumbini,Nawalparasi (Bardaghat Susta West),Male,20 Year,2169,0,1,0,274,1,3,1,410,806,511,14,5,142,0,1,0,0,0,0,12.86,6.55,12.86,6.55,8.81,10.87,4.05,-4.32
district,Lumbini,Nawalparasi (Bardaghat Susta West),Male,21 Year,1437,0,0,0,75,2,2,1,254,633,392,5,2,68,0,1,0,0,0,2,5.5,4.73,5.5,4.73,5.25,8.56,0.25,-3.83
district,Lumbini,Nawalparasi (Bardaghat Susta West),Male,22 Year,1956,0,0,0,70,2,5,1,405,777,583,7,2,103,0,1,0,0,0,0,3.94,5.27,3.94,5.27,3.64,10.42,0.3,-5.15
district,Lumbini,Nawalparasi (Bardaghat Susta West),Male,23 Year,1591,0,0,0,45,3,3,0,306,617,512,5,5,94,0,0,0,0,0,1,3.21,5.91,3.21,5.91,2.32,12.29,0.89,-6.38
district,Lumbini,Nawalparasi (Bardaghat Susta West),Male,24 Year,1666,0,0,0,23,2,4,2,322,618,571,5,6,112,0,0,0,0,0,1,1.74,6.72,1.74,6.72,2.19,11.8,-0.45,-5.08
district,Lumbini,Nawalparasi (Bardaghat Susta West),Male,25 Year,2288,0,0,0,31,3,3,5,536,788,705,20,2,193,0,0,0,1,0,1,1.62,8.44,1.62,8.44,2.21,17.5,-0.59,-9.06
district,Lumbini,Nawalparasi (Bardaghat Susta West),Female,All Ages,60333,6509,18350,10315,5836,119,124,125,4722,6109,5101,106,72,2771,4,15,1,7,0,47,68.38,4.59,72.11,3.0,68.38,4.59,3.73,-1.59
district,Lumbini,Nawalparasi (Bardaghat Susta West),Female,5 Year,3379,3063,0,0,0,5,15,34,0,0,0,1,2,234,3,0,0,0,0,22,91.24,6.93,90.05,8.17,91.24,6.93,-1.19,1.24
district,Lumbini,Nawalparasi (Bardaghat Susta West),Female,6 Year,3337,1816,1331,0,0,6,13,11,23,0,0,1,3,126,0,0,0,0,0,7,94.88,3.78,95.3,3.33,94.88,3.78,0.42,-0.45
district,Lumbini,Nawalparasi (Bardaghat Susta West),Female,7 Year,3355,955,2290,0,0,5,5,2,22,0,0,0,1,73,0,0,0,0,0,2,97.02,2.18,96.62,1.91,97.02,2.18,-0.4,-0.27
district,Lumbini,Nawalparasi (Bardaghat Susta West),Female,8 Year,3556,422,3010,0,0,4,9,2,36,0,0,1,6,64,0,0,0,0,0,2,96.88,1.8,97.1,1.67,96.88,1.8,0.22,-0.13
district,Lumbini,Nawalparasi (Bardaghat Susta West),Female,9 Year,3012,152,2766,0,0,1,10,2,37,0,0,0,4,35,0,0,0,0,0,5,97.24,1.16,97.51,1.07,97.24,1.16,0.27,-0.09
district,Lumbini,Nawalparasi (Bardaghat Susta West),Female,10 Year,3775,52,3201,0,0,5,9,29,430,0,0,1,0,47,0,0,0,0,0,1,86.54,1.25,85.58,1.22,86.54,1.25,-0.96,-0.03
district,Lumbini,Nawalparasi (Bardaghat Susta West),Female,11 Year,2746,13,1994,513,0,3,2,4,187,4,0,1,0,25,0,0,0,0,0,0,91.95,0.91,91.48,0.82,91.95,0.91,-0.47,-0.09
district,Lumbini,Nawalparasi (Bardaghat Susta West),Female,12 Year,3674,7,1883,1549,0,5,4,4,159,28,0,0,1,34,0,0,0,0,0,0,93.85,0.93,92.21,1.45,93.85,0.93,-1.64,0.52
district,Lumbini,Nawalparasi (Bardaghat Susta West),Female,13 Year,3419,1,992,2233,0,4,3,3,99,53,0,0,0,30,0,0,0,0,0,1,94.56,0.88,93.59,0.87,94.56,0.88,-0.97,-0.01
district,Lumbini,Nawalparasi (Bardaghat Susta West),Female,14 Year,3576,7,530,2281,509,6,8,3,105,74,14,1,0,37,0,1,0,0,0,0,93.43,1.03,92.47,1.49,93.43,1.03,-0.96,0.46
district,Lumbini,Nawalparasi (Bardaghat Susta West),Female,15 Year,3536,10,145,1713,1203,9,11,6,202,137,42,1,0,51,0,4,0,1,0,1,87.42,1.44,87.61,0.97,87.42,1.44,0.19,-0.47
district,Lumbini,Nawalparasi (Bardaghat Susta West),Female,16 Year,3254,6,78,1080,1522,5,3,2,219,195,72,2,1,66,0,3,0,0,0,0,82.79,2.03,81.76,1.47,82.79,2.03,-1.03,-0.56
district,Lumbini,Nawalparasi (Bardaghat Susta West),Female,17 Year,2270,1,53,485,1018,8,3,3,206,286,137,5,1,61,0,2,0,1,0,0,69.07,2.69,73.61,2.05,69.07,2.69,4.54,-0.64
district,Lumbini,Nawalparasi (Bardaghat Susta West),Female,18 Year,2559,4,56,360,818,3,4,2,345,526,282,4,5,147,0,0,0,1,0,2,48.65,5.74,51.37,4.29,48.65,5.74,2.72,-1.45
district,Lumbini,Nawalparasi (Bardaghat Susta West),Female,19 Year,1477,0,18,101,295,6,2,1,210,432,312,11,3,85,0,1,0,0,0,0,28.57,5.75,35.76,3.23,28.57,5.75,7.19,-2.52
district,Lumbini,Nawalparasi (Bardaghat Susta West),Female,20 Year,2485,0,1,0,207,8,3,1,461,898,618,6,8,270,1,1,0,0,0,2,8.81,10.87,12.86,6.55,8.81,10.87,4.05,-4.32
district,Lumbini,Nawalparasi (Bardaghat Susta West),Female,21 Year,1542,0,0,0,74,4,3,3,268,573,471,7,6,132,0,0,0,0,0,1,5.25,8.56,5.5,4.73,5.25,8.56,0.25,-3.83
district,Lumbini,Nawalparasi (Bardaghat Susta West),Female,22 Year,2227,0,0,0,68,9,4,0,396,760,737,16,5,232,0,0,0,0,0,0,3.64,10.42,3.94,5.27,3.64,10.42,0.3,-5.15
district,Lumbini,Nawalparasi (Bardaghat Susta West),Female,23 Year,2115,0,0,0,40,4,5,6,379,671,726,12,7,260,0,2,0,3,0,0,2.32,12.29,3.21,5.91,2.32,12.29,0.89,-6.38
district,Lumbini,Nawalparasi (Bardaghat Susta West),Female,24 Year,2102,0,0,0,38,5,3,5,369,650,765,10,8,248,0,0,1,0,0,0,2.19,11.8,1.74,6.72,2.19,11.8,-0.45,-5.08
district,Lumbini,Nawalparasi (Bardaghat Susta West),Female,25 Year,2937,0,2,0,44,14,5,2,569,822,925,26,11,514,0,1,0,1,0,1,2.21,17.5,1.62,8.44,2.21,17.5,-0.59,-9.06
district,Lumbini,Rupandehi,Total,All Ages,354761,39484,114523,64660,33369,279,942,673,27295,31509,23093,473,579,17191,14,76,7,11,2,581,71.39,4.85,73.58,3.74,69.09,6.0,4.49,-2.26
district,Lumbini,Rupandehi,Total,5 Year,21575,18649,0,0,0,30,111,130,0,0,0,2,24,2311,9,0,0,0,0,309,87.09,10.71,87.05,10.86,87.13,10.55,-0.08,0.31
district,Lumbini,Rupandehi,Total,6 Year,21336,11201,8624,0,0,28,77,51,85,0,0,2,24,1153,2,0,0,0,0,89,93.41,5.4,93.57,5.26,93.23,5.56,0.34,-0.3
district,Lumbini,Rupandehi,Total,7 Year,19891,5373,13633,0,0,23,74,26,151,0,0,3,15,549,0,1,0,0,0,43,96.04,2.76,96.25,2.55,95.8,2.99,0.45,-0.44
district,Lumbini,Rupandehi,Total,8 Year,23203,2744,19527,0,0,20,64,16,246,0,0,2,11,539,2,0,0,0,0,32,96.35,2.32,96.33,2.4,96.36,2.23,-0.03,0.17
district,Lumbini,Rupandehi,Total,9 Year,18227,867,16772,0,0,6,61,8,247,0,0,0,13,236,1,1,0,0,0,15,97.14,1.29,97.33,1.15,96.93,1.46,0.4,-0.31
district,Lumbini,Rupandehi,Total,10 Year,24664,369,20947,0,0,13,77,162,2698,0,0,2,9,382,0,1,0,0,0,4,86.79,1.55,86.44,1.56,87.18,1.53,-0.74,0.03
district,Lumbini,Rupandehi,Total,11 Year,16979,90,12109,3428,0,3,39,37,1054,32,0,3,7,168,0,0,2,0,0,7,92.28,0.99,92.06,0.93,92.54,1.05,-0.48,-0.12
district,Lumbini,Rupandehi,Total,12 Year,24044,87,11782,10385,0,5,60,48,1130,170,0,4,7,354,0,1,0,0,0,11,92.83,1.47,92.8,1.37,92.85,1.59,-0.05,-0.22
district,Lumbini,Rupandehi,Total,13 Year,20573,17,5501,13786,0,2,44,22,647,287,0,2,8,242,0,2,3,0,0,10,94.06,1.18,94.21,1.13,93.9,1.23,0.31,-0.1
district,Lumbini,Rupandehi,Total,14 Year,22161,21,3475,13931,3082,2,48,13,717,437,81,4,8,332,0,5,0,1,0,4,92.77,1.5,93.27,1.42,92.23,1.58,1.04,-0.16
district,Lumbini,Rupandehi,Total,15 Year,21422,13,907,10561,7049,9,77,22,1385,713,208,6,15,441,0,10,0,3,0,3,86.9,2.06,87.54,1.88,86.23,2.24,1.31,-0.36
district,Lumbini,Rupandehi,Total,16 Year,18992,27,530,6636,8013,10,39,20,1431,1284,438,28,11,493,0,28,0,1,0,3,80.32,2.6,82.06,2.31,78.48,2.9,3.58,-0.59
district,Lumbini,Rupandehi,Total,17 Year,12513,13,304,3013,5297,5,32,12,1149,1567,627,10,24,441,0,15,0,2,0,2,69.24,3.52,71.76,3.19,66.38,3.91,5.38,-0.72
district,Lumbini,Rupandehi,Total,18 Year,14946,9,274,2201,4774,14,37,7,2002,3036,1577,43,37,923,0,3,1,1,0,7,48.9,6.18,52.76,4.86,44.53,7.66,8.23,-2.8
district,Lumbini,Rupandehi,Total,19 Year,8320,4,132,717,1845,11,17,12,1256,2192,1561,21,28,517,0,3,0,0,0,4,32.76,6.21,36.3,4.48,29.09,8.01,7.21,-3.53
district,Lumbini,Rupandehi,Total,20 Year,12893,0,1,0,1492,21,14,19,2465,4302,3127,57,60,1329,0,1,0,1,0,4,11.85,10.31,14.08,7.7,9.79,12.71,4.29,-5.01
district,Lumbini,Rupandehi,Total,21 Year,7643,0,1,1,565,14,14,10,1361,2732,2204,43,26,664,0,1,0,1,0,6,7.78,8.69,9.01,5.55,6.62,11.68,2.39,-6.13
district,Lumbini,Rupandehi,Total,22 Year,11483,0,1,0,533,14,16,12,2291,3965,3222,44,69,1305,0,2,0,0,0,9,4.91,11.36,6.24,7.54,3.69,14.9,2.55,-7.36
district,Lumbini,Rupandehi,Total,23 Year,9483,0,0,0,256,16,14,13,1852,3185,2884,54,53,1151,0,1,0,0,0,4,3.02,12.14,3.68,7.06,2.49,16.15,1.19,-9.09
district,Lumbini,Rupandehi,Total,24 Year,10258,0,2,0,193,12,12,12,2096,3375,3123,50,47,1325,0,0,0,0,2,9,2.13,12.92,2.4,7.14,1.93,17.43,0.47,-10.29
district,Lumbini,Rupandehi,Total,25 Year,14155,0,1,1,270,21,15,21,3032,4232,4041,93,83,2336,0,1,1,1,0,6,2.18,16.5,2.51,9.79,1.91,21.96,0.6,-12.17
district,Lumbini,Rupandehi,Male,All Ages,181714,21557,60382,33609,17578,119,458,350,13080,16153,10789,193,293,6800,7,41,3,7,0,295,73.58,3.74,73.58,3.74,69.09,6.0,4.49,-2.26
district,Lumbini,Rupandehi,Male,5 Year,11432,9872,0,0,0,12,68,67,0,0,0,0,7,1241,6,0,0,0,0,159,87.05,10.86,87.05,10.86,87.13,10.55,-0.08,0.31
district,Lumbini,Rupandehi,Male,6 Year,11142,6158,4213,0,0,16,39,26,40,0,0,2,13,586,1,0,0,0,0,48,93.57,5.26,93.57,5.26,93.23,5.56,0.34,-0.3
district,Lumbini,Rupandehi,Male,7 Year,10404,3039,6934,0,0,10,31,17,74,0,0,1,10,265,0,0,0,0,0,23,96.25,2.55,96.25,2.55,95.8,2.99,0.45,-0.44
district,Lumbini,Rupandehi,Male,8 Year,12368,1637,10238,0,0,12,27,4,128,0,0,1,9,297,0,0,0,0,0,15,96.33,2.4,96.33,2.4,96.36,2.23,-0.03,0.17
district,Lumbini,Rupandehi,Male,9 Year,9641,487,8861,0,0,2,34,6,121,0,0,0,7,111,0,0,0,0,0,12,97.33,1.15,97.33,1.15,96.93,1.46,0.4,-0.31
district,Lumbini,Rupandehi,Male,10 Year,13049,201,11038,0,0,8,33,86,1469,0,0,2,5,204,0,0,0,0,0,3,86.44,1.56,86.44,1.56,87.18,1.53,-0.74,0.03
district,Lumbini,Rupandehi,Male,11 Year,9004,48,6586,1640,0,2,13,22,584,17,0,1,3,84,0,0,2,0,0,2,92.06,0.93,92.06,0.93,92.54,1.05,-0.48,-0.12
district,Lumbini,Rupandehi,Male,12 Year,12632,55,6460,5175,0,1,32,24,615,83,0,2,5,173,0,0,0,0,0,7,92.8,1.37,92.8,1.37,92.85,1.59,-0.05,-0.22
district,Lumbini,Rupandehi,Male,13 Year,10563,12,3014,6907,0,0,18,11,331,140,0,1,4,119,0,0,0,0,0,6,94.21,1.13,94.21,1.13,93.9,1.23,0.31,-0.1
district,Lumbini,Rupandehi,Male,14 Year,11464,15,1962,7272,1416,2,26,5,346,211,34,2,4,163,0,4,0,0,0,2,93.27,1.42,93.27,1.42,92.23,1.58,1.04,-0.16
district,Lumbini,Rupandehi,Male,15 Year,10947,9,477,5654,3403,3,37,13,684,349,94,2,9,206,0,5,0,1,0,1,87.54,1.88,87.54,1.88,86.23,2.24,1.31,-0.36
district,Lumbini,Rupandehi,Male,16 Year,9776,13,250,3599,4136,4,20,12,668,621,192,9,8,226,0,15,0,1,0,2,82.06,2.31,82.06,2.31,78.48,2.9,3.58,-0.59
district,Lumbini,Rupandehi,Male,17 Year,6651,5,158,1683,2910,3,14,7,545,794,283,6,15,212,0,12,0,2,0,2,71.76,3.19,71.76,3.19,66.38,3.91,5.38,-0.72
district,Lumbini,Rupandehi,Male,18 Year,7938,4,129,1274,2759,6,16,4,974,1590,751,19,21,386,0,2,0,1,0,2,52.76,4.86,52.76,4.86,44.53,7.66,8.23,-2.8
district,Lumbini,Rupandehi,Male,19 Year,4240,2,58,405,1059,5,10,11,601,1161,715,7,14,190,0,1,0,0,0,1,36.3,4.48,36.3,4.48,29.09,8.01,7.21,-3.53
district,Lumbini,Rupandehi,Male,20 Year,6184,0,0,0,854,10,7,9,1102,2240,1435,24,27,476,0,0,0,0,0,0,14.08,7.7,14.08,7.7,9.79,12.71,4.29,-5.01
district,Lumbini,Rupandehi,Male,21 Year,3731,0,1,0,325,3,7,3,643,1428,1076,20,14,207,0,1,0,1,0,2,9.01,5.55,9.01,5.55,6.62,11.68,2.39,-6.13
district,Lumbini,Rupandehi,Male,22 Year,5515,0,1,0,326,10,7,4,1063,2056,1582,18,29,416,0,1,0,0,0,2,6.24,7.54,6.24,7.54,3.69,14.9,2.55,-7.36
district,Lumbini,Rupandehi,Male,23 Year,4190,0,0,0,142,5,7,6,777,1573,1342,20,21,296,0,0,0,0,0,1,3.68,7.06,3.68,7.06,2.49,16.15,1.19,-9.09
district,Lumbini,Rupandehi,Male,24 Year,4497,0,1,0,100,1,6,5,932,1672,1401,24,30,321,0,0,0,0,0,4,2.4,7.14,2.4,7.14,1.93,17.43,0.47,-10.29
district,Lumbini,Rupandehi,Male,25 Year,6346,0,1,0,148,4,6,8,1383,2218,1884,32,38,621,0,0,1,1,0,1,2.51,9.79,2.51,9.79,1.91,21.96,0.6,-12.17
district,Lumbini,Rupandehi,Female,All Ages,173047,17927,54141,31051,15791,160,484,323,14215,15356,12304,280,286,10391,7,35,4,4,2,286,69.09,6.0,73.58,3.74,69.09,6.0,4.49,-2.26
district,Lumbini,Rupandehi,Female,5 Year,10143,8777,0,0,0,18,43,63,0,0,0,2,17,1070,3,0,0,0,0,150,87.13,10.55,87.05,10.86,87.13,10.55,-0.08,0.31
district,Lumbini,Rupandehi,Female,6 Year,10194,5043,4411,0,0,12,38,25,45,0,0,0,11,567,1,0,0,0,0,41,93.23,5.56,93.57,5.26,93.23,5.56,0.34,-0.3
district,Lumbini,Rupandehi,Female,7 Year,9487,2334,6699,0,0,13,43,9,77,0,0,2,5,284,0,1,0,0,0,20,95.8,2.99,96.25,2.55,95.8,2.99,0.45,-0.44
district,Lumbini,Rupandehi,Female,8 Year,10835,1107,9289,0,0,8,37,12,118,0,0,1,2,242,2,0,0,0,0,17,96.36,2.23,96.33,2.4,96.36,2.23,-0.03,0.17
district,Lumbini,Rupandehi,Female,9 Year,8586,380,7911,0,0,4,27,2,126,0,0,0,6,125,1,1,0,0,0,3,96.93,1.46,97.33,1.15,96.93,1.46,0.4,-0.31
district,Lumbini,Rupandehi,Female,10 Year,11615,168,9909,0,0,5,44,76,1229,0,0,0,4,178,0,1,0,0,0,1,87.18,1.53,86.44,1.56,87.18,1.53,-0.74,0.03
district,Lumbini,Rupandehi,Female,11 Year,7975,42,5523,1788,0,1,26,15,470,15,0,2,4,84,0,0,0,0,0,5,92.54,1.05,92.06,0.93,92.54,1.05,-0.48,-0.12
district,Lumbini,Rupandehi,Female,12 Year,11412,32,5322,5210,0,4,28,24,515,87,0,2,2,181,0,1,0,0,0,4,92.85,1.59,92.8,1.37,92.85,1.59,-0.05,-0.22
district,Lumbini,Rupandehi,Female,13 Year,10010,5,2487,6879,0,2,26,11,316,147,0,1,4,123,0,2,3,0,0,4,93.9,1.23,94.21,1.13,93.9,1.23,0.31,-0.1
district,Lumbini,Rupandehi,Female,14 Year,10697,6,1513,6659,1666,0,22,8,371,226,47,2,4,169,0,1,0,1,0,2,92.23,1.58,93.27,1.42,92.23,1.58,1.04,-0.16
district,Lumbini,Rupandehi,Female,15 Year,10475,4,430,4907,3646,6,40,9,701,364,114,4,6,235,0,5,0,2,0,2,86.23,2.24,87.54,1.88,86.23,2.24,1.31,-0.36
district,Lumbini,Rupandehi,Female,16 Year,9216,14,280,3037,3877,6,19,8,763,663,246,19,3,267,0,13,0,0,0,1,78.48,2.9,82.06,2.31,78.48,2.9,3.58,-0.59
district,Lumbini,Rupandehi,Female,17 Year,5862,8,146,1330,2387,2,18,5,604,773,344,4,9,229,0,3,0,0,0,0,66.38,3.91,71.76,3.19,66.38,3.91,5.38,-0.72
district,Lumbini,Rupandehi,Female,18 Year,7008,5,145,927,2015,8,21,3,1028,1446,826,24,16,537,0,1,1,0,0,5,44.53,7.66,52.76,4.86,44.53,7.66,8.23,-2.8
district,Lumbini,Rupandehi,Female,19 Year,4080,2,74,312,786,6,7,1,655,1031,846,14,14,327,0,2,0,0,0,3,29.09,8.01,36.3,4.48,29.09,8.01,7.21,-3.53
district,Lumbini,Rupandehi,Female,20 Year,6709,0,1,0,638,11,7,10,1363,2062,1692,33,33,853,0,1,0,1,0,4,9.79,12.71,14.08,7.7,9.79,12.71,4.29,-5.01
district,Lumbini,Rupandehi,Female,21 Year,3912,0,0,1,240,11,7,7,718,1304,1128,23,12,457,0,0,0,0,0,4,6.62,11.68,9.01,5.55,6.62,11.68,2.39,-6.13
district,Lumbini,Rupandehi,Female,22 Year,5968,0,0,0,207,4,9,8,1228,1909,1640,26,40,889,0,1,0,0,0,7,3.69,14.9,6.24,7.54,3.69,14.9,2.55,-7.36
district,Lumbini,Rupandehi,Female,23 Year,5293,0,0,0,114,11,7,7,1075,1612,1542,34,32,855,0,1,0,0,0,3,2.49,16.15,3.68,7.06,2.49,16.15,1.19,-9.09
district,Lumbini,Rupandehi,Female,24 Year,5761,0,1,0,93,11,6,7,1164,1703,1722,26,17,1004,0,0,0,0,2,5,1.93,17.43,2.4,7.14,1.93,17.43,0.47,-10.29
district,Lumbini,Rupandehi,Female,25 Year,7809,0,0,1,122,17,9,13,1649,2014,2157,61,45,1715,0,1,0,0,0,5,1.91,21.96,2.51,9.79,1.91,21.96,0.6,-12.17
district,Lumbini,Kapilbastu,Total,All Ages,270753,26682,85867,40355,19539,251,765,657,30534,22609,16172,524,312,26103,10,43,5,4,0,321,64.07,9.64,66.57,7.92,61.6,11.34,4.97,-3.42
district,Lumbini,Kapilbastu,Total,5 Year,16318,13206,0,0,0,9,87,123,0,0,0,1,8,2720,4,0,0,0,0,160,81.52,16.67,81.54,16.8,81.49,16.52,0.05,0.28
district,Lumbini,Kapilbastu,Total,6 Year,15385,6017,7599,0,0,8,94,26,96,0,0,2,4,1482,3,0,0,0,0,54,89.16,9.63,89.11,9.66,89.23,9.6,-0.12,0.06
district,Lumbini,Kapilbastu,Total,7 Year,14186,3504,9567,0,0,8,66,16,131,0,0,7,8,858,1,0,0,0,0,20,92.66,6.05,92.39,6.12,92.94,5.97,-0.55,0.15
district,Lumbini,Kapilbastu,Total,8 Year,18124,2369,14425,0,0,24,80,11,236,0,0,8,8,937,2,3,0,0,0,21,93.24,5.17,93.07,5.14,93.41,5.2,-0.34,-0.06
district,Lumbini,Kapilbastu,Total,9 Year,12043,834,10443,0,0,3,51,1,218,0,0,4,9,475,0,0,0,0,0,5,94.09,3.94,94.28,3.83,93.88,4.06,0.4,-0.23
district,Lumbini,Kapilbastu,Total,10 Year,19034,424,15062,0,0,15,83,215,2461,0,0,8,9,750,0,1,0,0,0,6,81.87,3.94,81.73,3.69,82.03,4.22,-0.3,-0.53
district,Lumbini,Kapilbastu,Total,11 Year,11105,125,7703,1830,0,5,25,47,972,35,0,8,2,347,0,1,0,0,0,5,87.24,3.12,87.49,2.93,86.97,3.34,0.52,-0.41
district,Lumbini,Kapilbastu,Total,12 Year,18256,93,9618,5998,0,15,35,46,1499,165,0,10,6,767,0,2,1,0,0,1,86.32,4.2,86.64,3.89,85.97,4.54,0.67,-0.65
district,Lumbini,Kapilbastu,Total,13 Year,14133,21,5225,7136,0,7,36,26,934,232,0,10,5,497,0,0,1,0,0,3,87.91,3.52,88.85,3.34,87.02,3.68,1.83,-0.34
district,Lumbini,Kapilbastu,Total,14 Year,15367,33,3614,7995,1503,4,28,12,1071,383,58,13,8,640,0,3,0,1,0,1,85.75,4.16,86.6,3.72,84.92,4.6,1.68,-0.88
district,Lumbini,Kapilbastu,Total,15 Year,15682,20,1110,7197,3369,11,33,23,2077,738,172,18,15,886,0,4,0,1,0,8,74.86,5.65,76.55,4.86,73.17,6.44,3.38,-1.58
district,Lumbini,Kapilbastu,Total,16 Year,14728,17,661,5062,4312,10,34,21,2006,1186,334,23,10,1040,0,8,1,0,0,3,68.55,7.06,71.38,6.32,65.83,7.78,5.55,-1.46
district,Lumbini,Kapilbastu,Total,17 Year,10198,5,304,2466,3180,6,21,5,1596,1271,506,26,12,786,0,7,0,1,0,6,58.66,7.71,62.11,6.88,55.15,8.55,6.96,-1.67
district,Lumbini,Kapilbastu,Total,18 Year,13881,9,408,2054,3267,10,22,11,2685,2467,1299,56,29,1555,0,3,0,0,0,6,41.57,11.2,45.48,9.56,37.48,12.92,8.0,-3.36
district,Lumbini,Kapilbastu,Total,19 Year,6978,5,125,616,1270,7,11,9,1372,1604,1087,32,12,823,0,2,0,1,0,2,29.15,11.79,33.64,9.93,24.9,13.56,8.74,-3.63
district,Lumbini,Kapilbastu,Total,20 Year,12058,0,1,1,1241,24,14,15,2921,3310,2227,65,34,2195,0,4,0,0,0,6,10.62,18.2,13.16,14.03,8.48,21.72,4.68,-7.69
district,Lumbini,Kapilbastu,Total,21 Year,6142,0,0,0,429,15,9,3,1372,1712,1611,36,15,937,0,2,0,0,0,1,7.38,15.26,9.11,9.73,5.82,20.24,3.29,-10.51
district,Lumbini,Kapilbastu,Total,22 Year,9997,0,1,0,411,22,10,11,2355,2724,2439,47,30,1943,0,1,0,0,0,3,4.44,19.44,5.15,14.34,3.8,24.03,1.35,-9.69
district,Lumbini,Kapilbastu,Total,23 Year,7439,0,1,0,198,15,12,10,1696,1999,1874,42,23,1565,0,0,0,0,0,4,3.04,21.04,4.02,14.04,2.35,25.92,1.67,-11.88
district,Lumbini,Kapilbastu,Total,24 Year,7983,0,0,0,173,15,5,10,1896,2037,1966,41,29,1808,0,1,0,0,0,2,2.42,22.65,2.68,14.9,2.23,28.26,0.45,-13.36
district,Lumbini,Kapilbastu,Total,25 Year,11716,0,0,0,186,18,9,16,2940,2746,2599,67,36,3092,0,1,2,0,0,4,1.82,26.39,2.09,18.76,1.58,32.92,0.51,-14.16
district,Lumbini,Kapilbastu,Male,All Ages,134510,14364,44098,20500,10131,82,365,379,14008,11566,7896,149,134,10654,5,20,4,1,0,154,66.57,7.92,66.57,7.92,61.6,11.34,4.97,-3.42
district,Lumbini,Kapilbastu,Male,5 Year,8510,6894,0,0,0,5,40,61,0,0,0,1,4,1430,2,0,0,0,0,73,81.54,16.8,81.54,16.8,81.49,16.52,0.05,0.28
district,Lumbini,Kapilbastu,Male,6 Year,7951,3309,3727,0,0,7,42,15,51,0,0,1,1,768,2,0,0,0,0,28,89.11,9.66,89.11,9.66,89.23,9.6,-0.12,0.06
district,Lumbini,Kapilbastu,Male,7 Year,7137,1916,4642,0,0,4,32,10,74,0,0,4,5,437,0,0,0,0,0,13,92.39,6.12,92.39,6.12,92.94,5.97,-0.55,0.15
district,Lumbini,Kapilbastu,Male,8 Year,9217,1362,7164,0,0,13,39,8,132,0,0,4,6,474,1,2,0,0,0,12,93.07,5.14,93.07,5.14,93.41,5.2,-0.34,-0.06
district,Lumbini,Kapilbastu,Male,9 Year,6211,472,5362,0,0,1,21,0,109,0,0,1,4,238,0,0,0,0,0,3,94.28,3.83,94.28,3.83,93.88,4.06,0.4,-0.23
district,Lumbini,Kapilbastu,Male,10 Year,9957,233,7859,0,0,4,42,128,1312,0,0,3,5,367,0,0,0,0,0,4,81.73,3.69,81.73,3.69,82.03,4.22,-0.3,-0.53
district,Lumbini,Kapilbastu,Male,11 Year,5802,74,4118,872,0,2,10,34,497,21,0,2,1,170,0,0,0,0,0,1,87.49,2.93,87.49,2.93,86.97,3.34,0.52,-0.41
district,Lumbini,Kapilbastu,Male,12 Year,9537,47,5246,2943,0,5,22,24,788,84,0,2,2,371,0,1,1,0,0,1,86.64,3.89,86.64,3.89,85.97,4.54,0.67,-0.65
district,Lumbini,Kapilbastu,Male,13 Year,6907,11,2744,3366,0,1,15,18,417,97,0,2,3,231,0,0,0,0,0,2,88.85,3.34,88.85,3.34,87.02,3.68,1.83,-0.34
district,Lumbini,Kapilbastu,Male,14 Year,7604,18,1942,3978,635,0,12,10,513,175,33,0,4,283,0,1,0,0,0,0,86.6,3.72,86.6,3.72,84.92,4.6,1.68,-0.88
district,Lumbini,Kapilbastu,Male,15 Year,7855,8,579,3833,1573,2,18,12,1017,348,72,1,4,382,0,1,0,1,0,4,76.55,4.86,76.55,4.86,73.17,6.44,3.38,-1.58
district,Lumbini,Kapilbastu,Male,16 Year,7218,7,305,2633,2188,5,14,12,850,571,164,7,1,456,0,3,1,0,0,1,71.38,6.32,71.38,6.32,65.83,7.78,5.55,-1.46
district,Lumbini,Kapilbastu,Male,17 Year,5146,1,151,1353,1685,1,5,3,698,650,229,5,5,354,0,4,0,0,0,2,62.11,6.88,62.11,6.88,55.15,8.55,6.96,-1.67
district,Lumbini,Kapilbastu,Male,18 Year,7091,7,207,1154,1838,2,17,5,1246,1281,627,13,13,678,0,1,0,0,0,2,45.48,9.56,45.48,9.56,37.48,12.92,8.0,-3.36
district,Lumbini,Kapilbastu,Male,19 Year,3395,5,52,367,710,3,5,6,591,804,499,10,3,337,0,1,0,0,0,2,33.64,9.93,33.64,9.93,24.9,13.56,8.74,-3.63
district,Lumbini,Kapilbastu,Male,20 Year,5515,0,0,1,713,6,6,10,1249,1665,1048,21,18,774,0,3,0,0,0,1,13.16,14.03,13.16,14.03,8.48,21.72,4.68,-7.69
district,Lumbini,Kapilbastu,Male,21 Year,2910,0,0,0,258,2,5,1,628,930,783,11,7,283,0,1,0,0,0,1,9.11,9.73,9.11,9.73,5.82,20.24,3.29,-10.51
district,Lumbini,Kapilbastu,Male,22 Year,4736,0,0,0,236,5,3,8,1041,1471,1269,12,10,679,0,0,0,0,0,2,5.15,14.34,5.15,14.34,3.8,24.03,1.35,-9.69
district,Lumbini,Kapilbastu,Male,23 Year,3056,0,0,0,109,6,8,3,663,946,871,13,7,429,0,0,0,0,0,1,4.02,14.04,4.02,14.04,2.35,25.92,1.67,-11.88
district,Lumbini,Kapilbastu,Male,24 Year,3355,0,0,0,85,2,3,4,778,1029,927,12,14,500,0,1,0,0,0,0,2.68,14.9,2.68,14.9,2.23,28.26,0.45,-13.36
district,Lumbini,Kapilbastu,Male,25 Year,5400,0,0,0,101,6,6,7,1354,1494,1374,24,17,1013,0,1,2,0,0,1,2.09,18.76,2.09,18.76,1.58,32.92,0.51,-14.16
district,Lumbini,Kapilbastu,Female,All Ages,136243,12318,41769,19855,9408,169,400,278,16526,11043,8276,375,178,15449,5,23,1,3,0,167,61.6,11.34,66.57,7.92,61.6,11.34,4.97,-3.42
district,Lumbini,Kapilbastu,Female,5 Year,7808,6312,0,0,0,4,47,62,0,0,0,0,4,1290,2,0,0,0,0,87,81.49,16.52,81.54,16.8,81.49,16.52,0.05,0.28
district,Lumbini,Kapilbastu,Female,6 Year,7434,2708,3872,0,0,1,52,11,45,0,0,1,3,714,1,0,0,0,0,26,89.23,9.6,89.11,9.66,89.23,9.6,-0.12,0.06
district,Lumbini,Kapilbastu,Female,7 Year,7049,1588,4925,0,0,4,34,6,57,0,0,3,3,421,1,0,0,0,0,7,92.94,5.97,92.39,6.12,92.94,5.97,-0.55,0.15
district,Lumbini,Kapilbastu,Female,8 Year,8907,1007,7261,0,0,11,41,3,104,0,0,4,2,463,1,1,0,0,0,9,93.41,5.2,93.07,5.14,93.41,5.2,-0.34,-0.06
district,Lumbini,Kapilbastu,Female,9 Year,5832,362,5081,0,0,2,30,1,109,0,0,3,5,237,0,0,0,0,0,2,93.88,4.06,94.28,3.83,93.88,4.06,0.4,-0.23
district,Lumbini,Kapilbastu,Female,10 Year,9077,191,7203,0,0,11,41,87,1149,0,0,5,4,383,0,1,0,0,0,2,82.03,4.22,81.73,3.69,82.03,4.22,-0.3,-0.53
district,Lumbini,Kapilbastu,Female,11 Year,5303,51,3585,958,0,3,15,13,475,14,0,6,1,177,0,1,0,0,0,4,86.97,3.34,87.49,2.93,86.97,3.34,0.52,-0.41
district,Lumbini,Kapilbastu,Female,12 Year,8719,46,4372,3055,0,10,13,22,711,81,0,8,4,396,0,1,0,0,0,0,85.97,4.54,86.64,3.89,85.97,4.54,0.67,-0.65
district,Lumbini,Kapilbastu,Female,13 Year,7226,10,2481,3770,0,6,21,8,517,135,0,8,2,266,0,0,1,0,0,1,87.02,3.68,88.85,3.34,87.02,3.68,1.83,-0.34
district,Lumbini,Kapilbastu,Female,14 Year,7763,15,1672,4017,868,4,16,2,558,208,25,13,4,357,0,2,0,1,0,1,84.92,4.6,86.6,3.72,84.92,4.6,1.68,-0.88
district,Lumbini,Kapilbastu,Female,15 Year,7827,12,531,3364,1796,9,15,11,1060,390,100,17,11,504,0,3,0,0,0,4,73.17,6.44,76.55,4.86,73.17,6.44,3.38,-1.58
district,Lumbini,Kapilbastu,Female,16 Year,7510,10,356,2429,2124,5,20,9,1156,615,170,16,9,584,0,5,0,0,0,2,65.83,7.78,71.38,6.32,65.83,7.78,5.55,-1.46
district,Lumbini,Kapilbastu,Female,17 Year,5052,4,153,1113,1495,5,16,2,898,621,277,21,7,432,0,3,0,1,0,4,55.15,8.55,62.11,6.88,55.15,8.55,6.96,-1.67
district,Lumbini,Kapilbastu,Female,18 Year,6790,2,201,900,1429,8,5,6,1439,1186,672,43,16,877,0,2,0,0,0,4,37.48,12.92,45.48,9.56,37.48,12.92,8.0,-3.36
district,Lumbini,Kapilbastu,Female,19 Year,3583,0,73,249,560,4,6,3,781,800,588,22,9,486,0,1,0,1,0,0,24.9,13.56,33.64,9.93,24.9,13.56,8.74,-3.63
district,Lumbini,Kapilbastu,Female,20 Year,6543,0,1,0,528,18,8,5,1672,1645,1179,44,16,1421,0,1,0,0,0,5,8.48,21.72,13.16,14.03,8.48,21.72,4.68,-7.69
district,Lumbini,Kapilbastu,Female,21 Year,3232,0,0,0,171,13,4,2,744,782,828,25,8,654,0,1,0,0,0,0,5.82,20.24,9.11,9.73,5.82,20.24,3.29,-10.51
district,Lumbini,Kapilbastu,Female,22 Year,5261,0,1,0,175,17,7,3,1314,1253,1170,35,20,1264,0,1,0,0,0,1,3.8,24.03,5.15,14.34,3.8,24.03,1.35,-9.69
district,Lumbini,Kapilbastu,Female,23 Year,4383,0,1,0,89,9,4,7,1033,1053,1003,29,16,1136,0,0,0,0,0,3,2.35,25.92,4.02,14.04,2.35,25.92,1.67,-11.88
district,Lumbini,Kapilbastu,Female,24 Year,4628,0,0,0,88,13,2,6,1118,1008,1039,29,15,1308,0,0,0,0,0,2,2.23,28.26,2.68,14.9,2.23,28.26,0.45,-13.36
district,Lumbini,Kapilbastu,Female,25 Year,6316,0,0,0,85,12,3,9,1586,1252,1225,43,19,2079,0,0,0,0,0,3,1.58,32.92,2.09,18.76,1.58,32.92,0.51,-14.16
district,Lumbini,Dang,Total,All Ages,220847,20710,70571,42562,25001,196,690,263,14343,22745,18863,286,260,4064,3,52,8,8,5,217,72.33,1.84,74.7,1.63,69.98,2.05,4.72,-0.42
district,Lumbini,Dang,Total,5 Year,11883,11064,0,0,0,39,68,52,0,0,0,0,12,549,2,0,0,0,0,97,94.01,4.62,94.4,4.44,93.58,4.81,0.82,-0.37
district,Lumbini,Dang,Total,6 Year,12440,5897,6078,0,0,23,55,25,66,0,0,0,3,260,0,0,0,0,1,32,96.89,2.09,96.88,2.06,96.9,2.12,-0.02,-0.06
district,Lumbini,Dang,Total,7 Year,12261,2525,9432,0,0,19,41,14,87,0,0,0,7,124,1,0,0,0,0,11,98.01,1.01,98.23,0.92,97.78,1.11,0.45,-0.19
district,Lumbini,Dang,Total,8 Year,13213,842,12038,0,0,6,62,4,129,0,0,1,4,114,0,0,0,0,0,13,97.99,0.86,98.08,0.97,97.89,0.74,0.19,0.23
district,Lumbini,Dang,Total,9 Year,12318,221,11782,0,0,2,55,4,160,0,0,2,9,78,0,0,0,0,0,5,97.91,0.63,97.87,0.76,97.94,0.49,-0.07,0.27
district,Lumbini,Dang,Total,10 Year,13468,54,11988,0,0,3,57,26,1222,0,0,2,11,100,0,0,0,0,0,5,89.86,0.74,89.35,0.79,90.42,0.69,-1.07,0.1
district,Lumbini,Dang,Total,11 Year,11810,19,8340,2754,0,1,27,14,551,31,0,0,2,67,0,2,0,0,0,2,94.34,0.57,94.02,0.62,94.67,0.51,-0.65,0.11
district,Lumbini,Dang,Total,12 Year,14234,21,6076,7483,0,3,36,11,389,99,0,0,2,105,0,2,1,0,1,5,95.68,0.74,95.17,0.85,96.24,0.62,-1.07,0.23
district,Lumbini,Dang,Total,13 Year,13408,15,2559,10264,0,2,34,11,287,154,0,2,3,76,0,0,0,0,0,1,96.02,0.57,95.66,0.6,96.38,0.54,-0.72,0.06
district,Lumbini,Dang,Total,14 Year,14531,8,1278,9666,2765,5,35,5,325,295,46,0,3,87,0,9,1,0,1,2,94.67,0.6,93.79,0.72,95.58,0.47,-1.79,0.25
district,Lumbini,Dang,Total,15 Year,13652,15,350,6292,5631,2,59,12,567,488,114,4,4,101,0,9,0,3,0,1,90.46,0.74,89.06,0.91,91.85,0.57,-2.79,0.34
district,Lumbini,Dang,Total,16 Year,11703,7,217,3336,6234,4,35,9,611,841,269,6,3,116,0,11,0,1,0,3,84.02,0.99,82.96,0.93,85.12,1.06,-2.16,-0.13
district,Lumbini,Dang,Total,17 Year,7846,5,156,1344,4019,4,30,1,571,1055,535,6,11,98,0,7,0,2,0,2,70.84,1.25,70.46,1.49,71.24,1.0,-0.78,0.49
district,Lumbini,Dang,Total,18 Year,8139,10,175,960,2755,5,14,6,960,1913,1106,19,17,187,0,6,0,0,0,6,48.15,2.3,49.37,2.02,46.84,2.6,2.53,-0.58
district,Lumbini,Dang,Total,19 Year,5513,7,100,463,1213,3,14,9,751,1647,1144,7,5,144,0,1,1,0,1,3,32.65,2.61,33.72,2.27,31.66,2.93,2.06,-0.66
district,Lumbini,Dang,Total,20 Year,7266,0,1,0,881,4,9,8,1205,2677,2183,31,24,239,0,1,0,0,0,3,12.32,3.29,14.33,3.12,10.72,3.43,3.61,-0.31
district,Lumbini,Dang,Total,21 Year,6101,0,1,0,437,13,10,8,986,2253,2115,28,20,221,0,0,2,1,0,6,7.56,3.62,7.53,3.08,7.57,4.07,-0.04,-0.99
district,Lumbini,Dang,Total,22 Year,7648,0,0,0,382,8,15,9,1293,2897,2648,47,28,316,0,0,1,0,0,4,5.3,4.13,5.7,3.41,4.97,4.71,0.73,-1.3
district,Lumbini,Dang,Total,23 Year,7019,0,0,0,266,13,8,8,1218,2596,2563,40,24,273,0,2,0,0,1,7,4.09,3.89,3.87,3.28,4.24,4.32,-0.37,-1.04
district,Lumbini,Dang,Total,24 Year,7426,0,0,0,218,14,15,10,1249,2716,2836,38,26,296,0,2,1,1,0,4,3.33,3.99,4.0,3.13,2.87,4.56,1.13,-1.43
district,Lumbini,Dang,Total,25 Year,8968,0,0,0,200,23,11,17,1716,3083,3304,53,42,513,0,0,1,0,0,5,2.61,5.72,2.78,3.85,2.49,7.04,0.29,-3.19
district,Lumbini,Dang,Male,All Ages,109672,11097,37106,21242,12053,88,339,104,7221,10987,7289,109,102,1788,1,33,4,3,2,104,74.7,1.63,74.7,1.63,69.98,2.05,4.72,-0.42
district,Lumbini,Dang,Male,5 Year,6212,5810,0,0,0,19,35,17,0,0,0,0,7,276,1,0,0,0,0,47,94.4,4.44,94.4,4.44,93.58,4.81,0.82,-0.37
district,Lumbini,Dang,Male,6 Year,6447,3172,3036,0,0,12,26,13,35,0,0,0,0,133,0,0,0,0,0,20,96.88,2.06,96.88,2.06,96.9,2.12,-0.02,-0.06
district,Lumbini,Dang,Male,7 Year,6320,1421,4759,0,0,10,18,6,40,0,0,0,3,58,0,0,0,0,0,5,98.23,0.92,98.23,0.92,97.78,1.11,0.45,-0.19
district,Lumbini,Dang,Male,8 Year,6996,484,6339,0,0,2,37,2,60,0,0,0,2,68,0,0,0,0,0,2,98.08,0.97,98.08,0.97,97.89,0.74,0.19,0.23
district,Lumbini,Dang,Male,9 Year,6442,126,6152,0,0,0,27,2,78,0,0,1,4,49,0,0,0,0,0,3,97.87,0.76,97.87,0.76,97.94,0.49,-0.07,0.27
district,Lumbini,Dang,Male,10 Year,7051,26,6245,0,0,2,27,12,673,0,0,2,5,56,0,0,0,0,0,3,89.35,0.79,89.35,0.79,90.42,0.69,-1.07,0.1
district,Lumbini,Dang,Male,11 Year,6124,12,4460,1268,0,1,17,6,299,20,0,0,0,38,0,2,0,0,0,1,94.02,0.62,94.02,0.62,94.67,0.51,-0.65,0.11
district,Lumbini,Dang,Male,12 Year,7428,11,3434,3605,0,1,18,4,233,51,0,0,1,63,0,2,0,0,1,4,95.17,0.85,95.17,0.85,96.24,0.62,-1.07,0.23
district,Lumbini,Dang,Male,13 Year,6704,10,1459,4926,0,2,16,6,168,76,0,1,0,40,0,0,0,0,0,0,95.66,0.6,95.66,0.6,96.38,0.54,-0.72,0.06
district,Lumbini,Dang,Male,14 Year,7359,5,703,4917,1256,5,16,2,202,167,25,0,1,53,0,5,0,0,1,1,93.79,0.72,93.79,0.72,95.58,0.47,-1.79,0.25
district,Lumbini,Dang,Male,15 Year,6809,8,195,3229,2593,2,37,3,342,279,45,2,3,62,0,6,0,2,0,1,89.06,0.91,89.06,0.91,91.85,0.57,-2.79,0.34
district,Lumbini,Dang,Male,16 Year,5932,6,115,1774,3010,3,13,7,345,473,119,1,3,55,0,7,0,0,0,1,82.96,0.93,82.96,0.93,85.12,1.06,-2.16,-0.13
district,Lumbini,Dang,Male,17 Year,4039,2,75,735,2014,3,17,0,323,588,205,4,7,60,0,5,0,1,0,0,70.46,1.49,70.46,1.49,71.24,1.0,-0.78,0.49
district,Lumbini,Dang,Male,18 Year,4209,2,97,545,1425,2,7,4,541,1038,441,8,6,85,0,4,0,0,0,4,49.37,2.02,49.37,2.02,46.84,2.6,2.53,-0.58
district,Lumbini,Dang,Male,19 Year,2648,2,36,243,604,2,6,2,394,824,468,3,1,60,0,0,1,0,0,2,33.72,2.27,33.72,2.27,31.66,2.93,2.06,-0.66
district,Lumbini,Dang,Male,20 Year,3210,0,0,0,459,1,0,3,545,1272,809,8,10,100,0,1,0,0,0,2,14.33,3.12,14.33,3.12,10.72,3.43,3.61,-0.31
district,Lumbini,Dang,Male,21 Year,2761,0,1,0,198,6,3,3,513,1103,830,10,7,85,0,0,0,0,0,2,7.53,3.08,7.53,3.08,7.57,4.07,-0.04,-0.99
district,Lumbini,Dang,Male,22 Year,3402,0,0,0,187,3,4,3,595,1401,1055,21,12,116,0,0,1,0,0,4,5.7,3.41,5.7,3.41,4.97,4.71,0.73,-1.3
district,Lumbini,Dang,Male,23 Year,2895,0,0,0,105,3,4,1,559,1152,951,16,9,95,0,0,0,0,0,0,3.87,3.28,3.87,3.28,4.24,4.32,-0.37,-1.04
district,Lumbini,Dang,Male,24 Year,2973,0,0,0,109,3,7,4,528,1160,1043,14,9,93,0,1,1,0,0,1,4.0,3.13,4.0,3.13,2.87,4.56,1.13,-1.43
district,Lumbini,Dang,Male,25 Year,3711,0,0,0,93,6,4,4,748,1383,1298,18,12,143,0,0,1,0,0,1,2.78,3.85,2.78,3.85,2.49,7.04,0.29,-3.19
district,Lumbini,Dang,Female,All Ages,111175,9613,33465,21320,12948,108,351,159,7122,11758,11574,177,158,2276,2,19,4,5,3,113,69.98,2.05,74.7,1.63,69.98,2.05,4.72,-0.42
district,Lumbini,Dang,Female,5 Year,5671,5254,0,0,0,20,33,35,0,0,0,0,5,273,1,0,0,0,0,50,93.58,4.81,94.4,4.44,93.58,4.81,0.82,-0.37
district,Lumbini,Dang,Female,6 Year,5993,2725,3042,0,0,11,29,12,31,0,0,0,3,127,0,0,0,0,1,12,96.9,2.12,96.88,2.06,96.9,2.12,-0.02,-0.06
district,Lumbini,Dang,Female,7 Year,5941,1104,4673,0,0,9,23,8,47,0,0,0,4,66,1,0,0,0,0,6,97.78,1.11,98.23,0.92,97.78,1.11,0.45,-0.19
district,Lumbini,Dang,Female,8 Year,6217,358,5699,0,0,4,25,2,69,0,0,1,2,46,0,0,0,0,0,11,97.89,0.74,98.08,0.97,97.89,0.74,0.19,0.23
district,Lumbini,Dang,Female,9 Year,5876,95,5630,0,0,2,28,2,82,0,0,1,5,29,0,0,0,0,0,2,97.94,0.49,97.87,0.76,97.94,0.49,-0.07,0.27
district,Lumbini,Dang,Female,10 Year,6417,28,5743,0,0,1,30,14,549,0,0,0,6,44,0,0,0,0,0,2,90.42,0.69,89.35,0.79,90.42,0.69,-1.07,0.1
district,Lumbini,Dang,Female,11 Year,5686,7,3880,1486,0,0,10,8,252,11,0,0,2,29,0,0,0,0,0,1,94.67,0.51,94.02,0.62,94.67,0.51,-0.65,0.11
district,Lumbini,Dang,Female,12 Year,6806,10,2642,3878,0,2,18,7,156,48,0,0,1,42,0,0,1,0,0,1,96.24,0.62,95.17,0.85,96.24,0.62,-1.07,0.23
district,Lumbini,Dang,Female,13 Year,6704,5,1100,5338,0,0,18,5,119,78,0,1,3,36,0,0,0,0,0,1,96.38,0.54,95.66,0.6,96.38,0.54,-0.72,0.06
district,Lumbini,Dang,Female,14 Year,7172,3,575,4749,1509,0,19,3,123,128,21,0,2,34,0,4,1,0,0,1,95.58,0.47,93.79,0.72,95.58,0.47,-1.79,0.25
district,Lumbini,Dang,Female,15 Year,6843,7,155,3063,3038,0,22,9,225,209,69,2,1,39,0,3,0,1,0,0,91.85,0.57,89.06,0.91,91.85,0.57,-2.79,0.34
district,Lumbini,Dang,Female,16 Year,5771,1,102,1562,3224,1,22,2,266,368,150,5,0,61,0,4,0,1,0,2,85.12,1.06,82.96,0.93,85.12,1.06,-2.16,-0.13
district,Lumbini,Dang,Female,17 Year,3807,3,81,609,2005,1,13,1,248,467,330,2,4,38,0,2,0,1,0,2,71.24,1.0,70.46,1.49,71.24,1.0,-0.78,0.49
district,Lumbini,Dang,Female,18 Year,3930,8,78,415,1330,3,7,2,419,875,665,11,11,102,0,2,0,0,0,2,46.84,2.6,49.37,2.02,46.84,2.6,2.53,-0.58
district,Lumbini,Dang,Female,19 Year,2865,5,64,220,609,1,8,7,357,823,676,4,4,84,0,1,0,0,1,1,31.66,2.93,33.72,2.27,31.66,2.93,2.06,-0.66
district,Lumbini,Dang,Female,20 Year,4056,0,1,0,422,3,9,5,660,1405,1374,23,14,139,0,0,0,0,0,1,10.72,3.43,14.33,3.12,10.72,3.43,3.61,-0.31
district,Lumbini,Dang,Female,21 Year,3340,0,0,0,239,7,7,5,473,1150,1285,18,13,136,0,0,2,1,0,4,7.57,4.07,7.53,3.08,7.57,4.07,-0.04,-0.99
district,Lumbini,Dang,Female,22 Year,4246,0,0,0,195,5,11,6,698,1496,1593,26,16,200,0,0,0,0,0,0,4.97,4.71,5.7,3.41,4.97,4.71,0.73,-1.3
district,Lumbini,Dang,Female,23 Year,4124,0,0,0,161,10,4,7,659,1444,1612,24,15,178,0,2,0,0,1,7,4.24,4.32,3.87,3.28,4.24,4.32,-0.37,-1.04
district,Lumbini,Dang,Female,24 Year,4453,0,0,0,109,11,8,6,721,1556,1793,24,17,203,0,1,0,1,0,3,2.87,4.56,4.0,3.13,2.87,4.56,1.13,-1.43
district,Lumbini,Dang,Female,25 Year,5257,0,0,0,107,17,7,13,968,1700,2006,35,30,370,0,0,0,0,0,4,2.49,7.04,2.78,3.85,2.49,7.04,0.29,-3.19
district,Lumbini,Banke,Total,All Ages,218792,20494,64334,32415,17583,706,810,471,19653,15957,14379,631,396,30652,2,51,5,13,4,236,62.32,14.01,64.86,12.1,59.7,15.97,5.16,-3.87
district,Lumbini,Banke,Total,5 Year,13343,10248,0,0,0,36,89,73,0,0,0,8,13,2764,1,0,0,0,1,110,77.74,20.71,78.99,19.44,76.33,22.15,2.66,-2.71
district,Lumbini,Banke,Total,6 Year,12535,5235,5328,0,0,40,76,19,72,0,0,6,14,1698,1,3,0,0,1,42,85.19,13.55,85.8,13.09,84.53,14.04,1.27,-0.95
district,Lumbini,Banke,Total,7 Year,12067,2715,7800,0,0,41,55,20,84,0,0,11,15,1311,0,1,0,0,0,14,87.93,10.86,88.16,10.79,87.68,10.95,0.48,-0.16
district,Lumbini,Banke,Total,8 Year,13932,1359,10811,0,0,47,69,10,169,0,0,8,10,1432,0,3,0,0,0,14,88.19,10.28,88.65,9.84,87.66,10.78,0.99,-0.94
district,Lumbini,Banke,Total,9 Year,11472,531,9792,0,0,29,75,12,164,0,0,4,17,839,0,3,0,0,0,6,90.89,7.31,91.59,6.56,90.12,8.14,1.47,-1.58
district,Lumbini,Banke,Total,10 Year,14240,186,10861,0,0,55,76,96,1526,0,0,8,19,1409,0,2,0,0,0,2,78.5,9.89,78.73,9.34,78.23,10.52,0.5,-1.18
district,Lumbini,Banke,Total,11 Year,10264,61,6751,2041,0,31,30,42,712,31,0,9,1,550,0,1,0,0,0,4,86.85,5.36,86.79,4.82,86.91,5.93,-0.12,-1.11
district,Lumbini,Banke,Total,12 Year,14145,58,6301,5471,0,39,49,34,857,118,0,9,12,1190,0,1,1,0,0,5,84.26,8.41,84.75,7.95,83.71,8.93,1.04,-0.98
district,Lumbini,Banke,Total,13 Year,12114,28,3117,7395,0,24,41,17,524,133,0,15,7,810,0,2,0,0,0,1,87.54,6.69,88.01,6.22,87.06,7.17,0.95,-0.95
district,Lumbini,Banke,Total,14 Year,12535,15,1933,6702,1933,30,30,23,674,236,43,14,6,887,0,5,0,2,0,2,84.91,7.08,85.59,6.51,84.2,7.66,1.39,-1.15
district,Lumbini,Banke,Total,15 Year,12520,17,649,4939,3834,32,70,22,1228,360,117,23,8,1211,0,9,0,0,0,1,76.21,9.67,77.06,8.73,75.33,10.64,1.73,-1.91
district,Lumbini,Banke,Total,16 Year,10740,13,393,2875,4114,23,37,17,1180,565,221,25,11,1257,0,5,0,1,0,3,69.41,11.7,71.26,10.19,67.43,13.33,3.83,-3.14
district,Lumbini,Banke,Total,17 Year,7303,8,222,1430,2582,24,15,13,977,698,394,25,17,893,0,3,0,0,0,2,58.62,12.23,60.62,10.01,56.38,14.7,4.24,-4.69
district,Lumbini,Banke,Total,18 Year,9434,18,243,1142,2271,48,26,12,1504,1346,866,45,27,1875,0,5,0,2,0,4,39.73,19.87,43.55,17.66,35.44,22.37,8.11,-4.71
district,Lumbini,Banke,Total,19 Year,5550,2,130,419,897,20,10,5,949,1120,940,33,17,1002,0,2,0,1,0,3,26.63,18.05,31.06,14.44,22.39,21.51,8.67,-7.07
district,Lumbini,Banke,Total,20 Year,9587,0,0,1,789,53,16,7,2023,2156,1846,75,54,2560,0,0,0,0,0,7,8.96,26.7,9.64,22.45,8.37,30.35,1.27,-7.9
district,Lumbini,Banke,Total,21 Year,5461,0,0,0,346,22,8,8,960,1497,1508,36,25,1046,0,3,0,1,0,1,6.89,19.15,8.07,16.48,5.83,21.55,2.24,-5.07
district,Lumbini,Banke,Total,22 Year,8295,0,2,0,328,23,11,10,1632,2092,2114,71,31,1973,0,0,0,1,1,6,4.39,23.79,4.69,19.55,4.13,27.43,0.56,-7.88
district,Lumbini,Banke,Total,23 Year,6237,0,0,0,195,22,9,8,1153,1624,1846,50,22,1305,0,1,2,0,0,0,3.62,20.92,4.51,16.27,2.94,24.54,1.57,-8.27
district,Lumbini,Banke,Total,24 Year,6558,0,1,0,139,28,8,7,1180,1695,1938,60,26,1468,0,2,0,2,0,4,2.68,22.38,2.45,17.17,2.87,26.61,-0.42,-9.44
district,Lumbini,Banke,Total,25 Year,10460,0,0,0,155,39,10,16,2085,2286,2546,96,44,3172,0,0,2,3,1,5,1.95,30.33,1.99,24.15,1.91,35.29,0.08,-11.14
district,Lumbini,Banke,Male,All Ages,110813,11334,33868,16943,9003,334,396,239,9954,8402,6376,228,160,13410,2,26,2,6,2,128,64.86,12.1,64.86,12.1,59.7,15.97,5.16,-3.87
district,Lumbini,Banke,Male,5 Year,7073,5518,0,0,0,19,50,42,0,0,0,3,5,1375,1,0,0,0,1,59,78.99,19.44,78.99,19.44,76.33,22.15,2.66,-2.71
district,Lumbini,Banke,Male,6 Year,6522,2895,2647,0,0,22,32,8,31,0,0,2,8,854,1,1,0,0,0,21,85.8,13.09,85.8,13.09,84.53,14.04,1.27,-0.95
district,Lumbini,Banke,Male,7 Year,6351,1579,3975,0,0,24,21,11,37,0,0,4,5,685,0,1,0,0,0,9,88.16,10.79,88.16,10.79,87.68,10.95,0.48,-0.16
district,Lumbini,Banke,Male,8 Year,7409,803,5701,0,0,26,38,7,90,0,0,5,3,729,0,1,0,0,0,6,88.65,9.84,88.65,9.84,87.66,10.78,0.99,-0.94
district,Lumbini,Banke,Male,9 Year,6005,312,5143,0,0,15,30,5,91,0,0,0,8,394,0,3,0,0,0,4,91.59,6.56,91.59,6.56,90.12,8.14,1.47,-1.58
district,Lumbini,Banke,Male,10 Year,7528,104,5754,0,0,29,40,52,828,0,0,3,13,703,0,1,0,0,0,1,78.73,9.34,78.73,9.34,78.23,10.52,0.5,-1.18
district,Lumbini,Banke,Male,11 Year,5290,35,3545,975,0,17,19,20,404,16,0,1,1,255,0,0,0,0,0,2,86.79,4.82,86.79,4.82,86.91,5.93,-0.12,-1.11
district,Lumbini,Banke,Male,12 Year,7460,28,3496,2749,0,17,32,20,449,65,0,1,7,593,0,0,1,0,0,2,84.75,7.95,84.75,7.95,83.71,8.93,1.04,-0.98
district,Lumbini,Banke,Male,13 Year,6170,17,1710,3672,0,8,23,13,261,74,0,5,1,384,0,1,0,0,0,1,88.01,6.22,88.01,6.22,87.06,7.17,0.95,-0.95
district,Lumbini,Banke,Male,14 Year,6357,7,1036,3518,852,15,13,8,325,135,22,6,3,414,0,1,0,1,0,1,85.59,6.51,85.59,6.51,84.2,7.66,1.39,-1.15
district,Lumbini,Banke,Male,15 Year,6355,11,344,2631,1868,15,28,13,625,191,55,9,2,555,0,7,0,0,0,1,77.06,8.73,77.06,8.73,75.33,10.64,1.73,-1.91
district,Lumbini,Banke,Male,16 Year,5563,7,203,1637,2089,11,17,5,607,300,105,7,5,567,0,2,0,0,0,1,71.26,10.19,71.26,10.19,67.43,13.33,3.83,-3.14
district,Lumbini,Banke,Male,17 Year,3855,4,129,814,1372,10,8,4,523,407,180,10,5,386,0,2,0,0,0,1,60.62,10.01,60.62,10.01,56.38,14.7,4.24,-4.69
district,Lumbini,Banke,Male,18 Year,4990,12,117,694,1312,25,13,6,796,742,361,15,9,881,0,2,0,2,0,3,43.55,17.66,43.55,17.66,35.44,22.37,8.11,-4.71
district,Lumbini,Banke,Male,19 Year,2714,2,68,253,504,11,5,3,474,588,394,13,5,392,0,0,0,0,0,2,31.06,14.44,31.06,14.44,22.39,21.51,8.67,-7.07
district,Lumbini,Banke,Male,20 Year,4428,0,0,0,401,19,7,3,988,1168,794,28,22,994,0,0,0,0,0,4,9.64,22.45,9.64,22.45,8.37,30.35,1.27,-7.9
district,Lumbini,Banke,Male,21 Year,2579,0,0,0,199,4,5,4,476,778,665,9,11,425,0,2,0,1,0,0,8.07,16.48,8.07,16.48,5.83,21.55,2.24,-5.07
district,Lumbini,Banke,Male,22 Year,3837,0,0,0,163,10,7,4,824,1083,957,25,9,750,0,0,0,0,0,5,4.69,19.55,4.69,19.55,4.13,27.43,0.56,-7.88
district,Lumbini,Banke,Male,23 Year,2729,0,0,0,110,10,3,5,527,797,803,23,6,444,0,1,0,0,0,0,4.51,16.27,4.51,16.27,2.94,24.54,1.57,-8.27
district,Lumbini,Banke,Male,24 Year,2935,0,0,0,58,13,1,3,565,874,879,21,14,504,0,1,0,0,0,2,2.45,17.17,2.45,17.17,2.87,26.61,-0.42,-9.44
district,Lumbini,Banke,Male,25 Year,4663,0,0,0,75,14,4,3,1033,1184,1161,38,18,1126,0,0,1,2,1,3,1.99,24.15,1.99,24.15,1.91,35.29,0.08,-11.14
district,Lumbini,Banke,Female,All Ages,107979,9160,30466,15472,8580,372,414,232,9699,7555,8003,403,236,17242,0,25,3,7,2,108,59.7,15.97,64.86,12.1,59.7,15.97,5.16,-3.87
district,Lumbini,Banke,Female,5 Year,6270,4730,0,0,0,17,39,31,0,0,0,5,8,1389,0,0,0,0,0,51,76.33,22.15,78.99,19.44,76.33,22.15,2.66,-2.71
district,Lumbini,Banke,Female,6 Year,6013,2340,2681,0,0,18,44,11,41,0,0,4,6,844,0,2,0,0,1,21,84.53,14.04,85.8,13.09,84.53,14.04,1.27,-0.95
district,Lumbini,Banke,Female,7 Year,5716,1136,3825,0,0,17,34,9,47,0,0,7,10,626,0,0,0,0,0,5,87.68,10.95,88.16,10.79,87.68,10.95,0.48,-0.16
district,Lumbini,Banke,Female,8 Year,6523,556,5110,0,0,21,31,3,79,0,0,3,7,703,0,2,0,0,0,8,87.66,10.78,88.65,9.84,87.66,10.78,0.99,-0.94
district,Lumbini,Banke,Female,9 Year,5467,219,4649,0,0,14,45,7,73,0,0,4,9,445,0,0,0,0,0,2,90.12,8.14,91.59,6.56,90.12,8.14,1.47,-1.58
district,Lumbini,Banke,Female,10 Year,6712,82,5107,0,0,26,36,44,698,0,0,5,6,706,0,1,0,0,0,1,78.23,10.52,78.73,9.34,78.23,10.52,0.5,-1.18
district,Lumbini,Banke,Female,11 Year,4974,26,3206,1066,0,14,11,22,308,15,0,8,0,295,0,1,0,0,0,2,86.91,5.93,86.79,4.82,86.91,5.93,-0.12,-1.11
district,Lumbini,Banke,Female,12 Year,6685,30,2805,2722,0,22,17,14,408,53,0,8,5,597,0,1,0,0,0,3,83.71,8.93,84.75,7.95,83.71,8.93,1.04,-0.98
district,Lumbini,Banke,Female,13 Year,5944,11,1407,3723,0,16,18,4,263,59,0,10,6,426,0,1,0,0,0,0,87.06,7.17,88.01,6.22,87.06,7.17,0.95,-0.95
district,Lumbini,Banke,Female,14 Year,6178,8,897,3184,1081,15,17,15,349,101,21,8,3,473,0,4,0,1,0,1,84.2,7.66,85.59,6.51,84.2,7.66,1.39,-1.15
district,Lumbini,Banke,Female,15 Year,6165,6,305,2308,1966,17,42,9,603,169,62,14,6,656,0,2,0,0,0,0,75.33,10.64,77.06,8.73,75.33,10.64,1.73,-1.91
district,Lumbini,Banke,Female,16 Year,5177,6,190,1238,2025,12,20,12,573,265,116,18,6,690,0,3,0,1,0,2,67.43,13.33,71.26,10.19,67.43,13.33,3.83,-3.14
district,Lumbini,Banke,Female,17 Year,3448,4,93,616,1210,14,7,9,454,291,214,15,12,507,0,1,0,0,0,1,56.38,14.7,60.62,10.01,56.38,14.7,4.24,-4.69
district,Lumbini,Banke,Female,18 Year,4444,6,126,448,959,23,13,6,708,604,505,30,18,994,0,3,0,0,0,1,35.44,22.37,43.55,17.66,35.44,22.37,8.11,-4.71
district,Lumbini,Banke,Female,19 Year,2836,0,62,166,393,9,5,2,475,532,546,20,12,610,0,2,0,1,0,1,22.39,21.51,31.06,14.44,22.39,21.51,8.67,-7.07
district,Lumbini,Banke,Female,20 Year,5159,0,0,1,388,34,9,4,1035,988,1052,47,32,1566,0,0,0,0,0,3,8.37,30.35,9.64,22.45,8.37,30.35,1.27,-7.9
district,Lumbini,Banke,Female,21 Year,2882,0,0,0,147,18,3,4,484,719,843,27,14,621,0,1,0,0,0,1,5.83,21.55,8.07,16.48,5.83,21.55,2.24,-5.07
district,Lumbini,Banke,Female,22 Year,4458,0,2,0,165,13,4,6,808,1009,1157,46,22,1223,0,0,0,1,1,1,4.13,27.43,4.69,19.55,4.13,27.43,0.56,-7.88
district,Lumbini,Banke,Female,23 Year,3508,0,0,0,85,12,6,3,626,827,1043,27,16,861,0,0,2,0,0,0,2.94,24.54,4.51,16.27,2.94,24.54,1.57,-8.27
district,Lumbini,Banke,Female,24 Year,3623,0,1,0,81,15,7,4,615,821,1059,39,12,964,0,1,0,2,0,2,2.87,26.61,2.45,17.17,2.87,26.61,-0.42,-9.44
district,Lumbini,Banke,Female,25 Year,5797,0,0,0,80,25,6,13,1052,1102,1385,58,26,2046,0,0,1,1,0,2,1.91,35.29,1.99,24.15,1.91,35.29,0.08,-11.14
district,Lumbini,Bardiya,Total,All Ages,149561,12876,45280,27282,14766,148,335,182,10130,18040,14890,324,197,4953,2,35,9,6,1,105,67.32,3.31,70.13,2.8,64.64,3.8,5.49,-1.0
district,Lumbini,Bardiya,Total,5 Year,8064,7288,0,0,0,19,38,52,0,0,0,4,6,613,2,0,0,0,0,42,91.08,7.6,91.23,7.47,90.93,7.74,0.3,-0.27
district,Lumbini,Bardiya,Total,6 Year,8062,3317,4325,0,0,15,36,16,45,0,0,1,1,284,0,0,0,0,0,22,95.42,3.52,95.47,3.55,95.37,3.49,0.1,0.06
district,Lumbini,Bardiya,Total,7 Year,7941,1466,6215,0,0,6,25,1,64,0,0,3,5,148,0,1,0,0,0,7,97.12,1.86,96.98,1.88,97.26,1.84,-0.28,0.04
district,Lumbini,Bardiya,Total,8 Year,8341,515,7552,0,0,5,21,2,88,0,0,2,2,152,0,0,0,0,0,2,97.03,1.82,97.26,1.71,96.78,1.95,0.48,-0.24
district,Lumbini,Bardiya,Total,9 Year,7625,163,7221,0,0,2,21,0,116,0,0,6,5,84,0,0,0,0,0,7,97.14,1.1,97.33,0.89,96.94,1.33,0.39,-0.44
district,Lumbini,Bardiya,Total,10 Year,8615,41,7627,0,0,3,17,21,755,0,0,0,5,146,0,0,0,0,0,0,89.24,1.69,88.72,1.6,89.81,1.8,-1.09,-0.2
district,Lumbini,Bardiya,Total,11 Year,7485,16,5011,1936,0,2,17,10,400,22,0,1,2,68,0,0,0,0,0,0,93.28,0.91,93.1,0.78,93.47,1.04,-0.37,-0.26
district,Lumbini,Bardiya,Total,12 Year,9195,17,3748,4863,0,3,15,9,337,75,0,8,1,119,0,0,0,0,0,0,94.03,1.29,93.49,1.38,94.59,1.21,-1.1,0.17
district,Lumbini,Bardiya,Total,13 Year,8744,14,1941,6359,0,1,18,3,190,117,0,3,2,94,0,0,1,0,0,1,95.3,1.08,95.14,1.09,95.47,1.06,-0.33,0.03
district,Lumbini,Bardiya,Total,14 Year,9256,5,937,5906,1782,3,22,2,246,192,44,8,1,101,0,5,1,0,0,1,93.51,1.09,93.38,0.98,93.63,1.2,-0.25,-0.22
district,Lumbini,Bardiya,Total,15 Year,9031,14,279,4177,3390,2,35,5,508,340,108,4,3,158,0,6,2,0,0,0,87.44,1.75,87.38,1.54,87.51,1.95,-0.13,-0.41
district,Lumbini,Bardiya,Total,16 Year,7318,6,164,2106,3487,2,25,11,468,646,216,5,4,169,0,8,1,0,0,0,79.12,2.31,78.22,2.39,80.06,2.23,-1.84,0.16
district,Lumbini,Bardiya,Total,17 Year,5346,10,99,1000,2278,4,12,6,441,930,404,5,5,145,0,2,3,1,0,1,63.66,2.71,64.1,2.07,63.16,3.42,0.94,-1.35
district,Lumbini,Bardiya,Total,18 Year,5699,4,90,669,1621,3,9,4,703,1474,853,16,10,239,0,3,0,1,0,0,42.04,4.19,45.38,3.91,38.84,4.47,6.54,-0.56
district,Lumbini,Bardiya,Total,19 Year,4224,0,66,266,774,6,5,3,538,1355,1036,13,10,150,0,2,0,0,0,0,26.44,3.55,28.14,3.51,25.0,3.59,3.14,-0.08
district,Lumbini,Bardiya,Total,20 Year,5922,0,0,0,554,9,1,3,904,2215,1810,28,22,371,0,3,0,0,0,2,9.52,6.26,9.85,4.85,9.27,7.36,0.58,-2.51
district,Lumbini,Bardiya,Total,21 Year,4516,0,1,0,257,8,3,6,633,1738,1643,26,16,182,0,1,0,0,0,2,5.96,4.03,6.08,3.55,5.85,4.43,0.23,-0.88
district,Lumbini,Bardiya,Total,22 Year,5994,0,3,0,216,12,3,6,893,2315,2116,36,31,359,0,1,0,0,1,2,3.9,5.99,3.86,4.78,3.94,6.93,-0.08,-2.15
district,Lumbini,Bardiya,Total,23 Year,5204,0,0,0,138,13,3,3,717,1978,2007,33,17,289,0,0,0,1,0,5,2.96,5.55,2.91,4.71,3.0,6.16,-0.09,-1.45
district,Lumbini,Bardiya,Total,24 Year,5788,0,1,0,125,13,5,6,817,2172,2249,39,15,337,0,1,1,3,0,4,2.49,5.82,2.0,4.41,2.83,6.82,-0.83,-2.41
district,Lumbini,Bardiya,Total,25 Year,7191,0,0,0,144,17,4,13,1267,2471,2404,83,34,745,0,2,0,0,0,7,2.29,10.36,2.07,7.65,2.45,12.19,-0.38,-4.54
district,Lumbini,Bardiya,Male,All Ages,73162,6883,23677,13670,6836,64,175,95,5096,8744,5615,104,80,2050,1,16,4,2,0,50,70.13,2.8,70.13,2.8,64.64,3.8,5.49,-1.0
district,Lumbini,Bardiya,Male,5 Year,4138,3744,0,0,0,11,20,28,0,0,0,3,3,309,1,0,0,0,0,19,91.23,7.47,91.23,7.47,90.93,7.74,0.3,-0.27
district,Lumbini,Bardiya,Male,6 Year,4194,1837,2139,0,0,8,20,8,21,0,0,0,0,149,0,0,0,0,0,12,95.47,3.55,95.47,3.55,95.37,3.49,0.1,0.06
district,Lumbini,Bardiya,Male,7 Year,4139,847,3149,0,0,5,13,1,38,0,0,1,5,78,0,0,0,0,0,2,96.98,1.88,96.98,1.88,97.26,1.84,-0.28,0.04
district,Lumbini,Bardiya,Male,8 Year,4339,291,3914,0,0,4,11,0,42,0,0,1,1,74,0,0,0,0,0,1,97.26,1.71,97.26,1.71,96.78,1.95,0.48,-0.24
district,Lumbini,Bardiya,Male,9 Year,3935,94,3723,0,0,1,12,0,61,0,0,2,4,35,0,0,0,0,0,3,97.33,0.89,97.33,0.89,96.94,1.33,0.39,-0.44
district,Lumbini,Bardiya,Male,10 Year,4495,28,3946,0,0,2,12,12,421,0,0,0,2,72,0,0,0,0,0,0,88.72,1.6,88.72,1.6,89.81,1.8,-1.09,-0.2
district,Lumbini,Bardiya,Male,11 Year,3839,5,2638,919,0,0,12,5,221,9,0,0,0,30,0,0,0,0,0,0,93.1,0.78,93.1,0.78,93.47,1.04,-0.37,-0.26
district,Lumbini,Bardiya,Male,12 Year,4718,7,2126,2266,0,2,10,5,198,34,0,5,0,65,0,0,0,0,0,0,93.49,1.38,93.49,1.38,94.59,1.21,-1.1,0.17
district,Lumbini,Bardiya,Male,13 Year,4400,8,1128,3040,0,1,9,1,99,62,0,2,1,48,0,0,0,0,0,1,95.14,1.09,95.14,1.09,95.47,1.06,-0.33,0.03
district,Lumbini,Bardiya,Male,14 Year,4580,3,532,2988,738,2,14,2,126,105,20,2,0,45,0,3,0,0,0,0,93.38,0.98,93.38,0.98,93.63,1.2,-0.25,-0.22
district,Lumbini,Bardiya,Male,15 Year,4405,5,153,2202,1476,0,13,3,265,162,51,2,1,68,0,3,1,0,0,0,87.38,1.54,87.38,1.54,87.51,1.95,-0.13,-0.41
district,Lumbini,Bardiya,Male,16 Year,3728,2,89,1162,1650,1,12,7,261,356,91,1,2,89,0,4,1,0,0,0,78.22,2.39,78.22,2.39,80.06,2.23,-1.84,0.16
district,Lumbini,Bardiya,Male,17 Year,2805,8,51,577,1152,3,7,3,255,527,158,1,2,58,0,1,2,0,0,0,64.1,2.07,64.1,2.07,63.16,3.42,0.94,-1.35
district,Lumbini,Bardiya,Male,18 Year,2790,4,55,365,836,1,5,2,358,750,291,9,4,109,0,1,0,0,0,0,45.38,3.91,45.38,3.91,38.84,4.47,6.54,-0.56
district,Lumbini,Bardiya,Male,19 Year,1940,0,32,151,359,3,1,1,264,675,376,6,3,68,0,1,0,0,0,0,28.14,3.51,28.14,3.51,25.0,3.59,3.14,-0.08
district,Lumbini,Bardiya,Male,20 Year,2578,0,0,0,251,3,0,1,423,1089,670,7,8,125,0,0,0,0,0,1,9.85,4.85,9.85,4.85,9.27,7.36,0.58,-2.51
district,Lumbini,Bardiya,Male,21 Year,2055,0,0,0,120,4,1,2,309,887,641,12,4,73,0,1,0,0,0,1,6.08,3.55,6.08,3.55,5.85,4.43,0.23,-0.88
district,Lumbini,Bardiya,Male,22 Year,2615,0,2,0,98,1,0,2,450,1096,822,9,8,125,0,0,0,0,0,2,3.86,4.78,3.86,4.78,3.94,6.93,-0.08,-2.15
district,Lumbini,Bardiya,Male,23 Year,2166,0,0,0,57,4,2,2,336,901,743,8,8,102,0,0,0,1,0,2,2.91,4.71,2.91,4.71,3.0,6.16,-0.09,-1.45
district,Lumbini,Bardiya,Male,24 Year,2401,0,0,0,43,4,1,3,372,1002,846,11,10,106,0,1,0,1,0,1,2.0,4.41,2.0,4.41,2.83,6.82,-0.83,-2.41
district,Lumbini,Bardiya,Male,25 Year,2902,0,0,0,56,4,0,7,576,1089,906,22,14,222,0,1,0,0,0,5,2.07,7.65,2.07,7.65,2.45,12.19,-0.38,-4.54
district,Lumbini,Bardiya,Female,All Ages,76399,5993,21603,13612,7930,84,160,87,5034,9296,9275,220,117,2903,1,19,5,4,1,55,64.64,3.8,70.13,2.8,64.64,3.8,5.49,-1.0
district,Lumbini,Bardiya,Female,5 Year,3926,3544,0,0,0,8,18,24,0,0,0,1,3,304,1,0,0,0,0,23,90.93,7.74,91.23,7.47,90.93,7.74,0.3,-0.27
district,Lumbini,Bardiya,Female,6 Year,3868,1480,2186,0,0,7,16,8,24,0,0,1,1,135,0,0,0,0,0,10,95.37,3.49,95.47,3.55,95.37,3.49,0.1,0.06
district,Lumbini,Bardiya,Female,7 Year,3802,619,3066,0,0,1,12,0,26,0,0,2,0,70,0,1,0,0,0,5,97.26,1.84,96.98,1.88,97.26,1.84,-0.28,0.04
district,Lumbini,Bardiya,Female,8 Year,4002,224,3638,0,0,1,10,2,46,0,0,1,1,78,0,0,0,0,0,1,96.78,1.95,97.26,1.71,96.78,1.95,0.48,-0.24
district,Lumbini,Bardiya,Female,9 Year,3690,69,3498,0,0,1,9,0,55,0,0,4,1,49,0,0,0,0,0,4,96.94,1.33,97.33,0.89,96.94,1.33,0.39,-0.44
district,Lumbini,Bardiya,Female,10 Year,4120,13,3681,0,0,1,5,9,334,0,0,0,3,74,0,0,0,0,0,0,89.81,1.8,88.72,1.6,89.81,1.8,-1.09,-0.2
district,Lumbini,Bardiya,Female,11 Year,3646,11,2373,1017,0,2,5,5,179,13,0,1,2,38,0,0,0,0,0,0,93.47,1.04,93.1,0.78,93.47,1.04,-0.37,-0.26
district,Lumbini,Bardiya,Female,12 Year,4477,10,1622,2597,0,1,5,4,139,41,0,3,1,54,0,0,0,0,0,0,94.59,1.21,93.49,1.38,94.59,1.21,-1.1,0.17
district,Lumbini,Bardiya,Female,13 Year,4344,6,813,3319,0,0,9,2,91,55,0,1,1,46,0,0,1,0,0,0,95.47,1.06,95.14,1.09,95.47,1.06,-0.33,0.03
district,Lumbini,Bardiya,Female,14 Year,4676,2,405,2918,1044,1,8,0,120,87,24,6,1,56,0,2,1,0,0,1,93.63,1.2,93.38,0.98,93.63,1.2,-0.25,-0.22
district,Lumbini,Bardiya,Female,15 Year,4626,9,126,1975,1914,2,22,2,243,178,57,2,2,90,0,3,1,0,0,0,87.51,1.95,87.38,1.54,87.51,1.95,-0.13,-0.41
district,Lumbini,Bardiya,Female,16 Year,3590,4,75,944,1837,1,13,4,207,290,125,4,2,80,0,4,0,0,0,0,80.06,2.23,78.22,2.39,80.06,2.23,-1.84,0.16
district,Lumbini,Bardiya,Female,17 Year,2541,2,48,423,1126,1,5,3,186,403,246,4,3,87,0,1,1,1,0,1,63.16,3.42,64.1,2.07,63.16,3.42,0.94,-1.35
district,Lumbini,Bardiya,Female,18 Year,2909,0,35,304,785,2,4,2,345,724,562,7,6,130,0,2,0,1,0,0,38.84,4.47,45.38,3.91,38.84,4.47,6.54,-0.56
district,Lumbini,Bardiya,Female,19 Year,2284,0,34,115,415,3,4,2,274,680,660,7,7,82,0,1,0,0,0,0,25.0,3.59,28.14,3.51,25.0,3.59,3.14,-0.08
district,Lumbini,Bardiya,Female,20 Year,3344,0,0,0,303,6,1,2,481,1126,1140,21,14,246,0,3,0,0,0,1,9.27,7.36,9.85,4.85,9.27,7.36,0.58,-2.51
district,Lumbini,Bardiya,Female,21 Year,2461,0,1,0,137,4,2,4,324,851,1002,14,12,109,0,0,0,0,0,1,5.85,4.43,6.08,3.55,5.85,4.43,0.23,-0.88
district,Lumbini,Bardiya,Female,22 Year,3379,0,1,0,118,11,3,4,443,1219,1294,27,23,234,0,1,0,0,1,0,3.94,6.93,3.86,4.78,3.94,6.93,-0.08,-2.15
district,Lumbini,Bardiya,Female,23 Year,3038,0,0,0,81,9,1,1,381,1077,1264,25,9,187,0,0,0,0,0,3,3.0,6.16,2.91,4.71,3.0,6.16,-0.09,-1.45
district,Lumbini,Bardiya,Female,24 Year,3387,0,1,0,82,9,4,3,445,1170,1403,28,5,231,0,0,1,2,0,3,2.83,6.82,2.0,4.41,2.83,6.82,-0.83,-2.41
district,Lumbini,Bardiya,Female,25 Year,4289,0,0,0,88,13,4,6,691,1382,1498,61,20,523,0,1,0,0,0,2,2.45,12.19,2.07,7.65,2.45,12.19,-0.38,-4.54
province,Karnali,,Total,All Ages,630426,48694,216721,130090,79315,637,2301,614,30425,44657,49078,626,696,25018,10,161,18,29,5,1331,75.78,3.97,77.83,3.3,73.78,4.62,4.05,-1.32
province,Karnali,,Total,5 Year,35837,30280,0,0,0,49,296,166,0,0,0,6,31,4409,7,0,0,0,0,593,85.46,12.3,85.59,12.22,85.31,12.39,0.28,-0.17
province,Karnali,,Total,6 Year,35992,10152,22852,0,0,52,242,35,147,0,0,5,13,2307,1,2,0,0,0,184,92.52,6.41,92.7,6.29,92.32,6.54,0.38,-0.25
province,Karnali,,Total,7 Year,34549,4657,28214,0,0,28,172,15,171,0,0,4,10,1167,1,3,0,0,0,107,95.72,3.38,95.92,3.14,95.52,3.62,0.4,-0.48
province,Karnali,,Total,8 Year,38961,2220,35371,0,0,21,180,6,256,0,0,4,16,818,1,2,0,0,1,65,97.0,2.1,97.03,2.0,96.97,2.2,0.06,-0.2
province,Karnali,,Total,9 Year,36379,849,34339,0,0,24,195,2,351,0,0,3,24,554,0,5,0,0,0,33,97.33,1.52,97.3,1.48,97.36,1.57,-0.06,-0.09
province,Karnali,,Total,10 Year,41710,250,37162,0,0,5,176,84,3517,0,0,2,14,473,0,1,0,0,0,26,90.13,1.13,89.96,1.07,90.31,1.2,-0.35,-0.13
province,Karnali,,Total,11 Year,34893,93,22698,9822,0,14,114,38,1651,55,0,4,6,373,0,3,1,0,0,21,93.83,1.07,93.61,1.02,94.06,1.12,-0.45,-0.1
province,Karnali,,Total,12 Year,45216,53,18853,24158,0,12,112,29,1281,203,0,5,11,460,0,7,2,0,0,30,95.51,1.02,95.22,1.05,95.83,0.99,-0.61,0.06
province,Karnali,,Total,13 Year,42277,38,9213,31281,0,15,111,25,850,301,0,4,2,410,0,8,6,0,0,13,96.17,0.97,95.91,0.91,96.44,1.03,-0.53,-0.12
province,Karnali,,Total,14 Year,44276,16,4688,27615,10059,16,115,18,727,427,123,4,8,410,0,22,2,6,0,20,96.01,0.93,95.6,0.9,96.42,0.95,-0.82,-0.05
province,Karnali,,Total,15 Year,39952,32,1218,18090,17367,13,146,23,1353,753,325,9,14,555,0,35,0,4,0,15,92.28,1.39,91.86,1.38,92.69,1.4,-0.83,-0.02
province,Karnali,,Total,16 Year,32806,21,803,9969,17810,23,85,18,1344,1408,697,13,15,560,0,23,1,3,0,13,87.52,1.71,87.39,1.55,87.65,1.86,-0.26,-0.31
province,Karnali,,Total,17 Year,20305,13,456,4124,10617,21,69,7,1199,2025,1209,20,19,493,0,14,1,4,1,13,75.35,2.43,77.24,2.04,73.51,2.8,3.73,-0.76
province,Karnali,,Total,18 Year,24653,14,560,3633,10049,26,62,14,1983,4006,3110,43,34,1075,0,12,0,1,2,29,58.18,4.36,61.61,3.64,54.86,5.05,6.75,-1.41
province,Karnali,,Total,19 Year,15155,6,290,1397,4120,24,45,17,1500,3515,3401,32,37,746,0,1,1,4,0,19,38.81,4.92,42.93,4.11,35.07,5.66,7.86,-1.55
province,Karnali,,Total,20 Year,19631,0,3,0,3537,29,36,21,2321,5848,6294,63,68,1376,0,5,1,0,0,29,18.36,7.01,21.22,5.42,16.11,8.26,5.11,-2.84
province,Karnali,,Total,21 Year,16002,0,0,0,1815,39,28,15,2017,4870,5827,54,57,1240,0,3,1,3,0,33,11.76,7.75,13.76,5.81,10.11,9.36,3.65,-3.55
province,Karnali,,Total,22 Year,19296,0,1,1,1589,52,30,22,2519,5855,7409,91,80,1625,0,3,1,0,0,18,8.67,8.42,9.81,6.36,7.77,10.05,2.04,-3.69
province,Karnali,,Total,23 Year,16834,0,0,0,936,59,26,18,2127,5197,6841,64,73,1473,0,5,0,1,0,14,6.07,8.75,6.57,5.61,5.68,11.14,0.89,-5.53
province,Karnali,,Total,24 Year,16841,0,0,0,758,47,28,14,2331,4937,6798,77,62,1741,0,6,0,2,0,40,4.95,10.34,5.18,7.18,4.76,12.84,0.42,-5.66
province,Karnali,,Total,25 Year,18861,0,0,0,658,68,33,27,2780,5257,7044,119,102,2753,0,1,1,1,1,16,4.02,14.6,4.07,9.16,3.99,18.58,0.08,-9.42
province,Karnali,,Male,All Ages,311599,25824,110595,65228,39464,307,1109,280,14955,21459,20740,265,309,10285,6,72,10,14,3,674,77.83,3.3,77.83,3.3,73.78,4.62,4.05,-1.32
province,Karnali,,Male,5 Year,18607,15742,0,0,0,31,153,77,0,0,0,2,22,2274,4,0,0,0,0,302,85.59,12.22,85.59,12.22,85.31,12.39,0.28,-0.17
province,Karnali,,Male,6 Year,18503,5516,11484,0,0,29,123,16,72,0,0,2,8,1163,1,2,0,0,0,87,92.7,6.29,92.7,6.29,92.32,6.54,0.38,-0.25
province,Karnali,,Male,7 Year,17418,2560,14052,0,0,13,83,9,93,0,0,2,2,547,0,2,0,0,0,55,95.92,3.14,95.92,3.14,95.52,3.62,0.4,-0.48
province,Karnali,,Male,8 Year,20176,1247,18234,0,0,6,90,3,144,0,0,2,8,404,1,2,0,0,1,34,97.03,2.0,97.03,2.0,96.97,2.2,0.06,-0.2
province,Karnali,,Male,9 Year,18641,472,17562,0,0,12,91,1,191,0,0,1,14,276,0,3,0,0,0,18,97.3,1.48,97.3,1.48,97.36,1.57,-0.06,-0.09
province,Karnali,,Male,10 Year,21438,144,19048,0,0,5,88,46,1855,0,0,2,7,229,0,0,0,0,0,14,89.96,1.07,89.96,1.07,90.31,1.2,-0.35,-0.13
province,Karnali,,Male,11 Year,17618,51,11569,4810,0,8,54,19,879,27,0,0,4,180,0,2,1,0,0,14,93.61,1.02,93.61,1.02,94.06,1.12,-0.45,-0.1
province,Karnali,,Male,12 Year,23308,22,9900,12213,0,7,52,13,705,125,0,3,5,244,0,2,2,0,0,15,95.22,1.05,95.22,1.05,95.83,0.99,-0.61,0.06
province,Karnali,,Male,13 Year,21211,21,4756,15510,0,11,45,10,469,180,0,1,0,193,0,2,4,0,0,9,95.91,0.91,95.91,0.91,96.44,1.03,-0.53,-0.12
province,Karnali,,Male,14 Year,22096,9,2396,13808,4848,9,54,12,390,261,71,2,5,199,0,15,0,5,0,12,95.6,0.9,95.6,0.9,96.42,0.95,-0.82,-0.05
province,Karnali,,Male,15 Year,19744,15,564,9070,8417,6,64,9,721,412,157,3,8,273,0,16,0,2,0,7,91.86,1.38,91.86,1.38,92.69,1.4,-0.83,-0.02
province,Karnali,,Male,16 Year,16339,11,396,4938,8878,13,42,6,743,752,280,5,7,253,0,9,0,1,0,5,87.39,1.55,87.39,1.55,87.65,1.86,-0.26,-0.31
province,Karnali,,Male,17 Year,10029,6,203,2207,5291,12,27,3,623,966,452,10,10,205,0,7,1,1,0,5,77.24,2.04,77.24,2.04,73.51,2.8,3.73,-0.76
province,Karnali,,Male,18 Year,12127,6,283,1897,5230,15,41,4,1032,1923,1194,25,13,442,0,4,0,1,1,16,61.61,3.64,61.61,3.64,54.86,5.05,6.75,-1.41
province,Karnali,,Male,19 Year,7219,2,145,775,2150,11,16,9,729,1699,1344,13,16,297,0,1,1,2,0,9,42.93,4.11,42.93,4.11,35.07,5.66,7.86,-1.55
province,Karnali,,Male,20 Year,8653,0,3,0,1798,12,23,8,1064,2729,2484,23,24,469,0,2,0,0,0,14,21.22,5.42,21.22,5.42,16.11,8.26,5.11,-2.84
province,Karnali,,Male,21 Year,7248,0,0,0,963,22,12,6,976,2334,2450,19,29,421,0,0,1,1,0,14,13.76,5.81,13.76,5.81,10.11,9.36,3.65,-3.55
province,Karnali,,Male,22 Year,8533,0,0,0,795,25,17,8,1140,2815,3106,41,29,543,0,2,0,0,0,12,9.81,6.36,9.81,6.36,7.77,10.05,2.04,-3.69
province,Karnali,,Male,23 Year,7274,0,0,0,442,23,13,7,928,2447,2939,25,34,408,0,0,0,0,0,8,6.57,5.61,6.57,5.61,5.68,11.14,0.89,-5.53
province,Karnali,,Male,24 Year,7439,0,0,0,357,19,9,4,1029,2363,3050,32,21,534,0,0,0,1,0,20,5.18,7.18,5.18,7.18,4.76,12.84,0.42,-5.66
province,Karnali,,Male,25 Year,7978,0,0,0,295,18,12,10,1172,2426,3213,52,43,731,0,1,0,0,1,4,4.07,9.16,4.07,9.16,3.99,18.58,0.08,-9.42
province,Karnali,,Female,All Ages,318827,22870,106126,64862,39851,330,1192,334,15470,23198,28338,361,387,14733,4,89,8,15,2,657,73.78,4.62,77.83,3.3,73.78,4.62,4.05,-1.32
province,Karnali,,Female,5 Year,17230,14538,0,0,0,18,143,89,0,0,0,4,9,2135,3,0,0,0,0,291,85.31,12.39,85.59,12.22,85.31,12.39,0.28,-0.17
province,Karnali,,Female,6 Year,17489,4636,11368,0,0,23,119,19,75,0,0,3,5,1144,0,0,0,0,0,97,92.32,6.54,92.7,6.29,92.32,6.54,0.38,-0.25
province,Karnali,,Female,7 Year,17131,2097,14162,0,0,15,89,6,78,0,0,2,8,620,1,1,0,0,0,52,95.52,3.62,95.92,3.14,95.52,3.62,0.4,-0.48
province,Karnali,,Female,8 Year,18785,973,17137,0,0,15,90,3,112,0,0,2,8,414,0,0,0,0,0,31,96.97,2.2,97.03,2.0,96.97,2.2,0.06,-0.2
province,Karnali,,Female,9 Year,17738,377,16777,0,0,12,104,1,160,0,0,2,10,278,0,2,0,0,0,15,97.36,1.57,97.3,1.48,97.36,1.57,-0.06,-0.09
province,Karnali,,Female,10 Year,20272,106,18114,0,0,0,88,38,1662,0,0,0,7,244,0,1,0,0,0,12,90.31,1.2,89.96,1.07,90.31,1.2,-0.35,-0.13
province,Karnali,,Female,11 Year,17275,42,11129,5012,0,6,60,19,772,28,0,4,2,193,0,1,0,0,0,7,94.06,1.12,93.61,1.02,94.06,1.12,-0.45,-0.1
province,Karnali,,Female,12 Year,21908,31,8953,11945,0,5,60,16,576,78,0,2,6,216,0,5,0,0,0,15,95.83,0.99,95.22,1.05,95.83,0.99,-0.61,0.06
province,Karnali,,Female,13 Year,21066,17,4457,15771,0,4,66,15,381,121,0,3,2,217,0,6,2,0,0,4,96.44,1.03,95.91,0.91,96.44,1.03,-0.53,-0.12
province,Karnali,,Female,14 Year,22180,7,2292,13807,5211,7,61,6,337,166,52,2,3,211,0,7,2,1,0,8,96.42,0.95,95.6,0.9,96.42,0.95,-0.82,-0.05
province,Karnali,,Female,15 Year,20208,17,654,9020,8950,7,82,14,632,341,168,6,6,282,0,19,0,2,0,8,92.69,1.4,91.86,1.38,92.69,1.4,-0.83,-0.02
province,Karnali,,Female,16 Year,16467,10,407,5031,8932,10,43,12,601,656,417,8,8,307,0,14,1,2,0,8,87.65,1.86,87.39,1.55,87.65,1.86,-0.26,-0.31
province,Karnali,,Female,17 Year,10276,7,253,1917,5326,9,42,4,576,1059,757,10,9,288,0,7,0,3,1,8,73.51,2.8,77.24,2.04,73.51,2.8,3.73,-0.76
province,Karnali,,Female,18 Year,12526,8,277,1736,4819,11,21,10,951,2083,1916,18,21,633,0,8,0,0,1,13,54.86,5.05,61.61,3.64,54.86,5.05,6.75,-1.41
province,Karnali,,Female,19 Year,7936,4,145,622,1970,13,29,8,771,1816,2057,19,21,449,0,0,0,2,0,10,35.07,5.66,42.93,4.11,35.07,5.66,7.86,-1.55
province,Karnali,,Female,20 Year,10978,0,0,0,1739,17,13,13,1257,3119,3810,40,44,907,0,3,1,0,0,15,16.11,8.26,21.22,5.42,16.11,8.26,5.11,-2.84
province,Karnali,,Female,21 Year,8754,0,0,0,852,17,16,9,1041,2536,3377,35,28,819,0,3,0,2,0,19,10.11,9.36,13.76,5.81,10.11,9.36,3.65,-3.55
province,Karnali,,Female,22 Year,10763,0,1,1,794,27,13,14,1379,3040,4303,50,51,1082,0,1,1,0,0,6,7.77,10.05,9.81,6.36,7.77,10.05,2.04,-3.69
province,Karnali,,Female,23 Year,9560,0,0,0,494,36,13,11,1199,2750,3902,39,39,1065,0,5,0,1,0,6,5.68,11.14,6.57,5.61,5.68,11.14,0.89,-5.53
province,Karnali,,Female,24 Year,9402,0,0,0,401,28,19,10,1302,2574,3748,45,41,1207,0,6,0,1,0,20,4.76,12.84,5.18,7.18,4.76,12.84,0.42,-5.66
province,Karnali,,Female,25 Year,10883,0,0,0,363,50,21,17,1608,2831,3831,67,59,2022,0,0,1,1,0,12,3.99,18.58,4.07,9.16,3.99,18.58,0.08,-9.42
district,Karnali,Dolpa,Total,All Ages,16395,1158,5443,2777,1975,68,191,28,1311,724,601,23,21,2040,0,3,0,0,0,32,70.83,12.44,73.23,9.92,68.58,14.8,4.65,-4.88
district,Karnali,Dolpa,Total,5 Year,903,673,0,0,0,0,17,8,0,0,0,1,4,188,0,0,0,0,0,12,76.41,20.82,76.06,20.97,76.8,20.65,-0.74,0.32
district,Karnali,Dolpa,Total,6 Year,970,235,564,0,0,0,14,2,5,0,0,0,0,147,0,1,0,0,0,2,83.81,15.15,83.47,15.7,84.16,14.61,-0.69,1.09
district,Karnali,Dolpa,Total,7 Year,879,122,662,0,0,1,12,4,9,0,0,1,0,63,0,0,0,0,0,5,90.67,7.17,90.72,6.26,90.62,8.04,0.1,-1.78
district,Karnali,Dolpa,Total,8 Year,1114,69,951,0,0,1,9,3,15,0,0,0,2,61,0,0,0,0,0,3,92.46,5.48,93.07,4.74,91.87,6.18,1.2,-1.44
district,Karnali,Dolpa,Total,9 Year,919,38,788,0,0,1,17,0,16,0,0,0,1,57,0,0,0,0,0,1,91.84,6.2,92.28,5.69,91.33,6.79,0.95,-1.1
district,Karnali,Dolpa,Total,10 Year,1040,7,859,0,0,1,19,4,108,0,0,0,0,42,0,0,0,0,0,0,85.19,4.04,86.36,2.84,83.98,5.27,2.38,-2.43
district,Karnali,Dolpa,Total,11 Year,807,3,499,202,0,2,7,0,55,4,0,0,1,34,0,0,0,0,0,0,88.35,4.21,88.38,3.54,88.32,4.87,0.06,-1.33
district,Karnali,Dolpa,Total,12 Year,1135,3,478,505,0,4,9,0,71,11,0,0,1,52,0,0,0,0,0,1,88.02,4.58,88.85,3.96,87.22,5.18,1.63,-1.22
district,Karnali,Dolpa,Total,13 Year,1113,2,324,646,0,2,17,0,37,21,0,0,0,64,0,0,0,0,0,0,89.04,5.75,88.12,5.85,89.93,5.65,-1.81,0.2
district,Karnali,Dolpa,Total,14 Year,1035,1,145,533,250,1,12,1,30,10,4,0,1,47,0,0,0,0,0,0,91.01,4.54,93.24,3.48,89.03,5.48,4.21,-2.0
district,Karnali,Dolpa,Total,15 Year,971,1,55,351,394,3,3,0,69,19,14,0,0,60,0,1,0,0,0,1,83.11,6.18,86.14,3.62,80.28,8.57,5.86,-4.95
district,Karnali,Dolpa,Total,16 Year,857,2,39,243,386,7,11,1,67,18,13,1,0,68,0,1,0,0,0,0,80.28,7.93,81.89,7.57,79.06,8.21,2.83,-0.64
district,Karnali,Dolpa,Total,17 Year,499,1,21,109,213,3,3,0,56,23,17,0,0,53,0,0,0,0,0,0,70.14,10.62,74.8,8.8,65.46,12.45,9.34,-3.65
district,Karnali,Dolpa,Total,18 Year,786,0,42,133,300,4,13,1,89,46,42,5,4,107,0,0,0,0,0,0,62.6,13.61,66.41,10.43,58.78,16.79,7.63,-6.36
district,Karnali,Dolpa,Total,19 Year,431,1,15,54,143,7,5,0,64,36,20,1,0,84,0,0,0,0,0,1,52.2,19.49,56.54,16.36,47.93,22.58,8.61,-6.22
district,Karnali,Dolpa,Total,20 Year,565,0,1,0,113,3,5,2,106,108,77,1,1,146,0,0,0,0,0,2,21.59,25.84,25.21,19.83,18.89,30.34,6.32,-10.51
district,Karnali,Dolpa,Total,21 Year,375,0,0,0,48,4,6,0,89,55,54,3,2,112,0,0,0,0,0,2,15.47,29.87,18.02,26.16,13.3,33.0,4.72,-6.84
district,Karnali,Dolpa,Total,22 Year,501,0,0,1,39,6,1,2,116,97,86,1,1,151,0,0,0,0,0,0,9.38,30.14,12.9,20.74,6.69,37.32,6.21,-16.58
district,Karnali,Dolpa,Total,23 Year,439,0,0,0,34,5,4,0,78,86,95,1,0,135,0,0,0,0,0,1,9.79,30.75,11.11,18.69,8.71,40.66,2.4,-21.97
district,Karnali,Dolpa,Total,24 Year,417,0,0,0,15,4,4,0,99,86,69,3,1,136,0,0,0,0,0,0,5.52,32.61,5.98,21.74,5.15,41.2,0.83,-19.46
district,Karnali,Dolpa,Total,25 Year,639,0,0,0,40,9,3,0,132,104,110,5,2,233,0,0,0,0,0,1,8.14,36.46,8.24,26.16,8.06,44.44,0.18,-18.28
district,Karnali,Dolpa,Male,All Ages,7930,603,2721,1371,992,34,86,9,563,398,325,13,8,787,0,2,0,0,0,18,73.23,9.92,73.23,9.92,68.58,14.8,4.65,-4.88
district,Karnali,Dolpa,Male,5 Year,472,353,0,0,0,0,6,3,0,0,0,1,2,99,0,0,0,0,0,8,76.06,20.97,76.06,20.97,76.8,20.65,-0.74,0.32
district,Karnali,Dolpa,Male,6 Year,484,127,272,0,0,0,5,0,3,0,0,0,0,76,0,1,0,0,0,0,83.47,15.7,83.47,15.7,84.16,14.61,-0.69,1.09
district,Karnali,Dolpa,Male,7 Year,431,59,324,0,0,1,7,1,9,0,0,1,0,27,0,0,0,0,0,2,90.72,6.26,90.72,6.26,90.62,8.04,0.1,-1.78
district,Karnali,Dolpa,Male,8 Year,548,31,475,0,0,0,4,2,7,0,0,0,1,26,0,0,0,0,0,2,93.07,4.74,93.07,4.74,91.87,6.18,1.2,-1.44
district,Karnali,Dolpa,Male,9 Year,492,22,419,0,0,1,12,0,10,0,0,0,0,28,0,0,0,0,0,0,92.28,5.69,92.28,5.69,91.33,6.79,0.95,-1.1
district,Karnali,Dolpa,Male,10 Year,528,4,444,0,0,1,7,2,55,0,0,0,0,15,0,0,0,0,0,0,86.36,2.84,86.36,2.84,83.98,5.27,2.38,-2.43
district,Karnali,Dolpa,Male,11 Year,396,2,249,95,0,2,2,0,29,3,0,0,0,14,0,0,0,0,0,0,88.38,3.54,88.38,3.54,88.32,4.87,0.06,-1.33
district,Karnali,Dolpa,Male,12 Year,556,2,233,250,0,2,7,0,31,8,0,0,0,22,0,0,0,0,0,1,88.85,3.96,88.85,3.96,87.22,5.18,1.63,-1.22
district,Karnali,Dolpa,Male,13 Year,547,2,164,309,0,1,6,0,20,13,0,0,0,32,0,0,0,0,0,0,88.12,5.85,88.12,5.85,89.93,5.65,-1.81,0.2
district,Karnali,Dolpa,Male,14 Year,488,0,61,277,110,0,7,0,9,5,2,0,0,17,0,0,0,0,0,0,93.24,3.48,93.24,3.48,89.03,5.48,4.21,-2.0
district,Karnali,Dolpa,Male,15 Year,469,0,26,174,202,1,1,0,27,9,10,0,0,17,0,1,0,0,0,1,86.14,3.62,86.14,3.62,80.28,8.57,5.86,-4.95
district,Karnali,Dolpa,Male,16 Year,370,0,15,102,180,3,3,0,19,12,8,0,0,28,0,0,0,0,0,0,81.89,7.57,81.89,7.57,79.06,8.21,2.83,-0.64
district,Karnali,Dolpa,Male,17 Year,250,1,9,61,112,2,2,0,20,13,8,0,0,22,0,0,0,0,0,0,74.8,8.8,74.8,8.8,65.46,12.45,9.34,-3.65
district,Karnali,Dolpa,Male,18 Year,393,0,24,71,154,3,9,0,34,28,25,3,1,41,0,0,0,0,0,0,66.41,10.43,66.41,10.43,58.78,16.79,7.63,-6.36
district,Karnali,Dolpa,Male,19 Year,214,0,5,32,81,2,1,0,26,20,11,0,0,35,0,0,0,0,0,1,56.54,16.36,56.54,16.36,47.93,22.58,8.61,-6.22
district,Karnali,Dolpa,Male,20 Year,242,0,1,0,55,1,4,1,40,56,34,0,1,48,0,0,0,0,0,1,25.21,19.83,25.21,19.83,18.89,30.34,6.32,-10.51
district,Karnali,Dolpa,Male,21 Year,172,0,0,0,27,3,1,0,32,27,31,3,1,45,0,0,0,0,0,2,18.02,26.16,18.02,26.16,13.3,33.0,4.72,-6.84
district,Karnali,Dolpa,Male,22 Year,217,0,0,0,23,5,0,0,50,53,40,1,0,45,0,0,0,0,0,0,12.9,20.74,12.9,20.74,6.69,37.32,6.21,-16.58
district,Karnali,Dolpa,Male,23 Year,198,0,0,0,19,2,1,0,40,45,54,0,0,37,0,0,0,0,0,0,11.11,18.69,11.11,18.69,8.71,40.66,2.4,-21.97
district,Karnali,Dolpa,Male,24 Year,184,0,0,0,10,1,0,0,44,46,41,2,0,40,0,0,0,0,0,0,5.98,21.74,5.98,21.74,5.15,41.2,0.83,-19.46
district,Karnali,Dolpa,Male,25 Year,279,0,0,0,19,3,1,0,58,60,61,2,2,73,0,0,0,0,0,0,8.24,26.16,8.24,26.16,8.06,44.44,0.18,-18.28
district,Karnali,Dolpa,Female,All Ages,8465,555,2722,1406,983,34,105,19,748,326,276,10,13,1253,0,1,0,0,0,14,68.58,14.8,73.23,9.92,68.58,14.8,4.65,-4.88
district,Karnali,Dolpa,Female,5 Year,431,320,0,0,0,0,11,5,0,0,0,0,2,89,0,0,0,0,0,4,76.8,20.65,76.06,20.97,76.8,20.65,-0.74,0.32
district,Karnali,Dolpa,Female,6 Year,486,108,292,0,0,0,9,2,2,0,0,0,0,71,0,0,0,0,0,2,84.16,14.61,83.47,15.7,84.16,14.61,-0.69,1.09
district,Karnali,Dolpa,Female,7 Year,448,63,338,0,0,0,5,3,0,0,0,0,0,36,0,0,0,0,0,3,90.62,8.04,90.72,6.26,90.62,8.04,0.1,-1.78
district,Karnali,Dolpa,Female,8 Year,566,38,476,0,0,1,5,1,8,0,0,0,1,35,0,0,0,0,0,1,91.87,6.18,93.07,4.74,91.87,6.18,1.2,-1.44
district,Karnali,Dolpa,Female,9 Year,427,16,369,0,0,0,5,0,6,0,0,0,1,29,0,0,0,0,0,1,91.33,6.79,92.28,5.69,91.33,6.79,0.95,-1.1
district,Karnali,Dolpa,Female,10 Year,512,3,415,0,0,0,12,2,53,0,0,0,0,27,0,0,0,0,0,0,83.98,5.27,86.36,2.84,83.98,5.27,2.38,-2.43
district,Karnali,Dolpa,Female,11 Year,411,1,250,107,0,0,5,0,26,1,0,0,1,20,0,0,0,0,0,0,88.32,4.87,88.38,3.54,88.32,4.87,0.06,-1.33
district,Karnali,Dolpa,Female,12 Year,579,1,245,255,0,2,2,0,40,3,0,0,1,30,0,0,0,0,0,0,87.22,5.18,88.85,3.96,87.22,5.18,1.63,-1.22
district,Karnali,Dolpa,Female,13 Year,566,0,160,337,0,1,11,0,17,8,0,0,0,32,0,0,0,0,0,0,89.93,5.65,88.12,5.85,89.93,5.65,-1.81,0.2
district,Karnali,Dolpa,Female,14 Year,547,1,84,256,140,1,5,1,21,5,2,0,1,30,0,0,0,0,0,0,89.03,5.48,93.24,3.48,89.03,5.48,4.21,-2.0
district,Karnali,Dolpa,Female,15 Year,502,1,29,177,192,2,2,0,42,10,4,0,0,43,0,0,0,0,0,0,80.28,8.57,86.14,3.62,80.28,8.57,5.86,-4.95
district,Karnali,Dolpa,Female,16 Year,487,2,24,141,206,4,8,1,48,6,5,1,0,40,0,1,0,0,0,0,79.06,8.21,81.89,7.57,79.06,8.21,2.83,-0.64
district,Karnali,Dolpa,Female,17 Year,249,0,12,48,101,1,1,0,36,10,9,0,0,31,0,0,0,0,0,0,65.46,12.45,74.8,8.8,65.46,12.45,9.34,-3.65
district,Karnali,Dolpa,Female,18 Year,393,0,18,62,146,1,4,1,55,18,17,2,3,66,0,0,0,0,0,0,58.78,16.79,66.41,10.43,58.78,16.79,7.63,-6.36
district,Karnali,Dolpa,Female,19 Year,217,1,10,22,62,5,4,0,38,16,9,1,0,49,0,0,0,0,0,0,47.93,22.58,56.54,16.36,47.93,22.58,8.61,-6.22
district,Karnali,Dolpa,Female,20 Year,323,0,0,0,58,2,1,1,66,52,43,1,0,98,0,0,0,0,0,1,18.89,30.34,25.21,19.83,18.89,30.34,6.32,-10.51
district,Karnali,Dolpa,Female,21 Year,203,0,0,0,21,1,5,0,57,28,23,0,1,67,0,0,0,0,0,0,13.3,33.0,18.02,26.16,13.3,33.0,4.72,-6.84
district,Karnali,Dolpa,Female,22 Year,284,0,0,1,16,1,1,2,66,44,46,0,1,106,0,0,0,0,0,0,6.69,37.32,12.9,20.74,6.69,37.32,6.21,-16.58
district,Karnali,Dolpa,Female,23 Year,241,0,0,0,15,3,3,0,38,41,41,1,0,98,0,0,0,0,0,1,8.71,40.66,11.11,18.69,8.71,40.66,2.4,-21.97
district,Karnali,Dolpa,Female,24 Year,233,0,0,0,5,3,4,0,55,40,28,1,1,96,0,0,0,0,0,0,5.15,41.2,5.98,21.74,5.15,41.2,0.83,-19.46
district,Karnali,Dolpa,Female,25 Year,360,0,0,0,21,6,2,0,74,44,49,3,0,160,0,0,0,0,0,1,8.06,44.44,8.24,26.16,8.06,44.44,0.18,-18.28
district,Karnali,Mugu,Total,All Ages,26527,2211,9975,4957,2670,66,105,34,1163,1301,1898,31,39,2047,1,7,0,0,0,22,75.33,7.72,77.76,5.66,72.98,9.71,4.78,-4.05
district,Karnali,Mugu,Total,5 Year,1607,1213,0,0,0,6,13,5,0,0,0,0,1,358,1,0,0,0,0,10,76.66,22.28,76.78,22.61,76.54,21.92,0.24,0.69
district,Karnali,Mugu,Total,6 Year,1730,518,996,0,0,14,14,1,5,0,0,1,1,176,0,0,0,0,0,4,89.13,10.17,90.12,9.31,88.1,11.07,2.02,-1.76
district,Karnali,Mugu,Total,7 Year,1577,232,1238,0,0,3,12,2,4,0,0,1,3,79,0,0,0,0,0,3,94.17,5.01,93.73,5.27,94.62,4.74,-0.89,0.53
district,Karnali,Mugu,Total,8 Year,1677,137,1450,0,0,5,10,0,6,0,0,1,0,66,0,0,0,0,0,2,95.53,3.94,95.43,4.22,95.63,3.65,-0.2,0.57
district,Karnali,Mugu,Total,9 Year,1679,70,1531,0,0,6,11,0,11,0,0,0,1,48,0,0,0,0,0,1,96.37,2.86,95.52,3.39,97.38,2.23,-1.86,1.16
district,Karnali,Mugu,Total,10 Year,1887,20,1638,0,0,2,7,7,178,0,0,0,1,34,0,0,0,0,0,0,88.34,1.8,87.59,1.37,89.1,2.24,-1.51,-0.87
district,Karnali,Mugu,Total,11 Year,1442,9,1005,296,0,1,5,4,100,0,0,0,0,22,0,0,0,0,0,0,91.26,1.53,91.09,1.89,91.44,1.14,-0.35,0.75
district,Karnali,Mugu,Total,12 Year,1918,5,1009,771,0,1,5,4,91,5,0,0,0,26,0,0,0,0,0,1,93.38,1.36,92.44,1.61,94.38,1.08,-1.94,0.53
district,Karnali,Mugu,Total,13 Year,1758,4,638,1016,0,1,3,3,54,12,0,0,0,27,0,0,0,0,0,0,94.54,1.54,94.35,1.33,94.74,1.75,-0.39,-0.42
district,Karnali,Mugu,Total,14 Year,1675,1,294,1056,222,1,5,2,39,15,4,0,0,35,0,1,0,0,0,0,94.27,2.09,93.19,1.96,95.43,2.22,-2.24,-0.26
district,Karnali,Mugu,Total,15 Year,1470,1,69,811,440,1,1,0,59,30,13,0,1,43,0,1,0,0,0,0,90.0,2.93,91.69,1.72,88.47,4.02,3.22,-2.3
district,Karnali,Mugu,Total,16 Year,1233,1,31,508,531,0,0,1,51,46,31,0,1,31,0,1,0,0,0,0,86.86,2.51,86.32,2.7,87.36,2.34,-1.04,0.36
district,Karnali,Mugu,Total,17 Year,781,0,28,230,367,2,1,0,29,46,38,0,0,39,0,1,0,0,0,0,80.41,4.99,85.59,3.67,76.11,6.09,9.48,-2.42
district,Karnali,Mugu,Total,18 Year,1141,0,35,192,474,3,2,1,71,159,132,2,0,68,0,2,0,0,0,0,61.88,5.96,65.34,3.79,58.6,8.01,6.74,-4.22
district,Karnali,Mugu,Total,19 Year,590,0,13,77,161,1,0,1,49,96,120,4,4,63,0,0,0,0,0,1,42.71,10.68,50.38,6.06,36.5,14.42,13.88,-8.36
district,Karnali,Mugu,Total,20 Year,852,0,0,0,203,2,4,0,76,194,253,3,6,111,0,0,0,0,0,0,24.53,13.03,30.25,7.56,20.4,16.97,9.85,-9.41
district,Karnali,Mugu,Total,21 Year,612,0,0,0,80,2,1,2,62,121,235,2,3,104,0,0,0,0,0,0,13.56,16.99,15.93,9.26,11.7,23.1,4.23,-13.84
district,Karnali,Mugu,Total,22 Year,791,0,0,0,88,3,3,0,66,169,298,6,5,152,0,1,0,0,0,0,11.88,19.22,14.33,11.57,9.81,25.7,4.52,-14.13
district,Karnali,Mugu,Total,23 Year,632,0,0,0,41,4,4,1,53,132,267,2,6,122,0,0,0,0,0,0,7.75,19.3,7.95,8.71,7.61,26.9,0.34,-18.19
district,Karnali,Mugu,Total,24 Year,642,0,0,0,28,5,0,0,61,138,257,2,4,147,0,0,0,0,0,0,5.14,22.9,6.0,12.33,4.39,32.16,1.61,-19.83
district,Karnali,Mugu,Total,25 Year,833,0,0,0,35,3,4,0,98,138,250,7,2,296,0,0,0,0,0,0,5.04,35.53,7.6,17.63,3.37,47.22,4.23,-29.59
district,Karnali,Mugu,Male,All Ages,13071,1178,5073,2474,1342,35,62,18,559,603,940,16,20,740,1,3,0,0,0,7,77.76,5.66,77.76,5.66,72.98,9.71,4.78,-4.05
district,Karnali,Mugu,Male,5 Year,827,626,0,0,0,3,6,2,0,0,0,0,1,187,1,0,0,0,0,1,76.78,22.61,76.78,22.61,76.54,21.92,0.24,0.69
district,Karnali,Mugu,Male,6 Year,881,281,501,0,0,6,6,1,2,0,0,1,0,82,0,0,0,0,0,1,90.12,9.31,90.12,9.31,88.1,11.07,2.02,-1.76
district,Karnali,Mugu,Male,7 Year,797,120,619,0,0,1,7,1,2,0,0,1,1,42,0,0,0,0,0,3,93.73,5.27,93.73,5.27,94.62,4.74,-0.89,0.53
district,Karnali,Mugu,Male,8 Year,854,84,724,0,0,1,6,0,3,0,0,0,0,36,0,0,0,0,0,0,95.43,4.22,95.43,4.22,95.63,3.65,-0.2,0.57
district,Karnali,Mugu,Male,9 Year,915,45,819,0,0,4,6,0,8,0,0,0,1,31,0,0,0,0,0,1,95.52,3.39,95.52,3.39,97.38,2.23,-1.86,1.16
district,Karnali,Mugu,Male,10 Year,951,12,814,0,0,2,5,5,99,0,0,0,1,13,0,0,0,0,0,0,87.59,1.37,87.59,1.37,89.1,2.24,-1.51,-0.87
district,Karnali,Mugu,Male,11 Year,741,6,510,155,0,1,3,2,50,0,0,0,0,14,0,0,0,0,0,0,91.09,1.89,91.09,1.89,91.44,1.14,-0.35,0.75
district,Karnali,Mugu,Male,12 Year,992,0,528,384,0,0,5,1,53,4,0,0,0,16,0,0,0,0,0,1,92.44,1.61,92.44,1.61,94.38,1.08,-1.94,0.53
district,Karnali,Mugu,Male,13 Year,902,3,315,530,0,1,2,2,31,6,0,0,0,12,0,0,0,0,0,0,94.35,1.33,94.35,1.33,94.74,1.75,-0.39,-0.42
district,Karnali,Mugu,Male,14 Year,866,1,160,528,114,1,3,1,27,11,2,0,0,17,0,1,0,0,0,0,93.19,1.96,93.19,1.96,95.43,2.22,-2.24,-0.26
district,Karnali,Mugu,Male,15 Year,698,0,35,378,225,1,1,0,26,13,7,0,0,12,0,0,0,0,0,0,91.69,1.72,91.69,1.72,88.47,4.02,3.22,-2.3
district,Karnali,Mugu,Male,16 Year,592,0,15,242,254,0,0,0,26,25,13,0,1,16,0,0,0,0,0,0,86.32,2.7,86.32,2.7,87.36,2.34,-1.04,0.36
district,Karnali,Mugu,Male,17 Year,354,0,8,123,171,1,0,0,14,11,12,0,0,13,0,1,0,0,0,0,85.59,3.67,85.59,3.67,76.11,6.09,9.48,-2.42
district,Karnali,Mugu,Male,18 Year,554,0,19,93,246,2,2,1,31,77,62,0,0,21,0,0,0,0,0,0,65.34,3.79,65.34,3.79,58.6,8.01,6.74,-4.22
district,Karnali,Mugu,Male,19 Year,264,0,6,41,86,0,0,0,19,40,52,2,2,16,0,0,0,0,0,0,50.38,6.06,50.38,6.06,36.5,14.42,13.88,-8.36
district,Karnali,Mugu,Male,20 Year,357,0,0,0,104,1,3,0,35,80,104,1,2,27,0,0,0,0,0,0,30.25,7.56,30.25,7.56,20.4,16.97,9.85,-9.41
district,Karnali,Mugu,Male,21 Year,270,0,0,0,40,2,1,1,26,52,121,2,0,25,0,0,0,0,0,0,15.93,9.26,15.93,9.26,11.7,23.1,4.23,-13.84
district,Karnali,Mugu,Male,22 Year,363,0,0,0,49,2,1,0,22,97,141,6,2,42,0,1,0,0,0,0,14.33,11.57,14.33,11.57,9.81,25.7,4.52,-14.13
district,Karnali,Mugu,Male,23 Year,264,0,0,0,17,2,2,1,24,57,133,0,5,23,0,0,0,0,0,0,7.95,8.71,7.95,8.71,7.61,26.9,0.34,-18.19
district,Karnali,Mugu,Male,24 Year,300,0,0,0,15,3,0,0,28,72,143,0,2,37,0,0,0,0,0,0,6.0,12.33,6.0,12.33,4.39,32.16,1.61,-19.83
district,Karnali,Mugu,Male,25 Year,329,0,0,0,21,1,3,0,33,58,150,3,2,58,0,0,0,0,0,0,7.6,17.63,7.6,17.63,3.37,47.22,4.23,-29.59
district,Karnali,Mugu,Female,All Ages,13456,1033,4902,2483,1328,31,43,16,604,698,958,15,19,1307,0,4,0,0,0,15,72.98,9.71,77.76,5.66,72.98,9.71,4.78,-4.05
district,Karnali,Mugu,Female,5 Year,780,587,0,0,0,3,7,3,0,0,0,0,0,171,0,0,0,0,0,9,76.54,21.92,76.78,22.61,76.54,21.92,0.24,0.69
district,Karnali,Mugu,Female,6 Year,849,237,495,0,0,8,8,0,3,0,0,0,1,94,0,0,0,0,0,3,88.1,11.07,90.12,9.31,88.1,11.07,2.02,-1.76
district,Karnali,Mugu,Female,7 Year,780,112,619,0,0,2,5,1,2,0,0,0,2,37,0,0,0,0,0,0,94.62,4.74,93.73,5.27,94.62,4.74,-0.89,0.53
district,Karnali,Mugu,Female,8 Year,823,53,726,0,0,4,4,0,3,0,0,1,0,30,0,0,0,0,0,2,95.63,3.65,95.43,4.22,95.63,3.65,-0.2,0.57
district,Karnali,Mugu,Female,9 Year,764,25,712,0,0,2,5,0,3,0,0,0,0,17,0,0,0,0,0,0,97.38,2.23,95.52,3.39,97.38,2.23,-1.86,1.16
district,Karnali,Mugu,Female,10 Year,936,8,824,0,0,0,2,2,79,0,0,0,0,21,0,0,0,0,0,0,89.1,2.24,87.59,1.37,89.1,2.24,-1.51,-0.87
district,Karnali,Mugu,Female,11 Year,701,3,495,141,0,0,2,2,50,0,0,0,0,8,0,0,0,0,0,0,91.44,1.14,91.09,1.89,91.44,1.14,-0.35,0.75
district,Karnali,Mugu,Female,12 Year,926,5,481,387,0,1,0,3,38,1,0,0,0,10,0,0,0,0,0,0,94.38,1.08,92.44,1.61,94.38,1.08,-1.94,0.53
district,Karnali,Mugu,Female,13 Year,856,1,323,486,0,0,1,1,23,6,0,0,0,15,0,0,0,0,0,0,94.74,1.75,94.35,1.33,94.74,1.75,-0.39,-0.42
district,Karnali,Mugu,Female,14 Year,809,0,134,528,108,0,2,1,12,4,2,0,0,18,0,0,0,0,0,0,95.43,2.22,93.19,1.96,95.43,2.22,-2.24,-0.26
district,Karnali,Mugu,Female,15 Year,772,1,34,433,215,0,0,0,33,17,6,0,1,31,0,1,0,0,0,0,88.47,4.02,91.69,1.72,88.47,4.02,3.22,-2.3
district,Karnali,Mugu,Female,16 Year,641,1,16,266,277,0,0,1,25,21,18,0,0,15,0,1,0,0,0,0,87.36,2.34,86.32,2.7,87.36,2.34,-1.04,0.36
district,Karnali,Mugu,Female,17 Year,427,0,20,107,196,1,1,0,15,35,26,0,0,26,0,0,0,0,0,0,76.11,6.09,85.59,3.67,76.11,6.09,9.48,-2.42
district,Karnali,Mugu,Female,18 Year,587,0,16,99,228,1,0,0,40,82,70,2,0,47,0,2,0,0,0,0,58.6,8.01,65.34,3.79,58.6,8.01,6.74,-4.22
district,Karnali,Mugu,Female,19 Year,326,0,7,36,75,1,0,1,30,56,68,2,2,47,0,0,0,0,0,1,36.5,14.42,50.38,6.06,36.5,14.42,13.88,-8.36
district,Karnali,Mugu,Female,20 Year,495,0,0,0,99,1,1,0,41,114,149,2,4,84,0,0,0,0,0,0,20.4,16.97,30.25,7.56,20.4,16.97,9.85,-9.41
district,Karnali,Mugu,Female,21 Year,342,0,0,0,40,0,0,1,36,69,114,0,3,79,0,0,0,0,0,0,11.7,23.1,15.93,9.26,11.7,23.1,4.23,-13.84
district,Karnali,Mugu,Female,22 Year,428,0,0,0,39,1,2,0,44,72,157,0,3,110,0,0,0,0,0,0,9.81,25.7,14.33,11.57,9.81,25.7,4.52,-14.13
district,Karnali,Mugu,Female,23 Year,368,0,0,0,24,2,2,0,29,75,134,2,1,99,0,0,0,0,0,0,7.61,26.9,7.95,8.71,7.61,26.9,0.34,-18.19
district,Karnali,Mugu,Female,24 Year,342,0,0,0,13,2,0,0,33,66,114,2,2,110,0,0,0,0,0,0,4.39,32.16,6.0,12.33,4.39,32.16,1.61,-19.83
district,Karnali,Mugu,Female,25 Year,504,0,0,0,14,2,1,0,65,80,100,4,0,238,0,0,0,0,0,0,3.37,47.22,7.6,17.63,3.37,47.22,4.23,-29.59
district,Karnali,Humla,Total,All Ages,20826,1954,7546,4001,2440,71,59,27,979,685,763,61,17,2173,0,5,0,2,0,43,77.17,10.43,79.48,8.02,74.96,12.74,4.52,-4.72
district,Karnali,Humla,Total,5 Year,1402,1007,0,0,0,0,5,5,0,0,0,0,0,371,0,0,0,0,0,14,72.18,26.46,73.28,25.24,70.95,27.84,2.33,-2.6
district,Karnali,Humla,Total,6 Year,1384,412,703,0,0,1,8,0,3,0,0,0,0,248,0,0,0,0,0,9,81.21,17.92,81.99,17.41,80.48,18.4,1.51,-0.99
district,Karnali,Humla,Total,7 Year,1233,265,822,0,0,1,4,0,1,0,0,1,0,130,0,0,0,0,0,9,88.56,10.54,90.03,8.76,87.25,12.14,2.78,-3.38
district,Karnali,Humla,Total,8 Year,1375,146,1102,0,0,0,3,0,4,0,0,0,1,116,0,0,0,0,0,3,90.98,8.44,91.14,8.31,90.8,8.58,0.34,-0.27
district,Karnali,Humla,Total,9 Year,1365,61,1214,0,0,0,6,0,6,0,0,0,1,73,0,0,0,0,0,4,93.85,5.35,94.89,4.09,92.79,6.62,2.1,-2.53
district,Karnali,Humla,Total,10 Year,1525,33,1261,0,0,0,11,9,175,0,0,0,0,36,0,0,0,0,0,0,85.57,2.36,85.29,2.6,85.87,2.11,-0.58,0.49
district,Karnali,Humla,Total,11 Year,1119,18,741,224,0,1,6,5,92,1,0,0,0,30,0,0,0,0,0,1,88.47,2.68,87.68,1.94,89.29,3.45,-1.61,-1.51
district,Karnali,Humla,Total,12 Year,1530,6,804,616,0,2,1,5,65,3,0,2,0,25,0,0,0,0,0,1,93.4,1.63,93.27,1.4,93.54,1.88,-0.27,-0.48
district,Karnali,Humla,Total,13 Year,1481,3,459,920,0,2,2,0,53,9,0,0,0,31,0,2,0,0,0,0,93.59,2.09,93.91,1.99,93.25,2.2,0.66,-0.21
district,Karnali,Humla,Total,14 Year,1517,1,286,897,260,2,1,0,30,2,6,0,0,30,0,1,0,0,0,1,95.39,1.98,95.98,1.61,94.81,2.33,1.17,-0.72
district,Karnali,Humla,Total,15 Year,1281,1,71,595,472,1,4,1,64,13,9,1,3,45,0,1,0,0,0,0,89.31,3.51,89.46,3.34,89.17,3.66,0.29,-0.32
district,Karnali,Humla,Total,16 Year,1076,0,44,353,541,5,0,0,57,16,12,1,1,46,0,0,0,0,0,0,87.64,4.28,87.33,3.65,87.93,4.86,-0.6,-1.21
district,Karnali,Humla,Total,17 Year,625,1,16,161,332,5,0,0,37,20,15,0,0,38,0,0,0,0,0,0,82.4,6.08,85.0,4.67,80.0,7.38,5.0,-2.71
district,Karnali,Humla,Total,18 Year,858,0,16,185,401,6,3,0,48,55,55,6,1,81,0,1,0,0,0,0,71.21,9.44,75.57,6.8,67.46,11.71,8.11,-4.91
district,Karnali,Humla,Total,19 Year,348,0,7,50,142,3,2,0,21,40,44,4,2,33,0,0,0,0,0,0,58.62,9.48,65.81,7.1,52.85,11.4,12.96,-4.3
district,Karnali,Humla,Total,20 Year,520,0,0,0,130,1,1,0,72,100,93,6,0,116,0,0,0,0,0,1,25.38,22.31,33.64,15.42,19.61,27.12,14.03,-11.7
district,Karnali,Humla,Total,21 Year,353,0,0,0,50,7,0,1,46,71,92,4,3,78,0,0,0,1,0,0,16.15,22.1,25.0,13.16,9.45,28.86,15.55,-15.7
district,Karnali,Humla,Total,22 Year,463,0,0,0,57,12,1,0,61,85,106,10,0,131,0,0,0,0,0,0,15.12,28.29,20.2,20.2,11.15,34.62,9.05,-14.42
district,Karnali,Humla,Total,23 Year,385,0,0,0,26,13,0,0,44,69,112,6,1,114,0,0,0,0,0,0,10.13,29.61,11.05,13.95,9.39,42.25,1.66,-28.3
district,Karnali,Humla,Total,24 Year,374,0,0,0,11,2,1,0,41,87,84,8,0,139,0,0,0,1,0,0,3.74,37.17,4.55,19.48,3.18,49.55,1.37,-30.07
district,Karnali,Humla,Total,25 Year,612,0,0,0,18,7,0,1,59,114,135,12,4,262,0,0,0,0,0,0,4.08,42.81,5.17,23.62,3.23,58.06,1.94,-34.44
district,Karnali,Humla,Male,All Ages,10175,1047,3772,1958,1234,51,25,16,464,355,375,26,9,816,0,2,0,1,0,24,79.48,8.02,79.48,8.02,74.96,12.74,4.52,-4.72
district,Karnali,Humla,Male,5 Year,741,543,0,0,0,0,0,2,0,0,0,0,0,187,0,0,0,0,0,9,73.28,25.24,73.28,25.24,70.95,27.84,2.33,-2.6
district,Karnali,Humla,Male,6 Year,672,210,337,0,0,1,3,0,1,0,0,0,0,117,0,0,0,0,0,3,81.99,17.41,81.99,17.41,80.48,18.4,1.51,-0.99
district,Karnali,Humla,Male,7 Year,582,140,382,0,0,0,2,0,1,0,0,0,0,51,0,0,0,0,0,6,90.03,8.76,90.03,8.76,87.25,12.14,2.78,-3.38
district,Karnali,Humla,Male,8 Year,734,80,589,0,0,0,0,0,3,0,0,0,0,61,0,0,0,0,0,1,91.14,8.31,91.14,8.31,90.8,8.58,0.34,-0.27
district,Karnali,Humla,Male,9 Year,685,32,618,0,0,0,0,0,3,0,0,0,1,28,0,0,0,0,0,3,94.89,4.09,94.89,4.09,92.79,6.62,2.1,-2.53
district,Karnali,Humla,Male,10 Year,768,21,630,0,0,0,4,5,88,0,0,0,0,20,0,0,0,0,0,0,85.29,2.6,85.29,2.6,85.87,2.11,-0.58,0.49
district,Karnali,Humla,Male,11 Year,568,12,368,113,0,1,4,3,54,1,0,0,0,11,0,0,0,0,0,1,87.68,1.94,87.68,1.94,89.29,3.45,-1.61,-1.51
district,Karnali,Humla,Male,12 Year,787,5,405,321,0,2,1,4,35,2,0,1,0,11,0,0,0,0,0,0,93.27,1.4,93.27,1.4,93.54,1.88,-0.27,-0.48
district,Karnali,Humla,Male,13 Year,755,3,236,467,0,2,1,0,21,9,0,0,0,15,0,1,0,0,0,0,93.91,1.99,93.91,1.99,93.25,2.2,0.66,-0.21
district,Karnali,Humla,Male,14 Year,746,0,144,444,127,0,1,0,11,2,3,0,0,12,0,1,0,0,0,1,95.98,1.61,95.98,1.61,94.81,2.33,1.17,-0.72
district,Karnali,Humla,Male,15 Year,598,1,26,256,248,1,3,0,32,3,6,0,2,20,0,0,0,0,0,0,89.46,3.34,89.46,3.34,89.17,3.66,0.29,-0.32
district,Karnali,Humla,Male,16 Year,521,0,20,158,272,5,0,0,32,11,4,0,0,19,0,0,0,0,0,0,87.33,3.65,87.33,3.65,87.93,4.86,-0.6,-1.21
district,Karnali,Humla,Male,17 Year,300,0,8,86,157,4,0,0,15,10,6,0,0,14,0,0,0,0,0,0,85.0,4.67,85.0,4.67,80.0,7.38,5.0,-2.71
district,Karnali,Humla,Male,18 Year,397,0,5,89,199,4,3,0,25,22,18,4,1,27,0,0,0,0,0,0,75.57,6.8,75.57,6.8,67.46,11.71,8.11,-4.91
district,Karnali,Humla,Male,19 Year,155,0,4,24,70,2,2,0,8,20,13,1,0,11,0,0,0,0,0,0,65.81,7.1,65.81,7.1,52.85,11.4,12.96,-4.3
district,Karnali,Humla,Male,20 Year,214,0,0,0,72,0,0,0,26,46,35,2,0,33,0,0,0,0,0,0,33.64,15.42,33.64,15.42,19.61,27.12,14.03,-11.7
district,Karnali,Humla,Male,21 Year,152,0,0,0,32,6,0,1,22,30,38,0,3,20,0,0,0,0,0,0,25.0,13.16,25.0,13.16,9.45,28.86,15.55,-15.7
district,Karnali,Humla,Male,22 Year,203,0,0,0,31,10,0,0,18,38,60,5,0,41,0,0,0,0,0,0,20.2,20.2,20.2,20.2,11.15,34.62,9.05,-14.42
district,Karnali,Humla,Male,23 Year,172,0,0,0,10,9,0,0,23,41,62,2,1,24,0,0,0,0,0,0,11.05,13.95,11.05,13.95,9.39,42.25,1.66,-28.3
district,Karnali,Humla,Male,24 Year,154,0,0,0,4,2,1,0,22,46,44,4,0,30,0,0,0,1,0,0,4.55,19.48,4.55,19.48,3.18,49.55,1.37,-30.07
district,Karnali,Humla,Male,25 Year,271,0,0,0,12,2,0,1,24,74,86,7,1,64,0,0,0,0,0,0,5.17,23.62,5.17,23.62,3.23,58.06,1.94,-34.44
district,Karnali,Humla,Female,All Ages,10651,907,3774,2043,1206,20,34,11,515,330,388,35,8,1357,0,3,0,1,0,19,74.96,12.74,79.48,8.02,74.96,12.74,4.52,-4.72
district,Karnali,Humla,Female,5 Year,661,464,0,0,0,0,5,3,0,0,0,0,0,184,0,0,0,0,0,5,70.95,27.84,73.28,25.24,70.95,27.84,2.33,-2.6
district,Karnali,Humla,Female,6 Year,712,202,366,0,0,0,5,0,2,0,0,0,0,131,0,0,0,0,0,6,80.48,18.4,81.99,17.41,80.48,18.4,1.51,-0.99
district,Karnali,Humla,Female,7 Year,651,125,440,0,0,1,2,0,0,0,0,1,0,79,0,0,0,0,0,3,87.25,12.14,90.03,8.76,87.25,12.14,2.78,-3.38
district,Karnali,Humla,Female,8 Year,641,66,513,0,0,0,3,0,1,0,0,0,1,55,0,0,0,0,0,2,90.8,8.58,91.14,8.31,90.8,8.58,0.34,-0.27
district,Karnali,Humla,Female,9 Year,680,29,596,0,0,0,6,0,3,0,0,0,0,45,0,0,0,0,0,1,92.79,6.62,94.89,4.09,92.79,6.62,2.1,-2.53
district,Karnali,Humla,Female,10 Year,757,12,631,0,0,0,7,4,87,0,0,0,0,16,0,0,0,0,0,0,85.87,2.11,85.29,2.6,85.87,2.11,-0.58,0.49
district,Karnali,Humla,Female,11 Year,551,6,373,111,0,0,2,2,38,0,0,0,0,19,0,0,0,0,0,0,89.29,3.45,87.68,1.94,89.29,3.45,-1.61,-1.51
district,Karnali,Humla,Female,12 Year,743,1,399,295,0,0,0,1,30,1,0,1,0,14,0,0,0,0,0,1,93.54,1.88,93.27,1.4,93.54,1.88,-0.27,-0.48
district,Karnali,Humla,Female,13 Year,726,0,223,453,0,0,1,0,32,0,0,0,0,16,0,1,0,0,0,0,93.25,2.2,93.91,1.99,93.25,2.2,0.66,-0.21
district,Karnali,Humla,Female,14 Year,771,1,142,453,133,2,0,0,19,0,3,0,0,18,0,0,0,0,0,0,94.81,2.33,95.98,1.61,94.81,2.33,1.17,-0.72
district,Karnali,Humla,Female,15 Year,683,0,45,339,224,0,1,1,32,10,3,1,1,25,0,1,0,0,0,0,89.17,3.66,89.46,3.34,89.17,3.66,0.29,-0.32
district,Karnali,Humla,Female,16 Year,555,0,24,195,269,0,0,0,25,5,8,1,1,27,0,0,0,0,0,0,87.93,4.86,87.33,3.65,87.93,4.86,-0.6,-1.21
district,Karnali,Humla,Female,17 Year,325,1,8,75,175,1,0,0,22,10,9,0,0,24,0,0,0,0,0,0,80.0,7.38,85.0,4.67,80.0,7.38,5.0,-2.71
district,Karnali,Humla,Female,18 Year,461,0,11,96,202,2,0,0,23,33,37,2,0,54,0,1,0,0,0,0,67.46,11.71,75.57,6.8,67.46,11.71,8.11,-4.91
district,Karnali,Humla,Female,19 Year,193,0,3,26,72,1,0,0,13,20,31,3,2,22,0,0,0,0,0,0,52.85,11.4,65.81,7.1,52.85,11.4,12.96,-4.3
district,Karnali,Humla,Female,20 Year,306,0,0,0,58,1,1,0,46,54,58,4,0,83,0,0,0,0,0,1,19.61,27.12,33.64,15.42,19.61,27.12,14.03,-11.7
district,Karnali,Humla,Female,21 Year,201,0,0,0,18,1,0,0,24,41,54,4,0,58,0,0,0,1,0,0,9.45,28.86,25.0,13.16,9.45,28.86,15.55,-15.7
district,Karnali,Humla,Female,22 Year,260,0,0,0,26,2,1,0,43,47,46,5,0,90,0,0,0,0,0,0,11.15,34.62,20.2,20.2,11.15,34.62,9.05,-14.42
district,Karnali,Humla,Female,23 Year,213,0,0,0,16,4,0,0,21,28,50,4,0,90,0,0,0,0,0,0,9.39,42.25,11.05,13.95,9.39,42.25,1.66,-28.3
district,Karnali,Humla,Female,24 Year,220,0,0,0,7,0,0,0,19,41,40,4,0,109,0,0,0,0,0,0,3.18,49.55,4.55,19.48,3.18,49.55,1.37,-30.07
district,Karnali,Humla,Female,25 Year,341,0,0,0,6,5,0,0,35,40,49,5,3,198,0,0,0,0,0,0,3.23,58.06,5.17,23.62,3.23,58.06,1.94,-34.44
district,Karnali,Jumla,Total,All Ages,45203,4258,14861,8741,5900,42,226,74,2506,2340,2216,73,74,3621,1,11,0,1,3,255,75.28,8.01,77.96,6.15,72.72,9.78,5.24,-3.63
district,Karnali,Jumla,Total,5 Year,2421,1993,0,0,0,2,27,6,0,0,0,0,3,331,1,0,0,0,0,58,83.52,13.67,82.65,14.58,84.47,12.68,-1.82,1.9
district,Karnali,Jumla,Total,6 Year,2519,959,1312,0,0,3,18,2,8,0,0,1,1,196,0,0,0,0,0,19,90.99,7.78,91.66,6.87,90.28,8.74,1.38,-1.87
district,Karnali,Jumla,Total,7 Year,2372,593,1592,0,0,2,19,0,7,0,0,0,1,152,0,0,0,0,0,6,93.0,6.41,93.17,6.18,92.83,6.65,0.34,-0.47
district,Karnali,Jumla,Total,8 Year,2845,400,2320,0,0,1,20,1,12,0,0,0,2,79,0,1,0,0,0,9,96.34,2.78,96.64,2.74,96.03,2.81,0.61,-0.07
district,Karnali,Jumla,Total,9 Year,2422,199,2107,0,0,4,21,0,20,0,0,0,3,62,0,1,0,0,0,5,96.24,2.56,96.15,2.49,96.34,2.64,-0.19,-0.15
district,Karnali,Jumla,Total,10 Year,3055,70,2540,0,0,0,16,16,340,0,0,0,0,65,0,0,0,0,0,8,85.96,2.13,86.2,1.98,85.7,2.28,0.5,-0.3
district,Karnali,Jumla,Total,11 Year,2320,17,1618,419,0,1,14,6,191,5,0,0,0,46,0,0,0,0,0,3,89.18,1.98,87.93,1.88,90.45,2.08,-2.52,-0.2
district,Karnali,Jumla,Total,12 Year,3273,10,1662,1347,0,1,18,4,152,7,0,1,0,59,0,0,0,0,0,12,92.82,1.8,92.52,1.72,93.12,1.89,-0.6,-0.17
district,Karnali,Jumla,Total,13 Year,2971,6,888,1909,0,0,9,4,80,18,0,1,1,50,0,1,0,0,0,4,94.65,1.68,95.58,1.14,93.71,2.23,1.87,-1.09
district,Karnali,Jumla,Total,14 Year,3019,1,487,1816,557,3,9,3,62,20,3,0,2,47,0,0,0,0,0,9,95.16,1.56,95.67,1.79,94.7,1.34,0.97,0.45
district,Karnali,Jumla,Total,15 Year,2903,1,112,1443,1056,1,13,5,110,25,17,1,4,106,0,2,0,0,0,7,90.46,3.65,91.05,3.23,89.86,4.07,1.19,-0.84
district,Karnali,Jumla,Total,16 Year,2515,4,79,907,1258,0,6,2,95,50,24,1,3,76,0,1,0,0,0,9,89.62,3.02,91.32,2.38,88.02,3.63,3.3,-1.25
district,Karnali,Jumla,Total,17 Year,1428,2,53,382,731,0,10,2,64,74,29,3,3,71,0,1,0,0,0,3,82.49,4.97,84.8,3.13,80.45,6.61,4.35,-3.48
district,Karnali,Jumla,Total,18 Year,2174,3,59,387,927,1,3,3,171,220,135,6,4,232,0,3,0,1,2,17,63.48,10.67,66.83,9.03,60.34,12.21,6.49,-3.18
district,Karnali,Jumla,Total,19 Year,988,0,32,131,345,2,2,2,108,134,116,0,2,110,0,0,0,0,0,4,51.82,11.13,58.79,8.24,45.73,13.66,13.06,-5.42
district,Karnali,Jumla,Total,20 Year,1473,0,0,0,380,1,6,4,174,362,270,8,7,248,0,0,0,0,0,13,26.27,16.84,31.18,11.94,22.87,20.23,8.31,-8.29
district,Karnali,Jumla,Total,21 Year,1238,0,0,0,195,1,2,0,153,286,248,11,7,313,0,0,0,0,0,22,15.99,25.28,19.96,17.56,12.91,31.28,7.05,-13.72
district,Karnali,Jumla,Total,22 Year,1350,0,0,0,172,4,3,1,168,324,390,7,10,262,0,0,0,0,0,9,13.26,19.41,13.93,14.59,12.7,23.38,1.23,-8.79
district,Karnali,Jumla,Total,23 Year,1120,0,0,0,97,4,3,2,165,248,326,9,4,257,0,0,0,0,0,5,9.29,22.95,12.13,13.5,7.47,28.99,4.66,-15.49
district,Karnali,Jumla,Total,24 Year,1361,0,0,0,118,3,4,3,198,276,321,9,7,394,0,1,0,0,0,27,9.18,28.95,10.67,23.33,8.02,33.38,2.65,-10.05
district,Karnali,Jumla,Total,25 Year,1436,0,0,0,64,8,3,8,228,291,337,15,10,465,0,0,0,0,1,6,5.22,32.38,6.33,20.78,4.39,41.1,1.94,-20.32
district,Karnali,Jumla,Male,All Ages,22065,2231,7481,4394,2987,14,95,29,1120,1076,1085,25,40,1357,1,5,0,1,2,122,77.96,6.15,77.96,6.15,72.72,9.78,5.24,-3.63
district,Karnali,Jumla,Male,5 Year,1262,1032,0,0,0,2,9,2,0,0,0,0,3,184,1,0,0,0,0,29,82.65,14.58,82.65,14.58,84.47,12.68,-1.82,1.9
district,Karnali,Jumla,Male,6 Year,1295,504,672,0,0,2,9,1,6,0,0,0,0,89,0,0,0,0,0,12,91.66,6.87,91.66,6.87,90.28,8.74,1.38,-1.87
district,Karnali,Jumla,Male,7 Year,1229,322,817,0,0,2,4,0,5,0,0,0,0,76,0,0,0,0,0,3,93.17,6.18,93.17,6.18,92.83,6.65,0.34,-0.47
district,Karnali,Jumla,Male,8 Year,1459,208,1192,0,0,0,10,0,3,0,0,0,1,40,0,1,0,0,0,4,96.64,2.74,96.64,2.74,96.03,2.81,0.61,-0.07
district,Karnali,Jumla,Male,9 Year,1246,108,1079,0,0,1,10,0,11,0,0,0,3,31,0,1,0,0,0,2,96.15,2.49,96.15,2.49,96.34,2.64,-0.19,-0.15
district,Karnali,Jumla,Male,10 Year,1565,40,1302,0,0,0,7,9,172,0,0,0,0,31,0,0,0,0,0,4,86.2,1.98,86.2,1.98,85.7,2.28,0.5,-0.3
district,Karnali,Jumla,Male,11 Year,1168,8,797,213,0,1,8,3,110,4,0,0,0,22,0,0,0,0,0,2,87.93,1.88,87.93,1.88,90.45,2.08,-2.52,-0.2
district,Karnali,Jumla,Male,12 Year,1630,2,809,690,0,0,7,1,86,3,0,0,0,28,0,0,0,0,0,4,92.52,1.72,92.52,1.72,93.12,1.89,-0.6,-0.17
district,Karnali,Jumla,Male,13 Year,1492,3,436,983,0,0,4,1,34,12,0,0,0,17,0,0,0,0,0,2,95.58,1.14,95.58,1.14,93.71,2.23,1.87,-1.09
district,Karnali,Jumla,Male,14 Year,1454,0,221,891,274,2,3,1,23,6,2,0,2,26,0,0,0,0,0,3,95.67,1.79,95.67,1.79,94.7,1.34,0.97,0.45
district,Karnali,Jumla,Male,15 Year,1453,0,54,729,533,0,7,2,58,11,6,0,2,47,0,1,0,0,0,3,91.05,3.23,91.05,3.23,89.86,4.07,1.19,-0.84
district,Karnali,Jumla,Male,16 Year,1221,2,37,430,640,0,6,0,40,25,9,0,0,29,0,0,0,0,0,3,91.32,2.38,91.32,2.38,88.02,3.63,3.3,-1.25
district,Karnali,Jumla,Male,17 Year,671,1,20,192,354,0,2,1,27,37,13,1,2,21,0,0,0,0,0,0,84.8,3.13,84.8,3.13,80.45,6.61,4.35,-3.48
district,Karnali,Jumla,Male,18 Year,1052,1,29,195,478,0,0,1,79,99,56,3,3,95,0,2,0,1,1,9,66.83,9.03,66.83,9.03,60.34,12.21,6.49,-3.18
district,Karnali,Jumla,Male,19 Year,461,0,16,71,181,2,1,1,46,53,49,0,1,38,0,0,0,0,0,2,58.79,8.24,58.79,8.24,45.73,13.66,13.06,-5.42
district,Karnali,Jumla,Male,20 Year,603,0,0,0,186,0,2,2,61,158,104,5,5,72,0,0,0,0,0,8,31.18,11.94,31.18,11.94,22.87,20.23,8.31,-8.29
district,Karnali,Jumla,Male,21 Year,541,0,0,0,108,0,0,0,65,138,118,4,5,95,0,0,0,0,0,8,19.96,17.56,19.96,17.56,12.91,31.28,7.05,-13.72
district,Karnali,Jumla,Male,22 Year,610,0,0,0,84,0,1,1,71,153,197,3,5,89,0,0,0,0,0,6,13.93,14.59,13.93,14.59,12.7,23.38,1.23,-8.79
district,Karnali,Jumla,Male,23 Year,437,0,0,0,50,1,2,1,62,108,147,4,0,59,0,0,0,0,0,3,12.13,13.5,12.13,13.5,7.47,28.99,4.66,-15.49
district,Karnali,Jumla,Male,24 Year,600,0,0,0,62,0,2,0,78,122,178,2,2,140,0,0,0,0,0,14,10.67,23.33,10.67,23.33,8.02,33.38,2.65,-10.05
district,Karnali,Jumla,Male,25 Year,616,0,0,0,37,1,1,2,83,147,206,3,6,128,0,0,0,0,1,1,6.33,20.78,6.33,20.78,4.39,41.1,1.94,-20.32
district,Karnali,Jumla,Female,All Ages,23138,2027,7380,4347,2913,28,131,45,1386,1264,1131,48,34,2264,0,6,0,0,1,133,72.72,9.78,77.96,6.15,72.72,9.78,5.24,-3.63
district,Karnali,Jumla,Female,5 Year,1159,961,0,0,0,0,18,4,0,0,0,0,0,147,0,0,0,0,0,29,84.47,12.68,82.65,14.58,84.47,12.68,-1.82,1.9
district,Karnali,Jumla,Female,6 Year,1224,455,640,0,0,1,9,1,2,0,0,1,1,107,0,0,0,0,0,7,90.28,8.74,91.66,6.87,90.28,8.74,1.38,-1.87
district,Karnali,Jumla,Female,7 Year,1143,271,775,0,0,0,15,0,2,0,0,0,1,76,0,0,0,0,0,3,92.83,6.65,93.17,6.18,92.83,6.65,0.34,-0.47
district,Karnali,Jumla,Female,8 Year,1386,192,1128,0,0,1,10,1,9,0,0,0,1,39,0,0,0,0,0,5,96.03,2.81,96.64,2.74,96.03,2.81,0.61,-0.07
district,Karnali,Jumla,Female,9 Year,1176,91,1028,0,0,3,11,0,9,0,0,0,0,31,0,0,0,0,0,3,96.34,2.64,96.15,2.49,96.34,2.64,-0.19,-0.15
district,Karnali,Jumla,Female,10 Year,1490,30,1238,0,0,0,9,7,168,0,0,0,0,34,0,0,0,0,0,4,85.7,2.28,86.2,1.98,85.7,2.28,0.5,-0.3
district,Karnali,Jumla,Female,11 Year,1152,9,821,206,0,0,6,3,81,1,0,0,0,24,0,0,0,0,0,1,90.45,2.08,87.93,1.88,90.45,2.08,-2.52,-0.2
district,Karnali,Jumla,Female,12 Year,1643,8,853,657,0,1,11,3,66,4,0,1,0,31,0,0,0,0,0,8,93.12,1.89,92.52,1.72,93.12,1.89,-0.6,-0.17
district,Karnali,Jumla,Female,13 Year,1479,3,452,926,0,0,5,3,46,6,0,1,1,33,0,1,0,0,0,2,93.71,2.23,95.58,1.14,93.71,2.23,1.87,-1.09
district,Karnali,Jumla,Female,14 Year,1565,1,266,925,283,1,6,2,39,14,1,0,0,21,0,0,0,0,0,6,94.7,1.34,95.67,1.79,94.7,1.34,0.97,0.45
district,Karnali,Jumla,Female,15 Year,1450,1,58,714,523,1,6,3,52,14,11,1,2,59,0,1,0,0,0,4,89.86,4.07,91.05,3.23,89.86,4.07,1.19,-0.84
district,Karnali,Jumla,Female,16 Year,1294,2,42,477,618,0,0,2,55,25,15,1,3,47,0,1,0,0,0,6,88.02,3.63,91.32,2.38,88.02,3.63,3.3,-1.25
district,Karnali,Jumla,Female,17 Year,757,1,33,190,377,0,8,1,37,37,16,2,1,50,0,1,0,0,0,3,80.45,6.61,84.8,3.13,80.45,6.61,4.35,-3.48
district,Karnali,Jumla,Female,18 Year,1122,2,30,192,449,1,3,2,92,121,79,3,1,137,0,1,0,0,1,8,60.34,12.21,66.83,9.03,60.34,12.21,6.49,-3.18
district,Karnali,Jumla,Female,19 Year,527,0,16,60,164,0,1,1,62,81,67,0,1,72,0,0,0,0,0,2,45.73,13.66,58.79,8.24,45.73,13.66,13.06,-5.42
district,Karnali,Jumla,Female,20 Year,870,0,0,0,194,1,4,2,113,204,166,3,2,176,0,0,0,0,0,5,22.87,20.23,31.18,11.94,22.87,20.23,8.31,-8.29
district,Karnali,Jumla,Female,21 Year,697,0,0,0,87,1,2,0,88,148,130,7,2,218,0,0,0,0,0,14,12.91,31.28,19.96,17.56,12.91,31.28,7.05,-13.72
district,Karnali,Jumla,Female,22 Year,740,0,0,0,88,4,2,0,97,171,193,4,5,173,0,0,0,0,0,3,12.7,23.38,13.93,14.59,12.7,23.38,1.23,-8.79
district,Karnali,Jumla,Female,23 Year,683,0,0,0,47,3,1,1,103,140,179,5,4,198,0,0,0,0,0,2,7.47,28.99,12.13,13.5,7.47,28.99,4.66,-15.49
district,Karnali,Jumla,Female,24 Year,761,0,0,0,56,3,2,3,120,154,143,7,5,254,0,1,0,0,0,13,8.02,33.38,10.67,23.33,8.02,33.38,2.65,-10.05
district,Karnali,Jumla,Female,25 Year,820,0,0,0,27,7,2,6,145,144,131,12,4,337,0,0,0,0,0,5,4.39,41.1,6.33,20.78,4.39,41.1,1.94,-20.32
district,Karnali,Kalikot,Total,All Ages,57210,3943,21480,12718,8385,63,157,45,1986,2400,3409,25,37,2379,0,17,0,4,0,162,81.71,4.16,83.49,3.3,79.97,5.0,3.52,-1.7
district,Karnali,Kalikot,Total,5 Year,3426,2730,0,0,0,6,22,12,0,0,0,0,0,566,0,0,0,0,0,90,80.5,16.52,81.89,15.6,78.97,17.54,2.92,-1.94
district,Karnali,Kalikot,Total,6 Year,3417,688,2398,0,0,9,15,1,11,0,0,0,1,261,0,1,0,0,0,32,91.02,7.64,91.36,7.21,90.65,8.09,0.71,-0.88
district,Karnali,Kalikot,Total,7 Year,3081,289,2637,0,0,1,8,0,10,0,0,0,0,127,0,1,0,0,0,8,95.26,4.12,95.48,3.86,95.04,4.38,0.44,-0.52
district,Karnali,Kalikot,Total,8 Year,3699,135,3451,0,0,4,10,0,5,0,0,0,2,86,0,0,0,0,0,6,97.32,2.32,97.11,2.36,97.55,2.29,-0.44,0.07
district,Karnali,Kalikot,Total,9 Year,3375,55,3245,0,0,2,4,1,18,0,0,1,0,44,0,0,0,0,0,5,97.96,1.3,97.77,1.41,98.14,1.2,-0.37,0.21
district,Karnali,Kalikot,Total,10 Year,4178,13,3709,0,0,1,14,6,397,0,0,0,0,36,0,0,0,0,0,2,89.44,0.86,89.35,0.78,89.55,0.95,-0.2,-0.17
district,Karnali,Kalikot,Total,11 Year,3281,12,2168,902,0,1,5,2,167,2,0,0,0,20,0,0,0,0,0,2,94.12,0.61,94.31,0.6,93.92,0.62,0.39,-0.02
district,Karnali,Kalikot,Total,12 Year,4573,5,2024,2339,0,1,8,1,131,20,0,0,1,39,0,1,0,0,0,3,95.71,0.85,95.69,1.1,95.74,0.59,-0.05,0.51
district,Karnali,Kalikot,Total,13 Year,3996,4,994,2871,0,1,5,5,70,21,0,0,0,23,0,1,0,0,0,1,96.97,0.58,97.67,0.25,96.26,0.91,1.41,-0.66
district,Karnali,Kalikot,Total,14 Year,4295,2,517,2704,948,0,8,1,49,24,10,1,1,26,0,3,0,1,0,0,97.3,0.61,97.19,0.61,97.41,0.6,-0.22,0.01
district,Karnali,Kalikot,Total,15 Year,3767,1,122,1803,1634,0,9,1,105,35,24,0,0,29,0,4,0,0,0,0,94.74,0.77,94.91,0.88,94.59,0.67,0.32,0.21
district,Karnali,Kalikot,Total,16 Year,3250,2,88,1111,1813,2,12,2,81,55,47,1,0,34,0,2,0,0,0,0,93.17,1.05,93.78,1.01,92.58,1.09,1.2,-0.08
district,Karnali,Kalikot,Total,17 Year,1599,3,40,385,943,1,5,1,55,78,63,0,2,21,0,0,0,1,0,1,86.12,1.31,85.38,1.28,86.81,1.34,-1.43,-0.06
district,Karnali,Kalikot,Total,18 Year,2658,3,61,470,1424,2,7,3,115,262,228,1,1,77,0,2,0,0,0,2,74.0,2.9,76.09,2.69,72.11,3.08,3.98,-0.39
district,Karnali,Kalikot,Total,19 Year,1127,1,26,133,470,2,6,0,72,164,202,0,3,44,0,0,0,1,0,3,56.61,3.9,57.28,3.88,56.05,3.92,1.23,-0.04
district,Karnali,Kalikot,Total,20 Year,1584,0,0,0,489,2,1,0,111,369,482,8,2,119,0,0,0,0,0,1,31.06,7.51,33.08,6.5,29.61,8.24,3.47,-1.74
district,Karnali,Kalikot,Total,21 Year,1056,0,0,0,211,5,3,1,84,277,377,2,3,90,0,1,0,1,0,1,20.74,8.52,21.67,3.96,19.97,12.33,1.7,-8.37
district,Karnali,Kalikot,Total,22 Year,1357,0,0,0,182,5,3,2,134,328,550,3,4,144,0,1,0,0,0,1,14.0,10.61,15.42,7.8,12.91,12.78,2.51,-4.98
district,Karnali,Kalikot,Total,23 Year,1056,0,0,0,122,2,1,2,94,245,439,2,3,144,0,0,0,0,0,2,11.84,13.64,14.47,6.8,9.83,18.83,4.64,-12.03
district,Karnali,Kalikot,Total,24 Year,1125,0,0,0,89,5,6,2,115,237,501,3,7,159,0,0,0,0,0,1,8.89,14.13,9.69,7.01,8.28,19.53,1.41,-12.52
district,Karnali,Kalikot,Total,25 Year,1310,0,0,0,60,11,5,2,162,283,486,3,7,290,0,0,0,0,0,1,5.8,22.14,5.86,10.62,5.76,30.37,0.1,-19.75
district,Karnali,Kalikot,Male,All Ages,28245,2115,10865,6365,4131,20,87,18,926,1139,1531,11,17,932,0,7,0,2,0,79,83.49,3.3,83.49,3.3,79.97,5.0,3.52,-1.7
district,Karnali,Kalikot,Male,5 Year,1795,1453,0,0,0,2,15,8,0,0,0,0,0,280,0,0,0,0,0,37,81.89,15.6,81.89,15.6,78.97,17.54,2.92,-1.94
district,Karnali,Kalikot,Male,6 Year,1748,384,1202,0,0,4,7,0,6,0,0,0,1,126,0,1,0,0,0,17,91.36,7.21,91.36,7.21,90.65,8.09,0.71,-0.88
district,Karnali,Kalikot,Male,7 Year,1528,156,1295,0,0,1,7,0,4,0,0,0,0,59,0,1,0,0,0,5,95.48,3.86,95.48,3.86,95.04,4.38,0.44,-0.52
district,Karnali,Kalikot,Male,8 Year,1906,67,1777,0,0,2,5,0,5,0,0,0,1,45,0,0,0,0,0,4,97.11,2.36,97.11,2.36,97.55,2.29,-0.44,0.07
district,Karnali,Kalikot,Male,9 Year,1706,30,1636,0,0,1,1,0,9,0,0,1,0,24,0,0,0,0,0,4,97.77,1.41,97.77,1.41,98.14,1.2,-0.37,0.21
district,Karnali,Kalikot,Male,10 Year,2178,8,1926,0,0,1,11,2,211,0,0,0,0,17,0,0,0,0,0,2,89.35,0.78,89.35,0.78,89.55,0.95,-0.2,-0.17
district,Karnali,Kalikot,Male,11 Year,1669,6,1103,462,0,1,2,1,82,1,0,0,0,10,0,0,0,0,0,1,94.31,0.6,94.31,0.6,93.92,0.62,0.39,-0.02
district,Karnali,Kalikot,Male,12 Year,2367,1,1036,1224,0,1,3,0,63,10,0,0,0,26,0,0,0,0,0,3,95.69,1.1,95.69,1.1,95.74,0.59,-0.05,0.51
district,Karnali,Kalikot,Male,13 Year,2017,3,485,1481,0,0,1,0,31,10,0,0,0,5,0,0,0,0,0,1,97.67,0.25,97.67,0.25,96.26,0.91,1.41,-0.66
district,Karnali,Kalikot,Male,14 Year,2135,2,261,1341,468,0,3,1,24,14,5,1,0,13,0,1,0,1,0,0,97.19,0.61,97.19,0.61,97.41,0.6,-0.22,0.01
district,Karnali,Kalikot,Male,15 Year,1827,1,48,875,803,0,7,1,48,13,12,0,0,16,0,3,0,0,0,0,94.91,0.88,94.91,0.88,94.59,0.67,0.32,0.21
district,Karnali,Kalikot,Male,16 Year,1592,1,44,509,931,1,7,1,41,22,19,0,0,16,0,0,0,0,0,0,93.78,1.01,93.78,1.01,92.58,1.09,1.2,-0.08
district,Karnali,Kalikot,Male,17 Year,780,1,16,188,458,1,2,0,33,41,28,0,2,10,0,0,0,0,0,0,85.38,1.28,85.38,1.28,86.81,1.34,-1.43,-0.06
district,Karnali,Kalikot,Male,18 Year,1263,1,24,215,715,1,5,1,48,124,91,1,1,34,0,0,0,0,0,2,76.09,2.69,76.09,2.69,72.11,3.08,3.98,-0.39
district,Karnali,Kalikot,Male,19 Year,515,1,12,70,208,1,3,0,37,71,90,0,1,20,0,0,0,1,0,0,57.28,3.88,57.28,3.88,56.05,3.92,1.23,-0.04
district,Karnali,Kalikot,Male,20 Year,662,0,0,0,218,0,1,0,53,170,174,2,1,43,0,0,0,0,0,0,33.08,6.5,33.08,6.5,29.61,8.24,3.47,-1.74
district,Karnali,Kalikot,Male,21 Year,480,0,0,0,102,1,1,0,43,137,175,1,1,19,0,0,0,0,0,0,21.67,3.96,21.67,3.96,19.97,12.33,1.7,-8.37
district,Karnali,Kalikot,Male,22 Year,590,0,0,0,88,0,3,2,59,150,236,2,2,46,0,1,0,0,0,1,15.42,7.8,15.42,7.8,12.91,12.78,2.51,-4.98
district,Karnali,Kalikot,Male,23 Year,456,0,0,0,65,0,1,0,27,126,200,2,2,31,0,0,0,0,0,2,14.47,6.8,14.47,6.8,9.83,18.83,4.64,-12.03
district,Karnali,Kalikot,Male,24 Year,485,0,0,0,43,2,2,1,41,110,248,0,4,34,0,0,0,0,0,0,9.69,7.01,9.69,7.01,8.28,19.53,1.41,-12.52
district,Karnali,Kalikot,Male,25 Year,546,0,0,0,32,0,0,0,61,140,253,1,1,58,0,0,0,0,0,0,5.86,10.62,5.86,10.62,5.76,30.37,0.1,-19.75
district,Karnali,Kalikot,Female,All Ages,28965,1828,10615,6353,4254,43,70,27,1060,1261,1878,14,20,1447,0,10,0,2,0,83,79.97,5.0,83.49,3.3,79.97,5.0,3.52,-1.7
district,Karnali,Kalikot,Female,5 Year,1631,1277,0,0,0,4,7,4,0,0,0,0,0,286,0,0,0,0,0,53,78.97,17.54,81.89,15.6,78.97,17.54,2.92,-1.94
district,Karnali,Kalikot,Female,6 Year,1669,304,1196,0,0,5,8,1,5,0,0,0,0,135,0,0,0,0,0,15,90.65,8.09,91.36,7.21,90.65,8.09,0.71,-0.88
district,Karnali,Kalikot,Female,7 Year,1553,133,1342,0,0,0,1,0,6,0,0,0,0,68,0,0,0,0,0,3,95.04,4.38,95.48,3.86,95.04,4.38,0.44,-0.52
district,Karnali,Kalikot,Female,8 Year,1793,68,1674,0,0,2,5,0,0,0,0,0,1,41,0,0,0,0,0,2,97.55,2.29,97.11,2.36,97.55,2.29,-0.44,0.07
district,Karnali,Kalikot,Female,9 Year,1669,25,1609,0,0,1,3,1,9,0,0,0,0,20,0,0,0,0,0,1,98.14,1.2,97.77,1.41,98.14,1.2,-0.37,0.21
district,Karnali,Kalikot,Female,10 Year,2000,5,1783,0,0,0,3,4,186,0,0,0,0,19,0,0,0,0,0,0,89.55,0.95,89.35,0.78,89.55,0.95,-0.2,-0.17
district,Karnali,Kalikot,Female,11 Year,1612,6,1065,440,0,0,3,1,85,1,0,0,0,10,0,0,0,0,0,1,93.92,0.62,94.31,0.6,93.92,0.62,0.39,-0.02
district,Karnali,Kalikot,Female,12 Year,2206,4,988,1115,0,0,5,1,68,10,0,0,1,13,0,1,0,0,0,0,95.74,0.59,95.69,1.1,95.74,0.59,-0.05,0.51
district,Karnali,Kalikot,Female,13 Year,1979,1,509,1390,0,1,4,5,39,11,0,0,0,18,0,1,0,0,0,0,96.26,0.91,97.67,0.25,96.26,0.91,1.41,-0.66
district,Karnali,Kalikot,Female,14 Year,2160,0,256,1363,480,0,5,0,25,10,5,0,1,13,0,2,0,0,0,0,97.41,0.6,97.19,0.61,97.41,0.6,-0.22,0.01
district,Karnali,Kalikot,Female,15 Year,1940,0,74,928,831,0,2,0,57,22,12,0,0,13,0,1,0,0,0,0,94.59,0.67,94.91,0.88,94.59,0.67,0.32,0.21
district,Karnali,Kalikot,Female,16 Year,1658,1,44,602,882,1,5,1,40,33,28,1,0,18,0,2,0,0,0,0,92.58,1.09,93.78,1.01,92.58,1.09,1.2,-0.08
district,Karnali,Kalikot,Female,17 Year,819,2,24,197,485,0,3,1,22,37,35,0,0,11,0,0,0,1,0,1,86.81,1.34,85.38,1.28,86.81,1.34,-1.43,-0.06
district,Karnali,Kalikot,Female,18 Year,1395,2,37,255,709,1,2,2,67,138,137,0,0,43,0,2,0,0,0,0,72.11,3.08,76.09,2.69,72.11,3.08,3.98,-0.39
district,Karnali,Kalikot,Female,19 Year,612,0,14,63,262,1,3,0,35,93,112,0,2,24,0,0,0,0,0,3,56.05,3.92,57.28,3.88,56.05,3.92,1.23,-0.04
district,Karnali,Kalikot,Female,20 Year,922,0,0,0,271,2,0,0,58,199,308,6,1,76,0,0,0,0,0,1,29.61,8.24,33.08,6.5,29.61,8.24,3.47,-1.74
district,Karnali,Kalikot,Female,21 Year,576,0,0,0,109,4,2,1,41,140,202,1,2,71,0,1,0,1,0,1,19.97,12.33,21.67,3.96,19.97,12.33,1.7,-8.37
district,Karnali,Kalikot,Female,22 Year,767,0,0,0,94,5,0,0,75,178,314,1,2,98,0,0,0,0,0,0,12.91,12.78,15.42,7.8,12.91,12.78,2.51,-4.98
district,Karnali,Kalikot,Female,23 Year,600,0,0,0,57,2,0,2,67,119,239,0,1,113,0,0,0,0,0,0,9.83,18.83,14.47,6.8,9.83,18.83,4.64,-12.03
district,Karnali,Kalikot,Female,24 Year,640,0,0,0,46,3,4,1,74,127,253,3,3,125,0,0,0,0,0,1,8.28,19.53,9.69,7.01,8.28,19.53,1.41,-12.52
district,Karnali,Kalikot,Female,25 Year,764,0,0,0,28,11,5,2,101,143,233,2,6,232,0,0,0,0,0,1,5.76,30.37,5.86,10.62,5.76,30.37,0.1,-19.75
district,Karnali,Dailekh,Total,All Ages,97967,6494,33769,20451,12686,105,336,100,4954,7224,7914,123,90,3509,1,35,3,0,0,173,75.37,3.58,77.54,3.1,73.32,4.04,4.22,-0.94
district,Karnali,Dailekh,Total,5 Year,5608,4777,0,0,0,14,42,36,0,0,0,0,1,651,1,0,0,0,0,86,86.18,11.61,86.13,11.48,86.23,11.75,-0.1,-0.27
district,Karnali,Dailekh,Total,6 Year,5442,1018,3965,0,0,10,28,9,30,0,0,0,1,360,0,0,0,0,0,21,92.26,6.62,92.74,6.22,91.77,7.03,0.97,-0.81
district,Karnali,Dailekh,Total,7 Year,5254,390,4632,0,0,8,21,0,34,0,0,0,2,151,0,0,0,0,0,16,96.14,2.87,96.15,2.78,96.12,2.96,0.03,-0.18
district,Karnali,Dailekh,Total,8 Year,5944,192,5516,0,0,3,26,0,49,0,0,2,3,143,0,0,0,0,0,10,96.52,2.41,96.31,2.43,96.73,2.39,-0.42,0.04
district,Karnali,Dailekh,Total,9 Year,5504,70,5262,0,0,4,33,0,60,0,0,0,1,73,0,0,0,0,0,1,97.55,1.33,97.39,1.31,97.71,1.35,-0.32,-0.04
district,Karnali,Dailekh,Total,10 Year,6469,16,5830,0,0,1,21,10,503,0,0,1,2,82,0,0,0,0,0,3,90.71,1.27,91.09,1.2,90.31,1.34,0.78,-0.14
district,Karnali,Dailekh,Total,11 Year,5305,7,3293,1663,0,3,23,3,230,14,0,2,1,61,0,0,0,0,0,5,94.04,1.15,94.09,1.11,94.0,1.19,0.09,-0.08
district,Karnali,Dailekh,Total,12 Year,7107,7,2728,4050,0,1,16,7,197,29,0,0,3,68,0,0,0,0,0,1,95.71,0.96,95.43,0.95,96.0,0.96,-0.57,-0.01
district,Karnali,Dailekh,Total,13 Year,6361,6,1313,4767,0,5,18,4,141,44,0,0,0,57,0,3,1,0,0,2,96.04,0.9,95.69,0.9,96.37,0.89,-0.68,0.01
district,Karnali,Dailekh,Total,14 Year,6842,2,694,4182,1668,3,16,2,105,65,20,1,1,74,0,5,1,0,0,3,95.95,1.08,95.41,0.99,96.47,1.17,-1.06,-0.18
district,Karnali,Dailekh,Total,15 Year,6155,3,209,2749,2706,3,27,4,223,89,45,4,2,79,0,9,0,0,0,3,92.56,1.28,92.26,1.3,92.84,1.27,-0.58,0.03
district,Karnali,Dailekh,Total,16 Year,5176,3,137,1512,2875,3,16,3,225,214,98,3,2,78,0,5,0,0,0,2,87.83,1.51,87.61,1.49,88.04,1.52,-0.43,-0.03
district,Karnali,Dailekh,Total,17 Year,3016,1,59,652,1566,4,11,0,208,264,183,7,3,50,0,6,0,0,0,2,76.03,1.66,77.48,1.53,74.7,1.78,2.78,-0.25
district,Karnali,Dailekh,Total,18 Year,3890,1,94,639,1549,3,8,1,350,634,438,9,3,158,0,2,0,0,0,1,58.97,4.06,61.78,3.4,56.35,4.68,5.43,-1.28
district,Karnali,Dailekh,Total,19 Year,2363,1,37,237,671,4,8,3,264,549,470,5,3,106,0,0,1,0,0,4,40.54,4.49,47.02,3.21,34.68,5.65,12.34,-2.44
district,Karnali,Dailekh,Total,20 Year,3339,0,0,0,588,5,2,4,423,1020,1092,11,11,179,0,2,0,0,0,2,17.82,5.36,20.5,4.18,15.8,6.25,4.7,-2.07
district,Karnali,Dailekh,Total,21 Year,2517,0,0,0,316,6,4,1,337,770,908,10,3,160,0,0,0,0,0,2,12.95,6.36,15.5,4.95,11.0,7.43,4.5,-2.48
district,Karnali,Dailekh,Total,22 Year,3167,0,0,0,280,4,6,6,440,997,1196,17,13,205,0,0,0,0,0,3,9.16,6.47,10.04,4.98,8.49,7.6,1.55,-2.62
district,Karnali,Dailekh,Total,23 Year,2825,0,0,0,203,9,0,3,346,905,1122,10,10,213,0,2,0,0,0,2,7.5,7.54,8.46,6.2,6.81,8.52,1.65,-2.32
district,Karnali,Dailekh,Total,24 Year,2730,0,0,0,140,7,4,1,382,828,1114,18,13,218,0,1,0,0,0,4,5.53,7.99,6.39,6.15,4.82,9.5,1.57,-3.35
district,Karnali,Dailekh,Total,25 Year,2953,0,0,0,124,5,6,3,407,802,1228,23,12,343,0,0,0,0,0,0,4.57,11.62,4.47,7.59,4.64,14.58,-0.17,-6.99
district,Karnali,Dailekh,Male,All Ages,47708,3384,17054,10137,6209,48,160,45,2322,3425,3242,55,41,1478,1,17,2,0,0,88,77.54,3.1,77.54,3.1,73.32,4.04,4.22,-0.94
district,Karnali,Dailekh,Male,5 Year,2892,2463,0,0,0,8,20,19,0,0,0,0,1,332,1,0,0,0,0,48,86.13,11.48,86.13,11.48,86.23,11.75,-0.1,-0.27
district,Karnali,Dailekh,Male,6 Year,2781,546,2007,0,0,6,20,6,14,0,0,0,1,173,0,0,0,0,0,8,92.74,6.22,92.74,6.22,91.77,7.03,0.97,-0.81
district,Karnali,Dailekh,Male,7 Year,2623,217,2293,0,0,3,9,0,19,0,0,0,1,73,0,0,0,0,0,8,96.15,2.78,96.15,2.78,96.12,2.96,0.03,-0.18
district,Karnali,Dailekh,Male,8 Year,3009,104,2779,0,0,2,13,0,28,0,0,2,2,73,0,0,0,0,0,6,96.31,2.43,96.31,2.43,96.73,2.39,-0.42,0.04
district,Karnali,Dailekh,Male,9 Year,2754,32,2635,0,0,0,15,0,34,0,0,0,1,36,0,0,0,0,0,1,97.39,1.31,97.39,1.31,97.71,1.35,-0.32,-0.04
district,Karnali,Dailekh,Male,10 Year,3343,10,3025,0,0,1,9,5,250,0,0,1,1,40,0,0,0,0,0,1,91.09,1.2,91.09,1.2,90.31,1.34,0.78,-0.14
district,Karnali,Dailekh,Male,11 Year,2623,2,1635,823,0,1,7,0,116,6,0,0,1,29,0,0,0,0,0,3,94.09,1.11,94.09,1.11,94.0,1.19,0.09,-0.08
district,Karnali,Dailekh,Male,12 Year,3679,4,1411,2087,0,1,8,4,107,20,0,0,2,35,0,0,0,0,0,0,95.43,0.95,95.43,0.95,96.0,0.96,-0.57,-0.01
district,Karnali,Dailekh,Male,13 Year,3106,2,654,2304,0,4,8,2,78,23,0,0,0,28,0,1,1,0,0,1,95.69,0.9,95.69,0.9,96.37,0.89,-0.68,0.01
district,Karnali,Dailekh,Male,14 Year,3331,0,349,2010,812,2,5,2,62,39,10,0,0,33,0,5,0,0,0,2,95.41,0.99,95.41,0.99,96.47,1.17,-1.06,-0.18
district,Karnali,Dailekh,Male,15 Year,3011,1,102,1388,1271,2,14,2,110,53,21,1,2,39,0,4,0,0,0,1,92.26,1.3,92.26,1.3,92.84,1.27,-0.58,0.03
district,Karnali,Dailekh,Male,16 Year,2542,2,63,735,1417,2,8,0,116,112,44,1,2,38,0,2,0,0,0,0,87.61,1.49,87.61,1.49,88.04,1.52,-0.43,-0.03
district,Karnali,Dailekh,Male,17 Year,1439,1,28,334,747,1,4,0,99,118,73,5,2,22,0,4,0,0,0,1,77.48,1.53,77.48,1.53,74.7,1.78,2.78,-0.25
district,Karnali,Dailekh,Male,18 Year,1881,0,50,321,785,2,4,0,185,295,169,4,1,64,0,1,0,0,0,0,61.78,3.4,61.78,3.4,56.35,4.68,5.43,-1.28
district,Karnali,Dailekh,Male,19 Year,1123,0,23,135,364,1,5,1,124,243,185,2,2,36,0,0,1,0,0,1,47.02,3.21,47.02,3.21,34.68,5.65,12.34,-2.44
district,Karnali,Dailekh,Male,20 Year,1434,0,0,0,291,3,0,0,179,490,403,3,4,60,0,0,0,0,0,1,20.5,4.18,20.5,4.18,15.8,6.25,4.7,-2.07
district,Karnali,Dailekh,Male,21 Year,1090,0,0,0,165,1,3,1,145,353,363,2,2,54,0,0,0,0,0,1,15.5,4.95,15.5,4.95,11.0,7.43,4.5,-2.48
district,Karnali,Dailekh,Male,22 Year,1365,0,0,0,134,1,2,1,196,470,480,7,4,68,0,0,0,0,0,2,10.04,4.98,10.04,4.98,8.49,7.6,1.55,-2.62
district,Karnali,Dailekh,Male,23 Year,1194,0,0,0,98,3,0,0,133,428,447,6,4,74,0,0,0,0,0,1,8.46,6.2,8.46,6.2,6.81,8.52,1.65,-2.32
district,Karnali,Dailekh,Male,24 Year,1236,0,0,0,74,2,3,0,164,413,491,7,4,76,0,0,0,0,0,2,6.39,6.15,6.39,6.15,4.82,9.5,1.57,-3.35
district,Karnali,Dailekh,Male,25 Year,1252,0,0,0,51,2,3,2,163,362,556,14,4,95,0,0,0,0,0,0,4.47,7.59,4.47,7.59,4.64,14.58,-0.17,-6.99
district,Karnali,Dailekh,Female,All Ages,50259,3110,16715,10314,6477,57,176,55,2632,3799,4672,68,49,2031,0,18,1,0,0,85,73.32,4.04,77.54,3.1,73.32,4.04,4.22,-0.94
district,Karnali,Dailekh,Female,5 Year,2716,2314,0,0,0,6,22,17,0,0,0,0,0,319,0,0,0,0,0,38,86.23,11.75,86.13,11.48,86.23,11.75,-0.1,-0.27
district,Karnali,Dailekh,Female,6 Year,2661,472,1958,0,0,4,8,3,16,0,0,0,0,187,0,0,0,0,0,13,91.77,7.03,92.74,6.22,91.77,7.03,0.97,-0.81
district,Karnali,Dailekh,Female,7 Year,2631,173,2339,0,0,5,12,0,15,0,0,0,1,78,0,0,0,0,0,8,96.12,2.96,96.15,2.78,96.12,2.96,0.03,-0.18
district,Karnali,Dailekh,Female,8 Year,2935,88,2737,0,0,1,13,0,21,0,0,0,1,70,0,0,0,0,0,4,96.73,2.39,96.31,2.43,96.73,2.39,-0.42,0.04
district,Karnali,Dailekh,Female,9 Year,2750,38,2627,0,0,4,18,0,26,0,0,0,0,37,0,0,0,0,0,0,97.71,1.35,97.39,1.31,97.71,1.35,-0.32,-0.04
district,Karnali,Dailekh,Female,10 Year,3126,6,2805,0,0,0,12,5,253,0,0,0,1,42,0,0,0,0,0,2,90.31,1.34,91.09,1.2,90.31,1.34,0.78,-0.14
district,Karnali,Dailekh,Female,11 Year,2682,5,1658,840,0,2,16,3,114,8,0,2,0,32,0,0,0,0,0,2,94.0,1.19,94.09,1.11,94.0,1.19,0.09,-0.08
district,Karnali,Dailekh,Female,12 Year,3428,3,1317,1963,0,0,8,3,90,9,0,0,1,33,0,0,0,0,0,1,96.0,0.96,95.43,0.95,96.0,0.96,-0.57,-0.01
district,Karnali,Dailekh,Female,13 Year,3255,4,659,2463,0,1,10,2,63,21,0,0,0,29,0,2,0,0,0,1,96.37,0.89,95.69,0.9,96.37,0.89,-0.68,0.01
district,Karnali,Dailekh,Female,14 Year,3511,2,345,2172,856,1,11,0,43,26,10,1,1,41,0,0,1,0,0,1,96.47,1.17,95.41,0.99,96.47,1.17,-1.06,-0.18
district,Karnali,Dailekh,Female,15 Year,3144,2,107,1361,1435,1,13,2,113,36,24,3,0,40,0,5,0,0,0,2,92.84,1.27,92.26,1.3,92.84,1.27,-0.58,0.03
district,Karnali,Dailekh,Female,16 Year,2634,1,74,777,1458,1,8,3,109,102,54,2,0,40,0,3,0,0,0,2,88.04,1.52,87.61,1.49,88.04,1.52,-0.43,-0.03
district,Karnali,Dailekh,Female,17 Year,1577,0,31,318,819,3,7,0,109,146,110,2,1,28,0,2,0,0,0,1,74.7,1.78,77.48,1.53,74.7,1.78,2.78,-0.25
district,Karnali,Dailekh,Female,18 Year,2009,1,44,318,764,1,4,1,165,339,269,5,2,94,0,1,0,0,0,1,56.35,4.68,61.78,3.4,56.35,4.68,5.43,-1.28
district,Karnali,Dailekh,Female,19 Year,1240,1,14,102,307,3,3,2,140,306,285,3,1,70,0,0,0,0,0,3,34.68,5.65,47.02,3.21,34.68,5.65,12.34,-2.44
district,Karnali,Dailekh,Female,20 Year,1905,0,0,0,297,2,2,4,244,530,689,8,7,119,0,2,0,0,0,1,15.8,6.25,20.5,4.18,15.8,6.25,4.7,-2.07
district,Karnali,Dailekh,Female,21 Year,1427,0,0,0,151,5,1,0,192,417,545,8,1,106,0,0,0,0,0,1,11.0,7.43,15.5,4.95,11.0,7.43,4.5,-2.48
district,Karnali,Dailekh,Female,22 Year,1802,0,0,0,146,3,4,5,244,527,716,10,9,137,0,0,0,0,0,1,8.49,7.6,10.04,4.98,8.49,7.6,1.55,-2.62
district,Karnali,Dailekh,Female,23 Year,1631,0,0,0,105,6,0,3,213,477,675,4,6,139,0,2,0,0,0,1,6.81,8.52,8.46,6.2,6.81,8.52,1.65,-2.32
district,Karnali,Dailekh,Female,24 Year,1494,0,0,0,66,5,1,1,218,415,623,11,9,142,0,1,0,0,0,2,4.82,9.5,6.39,6.15,4.82,9.5,1.57,-3.35
district,Karnali,Dailekh,Female,25 Year,1701,0,0,0,73,3,3,1,244,440,672,9,8,248,0,0,0,0,0,0,4.64,14.58,4.47,7.59,4.64,14.58,-0.17,-6.99
district,Karnali,Jajarkot,Total,All Ages,75637,5646,27795,16197,9884,45,215,61,3125,4314,5178,88,68,2841,3,16,0,5,0,156,79.04,3.76,80.08,3.33,78.01,4.18,2.07,-0.85
district,Karnali,Jajarkot,Total,5 Year,4523,3805,0,0,0,2,28,14,0,0,0,2,2,580,2,0,0,0,0,88,84.79,12.82,84.94,12.7,84.64,12.95,0.3,-0.25
district,Karnali,Jajarkot,Total,6 Year,4367,998,2995,0,0,2,28,2,16,0,0,2,0,304,0,0,0,0,0,20,92.12,6.96,92.2,6.8,92.04,7.13,0.16,-0.33
district,Karnali,Jajarkot,Total,7 Year,4234,449,3560,0,0,3,15,1,16,0,0,1,1,169,1,0,0,0,0,18,95.11,3.99,95.55,3.77,94.71,4.2,0.84,-0.43
district,Karnali,Jajarkot,Total,8 Year,4960,248,4545,0,0,4,21,0,32,0,0,1,0,105,0,0,0,0,0,4,97.14,2.12,97.06,2.01,97.22,2.23,-0.16,-0.22
district,Karnali,Jajarkot,Total,9 Year,4632,87,4413,0,0,1,11,1,44,0,0,0,1,70,0,2,0,0,0,2,97.41,1.51,97.56,1.39,97.26,1.64,0.3,-0.25
district,Karnali,Jajarkot,Total,10 Year,5318,33,4760,0,0,0,21,7,423,0,0,0,1,66,0,0,0,0,0,7,90.52,1.24,90.66,1.24,90.4,1.25,0.26,-0.01
district,Karnali,Jajarkot,Total,11 Year,4500,9,2957,1248,0,0,16,7,211,3,0,0,0,47,0,0,0,0,0,2,94.0,1.04,93.27,1.17,94.71,0.93,-1.44,0.24
district,Karnali,Jajarkot,Total,12 Year,5696,3,2416,3046,0,0,8,1,140,24,0,0,1,54,0,0,0,0,0,3,96.08,0.95,95.94,0.96,96.24,0.94,-0.3,0.02
district,Karnali,Jajarkot,Total,13 Year,5281,2,1186,3887,0,1,12,3,99,31,0,0,0,59,0,0,0,0,0,1,96.35,1.12,95.33,1.41,97.36,0.83,-2.03,0.58
district,Karnali,Jajarkot,Total,14 Year,5256,1,572,3285,1212,2,12,1,76,32,17,0,0,43,0,1,0,0,0,2,96.73,0.82,96.57,0.84,96.88,0.8,-0.31,0.04
district,Karnali,Jajarkot,Total,15 Year,4917,6,157,2249,2177,3,9,3,146,69,34,2,1,54,0,4,0,2,0,1,93.57,1.1,92.32,1.54,94.76,0.67,-2.44,0.87
district,Karnali,Jajarkot,Total,16 Year,4056,1,107,1320,2148,0,10,4,156,141,86,1,1,76,0,4,0,1,0,0,88.41,1.87,87.92,1.78,88.91,1.97,-0.99,-0.19
district,Karnali,Jajarkot,Total,17 Year,2578,1,54,547,1447,1,5,1,115,232,104,4,2,60,0,3,0,1,0,1,79.71,2.33,81.22,2.0,78.19,2.66,3.03,-0.66
district,Karnali,Jajarkot,Total,18 Year,2896,3,47,443,1280,1,6,1,212,473,304,2,3,120,0,0,0,0,0,1,61.46,4.14,65.12,3.74,57.82,4.55,7.3,-0.81
district,Karnali,Jajarkot,Total,19 Year,1665,0,26,172,467,1,2,4,151,378,369,4,3,87,0,0,0,0,0,1,40.12,5.23,42.26,4.57,38.2,5.82,4.06,-1.25
district,Karnali,Jajarkot,Total,20 Year,1989,0,0,0,420,1,3,0,219,566,622,8,6,141,0,1,0,0,0,2,21.32,7.09,24.52,5.97,18.46,8.09,6.06,-2.12
district,Karnali,Jajarkot,Total,21 Year,1695,0,0,0,240,2,2,3,211,497,612,7,5,116,0,0,0,0,0,0,14.4,6.84,16.05,5.93,12.88,7.68,3.17,-1.75
district,Karnali,Jajarkot,Total,22 Year,1983,0,0,0,186,4,1,2,224,569,804,13,6,174,0,0,0,0,0,0,9.63,8.77,10.79,7.44,8.62,9.94,2.17,-2.5
district,Karnali,Jajarkot,Total,23 Year,1717,0,0,0,125,7,1,3,188,459,771,9,18,135,0,0,0,0,0,1,7.75,7.86,6.35,4.95,8.93,10.33,-2.58,-5.38
district,Karnali,Jajarkot,Total,24 Year,1545,0,0,0,81,5,2,1,190,412,701,12,3,137,0,0,0,0,0,1,5.7,8.87,5.78,5.92,5.62,11.36,0.16,-5.44
district,Karnali,Jajarkot,Total,25 Year,1829,0,0,0,101,5,2,2,256,428,754,20,14,244,0,1,0,1,0,1,5.9,13.34,6.39,7.02,5.54,18.07,0.85,-11.05
district,Karnali,Jajarkot,Male,All Ages,37412,2874,14021,8074,4865,21,106,29,1581,2156,2285,35,29,1245,0,9,0,0,0,82,80.08,3.33,80.08,3.33,78.01,4.18,2.07,-0.85
district,Karnali,Jajarkot,Male,5 Year,2284,1920,0,0,0,1,19,7,0,0,0,1,2,290,0,0,0,0,0,44,84.94,12.7,84.94,12.7,84.64,12.95,0.3,-0.25
district,Karnali,Jajarkot,Male,6 Year,2206,528,1492,0,0,1,13,0,10,0,0,0,0,150,0,0,0,0,0,12,92.2,6.8,92.2,6.8,92.04,7.13,0.16,-0.33
district,Karnali,Jajarkot,Male,7 Year,2043,208,1735,0,0,3,6,0,6,0,0,0,0,77,0,0,0,0,0,8,95.55,3.77,95.55,3.77,94.71,4.2,0.84,-0.43
district,Karnali,Jajarkot,Male,8 Year,2586,143,2355,0,0,1,11,0,22,0,0,0,0,52,0,0,0,0,0,2,97.06,2.01,97.06,2.01,97.22,2.23,-0.16,-0.22
district,Karnali,Jajarkot,Male,9 Year,2373,46,2261,0,0,1,7,1,22,0,0,0,0,33,0,1,0,0,0,1,97.56,1.39,97.56,1.39,97.26,1.64,0.3,-0.25
district,Karnali,Jajarkot,Male,10 Year,2590,17,2321,0,0,0,10,3,203,0,0,0,0,32,0,0,0,0,0,4,90.66,1.24,90.66,1.24,90.4,1.25,0.26,-0.01
district,Karnali,Jajarkot,Male,11 Year,2230,5,1466,603,0,0,6,4,120,0,0,0,0,26,0,0,0,0,0,0,93.27,1.17,93.27,1.17,94.71,0.93,-1.44,0.24
district,Karnali,Jajarkot,Male,12 Year,2930,2,1272,1534,0,0,3,1,71,15,0,0,1,28,0,0,0,0,0,3,95.94,0.96,95.94,0.96,96.24,0.94,-0.3,0.02
district,Karnali,Jajarkot,Male,13 Year,2632,2,622,1880,0,1,4,2,65,18,0,0,0,37,0,0,0,0,0,1,95.33,1.41,95.33,1.41,97.36,0.83,-2.03,0.58
district,Karnali,Jajarkot,Male,14 Year,2626,0,312,1623,595,2,4,1,35,22,8,0,0,22,0,1,0,0,0,1,96.57,0.84,96.57,0.84,96.88,0.8,-0.31,0.04
district,Karnali,Jajarkot,Male,15 Year,2397,1,60,1109,1037,1,5,2,80,43,18,1,0,37,0,3,0,0,0,0,92.32,1.54,92.32,1.54,94.76,0.67,-2.44,0.87
district,Karnali,Jajarkot,Male,16 Year,2028,0,59,684,1034,0,6,3,94,79,29,1,1,36,0,2,0,0,0,0,87.92,1.78,87.92,1.78,88.91,1.97,-0.99,-0.19
district,Karnali,Jajarkot,Male,17 Year,1299,0,28,304,721,0,2,0,58,117,39,2,1,26,0,0,0,0,0,1,81.22,2.0,81.22,2.0,78.19,2.66,3.03,-0.66
district,Karnali,Jajarkot,Male,18 Year,1445,2,23,243,668,0,5,0,118,205,124,1,1,54,0,0,0,0,0,1,65.12,3.74,65.12,3.74,57.82,4.55,7.3,-0.81
district,Karnali,Jajarkot,Male,19 Year,788,0,15,94,224,0,0,3,78,201,133,1,2,36,0,0,0,0,0,1,42.26,4.57,42.26,4.57,38.2,5.82,4.06,-1.25
district,Karnali,Jajarkot,Male,20 Year,938,0,0,0,227,1,2,0,110,277,258,3,1,56,0,1,0,0,0,2,24.52,5.97,24.52,5.97,18.46,8.09,6.06,-2.12
district,Karnali,Jajarkot,Male,21 Year,810,0,0,0,128,1,1,0,104,251,272,3,2,48,0,0,0,0,0,0,16.05,5.93,16.05,5.93,12.88,7.68,3.17,-1.75
district,Karnali,Jajarkot,Male,22 Year,927,0,0,0,97,2,1,1,109,293,347,5,3,69,0,0,0,0,0,0,10.79,7.44,10.79,7.44,8.62,9.94,2.17,-2.5
district,Karnali,Jajarkot,Male,23 Year,788,0,0,0,49,1,0,0,91,232,365,1,10,39,0,0,0,0,0,0,6.35,4.95,6.35,4.95,8.93,10.33,-2.58,-5.38
district,Karnali,Jajarkot,Male,24 Year,709,0,0,0,38,3,0,0,75,191,351,9,0,42,0,0,0,0,0,0,5.78,5.92,5.78,5.92,5.62,11.36,0.16,-5.44
district,Karnali,Jajarkot,Male,25 Year,783,0,0,0,47,2,1,1,110,212,341,7,5,55,0,1,0,0,0,1,6.39,7.02,6.39,7.02,5.54,18.07,0.85,-11.05
district,Karnali,Jajarkot,Female,All Ages,38225,2772,13774,8123,5019,24,109,32,1544,2158,2893,53,39,1596,3,7,0,5,0,74,78.01,4.18,80.08,3.33,78.01,4.18,2.07,-0.85
district,Karnali,Jajarkot,Female,5 Year,2239,1885,0,0,0,1,9,7,0,0,0,1,0,290,2,0,0,0,0,44,84.64,12.95,84.94,12.7,84.64,12.95,0.3,-0.25
district,Karnali,Jajarkot,Female,6 Year,2161,470,1503,0,0,1,15,2,6,0,0,2,0,154,0,0,0,0,0,8,92.04,7.13,92.2,6.8,92.04,7.13,0.16,-0.33
district,Karnali,Jajarkot,Female,7 Year,2191,241,1825,0,0,0,9,1,10,0,0,1,1,92,1,0,0,0,0,10,94.71,4.2,95.55,3.77,94.71,4.2,0.84,-0.43
district,Karnali,Jajarkot,Female,8 Year,2374,105,2190,0,0,3,10,0,10,0,0,1,0,53,0,0,0,0,0,2,97.22,2.23,97.06,2.01,97.22,2.23,-0.16,-0.22
district,Karnali,Jajarkot,Female,9 Year,2259,41,2152,0,0,0,4,0,22,0,0,0,1,37,0,1,0,0,0,1,97.26,1.64,97.56,1.39,97.26,1.64,0.3,-0.25
district,Karnali,Jajarkot,Female,10 Year,2728,16,2439,0,0,0,11,4,220,0,0,0,1,34,0,0,0,0,0,3,90.4,1.25,90.66,1.24,90.4,1.25,0.26,-0.01
district,Karnali,Jajarkot,Female,11 Year,2270,4,1491,645,0,0,10,3,91,3,0,0,0,21,0,0,0,0,0,2,94.71,0.93,93.27,1.17,94.71,0.93,-1.44,0.24
district,Karnali,Jajarkot,Female,12 Year,2766,1,1144,1512,0,0,5,0,69,9,0,0,0,26,0,0,0,0,0,0,96.24,0.94,95.94,0.96,96.24,0.94,-0.3,0.02
district,Karnali,Jajarkot,Female,13 Year,2649,0,564,2007,0,0,8,1,34,13,0,0,0,22,0,0,0,0,0,0,97.36,0.83,95.33,1.41,97.36,0.83,-2.03,0.58
district,Karnali,Jajarkot,Female,14 Year,2630,1,260,1662,617,0,8,0,41,10,9,0,0,21,0,0,0,0,0,1,96.88,0.8,96.57,0.84,96.88,0.8,-0.31,0.04
district,Karnali,Jajarkot,Female,15 Year,2520,5,97,1140,1140,2,4,1,66,26,16,1,1,17,0,1,0,2,0,1,94.76,0.67,92.32,1.54,94.76,0.67,-2.44,0.87
district,Karnali,Jajarkot,Female,16 Year,2028,1,48,636,1114,0,4,1,62,62,57,0,0,40,0,2,0,1,0,0,88.91,1.97,87.92,1.78,88.91,1.97,-0.99,-0.19
district,Karnali,Jajarkot,Female,17 Year,1279,1,26,243,726,1,3,1,57,115,65,2,1,34,0,3,0,1,0,0,78.19,2.66,81.22,2.0,78.19,2.66,3.03,-0.66
district,Karnali,Jajarkot,Female,18 Year,1451,1,24,200,612,1,1,1,94,268,180,1,2,66,0,0,0,0,0,0,57.82,4.55,65.12,3.74,57.82,4.55,7.3,-0.81
district,Karnali,Jajarkot,Female,19 Year,877,0,11,78,243,1,2,1,73,177,236,3,1,51,0,0,0,0,0,0,38.2,5.82,42.26,4.57,38.2,5.82,4.06,-1.25
district,Karnali,Jajarkot,Female,20 Year,1051,0,0,0,193,0,1,0,109,289,364,5,5,85,0,0,0,0,0,0,18.46,8.09,24.52,5.97,18.46,8.09,6.06,-2.12
district,Karnali,Jajarkot,Female,21 Year,885,0,0,0,112,1,1,3,107,246,340,4,3,68,0,0,0,0,0,0,12.88,7.68,16.05,5.93,12.88,7.68,3.17,-1.75
district,Karnali,Jajarkot,Female,22 Year,1056,0,0,0,89,2,0,1,115,276,457,8,3,105,0,0,0,0,0,0,8.62,9.94,10.79,7.44,8.62,9.94,2.17,-2.5
district,Karnali,Jajarkot,Female,23 Year,929,0,0,0,76,6,1,3,97,227,406,8,8,96,0,0,0,0,0,1,8.93,10.33,6.35,4.95,8.93,10.33,-2.58,-5.38
district,Karnali,Jajarkot,Female,24 Year,836,0,0,0,43,2,2,1,115,221,350,3,3,95,0,0,0,0,0,1,5.62,11.36,5.78,5.92,5.62,11.36,0.16,-5.44
district,Karnali,Jajarkot,Female,25 Year,1046,0,0,0,54,3,1,1,146,216,413,13,9,189,0,0,0,1,0,0,5.54,18.07,6.39,7.02,5.54,18.07,0.85,-11.05
district,Karnali,Rukum (West),Total,All Ages,60509,4468,21010,12717,8413,30,239,33,2593,3963,4978,55,45,1829,0,8,1,2,2,123,77.47,3.02,79.33,2.68,75.64,3.36,3.69,-0.68
district,Karnali,Rukum (West),Total,5 Year,3477,2982,0,0,0,4,24,13,0,0,0,2,2,397,0,0,0,0,0,53,86.57,11.42,86.57,11.46,86.57,11.37,0.0,0.09
district,Karnali,Rukum (West),Total,6 Year,3466,868,2349,0,0,2,23,2,5,0,0,0,0,189,0,0,0,0,0,28,93.54,5.45,93.1,6.02,94.02,4.83,-0.92,1.19
district,Karnali,Rukum (West),Total,7 Year,3311,368,2817,0,0,1,20,1,17,0,0,0,0,78,0,0,0,0,0,9,96.83,2.36,96.97,2.24,96.69,2.47,0.28,-0.23
district,Karnali,Rukum (West),Total,8 Year,3758,170,3491,0,0,1,16,1,17,0,0,0,0,52,0,0,0,0,1,9,97.87,1.38,98.23,1.06,97.48,1.74,0.75,-0.68
district,Karnali,Rukum (West),Total,9 Year,3410,57,3236,0,0,2,30,0,25,0,0,1,4,49,0,1,0,0,0,5,97.51,1.44,97.78,1.34,97.23,1.53,0.55,-0.19
district,Karnali,Rukum (West),Total,10 Year,4042,11,3666,0,0,0,20,5,311,0,0,0,2,24,0,0,0,0,0,3,91.46,0.59,91.13,0.47,91.83,0.72,-0.7,-0.25
district,Karnali,Rukum (West),Total,11 Year,3406,4,2169,1041,0,0,10,3,147,5,0,1,1,22,0,0,1,0,0,2,94.66,0.65,93.64,0.53,95.65,0.75,-2.01,-0.22
district,Karnali,Rukum (West),Total,12 Year,4368,2,1720,2454,0,0,18,0,123,13,0,0,0,34,0,1,0,0,0,3,96.02,0.78,95.48,0.75,96.59,0.81,-1.11,-0.06
district,Karnali,Rukum (West),Total,13 Year,3966,2,789,3054,0,0,9,0,64,24,0,2,0,21,0,0,0,0,0,1,97.18,0.53,97.07,0.4,97.28,0.65,-0.21,-0.25
district,Karnali,Rukum (West),Total,14 Year,4426,1,459,2714,1112,0,13,2,58,32,5,0,0,27,0,1,0,1,0,1,97.13,0.61,96.29,0.69,97.95,0.54,-1.66,0.15
district,Karnali,Rukum (West),Total,15 Year,4017,2,122,1690,1931,0,23,0,111,73,22,1,1,40,0,0,0,1,0,0,93.8,1.0,93.45,1.22,94.14,0.78,-0.69,0.44
district,Karnali,Rukum (West),Total,16 Year,3340,1,66,937,1937,1,7,0,124,145,69,1,1,49,0,2,0,0,0,0,88.29,1.47,88.12,1.33,88.46,1.6,-0.34,-0.27
district,Karnali,Rukum (West),Total,17 Year,2155,0,35,373,1229,1,4,1,107,215,143,1,2,43,0,0,0,0,1,0,76.19,2.0,78.09,2.02,74.25,1.97,3.84,0.05
district,Karnali,Rukum (West),Total,18 Year,2333,0,62,325,988,1,3,0,180,367,338,1,1,66,0,0,0,0,0,1,59.11,2.83,63.01,2.36,55.09,3.31,7.92,-0.95
district,Karnali,Rukum (West),Total,19 Year,1463,0,27,129,418,2,4,0,110,336,376,3,3,55,0,0,0,0,0,0,39.64,3.76,45.47,3.57,33.88,3.95,11.59,-0.38
district,Karnali,Rukum (West),Total,20 Year,1793,0,1,0,337,3,3,1,212,521,609,4,5,96,0,0,0,0,0,1,19.19,5.35,23.66,4.78,15.27,5.86,8.39,-1.08
district,Karnali,Rukum (West),Total,21 Year,1409,0,0,0,145,0,2,0,165,412,603,2,1,76,0,0,0,0,0,3,10.43,5.39,11.96,4.63,9.21,6.01,2.75,-1.38
district,Karnali,Rukum (West),Total,22 Year,1803,0,1,0,130,3,3,1,192,544,800,9,9,110,0,1,0,0,0,0,7.6,6.1,9.75,4.05,5.92,7.7,3.83,-3.65
district,Karnali,Rukum (West),Total,23 Year,1440,0,0,0,51,4,1,0,168,436,661,7,3,107,0,1,0,0,0,1,3.89,7.43,4.45,5.09,3.45,9.25,1.0,-4.16
district,Karnali,Rukum (West),Total,24 Year,1519,0,0,0,76,2,1,1,215,408,693,8,3,110,0,1,0,0,0,1,5.2,7.24,4.26,5.18,5.92,8.82,-1.66,-3.64
district,Karnali,Rukum (West),Total,25 Year,1607,0,0,0,59,3,5,2,242,432,659,12,7,184,0,0,0,0,0,2,4.17,11.45,3.58,8.36,4.59,13.66,-1.01,-5.3
district,Karnali,Rukum (West),Male,All Ages,30028,2390,10756,6301,4237,13,123,16,1305,1896,2076,22,23,804,0,4,1,2,1,58,79.33,2.68,79.33,2.68,75.64,3.36,3.69,-0.68
district,Karnali,Rukum (West),Male,5 Year,1832,1566,0,0,0,3,17,6,0,0,0,0,2,210,0,0,0,0,0,28,86.57,11.46,86.57,11.46,86.57,11.37,0.0,0.09
district,Karnali,Rukum (West),Male,6 Year,1811,468,1203,0,0,1,14,1,4,0,0,0,0,109,0,0,0,0,0,11,93.1,6.02,93.1,6.02,94.02,4.83,-0.92,1.19
district,Karnali,Rukum (West),Male,7 Year,1651,206,1387,0,0,0,8,1,9,0,0,0,0,37,0,0,0,0,0,3,96.97,2.24,96.97,2.24,96.69,2.47,0.28,-0.23
district,Karnali,Rukum (West),Male,8 Year,1975,101,1829,0,0,0,10,0,10,0,0,0,0,21,0,0,0,0,1,3,98.23,1.06,98.23,1.06,97.48,1.74,0.75,-0.68
district,Karnali,Rukum (West),Male,9 Year,1711,35,1623,0,0,1,14,0,8,0,0,0,2,23,0,1,0,0,0,4,97.78,1.34,97.78,1.34,97.23,1.53,0.55,-0.19
district,Karnali,Rukum (West),Male,10 Year,2109,5,1906,0,0,0,11,3,172,0,0,0,1,10,0,0,0,0,0,1,91.13,0.47,91.13,0.47,91.83,0.72,-0.7,-0.25
district,Karnali,Rukum (West),Male,11 Year,1683,4,1075,492,0,0,5,2,89,3,0,0,1,9,0,0,1,0,0,2,93.64,0.53,93.64,0.53,95.65,0.75,-2.01,-0.22
district,Karnali,Rukum (West),Male,12 Year,2259,0,925,1226,0,0,6,0,78,7,0,0,0,17,0,0,0,0,0,0,95.48,0.75,95.48,0.75,96.59,0.81,-1.11,-0.06
district,Karnali,Rukum (West),Male,13 Year,1979,1,411,1504,0,0,5,0,36,13,0,0,0,8,0,0,0,0,0,1,97.07,0.4,97.07,0.4,97.28,0.65,-0.21,-0.25
district,Karnali,Rukum (West),Male,14 Year,2186,1,231,1330,534,0,9,1,34,24,4,0,0,15,0,1,0,1,0,1,96.29,0.69,96.29,0.69,97.95,0.54,-1.66,0.15
district,Karnali,Rukum (West),Male,15 Year,1969,2,60,829,941,0,8,0,53,36,13,1,1,24,0,0,0,1,0,0,93.45,1.22,93.45,1.22,94.14,0.78,-0.69,0.44
district,Karnali,Rukum (West),Male,16 Year,1650,1,37,475,939,0,2,0,71,75,26,0,0,22,0,2,0,0,0,0,88.12,1.33,88.12,1.33,88.46,1.6,-0.34,-0.27
district,Karnali,Rukum (West),Male,17 Year,1091,0,19,186,644,0,3,1,64,101,51,0,0,22,0,0,0,0,0,0,78.09,2.02,78.09,2.02,74.25,1.97,3.84,0.05
district,Karnali,Rukum (West),Male,18 Year,1184,0,33,184,526,1,2,0,96,197,115,1,1,28,0,0,0,0,0,0,63.01,2.36,63.01,2.36,55.09,3.31,7.92,-0.95
district,Karnali,Rukum (West),Male,19 Year,728,0,16,75,238,1,1,0,52,169,146,2,2,26,0,0,0,0,0,0,45.47,3.57,45.47,3.57,33.88,3.95,11.59,-0.38
district,Karnali,Rukum (West),Male,20 Year,837,0,1,0,192,2,3,0,92,253,253,0,1,40,0,0,0,0,0,0,23.66,4.78,23.66,4.78,15.27,5.86,8.39,-1.08
district,Karnali,Rukum (West),Male,21 Year,627,0,0,0,74,0,1,0,82,193,244,1,1,29,0,0,0,0,0,2,11.96,4.63,11.96,4.63,9.21,6.01,2.75,-1.38
district,Karnali,Rukum (West),Male,22 Year,790,0,0,0,73,2,2,0,82,260,331,4,4,32,0,0,0,0,0,0,9.75,4.05,9.75,4.05,5.92,7.7,3.83,-3.65
district,Karnali,Rukum (West),Male,23 Year,629,0,0,0,27,1,0,0,76,201,285,5,2,32,0,0,0,0,0,0,4.45,5.09,4.45,5.09,3.45,9.25,1.0,-4.16
district,Karnali,Rukum (West),Male,24 Year,657,0,0,0,28,0,0,0,89,180,320,3,2,34,0,0,0,0,0,1,4.26,5.18,4.26,5.18,5.92,8.82,-1.66,-3.64
district,Karnali,Rukum (West),Male,25 Year,670,0,0,0,21,1,2,1,108,184,288,5,3,56,0,0,0,0,0,1,3.58,8.36,3.58,8.36,4.59,13.66,-1.01,-5.3
district,Karnali,Rukum (West),Female,All Ages,30481,2078,10254,6416,4176,17,116,17,1288,2067,2902,33,22,1025,0,4,0,0,1,65,75.64,3.36,79.33,2.68,75.64,3.36,3.69,-0.68
district,Karnali,Rukum (West),Female,5 Year,1645,1416,0,0,0,1,7,7,0,0,0,2,0,187,0,0,0,0,0,25,86.57,11.37,86.57,11.46,86.57,11.37,0.0,0.09
district,Karnali,Rukum (West),Female,6 Year,1655,400,1146,0,0,1,9,1,1,0,0,0,0,80,0,0,0,0,0,17,94.02,4.83,93.1,6.02,94.02,4.83,-0.92,1.19
district,Karnali,Rukum (West),Female,7 Year,1660,162,1430,0,0,1,12,0,8,0,0,0,0,41,0,0,0,0,0,6,96.69,2.47,96.97,2.24,96.69,2.47,0.28,-0.23
district,Karnali,Rukum (West),Female,8 Year,1783,69,1662,0,0,1,6,1,7,0,0,0,0,31,0,0,0,0,0,6,97.48,1.74,98.23,1.06,97.48,1.74,0.75,-0.68
district,Karnali,Rukum (West),Female,9 Year,1699,22,1613,0,0,1,16,0,17,0,0,1,2,26,0,0,0,0,0,1,97.23,1.53,97.78,1.34,97.23,1.53,0.55,-0.19
district,Karnali,Rukum (West),Female,10 Year,1933,6,1760,0,0,0,9,2,139,0,0,0,1,14,0,0,0,0,0,2,91.83,0.72,91.13,0.47,91.83,0.72,-0.7,-0.25
district,Karnali,Rukum (West),Female,11 Year,1723,0,1094,549,0,0,5,1,58,2,0,1,0,13,0,0,0,0,0,0,95.65,0.75,93.64,0.53,95.65,0.75,-2.01,-0.22
district,Karnali,Rukum (West),Female,12 Year,2109,2,795,1228,0,0,12,0,45,6,0,0,0,17,0,1,0,0,0,3,96.59,0.81,95.48,0.75,96.59,0.81,-1.11,-0.06
district,Karnali,Rukum (West),Female,13 Year,1987,1,378,1550,0,0,4,0,28,11,0,2,0,13,0,0,0,0,0,0,97.28,0.65,97.07,0.4,97.28,0.65,-0.21,-0.25
district,Karnali,Rukum (West),Female,14 Year,2240,0,228,1384,578,0,4,1,24,8,1,0,0,12,0,0,0,0,0,0,97.95,0.54,96.29,0.69,97.95,0.54,-1.66,0.15
district,Karnali,Rukum (West),Female,15 Year,2048,0,62,861,990,0,15,0,58,37,9,0,0,16,0,0,0,0,0,0,94.14,0.78,93.45,1.22,94.14,0.78,-0.69,0.44
district,Karnali,Rukum (West),Female,16 Year,1690,0,29,462,998,1,5,0,53,70,43,1,1,27,0,0,0,0,0,0,88.46,1.6,88.12,1.33,88.46,1.6,-0.34,-0.27
district,Karnali,Rukum (West),Female,17 Year,1064,0,16,187,585,1,1,0,43,114,92,1,2,21,0,0,0,0,1,0,74.25,1.97,78.09,2.02,74.25,1.97,3.84,0.05
district,Karnali,Rukum (West),Female,18 Year,1149,0,29,141,462,0,1,0,84,170,223,0,0,38,0,0,0,0,0,1,55.09,3.31,63.01,2.36,55.09,3.31,7.92,-0.95
district,Karnali,Rukum (West),Female,19 Year,735,0,11,54,180,1,3,0,58,167,230,1,1,29,0,0,0,0,0,0,33.88,3.95,45.47,3.57,33.88,3.95,11.59,-0.38
district,Karnali,Rukum (West),Female,20 Year,956,0,0,0,145,1,0,1,120,268,356,4,4,56,0,0,0,0,0,1,15.27,5.86,23.66,4.78,15.27,5.86,8.39,-1.08
district,Karnali,Rukum (West),Female,21 Year,782,0,0,0,71,0,1,0,83,219,359,1,0,47,0,0,0,0,0,1,9.21,6.01,11.96,4.63,9.21,6.01,2.75,-1.38
district,Karnali,Rukum (West),Female,22 Year,1013,0,1,0,57,1,1,1,110,284,469,5,5,78,0,1,0,0,0,0,5.92,7.7,9.75,4.05,5.92,7.7,3.83,-3.65
district,Karnali,Rukum (West),Female,23 Year,811,0,0,0,24,3,1,0,92,235,376,2,1,75,0,1,0,0,0,1,3.45,9.25,4.45,5.09,3.45,9.25,1.0,-4.16
district,Karnali,Rukum (West),Female,24 Year,862,0,0,0,48,2,1,1,126,228,373,5,1,76,0,1,0,0,0,0,5.92,8.82,4.26,5.18,5.92,8.82,-1.66,-3.64
district,Karnali,Rukum (West),Female,25 Year,937,0,0,0,38,2,3,1,134,248,371,7,4,128,0,0,0,0,0,1,4.59,13.66,3.58,8.36,4.59,13.66,-1.01,-5.3
district,Karnali,Salyan,Total,All Ages,88029,6021,27133,17890,11159,45,336,70,4321,8913,9836,44,95,1993,1,19,4,3,0,146,71.09,2.26,72.72,2.16,69.49,2.37,3.23,-0.21
district,Karnali,Salyan,Total,5 Year,4726,4083,0,0,0,6,55,23,0,0,0,1,15,470,1,0,0,0,0,72,87.69,9.94,87.49,10.03,87.9,9.85,-0.41,0.18
district,Karnali,Salyan,Total,6 Year,4660,1194,3148,0,0,3,50,6,26,0,0,0,4,199,0,0,0,0,0,30,94.31,4.27,94.3,4.48,94.32,4.05,-0.02,0.43
district,Karnali,Salyan,Total,7 Year,4591,490,3922,0,0,2,29,1,24,0,0,0,2,106,0,0,0,0,0,15,96.78,2.31,96.69,2.4,96.87,2.22,-0.18,0.18
district,Karnali,Salyan,Total,8 Year,4853,169,4562,0,0,1,23,0,40,0,0,0,1,50,0,0,0,0,0,7,97.98,1.03,97.97,1.0,97.99,1.07,-0.02,-0.07
district,Karnali,Salyan,Total,9 Year,4543,54,4363,0,0,1,27,0,50,0,0,0,6,34,0,0,0,0,0,8,97.84,0.75,97.91,0.7,97.77,0.8,0.14,-0.1
district,Karnali,Salyan,Total,10 Year,5085,8,4661,0,0,0,21,8,346,0,0,0,2,38,0,0,0,0,0,1,92.23,0.75,91.4,0.88,93.11,0.61,-1.71,0.27
district,Karnali,Salyan,Total,11 Year,4454,2,2745,1502,0,0,11,2,145,7,0,0,0,39,0,0,0,0,0,1,95.64,0.88,95.81,0.79,95.48,0.96,0.33,-0.17
district,Karnali,Salyan,Total,12 Year,5752,5,2024,3524,0,1,18,0,110,32,0,0,3,35,0,0,0,0,0,0,96.87,0.61,96.65,0.54,97.1,0.68,-0.45,-0.14
district,Karnali,Salyan,Total,13 Year,5530,3,915,4450,0,0,16,1,75,35,0,1,0,34,0,0,0,0,0,0,97.36,0.61,96.99,0.65,97.73,0.58,-0.74,0.07
district,Karnali,Salyan,Total,14 Year,5938,2,439,3730,1499,1,15,3,90,91,28,0,0,33,0,5,0,1,0,1,95.76,0.56,94.63,0.7,96.92,0.41,-2.29,0.29
district,Karnali,Salyan,Total,15 Year,5610,6,110,2416,2633,0,25,0,170,144,62,0,0,38,0,4,0,0,0,2,92.51,0.68,90.76,0.82,94.26,0.53,-3.5,0.29
district,Karnali,Salyan,Total,16 Year,4640,4,90,1223,2613,3,8,2,195,318,134,2,1,41,0,3,1,1,0,1,84.94,0.88,83.51,0.84,86.44,0.93,-2.93,-0.09
district,Karnali,Salyan,Total,17 Year,3254,1,58,548,1645,1,9,0,197,451,290,2,1,48,0,2,0,0,0,1,69.51,1.48,70.39,1.25,68.58,1.72,1.81,-0.47
district,Karnali,Salyan,Total,18 Year,3342,0,56,339,1208,5,3,2,277,718,651,4,8,70,0,1,0,0,0,0,48.2,2.09,51.43,1.98,44.79,2.22,6.64,-0.24
district,Karnali,Salyan,Total,19 Year,2563,0,40,158,568,0,3,6,234,730,745,5,5,69,0,0,0,0,0,0,30.0,2.69,33.07,2.56,27.08,2.82,5.99,-0.26
district,Karnali,Salyan,Total,20 Year,3168,0,0,0,373,2,4,3,339,1074,1281,6,4,78,0,1,1,0,0,2,11.96,2.46,12.56,2.66,11.45,2.29,1.11,0.37
district,Karnali,Salyan,Total,21 Year,2928,0,0,0,208,4,5,2,349,1041,1232,3,9,72,0,1,1,1,0,0,7.41,2.46,8.39,2.63,6.55,2.31,1.84,0.32
district,Karnali,Salyan,Total,22 Year,3306,0,0,0,189,5,3,2,425,1147,1394,8,7,123,0,0,1,0,0,2,5.96,3.72,6.33,3.16,5.67,4.16,0.66,-1.0
district,Karnali,Salyan,Total,23 Year,2995,0,0,0,83,2,6,3,388,1081,1315,8,8,100,0,1,0,0,0,0,3.04,3.34,3.09,2.87,3.0,3.71,0.09,-0.84
district,Karnali,Salyan,Total,24 Year,2966,0,0,0,77,5,1,3,407,998,1345,2,4,121,0,1,0,0,0,2,2.8,4.08,2.66,3.27,2.91,4.73,-0.25,-1.46
district,Karnali,Salyan,Total,25 Year,3125,0,0,0,63,3,4,3,434,1046,1359,2,15,195,0,0,0,0,0,1,2.24,6.24,2.16,4.82,2.31,7.38,-0.15,-2.56
district,Karnali,Salyan,Male,All Ages,43739,3192,13881,9053,5494,22,163,37,2311,4508,3990,15,38,945,0,9,1,2,0,78,72.72,2.16,72.72,2.16,69.49,2.37,3.23,-0.21
district,Karnali,Salyan,Male,5 Year,2462,2121,0,0,0,6,27,9,0,0,0,0,10,247,0,0,0,0,0,42,87.49,10.03,87.49,10.03,87.9,9.85,-0.41,0.18
district,Karnali,Salyan,Male,6 Year,2388,654,1572,0,0,3,23,2,11,0,0,0,2,107,0,0,0,0,0,14,94.3,4.48,94.3,4.48,94.32,4.05,-0.02,0.43
district,Karnali,Salyan,Male,7 Year,2293,262,1938,0,0,0,17,1,12,0,0,0,0,55,0,0,0,0,0,8,96.69,2.4,96.69,2.4,96.87,2.22,-0.18,0.18
district,Karnali,Salyan,Male,8 Year,2512,111,2337,0,0,0,13,0,21,0,0,0,1,25,0,0,0,0,0,4,97.97,1.0,97.97,1.0,97.99,1.07,-0.02,-0.07
district,Karnali,Salyan,Male,9 Year,2296,27,2208,0,0,0,13,0,28,0,0,0,2,16,0,0,0,0,0,2,97.91,0.7,97.91,0.7,97.77,0.8,0.14,-0.1
district,Karnali,Salyan,Male,10 Year,2617,4,2379,0,0,0,9,7,194,0,0,0,1,23,0,0,0,0,0,0,91.4,0.88,91.4,0.88,93.11,0.61,-1.71,0.27
district,Karnali,Salyan,Male,11 Year,2266,1,1451,713,0,0,6,1,71,4,0,0,0,18,0,0,0,0,0,1,95.81,0.79,95.81,0.79,95.48,0.96,0.33,-0.17
district,Karnali,Salyan,Male,12 Year,2958,3,1094,1754,0,1,7,0,60,22,0,0,1,16,0,0,0,0,0,0,96.65,0.54,96.65,0.54,97.1,0.68,-0.45,-0.14
district,Karnali,Salyan,Male,13 Year,2755,1,496,2170,0,0,5,1,44,19,0,1,0,18,0,0,0,0,0,0,96.99,0.65,96.99,0.65,97.73,0.58,-0.74,0.07
district,Karnali,Salyan,Male,14 Year,3019,2,239,1906,701,1,8,3,55,59,19,0,0,21,0,3,0,1,0,1,94.63,0.7,94.63,0.7,96.92,0.41,-2.29,0.29
district,Karnali,Salyan,Male,15 Year,2804,3,50,1242,1240,0,10,0,111,94,28,0,0,23,0,1,0,0,0,2,90.76,0.82,90.76,0.82,94.26,0.53,-3.5,0.29
district,Karnali,Salyan,Male,16 Year,2390,2,46,639,1306,1,2,1,128,181,60,1,0,20,0,2,0,0,0,1,83.51,0.84,83.51,0.84,86.44,0.93,-2.93,-0.09
district,Karnali,Salyan,Male,17 Year,1685,1,25,337,817,1,5,0,120,236,119,1,0,21,0,2,0,0,0,0,70.39,1.25,70.39,1.25,68.58,1.72,1.81,-0.47
district,Karnali,Salyan,Male,18 Year,1719,0,27,204,648,2,3,1,164,368,261,4,2,34,0,1,0,0,0,0,51.43,1.98,51.43,1.98,44.79,2.22,6.64,-0.24
district,Karnali,Salyan,Male,19 Year,1252,0,19,88,306,0,1,4,126,377,297,1,1,32,0,0,0,0,0,0,33.07,2.56,33.07,2.56,27.08,2.82,5.99,-0.26
district,Karnali,Salyan,Male,20 Year,1465,0,0,0,179,1,4,2,181,533,521,2,3,39,0,0,0,0,0,0,12.56,2.66,12.56,2.66,11.45,2.29,1.11,0.37
district,Karnali,Salyan,Male,21 Year,1371,0,0,0,110,2,3,0,191,545,479,0,3,36,0,0,1,1,0,0,8.39,2.63,8.39,2.63,6.55,2.31,1.84,0.32
district,Karnali,Salyan,Male,22 Year,1454,0,0,0,88,1,3,1,223,560,526,3,1,46,0,0,0,0,0,2,6.33,3.16,6.33,3.16,5.67,4.16,0.66,-1.0
district,Karnali,Salyan,Male,23 Year,1326,0,0,0,37,1,3,1,187,509,546,1,3,38,0,0,0,0,0,0,3.09,2.87,3.09,2.87,3.0,3.71,0.09,-0.84
district,Karnali,Salyan,Male,24 Year,1316,0,0,0,34,1,0,1,183,494,557,1,1,43,0,0,0,0,0,1,2.66,3.27,2.66,3.27,2.91,4.73,-0.25,-1.46
district,Karnali,Salyan,Male,25 Year,1391,0,0,0,28,1,1,2,201,507,577,0,7,67,0,0,0,0,0,0,2.16,4.82,2.16,4.82,2.31,7.38,-0.15,-2.56
district,Karnali,Salyan,Female,All Ages,44290,2829,13252,8837,5665,23,173,33,2010,4405,5846,29,57,1048,1,10,3,1,0,68,69.49,2.37,72.72,2.16,69.49,2.37,3.23,-0.21
district,Karnali,Salyan,Female,5 Year,2264,1962,0,0,0,0,28,14,0,0,0,1,5,223,1,0,0,0,0,30,87.9,9.85,87.49,10.03,87.9,9.85,-0.41,0.18
district,Karnali,Salyan,Female,6 Year,2272,540,1576,0,0,0,27,4,15,0,0,0,2,92,0,0,0,0,0,16,94.32,4.05,94.3,4.48,94.32,4.05,-0.02,0.43
district,Karnali,Salyan,Female,7 Year,2298,228,1984,0,0,2,12,0,12,0,0,0,2,51,0,0,0,0,0,7,96.87,2.22,96.69,2.4,96.87,2.22,-0.18,0.18
district,Karnali,Salyan,Female,8 Year,2341,58,2225,0,0,1,10,0,19,0,0,0,0,25,0,0,0,0,0,3,97.99,1.07,97.97,1.0,97.99,1.07,-0.02,-0.07
district,Karnali,Salyan,Female,9 Year,2247,27,2155,0,0,1,14,0,22,0,0,0,4,18,0,0,0,0,0,6,97.77,0.8,97.91,0.7,97.77,0.8,0.14,-0.1
district,Karnali,Salyan,Female,10 Year,2468,4,2282,0,0,0,12,1,152,0,0,0,1,15,0,0,0,0,0,1,93.11,0.61,91.4,0.88,93.11,0.61,-1.71,0.27
district,Karnali,Salyan,Female,11 Year,2188,1,1294,789,0,0,5,1,74,3,0,0,0,21,0,0,0,0,0,0,95.48,0.96,95.81,0.79,95.48,0.96,0.33,-0.17
district,Karnali,Salyan,Female,12 Year,2794,2,930,1770,0,0,11,0,50,10,0,0,2,19,0,0,0,0,0,0,97.1,0.68,96.65,0.54,97.1,0.68,-0.45,-0.14
district,Karnali,Salyan,Female,13 Year,2775,2,419,2280,0,0,11,0,31,16,0,0,0,16,0,0,0,0,0,0,97.73,0.58,96.99,0.65,97.73,0.58,-0.74,0.07
district,Karnali,Salyan,Female,14 Year,2919,0,200,1824,798,0,7,0,35,32,9,0,0,12,0,2,0,0,0,0,96.92,0.41,94.63,0.7,96.92,0.41,-2.29,0.29
district,Karnali,Salyan,Female,15 Year,2806,3,60,1174,1393,0,15,0,59,50,34,0,0,15,0,3,0,0,0,0,94.26,0.53,90.76,0.82,94.26,0.53,-3.5,0.29
district,Karnali,Salyan,Female,16 Year,2250,2,44,584,1307,2,6,1,67,137,74,1,1,21,0,1,1,1,0,0,86.44,0.93,83.51,0.84,86.44,0.93,-2.93,-0.09
district,Karnali,Salyan,Female,17 Year,1569,0,33,211,828,0,4,0,77,215,171,1,1,27,0,0,0,0,0,1,68.58,1.72,70.39,1.25,68.58,1.72,1.81,-0.47
district,Karnali,Salyan,Female,18 Year,1623,0,29,135,560,3,0,1,113,350,390,0,6,36,0,0,0,0,0,0,44.79,2.22,51.43,1.98,44.79,2.22,6.64,-0.24
district,Karnali,Salyan,Female,19 Year,1311,0,21,70,262,0,2,2,108,353,448,4,4,37,0,0,0,0,0,0,27.08,2.82,33.07,2.56,27.08,2.82,5.99,-0.26
district,Karnali,Salyan,Female,20 Year,1703,0,0,0,194,1,0,1,158,541,760,4,1,39,0,1,1,0,0,2,11.45,2.29,12.56,2.66,11.45,2.29,1.11,0.37
district,Karnali,Salyan,Female,21 Year,1557,0,0,0,98,2,2,2,158,496,753,3,6,36,0,1,0,0,0,0,6.55,2.31,8.39,2.63,6.55,2.31,1.84,0.32
district,Karnali,Salyan,Female,22 Year,1852,0,0,0,101,4,0,1,202,587,868,5,6,77,0,0,1,0,0,0,5.67,4.16,6.33,3.16,5.67,4.16,0.66,-1.0
district,Karnali,Salyan,Female,23 Year,1669,0,0,0,46,1,3,2,201,572,769,7,5,62,0,1,0,0,0,0,3.0,3.71,3.09,2.87,3.0,3.71,0.09,-0.84
district,Karnali,Salyan,Female,24 Year,1650,0,0,0,43,4,1,2,224,504,788,1,3,78,0,1,0,0,0,1,2.91,4.73,2.66,3.27,2.91,4.73,-0.25,-1.46
district,Karnali,Salyan,Female,25 Year,1734,0,0,0,35,2,3,1,233,539,782,2,8,128,0,0,0,0,0,1,2.31,7.38,2.16,4.82,2.31,7.38,-0.15,-2.56
district,Karnali,Surkhet,Total,All Ages,142123,12541,47709,29641,15803,102,437,142,7487,12793,12285,103,210,2586,3,40,10,12,0,219,74.75,1.82,77.37,1.66,72.11,1.98,5.26,-0.32
district,Karnali,Surkhet,Total,5 Year,7744,7017,0,0,0,9,63,44,0,0,0,0,3,497,1,0,0,0,0,110,91.54,6.42,91.71,6.39,91.36,6.45,0.35,-0.06
district,Karnali,Surkhet,Total,6 Year,8037,3262,4422,0,0,8,44,10,38,0,0,1,5,227,1,0,0,0,0,19,96.25,2.82,96.01,3.16,96.53,2.45,-0.52,0.71
district,Karnali,Surkhet,Total,7 Year,8017,1459,6332,0,0,6,32,6,49,0,0,0,1,112,0,2,0,0,0,18,97.65,1.4,97.85,1.18,97.43,1.64,0.42,-0.46
district,Karnali,Surkhet,Total,8 Year,8736,554,7983,0,0,1,42,1,76,0,0,0,5,60,1,1,0,0,0,12,98.21,0.69,98.26,0.54,98.17,0.84,0.09,-0.3
district,Karnali,Surkhet,Total,9 Year,8530,158,8180,0,0,3,35,0,101,0,0,1,6,44,0,1,0,0,0,1,98.19,0.52,98.03,0.58,98.38,0.44,-0.35,0.14
district,Karnali,Surkhet,Total,10 Year,9111,39,8238,0,0,0,26,12,736,0,0,1,6,50,0,1,0,0,0,2,91.13,0.55,90.6,0.58,91.72,0.51,-1.12,0.07
district,Karnali,Surkhet,Total,11 Year,8259,12,5503,2325,0,5,17,6,313,14,0,1,3,52,0,3,0,0,0,5,95.19,0.63,95.3,0.63,95.08,0.63,0.22,0.0
district,Karnali,Surkhet,Total,12 Year,9864,7,3988,5506,0,1,11,7,201,59,0,2,2,68,0,5,2,0,0,5,96.44,0.69,95.88,0.87,97.05,0.49,-1.17,0.38
district,Karnali,Surkhet,Total,13 Year,9820,6,1707,7761,0,3,20,5,177,86,0,0,1,44,0,1,5,0,0,4,96.71,0.45,96.12,0.42,97.33,0.48,-1.21,-0.06
district,Karnali,Surkhet,Total,14 Year,10273,4,795,6698,2331,3,24,3,188,136,26,2,3,48,0,5,1,3,0,3,95.93,0.47,95.41,0.44,96.48,0.5,-1.07,-0.06
district,Karnali,Surkhet,Total,15 Year,8861,10,191,3983,3924,1,32,9,296,256,85,0,2,61,0,9,0,1,0,1,91.87,0.69,91.28,0.84,92.49,0.53,-1.21,0.31
district,Karnali,Surkhet,Total,16 Year,6663,3,122,1855,3708,2,15,3,293,405,183,2,5,61,0,4,0,1,0,1,85.62,0.92,85.67,0.84,85.57,0.99,0.1,-0.15
district,Karnali,Surkhet,Total,17 Year,4370,3,92,737,2144,3,21,2,331,622,327,3,6,70,0,1,1,2,0,5,68.65,1.6,72.13,1.57,65.25,1.63,6.88,-0.06
district,Karnali,Surkhet,Total,18 Year,4575,4,88,520,1498,0,14,2,470,1072,787,7,9,96,0,1,0,0,0,7,46.43,2.1,51.45,1.97,41.61,2.23,9.84,-0.26
district,Karnali,Surkhet,Total,19 Year,3617,3,67,256,735,2,13,1,427,1052,939,6,12,95,0,1,0,3,0,5,29.75,2.63,33.22,2.73,26.61,2.53,6.61,0.2
district,Karnali,Surkhet,Total,20 Year,4348,0,1,0,504,9,7,7,589,1534,1515,8,26,142,0,1,0,0,0,5,11.98,3.27,14.83,2.68,9.77,3.72,5.06,-1.04
district,Karnali,Surkhet,Total,21 Year,3819,0,0,0,322,8,3,5,521,1340,1466,10,21,119,0,1,0,0,0,3,8.72,3.12,10.61,2.88,7.15,3.31,3.46,-0.43
district,Karnali,Surkhet,Total,22 Year,4575,0,0,0,266,6,6,6,693,1595,1785,17,25,173,0,0,0,0,0,3,6.08,3.78,6.65,3.23,5.62,4.22,1.03,-0.99
district,Karnali,Surkhet,Total,23 Year,4225,0,0,0,154,9,6,4,603,1536,1733,10,20,146,0,1,0,1,0,2,4.0,3.46,4.25,2.82,3.81,3.93,0.44,-1.11
district,Karnali,Surkhet,Total,24 Year,4162,0,0,0,123,9,5,3,623,1467,1713,12,20,180,0,2,0,1,0,4,3.29,4.32,3.06,3.23,3.47,5.16,-0.41,-1.93
district,Karnali,Surkhet,Total,25 Year,4517,0,0,0,94,14,1,6,762,1619,1726,20,29,241,0,0,1,0,0,4,2.41,5.34,1.74,4.18,2.88,6.13,-1.14,-1.95
district,Karnali,Surkhet,Male,All Ages,71226,6810,24971,15101,7973,49,202,63,3804,5903,4891,47,84,1181,3,14,6,6,0,118,77.37,1.66,77.37,1.66,72.11,1.98,5.26,-0.32
district,Karnali,Surkhet,Male,5 Year,4040,3665,0,0,0,6,34,19,0,0,0,0,1,258,1,0,0,0,0,56,91.71,6.39,91.71,6.39,91.36,6.45,0.35,-0.06
district,Karnali,Surkhet,Male,6 Year,4237,1814,2226,0,0,5,23,5,15,0,0,1,4,134,1,0,0,0,0,9,96.01,3.16,96.01,3.16,96.53,2.45,-0.52,0.71
district,Karnali,Surkhet,Male,7 Year,4241,870,3262,0,0,2,16,5,26,0,0,0,0,50,0,1,0,0,0,9,97.85,1.18,97.85,1.18,97.43,1.64,0.42,-0.46
district,Karnali,Surkhet,Male,8 Year,4593,318,4177,0,0,0,18,1,42,0,0,0,2,25,1,1,0,0,0,8,98.26,0.54,98.26,0.54,98.17,0.84,0.09,-0.3
district,Karnali,Surkhet,Male,9 Year,4463,95,4264,0,0,3,13,0,58,0,0,0,4,26,0,0,0,0,0,0,98.03,0.58,98.03,0.58,98.38,0.44,-0.35,0.14
district,Karnali,Surkhet,Male,10 Year,4789,23,4301,0,0,0,15,5,411,0,0,1,3,28,0,0,0,0,0,2,90.6,0.58,90.6,0.58,91.72,0.51,-1.12,0.07
district,Karnali,Surkhet,Male,11 Year,4274,5,2915,1141,0,1,11,3,158,5,0,0,2,27,0,2,0,0,0,4,95.3,0.63,95.3,0.63,95.08,0.63,0.22,0.0
district,Karnali,Surkhet,Male,12 Year,5150,3,2187,2743,0,0,5,2,121,34,0,2,1,45,0,2,2,0,0,3,95.88,0.87,95.88,0.87,97.05,0.49,-1.17,0.38
district,Karnali,Surkhet,Male,13 Year,5026,1,937,3882,0,2,9,2,109,57,0,0,0,21,0,0,3,0,0,3,96.12,0.42,96.12,0.42,97.33,0.48,-1.21,-0.06
district,Karnali,Surkhet,Male,14 Year,5245,3,418,3458,1113,1,11,2,110,79,16,1,3,23,0,2,0,2,0,3,95.41,0.44,95.41,0.44,96.48,0.5,-1.07,-0.06
district,Karnali,Surkhet,Male,15 Year,4518,6,103,2090,1917,0,8,2,176,137,36,0,1,38,0,3,0,1,0,0,91.28,0.84,91.28,0.84,92.49,0.53,-1.21,0.31
district,Karnali,Surkhet,Male,16 Year,3433,3,60,964,1905,1,8,1,176,210,68,2,3,29,0,1,0,1,0,1,85.67,0.84,85.67,0.84,85.57,0.99,0.1,-0.15
district,Karnali,Surkhet,Male,17 Year,2160,1,42,396,1110,2,7,1,173,282,103,1,3,34,0,0,1,1,0,3,72.13,1.57,72.13,1.57,65.25,1.63,6.88,-0.06
district,Karnali,Surkhet,Male,18 Year,2239,2,49,282,811,0,8,0,252,508,273,4,2,44,0,0,0,0,0,4,51.45,1.97,51.45,1.97,41.61,2.23,9.84,-0.26
district,Karnali,Surkhet,Male,19 Year,1719,1,29,145,392,2,2,0,213,505,368,4,5,47,0,1,0,1,0,4,33.22,2.73,33.22,2.73,26.61,2.53,6.61,0.2
district,Karnali,Surkhet,Male,20 Year,1901,0,1,0,274,3,4,3,287,666,598,5,6,51,0,1,0,0,0,2,14.83,2.68,14.83,2.68,9.77,3.72,5.06,-1.04
district,Karnali,Surkhet,Male,21 Year,1735,0,0,0,177,6,1,3,266,608,609,3,11,50,0,0,0,0,0,1,10.61,2.88,10.61,2.88,7.15,3.31,3.46,-0.43
district,Karnali,Surkhet,Male,22 Year,2014,0,0,0,128,2,4,2,310,741,748,5,8,65,0,0,0,0,0,1,6.65,3.23,6.65,3.23,5.62,4.22,1.03,-0.99
district,Karnali,Surkhet,Male,23 Year,1810,0,0,0,70,3,4,4,265,700,700,4,7,51,0,0,0,0,0,2,4.25,2.82,4.25,2.82,3.81,3.93,0.44,-1.11
district,Karnali,Surkhet,Male,24 Year,1798,0,0,0,49,5,1,2,305,689,677,4,6,58,0,0,0,0,0,2,3.06,3.23,3.06,3.23,3.47,5.16,-0.41,-1.93
district,Karnali,Surkhet,Male,25 Year,1841,0,0,0,27,5,0,1,331,682,695,10,12,77,0,0,0,0,0,1,1.74,4.18,1.74,4.18,2.88,6.13,-1.14,-1.95
district,Karnali,Surkhet,Female,All Ages,70897,5731,22738,14540,7830,53,235,79,3683,6890,7394,56,126,1405,0,26,4,6,0,101,72.11,1.98,77.37,1.66,72.11,1.98,5.26,-0.32
district,Karnali,Surkhet,Female,5 Year,3704,3352,0,0,0,3,29,25,0,0,0,0,2,239,0,0,0,0,0,54,91.36,6.45,91.71,6.39,91.36,6.45,0.35,-0.06
district,Karnali,Surkhet,Female,6 Year,3800,1448,2196,0,0,3,21,5,23,0,0,0,1,93,0,0,0,0,0,10,96.53,2.45,96.01,3.16,96.53,2.45,-0.52,0.71
district,Karnali,Surkhet,Female,7 Year,3776,589,3070,0,0,4,16,1,23,0,0,0,1,62,0,1,0,0,0,9,97.43,1.64,97.85,1.18,97.43,1.64,0.42,-0.46
district,Karnali,Surkhet,Female,8 Year,4143,236,3806,0,0,1,24,0,34,0,0,0,3,35,0,0,0,0,0,4,98.17,0.84,98.26,0.54,98.17,0.84,0.09,-0.3
district,Karnali,Surkhet,Female,9 Year,4067,63,3916,0,0,0,22,0,43,0,0,1,2,18,0,1,0,0,0,1,98.38,0.44,98.03,0.58,98.38,0.44,-0.35,0.14
district,Karnali,Surkhet,Female,10 Year,4322,16,3937,0,0,0,11,7,325,0,0,0,3,22,0,1,0,0,0,0,91.72,0.51,90.6,0.58,91.72,0.51,-1.12,0.07
district,Karnali,Surkhet,Female,11 Year,3985,7,2588,1184,0,4,6,3,155,9,0,1,1,25,0,1,0,0,0,1,95.08,0.63,95.3,0.63,95.08,0.63,0.22,0.0
district,Karnali,Surkhet,Female,12 Year,4714,4,1801,2763,0,1,6,5,80,25,0,0,1,23,0,3,0,0,0,2,97.05,0.49,95.88,0.87,97.05,0.49,-1.17,0.38
district,Karnali,Surkhet,Female,13 Year,4794,5,770,3879,0,1,11,3,68,29,0,0,1,23,0,1,2,0,0,1,97.33,0.48,96.12,0.42,97.33,0.48,-1.21,-0.06
district,Karnali,Surkhet,Female,14 Year,5028,1,377,3240,1218,2,13,1,78,57,10,1,0,25,0,3,1,1,0,0,96.48,0.5,95.41,0.44,96.48,0.5,-1.07,-0.06
district,Karnali,Surkhet,Female,15 Year,4343,4,88,1893,2007,1,24,7,120,119,49,0,1,23,0,6,0,0,0,1,92.49,0.53,91.28,0.84,92.49,0.53,-1.21,0.31
district,Karnali,Surkhet,Female,16 Year,3230,0,62,891,1803,1,7,2,117,195,115,0,2,32,0,3,0,0,0,0,85.57,0.99,85.67,0.84,85.57,0.99,0.1,-0.15
district,Karnali,Surkhet,Female,17 Year,2210,2,50,341,1034,1,14,1,158,340,224,2,3,36,0,1,0,1,0,2,65.25,1.63,72.13,1.57,65.25,1.63,6.88,-0.06
district,Karnali,Surkhet,Female,18 Year,2336,2,39,238,687,0,6,2,218,564,514,3,7,52,0,1,0,0,0,3,41.61,2.23,51.45,1.97,41.61,2.23,9.84,-0.26
district,Karnali,Surkhet,Female,19 Year,1898,2,38,111,343,0,11,1,214,547,571,2,7,48,0,0,0,2,0,1,26.61,2.53,33.22,2.73,26.61,2.53,6.61,0.2
district,Karnali,Surkhet,Female,20 Year,2447,0,0,0,230,6,3,4,302,868,917,3,20,91,0,0,0,0,0,3,9.77,3.72,14.83,2.68,9.77,3.72,5.06,-1.04
district,Karnali,Surkhet,Female,21 Year,2084,0,0,0,145,2,2,2,255,732,857,7,10,69,0,1,0,0,0,2,7.15,3.31,10.61,2.88,7.15,3.31,3.46,-0.43
district,Karnali,Surkhet,Female,22 Year,2561,0,0,0,138,4,2,4,383,854,1037,12,17,108,0,0,0,0,0,2,5.62,4.22,6.65,3.23,5.62,4.22,1.03,-0.99
district,Karnali,Surkhet,Female,23 Year,2415,0,0,0,84,6,2,0,338,836,1033,6,13,95,0,1,0,1,0,0,3.81,3.93,4.25,2.82,3.81,3.93,0.44,-1.11
district,Karnali,Surkhet,Female,24 Year,2364,0,0,0,74,4,4,1,318,778,1036,8,14,122,0,2,0,1,0,2,3.47,5.16,3.06,3.23,3.47,5.16,-0.41,-1.93
district,Karnali,Surkhet,Female,25 Year,2676,0,0,0,67,9,1,5,431,937,1031,10,17,164,0,0,1,0,0,3,2.88,6.13,1.74,4.18,2.88,6.13,-1.14,-1.95
province,Sudurpaschim,,Total,All Ages,975089,86015,331270,201669,113718,590,2546,1194,51693,67209,79850,1447,1035,35635,14,212,18,35,2,937,75.46,3.65,78.47,2.92,72.59,4.35,5.88,-1.43
province,Sudurpaschim,,Total,5 Year,53328,45217,0,0,0,24,283,240,0,0,0,9,59,7016,8,0,0,0,0,472,85.37,13.16,85.58,12.99,85.13,13.34,0.45,-0.35
province,Sudurpaschim,,Total,6 Year,54043,21834,28062,0,0,16,227,77,182,0,0,16,28,3431,4,6,0,0,0,160,92.78,6.35,93.02,6.14,92.5,6.58,0.52,-0.44
province,Sudurpaschim,,Total,7 Year,52041,11072,38561,0,0,22,160,54,299,0,0,5,18,1771,1,5,0,0,0,73,95.72,3.4,95.88,3.26,95.55,3.56,0.33,-0.3
province,Sudurpaschim,,Total,8 Year,59626,5114,52330,0,0,16,210,23,414,0,0,9,21,1428,1,3,0,0,0,57,96.72,2.39,96.86,2.23,96.56,2.58,0.3,-0.35
province,Sudurpaschim,,Total,9 Year,53202,1715,49926,0,0,13,245,10,502,0,0,8,28,732,0,2,0,0,0,21,97.55,1.38,97.54,1.39,97.57,1.36,-0.03,0.03
province,Sudurpaschim,,Total,10 Year,66360,530,57678,0,0,14,213,206,6908,0,0,8,19,769,0,3,0,0,0,12,88.06,1.16,87.87,1.2,88.26,1.11,-0.39,0.09
province,Sudurpaschim,,Total,11 Year,53455,150,38319,11108,0,8,104,68,3136,88,0,3,12,450,0,2,1,0,0,6,92.95,0.84,92.95,0.78,92.96,0.91,-0.01,-0.13
province,Sudurpaschim,,Total,12 Year,72107,125,35319,32849,0,6,128,67,2530,343,0,11,16,697,0,4,0,0,0,12,94.9,0.97,94.84,0.95,94.96,0.98,-0.12,-0.03
province,Sudurpaschim,,Total,13 Year,64224,64,17400,44213,0,8,102,41,1210,579,0,15,14,564,0,6,0,0,0,8,96.21,0.88,96.07,0.85,96.34,0.91,-0.27,-0.06
province,Sudurpaschim,,Total,14 Year,68202,33,8780,45248,11170,14,104,32,1153,783,204,19,13,591,0,32,2,4,1,19,95.82,0.87,95.58,0.8,96.06,0.93,-0.48,-0.13
province,Sudurpaschim,,Total,15 Year,63925,46,2024,33795,23013,13,209,45,2245,1244,492,19,23,697,0,42,1,5,0,12,92.45,1.09,92.09,0.99,92.8,1.19,-0.71,-0.2
province,Sudurpaschim,,Total,16 Year,52203,43,1109,19070,26076,22,124,40,1927,1998,945,27,21,746,0,37,0,9,0,9,88.97,1.43,88.86,1.27,89.08,1.58,-0.22,-0.31
province,Sudurpaschim,,Total,17 Year,33848,26,663,7854,18148,12,101,24,1682,2771,1846,31,23,643,0,13,1,2,0,8,79.19,1.9,79.87,1.54,78.56,2.23,1.31,-0.69
province,Sudurpaschim,,Total,18 Year,37537,29,697,5634,16321,26,72,26,3046,5537,4694,64,44,1326,0,14,1,1,0,5,60.68,3.53,62.96,2.78,58.68,4.2,4.28,-1.42
province,Sudurpaschim,,Total,19 Year,21350,16,392,1895,6396,14,41,18,2060,4544,4965,64,53,870,0,12,0,1,0,9,41.0,4.07,45.18,3.07,37.59,4.89,7.59,-1.82
province,Sudurpaschim,,Total,20 Year,32040,0,0,0,5373,53,52,29,4186,9328,10598,172,101,2131,0,6,3,1,0,7,17.1,6.65,19.74,4.73,15.25,7.99,4.49,-3.26
province,Sudurpaschim,,Total,21 Year,22101,0,1,1,2258,34,30,25,2812,6697,8709,102,77,1342,0,5,2,0,1,5,10.52,6.07,12.43,3.96,9.11,7.62,3.32,-3.66
province,Sudurpaschim,,Total,22 Year,29803,0,4,1,1973,48,26,41,4180,9017,11953,185,107,2250,0,4,0,3,0,11,6.89,7.55,7.87,4.84,6.19,9.46,1.68,-4.62
province,Sudurpaschim,,Total,23 Year,25440,0,0,1,1127,34,21,41,3640,7508,10874,145,111,1917,0,5,2,4,0,10,4.65,7.54,5.08,4.42,4.38,9.54,0.7,-5.12
province,Sudurpaschim,,Total,24 Year,27766,1,2,0,1001,85,34,36,4009,7998,11915,215,116,2334,0,5,2,2,0,11,4.04,8.41,4.37,4.82,3.83,10.81,0.54,-5.99
province,Sudurpaschim,,Total,25 Year,32488,0,3,0,862,108,60,51,5572,8774,12655,320,131,3930,0,6,3,3,0,10,3.18,12.1,3.09,6.66,3.24,15.62,-0.15,-8.96
province,Sudurpaschim,,Male,All Ages,476338,46398,170475,100340,55120,190,1246,569,23631,30502,32402,520,421,13928,3,94,11,17,1,470,78.47,2.92,78.47,2.92,72.59,4.35,5.88,-1.43
province,Sudurpaschim,,Male,5 Year,27899,23737,0,0,0,9,130,119,0,0,0,5,28,3624,1,0,0,0,0,246,85.58,12.99,85.58,12.99,85.13,13.34,0.45,-0.35
province,Sudurpaschim,,Male,6 Year,28255,12053,14101,0,0,10,120,36,96,0,0,6,17,1735,2,4,0,0,0,75,93.02,6.14,93.02,6.14,92.5,6.58,0.52,-0.44
province,Sudurpaschim,,Male,7 Year,26918,6177,19547,0,0,6,80,32,147,0,0,2,11,877,0,1,0,0,0,38,95.88,3.26,95.88,3.26,95.55,3.56,0.33,-0.3
province,Sudurpaschim,,Male,8 Year,31135,2911,27143,0,0,9,95,11,222,0,0,6,10,694,0,2,0,0,0,32,96.86,2.23,96.86,2.23,96.56,2.58,0.3,-0.35
province,Sudurpaschim,,Male,9 Year,27558,954,25792,0,0,6,127,4,259,0,0,4,19,382,0,0,0,0,0,11,97.54,1.39,97.54,1.39,97.57,1.36,-0.03,0.03
province,Sudurpaschim,,Male,10 Year,34330,284,29749,0,0,11,122,102,3626,0,0,4,11,412,0,2,0,0,0,7,87.87,1.2,87.87,1.2,88.26,1.11,-0.39,0.09
province,Sudurpaschim,,Male,11 Year,27602,88,19965,5545,0,5,54,36,1633,46,0,2,7,214,0,2,1,0,0,4,92.95,0.78,92.95,0.78,92.96,0.91,-0.01,-0.13
province,Sudurpaschim,,Male,12 Year,37152,67,18567,16536,0,1,64,33,1327,185,0,4,6,354,0,1,0,0,0,7,94.84,0.95,94.84,0.95,94.96,0.98,-0.12,-0.03
province,Sudurpaschim,,Male,13 Year,32106,37,8793,21958,0,4,53,20,625,319,0,9,9,272,0,3,0,0,0,4,96.07,0.85,96.07,0.85,96.34,0.91,-0.27,-0.06
province,Sudurpaschim,,Male,14 Year,34027,18,4462,22654,5332,6,50,17,596,460,109,11,7,272,0,22,2,1,1,7,95.58,0.8,95.58,0.8,96.06,0.93,-0.48,-0.13
province,Sudurpaschim,,Male,15 Year,31511,23,1003,16856,11028,6,104,26,1162,705,241,7,10,311,0,18,0,4,0,7,92.09,0.99,92.09,0.99,92.8,1.19,-0.71,-0.2
province,Sudurpaschim,,Male,16 Year,25627,20,548,9346,12793,10,54,20,947,1072,446,10,12,326,0,15,0,3,0,5,88.86,1.27,88.86,1.27,89.08,1.58,-0.22,-0.31
province,Sudurpaschim,,Male,17 Year,16277,9,300,3781,8846,6,59,13,838,1386,748,17,14,251,0,4,1,0,0,4,79.87,1.54,79.87,1.54,78.56,2.23,1.31,-0.69
province,Sudurpaschim,,Male,18 Year,17614,11,331,2697,8001,16,33,9,1487,2618,1865,29,20,490,0,5,1,0,0,1,62.96,2.78,62.96,2.78,58.68,4.2,4.28,-1.42
province,Sudurpaschim,,Male,19 Year,9600,9,169,966,3177,2,14,5,956,2080,1872,23,23,295,0,6,0,1,0,2,45.18,3.07,45.18,3.07,37.59,4.89,7.59,-1.82
province,Sudurpaschim,,Male,20 Year,13163,0,0,0,2561,18,20,15,1689,4060,4066,69,36,623,0,2,2,1,0,1,19.74,4.73,19.74,4.73,15.25,7.99,4.49,-3.26
province,Sudurpaschim,,Male,21 Year,9338,0,1,0,1128,13,19,12,1192,3049,3486,36,28,370,0,0,0,0,0,4,12.43,3.96,12.43,3.96,9.11,7.62,3.32,-3.66
province,Sudurpaschim,,Male,22 Year,12334,0,0,0,945,13,13,14,1717,4009,4909,63,47,597,0,1,0,1,0,5,7.87,4.84,7.87,4.84,6.19,9.46,1.68,-4.62
province,Sudurpaschim,,Male,23 Year,9970,0,0,1,488,9,8,12,1387,3204,4338,44,29,441,0,2,1,2,0,4,5.08,4.42,5.08,4.42,4.38,9.54,0.7,-5.12
province,Sudurpaschim,,Male,24 Year,11155,0,2,0,455,20,10,15,1571,3522,4913,70,29,538,0,3,2,1,0,4,4.37,4.82,4.37,4.82,3.83,10.81,0.54,-5.99
province,Sudurpaschim,,Male,25 Year,12767,0,2,0,366,10,17,18,2154,3787,5409,99,48,850,0,1,1,3,0,2,3.09,6.66,3.09,6.66,3.24,15.62,-0.15,-8.96
province,Sudurpaschim,,Female,All Ages,498751,39617,160795,101329,58598,400,1300,625,28062,36707,47448,927,614,21707,11,118,7,18,1,467,72.59,4.35,78.47,2.92,72.59,4.35,5.88,-1.43
province,Sudurpaschim,,Female,5 Year,25429,21480,0,0,0,15,153,121,0,0,0,4,31,3392,7,0,0,0,0,226,85.13,13.34,85.58,12.99,85.13,13.34,0.45,-0.35
province,Sudurpaschim,,Female,6 Year,25788,9781,13961,0,0,6,107,41,86,0,0,10,11,1696,2,2,0,0,0,85,92.5,6.58,93.02,6.14,92.5,6.58,0.52,-0.44
province,Sudurpaschim,,Female,7 Year,25123,4895,19014,0,0,16,80,22,152,0,0,3,7,894,1,4,0,0,0,35,95.55,3.56,95.88,3.26,95.55,3.56,0.33,-0.3
province,Sudurpaschim,,Female,8 Year,28491,2203,25187,0,0,7,115,12,192,0,0,3,11,734,1,1,0,0,0,25,96.56,2.58,96.86,2.23,96.56,2.58,0.3,-0.35
province,Sudurpaschim,,Female,9 Year,25644,761,24134,0,0,7,118,6,243,0,0,4,9,350,0,2,0,0,0,10,97.57,1.36,97.54,1.39,97.57,1.36,-0.03,0.03
province,Sudurpaschim,,Female,10 Year,32030,246,27929,0,0,3,91,104,3282,0,0,4,8,357,0,1,0,0,0,5,88.26,1.11,87.87,1.2,88.26,1.11,-0.39,0.09
province,Sudurpaschim,,Female,11 Year,25853,62,18354,5563,0,3,50,32,1503,42,0,1,5,236,0,0,0,0,0,2,92.96,0.91,92.95,0.78,92.96,0.91,-0.01,-0.13
province,Sudurpaschim,,Female,12 Year,34955,58,16752,16313,0,5,64,34,1203,158,0,7,10,343,0,3,0,0,0,5,94.96,0.98,94.84,0.95,94.96,0.98,-0.12,-0.03
province,Sudurpaschim,,Female,13 Year,32118,27,8607,22255,0,4,49,21,585,260,0,6,5,292,0,3,0,0,0,4,96.34,0.91,96.07,0.85,96.34,0.91,-0.27,-0.06
province,Sudurpaschim,,Female,14 Year,34175,15,4318,22594,5838,8,54,15,557,323,95,8,6,319,0,10,0,3,0,12,96.06,0.93,95.58,0.8,96.06,0.93,-0.48,-0.13
province,Sudurpaschim,,Female,15 Year,32414,23,1021,16939,11985,7,105,19,1083,539,251,12,13,386,0,24,1,1,0,5,92.8,1.19,92.09,0.99,92.8,1.19,-0.71,-0.2
province,Sudurpaschim,,Female,16 Year,26576,23,561,9724,13283,12,70,20,980,926,499,17,9,420,0,22,0,6,0,4,89.08,1.58,88.86,1.27,89.08,1.58,-0.22,-0.31
province,Sudurpaschim,,Female,17 Year,17571,17,363,4073,9302,6,42,11,844,1385,1098,14,9,392,0,9,0,2,0,4,78.56,2.23,79.87,1.54,78.56,2.23,1.31,-0.69
province,Sudurpaschim,,Female,18 Year,19923,18,366,2937,8320,10,39,17,1559,2919,2829,35,24,836,0,9,0,1,0,4,58.68,4.2,62.96,2.78,58.68,4.2,4.28,-1.42
province,Sudurpaschim,,Female,19 Year,11750,7,223,929,3219,12,27,13,1104,2464,3093,41,30,575,0,6,0,0,0,7,37.59,4.89,45.18,3.07,37.59,4.89,7.59,-1.82
province,Sudurpaschim,,Female,20 Year,18877,0,0,0,2812,35,32,14,2497,5268,6532,103,65,1508,0,4,1,0,0,6,15.25,7.99,19.74,4.73,15.25,7.99,4.49,-3.26
province,Sudurpaschim,,Female,21 Year,12763,0,0,1,1130,21,11,13,1620,3648,5223,66,49,972,0,5,2,0,1,1,9.11,7.62,12.43,3.96,9.11,7.62,3.32,-3.66
province,Sudurpaschim,,Female,22 Year,17469,0,4,1,1028,35,13,27,2463,5008,7044,122,60,1653,0,3,0,2,0,6,6.19,9.46,7.87,4.84,6.19,9.46,1.68,-4.62
province,Sudurpaschim,,Female,23 Year,15470,0,0,0,639,25,13,29,2253,4304,6536,101,82,1476,0,3,1,2,0,6,4.38,9.54,5.08,4.42,4.38,9.54,0.7,-5.12
province,Sudurpaschim,,Female,24 Year,16611,1,0,0,546,65,24,21,2438,4476,7002,145,87,1796,0,2,0,1,0,7,3.83,10.81,4.37,4.82,3.83,10.81,0.54,-5.99
province,Sudurpaschim,,Female,25 Year,19721,0,1,0,496,98,43,33,3418,4987,7246,221,83,3080,0,5,2,0,0,8,3.24,15.62,3.09,6.66,3.24,15.62,-0.15,-8.96
district,Sudurpaschim,Bajura,Total,All Ages,55480,4203,19848,11835,7127,40,246,55,2404,2631,3717,100,52,3120,0,15,1,2,0,84,78.04,5.62,80.42,4.63,75.8,6.56,4.62,-1.93
district,Sudurpaschim,Bajura,Total,5 Year,3316,2538,0,0,0,2,25,12,0,0,0,0,1,699,0,0,0,0,0,39,77.35,21.08,78.01,20.51,76.72,21.63,1.29,-1.12
district,Sudurpaschim,Bajura,Total,6 Year,3290,900,2031,0,0,1,22,2,10,0,0,0,0,305,0,2,0,0,0,17,89.79,9.27,90.95,8.17,88.52,10.46,2.43,-2.29
district,Sudurpaschim,Bajura,Total,7 Year,3014,417,2364,0,0,0,15,1,24,0,0,0,2,183,0,1,0,0,0,7,92.77,6.07,92.4,6.72,93.12,5.45,-0.72,1.27
district,Sudurpaschim,Bajura,Total,8 Year,3536,223,3101,0,0,1,22,2,19,0,0,2,0,160,0,0,0,0,0,6,94.65,4.52,95.14,3.9,94.16,5.16,0.98,-1.26
district,Sudurpaschim,Bajura,Total,9 Year,3071,75,2870,0,0,2,22,0,26,0,0,1,2,72,0,0,0,0,0,1,96.68,2.34,97.09,1.9,96.24,2.82,0.85,-0.92
district,Sudurpaschim,Bajura,Total,10 Year,3983,23,3448,0,0,0,39,13,377,0,0,0,2,80,0,0,0,0,0,1,88.12,2.01,88.39,1.78,87.83,2.25,0.56,-0.47
district,Sudurpaschim,Bajura,Total,11 Year,2924,6,2038,640,0,0,10,3,189,2,0,1,0,33,0,0,0,0,0,2,92.13,1.13,92.25,0.79,92.01,1.5,0.24,-0.71
district,Sudurpaschim,Bajura,Total,12 Year,4490,5,2028,2175,0,1,16,4,169,18,0,0,2,68,0,1,0,0,0,3,94.1,1.51,94.01,1.49,94.19,1.54,-0.18,-0.05
district,Sudurpaschim,Bajura,Total,13 Year,3764,4,1067,2553,0,0,6,4,60,33,0,2,1,34,0,0,0,0,0,0,96.44,0.9,96.23,0.94,96.66,0.86,-0.43,0.08
district,Sudurpaschim,Bajura,Total,14 Year,3919,3,559,2479,711,3,12,0,51,33,8,2,1,52,0,2,0,0,0,3,96.12,1.33,96.1,1.63,96.14,1.06,-0.04,0.57
district,Sudurpaschim,Bajura,Total,15 Year,3622,1,135,1831,1413,0,18,1,120,33,19,1,1,46,0,2,0,0,0,1,93.82,1.27,93.74,1.41,93.89,1.14,-0.15,0.27
district,Sudurpaschim,Bajura,Total,16 Year,3053,2,81,1119,1592,4,9,0,92,46,43,2,1,59,0,2,0,0,0,1,91.94,1.93,92.95,1.38,91.03,2.43,1.92,-1.05
district,Sudurpaschim,Bajura,Total,17 Year,1672,4,42,440,927,1,3,1,63,81,70,3,0,33,0,2,0,1,0,1,84.75,1.97,87.05,1.68,82.78,2.22,4.27,-0.54
district,Sudurpaschim,Bajura,Total,18 Year,2357,1,60,459,1163,1,6,3,134,225,207,3,2,92,0,1,0,0,0,0,71.7,3.9,74.98,3.09,68.84,4.61,6.14,-1.52
district,Sudurpaschim,Bajura,Total,19 Year,1080,1,23,139,399,0,3,0,79,166,198,5,4,61,0,2,0,0,0,0,52.31,5.65,58.66,4.07,47.03,6.96,11.63,-2.89
district,Sudurpaschim,Bajura,Total,20 Year,1791,0,0,0,412,4,3,1,197,437,547,15,11,163,0,0,0,0,0,1,23.39,9.1,26.85,7.8,20.87,10.05,5.98,-2.25
district,Sudurpaschim,Bajura,Total,21 Year,1079,0,1,0,162,3,4,1,126,247,411,10,4,110,0,0,0,0,0,0,15.76,10.19,16.49,7.38,15.21,12.3,1.28,-4.92
district,Sudurpaschim,Bajura,Total,22 Year,1487,0,0,0,136,2,4,2,181,399,569,14,5,174,0,0,0,0,0,1,9.55,11.7,10.24,9.6,9.05,13.23,1.19,-3.63
district,Sudurpaschim,Bajura,Total,23 Year,1174,0,0,0,76,2,2,2,124,260,535,11,6,155,0,0,1,0,0,0,6.81,13.2,7.48,8.52,6.35,16.45,1.13,-7.93
district,Sudurpaschim,Bajura,Total,24 Year,1326,0,0,0,70,6,1,0,153,287,579,7,4,218,0,0,0,1,0,0,5.81,16.44,6.93,11.9,4.98,19.79,1.95,-7.89
district,Sudurpaschim,Bajura,Total,25 Year,1532,0,0,0,66,7,4,3,210,364,531,21,3,323,0,0,0,0,0,0,5.03,21.08,5.79,11.13,4.45,28.54,1.34,-17.41
district,Sudurpaschim,Bajura,Male,All Ages,26925,2151,10083,5812,3475,18,114,24,1117,1127,1649,45,18,1247,0,7,0,1,0,37,80.42,4.63,80.42,4.63,75.8,6.56,4.62,-1.93
district,Sudurpaschim,Bajura,Male,5 Year,1619,1251,0,0,0,1,11,6,0,0,0,0,0,332,0,0,0,0,0,18,78.01,20.51,78.01,20.51,76.72,21.63,1.29,-1.12
district,Sudurpaschim,Bajura,Male,6 Year,1713,493,1053,0,0,1,11,0,6,0,0,0,0,140,0,2,0,0,0,7,90.95,8.17,90.95,8.17,88.52,10.46,2.43,-2.29
district,Sudurpaschim,Bajura,Male,7 Year,1474,219,1134,0,0,0,9,0,10,0,0,0,1,99,0,0,0,0,0,2,92.4,6.72,92.4,6.72,93.12,5.45,-0.72,1.27
district,Sudurpaschim,Bajura,Male,8 Year,1771,119,1557,0,0,1,8,0,11,0,0,1,0,69,0,0,0,0,0,5,95.14,3.9,95.14,3.9,94.16,5.16,0.98,-1.26
district,Sudurpaschim,Bajura,Male,9 Year,1581,46,1477,0,0,2,10,0,14,0,0,1,1,30,0,0,0,0,0,0,97.09,1.9,97.09,1.9,96.24,2.82,0.85,-0.92
district,Sudurpaschim,Bajura,Male,10 Year,2076,11,1801,0,0,0,23,7,195,0,0,0,1,37,0,0,0,0,0,1,88.39,1.78,88.39,1.78,87.83,2.25,0.56,-0.47
district,Sudurpaschim,Bajura,Male,11 Year,1523,2,1045,353,0,0,5,2,100,2,0,1,0,12,0,0,0,0,0,1,92.25,0.79,92.25,0.79,92.01,1.5,0.24,-0.71
district,Sudurpaschim,Bajura,Male,12 Year,2288,2,1037,1106,0,0,6,2,92,8,0,0,0,34,0,0,0,0,0,1,94.01,1.49,94.01,1.49,94.19,1.54,-0.18,-0.05
district,Sudurpaschim,Bajura,Male,13 Year,1910,3,551,1279,0,0,5,2,31,18,0,2,1,18,0,0,0,0,0,0,96.23,0.94,96.23,0.94,96.66,0.86,-0.43,0.08
district,Sudurpaschim,Bajura,Male,14 Year,1846,2,259,1172,337,2,2,0,20,16,3,2,1,30,0,0,0,0,0,0,96.1,1.63,96.1,1.63,96.14,1.06,-0.04,0.57
district,Sudurpaschim,Bajura,Male,15 Year,1773,0,71,884,698,0,9,1,50,22,10,1,0,25,0,2,0,0,0,0,93.74,1.41,93.74,1.41,93.89,1.14,-0.15,0.27
district,Sudurpaschim,Bajura,Male,16 Year,1447,2,37,544,759,2,1,0,42,17,20,1,1,20,0,1,0,0,0,0,92.95,1.38,92.95,1.38,91.03,2.43,1.92,-1.05
district,Sudurpaschim,Bajura,Male,17 Year,772,1,21,196,451,1,2,0,28,32,24,2,0,13,0,0,0,0,0,1,87.05,1.68,87.05,1.68,82.78,2.22,4.27,-0.54
district,Sudurpaschim,Bajura,Male,18 Year,1099,0,28,210,581,0,5,2,65,101,72,0,0,34,0,1,0,0,0,0,74.98,3.09,74.98,3.09,68.84,4.61,6.14,-1.52
district,Sudurpaschim,Bajura,Male,19 Year,491,0,11,68,209,0,0,0,37,73,69,2,1,20,0,1,0,0,0,0,58.66,4.07,58.66,4.07,47.03,6.96,11.63,-2.89
district,Sudurpaschim,Bajura,Male,20 Year,756,0,0,0,203,0,0,0,79,186,220,5,4,59,0,0,0,0,0,0,26.85,7.8,26.85,7.8,20.87,10.05,5.98,-2.25
district,Sudurpaschim,Bajura,Male,21 Year,461,0,1,0,70,2,3,1,51,103,193,2,1,34,0,0,0,0,0,0,16.49,7.38,16.49,7.38,15.21,12.3,1.28,-4.92
district,Sudurpaschim,Bajura,Male,22 Year,625,0,0,0,62,0,2,1,87,163,236,10,3,60,0,0,0,0,0,1,10.24,9.6,10.24,9.6,9.05,13.23,1.19,-3.63
district,Sudurpaschim,Bajura,Male,23 Year,481,0,0,0,33,2,1,0,51,98,250,4,1,41,0,0,0,0,0,0,7.48,8.52,7.48,8.52,6.35,16.45,1.13,-7.93
district,Sudurpaschim,Bajura,Male,24 Year,563,0,0,0,35,4,0,0,58,129,267,2,0,67,0,0,0,1,0,0,6.93,11.9,6.93,11.9,4.98,19.79,1.95,-7.89
district,Sudurpaschim,Bajura,Male,25 Year,656,0,0,0,37,0,1,0,90,159,285,9,2,73,0,0,0,0,0,0,5.79,11.13,5.79,11.13,4.45,28.54,1.34,-17.41
district,Sudurpaschim,Bajura,Female,All Ages,28555,2052,9765,6023,3652,22,132,31,1287,1504,2068,55,34,1873,0,8,1,1,0,47,75.8,6.56,80.42,4.63,75.8,6.56,4.62,-1.93
district,Sudurpaschim,Bajura,Female,5 Year,1697,1287,0,0,0,1,14,6,0,0,0,0,1,367,0,0,0,0,0,21,76.72,21.63,78.01,20.51,76.72,21.63,1.29,-1.12
district,Sudurpaschim,Bajura,Female,6 Year,1577,407,978,0,0,0,11,2,4,0,0,0,0,165,0,0,0,0,0,10,88.52,10.46,90.95,8.17,88.52,10.46,2.43,-2.29
district,Sudurpaschim,Bajura,Female,7 Year,1540,198,1230,0,0,0,6,1,14,0,0,0,1,84,0,1,0,0,0,5,93.12,5.45,92.4,6.72,93.12,5.45,-0.72,1.27
district,Sudurpaschim,Bajura,Female,8 Year,1765,104,1544,0,0,0,14,2,8,0,0,1,0,91,0,0,0,0,0,1,94.16,5.16,95.14,3.9,94.16,5.16,0.98,-1.26
district,Sudurpaschim,Bajura,Female,9 Year,1490,29,1393,0,0,0,12,0,12,0,0,0,1,42,0,0,0,0,0,1,96.24,2.82,97.09,1.9,96.24,2.82,0.85,-0.92
district,Sudurpaschim,Bajura,Female,10 Year,1907,12,1647,0,0,0,16,6,182,0,0,0,1,43,0,0,0,0,0,0,87.83,2.25,88.39,1.78,87.83,2.25,0.56,-0.47
district,Sudurpaschim,Bajura,Female,11 Year,1401,4,993,287,0,0,5,1,89,0,0,0,0,21,0,0,0,0,0,1,92.01,1.5,92.25,0.79,92.01,1.5,0.24,-0.71
district,Sudurpaschim,Bajura,Female,12 Year,2202,3,991,1069,0,1,10,2,77,10,0,0,2,34,0,1,0,0,0,2,94.19,1.54,94.01,1.49,94.19,1.54,-0.18,-0.05
district,Sudurpaschim,Bajura,Female,13 Year,1854,1,516,1274,0,0,1,2,29,15,0,0,0,16,0,0,0,0,0,0,96.66,0.86,96.23,0.94,96.66,0.86,-0.43,0.08
district,Sudurpaschim,Bajura,Female,14 Year,2073,1,300,1307,374,1,10,0,31,17,5,0,0,22,0,2,0,0,0,3,96.14,1.06,96.1,1.63,96.14,1.06,-0.04,0.57
district,Sudurpaschim,Bajura,Female,15 Year,1849,1,64,947,715,0,9,0,70,11,9,0,1,21,0,0,0,0,0,1,93.89,1.14,93.74,1.41,93.89,1.14,-0.15,0.27
district,Sudurpaschim,Bajura,Female,16 Year,1606,0,44,575,833,2,8,0,50,29,23,1,0,39,0,1,0,0,0,1,91.03,2.43,92.95,1.38,91.03,2.43,1.92,-1.05
district,Sudurpaschim,Bajura,Female,17 Year,900,3,21,244,476,0,1,1,35,49,46,1,0,20,0,2,0,1,0,0,82.78,2.22,87.05,1.68,82.78,2.22,4.27,-0.54
district,Sudurpaschim,Bajura,Female,18 Year,1258,1,32,249,582,1,1,1,69,124,135,3,2,58,0,0,0,0,0,0,68.84,4.61,74.98,3.09,68.84,4.61,6.14,-1.52
district,Sudurpaschim,Bajura,Female,19 Year,589,1,12,71,190,0,3,0,42,93,129,3,3,41,0,1,0,0,0,0,47.03,6.96,58.66,4.07,47.03,6.96,11.63,-2.89
district,Sudurpaschim,Bajura,Female,20 Year,1035,0,0,0,209,4,3,1,118,251,327,10,7,104,0,0,0,0,0,1,20.87,10.05,26.85,7.8,20.87,10.05,5.98,-2.25
district,Sudurpaschim,Bajura,Female,21 Year,618,0,0,0,92,1,1,0,75,144,218,8,3,76,0,0,0,0,0,0,15.21,12.3,16.49,7.38,15.21,12.3,1.28,-4.92
district,Sudurpaschim,Bajura,Female,22 Year,862,0,0,0,74,2,2,1,94,236,333,4,2,114,0,0,0,0,0,0,9.05,13.23,10.24,9.6,9.05,13.23,1.19,-3.63
district,Sudurpaschim,Bajura,Female,23 Year,693,0,0,0,43,0,1,2,73,162,285,7,5,114,0,0,1,0,0,0,6.35,16.45,7.48,8.52,6.35,16.45,1.13,-7.93
district,Sudurpaschim,Bajura,Female,24 Year,763,0,0,0,35,2,1,0,95,158,312,5,4,151,0,0,0,0,0,0,4.98,19.79,6.93,11.9,4.98,19.79,1.95,-7.89
district,Sudurpaschim,Bajura,Female,25 Year,876,0,0,0,29,7,3,3,120,205,246,12,1,250,0,0,0,0,0,0,4.45,28.54,5.79,11.13,4.45,28.54,1.34,-17.41
district,Sudurpaschim,Bajhang,Total,All Ages,77458,5725,28691,16492,9535,49,225,79,3651,3673,4464,69,49,4680,0,12,1,5,1,57,78.39,6.04,81.66,4.34,75.39,7.6,6.27,-3.26
district,Sudurpaschim,Bajhang,Total,5 Year,4390,3342,0,0,0,1,30,15,0,0,0,0,2,974,0,0,0,0,0,26,76.83,22.19,77.72,21.42,75.85,23.04,1.87,-1.62
district,Sudurpaschim,Bajhang,Total,6 Year,4627,1298,2763,0,0,1,23,5,13,0,0,1,2,514,0,0,0,0,0,7,88.29,11.11,89.04,10.23,87.51,12.01,1.53,-1.78
district,Sudurpaschim,Bajhang,Total,7 Year,4129,556,3272,0,0,3,19,3,22,0,0,1,1,243,0,0,0,0,0,9,93.24,5.89,93.17,5.81,93.31,5.96,-0.14,-0.15
district,Sudurpaschim,Bajhang,Total,8 Year,5184,323,4564,0,0,2,21,3,45,0,0,1,1,222,0,0,0,0,0,2,94.71,4.28,95.54,3.5,93.89,5.07,1.65,-1.57
district,Sudurpaschim,Bajhang,Total,9 Year,4233,123,3928,0,0,1,18,1,56,0,0,1,0,102,0,0,0,0,0,3,96.15,2.41,96.92,1.89,95.38,2.92,1.54,-1.03
district,Sudurpaschim,Bajhang,Total,10 Year,5987,46,5139,0,0,1,20,17,657,0,0,1,1,103,0,0,0,0,0,2,86.96,1.72,87.61,1.76,86.29,1.68,1.32,0.08
district,Sudurpaschim,Bajhang,Total,11 Year,4047,8,2848,841,0,0,9,2,265,13,0,0,0,61,0,0,0,0,0,0,91.57,1.51,92.21,1.56,90.92,1.45,1.29,0.11
district,Sudurpaschim,Bajhang,Total,12 Year,6327,10,3203,2705,0,1,12,7,289,26,0,0,1,71,0,0,0,0,0,2,93.74,1.12,94.72,0.87,92.73,1.38,1.99,-0.51
district,Sudurpaschim,Bajhang,Total,13 Year,5200,5,1601,3380,0,1,8,0,96,41,0,0,1,65,0,1,0,0,0,1,96.06,1.25,96.34,1.33,95.77,1.16,0.57,0.17
district,Sudurpaschim,Bajhang,Total,14 Year,5570,1,909,3570,834,0,10,3,100,51,22,2,0,63,0,1,0,1,1,2,95.58,1.13,95.58,0.95,95.58,1.31,0.0,-0.36
district,Sudurpaschim,Bajhang,Total,15 Year,5028,5,193,2658,1800,1,11,2,184,59,37,0,0,73,0,4,0,0,0,1,92.84,1.45,93.57,1.28,92.16,1.61,1.41,-0.33
district,Sudurpaschim,Bajhang,Total,16 Year,4544,2,107,1837,2180,2,10,1,146,94,57,0,1,104,0,3,0,0,0,0,91.07,2.29,92.69,1.34,89.59,3.15,3.1,-1.81
district,Sudurpaschim,Bajhang,Total,17 Year,2504,1,69,652,1425,0,5,0,83,129,78,1,0,58,0,1,0,1,0,1,85.94,2.32,88.15,1.41,84.32,2.98,3.83,-1.57
district,Sudurpaschim,Bajhang,Total,18 Year,3482,5,70,665,1687,4,5,3,248,327,295,4,1,167,0,1,0,0,0,0,69.96,4.8,73.96,2.68,66.95,6.39,7.01,-3.71
district,Sudurpaschim,Bajhang,Total,19 Year,1508,0,25,183,536,0,3,1,153,235,270,2,3,96,0,0,0,1,0,0,49.54,6.37,55.82,4.09,44.95,8.03,10.87,-3.94
district,Sudurpaschim,Bajhang,Total,20 Year,2376,0,0,0,526,3,4,0,256,653,654,4,8,267,0,0,1,0,0,0,22.43,11.24,25.83,6.71,20.1,14.35,5.73,-7.64
district,Sudurpaschim,Bajhang,Total,21 Year,1380,0,0,0,165,1,5,2,155,377,505,1,5,164,0,0,0,0,0,0,12.39,11.88,15.12,4.91,10.69,16.22,4.43,-11.31
district,Sudurpaschim,Bajhang,Total,22 Year,1897,0,0,1,155,5,4,4,220,486,709,6,5,299,0,1,0,2,0,0,8.7,15.76,10.9,7.98,7.25,20.87,3.65,-12.89
district,Sudurpaschim,Bajhang,Total,23 Year,1558,0,0,0,93,2,1,3,202,382,590,7,5,273,0,0,0,0,0,0,6.16,17.52,7.36,8.62,5.49,22.48,1.87,-13.86
district,Sudurpaschim,Bajhang,Total,24 Year,1698,0,0,0,74,11,1,4,199,422,659,17,6,305,0,0,0,0,0,0,5.06,17.96,5.84,5.7,4.49,26.97,1.35,-21.27
district,Sudurpaschim,Bajhang,Total,25 Year,1789,0,0,0,60,9,6,3,262,378,588,20,6,456,0,0,0,0,0,1,4.19,25.49,3.76,10.08,4.45,34.61,-0.69,-24.53
district,Sudurpaschim,Bajhang,Male,All Ages,37046,3012,14355,8136,4630,13,106,31,1520,1561,1984,23,25,1608,0,4,1,3,1,33,81.66,4.34,81.66,4.34,75.39,7.6,6.27,-3.26
district,Sudurpaschim,Bajhang,Male,5 Year,2311,1783,0,0,0,1,12,5,0,0,0,0,0,495,0,0,0,0,0,15,77.72,21.42,77.72,21.42,75.85,23.04,1.87,-1.62
district,Sudurpaschim,Bajhang,Male,6 Year,2345,658,1419,0,0,1,10,2,9,0,0,1,1,240,0,0,0,0,0,4,89.04,10.23,89.04,10.23,87.51,12.01,1.53,-1.78
district,Sudurpaschim,Bajhang,Male,7 Year,2065,298,1620,0,0,0,6,2,13,0,0,0,0,120,0,0,0,0,0,6,93.17,5.81,93.17,5.81,93.31,5.96,-0.14,-0.15
district,Sudurpaschim,Bajhang,Male,8 Year,2600,172,2301,0,0,0,11,2,22,0,0,0,1,91,0,0,0,0,0,0,95.54,3.5,95.54,3.5,93.89,5.07,1.65,-1.57
district,Sudurpaschim,Bajhang,Male,9 Year,2113,64,1978,0,0,0,6,1,22,0,0,0,0,40,0,0,0,0,0,2,96.92,1.89,96.92,1.89,95.38,2.92,1.54,-1.03
district,Sudurpaschim,Bajhang,Male,10 Year,3010,16,2606,0,0,1,14,4,313,0,0,0,1,53,0,0,0,0,0,2,87.61,1.76,87.61,1.76,86.29,1.68,1.32,0.08
district,Sudurpaschim,Bajhang,Male,11 Year,2053,5,1431,451,0,0,6,1,121,6,0,0,0,32,0,0,0,0,0,0,92.21,1.56,92.21,1.56,90.92,1.45,1.29,0.11
district,Sudurpaschim,Bajhang,Male,12 Year,3217,4,1607,1428,0,0,8,3,129,9,0,0,1,28,0,0,0,0,0,0,94.72,0.87,94.72,0.87,92.73,1.38,1.99,-0.51
district,Sudurpaschim,Bajhang,Male,13 Year,2623,4,770,1748,0,0,5,0,37,23,0,0,0,35,0,0,0,0,0,1,96.34,1.33,96.34,1.33,95.77,1.16,0.57,0.17
district,Sudurpaschim,Bajhang,Male,14 Year,2740,1,412,1770,431,0,5,3,48,31,9,1,0,26,0,0,0,1,1,1,95.58,0.95,95.58,0.95,95.58,1.31,0.0,-0.36
district,Sudurpaschim,Bajhang,Male,15 Year,2425,3,88,1260,913,0,5,0,80,27,15,0,0,31,0,2,0,0,0,1,93.57,1.28,93.57,1.28,92.16,1.61,1.41,-0.33
district,Sudurpaschim,Bajhang,Male,16 Year,2161,1,45,826,1127,0,4,1,63,38,25,0,1,29,0,1,0,0,0,0,92.69,1.34,92.69,1.34,89.59,3.15,3.1,-1.81
district,Sudurpaschim,Bajhang,Male,17 Year,1063,0,28,278,629,0,2,0,36,44,29,1,0,15,0,0,0,0,0,1,88.15,1.41,88.15,1.41,84.32,2.98,3.83,-1.57
district,Sudurpaschim,Bajhang,Male,18 Year,1494,3,37,285,773,3,4,1,98,137,110,2,1,40,0,0,0,0,0,0,73.96,2.68,73.96,2.68,66.95,6.39,7.01,-3.71
district,Sudurpaschim,Bajhang,Male,19 Year,636,0,13,90,251,0,1,0,60,90,103,0,1,26,0,0,0,1,0,0,55.82,4.09,55.82,4.09,44.95,8.03,10.87,-3.94
district,Sudurpaschim,Bajhang,Male,20 Year,968,0,0,0,247,1,2,0,95,279,271,1,6,65,0,0,1,0,0,0,25.83,6.71,25.83,6.71,20.1,14.35,5.73,-7.64
district,Sudurpaschim,Bajhang,Male,21 Year,529,0,0,0,76,1,3,2,57,153,209,0,2,26,0,0,0,0,0,0,15.12,4.91,15.12,4.91,10.69,16.22,4.43,-11.31
district,Sudurpaschim,Bajhang,Male,22 Year,752,0,0,0,80,1,1,2,85,204,311,3,3,60,0,1,0,1,0,0,10.9,7.98,10.9,7.98,7.25,20.87,3.65,-12.89
district,Sudurpaschim,Bajhang,Male,23 Year,557,0,0,0,41,0,0,0,72,152,241,2,1,48,0,0,0,0,0,0,7.36,8.62,7.36,8.62,5.49,22.48,1.87,-13.86
district,Sudurpaschim,Bajhang,Male,24 Year,719,0,0,0,38,4,0,1,74,205,350,5,1,41,0,0,0,0,0,0,5.84,5.7,5.84,5.7,4.49,26.97,1.35,-21.27
district,Sudurpaschim,Bajhang,Male,25 Year,665,0,0,0,24,0,1,1,86,163,311,7,5,67,0,0,0,0,0,0,3.76,10.08,3.76,10.08,4.45,34.61,-0.69,-24.53
district,Sudurpaschim,Bajhang,Female,All Ages,40412,2713,14336,8356,4905,36,119,48,2131,2112,2480,46,24,3072,0,8,0,2,0,24,75.39,7.6,81.66,4.34,75.39,7.6,6.27,-3.26
district,Sudurpaschim,Bajhang,Female,5 Year,2079,1559,0,0,0,0,18,10,0,0,0,0,2,479,0,0,0,0,0,11,75.85,23.04,77.72,21.42,75.85,23.04,1.87,-1.62
district,Sudurpaschim,Bajhang,Female,6 Year,2282,640,1344,0,0,0,13,3,4,0,0,0,1,274,0,0,0,0,0,3,87.51,12.01,89.04,10.23,87.51,12.01,1.53,-1.78
district,Sudurpaschim,Bajhang,Female,7 Year,2064,258,1652,0,0,3,13,1,9,0,0,1,1,123,0,0,0,0,0,3,93.31,5.96,93.17,5.81,93.31,5.96,-0.14,-0.15
district,Sudurpaschim,Bajhang,Female,8 Year,2584,151,2263,0,0,2,10,1,23,0,0,1,0,131,0,0,0,0,0,2,93.89,5.07,95.54,3.5,93.89,5.07,1.65,-1.57
district,Sudurpaschim,Bajhang,Female,9 Year,2120,59,1950,0,0,1,12,0,34,0,0,1,0,62,0,0,0,0,0,1,95.38,2.92,96.92,1.89,95.38,2.92,1.54,-1.03
district,Sudurpaschim,Bajhang,Female,10 Year,2977,30,2533,0,0,0,6,13,344,0,0,1,0,50,0,0,0,0,0,0,86.29,1.68,87.61,1.76,86.29,1.68,1.32,0.08
district,Sudurpaschim,Bajhang,Female,11 Year,1994,3,1417,390,0,0,3,1,144,7,0,0,0,29,0,0,0,0,0,0,90.92,1.45,92.21,1.56,90.92,1.45,1.29,0.11
district,Sudurpaschim,Bajhang,Female,12 Year,3110,6,1596,1277,0,1,4,4,160,17,0,0,0,43,0,0,0,0,0,2,92.73,1.38,94.72,0.87,92.73,1.38,1.99,-0.51
district,Sudurpaschim,Bajhang,Female,13 Year,2577,1,831,1632,0,1,3,0,59,18,0,0,1,30,0,1,0,0,0,0,95.77,1.16,96.34,1.33,95.77,1.16,0.57,0.17
district,Sudurpaschim,Bajhang,Female,14 Year,2830,0,497,1800,403,0,5,0,52,20,13,1,0,37,0,1,0,0,0,1,95.58,1.31,95.58,0.95,95.58,1.31,0.0,-0.36
district,Sudurpaschim,Bajhang,Female,15 Year,2603,2,105,1398,887,1,6,2,104,32,22,0,0,42,0,2,0,0,0,0,92.16,1.61,93.57,1.28,92.16,1.61,1.41,-0.33
district,Sudurpaschim,Bajhang,Female,16 Year,2383,1,62,1011,1053,2,6,0,83,56,32,0,0,75,0,2,0,0,0,0,89.59,3.15,92.69,1.34,89.59,3.15,3.1,-1.81
district,Sudurpaschim,Bajhang,Female,17 Year,1441,1,41,374,796,0,3,0,47,85,49,0,0,43,0,1,0,1,0,0,84.32,2.98,88.15,1.41,84.32,2.98,3.83,-1.57
district,Sudurpaschim,Bajhang,Female,18 Year,1988,2,33,380,914,1,1,2,150,190,185,2,0,127,0,1,0,0,0,0,66.95,6.39,73.96,2.68,66.95,6.39,7.01,-3.71
district,Sudurpaschim,Bajhang,Female,19 Year,872,0,12,93,285,0,2,1,93,145,167,2,2,70,0,0,0,0,0,0,44.95,8.03,55.82,4.09,44.95,8.03,10.87,-3.94
district,Sudurpaschim,Bajhang,Female,20 Year,1408,0,0,0,279,2,2,0,161,374,383,3,2,202,0,0,0,0,0,0,20.1,14.35,25.83,6.71,20.1,14.35,5.73,-7.64
district,Sudurpaschim,Bajhang,Female,21 Year,851,0,0,0,89,0,2,0,98,224,296,1,3,138,0,0,0,0,0,0,10.69,16.22,15.12,4.91,10.69,16.22,4.43,-11.31
district,Sudurpaschim,Bajhang,Female,22 Year,1145,0,0,1,75,4,3,2,135,282,398,3,2,239,0,0,0,1,0,0,7.25,20.87,10.9,7.98,7.25,20.87,3.65,-12.89
district,Sudurpaschim,Bajhang,Female,23 Year,1001,0,0,0,52,2,1,3,130,230,349,5,4,225,0,0,0,0,0,0,5.49,22.48,7.36,8.62,5.49,22.48,1.87,-13.86
district,Sudurpaschim,Bajhang,Female,24 Year,979,0,0,0,36,7,1,3,125,217,309,12,5,264,0,0,0,0,0,0,4.49,26.97,5.84,5.7,4.49,26.97,1.35,-21.27
district,Sudurpaschim,Bajhang,Female,25 Year,1124,0,0,0,36,9,5,2,176,215,277,13,1,389,0,0,0,0,0,1,4.45,34.61,3.76,10.08,4.45,34.61,-0.69,-24.53
district,Sudurpaschim,Darchula,Total,All Ages,46952,3890,16016,10310,6084,18,108,56,2065,2883,3901,60,32,1477,0,8,1,1,0,42,77.58,3.15,80.49,2.74,74.83,3.53,5.66,-0.79
district,Sudurpaschim,Darchula,Total,5 Year,2634,2273,0,0,0,0,7,14,0,0,0,0,3,319,0,0,0,0,0,18,86.56,12.11,85.64,12.99,87.48,11.23,-1.84,1.76
district,Sudurpaschim,Darchula,Total,6 Year,2565,830,1607,0,0,2,4,2,4,0,0,1,2,108,0,0,0,0,0,5,95.24,4.21,94.79,4.51,95.7,3.91,-0.91,0.6
district,Sudurpaschim,Darchula,Total,7 Year,2430,428,1918,0,0,1,5,1,15,0,0,0,0,57,0,0,0,0,0,5,96.79,2.35,96.92,2.11,96.66,2.59,0.26,-0.48
district,Sudurpaschim,Darchula,Total,8 Year,3020,230,2702,0,0,2,5,2,17,0,0,0,1,59,0,0,0,0,0,2,97.32,1.95,97.57,1.97,97.06,1.94,0.51,0.03
district,Sudurpaschim,Darchula,Total,9 Year,2439,75,2314,0,0,1,4,0,19,0,0,0,1,23,0,0,0,0,0,2,98.15,0.94,97.86,1.11,98.47,0.76,-0.61,0.35
district,Sudurpaschim,Darchula,Total,10 Year,3367,25,2978,0,0,1,5,11,312,0,0,0,0,34,0,1,0,0,0,0,89.37,1.01,89.74,1.12,88.95,0.89,0.79,0.23
district,Sudurpaschim,Darchula,Total,11 Year,2648,11,1748,707,0,0,6,2,147,6,0,0,1,19,0,0,0,0,0,1,93.35,0.72,94.36,0.46,92.37,0.97,1.99,-0.51
district,Sudurpaschim,Darchula,Total,12 Year,3639,8,1570,1908,0,0,3,3,98,11,0,0,0,36,0,0,0,0,0,2,95.88,0.99,95.69,1.04,96.07,0.94,-0.38,0.1
district,Sudurpaschim,Darchula,Total,13 Year,3177,3,724,2352,0,0,3,4,44,22,0,0,0,25,0,0,0,0,0,0,97.01,0.79,96.17,1.17,97.8,0.43,-1.63,0.74
district,Sudurpaschim,Darchula,Total,14 Year,3388,4,347,2195,742,0,2,3,32,29,14,0,1,17,0,1,0,1,0,0,97.11,0.5,97.2,0.6,97.02,0.41,0.18,0.19
district,Sudurpaschim,Darchula,Total,15 Year,3149,1,44,1627,1306,1,15,1,60,33,24,0,0,34,0,1,0,0,0,2,95.08,1.08,94.9,1.01,95.26,1.15,-0.36,-0.14
district,Sudurpaschim,Darchula,Total,16 Year,2344,1,18,811,1318,0,11,2,62,55,40,1,1,20,0,3,0,0,0,1,92.11,0.85,92.55,1.3,91.67,0.42,0.88,0.88
district,Sudurpaschim,Darchula,Total,17 Year,1488,0,15,341,888,0,7,0,60,79,70,2,1,23,0,1,1,0,0,0,84.07,1.55,86.83,1.1,81.42,1.98,5.41,-0.88
district,Sudurpaschim,Darchula,Total,18 Year,1726,1,21,283,819,0,3,0,124,194,216,2,2,61,0,0,0,0,0,0,65.3,3.53,71.58,2.4,59.42,4.6,12.16,-2.2
district,Sudurpaschim,Darchula,Total,19 Year,923,0,10,86,343,0,7,1,88,155,195,1,2,35,0,0,0,0,0,0,48.32,3.79,58.47,3.1,39.88,4.37,18.59,-1.27
district,Sudurpaschim,Darchula,Total,20 Year,1592,0,0,0,286,0,10,0,180,432,566,11,1,105,0,0,0,0,0,1,18.59,6.6,24.26,5.29,14.75,7.48,9.51,-2.19
district,Sudurpaschim,Darchula,Total,21 Year,1020,0,0,0,123,1,2,1,96,285,448,4,3,57,0,0,0,0,0,0,12.35,5.59,13.85,5.41,11.11,5.73,2.74,-0.32
district,Sudurpaschim,Darchula,Total,22 Year,1408,0,0,0,124,2,2,2,164,436,578,8,1,90,0,0,0,0,0,1,9.09,6.39,9.56,5.12,8.76,7.3,0.8,-2.18
district,Sudurpaschim,Darchula,Total,23 Year,1189,0,0,0,64,1,0,5,154,353,518,8,4,80,0,0,0,0,0,2,5.47,6.73,6.69,3.94,4.55,8.81,2.14,-4.87
district,Sudurpaschim,Darchula,Total,24 Year,1282,0,0,0,57,1,1,1,152,387,586,8,3,86,0,0,0,0,0,0,4.6,6.71,5.38,4.82,4.04,8.08,1.34,-3.26
district,Sudurpaschim,Darchula,Total,25 Year,1524,0,0,0,14,5,6,1,237,406,646,14,5,189,0,1,0,0,0,0,1.64,12.4,1.03,7.86,2.02,15.23,-0.99,-7.37
district,Sudurpaschim,Darchula,Male,All Ages,22823,1985,8113,5081,3133,8,50,25,871,1199,1679,18,10,625,0,2,1,0,0,23,80.49,2.74,80.49,2.74,74.83,3.53,5.66,-0.79
district,Sudurpaschim,Darchula,Male,5 Year,1316,1125,0,0,0,0,2,6,0,0,0,0,2,171,0,0,0,0,0,10,85.64,12.99,85.64,12.99,87.48,11.23,-1.84,1.76
district,Sudurpaschim,Darchula,Male,6 Year,1286,439,776,0,0,2,2,1,3,0,0,1,1,58,0,0,0,0,0,3,94.79,4.51,94.79,4.51,95.7,3.91,-0.91,0.6
district,Sudurpaschim,Darchula,Male,7 Year,1232,234,955,0,0,0,5,1,7,0,0,0,0,26,0,0,0,0,0,4,96.92,2.11,96.92,2.11,96.66,2.59,0.26,-0.48
district,Sudurpaschim,Darchula,Male,8 Year,1524,122,1361,0,0,1,3,0,7,0,0,0,0,30,0,0,0,0,0,0,97.57,1.97,97.57,1.97,97.06,1.94,0.51,0.03
district,Sudurpaschim,Darchula,Male,9 Year,1262,37,1194,0,0,1,3,0,12,0,0,0,1,14,0,0,0,0,0,0,97.86,1.11,97.86,1.11,98.47,0.76,-0.61,0.35
district,Sudurpaschim,Darchula,Male,10 Year,1793,13,1591,0,0,1,4,5,158,0,0,0,0,20,0,1,0,0,0,0,89.74,1.12,89.74,1.12,88.95,0.89,0.79,0.23
district,Sudurpaschim,Darchula,Male,11 Year,1312,7,880,349,0,0,2,1,60,5,0,0,1,6,0,0,0,0,0,1,94.36,0.46,94.36,0.46,92.37,0.97,1.99,-0.51
district,Sudurpaschim,Darchula,Male,12 Year,1833,5,782,966,0,0,1,2,49,7,0,0,0,19,0,0,0,0,0,2,95.69,1.04,95.69,1.04,96.07,0.94,-0.38,0.1
district,Sudurpaschim,Darchula,Male,13 Year,1541,1,330,1151,0,0,0,2,24,15,0,0,0,18,0,0,0,0,0,0,96.17,1.17,96.17,1.17,97.8,0.43,-1.63,0.74
district,Sudurpaschim,Darchula,Male,14 Year,1677,1,187,1063,379,0,0,1,16,12,8,0,0,10,0,0,0,0,0,0,97.2,0.6,97.2,0.6,97.02,0.41,0.18,0.19
district,Sudurpaschim,Darchula,Male,15 Year,1587,1,24,797,675,1,8,1,30,22,11,0,0,16,0,0,0,0,0,1,94.9,1.01,94.9,1.01,95.26,1.15,-0.36,-0.14
district,Sudurpaschim,Darchula,Male,16 Year,1155,0,7,382,676,0,4,1,30,22,17,0,0,15,0,1,0,0,0,0,92.55,1.3,92.55,1.3,91.67,0.42,0.88,0.88
district,Sudurpaschim,Darchula,Male,17 Year,729,0,10,179,438,0,6,0,27,26,33,0,1,8,0,0,1,0,0,0,86.83,1.1,86.83,1.1,81.42,1.98,5.41,-0.88
district,Sudurpaschim,Darchula,Male,18 Year,834,0,11,148,438,0,0,0,59,72,85,1,0,20,0,0,0,0,0,0,71.58,2.4,71.58,2.4,59.42,4.6,12.16,-2.2
district,Sudurpaschim,Darchula,Male,19 Year,419,0,5,46,191,0,3,0,42,52,65,1,1,13,0,0,0,0,0,0,58.47,3.1,58.47,3.1,39.88,4.37,18.59,-1.27
district,Sudurpaschim,Darchula,Male,20 Year,643,0,0,0,153,0,3,0,67,160,223,3,0,34,0,0,0,0,0,0,24.26,5.29,24.26,5.29,14.75,7.48,9.51,-2.19
district,Sudurpaschim,Darchula,Male,21 Year,462,0,0,0,61,1,2,0,47,130,195,1,0,25,0,0,0,0,0,0,13.85,5.41,13.85,5.41,11.11,5.73,2.74,-0.32
district,Sudurpaschim,Darchula,Male,22 Year,586,0,0,0,56,0,0,1,50,194,253,1,0,30,0,0,0,0,0,1,9.56,5.12,9.56,5.12,8.76,7.3,0.8,-2.18
district,Sudurpaschim,Darchula,Male,23 Year,508,0,0,0,34,0,0,2,60,156,230,4,1,20,0,0,0,0,0,1,6.69,3.94,6.69,3.94,4.55,8.81,2.14,-4.87
district,Sudurpaschim,Darchula,Male,24 Year,539,0,0,0,29,0,0,0,57,158,265,4,0,26,0,0,0,0,0,0,5.38,4.82,5.38,4.82,4.04,8.08,1.34,-3.26
district,Sudurpaschim,Darchula,Male,25 Year,585,0,0,0,3,1,2,1,66,168,294,2,2,46,0,0,0,0,0,0,1.03,7.86,1.03,7.86,2.02,15.23,-0.99,-7.37
district,Sudurpaschim,Darchula,Female,All Ages,24129,1905,7903,5229,2951,10,58,31,1194,1684,2222,42,22,852,0,6,0,1,0,19,74.83,3.53,80.49,2.74,74.83,3.53,5.66,-0.79
district,Sudurpaschim,Darchula,Female,5 Year,1318,1148,0,0,0,0,5,8,0,0,0,0,1,148,0,0,0,0,0,8,87.48,11.23,85.64,12.99,87.48,11.23,-1.84,1.76
district,Sudurpaschim,Darchula,Female,6 Year,1279,391,831,0,0,0,2,1,1,0,0,0,1,50,0,0,0,0,0,2,95.7,3.91,94.79,4.51,95.7,3.91,-0.91,0.6
district,Sudurpaschim,Darchula,Female,7 Year,1198,194,963,0,0,1,0,0,8,0,0,0,0,31,0,0,0,0,0,1,96.66,2.59,96.92,2.11,96.66,2.59,0.26,-0.48
district,Sudurpaschim,Darchula,Female,8 Year,1496,108,1341,0,0,1,2,2,10,0,0,0,1,29,0,0,0,0,0,2,97.06,1.94,97.57,1.97,97.06,1.94,0.51,0.03
district,Sudurpaschim,Darchula,Female,9 Year,1177,38,1120,0,0,0,1,0,7,0,0,0,0,9,0,0,0,0,0,2,98.47,0.76,97.86,1.11,98.47,0.76,-0.61,0.35
district,Sudurpaschim,Darchula,Female,10 Year,1574,12,1387,0,0,0,1,6,154,0,0,0,0,14,0,0,0,0,0,0,88.95,0.89,89.74,1.12,88.95,0.89,0.79,0.23
district,Sudurpaschim,Darchula,Female,11 Year,1336,4,868,358,0,0,4,1,87,1,0,0,0,13,0,0,0,0,0,0,92.37,0.97,94.36,0.46,92.37,0.97,1.99,-0.51
district,Sudurpaschim,Darchula,Female,12 Year,1806,3,788,942,0,0,2,1,49,4,0,0,0,17,0,0,0,0,0,0,96.07,0.94,95.69,1.04,96.07,0.94,-0.38,0.1
district,Sudurpaschim,Darchula,Female,13 Year,1636,2,394,1201,0,0,3,2,20,7,0,0,0,7,0,0,0,0,0,0,97.8,0.43,96.17,1.17,97.8,0.43,-1.63,0.74
district,Sudurpaschim,Darchula,Female,14 Year,1711,3,160,1132,363,0,2,2,16,17,6,0,1,7,0,1,0,1,0,0,97.02,0.41,97.2,0.6,97.02,0.41,0.18,0.19
district,Sudurpaschim,Darchula,Female,15 Year,1562,0,20,830,631,0,7,0,30,11,13,0,0,18,0,1,0,0,0,1,95.26,1.15,94.9,1.01,95.26,1.15,-0.36,-0.14
district,Sudurpaschim,Darchula,Female,16 Year,1189,1,11,429,642,0,7,1,32,33,23,1,1,5,0,2,0,0,0,1,91.67,0.42,92.55,1.3,91.67,0.42,0.88,0.88
district,Sudurpaschim,Darchula,Female,17 Year,759,0,5,162,450,0,1,0,33,53,37,2,0,15,0,1,0,0,0,0,81.42,1.98,86.83,1.1,81.42,1.98,5.41,-0.88
district,Sudurpaschim,Darchula,Female,18 Year,892,1,10,135,381,0,3,0,65,122,131,1,2,41,0,0,0,0,0,0,59.42,4.6,71.58,2.4,59.42,4.6,12.16,-2.2
district,Sudurpaschim,Darchula,Female,19 Year,504,0,5,40,152,0,4,1,46,103,130,0,1,22,0,0,0,0,0,0,39.88,4.37,58.47,3.1,39.88,4.37,18.59,-1.27
district,Sudurpaschim,Darchula,Female,20 Year,949,0,0,0,133,0,7,0,113,272,343,8,1,71,0,0,0,0,0,1,14.75,7.48,24.26,5.29,14.75,7.48,9.51,-2.19
district,Sudurpaschim,Darchula,Female,21 Year,558,0,0,0,62,0,0,1,49,155,253,3,3,32,0,0,0,0,0,0,11.11,5.73,13.85,5.41,11.11,5.73,2.74,-0.32
district,Sudurpaschim,Darchula,Female,22 Year,822,0,0,0,68,2,2,1,114,242,325,7,1,60,0,0,0,0,0,0,8.76,7.3,9.56,5.12,8.76,7.3,0.8,-2.18
district,Sudurpaschim,Darchula,Female,23 Year,681,0,0,0,30,1,0,3,94,197,288,4,3,60,0,0,0,0,0,1,4.55,8.81,6.69,3.94,4.55,8.81,2.14,-4.87
district,Sudurpaschim,Darchula,Female,24 Year,743,0,0,0,28,1,1,1,95,229,321,4,3,60,0,0,0,0,0,0,4.04,8.08,5.38,4.82,4.04,8.08,1.34,-3.26
district,Sudurpaschim,Darchula,Female,25 Year,939,0,0,0,11,4,4,0,171,238,352,12,3,143,0,1,0,0,0,0,2.02,15.23,1.03,7.86,2.02,15.23,-0.99,-7.37
district,Sudurpaschim,Baitadi,Total,All Ages,88486,6118,31463,19450,12448,48,300,69,3582,4241,7406,98,78,3041,1,24,1,3,0,115,78.91,3.44,82.74,2.7,75.39,4.12,7.35,-1.42
district,Sudurpaschim,Baitadi,Total,5 Year,4942,4105,0,0,0,3,38,14,0,0,0,1,6,723,0,0,0,0,0,52,83.89,14.63,84.37,14.29,83.38,14.99,0.99,-0.7
district,Sudurpaschim,Baitadi,Total,6 Year,4901,1173,3281,0,0,3,36,2,18,0,0,2,4,349,1,1,0,0,0,31,91.68,7.12,92.06,6.94,91.27,7.31,0.79,-0.37
district,Sudurpaschim,Baitadi,Total,7 Year,4367,430,3678,0,0,0,22,2,24,0,0,0,0,204,0,1,0,0,0,6,94.57,4.67,95.08,4.29,94.04,5.07,1.04,-0.78
district,Sudurpaschim,Baitadi,Total,8 Year,5704,253,5198,0,0,1,26,1,28,0,0,0,3,183,0,1,0,0,0,10,96.04,3.21,96.02,3.12,96.06,3.3,-0.04,-0.18
district,Sudurpaschim,Baitadi,Total,9 Year,4792,85,4557,0,0,1,32,1,43,0,0,0,2,67,0,1,0,0,0,3,97.56,1.4,97.62,1.31,97.5,1.48,0.12,-0.17
district,Sudurpaschim,Baitadi,Total,10 Year,6828,39,6085,0,0,0,27,10,597,0,0,0,1,66,0,0,0,0,0,3,90.08,0.97,90.8,0.86,89.34,1.07,1.46,-0.21
district,Sudurpaschim,Baitadi,Total,11 Year,4807,10,3173,1335,0,1,13,7,221,9,0,0,2,34,0,2,0,0,0,0,94.28,0.71,94.57,0.65,93.97,0.77,0.6,-0.12
district,Sudurpaschim,Baitadi,Total,12 Year,7009,10,2959,3730,0,1,20,3,195,34,0,1,2,54,0,0,0,0,0,0,95.88,0.77,96.21,0.59,95.53,0.96,0.68,-0.37
district,Sudurpaschim,Baitadi,Total,13 Year,5949,3,1362,4400,0,1,14,4,98,32,0,0,2,32,0,1,0,0,0,0,97.16,0.54,97.43,0.37,96.89,0.7,0.54,-0.33
district,Sudurpaschim,Baitadi,Total,14 Year,6398,1,763,4090,1343,1,9,1,73,50,20,2,2,36,0,3,0,0,0,4,97.01,0.56,96.89,0.32,97.13,0.8,-0.24,-0.48
district,Sudurpaschim,Baitadi,Total,15 Year,5866,3,167,2838,2566,1,16,1,139,48,33,1,3,45,0,3,0,1,0,1,95.31,0.77,95.18,0.66,95.44,0.87,-0.26,-0.21
district,Sudurpaschim,Baitadi,Total,16 Year,4751,1,97,1676,2680,0,10,2,90,75,71,0,0,45,0,3,0,1,0,0,93.96,0.95,93.92,1.26,93.99,0.67,-0.07,0.59
district,Sudurpaschim,Baitadi,Total,17 Year,2915,2,54,719,1768,0,10,3,75,116,132,1,1,32,0,1,0,0,0,1,87.58,1.1,88.35,1.08,86.89,1.11,1.46,-0.03
district,Sudurpaschim,Baitadi,Total,18 Year,3266,2,59,492,1797,3,3,2,156,268,408,3,1,68,0,3,0,0,0,1,72.14,2.08,76.72,1.52,68.19,2.57,8.53,-1.05
district,Sudurpaschim,Baitadi,Total,19 Year,1682,1,30,170,683,0,5,0,106,226,407,4,3,43,0,2,0,0,0,2,52.85,2.56,60.21,1.86,46.88,3.12,13.33,-1.26
district,Sudurpaschim,Baitadi,Total,20 Year,2928,0,0,0,664,3,7,3,267,655,1145,17,5,161,0,0,1,0,0,0,23.02,5.5,28.86,2.65,19.53,7.2,9.33,-4.55
district,Sudurpaschim,Baitadi,Total,21 Year,1797,0,0,0,280,4,1,2,163,434,822,6,2,83,0,0,0,0,0,0,15.86,4.62,21.19,3.11,12.66,5.53,8.53,-2.42
district,Sudurpaschim,Baitadi,Total,22 Year,2561,0,0,0,285,2,2,2,276,614,1178,13,7,181,0,1,0,0,0,0,11.28,7.07,14.58,3.23,9.1,9.62,5.48,-6.39
district,Sudurpaschim,Baitadi,Total,23 Year,1952,0,0,0,128,3,2,1,240,496,930,7,12,133,0,0,0,0,0,0,6.81,6.81,9.57,4.0,5.27,8.39,4.3,-4.39
district,Sudurpaschim,Baitadi,Total,24 Year,2359,0,0,0,144,10,3,3,330,567,1068,21,12,200,0,0,0,0,0,1,6.66,8.48,7.53,4.45,6.14,10.86,1.39,-6.41
district,Sudurpaschim,Baitadi,Total,25 Year,2712,0,0,0,110,10,4,5,443,617,1192,19,8,302,0,1,0,1,0,0,4.57,11.14,5.14,4.95,4.23,14.81,0.91,-9.86
district,Sudurpaschim,Baitadi,Male,All Ages,42414,3242,15841,9703,6134,14,160,28,1387,1670,2964,32,27,1144,0,11,0,2,0,55,82.74,2.7,82.74,2.7,75.39,4.12,7.35,-1.42
district,Sudurpaschim,Baitadi,Male,5 Year,2547,2127,0,0,0,2,20,5,0,0,0,0,4,364,0,0,0,0,0,25,84.37,14.29,84.37,14.29,83.38,14.99,0.99,-0.7
district,Sudurpaschim,Baitadi,Male,6 Year,2507,640,1650,0,0,1,17,1,9,0,0,0,2,174,0,0,0,0,0,13,92.06,6.94,92.06,6.94,91.27,7.31,0.79,-0.37
district,Sudurpaschim,Baitadi,Male,7 Year,2236,240,1877,0,0,0,9,0,12,0,0,0,0,96,0,0,0,0,0,2,95.08,4.29,95.08,4.29,94.04,5.07,1.04,-0.78
district,Sudurpaschim,Baitadi,Male,8 Year,2914,145,2640,0,0,1,12,1,13,0,0,0,2,91,0,1,0,0,0,8,96.02,3.12,96.02,3.12,96.06,3.3,-0.04,-0.18
district,Sudurpaschim,Baitadi,Male,9 Year,2434,47,2311,0,0,0,18,0,23,0,0,0,1,32,0,0,0,0,0,2,97.62,1.31,97.62,1.31,97.5,1.48,0.12,-0.17
district,Sudurpaschim,Baitadi,Male,10 Year,3478,25,3117,0,0,0,16,3,287,0,0,0,0,30,0,0,0,0,0,0,90.8,0.86,90.8,0.86,89.34,1.07,1.46,-0.21
district,Sudurpaschim,Baitadi,Male,11 Year,2468,6,1618,699,0,1,10,5,108,2,0,0,1,16,0,2,0,0,0,0,94.57,0.65,94.57,0.65,93.97,0.77,0.6,-0.12
district,Sudurpaschim,Baitadi,Male,12 Year,3585,3,1479,1958,0,0,9,3,93,17,0,1,1,21,0,0,0,0,0,0,96.21,0.59,96.21,0.59,95.53,0.96,0.68,-0.37
district,Sudurpaschim,Baitadi,Male,13 Year,2955,3,611,2258,0,1,6,0,47,16,0,0,1,11,0,1,0,0,0,0,97.43,0.37,97.43,0.37,96.89,0.7,0.54,-0.33
district,Sudurpaschim,Baitadi,Male,14 Year,3153,1,333,2032,682,1,6,0,35,30,17,1,0,10,0,3,0,0,0,2,96.89,0.32,96.89,0.32,97.13,0.8,-0.24,-0.48
district,Sudurpaschim,Baitadi,Male,15 Year,2881,3,86,1347,1294,0,12,1,72,25,16,1,2,19,0,1,0,1,0,1,95.18,0.66,95.18,0.66,95.44,0.87,-0.26,-0.21
district,Sudurpaschim,Baitadi,Male,16 Year,2220,0,46,746,1287,0,6,2,38,30,36,0,0,28,0,1,0,0,0,0,93.92,1.26,93.92,1.26,93.99,0.67,-0.07,0.59
district,Sudurpaschim,Baitadi,Male,17 Year,1390,1,25,326,870,0,6,2,31,55,58,0,0,15,0,0,0,0,0,1,88.35,1.08,88.35,1.08,86.89,1.11,1.46,-0.03
district,Sudurpaschim,Baitadi,Male,18 Year,1512,1,33,252,871,2,1,0,60,100,166,1,1,23,0,1,0,0,0,0,76.72,1.52,76.72,1.52,68.19,2.57,8.53,-1.05
district,Sudurpaschim,Baitadi,Male,19 Year,754,0,15,85,351,0,3,0,41,84,157,2,0,14,0,1,0,0,0,1,60.21,1.86,60.21,1.86,46.88,3.12,13.33,-1.26
district,Sudurpaschim,Baitadi,Male,20 Year,1095,0,0,0,309,2,5,1,86,235,418,8,2,29,0,0,0,0,0,0,28.86,2.65,28.86,2.65,19.53,7.2,9.33,-4.55
district,Sudurpaschim,Baitadi,Male,21 Year,675,0,0,0,143,0,0,1,50,166,292,2,0,21,0,0,0,0,0,0,21.19,3.11,21.19,3.11,12.66,5.53,8.53,-2.42
district,Sudurpaschim,Baitadi,Male,22 Year,1022,0,0,0,147,1,1,0,84,246,502,5,3,33,0,0,0,0,0,0,14.58,3.23,14.58,3.23,9.1,9.62,5.48,-6.39
district,Sudurpaschim,Baitadi,Male,23 Year,700,0,0,0,66,0,1,0,64,187,353,0,1,28,0,0,0,0,0,0,9.57,4.0,9.57,4.0,5.27,8.39,4.3,-4.39
district,Sudurpaschim,Baitadi,Male,24 Year,877,0,0,0,65,1,0,1,97,226,439,7,2,39,0,0,0,0,0,0,7.53,4.45,7.53,4.45,6.14,10.86,1.39,-6.41
district,Sudurpaschim,Baitadi,Male,25 Year,1011,0,0,0,49,1,2,2,137,251,510,4,4,50,0,0,0,1,0,0,5.14,4.95,5.14,4.95,4.23,14.81,0.91,-9.86
district,Sudurpaschim,Baitadi,Female,All Ages,46072,2876,15622,9747,6314,34,140,41,2195,2571,4442,66,51,1897,1,13,1,1,0,60,75.39,4.12,82.74,2.7,75.39,4.12,7.35,-1.42
district,Sudurpaschim,Baitadi,Female,5 Year,2395,1978,0,0,0,1,18,9,0,0,0,1,2,359,0,0,0,0,0,27,83.38,14.99,84.37,14.29,83.38,14.99,0.99,-0.7
district,Sudurpaschim,Baitadi,Female,6 Year,2394,533,1631,0,0,2,19,1,9,0,0,2,2,175,1,1,0,0,0,18,91.27,7.31,92.06,6.94,91.27,7.31,0.79,-0.37
district,Sudurpaschim,Baitadi,Female,7 Year,2131,190,1801,0,0,0,13,2,12,0,0,0,0,108,0,1,0,0,0,4,94.04,5.07,95.08,4.29,94.04,5.07,1.04,-0.78
district,Sudurpaschim,Baitadi,Female,8 Year,2790,108,2558,0,0,0,14,0,15,0,0,0,1,92,0,0,0,0,0,2,96.06,3.3,96.02,3.12,96.06,3.3,-0.04,-0.18
district,Sudurpaschim,Baitadi,Female,9 Year,2358,38,2246,0,0,1,14,1,20,0,0,0,1,35,0,1,0,0,0,1,97.5,1.48,97.62,1.31,97.5,1.48,0.12,-0.17
district,Sudurpaschim,Baitadi,Female,10 Year,3350,14,2968,0,0,0,11,7,310,0,0,0,1,36,0,0,0,0,0,3,89.34,1.07,90.8,0.86,89.34,1.07,1.46,-0.21
district,Sudurpaschim,Baitadi,Female,11 Year,2339,4,1555,636,0,0,3,2,113,7,0,0,1,18,0,0,0,0,0,0,93.97,0.77,94.57,0.65,93.97,0.77,0.6,-0.12
district,Sudurpaschim,Baitadi,Female,12 Year,3424,7,1480,1772,0,1,11,0,102,17,0,0,1,33,0,0,0,0,0,0,95.53,0.96,96.21,0.59,95.53,0.96,0.68,-0.37
district,Sudurpaschim,Baitadi,Female,13 Year,2994,0,751,2142,0,0,8,4,51,16,0,0,1,21,0,0,0,0,0,0,96.89,0.7,97.43,0.37,96.89,0.7,0.54,-0.33
district,Sudurpaschim,Baitadi,Female,14 Year,3245,0,430,2058,661,0,3,1,38,20,3,1,2,26,0,0,0,0,0,2,97.13,0.8,96.89,0.32,97.13,0.8,-0.24,-0.48
district,Sudurpaschim,Baitadi,Female,15 Year,2985,0,81,1491,1272,1,4,0,67,23,17,0,1,26,0,2,0,0,0,0,95.44,0.87,95.18,0.66,95.44,0.87,-0.26,-0.21
district,Sudurpaschim,Baitadi,Female,16 Year,2531,1,51,930,1393,0,4,0,52,45,35,0,0,17,0,2,0,1,0,0,93.99,0.67,93.92,1.26,93.99,0.67,-0.07,0.59
district,Sudurpaschim,Baitadi,Female,17 Year,1525,1,29,393,898,0,4,1,44,61,74,1,1,17,0,1,0,0,0,0,86.89,1.11,88.35,1.08,86.89,1.11,1.46,-0.03
district,Sudurpaschim,Baitadi,Female,18 Year,1754,1,26,240,926,1,2,2,96,168,242,2,0,45,0,2,0,0,0,1,68.19,2.57,76.72,1.52,68.19,2.57,8.53,-1.05
district,Sudurpaschim,Baitadi,Female,19 Year,928,1,15,85,332,0,2,0,65,142,250,2,3,29,0,1,0,0,0,1,46.88,3.12,60.21,1.86,46.88,3.12,13.33,-1.26
district,Sudurpaschim,Baitadi,Female,20 Year,1833,0,0,0,355,1,2,2,181,420,727,9,3,132,0,0,1,0,0,0,19.53,7.2,28.86,2.65,19.53,7.2,9.33,-4.55
district,Sudurpaschim,Baitadi,Female,21 Year,1122,0,0,0,137,4,1,1,113,268,530,4,2,62,0,0,0,0,0,0,12.66,5.53,21.19,3.11,12.66,5.53,8.53,-2.42
district,Sudurpaschim,Baitadi,Female,22 Year,1539,0,0,0,138,1,1,2,192,368,676,8,4,148,0,1,0,0,0,0,9.1,9.62,14.58,3.23,9.1,9.62,5.48,-6.39
district,Sudurpaschim,Baitadi,Female,23 Year,1252,0,0,0,62,3,1,1,176,309,577,7,11,105,0,0,0,0,0,0,5.27,8.39,9.57,4.0,5.27,8.39,4.3,-4.39
district,Sudurpaschim,Baitadi,Female,24 Year,1482,0,0,0,79,9,3,2,233,341,629,14,10,161,0,0,0,0,0,1,6.14,10.86,7.53,4.45,6.14,10.86,1.39,-6.41
district,Sudurpaschim,Baitadi,Female,25 Year,1701,0,0,0,61,9,2,3,306,366,682,15,4,252,0,1,0,0,0,0,4.23,14.81,5.14,4.95,4.23,14.81,0.91,-9.86
district,Sudurpaschim,Dadeldhura,Total,All Ages,50895,3878,17475,10900,6061,13,55,44,2690,4207,4172,58,28,1257,0,10,0,2,0,45,75.41,2.47,79.44,2.08,71.62,2.84,7.82,-0.76
district,Sudurpaschim,Dadeldhura,Total,5 Year,2744,2376,0,0,0,0,2,13,0,0,0,1,1,325,0,0,0,0,0,26,86.66,11.84,86.42,11.62,86.92,12.09,-0.5,-0.47
district,Sudurpaschim,Dadeldhura,Total,6 Year,2776,894,1731,0,0,1,5,1,13,0,0,1,4,117,0,0,0,0,0,9,94.78,4.21,94.71,4.25,94.86,4.17,-0.15,0.08
district,Sudurpaschim,Dadeldhura,Total,7 Year,2648,389,2172,0,0,1,5,1,28,0,0,0,0,51,0,0,0,0,0,1,96.94,1.93,96.75,1.81,97.15,2.06,-0.4,-0.25
district,Sudurpaschim,Dadeldhura,Total,8 Year,3186,163,2937,0,0,1,2,0,29,0,0,0,1,52,0,0,0,0,0,1,97.39,1.63,97.69,1.4,97.07,1.89,0.62,-0.49
district,Sudurpaschim,Dadeldhura,Total,9 Year,2778,36,2676,0,0,0,7,1,36,0,0,1,0,19,0,0,0,0,0,2,97.88,0.68,97.99,0.56,97.76,0.82,0.23,-0.26
district,Sudurpaschim,Dadeldhura,Total,10 Year,3359,7,3006,0,0,0,2,4,309,0,0,0,1,30,0,0,0,0,0,0,89.76,0.89,90.3,1.05,89.19,0.73,1.11,0.32
district,Sudurpaschim,Dadeldhura,Total,11 Year,2736,2,1867,689,0,0,1,2,143,9,0,0,0,22,0,0,0,0,0,1,93.53,0.8,93.04,1.21,94.05,0.38,-1.01,0.83
district,Sudurpaschim,Dadeldhura,Total,12 Year,3697,4,1676,1865,0,0,1,2,106,27,0,1,2,13,0,0,0,0,0,0,95.92,0.35,96.09,0.48,95.73,0.22,0.36,0.26
district,Sudurpaschim,Dadeldhura,Total,13 Year,3255,1,773,2384,0,0,3,1,50,31,0,1,0,9,0,1,0,0,0,1,97.11,0.28,97.32,0.37,96.91,0.19,0.41,0.18
district,Sudurpaschim,Dadeldhura,Total,14 Year,3591,2,384,2392,660,0,2,2,51,46,18,1,0,29,0,2,0,0,0,2,95.8,0.81,95.62,0.71,95.98,0.91,-0.36,-0.2
district,Sudurpaschim,Dadeldhura,Total,15 Year,3373,1,100,1763,1256,0,4,3,120,69,28,0,0,25,0,1,0,1,0,2,92.62,0.74,92.61,0.72,92.63,0.77,-0.02,-0.05
district,Sudurpaschim,Dadeldhura,Total,16 Year,2624,3,55,934,1328,0,0,2,100,113,63,3,0,21,0,2,0,0,0,0,88.41,0.8,88.91,0.62,87.93,0.98,0.98,-0.36
district,Sudurpaschim,Dadeldhura,Total,17 Year,1852,0,41,443,1003,0,3,0,88,164,91,2,0,17,0,0,0,0,0,0,80.45,0.92,82.04,0.8,79.04,1.02,3.0,-0.22
district,Sudurpaschim,Dadeldhura,Total,18 Year,1923,0,34,313,815,0,5,2,137,321,256,2,1,34,0,2,0,1,0,0,60.69,1.77,62.95,1.54,58.93,1.94,4.02,-0.4
district,Sudurpaschim,Dadeldhura,Total,19 Year,1180,0,22,117,320,0,2,1,95,319,272,0,1,31,0,0,0,0,0,0,39.07,2.63,44.87,2.32,34.54,2.87,10.33,-0.55
district,Sudurpaschim,Dadeldhura,Total,20 Year,1788,0,0,0,293,1,2,2,234,601,577,6,3,68,0,1,0,0,0,0,16.55,3.8,22.57,2.68,12.6,4.54,9.97,-1.86
district,Sudurpaschim,Dadeldhura,Total,21 Year,1220,0,0,0,128,2,0,2,154,437,437,4,2,53,0,1,0,0,0,0,10.66,4.34,14.77,3.99,7.79,4.59,6.98,-0.6
district,Sudurpaschim,Dadeldhura,Total,22 Year,1574,0,0,0,95,3,1,2,235,561,605,7,5,60,0,0,0,0,0,0,6.29,3.81,9.26,2.4,4.54,4.64,4.72,-2.24
district,Sudurpaschim,Dadeldhura,Total,23 Year,1472,0,0,0,66,0,1,2,238,516,556,6,2,85,0,0,0,0,0,0,4.55,5.77,5.48,3.66,4.0,7.03,1.48,-3.37
district,Sudurpaschim,Dadeldhura,Total,24 Year,1541,0,0,0,63,1,3,1,236,495,662,12,1,67,0,0,0,0,0,0,4.35,4.35,4.65,2.41,4.14,5.66,0.51,-3.25
district,Sudurpaschim,Dadeldhura,Total,25 Year,1578,0,1,0,34,3,4,0,288,498,607,10,4,129,0,0,0,0,0,0,2.66,8.17,3.59,3.76,2.07,10.97,1.52,-7.21
district,Sudurpaschim,Dadeldhura,Male,All Ages,24695,2088,9039,5498,2969,2,22,24,1114,1722,1639,23,15,513,0,5,0,1,0,21,79.44,2.08,79.44,2.08,71.62,2.84,7.82,-0.76
district,Sudurpaschim,Dadeldhura,Male,5 Year,1429,1234,0,0,0,0,1,10,0,0,0,1,1,166,0,0,0,0,0,16,86.42,11.62,86.42,11.62,86.92,12.09,-0.5,-0.47
district,Sudurpaschim,Dadeldhura,Male,6 Year,1530,514,934,0,0,0,1,0,11,0,0,0,3,65,0,0,0,0,0,2,94.71,4.25,94.71,4.25,94.86,4.17,-0.15,0.08
district,Sudurpaschim,Dadeldhura,Male,7 Year,1385,218,1120,0,0,0,2,1,19,0,0,0,0,25,0,0,0,0,0,0,96.75,1.81,96.75,1.81,97.15,2.06,-0.4,-0.25
district,Sudurpaschim,Dadeldhura,Male,8 Year,1648,90,1519,0,0,0,1,0,15,0,0,0,0,23,0,0,0,0,0,0,97.69,1.4,97.69,1.4,97.07,1.89,0.62,-0.49
district,Sudurpaschim,Dadeldhura,Male,9 Year,1441,21,1387,0,0,0,4,0,19,0,0,1,0,8,0,0,0,0,0,1,97.99,0.56,97.99,0.56,97.76,0.82,0.23,-0.26
district,Sudurpaschim,Dadeldhura,Male,10 Year,1712,4,1542,0,0,0,0,0,147,0,0,0,1,18,0,0,0,0,0,0,90.3,1.05,90.3,1.05,89.19,0.73,1.11,0.32
district,Sudurpaschim,Dadeldhura,Male,11 Year,1409,0,960,351,0,0,0,1,75,4,0,0,0,17,0,0,0,0,0,1,93.04,1.21,93.04,1.21,94.05,0.38,-1.01,0.83
district,Sudurpaschim,Dadeldhura,Male,12 Year,1893,3,872,944,0,0,0,1,50,13,0,0,1,9,0,0,0,0,0,0,96.09,0.48,96.09,0.48,95.73,0.22,0.36,0.26
district,Sudurpaschim,Dadeldhura,Male,13 Year,1639,1,399,1193,0,0,2,0,25,12,0,0,0,6,0,0,0,0,0,1,97.32,0.37,97.32,0.37,96.91,0.19,0.41,0.18
district,Sudurpaschim,Dadeldhura,Male,14 Year,1826,1,187,1223,334,0,1,1,29,26,9,0,0,13,0,2,0,0,0,0,95.62,0.71,95.62,0.71,95.98,0.91,-0.36,-0.2
district,Sudurpaschim,Dadeldhura,Male,15 Year,1677,1,42,892,616,0,2,2,53,41,14,0,0,12,0,1,0,1,0,0,92.61,0.72,92.61,0.72,92.63,0.77,-0.02,-0.05
district,Sudurpaschim,Dadeldhura,Male,16 Year,1298,1,32,474,647,0,0,1,52,45,36,1,0,8,0,1,0,0,0,0,88.91,0.62,88.91,0.62,87.93,0.98,0.98,-0.36
district,Sudurpaschim,Dadeldhura,Male,17 Year,874,0,23,213,479,0,2,0,33,80,36,1,0,7,0,0,0,0,0,0,82.04,0.8,82.04,0.8,79.04,1.02,3.0,-0.22
district,Sudurpaschim,Dadeldhura,Male,18 Year,842,0,10,150,368,0,2,1,70,132,94,1,0,13,0,1,0,0,0,0,62.95,1.54,62.95,1.54,58.93,1.94,4.02,-0.4
district,Sudurpaschim,Dadeldhura,Male,19 Year,517,0,11,58,162,0,1,1,33,145,93,0,1,12,0,0,0,0,0,0,44.87,2.32,44.87,2.32,34.54,2.87,10.33,-0.55
district,Sudurpaschim,Dadeldhura,Male,20 Year,709,0,0,0,160,0,0,2,80,228,215,5,0,19,0,0,0,0,0,0,22.57,2.68,22.57,2.68,12.6,4.54,9.97,-1.86
district,Sudurpaschim,Dadeldhura,Male,21 Year,501,0,0,0,74,0,0,1,59,178,168,0,1,20,0,0,0,0,0,0,14.77,3.99,14.77,3.99,7.79,4.59,6.98,-0.6
district,Sudurpaschim,Dadeldhura,Male,22 Year,583,0,0,0,53,1,0,0,73,219,216,2,5,14,0,0,0,0,0,0,9.26,2.4,9.26,2.4,4.54,4.64,4.72,-2.24
district,Sudurpaschim,Dadeldhura,Male,23 Year,547,0,0,0,30,0,0,1,84,198,213,1,0,20,0,0,0,0,0,0,5.48,3.66,5.48,3.66,4.0,7.03,1.48,-3.37
district,Sudurpaschim,Dadeldhura,Male,24 Year,623,0,0,0,27,0,2,1,78,210,286,4,0,15,0,0,0,0,0,0,4.65,2.41,4.65,2.41,4.14,5.66,0.51,-3.25
district,Sudurpaschim,Dadeldhura,Male,25 Year,612,0,1,0,19,1,1,0,109,191,259,6,2,23,0,0,0,0,0,0,3.59,3.76,3.59,3.76,2.07,10.97,1.52,-7.21
district,Sudurpaschim,Dadeldhura,Female,All Ages,26200,1790,8436,5402,3092,11,33,20,1576,2485,2533,35,13,744,0,5,0,1,0,24,71.62,2.84,79.44,2.08,71.62,2.84,7.82,-0.76
district,Sudurpaschim,Dadeldhura,Female,5 Year,1315,1142,0,0,0,0,1,3,0,0,0,0,0,159,0,0,0,0,0,10,86.92,12.09,86.42,11.62,86.92,12.09,-0.5,-0.47
district,Sudurpaschim,Dadeldhura,Female,6 Year,1246,380,797,0,0,1,4,1,2,0,0,1,1,52,0,0,0,0,0,7,94.86,4.17,94.71,4.25,94.86,4.17,-0.15,0.08
district,Sudurpaschim,Dadeldhura,Female,7 Year,1263,171,1052,0,0,1,3,0,9,0,0,0,0,26,0,0,0,0,0,1,97.15,2.06,96.75,1.81,97.15,2.06,-0.4,-0.25
district,Sudurpaschim,Dadeldhura,Female,8 Year,1538,73,1418,0,0,1,1,0,14,0,0,0,1,29,0,0,0,0,0,1,97.07,1.89,97.69,1.4,97.07,1.89,0.62,-0.49
district,Sudurpaschim,Dadeldhura,Female,9 Year,1337,15,1289,0,0,0,3,1,17,0,0,0,0,11,0,0,0,0,0,1,97.76,0.82,97.99,0.56,97.76,0.82,0.23,-0.26
district,Sudurpaschim,Dadeldhura,Female,10 Year,1647,3,1464,0,0,0,2,4,162,0,0,0,0,12,0,0,0,0,0,0,89.19,0.73,90.3,1.05,89.19,0.73,1.11,0.32
district,Sudurpaschim,Dadeldhura,Female,11 Year,1327,2,907,338,0,0,1,1,68,5,0,0,0,5,0,0,0,0,0,0,94.05,0.38,93.04,1.21,94.05,0.38,-1.01,0.83
district,Sudurpaschim,Dadeldhura,Female,12 Year,1804,1,804,921,0,0,1,1,56,14,0,1,1,4,0,0,0,0,0,0,95.73,0.22,96.09,0.48,95.73,0.22,0.36,0.26
district,Sudurpaschim,Dadeldhura,Female,13 Year,1616,0,374,1191,0,0,1,1,25,19,0,1,0,3,0,1,0,0,0,0,96.91,0.19,97.32,0.37,96.91,0.19,0.41,0.18
district,Sudurpaschim,Dadeldhura,Female,14 Year,1765,1,197,1169,326,0,1,1,22,20,9,1,0,16,0,0,0,0,0,2,95.98,0.91,95.62,0.71,95.98,0.91,-0.36,-0.2
district,Sudurpaschim,Dadeldhura,Female,15 Year,1696,0,58,871,640,0,2,1,67,28,14,0,0,13,0,0,0,0,0,2,92.63,0.77,92.61,0.72,92.63,0.77,-0.02,-0.05
district,Sudurpaschim,Dadeldhura,Female,16 Year,1326,2,23,460,681,0,0,1,48,68,27,2,0,13,0,1,0,0,0,0,87.93,0.98,88.91,0.62,87.93,0.98,0.98,-0.36
district,Sudurpaschim,Dadeldhura,Female,17 Year,978,0,18,230,524,0,1,0,55,84,55,1,0,10,0,0,0,0,0,0,79.04,1.02,82.04,0.8,79.04,1.02,3.0,-0.22
district,Sudurpaschim,Dadeldhura,Female,18 Year,1081,0,24,163,447,0,3,1,67,189,162,1,1,21,0,1,0,1,0,0,58.93,1.94,62.95,1.54,58.93,1.94,4.02,-0.4
district,Sudurpaschim,Dadeldhura,Female,19 Year,663,0,11,59,158,0,1,0,62,174,179,0,0,19,0,0,0,0,0,0,34.54,2.87,44.87,2.32,34.54,2.87,10.33,-0.55
district,Sudurpaschim,Dadeldhura,Female,20 Year,1079,0,0,0,133,1,2,0,154,373,362,1,3,49,0,1,0,0,0,0,12.6,4.54,22.57,2.68,12.6,4.54,9.97,-1.86
district,Sudurpaschim,Dadeldhura,Female,21 Year,719,0,0,0,54,2,0,1,95,259,269,4,1,33,0,1,0,0,0,0,7.79,4.59,14.77,3.99,7.79,4.59,6.98,-0.6
district,Sudurpaschim,Dadeldhura,Female,22 Year,991,0,0,0,42,2,1,2,162,342,389,5,0,46,0,0,0,0,0,0,4.54,4.64,9.26,2.4,4.54,4.64,4.72,-2.24
district,Sudurpaschim,Dadeldhura,Female,23 Year,925,0,0,0,36,0,1,1,154,318,343,5,2,65,0,0,0,0,0,0,4.0,7.03,5.48,3.66,4.0,7.03,1.48,-3.37
district,Sudurpaschim,Dadeldhura,Female,24 Year,918,0,0,0,36,1,1,0,158,285,376,8,1,52,0,0,0,0,0,0,4.14,5.66,4.65,2.41,4.14,5.66,0.51,-3.25
district,Sudurpaschim,Dadeldhura,Female,25 Year,966,0,0,0,15,2,3,0,179,307,348,4,2,106,0,0,0,0,0,0,2.07,10.97,3.59,3.76,2.07,10.97,1.52,-7.21
district,Sudurpaschim,Doti,Total,All Ages,85411,7038,30989,17066,8425,42,213,94,5808,5502,4411,101,68,5580,1,11,1,1,0,60,74.67,6.53,79.75,4.81,70.14,8.07,9.61,-3.26
district,Sudurpaschim,Doti,Total,5 Year,4988,3934,0,0,0,1,31,18,0,0,0,1,5,964,1,0,0,0,0,33,79.51,19.33,79.89,19.03,79.09,19.65,0.8,-0.62
district,Sudurpaschim,Doti,Total,6 Year,4987,1610,2749,0,0,2,22,5,16,0,0,2,2,569,0,2,0,0,0,8,87.89,11.41,88.16,11.33,87.6,11.49,0.56,-0.16
district,Sudurpaschim,Doti,Total,7 Year,4714,819,3530,0,0,1,14,4,18,0,0,1,1,321,0,0,0,0,0,5,92.58,6.81,93.35,6.1,91.79,7.53,1.56,-1.43
district,Sudurpaschim,Doti,Total,8 Year,5284,442,4569,0,0,3,13,1,22,0,0,0,1,228,0,0,0,0,0,5,95.14,4.31,95.47,4.02,94.77,4.63,0.7,-0.61
district,Sudurpaschim,Doti,Total,9 Year,4756,153,4405,0,0,3,23,1,40,0,0,1,4,126,0,0,0,0,0,0,96.38,2.65,96.25,2.76,96.52,2.54,-0.27,0.22
district,Sudurpaschim,Doti,Total,10 Year,5980,41,5084,0,0,2,17,22,675,0,0,1,1,135,0,0,0,0,0,2,86.02,2.26,86.24,2.07,85.8,2.45,0.44,-0.38
district,Sudurpaschim,Doti,Total,11 Year,4705,21,3483,789,0,1,6,8,327,5,0,0,0,65,0,0,0,0,0,0,91.39,1.38,92.04,1.33,90.71,1.44,1.33,-0.11
district,Sudurpaschim,Doti,Total,12 Year,6472,3,3573,2456,0,1,3,7,276,23,0,1,0,127,0,0,0,0,0,2,93.26,1.96,92.93,2.02,93.63,1.9,-0.7,0.12
district,Sudurpaschim,Doti,Total,13 Year,5371,5,1926,3160,0,0,9,4,139,35,0,1,1,91,0,0,0,0,0,0,94.95,1.69,94.79,1.71,95.12,1.68,-0.33,0.03
district,Sudurpaschim,Doti,Total,14 Year,5657,2,1045,3635,682,1,9,3,125,50,4,2,0,94,0,2,0,0,0,3,95.0,1.66,96.0,1.08,93.97,2.26,2.03,-1.18
district,Sudurpaschim,Doti,Total,15 Year,5571,3,283,3242,1497,0,21,6,289,79,30,5,0,115,0,1,0,0,0,0,90.58,2.06,92.42,1.37,88.85,2.71,3.57,-1.34
district,Sudurpaschim,Doti,Total,16 Year,4500,2,153,1961,1821,3,10,2,247,126,47,4,3,118,0,2,0,0,0,1,87.78,2.62,89.89,1.79,85.88,3.37,4.01,-1.58
district,Sudurpaschim,Doti,Total,17 Year,2997,0,77,907,1386,0,8,3,200,186,90,3,1,133,0,3,0,0,0,0,79.35,4.44,82.63,3.32,76.85,5.29,5.78,-1.97
district,Sudurpaschim,Doti,Total,18 Year,3434,3,62,680,1382,1,9,1,365,438,251,6,4,232,0,0,0,0,0,0,62.23,6.76,66.95,4.38,58.84,8.46,8.11,-4.08
district,Sudurpaschim,Doti,Total,19 Year,1756,0,49,236,535,0,2,1,233,327,227,5,3,138,0,0,0,0,0,0,46.81,7.86,52.59,5.03,43.02,9.72,9.57,-4.69
district,Sudurpaschim,Doti,Total,20 Year,3004,0,0,0,520,3,6,0,563,902,618,10,6,374,0,1,0,1,0,0,17.61,12.45,22.02,7.02,15.27,15.33,6.75,-8.31
district,Sudurpaschim,Doti,Total,21 Year,1892,0,0,0,225,1,2,0,341,588,497,14,11,213,0,0,0,0,0,0,12.05,11.26,16.2,6.33,9.73,14.01,6.47,-7.68
district,Sudurpaschim,Doti,Total,22 Year,2551,0,0,0,157,5,1,2,558,780,670,11,3,364,0,0,0,0,0,0,6.39,14.27,8.85,6.24,5.09,18.5,3.76,-12.26
district,Sudurpaschim,Doti,Total,23 Year,1962,0,0,0,77,3,1,0,411,623,575,5,9,258,0,0,0,0,0,0,4.13,13.15,3.71,6.82,4.35,16.46,-0.64,-9.64
district,Sudurpaschim,Doti,Total,24 Year,2240,0,0,0,88,6,1,3,422,670,678,13,6,352,0,0,0,0,0,1,4.24,15.71,5.19,7.01,3.74,20.27,1.45,-13.26
district,Sudurpaschim,Doti,Total,25 Year,2590,0,1,0,55,5,5,3,541,670,724,15,7,563,0,0,1,0,0,0,2.55,21.74,2.22,11.83,2.71,26.61,-0.49,-14.78
district,Sudurpaschim,Doti,Male,All Ages,40246,3772,15669,8412,4120,14,109,50,2193,2217,1661,28,26,1937,0,7,1,1,0,29,79.75,4.81,79.75,4.81,70.14,8.07,9.61,-3.26
district,Sudurpaschim,Doti,Male,5 Year,2611,2070,0,0,0,0,16,8,0,0,0,0,2,497,0,0,0,0,0,18,79.89,19.03,79.89,19.03,79.09,19.65,0.8,-0.62
district,Sudurpaschim,Doti,Male,6 Year,2551,873,1362,0,0,2,12,2,5,0,0,1,1,289,0,1,0,0,0,3,88.16,11.33,88.16,11.33,87.6,11.49,0.56,-0.16
district,Sudurpaschim,Doti,Male,7 Year,2376,458,1754,0,0,1,5,3,7,0,0,0,1,145,0,0,0,0,0,2,93.35,6.1,93.35,6.1,91.79,7.53,1.56,-1.43
district,Sudurpaschim,Doti,Male,8 Year,2759,240,2388,0,0,2,4,1,11,0,0,0,0,111,0,0,0,0,0,2,95.47,4.02,95.47,4.02,94.77,4.63,0.7,-0.61
district,Sudurpaschim,Doti,Male,9 Year,2429,85,2242,0,0,0,11,1,20,0,0,0,3,67,0,0,0,0,0,0,96.25,2.76,96.25,2.76,96.52,2.54,-0.27,0.22
district,Sudurpaschim,Doti,Male,10 Year,3037,20,2586,0,0,2,11,15,338,0,0,0,1,63,0,0,0,0,0,1,86.24,2.07,86.24,2.07,85.8,2.45,0.44,-0.38
district,Sudurpaschim,Doti,Male,11 Year,2413,17,1803,396,0,0,5,3,154,3,0,0,0,32,0,0,0,0,0,0,92.04,1.33,92.04,1.33,90.71,1.44,1.33,-0.11
district,Sudurpaschim,Doti,Male,12 Year,3366,3,1836,1286,0,0,3,2,151,16,0,0,0,68,0,0,0,0,0,1,92.93,2.02,92.93,2.02,93.63,1.9,-0.7,0.12
district,Sudurpaschim,Doti,Male,13 Year,2685,2,923,1615,0,0,5,3,70,20,0,1,0,46,0,0,0,0,0,0,94.79,1.71,94.79,1.71,95.12,1.68,-0.33,0.03
district,Sudurpaschim,Doti,Male,14 Year,2873,2,513,1867,372,0,4,1,52,26,1,1,0,31,0,2,0,0,0,1,96.0,1.08,96.0,1.08,93.97,2.26,2.03,-1.18
district,Sudurpaschim,Doti,Male,15 Year,2693,1,119,1559,797,0,13,5,115,27,18,1,0,37,0,1,0,0,0,0,92.42,1.37,92.42,1.37,88.85,2.71,3.57,-1.34
district,Sudurpaschim,Doti,Male,16 Year,2127,1,72,921,913,2,3,1,93,57,21,1,1,38,0,2,0,0,0,1,89.89,1.79,89.89,1.79,85.88,3.37,4.01,-1.58
district,Sudurpaschim,Doti,Male,17 Year,1295,0,30,383,650,0,7,3,69,76,32,0,1,43,0,1,0,0,0,0,82.63,3.32,82.63,3.32,76.85,5.29,5.78,-1.97
district,Sudurpaschim,Doti,Male,18 Year,1437,0,31,280,646,1,4,0,144,173,90,3,2,63,0,0,0,0,0,0,66.95,4.38,66.95,4.38,58.84,8.46,8.11,-4.08
district,Sudurpaschim,Doti,Male,19 Year,696,0,10,105,251,0,0,0,89,133,70,1,2,35,0,0,0,0,0,0,52.59,5.03,52.59,5.03,43.02,9.72,9.57,-4.69
district,Sudurpaschim,Doti,Male,20 Year,1040,0,0,0,226,2,1,0,176,353,202,4,2,73,0,0,0,1,0,0,22.02,7.02,22.02,7.02,15.27,15.33,6.75,-8.31
district,Sudurpaschim,Doti,Male,21 Year,679,0,0,0,109,0,1,0,117,224,175,4,6,43,0,0,0,0,0,0,16.2,6.33,16.2,6.33,9.73,14.01,6.47,-7.68
district,Sudurpaschim,Doti,Male,22 Year,881,0,0,0,76,1,1,1,172,302,270,2,1,55,0,0,0,0,0,0,8.85,6.24,8.85,6.24,5.09,18.5,3.76,-12.26
district,Sudurpaschim,Doti,Male,23 Year,674,0,0,0,24,0,1,0,115,249,234,3,2,46,0,0,0,0,0,0,3.71,6.82,3.71,6.82,4.35,16.46,-0.64,-9.64
district,Sudurpaschim,Doti,Male,24 Year,770,0,0,0,39,1,0,1,124,281,266,4,0,54,0,0,0,0,0,0,5.19,7.01,5.19,7.01,3.74,20.27,1.45,-13.26
district,Sudurpaschim,Doti,Male,25 Year,854,0,0,0,17,0,2,0,171,277,282,2,1,101,0,0,1,0,0,0,2.22,11.83,2.22,11.83,2.71,26.61,-0.49,-14.78
district,Sudurpaschim,Doti,Female,All Ages,45165,3266,15320,8654,4305,28,104,44,3615,3285,2750,73,42,3643,1,4,0,0,0,31,70.14,8.07,79.75,4.81,70.14,8.07,9.61,-3.26
district,Sudurpaschim,Doti,Female,5 Year,2377,1864,0,0,0,1,15,10,0,0,0,1,3,467,1,0,0,0,0,15,79.09,19.65,79.89,19.03,79.09,19.65,0.8,-0.62
district,Sudurpaschim,Doti,Female,6 Year,2436,737,1387,0,0,0,10,3,11,0,0,1,1,280,0,1,0,0,0,5,87.6,11.49,88.16,11.33,87.6,11.49,0.56,-0.16
district,Sudurpaschim,Doti,Female,7 Year,2338,361,1776,0,0,0,9,1,11,0,0,1,0,176,0,0,0,0,0,3,91.79,7.53,93.35,6.1,91.79,7.53,1.56,-1.43
district,Sudurpaschim,Doti,Female,8 Year,2525,202,2181,0,0,1,9,0,11,0,0,0,1,117,0,0,0,0,0,3,94.77,4.63,95.47,4.02,94.77,4.63,0.7,-0.61
district,Sudurpaschim,Doti,Female,9 Year,2327,68,2163,0,0,3,12,0,20,0,0,1,1,59,0,0,0,0,0,0,96.52,2.54,96.25,2.76,96.52,2.54,-0.27,0.22
district,Sudurpaschim,Doti,Female,10 Year,2943,21,2498,0,0,0,6,7,337,0,0,1,0,72,0,0,0,0,0,1,85.8,2.45,86.24,2.07,85.8,2.45,0.44,-0.38
district,Sudurpaschim,Doti,Female,11 Year,2292,4,1680,393,0,1,1,5,173,2,0,0,0,33,0,0,0,0,0,0,90.71,1.44,92.04,1.33,90.71,1.44,1.33,-0.11
district,Sudurpaschim,Doti,Female,12 Year,3106,0,1737,1170,0,1,0,5,125,7,0,1,0,59,0,0,0,0,0,1,93.63,1.9,92.93,2.02,93.63,1.9,-0.7,0.12
district,Sudurpaschim,Doti,Female,13 Year,2686,3,1003,1545,0,0,4,1,69,15,0,0,1,45,0,0,0,0,0,0,95.12,1.68,94.79,1.71,95.12,1.68,-0.33,0.03
district,Sudurpaschim,Doti,Female,14 Year,2784,0,532,1768,310,1,5,2,73,24,3,1,0,63,0,0,0,0,0,2,93.97,2.26,96.0,1.08,93.97,2.26,2.03,-1.18
district,Sudurpaschim,Doti,Female,15 Year,2878,2,164,1683,700,0,8,1,174,52,12,4,0,78,0,0,0,0,0,0,88.85,2.71,92.42,1.37,88.85,2.71,3.57,-1.34
district,Sudurpaschim,Doti,Female,16 Year,2373,1,81,1040,908,1,7,1,154,69,26,3,2,80,0,0,0,0,0,0,85.88,3.37,89.89,1.79,85.88,3.37,4.01,-1.58
district,Sudurpaschim,Doti,Female,17 Year,1702,0,47,524,736,0,1,0,131,110,58,3,0,90,0,2,0,0,0,0,76.85,5.29,82.63,3.32,76.85,5.29,5.78,-1.97
district,Sudurpaschim,Doti,Female,18 Year,1997,3,31,400,736,0,5,1,221,265,161,3,2,169,0,0,0,0,0,0,58.84,8.46,66.95,4.38,58.84,8.46,8.11,-4.08
district,Sudurpaschim,Doti,Female,19 Year,1060,0,39,131,284,0,2,1,144,194,157,4,1,103,0,0,0,0,0,0,43.02,9.72,52.59,5.03,43.02,9.72,9.57,-4.69
district,Sudurpaschim,Doti,Female,20 Year,1964,0,0,0,294,1,5,0,387,549,416,6,4,301,0,1,0,0,0,0,15.27,15.33,22.02,7.02,15.27,15.33,6.75,-8.31
district,Sudurpaschim,Doti,Female,21 Year,1213,0,0,0,116,1,1,0,224,364,322,10,5,170,0,0,0,0,0,0,9.73,14.01,16.2,6.33,9.73,14.01,6.47,-7.68
district,Sudurpaschim,Doti,Female,22 Year,1670,0,0,0,81,4,0,1,386,478,400,9,2,309,0,0,0,0,0,0,5.09,18.5,8.85,6.24,5.09,18.5,3.76,-12.26
district,Sudurpaschim,Doti,Female,23 Year,1288,0,0,0,53,3,0,0,296,374,341,2,7,212,0,0,0,0,0,0,4.35,16.46,3.71,6.82,4.35,16.46,-0.64,-9.64
district,Sudurpaschim,Doti,Female,24 Year,1470,0,0,0,49,5,1,2,298,389,412,9,6,298,0,0,0,0,0,1,3.74,20.27,5.19,7.01,3.74,20.27,1.45,-13.26
district,Sudurpaschim,Doti,Female,25 Year,1736,0,1,0,38,5,3,3,370,393,442,13,6,462,0,0,0,0,0,0,2.71,26.61,2.22,11.83,2.71,26.61,-0.49,-14.78
district,Sudurpaschim,Achham,Total,All Ages,96356,7807,35859,20171,10480,105,147,114,5345,5182,5945,225,92,4735,2,22,3,2,0,120,77.39,4.91,80.67,3.8,74.46,5.91,6.21,-2.11
district,Sudurpaschim,Achham,Total,5 Year,5514,4475,0,0,0,5,14,12,0,0,0,0,2,937,2,0,0,0,0,67,81.5,16.99,81.25,17.48,81.77,16.47,-0.52,1.01
district,Sudurpaschim,Achham,Total,6 Year,5730,1731,3444,0,0,1,17,3,11,0,0,1,2,501,0,0,0,0,0,19,90.63,8.74,91.06,8.29,90.19,9.21,0.87,-0.92
district,Sudurpaschim,Achham,Total,7 Year,5503,863,4377,0,0,4,6,1,20,0,0,0,3,218,0,0,0,0,0,11,95.4,3.96,95.34,3.93,95.46,3.99,-0.12,-0.06
district,Sudurpaschim,Achham,Total,8 Year,5985,454,5314,0,0,3,17,3,20,0,0,1,0,167,0,1,0,0,0,5,96.71,2.79,96.62,2.82,96.8,2.76,-0.18,0.06
district,Sudurpaschim,Achham,Total,9 Year,5617,187,5289,0,0,0,14,0,26,0,0,1,1,94,0,0,0,0,0,5,97.74,1.67,97.4,1.96,98.08,1.39,-0.68,0.57
district,Sudurpaschim,Achham,Total,10 Year,6492,37,5631,0,0,2,11,30,704,0,0,0,2,73,0,2,0,0,0,0,87.51,1.12,86.86,1.45,88.15,0.8,-1.29,0.65
district,Sudurpaschim,Achham,Total,11 Year,5791,14,4167,1167,0,1,9,8,367,7,0,0,0,50,0,0,1,0,0,0,92.52,0.86,92.91,0.63,92.15,1.08,0.76,-0.45
district,Sudurpaschim,Achham,Total,12 Year,7555,21,3889,3182,0,1,8,11,327,25,0,2,1,85,0,1,0,0,0,2,93.99,1.13,93.84,1.14,94.15,1.11,-0.31,0.03
district,Sudurpaschim,Achham,Total,13 Year,6529,7,1948,4299,0,0,5,2,157,35,0,1,0,72,0,3,0,0,0,0,95.86,1.1,96.69,0.83,95.11,1.35,1.58,-0.52
district,Sudurpaschim,Achham,Total,14 Year,6813,2,1175,4372,978,2,7,6,133,32,15,3,0,86,0,1,1,0,0,0,95.93,1.26,96.51,1.1,95.37,1.42,1.14,-0.32
district,Sudurpaschim,Achham,Total,15 Year,6211,2,284,3375,2014,2,7,11,303,77,23,1,2,107,0,3,0,0,0,0,91.52,1.72,92.38,1.31,90.72,2.1,1.66,-0.79
district,Sudurpaschim,Achham,Total,16 Year,5030,8,141,1977,2288,6,7,5,265,136,65,6,2,119,0,3,0,1,0,1,88.01,2.37,88.98,2.18,87.2,2.52,1.78,-0.34
district,Sudurpaschim,Achham,Total,17 Year,3390,2,83,921,1743,1,4,5,212,199,122,9,1,86,0,2,0,0,0,0,81.24,2.54,82.98,1.77,79.82,3.16,3.16,-1.39
district,Sudurpaschim,Achham,Total,18 Year,3652,1,68,644,1605,7,4,2,340,439,332,10,4,192,0,1,1,0,0,2,63.77,5.26,67.32,3.79,61.05,6.39,6.27,-2.6
district,Sudurpaschim,Achham,Total,19 Year,2157,3,47,233,670,4,2,3,247,421,366,14,8,136,0,2,0,0,0,1,44.46,6.31,48.74,4.69,41.54,7.4,7.2,-2.71
district,Sudurpaschim,Achham,Total,20 Year,2842,0,0,0,514,7,2,2,461,780,790,27,7,249,0,2,0,0,0,1,18.4,8.76,22.53,5.27,16.01,10.78,6.52,-5.51
district,Sudurpaschim,Achham,Total,21 Year,2024,0,0,1,218,2,2,2,305,552,686,19,12,225,0,0,0,0,0,0,11.02,11.12,14.8,5.92,8.49,14.59,6.31,-8.67
district,Sudurpaschim,Achham,Total,22 Year,2562,0,2,0,182,8,2,2,413,702,921,23,15,290,0,0,0,0,0,2,7.57,11.32,9.55,6.65,6.23,14.49,3.32,-7.84
district,Sudurpaschim,Achham,Total,23 Year,2177,0,0,0,105,6,1,2,312,588,863,32,10,256,0,0,0,0,0,2,5.14,11.76,5.82,5.33,4.73,15.68,1.09,-10.35
district,Sudurpaschim,Achham,Total,24 Year,2204,0,0,0,81,20,5,3,329,576,855,34,11,290,0,0,0,0,0,0,4.81,13.16,4.48,6.55,5.0,17.11,-0.52,-10.56
district,Sudurpaschim,Achham,Total,25 Year,2578,0,0,0,82,23,3,1,393,613,907,41,9,502,0,1,0,1,0,2,4.19,19.47,3.83,8.62,4.4,25.7,-0.57,-17.08
district,Sudurpaschim,Achham,Male,All Ages,45481,4057,17759,9831,4956,25,60,49,2287,2181,2377,67,39,1729,0,9,3,1,0,51,80.67,3.8,80.67,3.8,74.46,5.91,6.21,-2.11
district,Sudurpaschim,Achham,Male,5 Year,2854,2313,0,0,0,1,5,5,0,0,0,0,2,499,0,0,0,0,0,29,81.25,17.48,81.25,17.48,81.77,16.47,-0.52,1.01
district,Sudurpaschim,Achham,Male,6 Year,2907,914,1724,0,0,1,8,2,6,0,0,1,1,241,0,0,0,0,0,9,91.06,8.29,91.06,8.29,90.19,9.21,0.87,-0.92
district,Sudurpaschim,Achham,Male,7 Year,2771,449,2193,0,0,0,0,1,14,0,0,0,1,109,0,0,0,0,0,4,95.34,3.93,95.34,3.93,95.46,3.99,-0.12,-0.06
district,Sudurpaschim,Achham,Male,8 Year,3019,231,2676,0,0,2,8,1,12,0,0,1,0,85,0,1,0,0,0,2,96.62,2.82,96.62,2.82,96.8,2.76,-0.18,0.06
district,Sudurpaschim,Achham,Male,9 Year,2803,102,2618,0,0,0,10,0,14,0,0,1,1,55,0,0,0,0,0,2,97.4,1.96,97.4,1.96,98.08,1.39,-0.68,0.57
district,Sudurpaschim,Achham,Male,10 Year,3234,18,2784,0,0,2,5,14,361,0,0,0,2,47,0,1,0,0,0,0,86.86,1.45,86.86,1.45,88.15,0.8,-1.29,0.65
district,Sudurpaschim,Achham,Male,11 Year,2836,9,2042,582,0,0,2,3,178,1,0,0,0,18,0,0,1,0,0,0,92.91,0.63,92.91,0.63,92.15,1.08,0.76,-0.45
district,Sudurpaschim,Achham,Male,12 Year,3861,10,1972,1637,0,1,3,4,175,13,0,0,0,44,0,0,0,0,0,2,93.84,1.14,93.84,1.14,94.15,1.11,-0.31,0.03
district,Sudurpaschim,Achham,Male,13 Year,3115,1,928,2081,0,0,2,1,61,13,0,0,0,26,0,2,0,0,0,0,96.69,0.83,96.69,0.83,95.11,1.35,1.58,-0.52
district,Sudurpaschim,Achham,Male,14 Year,3356,1,556,2193,487,0,2,2,55,15,6,1,0,37,0,0,1,0,0,0,96.51,1.1,96.51,1.1,95.37,1.42,1.14,-0.32
district,Sudurpaschim,Achham,Male,15 Year,2967,1,116,1642,979,1,2,4,134,36,10,1,1,39,0,1,0,0,0,0,92.38,1.31,92.38,1.31,90.72,2.1,1.66,-0.79
district,Sudurpaschim,Achham,Male,16 Year,2296,4,71,881,1083,2,2,3,97,68,32,1,1,50,0,1,0,0,0,0,88.98,2.18,88.98,2.18,87.2,2.52,1.78,-0.34
district,Sudurpaschim,Achham,Male,17 Year,1522,1,33,407,819,0,3,3,88,84,50,5,1,27,0,1,0,0,0,0,82.98,1.77,82.98,1.77,79.82,3.16,3.16,-1.39
district,Sudurpaschim,Achham,Male,18 Year,1585,1,26,295,740,3,2,0,151,174,128,3,1,60,0,0,1,0,0,0,67.32,3.79,67.32,3.79,61.05,6.39,6.27,-2.6
district,Sudurpaschim,Achham,Male,19 Year,874,2,20,113,289,0,2,0,101,182,114,5,3,41,0,1,0,0,0,1,48.74,4.69,48.74,4.69,41.54,7.4,7.2,-2.71
district,Sudurpaschim,Achham,Male,20 Year,1043,0,0,0,232,3,0,2,174,296,268,9,3,55,0,1,0,0,0,0,22.53,5.27,22.53,5.27,16.01,10.78,6.52,-5.51
district,Sudurpaschim,Achham,Male,21 Year,811,0,0,0,119,0,1,0,121,233,277,7,5,48,0,0,0,0,0,0,14.8,5.92,14.8,5.92,8.49,14.59,6.31,-8.67
district,Sudurpaschim,Achham,Male,22 Year,1037,0,0,0,95,3,1,0,164,308,386,6,5,69,0,0,0,0,0,0,9.55,6.65,9.55,6.65,6.23,14.49,3.32,-7.84
district,Sudurpaschim,Achham,Male,23 Year,825,0,0,0,47,1,0,1,123,257,341,6,4,44,0,0,0,0,0,1,5.82,5.33,5.82,5.33,4.73,15.68,1.09,-10.35
district,Sudurpaschim,Achham,Male,24 Year,825,0,0,0,32,3,2,2,113,234,368,11,6,54,0,0,0,0,0,0,4.48,6.55,4.48,6.55,5.0,17.11,-0.52,-10.56
district,Sudurpaschim,Achham,Male,25 Year,940,0,0,0,34,2,0,1,145,267,397,9,2,81,0,0,0,1,0,1,3.83,8.62,3.83,8.62,4.4,25.7,-0.57,-17.08
district,Sudurpaschim,Achham,Female,All Ages,50875,3750,18100,10340,5524,80,87,65,3058,3001,3568,158,53,3006,2,13,0,1,0,69,74.46,5.91,80.67,3.8,74.46,5.91,6.21,-2.11
district,Sudurpaschim,Achham,Female,5 Year,2660,2162,0,0,0,4,9,7,0,0,0,0,0,438,2,0,0,0,0,38,81.77,16.47,81.25,17.48,81.77,16.47,-0.52,1.01
district,Sudurpaschim,Achham,Female,6 Year,2823,817,1720,0,0,0,9,1,5,0,0,0,1,260,0,0,0,0,0,10,90.19,9.21,91.06,8.29,90.19,9.21,0.87,-0.92
district,Sudurpaschim,Achham,Female,7 Year,2732,414,2184,0,0,4,6,0,6,0,0,0,2,109,0,0,0,0,0,7,95.46,3.99,95.34,3.93,95.46,3.99,-0.12,-0.06
district,Sudurpaschim,Achham,Female,8 Year,2966,223,2638,0,0,1,9,2,8,0,0,0,0,82,0,0,0,0,0,3,96.8,2.76,96.62,2.82,96.8,2.76,-0.18,0.06
district,Sudurpaschim,Achham,Female,9 Year,2814,85,2671,0,0,0,4,0,12,0,0,0,0,39,0,0,0,0,0,3,98.08,1.39,97.4,1.96,98.08,1.39,-0.68,0.57
district,Sudurpaschim,Achham,Female,10 Year,3258,19,2847,0,0,0,6,16,343,0,0,0,0,26,0,1,0,0,0,0,88.15,0.8,86.86,1.45,88.15,0.8,-1.29,0.65
district,Sudurpaschim,Achham,Female,11 Year,2955,5,2125,585,0,1,7,5,189,6,0,0,0,32,0,0,0,0,0,0,92.15,1.08,92.91,0.63,92.15,1.08,0.76,-0.45
district,Sudurpaschim,Achham,Female,12 Year,3694,11,1917,1545,0,0,5,7,152,12,0,2,1,41,0,1,0,0,0,0,94.15,1.11,93.84,1.14,94.15,1.11,-0.31,0.03
district,Sudurpaschim,Achham,Female,13 Year,3414,6,1020,2218,0,0,3,1,96,22,0,1,0,46,0,1,0,0,0,0,95.11,1.35,96.69,0.83,95.11,1.35,1.58,-0.52
district,Sudurpaschim,Achham,Female,14 Year,3457,1,619,2179,491,2,5,4,78,17,9,2,0,49,0,1,0,0,0,0,95.37,1.42,96.51,1.1,95.37,1.42,1.14,-0.32
district,Sudurpaschim,Achham,Female,15 Year,3244,1,168,1733,1035,1,5,7,169,41,13,0,1,68,0,2,0,0,0,0,90.72,2.1,92.38,1.31,90.72,2.1,1.66,-0.79
district,Sudurpaschim,Achham,Female,16 Year,2734,4,70,1096,1205,4,5,2,168,68,33,5,1,69,0,2,0,1,0,1,87.2,2.52,88.98,2.18,87.2,2.52,1.78,-0.34
district,Sudurpaschim,Achham,Female,17 Year,1868,1,50,514,924,1,1,2,124,115,72,4,0,59,0,1,0,0,0,0,79.82,3.16,82.98,1.77,79.82,3.16,3.16,-1.39
district,Sudurpaschim,Achham,Female,18 Year,2067,0,42,349,865,4,2,2,189,265,204,7,3,132,0,1,0,0,0,2,61.05,6.39,67.32,3.79,61.05,6.39,6.27,-2.6
district,Sudurpaschim,Achham,Female,19 Year,1283,1,27,120,381,4,0,3,146,239,252,9,5,95,0,1,0,0,0,0,41.54,7.4,48.74,4.69,41.54,7.4,7.2,-2.71
district,Sudurpaschim,Achham,Female,20 Year,1799,0,0,0,282,4,2,0,287,484,522,18,4,194,0,1,0,0,0,1,16.01,10.78,22.53,5.27,16.01,10.78,6.52,-5.51
district,Sudurpaschim,Achham,Female,21 Year,1213,0,0,1,99,2,1,2,184,319,409,12,7,177,0,0,0,0,0,0,8.49,14.59,14.8,5.92,8.49,14.59,6.31,-8.67
district,Sudurpaschim,Achham,Female,22 Year,1525,0,2,0,87,5,1,2,249,394,535,17,10,221,0,0,0,0,0,2,6.23,14.49,9.55,6.65,6.23,14.49,3.32,-7.84
district,Sudurpaschim,Achham,Female,23 Year,1352,0,0,0,58,5,1,1,189,331,522,26,6,212,0,0,0,0,0,1,4.73,15.68,5.82,5.33,4.73,15.68,1.09,-10.35
district,Sudurpaschim,Achham,Female,24 Year,1379,0,0,0,49,17,3,1,216,342,487,23,5,236,0,0,0,0,0,0,5.0,17.11,4.48,6.55,5.0,17.11,-0.52,-10.56
district,Sudurpaschim,Achham,Female,25 Year,1638,0,0,0,48,21,3,0,248,346,510,32,7,421,0,1,0,0,0,1,4.4,25.7,3.83,8.62,4.4,25.7,-0.57,-17.08
district,Sudurpaschim,Kailali,Total,All Ages,305052,30334,96436,60298,34852,186,828,474,17198,25741,29472,535,357,7930,6,77,9,11,1,307,73.08,2.6,75.11,2.28,71.05,2.92,4.06,-0.64
district,Sudurpaschim,Kailali,Total,5 Year,15824,14049,0,0,0,9,98,95,0,0,0,3,25,1388,4,0,0,0,0,153,89.46,8.77,89.43,8.93,89.49,8.59,-0.06,0.34
district,Sudurpaschim,Kailali,Total,6 Year,16159,8510,6761,0,0,2,63,42,72,0,0,3,9,652,1,0,0,0,0,44,94.91,4.03,94.69,4.24,95.15,3.8,-0.46,0.44
district,Sudurpaschim,Kailali,Total,7 Year,16169,4634,10991,0,0,8,48,28,89,0,0,3,7,339,0,2,0,0,0,20,96.98,2.1,97.12,1.97,96.83,2.24,0.29,-0.27
district,Sudurpaschim,Kailali,Total,8 Year,17735,2012,15198,0,0,1,68,6,156,0,0,2,10,257,1,1,0,0,0,23,97.43,1.45,97.24,1.54,97.65,1.35,-0.41,0.19
district,Sudurpaschim,Kailali,Total,9 Year,16363,719,15194,0,0,2,92,5,169,0,0,2,12,162,0,1,0,0,0,5,97.82,0.99,97.69,1.12,97.98,0.84,-0.29,0.28
district,Sudurpaschim,Kailali,Total,10 Year,19200,206,16539,0,0,5,62,64,2137,0,0,4,2,177,0,0,0,0,0,4,87.56,0.92,86.62,0.98,88.59,0.86,-1.97,0.12
district,Sudurpaschim,Kailali,Total,11 Year,16373,60,12072,3072,0,3,30,27,963,29,0,2,4,110,0,0,0,0,0,1,93.06,0.67,92.73,0.6,93.43,0.75,-0.7,-0.15
district,Sudurpaschim,Kailali,Total,12 Year,20992,46,10487,9390,0,1,44,24,714,108,0,5,4,166,0,2,0,0,0,1,95.12,0.79,94.8,0.81,95.46,0.77,-0.66,0.04
district,Sudurpaschim,Kailali,Total,13 Year,19776,24,5357,13524,0,6,35,13,392,229,0,8,7,178,0,0,0,0,0,3,95.8,0.9,95.31,0.8,96.3,1.0,-0.99,-0.2
district,Sudurpaschim,Kailali,Total,14 Year,20798,12,2375,14060,3317,4,37,11,403,327,69,6,2,158,0,11,1,1,0,4,95.23,0.76,94.46,0.78,96.01,0.74,-1.55,0.04
district,Sudurpaschim,Kailali,Total,15 Year,19902,21,578,10417,7119,6,75,16,714,547,180,9,13,182,0,19,1,1,0,4,91.53,0.91,90.3,0.98,92.75,0.85,-2.45,0.13
district,Sudurpaschim,Kailali,Total,16 Year,16313,10,324,5575,8308,4,41,17,625,864,332,7,9,173,0,14,0,6,0,4,87.43,1.06,86.19,1.16,88.7,0.96,-2.51,0.2
district,Sudurpaschim,Kailali,Total,17 Year,11170,12,190,2280,5845,8,31,9,622,1233,738,8,13,175,0,3,0,0,0,3,74.9,1.57,74.23,1.47,75.58,1.67,-1.35,-0.2
district,Sudurpaschim,Kailali,Total,18 Year,11709,12,225,1456,4663,6,24,8,1041,2212,1678,26,18,334,0,5,0,0,0,1,54.54,2.85,55.63,2.88,53.44,2.83,2.19,0.05
district,Sudurpaschim,Kailali,Total,19 Year,7179,6,141,524,1916,9,9,9,694,1775,1827,25,16,220,0,3,0,0,0,5,36.29,3.06,38.51,2.81,34.27,3.29,4.24,-0.48
district,Sudurpaschim,Kailali,Total,20 Year,10306,0,0,0,1456,26,15,16,1310,3239,3654,63,29,491,0,2,1,0,0,4,14.53,4.76,15.68,3.98,13.57,5.41,2.11,-1.43
district,Sudurpaschim,Kailali,Total,21 Year,7653,0,0,0,625,16,8,12,988,2545,3103,35,19,295,0,3,1,0,1,2,8.48,3.85,9.65,2.81,7.5,4.72,2.15,-1.91
district,Sudurpaschim,Kailali,Total,22 Year,10261,0,1,0,581,14,8,19,1392,3320,4274,74,42,528,0,2,0,0,0,6,5.89,5.15,6.1,3.85,5.71,6.19,0.39,-2.34
district,Sudurpaschim,Kailali,Total,23 Year,9160,0,0,0,383,11,10,19,1253,2765,4189,51,30,437,0,3,1,2,0,6,4.41,4.77,4.32,3.2,4.47,5.9,-0.15,-2.7
district,Sudurpaschim,Kailali,Total,24 Year,10010,1,2,0,305,17,12,16,1403,3109,4478,71,38,546,0,3,2,0,0,7,3.37,5.45,3.44,3.89,3.31,6.61,0.13,-2.72
district,Sudurpaschim,Kailali,Total,25 Year,12000,0,1,0,334,28,18,18,2061,3439,4950,128,48,962,0,3,2,1,0,7,3.18,8.02,2.85,5.4,3.42,9.94,-0.57,-4.54
district,Sudurpaschim,Kailali,Male,All Ages,152543,16580,50573,30195,16743,68,420,240,8739,12707,12227,216,150,3481,1,32,5,5,0,161,75.11,2.28,75.11,2.28,71.05,2.92,4.06,-0.64
district,Sudurpaschim,Kailali,Male,5 Year,8329,7399,0,0,0,3,47,47,0,0,0,1,6,744,1,0,0,0,0,81,89.43,8.93,89.43,8.93,89.49,8.59,-0.06,0.34
district,Sudurpaschim,Kailali,Male,6 Year,8554,4760,3303,0,0,1,36,22,36,0,0,1,6,363,0,0,0,0,0,26,94.69,4.24,94.69,4.24,95.15,3.8,-0.46,0.44
district,Sudurpaschim,Kailali,Male,7 Year,8542,2619,5647,0,0,3,27,19,40,0,0,2,5,168,0,1,0,0,0,11,97.12,1.97,97.12,1.97,96.83,2.24,0.29,-0.27
district,Sudurpaschim,Kailali,Male,8 Year,9492,1175,8020,0,0,1,34,3,93,0,0,2,5,146,0,0,0,0,0,13,97.24,1.54,97.24,1.54,97.65,1.35,-0.41,0.19
district,Sudurpaschim,Kailali,Male,9 Year,8657,398,8009,0,0,1,49,2,90,0,0,1,6,97,0,0,0,0,0,4,97.69,1.12,97.69,1.12,97.98,0.84,-0.29,0.28
district,Sudurpaschim,Kailali,Male,10 Year,10048,116,8551,0,0,3,34,36,1205,0,0,2,0,98,0,0,0,0,0,3,86.62,0.98,86.62,0.98,88.59,0.86,-1.97,0.12
district,Sudurpaschim,Kailali,Male,11 Year,8598,33,6442,1482,0,2,14,15,537,17,0,1,3,52,0,0,0,0,0,0,92.73,0.6,92.73,0.6,93.43,0.75,-0.7,-0.15
district,Sudurpaschim,Kailali,Male,12 Year,10853,29,5669,4570,0,0,21,15,390,64,0,3,2,88,0,1,0,0,0,1,94.8,0.81,94.8,0.81,95.46,0.77,-0.66,0.04
district,Sudurpaschim,Kailali,Male,13 Year,9946,17,2856,6587,0,3,17,7,236,131,0,5,5,80,0,0,0,0,0,2,95.31,0.8,95.31,0.8,96.3,1.0,-0.99,-0.2
district,Sudurpaschim,Kailali,Male,14 Year,10516,5,1327,7094,1485,1,21,6,233,204,39,5,1,82,0,9,1,0,0,3,94.46,0.78,94.46,0.78,96.01,0.74,-1.55,0.04
district,Sudurpaschim,Kailali,Male,15 Year,9892,8,324,5320,3240,3,37,8,426,320,90,3,6,97,0,6,0,1,0,3,90.3,0.98,90.3,0.98,92.75,0.85,-2.45,0.13
district,Sudurpaschim,Kailali,Male,16 Year,8293,7,165,2906,4043,2,25,7,353,508,160,4,6,96,0,5,0,3,0,3,86.19,1.16,86.19,1.16,88.7,0.96,-2.51,0.2
district,Sudurpaschim,Kailali,Male,17 Year,5658,4,88,1181,2904,5,18,4,376,669,309,6,8,83,0,2,0,0,0,1,74.23,1.47,74.23,1.47,75.58,1.67,-1.35,-0.2
district,Sudurpaschim,Kailali,Male,18 Year,5878,6,105,757,2390,4,8,3,564,1147,699,13,11,169,0,2,0,0,0,0,55.63,2.88,55.63,2.88,53.44,2.83,2.19,0.05
district,Sudurpaschim,Kailali,Male,19 Year,3415,4,64,298,946,1,2,4,368,879,737,7,8,96,0,1,0,0,0,0,38.51,2.81,38.51,2.81,34.27,3.29,4.24,-0.48
district,Sudurpaschim,Kailali,Male,20 Year,4668,0,0,0,714,10,8,8,618,1582,1505,24,10,186,0,1,1,0,0,1,15.68,3.98,15.68,3.98,13.57,5.41,2.11,-1.43
district,Sudurpaschim,Kailali,Male,21 Year,3482,0,0,0,322,9,5,5,460,1280,1280,15,6,98,0,0,0,0,0,2,9.65,2.81,9.65,2.81,7.5,4.72,2.15,-1.91
district,Sudurpaschim,Kailali,Male,22 Year,4571,0,0,0,272,2,5,8,650,1618,1795,26,17,176,0,0,0,0,0,2,6.1,3.85,6.1,3.85,5.71,6.19,0.39,-2.34
district,Sudurpaschim,Kailali,Male,23 Year,3817,0,0,0,156,5,4,5,540,1270,1683,20,8,122,0,1,1,0,0,2,4.32,3.2,4.32,3.2,4.47,5.9,-0.15,-2.7
district,Sudurpaschim,Kailali,Male,24 Year,4242,0,2,0,136,4,4,8,615,1450,1813,27,12,165,0,2,2,0,0,2,3.44,3.89,3.44,3.89,3.31,6.61,0.13,-2.72
district,Sudurpaschim,Kailali,Male,25 Year,5092,0,1,0,135,5,4,8,909,1568,2117,48,19,275,0,1,0,1,0,1,2.85,5.4,2.85,5.4,3.42,9.94,-0.57,-4.54
district,Sudurpaschim,Kailali,Female,All Ages,152509,13754,45863,30103,18109,118,408,234,8459,13034,17245,319,207,4449,5,45,4,6,1,146,71.05,2.92,75.11,2.28,71.05,2.92,4.06,-0.64
district,Sudurpaschim,Kailali,Female,5 Year,7495,6650,0,0,0,6,51,48,0,0,0,2,19,644,3,0,0,0,0,72,89.49,8.59,89.43,8.93,89.49,8.59,-0.06,0.34
district,Sudurpaschim,Kailali,Female,6 Year,7605,3750,3458,0,0,1,27,20,36,0,0,2,3,289,1,0,0,0,0,18,95.15,3.8,94.69,4.24,95.15,3.8,-0.46,0.44
district,Sudurpaschim,Kailali,Female,7 Year,7627,2015,5344,0,0,5,21,9,49,0,0,1,2,171,0,1,0,0,0,9,96.83,2.24,97.12,1.97,96.83,2.24,0.29,-0.27
district,Sudurpaschim,Kailali,Female,8 Year,8243,837,7178,0,0,0,34,3,63,0,0,0,5,111,1,1,0,0,0,10,97.65,1.35,97.24,1.54,97.65,1.35,-0.41,0.19
district,Sudurpaschim,Kailali,Female,9 Year,7706,321,7185,0,0,1,43,3,79,0,0,1,6,65,0,1,0,0,0,1,97.98,0.84,97.69,1.12,97.98,0.84,-0.29,0.28
district,Sudurpaschim,Kailali,Female,10 Year,9152,90,7988,0,0,2,28,28,932,0,0,2,2,79,0,0,0,0,0,1,88.59,0.86,86.62,0.98,88.59,0.86,-1.97,0.12
district,Sudurpaschim,Kailali,Female,11 Year,7775,27,5630,1590,0,1,16,12,426,12,0,1,1,58,0,0,0,0,0,1,93.43,0.75,92.73,0.6,93.43,0.75,-0.7,-0.15
district,Sudurpaschim,Kailali,Female,12 Year,10139,17,4818,4820,0,1,23,9,324,44,0,2,2,78,0,1,0,0,0,0,95.46,0.77,94.8,0.81,95.46,0.77,-0.66,0.04
district,Sudurpaschim,Kailali,Female,13 Year,9830,7,2501,6937,0,3,18,6,156,98,0,3,2,98,0,0,0,0,0,1,96.3,1.0,95.31,0.8,96.3,1.0,-0.99,-0.2
district,Sudurpaschim,Kailali,Female,14 Year,10282,7,1048,6966,1832,3,16,5,170,123,30,1,1,76,0,2,0,1,0,1,96.01,0.74,94.46,0.78,96.01,0.74,-1.55,0.04
district,Sudurpaschim,Kailali,Female,15 Year,10010,13,254,5097,3879,3,38,8,288,227,90,6,7,85,0,13,1,0,0,1,92.75,0.85,90.3,0.98,92.75,0.85,-2.45,0.13
district,Sudurpaschim,Kailali,Female,16 Year,8020,3,159,2669,4265,2,16,10,272,356,172,3,3,77,0,9,0,3,0,1,88.7,0.96,86.19,1.16,88.7,0.96,-2.51,0.2
district,Sudurpaschim,Kailali,Female,17 Year,5512,8,102,1099,2941,3,13,5,246,564,429,2,5,92,0,1,0,0,0,2,75.58,1.67,74.23,1.47,75.58,1.67,-1.35,-0.2
district,Sudurpaschim,Kailali,Female,18 Year,5831,6,120,699,2273,2,16,5,477,1065,979,13,7,165,0,3,0,0,0,1,53.44,2.83,55.63,2.88,53.44,2.83,2.19,0.05
district,Sudurpaschim,Kailali,Female,19 Year,3764,2,77,226,970,8,7,5,326,896,1090,18,8,124,0,2,0,0,0,5,34.27,3.29,38.51,2.81,34.27,3.29,4.24,-0.48
district,Sudurpaschim,Kailali,Female,20 Year,5638,0,0,0,742,16,7,8,692,1657,2149,39,19,305,0,1,0,0,0,3,13.57,5.41,15.68,3.98,13.57,5.41,2.11,-1.43
district,Sudurpaschim,Kailali,Female,21 Year,4171,0,0,0,303,7,3,7,528,1265,1823,20,13,197,0,3,1,0,1,0,7.5,4.72,9.65,2.81,7.5,4.72,2.15,-1.91
district,Sudurpaschim,Kailali,Female,22 Year,5690,0,1,0,309,12,3,11,742,1702,2479,48,25,352,0,2,0,0,0,4,5.71,6.19,6.1,3.85,5.71,6.19,0.39,-2.34
district,Sudurpaschim,Kailali,Female,23 Year,5343,0,0,0,227,6,6,14,713,1495,2506,31,22,315,0,2,0,2,0,4,4.47,5.9,4.32,3.2,4.47,5.9,-0.15,-2.7
district,Sudurpaschim,Kailali,Female,24 Year,5768,1,0,0,169,13,8,8,788,1659,2665,44,26,381,0,1,0,0,0,5,3.31,6.61,3.44,3.89,3.31,6.61,0.13,-2.72
district,Sudurpaschim,Kailali,Female,25 Year,6908,0,0,0,199,23,14,10,1152,1871,2833,80,29,687,0,2,2,0,0,6,3.42,9.94,2.85,5.4,3.42,9.94,-0.57,-4.54
district,Sudurpaschim,Kanchanpur,Total,All Ages,168999,17022,54493,35147,18706,89,424,209,8950,13149,16362,201,279,3815,4,33,1,8,0,107,74.49,2.26,77.73,1.95,71.27,2.56,6.46,-0.61
district,Sudurpaschim,Kanchanpur,Total,5 Year,8976,8125,0,0,0,3,38,47,0,0,0,3,14,687,1,0,0,0,0,58,90.98,7.65,91.17,7.29,90.74,8.09,0.43,-0.8
district,Sudurpaschim,Kanchanpur,Total,6 Year,9008,4888,3695,0,0,3,35,15,25,0,0,5,3,316,2,1,0,0,0,20,95.7,3.51,95.97,3.39,95.39,3.64,0.58,-0.25
district,Sudurpaschim,Kanchanpur,Total,7 Year,9067,2536,6259,0,0,4,26,13,59,0,0,0,4,155,1,1,0,0,0,9,97.33,1.71,97.33,1.84,97.33,1.56,0.0,0.28
district,Sudurpaschim,Kanchanpur,Total,8 Year,9992,1014,8747,0,0,2,36,5,78,0,0,3,4,100,0,0,0,0,0,3,98.07,1.0,98.24,0.89,97.86,1.13,0.38,-0.24
district,Sudurpaschim,Kanchanpur,Total,9 Year,9153,262,8693,0,0,3,33,1,87,0,0,1,6,67,0,0,0,0,0,0,98.23,0.73,98.14,0.81,98.33,0.65,-0.19,0.16
district,Sudurpaschim,Kanchanpur,Total,10 Year,11164,106,9768,0,0,3,30,35,1140,0,0,2,9,71,0,0,0,0,0,0,88.74,0.64,88.34,0.77,89.2,0.48,-0.86,0.29
district,Sudurpaschim,Kanchanpur,Total,11 Year,9424,18,6923,1868,0,2,20,9,514,8,0,0,5,56,0,0,0,0,0,1,93.71,0.59,93.13,0.58,94.36,0.61,-1.23,-0.03
district,Sudurpaschim,Kanchanpur,Total,12 Year,11926,18,5934,5438,0,0,21,6,356,71,0,1,4,77,0,0,0,0,0,0,95.68,0.65,95.51,0.69,95.87,0.6,-0.36,0.09
district,Sudurpaschim,Kanchanpur,Total,13 Year,11203,12,2642,8161,0,0,19,9,174,121,0,2,2,58,0,0,0,0,0,3,96.71,0.52,96.4,0.56,97.02,0.47,-0.62,0.09
district,Sudurpaschim,Kanchanpur,Total,14 Year,12068,6,1223,8455,1903,3,16,3,185,165,34,1,7,56,0,9,0,1,0,1,96.17,0.46,95.5,0.55,96.85,0.38,-1.35,0.17
district,Sudurpaschim,Kanchanpur,Total,15 Year,11203,9,240,6044,4042,2,42,4,316,299,118,2,4,70,0,8,0,2,0,1,92.64,0.62,91.27,0.62,94.02,0.63,-2.75,-0.01
district,Sudurpaschim,Kanchanpur,Total,16 Year,9044,14,133,3180,4561,3,26,9,300,489,227,4,4,87,0,5,0,1,0,1,87.54,0.96,86.65,0.91,88.47,1.02,-1.82,-0.11
district,Sudurpaschim,Kanchanpur,Total,17 Year,5860,5,92,1151,3163,2,30,3,279,584,455,2,6,86,0,0,0,0,0,2,75.82,1.47,76.7,1.34,74.91,1.59,1.79,-0.25
district,Sudurpaschim,Kanchanpur,Total,18 Year,5988,4,98,642,2390,4,13,5,501,1113,1051,8,11,146,0,1,0,0,0,1,52.62,2.44,53.67,2.32,51.62,2.55,2.05,-0.23
district,Sudurpaschim,Kanchanpur,Total,19 Year,3885,5,45,207,994,1,8,2,365,920,1203,8,13,110,0,3,0,0,0,1,32.43,2.83,36.48,2.11,28.94,3.45,7.54,-1.34
district,Sudurpaschim,Kanchanpur,Total,20 Year,5413,0,0,0,702,6,3,5,718,1629,2047,19,31,253,0,0,0,0,0,0,13.14,4.67,14.19,4.6,12.39,4.73,1.8,-0.13
district,Sudurpaschim,Kanchanpur,Total,21 Year,4036,0,0,0,332,4,6,3,484,1232,1800,9,19,142,0,1,1,0,0,3,8.47,3.52,9.09,3.16,8.01,3.79,1.08,-0.63
district,Sudurpaschim,Kanchanpur,Total,22 Year,5502,0,1,0,258,7,2,6,741,1719,2449,29,24,264,0,0,0,1,0,1,4.87,4.8,4.83,4.39,4.9,5.09,-0.07,-0.7
district,Sudurpaschim,Kanchanpur,Total,23 Year,4796,0,0,1,135,6,3,7,706,1525,2118,18,33,240,0,2,0,2,0,0,3.02,5.0,3.22,3.87,2.9,5.72,0.32,-1.85
district,Sudurpaschim,Kanchanpur,Total,24 Year,5106,0,0,0,119,13,7,5,785,1485,2350,32,35,270,0,2,0,1,0,2,2.72,5.29,2.95,3.86,2.57,6.21,0.38,-2.35
district,Sudurpaschim,Kanchanpur,Total,25 Year,6185,0,0,0,107,18,10,17,1137,1789,2510,52,41,504,0,0,0,0,0,0,2.18,8.15,2.21,5.7,2.17,9.65,0.04,-3.95
district,Sudurpaschim,Kanchanpur,Male,All Ages,84165,9511,29043,17672,8960,28,205,98,4403,6118,6222,68,111,1644,2,17,0,3,0,60,77.73,1.95,77.73,1.95,71.27,2.56,6.46,-0.61
district,Sudurpaschim,Kanchanpur,Male,5 Year,4883,4435,0,0,0,1,16,27,0,0,0,3,11,356,0,0,0,0,0,34,91.17,7.29,91.17,7.29,90.74,8.09,0.43,-0.8
district,Sudurpaschim,Kanchanpur,Male,6 Year,4862,2762,1880,0,0,1,23,6,11,0,0,1,2,165,2,1,0,0,0,8,95.97,3.39,95.97,3.39,95.39,3.64,0.58,-0.25
district,Sudurpaschim,Kanchanpur,Male,7 Year,4837,1442,3247,0,0,2,17,5,25,0,0,0,3,89,0,0,0,0,0,7,97.33,1.84,97.33,1.84,97.33,1.56,0.0,0.28
district,Sudurpaschim,Kanchanpur,Male,8 Year,5408,617,4681,0,0,1,14,3,38,0,0,2,2,48,0,0,0,0,0,2,98.24,0.89,98.24,0.89,97.86,1.13,0.38,-0.24
district,Sudurpaschim,Kanchanpur,Male,9 Year,4838,154,4576,0,0,2,16,0,45,0,0,0,6,39,0,0,0,0,0,0,98.14,0.81,98.14,0.81,98.33,0.65,-0.19,0.16
district,Sudurpaschim,Kanchanpur,Male,10 Year,5942,61,5171,0,0,2,15,18,622,0,0,2,5,46,0,0,0,0,0,0,88.34,0.77,88.34,0.77,89.2,0.48,-0.86,0.29
district,Sudurpaschim,Kanchanpur,Male,11 Year,4990,9,3744,882,0,2,10,5,300,6,0,0,2,29,0,0,0,0,0,1,93.13,0.58,93.13,0.58,94.36,0.61,-1.23,-0.03
district,Sudurpaschim,Kanchanpur,Male,12 Year,6256,8,3313,2641,0,0,13,1,198,38,0,0,1,43,0,0,0,0,0,0,95.51,0.69,95.51,0.69,95.87,0.6,-0.36,0.09
district,Sudurpaschim,Kanchanpur,Male,13 Year,5692,5,1425,4046,0,0,11,5,94,71,0,1,2,32,0,0,0,0,0,0,96.4,0.56,96.4,0.56,97.02,0.47,-0.62,0.09
district,Sudurpaschim,Kanchanpur,Male,14 Year,6040,4,688,4240,825,2,9,3,108,100,17,0,5,33,0,6,0,0,0,0,95.5,0.55,95.5,0.55,96.85,0.38,-1.35,0.17
district,Sudurpaschim,Kanchanpur,Male,15 Year,5616,5,133,3155,1816,1,16,4,202,185,57,0,1,35,0,4,0,1,0,1,91.27,0.62,91.27,0.62,94.02,0.63,-2.75,-0.01
district,Sudurpaschim,Kanchanpur,Male,16 Year,4630,4,73,1666,2258,2,9,4,179,287,99,2,2,42,0,2,0,0,0,1,86.65,0.91,86.65,0.91,88.47,1.02,-1.82,-0.11
district,Sudurpaschim,Kanchanpur,Male,17 Year,2974,2,42,618,1606,0,13,1,150,320,177,2,3,40,0,0,0,0,0,0,76.7,1.34,76.7,1.34,74.91,1.59,1.79,-0.25
district,Sudurpaschim,Kanchanpur,Male,18 Year,2933,0,50,320,1194,3,7,2,276,582,421,5,4,68,0,0,0,0,0,1,53.67,2.32,53.67,2.32,51.62,2.55,2.05,-0.23
district,Sudurpaschim,Kanchanpur,Male,19 Year,1798,3,20,103,527,1,2,0,185,442,464,5,6,38,0,2,0,0,0,0,36.48,2.11,36.48,2.11,28.94,3.45,7.54,-1.34
district,Sudurpaschim,Kanchanpur,Male,20 Year,2241,0,0,0,317,0,1,2,314,741,744,10,9,103,0,0,0,0,0,0,14.19,4.6,14.19,4.6,12.39,4.73,1.8,-0.13
district,Sudurpaschim,Kanchanpur,Male,21 Year,1738,0,0,0,154,0,4,2,230,582,697,5,7,55,0,0,0,0,0,2,9.09,3.16,9.09,3.16,8.01,3.79,1.08,-0.63
district,Sudurpaschim,Kanchanpur,Male,22 Year,2277,0,0,0,104,4,2,1,352,755,940,8,10,100,0,0,0,0,0,1,4.83,4.39,4.83,4.39,4.9,5.09,-0.07,-0.7
district,Sudurpaschim,Kanchanpur,Male,23 Year,1861,0,0,1,57,1,1,3,278,637,793,4,11,72,0,1,0,2,0,0,3.22,3.87,3.22,3.87,2.9,5.72,0.32,-1.85
district,Sudurpaschim,Kanchanpur,Male,24 Year,1997,0,0,0,54,3,2,1,355,629,859,6,8,77,0,1,0,0,0,2,2.95,3.86,2.95,3.86,2.57,6.21,0.38,-2.35
district,Sudurpaschim,Kanchanpur,Male,25 Year,2352,0,0,0,48,0,4,5,441,743,954,12,11,134,0,0,0,0,0,0,2.21,5.7,2.21,5.7,2.17,9.65,0.04,-3.95
district,Sudurpaschim,Kanchanpur,Female,All Ages,84834,7511,25450,17475,9746,61,219,111,4547,7031,10140,133,168,2171,2,16,1,5,0,47,71.27,2.56,77.73,1.95,71.27,2.56,6.46,-0.61
district,Sudurpaschim,Kanchanpur,Female,5 Year,4093,3690,0,0,0,2,22,20,0,0,0,0,3,331,1,0,0,0,0,24,90.74,8.09,91.17,7.29,90.74,8.09,0.43,-0.8
district,Sudurpaschim,Kanchanpur,Female,6 Year,4146,2126,1815,0,0,2,12,9,14,0,0,4,1,151,0,0,0,0,0,12,95.39,3.64,95.97,3.39,95.39,3.64,0.58,-0.25
district,Sudurpaschim,Kanchanpur,Female,7 Year,4230,1094,3012,0,0,2,9,8,34,0,0,0,1,66,1,1,0,0,0,2,97.33,1.56,97.33,1.84,97.33,1.56,0.0,0.28
district,Sudurpaschim,Kanchanpur,Female,8 Year,4584,397,4066,0,0,1,22,2,40,0,0,1,2,52,0,0,0,0,0,1,97.86,1.13,98.24,0.89,97.86,1.13,0.38,-0.24
district,Sudurpaschim,Kanchanpur,Female,9 Year,4315,108,4117,0,0,1,17,1,42,0,0,1,0,28,0,0,0,0,0,0,98.33,0.65,98.14,0.81,98.33,0.65,-0.19,0.16
district,Sudurpaschim,Kanchanpur,Female,10 Year,5222,45,4597,0,0,1,15,17,518,0,0,0,4,25,0,0,0,0,0,0,89.2,0.48,88.34,0.77,89.2,0.48,-0.86,0.29
district,Sudurpaschim,Kanchanpur,Female,11 Year,4434,9,3179,986,0,0,10,4,214,2,0,0,3,27,0,0,0,0,0,0,94.36,0.61,93.13,0.58,94.36,0.61,-1.23,-0.03
district,Sudurpaschim,Kanchanpur,Female,12 Year,5670,10,2621,2797,0,0,8,5,158,33,0,1,3,34,0,0,0,0,0,0,95.87,0.6,95.51,0.69,95.87,0.6,-0.36,0.09
district,Sudurpaschim,Kanchanpur,Female,13 Year,5511,7,1217,4115,0,0,8,4,80,50,0,1,0,26,0,0,0,0,0,3,97.02,0.47,96.4,0.56,97.02,0.47,-0.62,0.09
district,Sudurpaschim,Kanchanpur,Female,14 Year,6028,2,535,4215,1078,1,7,0,77,65,17,1,2,23,0,3,0,1,0,1,96.85,0.38,95.5,0.55,96.85,0.38,-1.35,0.17
district,Sudurpaschim,Kanchanpur,Female,15 Year,5587,4,107,2889,2226,1,26,0,114,114,61,2,3,35,0,4,0,1,0,0,94.02,0.63,91.27,0.62,94.02,0.63,-2.75,-0.01
district,Sudurpaschim,Kanchanpur,Female,16 Year,4414,10,60,1514,2303,1,17,5,121,202,128,2,2,45,0,3,0,1,0,0,88.47,1.02,86.65,0.91,88.47,1.02,-1.82,-0.11
district,Sudurpaschim,Kanchanpur,Female,17 Year,2886,3,50,533,1557,2,17,2,129,264,278,0,3,46,0,0,0,0,0,2,74.91,1.59,76.7,1.34,74.91,1.59,1.79,-0.25
district,Sudurpaschim,Kanchanpur,Female,18 Year,3055,4,48,322,1196,1,6,3,225,531,630,3,7,78,0,1,0,0,0,0,51.62,2.55,53.67,2.32,51.62,2.55,2.05,-0.23
district,Sudurpaschim,Kanchanpur,Female,19 Year,2087,2,25,104,467,0,6,2,180,478,739,3,7,72,0,1,0,0,0,1,28.94,3.45,36.48,2.11,28.94,3.45,7.54,-1.34
district,Sudurpaschim,Kanchanpur,Female,20 Year,3172,0,0,0,385,6,2,3,404,888,1303,9,22,150,0,0,0,0,0,0,12.39,4.73,14.19,4.6,12.39,4.73,1.8,-0.13
district,Sudurpaschim,Kanchanpur,Female,21 Year,2298,0,0,0,178,4,2,1,254,650,1103,4,12,87,0,1,1,0,0,1,8.01,3.79,9.09,3.16,8.01,3.79,1.08,-0.63
district,Sudurpaschim,Kanchanpur,Female,22 Year,3225,0,1,0,154,3,0,5,389,964,1509,21,14,164,0,0,0,1,0,0,4.9,5.09,4.83,4.39,4.9,5.09,-0.07,-0.7
district,Sudurpaschim,Kanchanpur,Female,23 Year,2935,0,0,0,78,5,2,4,428,888,1325,14,22,168,0,1,0,0,0,0,2.9,5.72,3.22,3.87,2.9,5.72,0.32,-1.85
district,Sudurpaschim,Kanchanpur,Female,24 Year,3109,0,0,0,65,10,5,4,430,856,1491,26,27,193,0,1,0,1,0,0,2.57,6.21,2.95,3.86,2.57,6.21,0.38,-2.35
district,Sudurpaschim,Kanchanpur,Female,25 Year,3833,0,0,0,59,18,6,12,696,1046,1556,40,30,370,0,0,0,0,0,0,2.17,9.65,2.21,5.7,2.17,9.65,0.04,-3.95
