geo_level,province,district,sex,age_group,rowtotal,a_earlyedu,b_primary,c_lowrsecndry,d_upprsecndry,e_slc,f_inter,g_graduat,h_pgraduat,i_other,j_nolevel,k_notstd,no_education_rate,secondary_plus_rate,no_education_rate_male,secondary_plus_rate_male,no_education_rate_female,secondary_plus_rate_female,no_education_rate_gap_pts,secondary_plus_rate_gap_pts
national,Nepal,,Total,Total,20408124,896546,5855732,4071331,3148180,1939631,2600903,930176,441585,17761,357592,148687,1.75,44.4,1.16,29.31,2.43,28.58,-1.27,0.73
national,Nepal,,Total,05 Year,487656,481868,0,0,0,0,0,0,0,39,586,5163,0.12,0.0,0.11,0.0,0.13,0.0,-0.02,0.0
national,Nepal,,Total,06 Year,515215,221996,290146,0,0,0,0,0,0,41,518,2514,0.1,0.0,0.1,0.0,0.1,0.0,0.0,0.0
national,Nepal,,Total,07 Year,503847,99243,402503,0,0,0,0,0,0,32,456,1613,0.09,0.0,0.09,0.0,0.09,0.0,0.0,0.0
national,Nepal,,Total,08 Year,567433,45905,519255,0,0,0,0,0,0,41,595,1637,0.1,0.0,0.1,0.0,0.11,0.0,-0.01,0.0
national,Nepal,,Total,09 Year,485159,15251,467912,0,0,0,0,0,0,26,401,1569,0.08,0.0,0.08,0.0,0.08,0.0,0.0,0.0
national,Nepal,,Total,10 Year,617360,7780,607495,0,0,0,0,0,0,51,633,1401,0.1,0.0,0.12,0.0,0.09,0.0,0.03,0.0
national,Nepal,,Total,11 Year,463222,2233,341834,117888,0,0,0,0,0,60,407,800,0.09,0.0,0.11,0.0,0.06,0.0,0.05,0.0
national,Nepal,,Total,12 Year,613979,1915,293450,316920,0,0,0,0,0,62,667,965,0.11,0.0,0.13,0.0,0.09,0.0,0.04,0.0
national,Nepal,,Total,13 Year,540957,951,140018,398523,0,0,0,0,0,70,554,841,0.1,0.0,0.13,0.0,0.07,0.0,0.06,0.0
national,Nepal,,Total,14 Year,573226,821,85564,371650,113579,0,0,0,0,70,688,854,0.12,19.81,0.14,0.0,0.1,0.0,0.04,0.0
national,Nepal,,Total,15 Year,582578,620,38000,269789,224564,45328,0,0,0,105,945,3227,0.16,46.33,0.18,6.88,0.14,8.7,0.04,-1.82
national,Nepal,,Total,16 - 19 Years,2246464,1420,144383,441978,629879,600742,401978,15519,0,593,3862,6110,0.17,73.36,0.17,43.29,0.18,47.42,-0.01,-4.13
national,Nepal,,Total,20 - 24 Years,2564821,1485,230685,403765,482864,327378,864513,211063,25251,1237,8512,8068,0.33,74.51,0.27,56.22,0.39,55.19,-0.12,1.03
national,Nepal,,Total,25 - 29 Years,2158853,1811,284081,379677,441566,232488,473039,235087,87353,1185,13459,9107,0.62,68.07,0.42,48.82,0.81,46.51,-0.39,2.31
national,Nepal,,Total,30 - 34 Years,1755801,1601,330680,335448,287764,181829,322195,162388,99921,1279,22854,9842,1.3,60.04,0.65,45.45,1.94,41.87,-1.29,3.58
national,Nepal,,Total,35 - 39 Years,1519871,1780,354708,317954,277168,156766,186614,97200,76713,1603,36801,12564,2.42,52.27,1.04,36.76,3.95,31.02,-2.91,5.74
national,Nepal,,Total,40 - 44 Years,1196638,1852,307926,238350,223595,128183,123822,63509,51006,1798,43238,13359,3.61,49.31,1.51,33.99,6.29,26.35,-4.78,7.64
national,Nepal,,Total,45 - 49 Years,871784,1664,247510,156594,161491,88943,80722,44838,33629,1748,42134,12511,4.83,46.99,2.04,32.27,9.02,22.76,-6.98,9.51
national,Nepal,,Total,50 - 54 Years,751474,1735,235378,124103,125563,73018,64225,38471,26496,1962,47120,13403,6.27,43.62,2.7,30.8,12.81,19.77,-10.11,11.03
national,Nepal,,Total,55 - 59 Years,484748,1301,170493,72393,73796,42495,35383,22961,15302,1581,37673,11370,7.77,39.18,3.76,27.23,16.85,16.54,-13.09,10.69
national,Nepal,,Total,60 - 64 Years,359425,1181,141222,50663,45896,27243,22031,16391,10760,1351,32622,10065,9.08,34.03,5.13,24.01,19.07,14.31,-13.94,9.7
national,Nepal,,Total,65 - 69 Years,253727,887,103468,36700,30234,17839,13365,11251,7512,1011,23710,7750,9.34,31.61,6.04,21.49,19.31,14.27,-13.27,7.22
national,Nepal,,Total,70 - 74 Years,157378,588,65067,22238,17446,10122,7473,6589,4155,716,17131,5853,10.89,29.09,8.34,19.27,20.04,13.48,-11.7,5.79
national,Nepal,,Total,75+ Years,136508,658,53954,16698,12775,7257,5543,4909,3487,1100,22026,8101,16.14,24.89,15.07,16.2,20.55,12.75,-5.48,3.45
national,Nepal,,Male,Total,10845300,483824,3118550,2187299,1678156,1048920,1333878,515103,281378,7332,125330,65530,1.16,44.79,1.16,29.31,2.43,28.58,-1.27,0.73
national,Nepal,,Male,05 Year,257100,254099,0,0,0,0,0,0,0,20,294,2687,0.11,0.0,0.11,0.0,0.13,0.0,-0.02,0.0
national,Nepal,,Male,06 Year,270112,122412,146128,0,0,0,0,0,0,22,266,1284,0.1,0.0,0.1,0.0,0.1,0.0,0.0,0.0
national,Nepal,,Male,07 Year,261202,56387,203723,0,0,0,0,0,0,19,226,847,0.09,0.0,0.09,0.0,0.09,0.0,0.0,0.0
national,Nepal,,Male,08 Year,297243,26756,269353,0,0,0,0,0,0,24,305,805,0.1,0.0,0.1,0.0,0.11,0.0,-0.01,0.0
national,Nepal,,Male,09 Year,252408,8778,242593,0,0,0,0,0,0,9,213,815,0.08,0.0,0.08,0.0,0.08,0.0,0.0,0.0
national,Nepal,,Male,10 Year,324181,4451,318582,0,0,0,0,0,0,31,376,741,0.12,0.0,0.12,0.0,0.09,0.0,0.03,0.0
national,Nepal,,Male,11 Year,240510,1295,181382,57093,0,0,0,0,0,41,268,431,0.11,0.0,0.11,0.0,0.06,0.0,0.05,0.0
national,Nepal,,Male,12 Year,318063,1041,159237,156818,0,0,0,0,0,40,403,524,0.13,0.0,0.13,0.0,0.09,0.0,0.04,0.0
national,Nepal,,Male,13 Year,274322,526,75618,197366,0,0,0,0,0,43,355,414,0.13,0.0,0.13,0.0,0.07,0.0,0.06,0.0
national,Nepal,,Male,14 Year,290319,450,46156,190635,52204,0,0,0,0,50,406,418,0.14,17.98,0.14,0.0,0.1,0.0,0.04,0.0
national,Nepal,,Male,15 Year,294496,310,20674,142803,108185,20267,0,0,0,74,529,1654,0.18,43.62,0.18,6.88,0.14,8.7,0.04,-1.82
national,Nepal,,Male,16 - 19 Years,1139242,712,77908,240462,321596,295526,190884,6767,0,331,1902,3154,0.17,71.52,0.17,43.29,0.18,47.42,-0.01,-4.13
national,Nepal,,Male,20 - 24 Years,1226930,581,110973,200609,217294,166286,413689,97967,11894,554,3336,3747,0.27,73.93,0.27,56.22,0.39,55.19,-0.12,1.03
national,Nepal,,Male,25 - 29 Years,1032353,720,129652,186790,202473,117029,225566,117114,44317,511,4371,3810,0.42,68.44,0.42,48.82,0.81,46.51,-0.39,2.31
national,Nepal,,Male,30 - 34 Years,872743,579,149942,170922,144751,94833,160396,84766,56630,550,5706,3668,0.65,62.03,0.65,45.45,1.94,41.87,-1.29,3.58
national,Nepal,,Male,35 - 39 Years,797578,617,167505,171690,151381,87805,101567,55053,48779,519,8269,4393,1.04,55.74,1.04,36.76,3.95,31.02,-2.91,5.74
national,Nepal,,Male,40 - 44 Years,670060,634,155875,136773,133745,75617,74602,40902,36640,541,10123,4608,1.51,53.95,1.51,33.99,6.29,26.35,-4.78,7.64
national,Nepal,,Male,45 - 49 Years,522729,580,133304,97273,107316,57198,53502,31662,26334,494,10644,4422,2.04,52.8,2.04,32.27,9.02,22.76,-6.98,9.51
national,Nepal,,Male,50 - 54 Years,486219,609,140383,84584,92116,51204,46894,29809,21866,596,13140,5018,2.7,49.75,2.7,30.8,12.81,19.77,-10.11,11.03
national,Nepal,,Male,55 - 59 Years,336311,504,114215,53773,58599,32488,27595,18583,12923,521,12659,4451,3.76,44.66,3.76,27.23,16.85,16.54,-13.09,10.69
national,Nepal,,Male,60 - 64 Years,257636,558,100792,38497,37632,21566,17777,13442,9069,567,13208,4528,5.13,38.61,5.13,24.01,19.07,14.31,-13.94,9.7
national,Nepal,,Male,65 - 69 Years,190489,454,78660,29272,25193,14481,10851,9247,6363,492,11500,3976,6.04,34.72,6.04,21.49,19.31,14.27,-13.27,7.22
national,Nepal,,Male,70 - 74 Years,123106,346,51845,18217,14827,8498,6107,5545,3569,449,10263,3440,8.34,31.31,8.34,19.27,20.04,13.48,-11.7,5.79
national,Nepal,,Male,75+ Years,109948,425,44050,13722,10844,6122,4448,4246,2994,834,16568,5695,15.07,26.06,15.07,16.2,20.55,12.75,-5.48,3.45
national,Nepal,,Female,Total,9562824,412722,2737182,1884032,1470024,890711,1267025,415073,160207,10429,232262,83157,2.43,43.95,1.16,29.31,2.43,28.58,-1.27,0.73
national,Nepal,,Female,05 Year,230556,227769,0,0,0,0,0,0,0,19,292,2476,0.13,0.0,0.11,0.0,0.13,0.0,-0.02,0.0
national,Nepal,,Female,06 Year,245103,99584,144018,0,0,0,0,0,0,19,252,1230,0.1,0.0,0.1,0.0,0.1,0.0,0.0,0.0
national,Nepal,,Female,07 Year,242645,42856,198780,0,0,0,0,0,0,13,230,766,0.09,0.0,0.09,0.0,0.09,0.0,0.0,0.0
national,Nepal,,Female,08 Year,270190,19149,249902,0,0,0,0,0,0,17,290,832,0.11,0.0,0.1,0.0,0.11,0.0,-0.01,0.0
national,Nepal,,Female,09 Year,232751,6473,225319,0,0,0,0,0,0,17,188,754,0.08,0.0,0.08,0.0,0.08,0.0,0.0,0.0
national,Nepal,,Female,10 Year,293179,3329,288913,0,0,0,0,0,0,20,257,660,0.09,0.0,0.12,0.0,0.09,0.0,0.03,0.0
national,Nepal,,Female,11 Year,222712,938,160452,60795,0,0,0,0,0,19,139,369,0.06,0.0,0.11,0.0,0.06,0.0,0.05,0.0
national,Nepal,,Female,12 Year,295916,874,134213,160102,0,0,0,0,0,22,264,441,0.09,0.0,0.13,0.0,0.09,0.0,0.04,0.0
national,Nepal,,Female,13 Year,266635,425,64400,201157,0,0,0,0,0,27,199,427,0.07,0.0,0.13,0.0,0.07,0.0,0.06,0.0
national,Nepal,,Female,14 Year,282907,371,39408,181015,61375,0,0,0,0,20,282,436,0.1,21.69,0.14,0.0,0.1,0.0,0.04,0.0
national,Nepal,,Female,15 Year,288082,310,17326,126986,116379,25061,0,0,0,31,416,1573,0.14,49.1,0.18,6.88,0.14,8.7,0.04,-1.82
national,Nepal,,Female,16 - 19 Years,1107222,708,66475,201516,308283,305216,211094,8752,0,262,1960,2956,0.18,75.26,0.17,43.29,0.18,47.42,-0.01,-4.13
national,Nepal,,Female,20 - 24 Years,1337891,904,119712,203156,265570,161092,450824,113096,13357,683,5176,4321,0.39,75.04,0.27,56.22,0.39,55.19,-0.12,1.03
national,Nepal,,Female,25 - 29 Years,1126500,1091,154429,192887,239093,115459,247473,117973,43036,674,9088,5297,0.81,67.73,0.42,48.82,0.81,46.51,-0.39,2.31
national,Nepal,,Female,30 - 34 Years,883058,1022,180738,164526,143013,86996,161799,77622,43291,729,17148,6174,1.94,58.06,0.65,45.45,1.94,41.87,-1.29,3.58
national,Nepal,,Female,35 - 39 Years,722293,1163,187203,146264,125787,68961,85047,42147,27934,1084,28532,8171,3.95,48.44,1.04,36.76,3.95,31.02,-2.91,5.74
national,Nepal,,Female,40 - 44 Years,526578,1218,152051,101577,89850,52566,49220,22607,14366,1257,33115,8751,6.29,43.41,1.51,33.99,6.29,26.35,-4.78,7.64
national,Nepal,,Female,45 - 49 Years,349055,1084,114206,59321,54175,31745,27220,13176,7295,1254,31490,8089,9.02,38.28,2.04,32.27,9.02,22.76,-6.98,9.51
national,Nepal,,Female,50 - 54 Years,265255,1126,94995,39519,33447,21814,17331,8662,4630,1366,33980,8385,12.81,32.38,2.7,30.8,12.81,19.77,-10.11,11.03
national,Nepal,,Female,55 - 59 Years,148437,797,56278,18620,15197,10007,7788,4378,2379,1060,25014,6919,16.85,26.78,3.76,27.23,16.85,16.54,-13.09,10.69
national,Nepal,,Female,60 - 64 Years,101789,623,40430,12166,8264,5677,4254,2949,1691,784,19414,5537,19.07,22.43,5.13,24.01,19.07,14.31,-13.94,9.7
national,Nepal,,Female,65 - 69 Years,63238,433,24808,7428,5041,3358,2514,2004,1149,519,12210,3774,19.31,22.24,6.04,21.49,19.31,14.27,-13.27,7.22
national,Nepal,,Female,70 - 74 Years,34272,242,13222,4021,2619,1624,1366,1044,586,267,6868,2413,20.04,21.12,8.34,19.27,20.04,13.48,-11.7,5.79
national,Nepal,,Female,75+ Years,26560,233,9904,2976,1931,1135,1095,663,493,266,5458,2406,20.55,20.02,15.07,16.2,20.55,12.75,-5.48,3.45
province,Koshi,,Total,Total,3639547,146754,1026122,731423,642212,411343,432029,125482,52070,2583,51905,17624,1.43,45.7,1.1,27.73,1.78,28.4,-0.68,-0.67
province,Koshi,,Total,05 Year,81227,81100,0,0,0,0,0,0,0,1,14,112,0.02,0.0,0.01,0.0,0.02,0.0,-0.01,0.0
province,Koshi,,Total,06 Year,85954,38480,47404,0,0,0,0,0,0,1,25,44,0.03,0.0,0.04,0.0,0.02,0.0,0.02,0.0
province,Koshi,,Total,07 Year,87756,15917,71804,0,0,0,0,0,0,0,14,21,0.02,0.0,0.02,0.0,0.01,0.0,0.01,0.0
province,Koshi,,Total,08 Year,92358,5395,86901,0,0,0,0,0,0,8,26,28,0.03,0.0,0.03,0.0,0.03,0.0,0.0,0.0
province,Koshi,,Total,09 Year,84207,1591,82554,0,0,0,0,0,0,0,21,41,0.02,0.0,0.03,0.0,0.02,0.0,0.01,0.0
province,Koshi,,Total,10 Year,94490,594,93842,0,0,0,0,0,0,10,22,22,0.02,0.0,0.03,0.0,0.02,0.0,0.01,0.0
province,Koshi,,Total,11 Year,78451,194,57056,21170,0,0,0,0,0,1,15,15,0.02,0.0,0.02,0.0,0.01,0.0,0.01,0.0
province,Koshi,,Total,12 Year,93433,188,40049,53146,0,0,0,0,0,7,25,18,0.03,0.0,0.04,0.0,0.01,0.0,0.03,0.0
province,Koshi,,Total,13 Year,88774,112,18975,69645,0,0,0,0,0,6,23,13,0.03,0.0,0.03,0.0,0.02,0.0,0.01,0.0
province,Koshi,,Total,14 Year,91778,108,10641,61091,19881,0,0,0,0,7,35,15,0.04,21.66,0.04,0.0,0.03,0.0,0.01,0.0
province,Koshi,,Total,15 Year,94902,39,4073,42071,38885,9091,0,0,0,19,119,605,0.13,50.55,0.14,7.95,0.11,11.23,0.03,-3.28
province,Koshi,,Total,16 - 19 Years,374794,94,20584,67720,102836,113311,66966,2106,0,52,305,820,0.08,76.1,0.08,45.13,0.08,52.27,0.0,-7.14
province,Koshi,,Total,20 - 24 Years,429964,262,36697,70964,88159,64361,137043,27408,2967,115,856,1132,0.2,74.41,0.17,52.82,0.22,54.88,-0.05,-2.06
province,Koshi,,Total,25 - 29 Years,383467,332,45524,70312,96064,53451,74425,30413,10365,148,1336,1097,0.35,69.03,0.28,43.44,0.41,44.45,-0.13,-1.01
province,Koshi,,Total,30 - 34 Years,326299,278,54579,62667,67494,47797,56468,22068,11635,141,2127,1045,0.65,62.97,0.44,42.72,0.85,41.88,-0.41,0.84
province,Koshi,,Total,35 - 39 Years,293772,321,63979,62080,67960,37900,33909,13438,9115,175,3541,1354,1.21,55.25,0.62,34.58,1.8,29.66,-1.18,4.92
province,Koshi,,Total,40 - 44 Years,239819,303,60598,49754,53573,30170,23417,9209,6227,225,4866,1477,2.03,51.12,0.99,32.34,3.23,24.67,-2.24,7.67
province,Koshi,,Total,45 - 49 Years,172786,301,51099,32264,37576,19011,14531,6563,4165,260,5508,1508,3.19,47.37,1.51,29.77,5.51,19.87,-4.0,9.9
province,Koshi,,Total,50 - 54 Years,154944,311,52697,26641,29967,15158,11683,5907,3402,312,7092,1774,4.58,42.67,2.19,27.6,8.65,16.06,-6.46,11.54
province,Koshi,,Total,55 - 59 Years,101103,235,39825,15670,17188,8598,5920,3316,1899,289,6555,1608,6.48,36.52,3.32,23.1,13.3,11.8,-9.98,11.3
province,Koshi,,Total,60 - 64 Years,75911,233,34309,10910,10245,5552,3550,2156,1052,264,6197,1443,8.16,29.71,4.8,19.05,16.46,9.21,-11.66,9.84
province,Koshi,,Total,65 - 69 Years,52843,159,24826,7555,6285,3668,2121,1474,653,197,4762,1143,9.01,26.87,6.08,17.02,17.55,9.02,-11.47,8.0
province,Koshi,,Total,70 - 74 Years,32224,102,15219,4529,3448,1978,1192,822,324,139,3551,920,11.02,24.09,8.77,14.82,19.41,8.06,-10.64,6.76
province,Koshi,,Total,75+ Years,28291,105,12887,3234,2651,1297,804,602,266,206,4870,1369,17.21,19.86,16.27,11.12,21.59,7.61,-5.32,3.51
province,Koshi,,Male,Total,1907614,77531,548097,390895,331337,212838,212209,69761,34238,1196,21017,8495,1.1,45.1,1.1,27.73,1.78,28.4,-0.68,-0.67
province,Koshi,,Male,05 Year,41906,41844,0,0,0,0,0,0,0,1,6,55,0.01,0.0,0.01,0.0,0.02,0.0,-0.01,0.0
province,Koshi,,Male,06 Year,44326,20726,23558,0,0,0,0,0,0,1,18,23,0.04,0.0,0.04,0.0,0.02,0.0,0.02,0.0
province,Koshi,,Male,07 Year,44732,8930,35784,0,0,0,0,0,0,0,10,8,0.02,0.0,0.02,0.0,0.01,0.0,0.01,0.0
province,Koshi,,Male,08 Year,47416,3089,44293,0,0,0,0,0,0,8,13,13,0.03,0.0,0.03,0.0,0.03,0.0,0.0,0.0
province,Koshi,,Male,09 Year,42902,886,41981,0,0,0,0,0,0,0,13,22,0.03,0.0,0.03,0.0,0.02,0.0,0.01,0.0
province,Koshi,,Male,10 Year,48797,330,48437,0,0,0,0,0,0,9,13,8,0.03,0.0,0.03,0.0,0.02,0.0,0.01,0.0
province,Koshi,,Male,11 Year,40163,110,29940,10090,0,0,0,0,0,1,10,12,0.02,0.0,0.02,0.0,0.01,0.0,0.01,0.0
province,Koshi,,Male,12 Year,47589,101,21874,25576,0,0,0,0,0,7,20,11,0.04,0.0,0.04,0.0,0.01,0.0,0.03,0.0
province,Koshi,,Male,13 Year,44671,55,10504,34085,0,0,0,0,0,5,14,8,0.03,0.0,0.03,0.0,0.02,0.0,0.01,0.0
province,Koshi,,Male,14 Year,46112,54,5958,31243,8824,0,0,0,0,7,20,6,0.04,19.14,0.04,0.0,0.03,0.0,0.01,0.0
province,Koshi,,Male,15 Year,47724,18,2475,22754,18288,3794,0,0,0,19,66,310,0.14,46.27,0.14,7.95,0.11,11.23,0.03,-3.28
province,Koshi,,Male,16 - 19 Years,189203,56,12226,38423,52472,54338,30188,854,0,39,149,458,0.08,72.86,0.08,45.13,0.08,52.27,0.0,-7.14
province,Koshi,,Male,20 - 24 Years,202923,101,19287,36671,38709,31266,62473,12061,1378,51,347,579,0.17,71.89,0.17,52.82,0.22,54.88,-0.05,-2.06
province,Koshi,,Male,25 - 29 Years,178202,134,21923,35484,42219,24507,33136,14570,5206,62,498,463,0.28,67.14,0.28,43.44,0.41,44.45,-0.13,-1.01
province,Koshi,,Male,30 - 34 Years,156191,123,25257,31104,31819,22610,26137,11239,6735,68,689,410,0.44,63.09,0.44,42.72,0.85,41.88,-0.41,0.84
province,Koshi,,Male,35 - 39 Years,147069,132,29030,31335,34207,19705,17386,7689,6070,52,907,556,0.62,57.83,0.62,34.58,1.8,29.66,-1.18,4.92
province,Koshi,,Male,40 - 44 Years,128591,124,28919,26590,29453,17146,13604,6180,4656,76,1274,569,0.99,55.24,0.99,32.34,3.23,24.67,-2.24,7.67
province,Koshi,,Male,45 - 49 Years,100308,122,26176,18721,23214,11977,9625,4846,3417,103,1517,590,1.51,52.92,1.51,29.77,5.51,19.87,-4.0,9.9
province,Koshi,,Male,50 - 54 Years,97685,126,29854,17228,20545,10491,8583,4907,2976,104,2139,732,2.19,48.63,2.19,27.6,8.65,16.06,-6.46,11.54
province,Koshi,,Male,55 - 59 Years,69063,105,25545,11262,13121,6593,4727,2911,1721,108,2295,675,3.32,42.1,3.32,23.1,13.3,11.8,-9.98,11.3
province,Koshi,,Male,60 - 64 Years,54029,130,23923,8052,8179,4493,2955,1894,952,136,2595,720,4.8,34.19,4.8,19.05,16.46,9.21,-11.66,9.84
province,Koshi,,Male,65 - 69 Years,39347,94,18453,5884,5095,3053,1735,1317,593,89,2393,641,6.08,29.97,6.08,17.02,17.55,9.02,-11.47,8.0
province,Koshi,,Male,70 - 74 Years,25404,64,12049,3688,2921,1730,997,742,297,88,2227,601,8.77,26.32,8.77,14.82,19.41,8.06,-10.64,6.76
province,Koshi,,Male,75+ Years,23261,77,10651,2705,2271,1135,663,551,237,162,3784,1025,16.27,20.88,16.27,11.12,21.59,7.61,-5.32,3.51
province,Koshi,,Female,Total,1731933,69223,478025,340528,310875,198505,219820,55721,17832,1387,30888,9129,1.78,46.35,1.1,27.73,1.78,28.4,-0.68,-0.67
province,Koshi,,Female,05 Year,39321,39256,0,0,0,0,0,0,0,0,8,57,0.02,0.0,0.01,0.0,0.02,0.0,-0.01,0.0
province,Koshi,,Female,06 Year,41628,17754,23846,0,0,0,0,0,0,0,7,21,0.02,0.0,0.04,0.0,0.02,0.0,0.02,0.0
province,Koshi,,Female,07 Year,43024,6987,36020,0,0,0,0,0,0,0,4,13,0.01,0.0,0.02,0.0,0.01,0.0,0.01,0.0
province,Koshi,,Female,08 Year,44942,2306,42608,0,0,0,0,0,0,0,13,15,0.03,0.0,0.03,0.0,0.03,0.0,0.0,0.0
province,Koshi,,Female,09 Year,41305,705,40573,0,0,0,0,0,0,0,8,19,0.02,0.0,0.03,0.0,0.02,0.0,0.01,0.0
province,Koshi,,Female,10 Year,45693,264,45405,0,0,0,0,0,0,1,9,14,0.02,0.0,0.03,0.0,0.02,0.0,0.01,0.0
province,Koshi,,Female,11 Year,38288,84,27116,11080,0,0,0,0,0,0,5,3,0.01,0.0,0.02,0.0,0.01,0.0,0.01,0.0
province,Koshi,,Female,12 Year,45844,87,18175,27570,0,0,0,0,0,0,5,7,0.01,0.0,0.04,0.0,0.01,0.0,0.03,0.0
province,Koshi,,Female,13 Year,44103,57,8471,35560,0,0,0,0,0,1,9,5,0.02,0.0,0.03,0.0,0.02,0.0,0.01,0.0
province,Koshi,,Female,14 Year,45666,54,4683,29848,11057,0,0,0,0,0,15,9,0.03,24.21,0.04,0.0,0.03,0.0,0.01,0.0
province,Koshi,,Female,15 Year,47178,21,1598,19317,20597,5297,0,0,0,0,53,295,0.11,54.89,0.14,7.95,0.11,11.23,0.03,-3.28
province,Koshi,,Female,16 - 19 Years,185591,38,8358,29297,50364,58973,36778,1252,0,13,156,362,0.08,79.4,0.08,45.13,0.08,52.27,0.0,-7.14
province,Koshi,,Female,20 - 24 Years,227041,161,17410,34293,49450,33095,74570,15347,1589,64,509,553,0.22,76.66,0.17,52.82,0.22,54.88,-0.05,-2.06
province,Koshi,,Female,25 - 29 Years,205265,198,23601,34828,53845,28944,41289,15843,5159,86,838,634,0.41,70.68,0.28,43.44,0.41,44.45,-0.13,-1.01
province,Koshi,,Female,30 - 34 Years,170108,155,29322,31563,35675,25187,30331,10829,4900,73,1438,635,0.85,62.86,0.44,42.72,0.85,41.88,-0.41,0.84
province,Koshi,,Female,35 - 39 Years,146703,189,34949,30745,33753,18195,16523,5749,3045,123,2634,798,1.8,52.67,0.62,34.58,1.8,29.66,-1.18,4.92
province,Koshi,,Female,40 - 44 Years,111228,179,31679,23164,24120,13024,9813,3029,1571,149,3592,908,3.23,46.35,0.99,32.34,3.23,24.67,-2.24,7.67
province,Koshi,,Female,45 - 49 Years,72478,179,24923,13543,14362,7034,4906,1717,748,157,3991,918,5.51,39.69,1.51,29.77,5.51,19.87,-4.0,9.9
province,Koshi,,Female,50 - 54 Years,57259,185,22843,9413,9422,4667,3100,1000,426,208,4953,1042,8.65,32.51,2.19,27.6,8.65,16.06,-6.46,11.54
province,Koshi,,Female,55 - 59 Years,32040,130,14280,4408,4067,2005,1193,405,178,181,4260,933,13.3,24.49,3.32,23.1,13.3,11.8,-9.98,11.3
province,Koshi,,Female,60 - 64 Years,21882,103,10386,2858,2066,1059,595,262,100,128,3602,723,16.46,18.65,4.8,19.05,16.46,9.21,-11.66,9.84
province,Koshi,,Female,65 - 69 Years,13496,65,6373,1671,1190,615,386,157,60,108,2369,502,17.55,17.84,6.08,17.02,17.55,9.02,-11.47,8.0
province,Koshi,,Female,70 - 74 Years,6820,38,3170,841,527,248,195,80,27,51,1324,319,19.41,15.79,8.77,14.82,19.41,8.06,-10.64,6.76
province,Koshi,,Female,75+ Years,5030,28,2236,529,380,162,141,51,29,44,1086,344,21.59,15.17,16.27,11.12,21.59,7.61,-5.32,3.51
district,Koshi,Taplejung,Total,Total,90666,3001,27680,19934,17576,8377,8907,2341,966,50,1295,539,1.43,42.1,1.18,22.18,1.72,23.33,-0.54,-1.15
district,Koshi,Taplejung,Total,05 Year,2071,2070,0,0,0,0,0,0,0,0,0,1,0.0,0.0,0.0,0.0,0.0,0.0,0.0,0.0
district,Koshi,Taplejung,Total,06 Year,2331,558,1773,0,0,0,0,0,0,0,0,0,0.0,0.0,0.0,0.0,0.0,0.0,0.0,0.0
district,Koshi,Taplejung,Total,07 Year,2397,172,2225,0,0,0,0,0,0,0,0,0,0.0,0.0,0.0,0.0,0.0,0.0,0.0,0.0
district,Koshi,Taplejung,Total,08 Year,2230,68,2162,0,0,0,0,0,0,0,0,0,0.0,0.0,0.0,0.0,0.0,0.0,0.0,0.0
district,Koshi,Taplejung,Total,09 Year,2251,26,2222,0,0,0,0,0,0,0,1,2,0.04,0.0,0.09,0.0,0.0,0.0,0.09,0.0
district,Koshi,Taplejung,Total,10 Year,2165,9,2156,0,0,0,0,0,0,0,0,0,0.0,0.0,0.0,0.0,0.0,0.0,0.0,0.0
district,Koshi,Taplejung,Total,11 Year,2015,1,1206,808,0,0,0,0,0,0,0,0,0.0,0.0,0.0,0.0,0.0,0.0,0.0,0.0
district,Koshi,Taplejung,Total,12 Year,2360,2,740,1617,0,0,0,0,0,0,0,1,0.0,0.0,0.0,0.0,0.0,0.0,0.0,0.0
district,Koshi,Taplejung,Total,13 Year,2406,1,418,1986,0,0,0,0,0,0,1,0,0.04,0.0,0.0,0.0,0.08,0.0,-0.08,0.0
district,Koshi,Taplejung,Total,14 Year,2523,3,258,1485,776,0,0,0,0,0,1,0,0.04,30.76,0.08,0.0,0.0,0.0,0.08,0.0
district,Koshi,Taplejung,Total,15 Year,2580,0,103,998,1149,306,0,0,0,1,1,22,0.04,56.4,0.0,9.84,0.08,13.86,-0.08,-4.02
district,Koshi,Taplejung,Total,16 - 19 Years,10303,3,597,2038,3092,2630,1835,69,0,0,9,30,0.09,74.02,0.14,39.43,0.04,48.59,0.1,-9.16
district,Koshi,Taplejung,Total,20 - 24 Years,11654,15,1077,2329,3352,1499,2626,635,51,2,28,40,0.24,70.04,0.15,38.19,0.33,44.41,-0.18,-6.22
district,Koshi,Taplejung,Total,25 - 29 Years,10094,12,1256,2020,3019,1260,1701,559,195,0,39,33,0.39,66.71,0.34,36.2,0.43,37.46,-0.09,-1.26
district,Koshi,Taplejung,Total,30 - 34 Years,7755,8,1473,1732,1671,896,1174,470,243,0,61,27,0.79,57.43,0.49,37.61,1.11,33.99,-0.62,3.62
district,Koshi,Taplejung,Total,35 - 39 Years,6204,5,1579,1458,1483,575,589,237,162,4,74,38,1.19,49.1,0.64,27.29,1.82,22.83,-1.18,4.46
district,Koshi,Taplejung,Total,40 - 44 Years,5174,9,1626,1157,1106,433,403,146,124,5,128,37,2.47,42.75,1.55,25.45,3.6,16.42,-2.05,9.03
district,Koshi,Taplejung,Total,45 - 49 Years,3759,8,1529,739,642,258,228,83,73,5,141,53,3.75,34.16,1.81,21.47,6.53,10.8,-4.72,10.67
district,Koshi,Taplejung,Total,50 - 54 Years,3722,5,1635,685,597,247,183,76,65,7,163,59,4.38,31.38,1.77,18.37,9.31,9.62,-7.54,8.75
district,Koshi,Taplejung,Total,55 - 59 Years,2408,10,1241,368,306,114,68,31,25,4,185,56,7.68,22.59,4.54,11.81,15.53,5.08,-10.99,6.73
district,Koshi,Taplejung,Total,60 - 64 Years,1847,10,1043,226,175,75,53,24,15,8,160,58,8.66,18.52,5.41,10.26,20.25,4.69,-14.84,5.57
district,Koshi,Taplejung,Total,65 - 69 Years,1121,4,645,149,103,47,24,4,8,2,106,29,9.46,16.59,7.09,8.32,18.53,3.88,-11.44,4.44
district,Koshi,Taplejung,Total,70 - 74 Years,704,2,400,79,58,19,11,3,4,5,98,25,13.92,13.49,11.99,5.24,24.11,5.36,-12.12,-0.12
district,Koshi,Taplejung,Total,75+ Years,592,0,316,60,47,18,12,4,1,7,99,28,16.72,13.85,15.8,5.78,23.29,6.85,-7.49,-1.07
district,Koshi,Taplejung,Male,Total,48935,1574,15192,10889,9528,4455,4471,1259,671,26,576,294,1.18,41.66,1.18,22.18,1.72,23.33,-0.54,-1.15
district,Koshi,Taplejung,Male,05 Year,1051,1051,0,0,0,0,0,0,0,0,0,0,0.0,0.0,0.0,0.0,0.0,0.0,0.0,0.0
district,Koshi,Taplejung,Male,06 Year,1204,309,895,0,0,0,0,0,0,0,0,0,0.0,0.0,0.0,0.0,0.0,0.0,0.0,0.0
district,Koshi,Taplejung,Male,07 Year,1209,101,1108,0,0,0,0,0,0,0,0,0,0.0,0.0,0.0,0.0,0.0,0.0,0.0,0.0
district,Koshi,Taplejung,Male,08 Year,1110,31,1079,0,0,0,0,0,0,0,0,0,0.0,0.0,0.0,0.0,0.0,0.0,0.0,0.0
district,Koshi,Taplejung,Male,09 Year,1134,17,1114,0,0,0,0,0,0,0,1,2,0.09,0.0,0.09,0.0,0.0,0.0,0.09,0.0
district,Koshi,Taplejung,Male,10 Year,1049,4,1045,0,0,0,0,0,0,0,0,0,0.0,0.0,0.0,0.0,0.0,0.0,0.0,0.0
district,Koshi,Taplejung,Male,11 Year,1008,1,625,382,0,0,0,0,0,0,0,0,0.0,0.0,0.0,0.0,0.0,0.0,0.0,0.0
district,Koshi,Taplejung,Male,12 Year,1156,1,404,751,0,0,0,0,0,0,0,0,0.0,0.0,0.0,0.0,0.0,0.0,0.0,0.0
district,Koshi,Taplejung,Male,13 Year,1194,1,233,960,0,0,0,0,0,0,0,0,0.0,0.0,0.0,0.0,0.08,0.0,-0.08,0.0
district,Koshi,Taplejung,Male,14 Year,1268,1,140,777,349,0,0,0,0,0,1,0,0.08,27.52,0.08,0.0,0.0,0.0,0.08,0.0
district,Koshi,Taplejung,Male,15 Year,1281,0,70,526,547,126,0,0,0,1,0,11,0.0,52.54,0.0,9.84,0.08,13.86,-0.08,-4.02
district,Koshi,Taplejung,Male,16 - 19 Years,5158,2,389,1175,1531,1177,833,24,0,0,7,20,0.14,69.12,0.14,39.43,0.04,48.59,0.1,-9.16
district,Koshi,Taplejung,Male,20 - 24 Years,5853,7,678,1278,1619,765,1197,257,16,0,9,27,0.15,65.85,0.15,38.19,0.33,44.41,-0.18,-6.22
district,Koshi,Taplejung,Male,25 - 29 Years,5265,5,661,1105,1551,666,828,294,118,0,18,19,0.34,65.66,0.34,36.2,0.43,37.46,-0.09,-1.26
district,Koshi,Taplejung,Male,30 - 34 Years,4057,6,745,877,874,473,626,268,159,0,20,9,0.49,59.16,0.49,37.61,1.11,33.99,-0.62,3.62
district,Koshi,Taplejung,Male,35 - 39 Years,3291,3,744,758,847,346,308,133,111,0,21,20,0.64,53.02,0.64,27.29,1.82,22.83,-1.18,4.46
district,Koshi,Taplejung,Male,40 - 44 Years,2841,5,730,629,695,287,239,96,101,1,44,14,1.55,49.91,1.55,25.45,3.6,16.42,-2.05,9.03
district,Koshi,Taplejung,Male,45 - 49 Years,2212,7,781,448,432,195,154,66,60,3,40,26,1.81,41.0,1.81,21.47,6.53,10.8,-4.72,10.67
district,Koshi,Taplejung,Male,50 - 54 Years,2433,4,948,489,472,179,149,62,57,3,43,27,1.77,37.77,1.77,18.37,9.31,9.62,-7.54,8.75
district,Koshi,Taplejung,Male,55 - 59 Years,1719,6,843,293,265,98,53,29,23,2,78,29,4.54,27.23,4.54,11.81,15.53,5.08,-10.99,6.73
district,Koshi,Taplejung,Male,60 - 64 Years,1442,7,827,189,160,66,47,21,14,5,78,28,5.41,21.36,5.41,10.26,20.25,4.69,-14.84,5.57
district,Koshi,Taplejung,Male,65 - 69 Years,889,4,515,125,90,43,20,4,7,1,63,17,7.09,18.45,7.09,8.32,18.53,3.88,-11.44,4.44
district,Koshi,Taplejung,Male,70 - 74 Years,592,1,338,71,55,18,7,2,4,4,71,21,11.99,14.53,11.99,5.24,24.11,5.36,-12.12,-0.12
district,Koshi,Taplejung,Male,75+ Years,519,0,280,56,41,16,10,3,1,6,82,24,15.8,13.68,15.8,5.78,23.29,6.85,-7.49,-1.07
district,Koshi,Taplejung,Female,Total,41731,1427,12488,9045,8048,3922,4436,1082,295,24,719,245,1.72,42.61,1.18,22.18,1.72,23.33,-0.54,-1.15
district,Koshi,Taplejung,Female,05 Year,1020,1019,0,0,0,0,0,0,0,0,0,1,0.0,0.0,0.0,0.0,0.0,0.0,0.0,0.0
district,Koshi,Taplejung,Female,06 Year,1127,249,878,0,0,0,0,0,0,0,0,0,0.0,0.0,0.0,0.0,0.0,0.0,0.0,0.0
district,Koshi,Taplejung,Female,07 Year,1188,71,1117,0,0,0,0,0,0,0,0,0,0.0,0.0,0.0,0.0,0.0,0.0,0.0,0.0
district,Koshi,Taplejung,Female,08 Year,1120,37,1083,0,0,0,0,0,0,0,0,0,0.0,0.0,0.0,0.0,0.0,0.0,0.0,0.0
district,Koshi,Taplejung,Female,09 Year,1117,9,1108,0,0,0,0,0,0,0,0,0,0.0,0.0,0.09,0.0,0.0,0.0,0.09,0.0
district,Koshi,Taplejung,Female,10 Year,1116,5,1111,0,0,0,0,0,0,0,0,0,0.0,0.0,0.0,0.0,0.0,0.0,0.0,0.0
district,Koshi,Taplejung,Female,11 Year,1007,0,581,426,0,0,0,0,0,0,0,0,0.0,0.0,0.0,0.0,0.0,0.0,0.0,0.0
district,Koshi,Taplejung,Female,12 Year,1204,1,336,866,0,0,0,0,0,0,0,1,0.0,0.0,0.0,0.0,0.0,0.0,0.0,0.0
district,Koshi,Taplejung,Female,13 Year,1212,0,185,1026,0,0,0,0,0,0,1,0,0.08,0.0,0.0,0.0,0.08,0.0,-0.08,0.0
district,Koshi,Taplejung,Female,14 Year,1255,2,118,708,427,0,0,0,0,0,0,0,0.0,34.02,0.08,0.0,0.0,0.0,0.08,0.0
district,Koshi,Taplejung,Female,15 Year,1299,0,33,472,602,180,0,0,0,0,1,11,0.08,60.2,0.0,9.84,0.08,13.86,-0.08,-4.02
district,Koshi,Taplejung,Female,16 - 19 Years,5145,1,208,863,1561,1453,1002,45,0,0,2,10,0.04,78.93,0.14,39.43,0.04,48.59,0.1,-9.16
district,Koshi,Taplejung,Female,20 - 24 Years,5801,8,399,1051,1733,734,1429,378,35,2,19,13,0.33,74.28,0.15,38.19,0.33,44.41,-0.18,-6.22
district,Koshi,Taplejung,Female,25 - 29 Years,4829,7,595,915,1468,594,873,265,77,0,21,14,0.43,67.86,0.34,36.2,0.43,37.46,-0.09,-1.26
district,Koshi,Taplejung,Female,30 - 34 Years,3698,2,728,855,797,423,548,202,84,0,41,18,1.11,55.54,0.49,37.61,1.11,33.99,-0.62,3.62
district,Koshi,Taplejung,Female,35 - 39 Years,2913,2,835,700,636,229,281,104,51,4,53,18,1.82,44.66,0.64,27.29,1.82,22.83,-1.18,4.46
district,Koshi,Taplejung,Female,40 - 44 Years,2333,4,896,528,411,146,164,50,23,4,84,23,3.6,34.03,1.55,25.45,3.6,16.42,-2.05,9.03
district,Koshi,Taplejung,Female,45 - 49 Years,1547,1,748,291,210,63,74,17,13,2,101,27,6.53,24.37,1.81,21.47,6.53,10.8,-4.72,10.67
district,Koshi,Taplejung,Female,50 - 54 Years,1289,1,687,196,125,68,34,14,8,4,120,32,9.31,19.32,1.77,18.37,9.31,9.62,-7.54,8.75
district,Koshi,Taplejung,Female,55 - 59 Years,689,4,398,75,41,16,15,2,2,2,107,27,15.53,11.03,4.54,11.81,15.53,5.08,-10.99,6.73
district,Koshi,Taplejung,Female,60 - 64 Years,405,3,216,37,15,9,6,3,1,3,82,30,20.25,8.4,5.41,10.26,20.25,4.69,-14.84,5.57
district,Koshi,Taplejung,Female,65 - 69 Years,232,0,130,24,13,4,4,0,1,1,43,12,18.53,9.48,7.09,8.32,18.53,3.88,-11.44,4.44
district,Koshi,Taplejung,Female,70 - 74 Years,112,1,62,8,3,1,4,1,0,1,27,4,24.11,8.04,11.99,5.24,24.11,5.36,-12.12,-0.12
district,Koshi,Taplejung,Female,75+ Years,73,0,36,4,6,2,2,1,0,1,17,4,23.29,15.07,15.8,5.78,23.29,6.85,-7.49,-1.07
district,Koshi,Sankhuwasabha,Total,Total,115631,4408,39307,26583,18699,9985,10295,2653,1283,119,1613,686,1.39,37.11,1.1,21.26,1.75,20.56,-0.65,0.7
district,Koshi,Sankhuwasabha,Total,05 Year,2850,2845,0,0,0,0,0,0,0,0,3,2,0.11,0.0,0.14,0.0,0.07,0.0,0.07,0.0
district,Koshi,Sankhuwasabha,Total,06 Year,2918,984,1932,0,0,0,0,0,0,0,0,2,0.0,0.0,0.0,0.0,0.0,0.0,0.0,0.0
district,Koshi,Sankhuwasabha,Total,07 Year,2963,361,2602,0,0,0,0,0,0,0,0,0,0.0,0.0,0.0,0.0,0.0,0.0,0.0,0.0
district,Koshi,Sankhuwasabha,Total,08 Year,3165,84,3077,0,0,0,0,0,0,0,2,2,0.06,0.0,0.06,0.0,0.06,0.0,0.0,0.0
district,Koshi,Sankhuwasabha,Total,09 Year,2865,27,2837,0,0,0,0,0,0,0,0,1,0.0,0.0,0.0,0.0,0.0,0.0,0.0,0.0
district,Koshi,Sankhuwasabha,Total,10 Year,3140,7,3130,0,0,0,0,0,0,0,0,3,0.0,0.0,0.0,0.0,0.0,0.0,0.0,0.0
district,Koshi,Sankhuwasabha,Total,11 Year,2852,0,1923,929,0,0,0,0,0,0,0,0,0.0,0.0,0.0,0.0,0.0,0.0,0.0,0.0
district,Koshi,Sankhuwasabha,Total,12 Year,3070,3,1171,1896,0,0,0,0,0,0,0,0,0.0,0.0,0.0,0.0,0.0,0.0,0.0,0.0
district,Koshi,Sankhuwasabha,Total,13 Year,3104,2,642,2459,0,0,0,0,0,0,1,0,0.03,0.0,0.06,0.0,0.0,0.0,0.06,0.0
district,Koshi,Sankhuwasabha,Total,14 Year,3195,3,381,2115,695,0,0,0,0,0,0,1,0.0,21.75,0.0,0.0,0.0,0.0,0.0,0.0
district,Koshi,Sankhuwasabha,Total,15 Year,3303,1,148,1544,1327,247,0,0,0,0,1,35,0.03,47.65,0.0,6.77,0.06,8.18,-0.06,-1.41
district,Koshi,Sankhuwasabha,Total,16 - 19 Years,12353,4,909,2835,3821,3089,1607,45,0,0,10,33,0.08,69.31,0.11,34.83,0.05,42.06,0.06,-7.23
district,Koshi,Sankhuwasabha,Total,20 - 24 Years,13426,11,1781,3016,2729,1909,3289,543,78,1,28,41,0.21,63.67,0.18,40.97,0.24,45.66,-0.06,-4.69
district,Koshi,Sankhuwasabha,Total,25 - 29 Years,12510,7,2200,2991,2896,1368,1981,695,281,7,45,39,0.36,57.72,0.14,35.91,0.59,33.16,-0.45,2.75
district,Koshi,Sankhuwasabha,Total,30 - 34 Years,10294,12,2668,2328,1886,1051,1419,527,283,4,64,52,0.62,50.18,0.31,34.56,0.98,28.78,-0.67,5.78
district,Koshi,Sankhuwasabha,Total,35 - 39 Years,8819,7,2814,2118,1572,769,768,317,230,14,135,75,1.53,41.46,0.83,28.22,2.37,18.12,-1.54,10.1
district,Koshi,Sankhuwasabha,Total,40 - 44 Years,7042,8,2572,1595,1282,535,453,204,159,17,164,53,2.33,37.39,1.32,22.78,3.65,14.45,-2.33,8.33
district,Koshi,Sankhuwasabha,Total,45 - 49 Years,4954,6,2044,1031,866,285,268,104,91,19,175,65,3.53,32.58,1.75,17.79,6.36,10.84,-4.61,6.95
district,Koshi,Sankhuwasabha,Total,50 - 54 Years,4555,8,2057,725,720,327,245,119,83,14,189,68,4.15,32.8,1.99,20.27,8.64,10.19,-6.65,10.08
district,Koshi,Sankhuwasabha,Total,55 - 59 Years,3004,12,1457,437,430,162,139,46,45,10,210,56,6.99,27.36,4.36,16.04,13.7,5.43,-9.34,10.61
district,Koshi,Sankhuwasabha,Total,60 - 64 Years,2262,12,1262,255,249,120,60,30,20,12,192,50,8.49,21.18,4.66,12.3,20.48,3.47,-15.82,8.83
district,Koshi,Sankhuwasabha,Total,65 - 69 Years,1493,0,847,185,133,76,40,13,7,10,141,41,9.44,18.02,6.63,10.12,19.87,5.36,-13.24,4.76
district,Koshi,Sankhuwasabha,Total,70 - 74 Years,832,2,483,82,62,35,19,6,1,4,108,30,12.98,14.78,10.62,8.18,25.19,2.96,-14.57,5.22
district,Koshi,Sankhuwasabha,Total,75+ Years,662,2,370,42,31,12,7,4,5,7,145,37,21.9,8.91,19.61,4.55,36.26,2.2,-16.65,2.35
district,Koshi,Sankhuwasabha,Male,Total,63142,2306,21533,14317,10453,5447,5505,1552,919,52,694,364,1.1,37.81,1.1,21.26,1.75,20.56,-0.65,0.7
district,Koshi,Sankhuwasabha,Male,05 Year,1440,1437,0,0,0,0,0,0,0,0,2,1,0.14,0.0,0.14,0.0,0.07,0.0,0.07,0.0
district,Koshi,Sankhuwasabha,Male,06 Year,1544,546,996,0,0,0,0,0,0,0,0,2,0.0,0.0,0.0,0.0,0.0,0.0,0.0,0.0
district,Koshi,Sankhuwasabha,Male,07 Year,1514,208,1306,0,0,0,0,0,0,0,0,0,0.0,0.0,0.0,0.0,0.0,0.0,0.0,0.0
district,Koshi,Sankhuwasabha,Male,08 Year,1622,51,1570,0,0,0,0,0,0,0,1,0,0.06,0.0,0.06,0.0,0.06,0.0,0.0,0.0
district,Koshi,Sankhuwasabha,Male,09 Year,1505,16,1488,0,0,0,0,0,0,0,0,1,0.0,0.0,0.0,0.0,0.0,0.0,0.0,0.0
district,Koshi,Sankhuwasabha,Male,10 Year,1629,3,1625,0,0,0,0,0,0,0,0,1,0.0,0.0,0.0,0.0,0.0,0.0,0.0,0.0
district,Koshi,Sankhuwasabha,Male,11 Year,1393,0,941,452,0,0,0,0,0,0,0,0,0.0,0.0,0.0,0.0,0.0,0.0,0.0,0.0
district,Koshi,Sankhuwasabha,Male,12 Year,1525,1,626,898,0,0,0,0,0,0,0,0,0.0,0.0,0.0,0.0,0.0,0.0,0.0,0.0
district,Koshi,Sankhuwasabha,Male,13 Year,1564,1,387,1175,0,0,0,0,0,0,1,0,0.06,0.0,0.06,0.0,0.0,0.0,0.06,0.0
district,Koshi,Sankhuwasabha,Male,14 Year,1668,1,218,1116,332,0,0,0,0,0,0,1,0.0,19.9,0.0,0.0,0.0,0.0,0.0,0.0
district,Koshi,Sankhuwasabha,Male,15 Year,1640,0,85,802,623,111,0,0,0,0,0,19,0.0,44.76,0.0,6.77,0.06,8.18,-0.06,-1.41
district,Koshi,Sankhuwasabha,Male,16 - 19 Years,6288,2,597,1511,1964,1433,737,20,0,0,7,17,0.11,66.06,0.11,34.83,0.05,42.06,0.06,-7.23
district,Koshi,Sankhuwasabha,Male,20 - 24 Years,6636,3,1048,1475,1354,968,1485,221,45,0,12,25,0.18,61.38,0.18,40.97,0.24,45.66,-0.06,-4.69
district,Koshi,Sankhuwasabha,Male,25 - 29 Years,6439,3,1113,1534,1445,738,1056,353,165,5,9,18,0.14,58.35,0.14,35.91,0.59,33.16,-0.45,2.75
district,Koshi,Sankhuwasabha,Male,30 - 34 Years,5495,6,1273,1227,1042,585,814,316,184,3,17,28,0.31,53.52,0.31,34.56,0.98,28.78,-0.67,5.78
district,Koshi,Sankhuwasabha,Male,35 - 39 Years,4812,2,1287,1158,922,476,501,208,173,6,40,39,0.83,47.38,0.83,28.22,2.37,18.12,-1.54,10.1
district,Koshi,Sankhuwasabha,Male,40 - 44 Years,4003,3,1251,939,817,339,291,154,128,1,53,27,1.32,43.19,1.32,22.78,3.65,14.45,-2.33,8.33
district,Koshi,Sankhuwasabha,Male,45 - 49 Years,3036,3,1120,679,612,186,195,80,79,6,53,23,1.75,37.94,1.75,17.79,6.36,10.84,-4.61,6.95
district,Koshi,Sankhuwasabha,Male,50 - 54 Years,3073,3,1253,533,562,247,195,108,73,7,61,31,1.99,38.56,1.99,20.27,8.64,10.19,-6.65,10.08
district,Koshi,Sankhuwasabha,Male,55 - 59 Years,2157,7,984,341,357,141,120,43,42,3,94,25,4.36,32.59,4.36,16.04,13.7,5.43,-9.34,10.61
district,Koshi,Sankhuwasabha,Male,60 - 64 Years,1715,7,945,210,220,110,55,29,17,7,80,35,4.66,25.13,4.66,12.3,20.48,3.47,-15.82,8.83
district,Koshi,Sankhuwasabha,Male,65 - 69 Years,1176,0,682,156,117,69,32,11,7,4,78,20,6.63,20.07,6.63,10.12,19.87,5.36,-13.24,4.76
district,Koshi,Sankhuwasabha,Male,70 - 74 Years,697,1,412,73,57,33,17,6,1,3,74,20,10.62,16.36,10.62,8.18,25.19,2.96,-14.57,5.22
district,Koshi,Sankhuwasabha,Male,75+ Years,571,2,326,38,29,11,7,3,5,7,112,31,19.61,9.63,19.61,4.55,36.26,2.2,-16.65,2.35
district,Koshi,Sankhuwasabha,Female,Total,52489,2102,17774,12266,8246,4538,4790,1101,364,67,919,322,1.75,36.27,1.1,21.26,1.75,20.56,-0.65,0.7
district,Koshi,Sankhuwasabha,Female,05 Year,1410,1408,0,0,0,0,0,0,0,0,1,1,0.07,0.0,0.14,0.0,0.07,0.0,0.07,0.0
district,Koshi,Sankhuwasabha,Female,06 Year,1374,438,936,0,0,0,0,0,0,0,0,0,0.0,0.0,0.0,0.0,0.0,0.0,0.0,0.0
district,Koshi,Sankhuwasabha,Female,07 Year,1449,153,1296,0,0,0,0,0,0,0,0,0,0.0,0.0,0.0,0.0,0.0,0.0,0.0,0.0
district,Koshi,Sankhuwasabha,Female,08 Year,1543,33,1507,0,0,0,0,0,0,0,1,2,0.06,0.0,0.06,0.0,0.06,0.0,0.0,0.0
district,Koshi,Sankhuwasabha,Female,09 Year,1360,11,1349,0,0,0,0,0,0,0,0,0,0.0,0.0,0.0,0.0,0.0,0.0,0.0,0.0
district,Koshi,Sankhuwasabha,Female,10 Year,1511,4,1505,0,0,0,0,0,0,0,0,2,0.0,0.0,0.0,0.0,0.0,0.0,0.0,0.0
district,Koshi,Sankhuwasabha,Female,11 Year,1459,0,982,477,0,0,0,0,0,0,0,0,0.0,0.0,0.0,0.0,0.0,0.0,0.0,0.0
district,Koshi,Sankhuwasabha,Female,12 Year,1545,2,545,998,0,0,0,0,0,0,0,0,0.0,0.0,0.0,0.0,0.0,0.0,0.0,0.0
district,Koshi,Sankhuwasabha,Female,13 Year,1540,1,255,1284,0,0,0,0,0,0,0,0,0.0,0.0,0.06,0.0,0.0,0.0,0.06,0.0
district,Koshi,Sankhuwasabha,Female,14 Year,1527,2,163,999,363,0,0,0,0,0,0,0,0.0,23.77,0.0,0.0,0.0,0.0,0.0,0.0
district,Koshi,Sankhuwasabha,Female,15 Year,1663,1,63,742,704,136,0,0,0,0,1,16,0.06,50.51,0.0,6.77,0.06,8.18,-0.06,-1.41
district,Koshi,Sankhuwasabha,Female,16 - 19 Years,6065,2,312,1324,1857,1656,870,25,0,0,3,16,0.05,72.68,0.11,34.83,0.05,42.06,0.06,-7.23
district,Koshi,Sankhuwasabha,Female,20 - 24 Years,6790,8,733,1541,1375,941,1804,322,33,1,16,16,0.24,65.91,0.18,40.97,0.24,45.66,-0.06,-4.69
district,Koshi,Sankhuwasabha,Female,25 - 29 Years,6071,4,1087,1457,1451,630,925,342,116,2,36,21,0.59,57.06,0.14,35.91,0.59,33.16,-0.45,2.75
district,Koshi,Sankhuwasabha,Female,30 - 34 Years,4799,6,1395,1101,844,466,605,211,99,1,47,24,0.98,46.36,0.31,34.56,0.98,28.78,-0.67,5.78
district,Koshi,Sankhuwasabha,Female,35 - 39 Years,4007,5,1527,960,650,293,267,109,57,8,95,36,2.37,34.34,0.83,28.22,2.37,18.12,-1.54,10.1
district,Koshi,Sankhuwasabha,Female,40 - 44 Years,3039,5,1321,656,465,196,162,50,31,16,111,26,3.65,29.75,1.32,22.78,3.65,14.45,-2.33,8.33
district,Koshi,Sankhuwasabha,Female,45 - 49 Years,1918,3,924,352,254,99,73,24,12,13,122,42,6.36,24.09,1.75,17.79,6.36,10.84,-4.61,6.95
district,Koshi,Sankhuwasabha,Female,50 - 54 Years,1482,5,804,192,158,80,50,11,10,7,128,37,8.64,20.85,1.99,20.27,8.64,10.19,-6.65,10.08
district,Koshi,Sankhuwasabha,Female,55 - 59 Years,847,5,473,96,73,21,19,3,3,7,116,31,13.7,14.05,4.36,16.04,13.7,5.43,-9.34,10.61
district,Koshi,Sankhuwasabha,Female,60 - 64 Years,547,5,317,45,29,10,5,1,3,5,112,15,20.48,8.78,4.66,12.3,20.48,3.47,-15.82,8.83
district,Koshi,Sankhuwasabha,Female,65 - 69 Years,317,0,165,29,16,7,8,2,0,6,63,21,19.87,10.41,6.63,10.12,19.87,5.36,-13.24,4.76
district,Koshi,Sankhuwasabha,Female,70 - 74 Years,135,1,71,9,5,2,2,0,0,1,34,10,25.19,6.67,10.62,8.18,25.19,2.96,-14.57,5.22
district,Koshi,Sankhuwasabha,Female,75+ Years,91,0,44,4,2,1,0,1,0,0,33,6,36.26,4.4,19.61,4.55,36.26,2.2,-16.65,2.35
district,Koshi,Solukhumbu,Total,Total,74382,2659,25499,15171,10559,5241,9093,2127,1122,33,2512,366,3.38,37.83,2.75,23.23,4.14,24.14,-1.39,-0.91
district,Koshi,Solukhumbu,Total,05 Year,1602,1601,0,0,0,0,0,0,0,0,0,1,0.0,0.0,0.0,0.0,0.0,0.0,0.0,0.0
district,Koshi,Solukhumbu,Total,06 Year,1831,570,1255,0,0,0,0,0,0,0,2,4,0.11,0.0,0.21,0.0,0.0,0.0,0.21,0.0
district,Koshi,Solukhumbu,Total,07 Year,1787,205,1579,0,0,0,0,0,0,0,2,1,0.11,0.0,0.23,0.0,0.0,0.0,0.23,0.0
district,Koshi,Solukhumbu,Total,08 Year,1929,78,1847,0,0,0,0,0,0,0,3,1,0.16,0.0,0.19,0.0,0.11,0.0,0.08,0.0
district,Koshi,Solukhumbu,Total,09 Year,1883,22,1857,0,0,0,0,0,0,0,4,0,0.21,0.0,0.31,0.0,0.11,0.0,0.2,0.0
district,Koshi,Solukhumbu,Total,10 Year,1955,9,1942,0,0,0,0,0,0,0,3,1,0.15,0.0,0.3,0.0,0.0,0.0,0.3,0.0
district,Koshi,Solukhumbu,Total,11 Year,1833,3,1267,560,0,0,0,0,0,0,1,2,0.05,0.0,0.11,0.0,0.0,0.0,0.11,0.0
district,Koshi,Solukhumbu,Total,12 Year,2278,7,1012,1252,0,0,0,0,0,0,3,4,0.13,0.0,0.26,0.0,0.0,0.0,0.26,0.0
district,Koshi,Solukhumbu,Total,13 Year,2084,2,550,1527,0,0,0,0,0,0,2,3,0.1,0.0,0.19,0.0,0.0,0.0,0.19,0.0
district,Koshi,Solukhumbu,Total,14 Year,2130,5,285,1331,502,0,0,0,0,0,5,2,0.23,23.57,0.1,0.0,0.36,0.0,-0.26,0.0
district,Koshi,Solukhumbu,Total,15 Year,2189,1,107,1017,874,162,0,0,0,1,6,21,0.27,47.33,0.45,7.26,0.09,7.54,0.36,-0.28
district,Koshi,Solukhumbu,Total,16 - 19 Years,8132,1,572,1867,2292,1864,1446,39,0,0,18,33,0.22,69.37,0.19,36.21,0.25,46.38,-0.06,-10.17
district,Koshi,Solukhumbu,Total,20 - 24 Years,9464,3,1151,1669,1553,1155,3170,574,111,2,44,32,0.46,69.35,0.54,50.78,0.38,55.14,0.16,-4.36
district,Koshi,Solukhumbu,Total,25 - 29 Years,8304,7,1563,1620,1652,704,1836,538,264,3,99,18,1.19,60.14,0.86,40.8,1.57,39.62,-0.71,1.18
district,Koshi,Solukhumbu,Total,30 - 34 Years,6575,21,1833,1227,927,445,1215,426,279,11,163,28,2.48,50.07,1.67,38.19,3.42,33.39,-1.75,4.8
district,Koshi,Solukhumbu,Total,35 - 39 Years,5482,14,1875,1087,877,296,600,242,179,1,285,26,5.2,40.02,2.36,26.43,8.76,21.01,-6.4,5.42
district,Koshi,Solukhumbu,Total,40 - 44 Years,4059,24,1529,720,666,239,320,120,100,3,313,25,7.71,35.6,3.1,22.09,14.08,15.19,-10.98,6.9
district,Koshi,Solukhumbu,Total,45 - 49 Years,2853,28,1226,426,389,118,193,75,67,4,297,30,10.41,29.51,5.23,18.81,18.76,11.16,-13.53,7.65
district,Koshi,Solukhumbu,Total,50 - 54 Years,2881,17,1327,342,368,131,171,55,69,1,361,39,12.53,27.56,8.78,17.55,20.52,8.9,-11.74,8.65
district,Koshi,Solukhumbu,Total,55 - 59 Years,1834,13,894,217,188,68,74,38,30,3,278,31,15.16,21.7,10.34,13.89,27.7,5.11,-17.36,8.78
district,Koshi,Solukhumbu,Total,60 - 64 Years,1369,12,765,139,127,28,33,10,11,2,220,22,16.07,15.27,11.75,6.88,30.12,3.11,-18.37,3.77
district,Koshi,Solukhumbu,Total,65 - 69 Years,927,10,527,97,79,19,12,4,4,0,158,17,17.04,12.73,14.5,4.7,27.47,2.2,-12.97,2.5
district,Koshi,Solukhumbu,Total,70 - 74 Years,542,2,302,43,31,5,12,5,7,0,121,14,22.32,11.07,19.64,5.19,34.34,6.06,-14.7,-0.87
district,Koshi,Solukhumbu,Total,75+ Years,459,4,234,30,34,7,11,1,1,2,124,11,27.02,11.76,26.75,4.25,28.81,5.08,-2.06,-0.83
district,Koshi,Solukhumbu,Male,Total,40887,1331,14385,8401,5928,2928,4644,1209,717,22,1126,196,2.75,37.73,2.75,23.23,4.14,24.14,-1.39,-0.91
district,Koshi,Solukhumbu,Male,05 Year,796,796,0,0,0,0,0,0,0,0,0,0,0.0,0.0,0.0,0.0,0.0,0.0,0.0,0.0
district,Koshi,Solukhumbu,Male,06 Year,942,303,635,0,0,0,0,0,0,0,2,2,0.21,0.0,0.21,0.0,0.0,0.0,0.21,0.0
district,Koshi,Solukhumbu,Male,07 Year,876,106,768,0,0,0,0,0,0,0,2,0,0.23,0.0,0.23,0.0,0.0,0.0,0.23,0.0
district,Koshi,Solukhumbu,Male,08 Year,1050,44,1004,0,0,0,0,0,0,0,2,0,0.19,0.0,0.19,0.0,0.11,0.0,0.08,0.0
district,Koshi,Solukhumbu,Male,09 Year,982,11,968,0,0,0,0,0,0,0,3,0,0.31,0.0,0.31,0.0,0.11,0.0,0.2,0.0
district,Koshi,Solukhumbu,Male,10 Year,1002,7,991,0,0,0,0,0,0,0,3,1,0.3,0.0,0.3,0.0,0.0,0.0,0.3,0.0
district,Koshi,Solukhumbu,Male,11 Year,894,2,636,253,0,0,0,0,0,0,1,2,0.11,0.0,0.11,0.0,0.0,0.0,0.11,0.0
district,Koshi,Solukhumbu,Male,12 Year,1158,4,575,573,0,0,0,0,0,0,3,3,0.26,0.0,0.26,0.0,0.0,0.0,0.26,0.0
district,Koshi,Solukhumbu,Male,13 Year,1080,2,298,776,0,0,0,0,0,0,2,2,0.19,0.0,0.19,0.0,0.0,0.0,0.19,0.0
district,Koshi,Solukhumbu,Male,14 Year,1019,4,162,620,230,0,0,0,0,0,1,2,0.1,22.57,0.1,0.0,0.36,0.0,-0.26,0.0
district,Koshi,Solukhumbu,Male,15 Year,1115,1,72,537,404,81,0,0,0,1,5,14,0.45,43.5,0.45,7.26,0.09,7.54,0.36,-0.28
district,Koshi,Solukhumbu,Male,16 - 19 Years,4156,1,383,1062,1169,852,641,12,0,0,8,28,0.19,64.34,0.19,36.21,0.25,46.38,-0.06,-10.17
district,Koshi,Solukhumbu,Male,20 - 24 Years,4781,2,654,875,773,639,1473,275,41,2,26,21,0.54,66.95,0.54,50.78,0.38,55.14,0.16,-4.36
district,Koshi,Solukhumbu,Male,25 - 29 Years,4417,1,805,867,896,405,964,295,138,1,38,7,0.86,61.08,0.86,40.8,1.57,39.62,-0.71,1.18
district,Koshi,Solukhumbu,Male,30 - 34 Years,3535,9,894,690,517,270,674,238,168,9,59,7,1.67,52.81,1.67,38.19,3.42,33.39,-1.75,4.8
district,Koshi,Solukhumbu,Male,35 - 39 Years,3050,5,952,645,557,207,329,145,125,1,72,12,2.36,44.69,2.36,26.43,8.76,21.01,-6.4,5.42
district,Koshi,Solukhumbu,Male,40 - 44 Years,2354,7,836,471,437,168,195,84,73,2,73,8,3.1,40.65,3.1,22.09,14.08,15.19,-10.98,6.9
district,Koshi,Solukhumbu,Male,45 - 49 Years,1760,2,725,320,275,92,120,61,58,0,92,15,5.23,34.43,5.23,18.81,18.76,11.16,-13.53,7.65
district,Koshi,Solukhumbu,Male,50 - 54 Years,1960,3,882,257,287,105,128,46,65,0,172,15,8.78,32.19,8.78,17.55,20.52,8.9,-11.74,8.65
district,Koshi,Solukhumbu,Male,55 - 59 Years,1325,3,637,188,160,55,64,35,30,3,137,13,10.34,25.96,10.34,13.89,27.7,5.11,-17.36,8.78
district,Koshi,Solukhumbu,Male,60 - 64 Years,1047,8,604,122,102,25,27,10,10,1,123,15,11.75,16.62,11.75,6.88,30.12,3.11,-18.37,3.77
district,Koshi,Solukhumbu,Male,65 - 69 Years,745,7,439,82,66,18,9,4,4,0,108,8,14.5,13.56,14.5,4.7,27.47,2.2,-12.97,2.5
district,Koshi,Solukhumbu,Male,70 - 74 Years,443,1,257,38,26,5,10,3,5,0,87,11,19.64,11.06,19.64,5.19,34.34,6.06,-14.7,-0.87
district,Koshi,Solukhumbu,Male,75+ Years,400,2,208,25,29,6,10,1,0,2,107,10,26.75,11.5,26.75,4.25,28.81,5.08,-2.06,-0.83
district,Koshi,Solukhumbu,Female,Total,33495,1328,11114,6770,4631,2313,4449,918,405,11,1386,170,4.14,37.96,2.75,23.23,4.14,24.14,-1.39,-0.91
district,Koshi,Solukhumbu,Female,05 Year,806,805,0,0,0,0,0,0,0,0,0,1,0.0,0.0,0.0,0.0,0.0,0.0,0.0,0.0
district,Koshi,Solukhumbu,Female,06 Year,889,267,620,0,0,0,0,0,0,0,0,2,0.0,0.0,0.21,0.0,0.0,0.0,0.21,0.0
district,Koshi,Solukhumbu,Female,07 Year,911,99,811,0,0,0,0,0,0,0,0,1,0.0,0.0,0.23,0.0,0.0,0.0,0.23,0.0
district,Koshi,Solukhumbu,Female,08 Year,879,34,843,0,0,0,0,0,0,0,1,1,0.11,0.0,0.19,0.0,0.11,0.0,0.08,0.0
district,Koshi,Solukhumbu,Female,09 Year,901,11,889,0,0,0,0,0,0,0,1,0,0.11,0.0,0.31,0.0,0.11,0.0,0.2,0.0
district,Koshi,Solukhumbu,Female,10 Year,953,2,951,0,0,0,0,0,0,0,0,0,0.0,0.0,0.3,0.0,0.0,0.0,0.3,0.0
district,Koshi,Solukhumbu,Female,11 Year,939,1,631,307,0,0,0,0,0,0,0,0,0.0,0.0,0.11,0.0,0.0,0.0,0.11,0.0
district,Koshi,Solukhumbu,Female,12 Year,1120,3,437,679,0,0,0,0,0,0,0,1,0.0,0.0,0.26,0.0,0.0,0.0,0.26,0.0
district,Koshi,Solukhumbu,Female,13 Year,1004,0,252,751,0,0,0,0,0,0,0,1,0.0,0.0,0.19,0.0,0.0,0.0,0.19,0.0
district,Koshi,Solukhumbu,Female,14 Year,1111,1,123,711,272,0,0,0,0,0,4,0,0.36,24.48,0.1,0.0,0.36,0.0,-0.26,0.0
district,Koshi,Solukhumbu,Female,15 Year,1074,0,35,480,470,81,0,0,0,0,1,7,0.09,51.3,0.45,7.26,0.09,7.54,0.36,-0.28
district,Koshi,Solukhumbu,Female,16 - 19 Years,3976,0,189,805,1123,1012,805,27,0,0,10,5,0.25,74.62,0.19,36.21,0.25,46.38,-0.06,-10.17
district,Koshi,Solukhumbu,Female,20 - 24 Years,4683,1,497,794,780,516,1697,299,70,0,18,11,0.38,71.79,0.54,50.78,0.38,55.14,0.16,-4.36
district,Koshi,Solukhumbu,Female,25 - 29 Years,3887,6,758,753,756,299,872,243,126,2,61,11,1.57,59.07,0.86,40.8,1.57,39.62,-0.71,1.18
district,Koshi,Solukhumbu,Female,30 - 34 Years,3040,12,939,537,410,175,541,188,111,2,104,21,3.42,46.88,1.67,38.19,3.42,33.39,-1.75,4.8
district,Koshi,Solukhumbu,Female,35 - 39 Years,2432,9,923,442,320,89,271,97,54,0,213,14,8.76,34.17,2.36,26.43,8.76,21.01,-6.4,5.42
district,Koshi,Solukhumbu,Female,40 - 44 Years,1705,17,693,249,229,71,125,36,27,1,240,17,14.08,28.62,3.1,22.09,14.08,15.19,-10.98,6.9
district,Koshi,Solukhumbu,Female,45 - 49 Years,1093,26,501,106,114,26,73,14,9,4,205,15,18.76,21.59,5.23,18.81,18.76,11.16,-13.53,7.65
district,Koshi,Solukhumbu,Female,50 - 54 Years,921,14,445,85,81,26,43,9,4,1,189,24,20.52,17.7,8.78,17.55,20.52,8.9,-11.74,8.65
district,Koshi,Solukhumbu,Female,55 - 59 Years,509,10,257,29,28,13,10,3,0,0,141,18,27.7,10.61,10.34,13.89,27.7,5.11,-17.36,8.78
district,Koshi,Solukhumbu,Female,60 - 64 Years,322,4,161,17,25,3,6,0,1,1,97,7,30.12,10.87,11.75,6.88,30.12,3.11,-18.37,3.77
district,Koshi,Solukhumbu,Female,65 - 69 Years,182,3,88,15,13,1,3,0,0,0,50,9,27.47,9.34,14.5,4.7,27.47,2.2,-12.97,2.5
district,Koshi,Solukhumbu,Female,70 - 74 Years,99,1,45,5,5,0,2,2,2,0,34,3,34.34,11.11,19.64,5.19,34.34,6.06,-14.7,-0.87
district,Koshi,Solukhumbu,Female,75+ Years,59,2,26,5,5,1,1,0,1,0,17,1,28.81,13.56,26.75,4.25,28.81,5.08,-2.06,-0.83
district,Koshi,Okhaldhunga,Total,Total,95706,2860,30608,19274,15860,7392,12086,2567,1149,24,3250,636,3.4,40.81,2.38,23.38,4.57,25.23,-2.19,-1.85
district,Koshi,Okhaldhunga,Total,05 Year,1952,1950,0,0,0,0,0,0,0,0,0,2,0.0,0.0,0.0,0.0,0.0,0.0,0.0,0.0
district,Koshi,Okhaldhunga,Total,06 Year,2288,537,1751,0,0,0,0,0,0,0,0,0,0.0,0.0,0.0,0.0,0.0,0.0,0.0,0.0
district,Koshi,Okhaldhunga,Total,07 Year,2183,189,1994,0,0,0,0,0,0,0,0,0,0.0,0.0,0.0,0.0,0.0,0.0,0.0,0.0
district,Koshi,Okhaldhunga,Total,08 Year,2375,72,2302,0,0,0,0,0,0,0,1,0,0.04,0.0,0.0,0.0,0.08,0.0,-0.08,0.0
district,Koshi,Okhaldhunga,Total,09 Year,2280,32,2247,0,0,0,0,0,0,0,0,1,0.0,0.0,0.0,0.0,0.0,0.0,0.0,0.0
district,Koshi,Okhaldhunga,Total,10 Year,2575,5,2568,0,0,0,0,0,0,0,0,2,0.0,0.0,0.0,0.0,0.0,0.0,0.0,0.0
district,Koshi,Okhaldhunga,Total,11 Year,2202,2,1367,831,0,0,0,0,0,0,2,0,0.09,0.0,0.09,0.0,0.09,0.0,0.0,0.0
district,Koshi,Okhaldhunga,Total,12 Year,2810,1,1018,1791,0,0,0,0,0,0,0,0,0.0,0.0,0.0,0.0,0.0,0.0,0.0,0.0
district,Koshi,Okhaldhunga,Total,13 Year,2722,4,526,2191,0,0,0,0,0,0,1,0,0.04,0.0,0.0,0.0,0.07,0.0,-0.07,0.0
district,Koshi,Okhaldhunga,Total,14 Year,2949,2,302,1803,841,0,0,0,0,0,1,0,0.03,28.52,0.0,0.0,0.07,0.0,-0.07,0.0
district,Koshi,Okhaldhunga,Total,15 Year,3023,1,108,1194,1406,291,0,0,0,0,13,10,0.43,56.14,0.73,8.14,0.13,11.08,0.6,-2.94
district,Koshi,Okhaldhunga,Total,16 - 19 Years,11509,1,608,1971,3586,2843,2378,84,0,1,12,25,0.1,77.25,0.09,43.2,0.12,48.93,-0.03,-5.73
district,Koshi,Okhaldhunga,Total,20 - 24 Years,12332,4,1257,2039,2439,1461,4243,690,111,1,50,37,0.41,72.53,0.33,50.64,0.48,54.77,-0.15,-4.13
district,Koshi,Okhaldhunga,Total,25 - 29 Years,10189,12,1618,1917,2465,888,2191,642,287,3,105,61,1.03,63.53,0.55,39.03,1.51,39.64,-0.96,-0.61
district,Koshi,Okhaldhunga,Total,30 - 34 Years,7548,2,1909,1385,1400,560,1377,415,256,0,200,44,2.65,53.1,1.32,35.38,4.09,33.66,-2.77,1.72
district,Koshi,Okhaldhunga,Total,35 - 39 Years,6257,7,1932,1248,1095,450,735,287,167,0,278,58,4.44,43.7,2.06,27.53,7.19,24.66,-5.13,2.87
district,Koshi,Okhaldhunga,Total,40 - 44 Years,5009,9,1778,865,796,322,479,180,129,6,388,57,7.75,38.05,3.06,24.48,13.74,19.2,-10.68,5.28
district,Koshi,Okhaldhunga,Total,45 - 49 Years,3882,11,1616,597,530,180,261,99,79,1,447,61,11.51,29.6,4.77,18.91,21.84,11.41,-17.07,7.5
district,Koshi,Okhaldhunga,Total,50 - 54 Years,4169,5,1891,594,545,172,239,88,71,3,491,70,11.78,26.75,6.11,16.44,22.53,8.41,-16.42,8.03
district,Koshi,Okhaldhunga,Total,55 - 59 Years,2634,4,1284,354,309,88,88,34,24,2,380,67,14.43,20.62,8.06,10.81,29.72,4.26,-21.66,6.55
district,Koshi,Okhaldhunga,Total,60 - 64 Years,1945,2,1020,212,188,62,44,21,14,2,329,51,16.92,16.92,10.01,8.46,35.55,3.99,-25.54,4.47
district,Koshi,Okhaldhunga,Total,65 - 69 Years,1270,2,695,129,113,37,25,15,10,3,209,32,16.46,15.75,12.23,8.15,29.39,2.88,-17.16,5.27
district,Koshi,Okhaldhunga,Total,70 - 74 Years,839,3,442,80,86,20,17,9,0,1,155,26,18.47,15.73,15.6,5.94,30.12,3.61,-14.52,2.33
district,Koshi,Okhaldhunga,Total,75+ Years,764,3,375,73,61,18,9,3,1,1,188,32,24.61,12.04,23.6,4.08,31.07,3.88,-7.47,0.2
district,Koshi,Okhaldhunga,Male,Total,51314,1450,16777,10761,8793,4014,5935,1294,753,13,1221,303,2.38,40.51,2.38,23.38,4.57,25.23,-2.19,-1.85
district,Koshi,Okhaldhunga,Male,05 Year,979,978,0,0,0,0,0,0,0,0,0,1,0.0,0.0,0.0,0.0,0.0,0.0,0.0,0.0
district,Koshi,Okhaldhunga,Male,06 Year,1121,279,842,0,0,0,0,0,0,0,0,0,0.0,0.0,0.0,0.0,0.0,0.0,0.0,0.0
district,Koshi,Okhaldhunga,Male,07 Year,1074,104,970,0,0,0,0,0,0,0,0,0,0.0,0.0,0.0,0.0,0.0,0.0,0.0,0.0
district,Koshi,Okhaldhunga,Male,08 Year,1176,36,1140,0,0,0,0,0,0,0,0,0,0.0,0.0,0.0,0.0,0.08,0.0,-0.08,0.0
district,Koshi,Okhaldhunga,Male,09 Year,1132,16,1115,0,0,0,0,0,0,0,0,1,0.0,0.0,0.0,0.0,0.0,0.0,0.0,0.0
district,Koshi,Okhaldhunga,Male,10 Year,1377,1,1374,0,0,0,0,0,0,0,0,2,0.0,0.0,0.0,0.0,0.0,0.0,0.0,0.0
district,Koshi,Okhaldhunga,Male,11 Year,1109,1,718,389,0,0,0,0,0,0,1,0,0.09,0.0,0.09,0.0,0.09,0.0,0.0,0.0
district,Koshi,Okhaldhunga,Male,12 Year,1441,1,581,859,0,0,0,0,0,0,0,0,0.0,0.0,0.0,0.0,0.0,0.0,0.0,0.0
district,Koshi,Okhaldhunga,Male,13 Year,1322,2,291,1029,0,0,0,0,0,0,0,0,0.0,0.0,0.0,0.0,0.07,0.0,-0.07,0.0
district,Koshi,Okhaldhunga,Male,14 Year,1501,2,165,939,395,0,0,0,0,0,0,0,0.0,26.32,0.0,0.0,0.07,0.0,-0.07,0.0
district,Koshi,Okhaldhunga,Male,15 Year,1498,1,76,636,647,122,0,0,0,0,11,5,0.73,51.34,0.73,8.14,0.13,11.08,0.6,-2.94
district,Koshi,Okhaldhunga,Male,16 - 19 Years,5694,1,344,1103,1772,1352,1075,33,0,0,5,9,0.09,74.32,0.09,43.2,0.12,48.93,-0.03,-5.73
district,Koshi,Okhaldhunga,Male,20 - 24 Years,6048,2,662,1076,1203,768,1965,272,58,1,20,21,0.33,70.54,0.33,50.64,0.48,54.77,-0.15,-4.13
district,Koshi,Okhaldhunga,Male,25 - 29 Years,5101,5,740,1038,1276,501,1058,288,144,2,28,21,0.55,64.05,0.55,39.03,1.51,39.64,-0.96,-0.61
district,Koshi,Okhaldhunga,Male,30 - 34 Years,3932,1,877,784,811,292,718,216,165,0,52,16,1.32,56.0,1.32,35.38,4.09,33.66,-2.77,1.72
district,Koshi,Okhaldhunga,Male,35 - 39 Years,3349,2,922,738,670,299,357,154,112,0,69,26,2.06,47.54,2.06,27.53,7.19,24.66,-5.13,2.87
district,Koshi,Okhaldhunga,Male,40 - 44 Years,2811,4,907,558,545,228,261,106,93,2,86,21,3.06,43.86,3.06,24.48,13.74,19.2,-10.68,5.28
district,Koshi,Okhaldhunga,Male,45 - 49 Years,2348,4,927,438,396,120,179,75,70,0,112,27,4.77,35.78,4.77,18.91,21.84,11.41,-17.07,7.5
district,Koshi,Okhaldhunga,Male,50 - 54 Years,2731,2,1188,464,426,138,172,73,66,1,167,34,6.11,32.04,6.11,16.44,22.53,8.41,-16.42,8.03
district,Koshi,Okhaldhunga,Male,55 - 59 Years,1860,3,921,292,260,73,74,32,22,1,150,32,8.06,24.78,8.06,10.81,29.72,4.26,-21.66,6.55
district,Koshi,Okhaldhunga,Male,60 - 64 Years,1419,1,789,176,163,53,35,20,12,2,142,26,10.01,19.94,10.01,8.46,35.55,3.99,-25.54,4.47
district,Koshi,Okhaldhunga,Male,65 - 69 Years,957,1,531,111,97,34,20,14,10,2,117,20,12.23,18.29,12.23,8.15,29.39,2.88,-17.16,5.27
district,Koshi,Okhaldhunga,Male,70 - 74 Years,673,1,364,70,76,19,13,8,0,1,105,16,15.6,17.24,15.6,5.94,30.12,3.61,-14.52,2.33
district,Koshi,Okhaldhunga,Male,75+ Years,661,2,333,61,56,15,8,3,1,1,156,25,23.6,12.56,23.6,4.08,31.07,3.88,-7.47,0.2
district,Koshi,Okhaldhunga,Female,Total,44392,1410,13831,8513,7067,3378,6151,1273,396,11,2029,333,4.57,41.14,2.38,23.38,4.57,25.23,-2.19,-1.85
district,Koshi,Okhaldhunga,Female,05 Year,973,972,0,0,0,0,0,0,0,0,0,1,0.0,0.0,0.0,0.0,0.0,0.0,0.0,0.0
district,Koshi,Okhaldhunga,Female,06 Year,1167,258,909,0,0,0,0,0,0,0,0,0,0.0,0.0,0.0,0.0,0.0,0.0,0.0,0.0
district,Koshi,Okhaldhunga,Female,07 Year,1109,85,1024,0,0,0,0,0,0,0,0,0,0.0,0.0,0.0,0.0,0.0,0.0,0.0,0.0
district,Koshi,Okhaldhunga,Female,08 Year,1199,36,1162,0,0,0,0,0,0,0,1,0,0.08,0.0,0.0,0.0,0.08,0.0,-0.08,0.0
district,Koshi,Okhaldhunga,Female,09 Year,1148,16,1132,0,0,0,0,0,0,0,0,0,0.0,0.0,0.0,0.0,0.0,0.0,0.0,0.0
district,Koshi,Okhaldhunga,Female,10 Year,1198,4,1194,0,0,0,0,0,0,0,0,0,0.0,0.0,0.0,0.0,0.0,0.0,0.0,0.0
district,Koshi,Okhaldhunga,Female,11 Year,1093,1,649,442,0,0,0,0,0,0,1,0,0.09,0.0,0.09,0.0,0.09,0.0,0.0,0.0
district,Koshi,Okhaldhunga,Female,12 Year,1369,0,437,932,0,0,0,0,0,0,0,0,0.0,0.0,0.0,0.0,0.0,0.0,0.0,0.0
district,Koshi,Okhaldhunga,Female,13 Year,1400,2,235,1162,0,0,0,0,0,0,1,0,0.07,0.0,0.0,0.0,0.07,0.0,-0.07,0.0
district,Koshi,Okhaldhunga,Female,14 Year,1448,0,137,864,446,0,0,0,0,0,1,0,0.07,30.8,0.0,0.0,0.07,0.0,-0.07,0.0
district,Koshi,Okhaldhunga,Female,15 Year,1525,0,32,558,759,169,0,0,0,0,2,5,0.13,60.85,0.73,8.14,0.13,11.08,0.6,-2.94
district,Koshi,Okhaldhunga,Female,16 - 19 Years,5815,0,264,868,1814,1491,1303,51,0,1,7,16,0.12,80.12,0.09,43.2,0.12,48.93,-0.03,-5.73
district,Koshi,Okhaldhunga,Female,20 - 24 Years,6284,2,595,963,1236,693,2278,418,53,0,30,16,0.48,74.44,0.33,50.64,0.48,54.77,-0.15,-4.13
district,Koshi,Okhaldhunga,Female,25 - 29 Years,5088,7,878,879,1189,387,1133,354,143,1,77,40,1.51,63.01,0.55,39.03,1.51,39.64,-0.96,-0.61
district,Koshi,Okhaldhunga,Female,30 - 34 Years,3616,1,1032,601,589,268,659,199,91,0,148,28,4.09,49.94,1.32,35.38,4.09,33.66,-2.77,1.72
district,Koshi,Okhaldhunga,Female,35 - 39 Years,2908,5,1010,510,425,151,378,133,55,0,209,32,7.19,39.27,2.06,27.53,7.19,24.66,-5.13,2.87
district,Koshi,Okhaldhunga,Female,40 - 44 Years,2198,5,871,307,251,94,218,74,36,4,302,36,13.74,30.62,3.06,24.48,13.74,19.2,-10.68,5.28
district,Koshi,Okhaldhunga,Female,45 - 49 Years,1534,7,689,159,134,60,82,24,9,1,335,34,21.84,20.14,4.77,18.91,21.84,11.41,-17.07,7.5
district,Koshi,Okhaldhunga,Female,50 - 54 Years,1438,3,703,130,119,34,67,15,5,2,324,36,22.53,16.69,6.11,16.44,22.53,8.41,-16.42,8.03
district,Koshi,Okhaldhunga,Female,55 - 59 Years,774,1,363,62,49,15,14,2,2,1,230,35,29.72,10.59,8.06,10.81,29.72,4.26,-21.66,6.55
district,Koshi,Okhaldhunga,Female,60 - 64 Years,526,1,231,36,25,9,9,1,2,0,187,25,35.55,8.75,10.01,8.46,35.55,3.99,-25.54,4.47
district,Koshi,Okhaldhunga,Female,65 - 69 Years,313,1,164,18,16,3,5,1,0,1,92,12,29.39,7.99,12.23,8.15,29.39,2.88,-17.16,5.27
district,Koshi,Okhaldhunga,Female,70 - 74 Years,166,2,78,10,10,1,4,1,0,0,50,10,30.12,9.64,15.6,5.94,30.12,3.61,-14.52,2.33
district,Koshi,Okhaldhunga,Female,75+ Years,103,1,42,12,5,3,1,0,0,0,32,7,31.07,8.74,23.6,4.08,31.07,3.88,-7.47,0.2
district,Koshi,Khotang,Total,Total,122004,4374,37948,25056,25007,11581,12198,2678,1190,17,1450,505,1.19,43.16,0.98,22.0,1.44,23.44,-0.46,-1.44
district,Koshi,Khotang,Total,05 Year,2942,2940,0,0,0,0,0,0,0,0,1,1,0.03,0.0,0.0,0.0,0.07,0.0,-0.07,0.0
district,Koshi,Khotang,Total,06 Year,3180,854,2325,0,0,0,0,0,0,0,1,0,0.03,0.0,0.06,0.0,0.0,0.0,0.06,0.0
district,Koshi,Khotang,Total,07 Year,3155,273,2881,0,0,0,0,0,0,0,1,0,0.03,0.0,0.0,0.0,0.06,0.0,-0.06,0.0
district,Koshi,Khotang,Total,08 Year,3261,82,3179,0,0,0,0,0,0,0,0,0,0.0,0.0,0.0,0.0,0.0,0.0,0.0,0.0
district,Koshi,Khotang,Total,09 Year,3275,32,3242,0,0,0,0,0,0,0,0,1,0.0,0.0,0.0,0.0,0.0,0.0,0.0,0.0
district,Koshi,Khotang,Total,10 Year,3385,11,3372,0,0,0,0,0,0,0,2,0,0.06,0.0,0.12,0.0,0.0,0.0,0.12,0.0
district,Koshi,Khotang,Total,11 Year,3116,4,1987,1125,0,0,0,0,0,0,0,0,0.0,0.0,0.0,0.0,0.0,0.0,0.0,0.0
district,Koshi,Khotang,Total,12 Year,3806,9,1380,2416,0,0,0,0,0,0,0,1,0.0,0.0,0.0,0.0,0.0,0.0,0.0,0.0
district,Koshi,Khotang,Total,13 Year,3611,2,713,2895,0,0,0,0,0,0,0,1,0.0,0.0,0.0,0.0,0.0,0.0,0.0,0.0
district,Koshi,Khotang,Total,14 Year,3847,4,417,2424,1001,0,0,0,0,0,1,0,0.03,26.02,0.0,0.0,0.05,0.0,-0.05,0.0
district,Koshi,Khotang,Total,15 Year,3923,1,140,1666,1693,395,0,0,0,0,12,16,0.31,53.22,0.31,8.43,0.3,11.68,0.01,-3.25
district,Koshi,Khotang,Total,16 - 19 Years,14914,7,781,3018,5104,3691,2225,53,0,1,5,29,0.03,74.25,0.04,36.38,0.03,43.65,0.01,-7.27
district,Koshi,Khotang,Total,20 - 24 Years,15166,8,1252,2652,4519,2154,3856,580,64,1,30,50,0.2,73.67,0.12,40.8,0.27,46.8,-0.15,-6.0
district,Koshi,Khotang,Total,25 - 29 Years,12593,10,1501,2136,4115,1581,2280,679,236,0,27,28,0.21,70.6,0.09,37.42,0.34,38.45,-0.25,-1.03
district,Koshi,Khotang,Total,30 - 34 Years,9414,16,1716,1614,2261,1244,1610,573,298,0,57,25,0.61,63.59,0.3,41.48,0.95,37.4,-0.65,4.08
district,Koshi,Khotang,Total,35 - 39 Years,7787,11,1879,1421,2076,915,874,288,216,1,80,26,1.03,56.11,0.33,31.51,1.85,27.01,-1.52,4.5
district,Koshi,Khotang,Total,40 - 44 Years,6127,14,1895,1132,1421,634,555,177,149,1,126,23,2.06,47.92,1.12,27.38,3.29,21.23,-2.17,6.15
district,Koshi,Khotang,Total,45 - 49 Years,4588,16,1794,775,948,357,275,133,85,2,163,40,3.55,39.19,1.81,21.91,6.45,12.89,-4.64,9.02
district,Koshi,Khotang,Total,50 - 54 Years,4625,14,2037,720,826,274,274,100,84,4,228,64,4.93,33.69,2.32,18.92,10.71,8.97,-8.39,9.95
district,Koshi,Khotang,Total,55 - 59 Years,3262,18,1738,431,468,151,134,56,34,2,182,48,5.58,25.84,3.06,14.01,13.16,3.94,-10.1,10.07
district,Koshi,Khotang,Total,60 - 64 Years,2414,16,1485,256,258,90,62,22,9,0,173,43,7.17,18.27,5.02,8.84,15.34,2.79,-10.32,6.05
district,Koshi,Khotang,Total,65 - 69 Years,1648,13,1034,179,139,53,31,9,7,3,139,41,8.43,14.5,6.01,6.91,18.67,2.53,-12.66,4.38
district,Koshi,Khotang,Total,70 - 74 Years,1069,13,675,111,101,22,9,6,6,1,103,22,9.64,13.47,7.99,4.33,18.45,2.38,-10.46,1.95
district,Koshi,Khotang,Total,75+ Years,896,6,525,85,77,20,13,2,2,1,119,46,13.28,12.72,12.99,3.91,15.53,5.83,-2.54,-1.92
district,Koshi,Khotang,Male,Total,66126,2271,20713,13594,14080,6291,5874,1534,850,8,647,264,0.98,43.29,0.98,22.0,1.44,23.44,-0.46,-1.44
district,Koshi,Khotang,Male,05 Year,1493,1492,0,0,0,0,0,0,0,0,0,1,0.0,0.0,0.0,0.0,0.07,0.0,-0.07,0.0
district,Koshi,Khotang,Male,06 Year,1619,478,1140,0,0,0,0,0,0,0,1,0,0.06,0.0,0.06,0.0,0.0,0.0,0.06,0.0
district,Koshi,Khotang,Male,07 Year,1584,155,1429,0,0,0,0,0,0,0,0,0,0.0,0.0,0.0,0.0,0.06,0.0,-0.06,0.0
district,Koshi,Khotang,Male,08 Year,1632,44,1588,0,0,0,0,0,0,0,0,0,0.0,0.0,0.0,0.0,0.0,0.0,0.0,0.0
district,Koshi,Khotang,Male,09 Year,1623,20,1602,0,0,0,0,0,0,0,0,1,0.0,0.0,0.0,0.0,0.0,0.0,0.0,0.0
district,Koshi,Khotang,Male,10 Year,1703,3,1698,0,0,0,0,0,0,0,2,0,0.12,0.0,0.12,0.0,0.0,0.0,0.12,0.0
district,Koshi,Khotang,Male,11 Year,1577,1,1058,518,0,0,0,0,0,0,0,0,0.0,0.0,0.0,0.0,0.0,0.0,0.0,0.0
district,Koshi,Khotang,Male,12 Year,1827,5,709,1113,0,0,0,0,0,0,0,0,0.0,0.0,0.0,0.0,0.0,0.0,0.0,0.0
district,Koshi,Khotang,Male,13 Year,1811,0,395,1416,0,0,0,0,0,0,0,0,0.0,0.0,0.0,0.0,0.0,0.0,0.0,0.0
district,Koshi,Khotang,Male,14 Year,1925,1,251,1224,449,0,0,0,0,0,0,0,0.0,23.32,0.0,0.0,0.05,0.0,-0.05,0.0
district,Koshi,Khotang,Male,15 Year,1946,1,83,910,774,164,0,0,0,0,6,8,0.31,48.2,0.31,8.43,0.3,11.68,0.01,-3.25
district,Koshi,Khotang,Male,16 - 19 Years,7446,3,499,1643,2571,1719,966,24,0,1,3,17,0.04,70.91,0.04,36.38,0.03,43.65,0.01,-7.27
district,Koshi,Khotang,Male,20 - 24 Years,7404,3,690,1386,2265,1101,1623,257,40,0,9,30,0.12,71.39,0.12,40.8,0.27,46.8,-0.15,-6.0
district,Koshi,Khotang,Male,25 - 29 Years,6401,4,738,1093,2154,856,1057,351,131,0,6,11,0.09,71.07,0.09,37.42,0.34,38.45,-0.25,-1.03
district,Koshi,Khotang,Male,30 - 34 Years,4997,8,746,842,1299,722,821,326,204,0,15,14,0.3,67.48,0.3,41.48,0.95,37.4,-0.65,4.08
district,Koshi,Khotang,Male,35 - 39 Years,4214,3,785,770,1306,553,443,172,160,0,14,8,0.33,62.51,0.33,31.51,1.85,27.01,-1.52,4.5
district,Koshi,Khotang,Male,40 - 44 Years,3484,3,850,672,957,403,316,122,113,1,39,8,1.12,54.85,1.12,27.38,3.29,21.23,-2.17,6.15
district,Koshi,Khotang,Male,45 - 49 Years,2866,7,931,517,716,246,199,106,77,1,52,14,1.81,46.89,1.81,21.91,6.45,12.89,-4.64,9.02
district,Koshi,Khotang,Male,50 - 54 Years,3187,6,1241,572,666,215,227,86,75,1,74,24,2.32,39.82,2.32,18.92,10.71,8.97,-8.39,9.95
district,Koshi,Khotang,Male,55 - 59 Years,2449,7,1233,370,404,141,120,52,30,0,75,17,3.06,30.5,3.06,14.01,13.16,3.94,-10.1,10.07
district,Koshi,Khotang,Male,60 - 64 Years,1912,9,1158,217,233,84,56,21,8,0,96,30,5.02,21.03,5.02,8.84,15.34,2.79,-10.32,6.05
district,Koshi,Khotang,Male,65 - 69 Years,1332,8,838,156,126,51,27,9,5,2,80,30,6.01,16.37,6.01,6.91,18.67,2.53,-12.66,4.38
district,Koshi,Khotang,Male,70 - 74 Years,901,5,584,96,89,20,7,6,6,1,72,15,7.99,14.21,7.99,4.33,18.45,2.38,-10.46,1.95
district,Koshi,Khotang,Male,75+ Years,793,5,467,79,71,16,12,2,1,1,103,36,12.99,12.86,12.99,3.91,15.53,5.83,-2.54,-1.92
district,Koshi,Khotang,Female,Total,55878,2103,17235,11462,10927,5290,6324,1144,340,9,803,241,1.44,43.0,0.98,22.0,1.44,23.44,-0.46,-1.44
district,Koshi,Khotang,Female,05 Year,1449,1448,0,0,0,0,0,0,0,0,1,0,0.07,0.0,0.0,0.0,0.07,0.0,-0.07,0.0
district,Koshi,Khotang,Female,06 Year,1561,376,1185,0,0,0,0,0,0,0,0,0,0.0,0.0,0.06,0.0,0.0,0.0,0.06,0.0
district,Koshi,Khotang,Female,07 Year,1571,118,1452,0,0,0,0,0,0,0,1,0,0.06,0.0,0.0,0.0,0.06,0.0,-0.06,0.0
district,Koshi,Khotang,Female,08 Year,1629,38,1591,0,0,0,0,0,0,0,0,0,0.0,0.0,0.0,0.0,0.0,0.0,0.0,0.0
district,Koshi,Khotang,Female,09 Year,1652,12,1640,0,0,0,0,0,0,0,0,0,0.0,0.0,0.0,0.0,0.0,0.0,0.0,0.0
district,Koshi,Khotang,Female,10 Year,1682,8,1674,0,0,0,0,0,0,0,0,0,0.0,0.0,0.12,0.0,0.0,0.0,0.12,0.0
district,Koshi,Khotang,Female,11 Year,1539,3,929,607,0,0,0,0,0,0,0,0,0.0,0.0,0.0,0.0,0.0,0.0,0.0,0.0
district,Koshi,Khotang,Female,12 Year,1979,4,671,1303,0,0,0,0,0,0,0,1,0.0,0.0,0.0,0.0,0.0,0.0,0.0,0.0
district,Koshi,Khotang,Female,13 Year,1800,2,318,1479,0,0,0,0,0,0,0,1,0.0,0.0,0.0,0.0,0.0,0.0,0.0,0.0
district,Koshi,Khotang,Female,14 Year,1922,3,166,1200,552,0,0,0,0,0,1,0,0.05,28.72,0.0,0.0,0.05,0.0,-0.05,0.0
district,Koshi,Khotang,Female,15 Year,1977,0,57,756,919,231,0,0,0,0,6,8,0.3,58.17,0.31,8.43,0.3,11.68,0.01,-3.25
district,Koshi,Khotang,Female,16 - 19 Years,7468,4,282,1375,2533,1972,1259,29,0,0,2,12,0.03,77.57,0.04,36.38,0.03,43.65,0.01,-7.27
district,Koshi,Khotang,Female,20 - 24 Years,7762,5,562,1266,2254,1053,2233,323,24,1,21,20,0.27,75.84,0.12,40.8,0.27,46.8,-0.15,-6.0
district,Koshi,Khotang,Female,25 - 29 Years,6192,6,763,1043,1961,725,1223,328,105,0,21,17,0.34,70.12,0.09,37.42,0.34,38.45,-0.25,-1.03
district,Koshi,Khotang,Female,30 - 34 Years,4417,8,970,772,962,522,789,247,94,0,42,11,0.95,59.18,0.3,41.48,0.95,37.4,-0.65,4.08
district,Koshi,Khotang,Female,35 - 39 Years,3573,8,1094,651,770,362,431,116,56,1,66,18,1.85,48.56,0.33,31.51,1.85,27.01,-1.52,4.5
district,Koshi,Khotang,Female,40 - 44 Years,2643,11,1045,460,464,231,239,55,36,0,87,15,3.29,38.78,1.12,27.38,3.29,21.23,-2.17,6.15
district,Koshi,Khotang,Female,45 - 49 Years,1722,9,863,258,232,111,76,27,8,1,111,26,6.45,26.36,1.81,21.91,6.45,12.89,-4.64,9.02
district,Koshi,Khotang,Female,50 - 54 Years,1438,8,796,148,160,59,47,14,9,3,154,40,10.71,20.1,2.32,18.92,10.71,8.97,-8.39,9.95
district,Koshi,Khotang,Female,55 - 59 Years,813,11,505,61,64,10,14,4,4,2,107,31,13.16,11.81,3.06,14.01,13.16,3.94,-10.1,10.07
district,Koshi,Khotang,Female,60 - 64 Years,502,7,327,39,25,6,6,1,1,0,77,13,15.34,7.77,5.02,8.84,15.34,2.79,-10.32,6.05
district,Koshi,Khotang,Female,65 - 69 Years,316,5,196,23,13,2,4,0,2,1,59,11,18.67,6.65,6.01,6.91,18.67,2.53,-12.66,4.38
district,Koshi,Khotang,Female,70 - 74 Years,168,8,91,15,12,2,2,0,0,0,31,7,18.45,9.52,7.99,4.33,18.45,2.38,-10.46,1.95
district,Koshi,Khotang,Female,75+ Years,103,1,58,6,6,4,1,0,1,0,16,10,15.53,11.65,12.99,3.91,15.53,5.83,-2.54,-1.92
district,Koshi,Bhojpur,Total,Total,114149,3784,37106,25375,21352,11180,8823,2131,1124,53,2502,719,2.19,39.08,1.45,20.07,3.06,20.74,-1.61,-0.67
district,Koshi,Bhojpur,Total,05 Year,2622,2616,0,0,0,0,0,0,0,0,2,4,0.08,0.0,0.08,0.0,0.07,0.0,0.01,0.0
district,Koshi,Bhojpur,Total,06 Year,2895,770,2122,0,0,0,0,0,0,0,0,3,0.0,0.0,0.0,0.0,0.0,0.0,0.0,0.0
district,Koshi,Bhojpur,Total,07 Year,2758,214,2542,0,0,0,0,0,0,0,1,1,0.04,0.0,0.08,0.0,0.0,0.0,0.08,0.0
district,Koshi,Bhojpur,Total,08 Year,3002,63,2938,0,0,0,0,0,0,0,0,1,0.0,0.0,0.0,0.0,0.0,0.0,0.0,0.0
district,Koshi,Bhojpur,Total,09 Year,2744,25,2718,0,0,0,0,0,0,0,0,1,0.0,0.0,0.0,0.0,0.0,0.0,0.0,0.0
district,Koshi,Bhojpur,Total,10 Year,2922,17,2905,0,0,0,0,0,0,0,0,0,0.0,0.0,0.0,0.0,0.0,0.0,0.0,0.0
district,Koshi,Bhojpur,Total,11 Year,2873,4,1808,1058,0,0,0,0,0,0,2,1,0.07,0.0,0.07,0.0,0.07,0.0,0.0,0.0
district,Koshi,Bhojpur,Total,12 Year,3221,3,1130,2087,0,0,0,0,0,0,1,0,0.03,0.0,0.06,0.0,0.0,0.0,0.06,0.0
district,Koshi,Bhojpur,Total,13 Year,3229,3,598,2627,0,0,0,0,0,0,1,0,0.03,0.0,0.0,0.0,0.06,0.0,-0.06,0.0
district,Koshi,Bhojpur,Total,14 Year,3223,1,375,2065,779,0,0,0,0,0,2,1,0.06,24.17,0.06,0.0,0.06,0.0,0.0,0.0
district,Koshi,Bhojpur,Total,15 Year,3235,2,148,1370,1331,352,0,0,0,0,0,32,0.0,52.02,0.0,8.63,0.0,13.11,0.0,-4.48
district,Koshi,Bhojpur,Total,16 - 19 Years,12666,4,848,2734,3780,3656,1552,47,0,0,7,38,0.06,71.33,0.05,37.24,0.06,45.91,-0.01,-8.67
district,Koshi,Bhojpur,Total,20 - 24 Years,13337,5,1369,2689,3792,2067,2876,428,50,0,27,34,0.2,69.08,0.14,37.59,0.26,43.54,-0.12,-5.95
district,Koshi,Bhojpur,Total,25 - 29 Years,11844,7,1647,2592,3722,1402,1648,541,214,1,44,26,0.37,63.55,0.23,31.64,0.52,32.64,-0.29,-1.0
district,Koshi,Bhojpur,Total,30 - 34 Years,9511,4,2113,2028,2144,1265,1148,415,275,0,85,34,0.89,55.17,0.34,35.47,1.49,29.54,-1.15,5.93
district,Koshi,Bhojpur,Total,35 - 39 Years,8070,6,2416,1860,1716,804,593,250,219,4,162,40,2.01,44.39,0.91,25.75,3.24,20.15,-2.33,5.6
district,Koshi,Bhojpur,Total,40 - 44 Years,6509,8,2335,1383,1213,546,375,140,141,5,299,64,4.59,37.1,1.5,21.46,8.26,14.91,-6.76,6.55
district,Koshi,Bhojpur,Total,45 - 49 Years,5034,9,2055,937,900,367,202,95,85,5,299,80,5.94,32.76,1.99,17.77,11.81,10.57,-9.82,7.2
district,Koshi,Bhojpur,Total,50 - 54 Years,4944,8,2169,823,793,273,185,104,73,13,405,98,8.19,28.88,2.91,16.45,18.2,6.03,-15.29,10.42
district,Koshi,Bhojpur,Total,55 - 59 Years,3439,6,1596,505,530,194,113,41,34,4,343,73,9.97,26.52,4.94,14.04,22.06,4.06,-17.12,9.98
district,Koshi,Bhojpur,Total,60 - 64 Years,2505,3,1344,280,306,110,58,34,19,9,289,53,11.54,21.04,6.66,10.18,26.07,4.77,-19.41,5.41
district,Koshi,Bhojpur,Total,65 - 69 Years,1662,3,917,158,156,77,38,21,9,4,230,49,13.84,18.11,9.13,10.72,28.54,2.48,-19.41,8.24
district,Koshi,Bhojpur,Total,70 - 74 Years,979,1,546,110,107,35,17,8,4,1,120,30,12.26,17.47,10.34,6.97,21.02,4.55,-10.68,2.42
district,Koshi,Bhojpur,Total,75+ Years,925,2,467,69,83,32,18,7,1,7,183,56,19.78,15.24,19.68,6.31,20.51,5.98,-0.83,0.33
district,Koshi,Bhojpur,Male,Total,61609,1906,20150,13938,11999,6068,4314,1200,781,21,896,336,1.45,39.54,1.45,20.07,3.06,20.74,-1.61,-0.67
district,Koshi,Bhojpur,Male,05 Year,1274,1271,0,0,0,0,0,0,0,0,1,2,0.08,0.0,0.08,0.0,0.07,0.0,0.01,0.0
district,Koshi,Bhojpur,Male,06 Year,1483,420,1062,0,0,0,0,0,0,0,0,1,0.0,0.0,0.0,0.0,0.0,0.0,0.0,0.0
district,Koshi,Bhojpur,Male,07 Year,1324,118,1205,0,0,0,0,0,0,0,1,0,0.08,0.0,0.08,0.0,0.0,0.0,0.08,0.0
district,Koshi,Bhojpur,Male,08 Year,1522,40,1482,0,0,0,0,0,0,0,0,0,0.0,0.0,0.0,0.0,0.0,0.0,0.0,0.0
district,Koshi,Bhojpur,Male,09 Year,1393,9,1383,0,0,0,0,0,0,0,0,1,0.0,0.0,0.0,0.0,0.0,0.0,0.0,0.0
district,Koshi,Bhojpur,Male,10 Year,1464,7,1457,0,0,0,0,0,0,0,0,0,0.0,0.0,0.0,0.0,0.0,0.0,0.0,0.0
district,Koshi,Bhojpur,Male,11 Year,1421,2,933,484,0,0,0,0,0,0,1,1,0.07,0.0,0.07,0.0,0.07,0.0,0.0,0.0
district,Koshi,Bhojpur,Male,12 Year,1665,1,642,1021,0,0,0,0,0,0,1,0,0.06,0.0,0.06,0.0,0.0,0.0,0.06,0.0
district,Koshi,Bhojpur,Male,13 Year,1619,2,328,1289,0,0,0,0,0,0,0,0,0.0,0.0,0.0,0.0,0.06,0.0,-0.06,0.0
district,Koshi,Bhojpur,Male,14 Year,1631,1,204,1062,363,0,0,0,0,0,1,0,0.06,22.26,0.06,0.0,0.06,0.0,0.0,0.0
district,Koshi,Bhojpur,Male,15 Year,1610,0,91,723,641,139,0,0,0,0,0,16,0.0,48.45,0.0,8.63,0.0,13.11,0.0,-4.48
district,Koshi,Bhojpur,Male,16 - 19 Years,6463,2,551,1519,1959,1713,677,17,0,0,3,22,0.05,67.55,0.05,37.24,0.06,45.91,-0.01,-8.67
district,Koshi,Bhojpur,Male,20 - 24 Years,6491,3,803,1334,1885,1007,1241,171,21,0,9,17,0.14,66.63,0.14,37.59,0.26,43.54,-0.12,-5.95
district,Koshi,Bhojpur,Male,25 - 29 Years,6065,5,808,1348,1958,754,786,261,118,0,14,13,0.23,63.92,0.23,31.64,0.52,32.64,-0.29,-1.0
district,Koshi,Bhojpur,Male,30 - 34 Years,4954,3,912,1064,1193,733,593,240,191,0,17,8,0.34,59.55,0.34,35.47,1.49,29.54,-1.15,5.93
district,Koshi,Bhojpur,Male,35 - 39 Years,4279,1,996,1078,1045,500,302,157,143,0,39,18,0.91,50.18,0.91,25.75,3.24,20.15,-2.33,5.6
district,Koshi,Bhojpur,Male,40 - 44 Years,3532,4,1067,827,802,336,222,91,109,0,53,21,1.5,44.17,1.5,21.46,8.26,14.91,-6.76,6.55
district,Koshi,Bhojpur,Male,45 - 49 Years,3010,4,1123,636,625,261,138,65,71,2,60,25,1.99,38.54,1.99,17.77,11.81,10.57,-9.82,7.2
district,Koshi,Bhojpur,Male,50 - 54 Years,3235,6,1346,629,589,224,150,93,65,2,94,37,2.91,34.65,2.91,16.45,18.2,6.03,-15.29,10.42
district,Koshi,Bhojpur,Male,55 - 59 Years,2428,3,1131,394,410,171,97,40,33,2,120,27,4.94,30.93,4.94,14.04,22.06,4.06,-17.12,9.98
district,Koshi,Bhojpur,Male,60 - 64 Years,1876,0,1040,236,248,96,46,31,18,7,125,29,6.66,23.4,6.66,10.18,26.07,4.77,-19.41,5.41
district,Koshi,Bhojpur,Male,65 - 69 Years,1259,2,718,131,125,72,35,20,8,1,115,32,9.13,20.65,9.13,10.72,28.54,2.48,-19.41,8.24
district,Koshi,Bhojpur,Male,70 - 74 Years,803,0,459,101,83,32,13,8,3,1,83,20,10.34,17.31,10.34,6.97,21.02,4.55,-10.68,2.42
district,Koshi,Bhojpur,Male,75+ Years,808,2,409,62,73,30,14,6,1,6,159,46,19.68,15.35,19.68,6.31,20.51,5.98,-0.83,0.33
district,Koshi,Bhojpur,Female,Total,52540,1878,16956,11437,9353,5112,4509,931,343,32,1606,383,3.06,38.54,1.45,20.07,3.06,20.74,-1.61,-0.67
district,Koshi,Bhojpur,Female,05 Year,1348,1345,0,0,0,0,0,0,0,0,1,2,0.07,0.0,0.08,0.0,0.07,0.0,0.01,0.0
district,Koshi,Bhojpur,Female,06 Year,1412,350,1060,0,0,0,0,0,0,0,0,2,0.0,0.0,0.0,0.0,0.0,0.0,0.0,0.0
district,Koshi,Bhojpur,Female,07 Year,1434,96,1337,0,0,0,0,0,0,0,0,1,0.0,0.0,0.08,0.0,0.0,0.0,0.08,0.0
district,Koshi,Bhojpur,Female,08 Year,1480,23,1456,0,0,0,0,0,0,0,0,1,0.0,0.0,0.0,0.0,0.0,0.0,0.0,0.0
district,Koshi,Bhojpur,Female,09 Year,1351,16,1335,0,0,0,0,0,0,0,0,0,0.0,0.0,0.0,0.0,0.0,0.0,0.0,0.0
district,Koshi,Bhojpur,Female,10 Year,1458,10,1448,0,0,0,0,0,0,0,0,0,0.0,0.0,0.0,0.0,0.0,0.0,0.0,0.0
district,Koshi,Bhojpur,Female,11 Year,1452,2,875,574,0,0,0,0,0,0,1,0,0.07,0.0,0.07,0.0,0.07,0.0,0.0,0.0
district,Koshi,Bhojpur,Female,12 Year,1556,2,488,1066,0,0,0,0,0,0,0,0,0.0,0.0,0.06,0.0,0.0,0.0,0.06,0.0
district,Koshi,Bhojpur,Female,13 Year,1610,1,270,1338,0,0,0,0,0,0,1,0,0.06,0.0,0.0,0.0,0.06,0.0,-0.06,0.0
district,Koshi,Bhojpur,Female,14 Year,1592,0,171,1003,416,0,0,0,0,0,1,1,0.06,26.13,0.06,0.0,0.06,0.0,0.0,0.0
district,Koshi,Bhojpur,Female,15 Year,1625,2,57,647,690,213,0,0,0,0,0,16,0.0,55.57,0.0,8.63,0.0,13.11,0.0,-4.48
district,Koshi,Bhojpur,Female,16 - 19 Years,6203,2,297,1215,1821,1943,875,30,0,0,4,16,0.06,75.27,0.05,37.24,0.06,45.91,-0.01,-8.67
district,Koshi,Bhojpur,Female,20 - 24 Years,6846,2,566,1355,1907,1060,1635,257,29,0,18,17,0.26,71.4,0.14,37.59,0.26,43.54,-0.12,-5.95
district,Koshi,Bhojpur,Female,25 - 29 Years,5779,2,839,1244,1764,648,862,280,96,1,30,13,0.52,63.16,0.23,31.64,0.52,32.64,-0.29,-1.0
district,Koshi,Bhojpur,Female,30 - 34 Years,4557,1,1201,964,951,532,555,175,84,0,68,26,1.49,50.41,0.34,35.47,1.49,29.54,-1.15,5.93
district,Koshi,Bhojpur,Female,35 - 39 Years,3791,5,1420,782,671,304,291,93,76,4,123,22,3.24,37.85,0.91,25.75,3.24,20.15,-2.33,5.6
district,Koshi,Bhojpur,Female,40 - 44 Years,2977,4,1268,556,411,210,153,49,32,5,246,43,8.26,28.72,1.5,21.46,8.26,14.91,-6.76,6.55
district,Koshi,Bhojpur,Female,45 - 49 Years,2024,5,932,301,275,106,64,30,14,3,239,55,11.81,24.16,1.99,17.77,11.81,10.57,-9.82,7.2
district,Koshi,Bhojpur,Female,50 - 54 Years,1709,2,823,194,204,49,35,11,8,11,311,61,18.2,17.96,2.91,16.45,18.2,6.03,-15.29,10.42
district,Koshi,Bhojpur,Female,55 - 59 Years,1011,3,465,111,120,23,16,1,1,2,223,46,22.06,15.92,4.94,14.04,22.06,4.06,-17.12,9.98
district,Koshi,Bhojpur,Female,60 - 64 Years,629,3,304,44,58,14,12,3,1,2,164,24,26.07,13.99,6.66,10.18,26.07,4.77,-19.41,5.41
district,Koshi,Bhojpur,Female,65 - 69 Years,403,1,199,27,31,5,3,1,1,3,115,17,28.54,10.17,9.13,10.72,28.54,2.48,-19.41,8.24
district,Koshi,Bhojpur,Female,70 - 74 Years,176,1,87,9,24,3,4,0,1,0,37,10,21.02,18.18,10.34,6.97,21.02,4.55,-10.68,2.42
district,Koshi,Bhojpur,Female,75+ Years,117,0,58,7,10,2,4,1,0,1,24,10,20.51,14.53,19.68,6.31,20.51,5.98,-0.83,0.33
district,Koshi,Dhankuta,Total,Total,113263,3885,32343,24519,21339,12018,11604,3104,1550,85,2357,459,2.08,43.81,1.33,23.9,2.93,26.17,-1.6,-2.27
district,Koshi,Dhankuta,Total,05 Year,2419,2411,0,0,0,0,0,0,0,0,0,8,0.0,0.0,0.0,0.0,0.0,0.0,0.0,0.0
district,Koshi,Dhankuta,Total,06 Year,2467,939,1527,0,0,0,0,0,0,0,0,1,0.0,0.0,0.0,0.0,0.0,0.0,0.0,0.0
district,Koshi,Dhankuta,Total,07 Year,2549,287,2262,0,0,0,0,0,0,0,0,0,0.0,0.0,0.0,0.0,0.0,0.0,0.0,0.0
district,Koshi,Dhankuta,Total,08 Year,2651,84,2566,0,0,0,0,0,0,0,1,0,0.04,0.0,0.07,0.0,0.0,0.0,0.07,0.0
district,Koshi,Dhankuta,Total,09 Year,2439,17,2417,0,0,0,0,0,0,0,1,4,0.04,0.0,0.0,0.0,0.08,0.0,-0.08,0.0
district,Koshi,Dhankuta,Total,10 Year,2710,2,2708,0,0,0,0,0,0,0,0,0,0.0,0.0,0.0,0.0,0.0,0.0,0.0,0.0
district,Koshi,Dhankuta,Total,11 Year,2324,7,1504,813,0,0,0,0,0,0,0,0,0.0,0.0,0.0,0.0,0.0,0.0,0.0,0.0
district,Koshi,Dhankuta,Total,12 Year,2662,3,834,1825,0,0,0,0,0,0,0,0,0.0,0.0,0.0,0.0,0.0,0.0,0.0,0.0
district,Koshi,Dhankuta,Total,13 Year,2690,5,380,2303,0,0,0,0,0,0,1,1,0.04,0.0,0.0,0.0,0.07,0.0,-0.07,0.0
district,Koshi,Dhankuta,Total,14 Year,2849,2,217,1846,783,0,0,0,0,0,1,0,0.04,27.48,0.07,0.0,0.0,0.0,0.07,0.0
district,Koshi,Dhankuta,Total,15 Year,2858,2,81,1124,1271,362,0,0,0,1,1,16,0.03,57.14,0.07,10.44,0.0,14.94,0.07,-4.5
district,Koshi,Dhankuta,Total,16 - 19 Years,11384,4,518,1911,3093,3838,1949,47,0,1,4,19,0.04,78.42,0.04,46.1,0.04,56.36,0.0,-10.26
district,Koshi,Dhankuta,Total,20 - 24 Years,13314,4,910,2481,3065,2189,3944,608,60,3,26,24,0.2,74.1,0.22,47.74,0.17,54.19,0.05,-6.45
district,Koshi,Dhankuta,Total,25 - 29 Years,11940,9,1270,2465,3343,1667,1982,836,303,4,33,28,0.28,68.1,0.27,39.19,0.28,40.97,-0.01,-1.78
district,Koshi,Dhankuta,Total,30 - 34 Years,10333,8,1792,2298,2391,1330,1518,587,340,0,51,18,0.49,59.67,0.26,36.93,0.71,36.16,-0.45,0.77
district,Koshi,Dhankuta,Total,35 - 39 Years,9434,9,2101,2336,2394,933,823,367,298,3,135,35,1.43,51.04,0.46,28.66,2.42,22.6,-1.96,6.06
district,Koshi,Dhankuta,Total,40 - 44 Years,7716,9,2308,1831,1631,668,550,208,211,10,259,31,3.36,42.35,1.32,25.37,5.48,16.88,-4.16,8.49
district,Koshi,Dhankuta,Total,45 - 49 Years,5627,15,2006,1127,1118,355,322,168,143,11,316,46,5.62,37.43,1.68,20.37,10.82,13.84,-9.14,6.53
district,Koshi,Dhankuta,Total,50 - 54 Years,5145,10,2081,903,935,267,220,142,108,12,417,50,8.1,32.5,3.29,17.9,16.61,8.01,-13.32,9.89
district,Koshi,Dhankuta,Total,55 - 59 Years,3483,12,1607,521,596,164,126,47,45,4,317,44,9.1,28.08,3.75,13.42,21.44,5.31,-17.69,8.11
district,Koshi,Dhankuta,Total,60 - 64 Years,2656,17,1386,335,319,97,81,42,22,10,294,53,11.07,21.12,6.3,10.06,24.75,6.4,-18.45,3.66
district,Koshi,Dhankuta,Total,65 - 69 Years,1732,13,904,200,217,74,41,27,11,7,212,26,12.24,21.36,6.84,8.67,29.26,9.35,-22.42,-0.68
district,Koshi,Dhankuta,Total,70 - 74 Years,1067,9,573,118,107,49,32,16,3,7,137,16,12.84,19.4,9.11,9.57,29.0,8.5,-19.89,1.07
district,Koshi,Dhankuta,Total,75+ Years,814,7,391,82,76,25,16,9,6,12,151,39,18.55,16.22,17.95,7.01,22.77,5.94,-4.82,1.07
district,Koshi,Dhankuta,Male,Total,60026,2073,17769,13362,11441,6347,5394,1603,1001,25,796,215,1.33,42.96,1.33,23.9,2.93,26.17,-1.6,-2.27
district,Koshi,Dhankuta,Male,05 Year,1256,1252,0,0,0,0,0,0,0,0,0,4,0.0,0.0,0.0,0.0,0.0,0.0,0.0,0.0
district,Koshi,Dhankuta,Male,06 Year,1276,521,755,0,0,0,0,0,0,0,0,0,0.0,0.0,0.0,0.0,0.0,0.0,0.0,0.0
district,Koshi,Dhankuta,Male,07 Year,1314,168,1146,0,0,0,0,0,0,0,0,0,0.0,0.0,0.0,0.0,0.0,0.0,0.0,0.0
district,Koshi,Dhankuta,Male,08 Year,1372,44,1327,0,0,0,0,0,0,0,1,0,0.07,0.0,0.07,0.0,0.0,0.0,0.07,0.0
district,Koshi,Dhankuta,Male,09 Year,1228,6,1219,0,0,0,0,0,0,0,0,3,0.0,0.0,0.0,0.0,0.08,0.0,-0.08,0.0
district,Koshi,Dhankuta,Male,10 Year,1391,0,1391,0,0,0,0,0,0,0,0,0,0.0,0.0,0.0,0.0,0.0,0.0,0.0,0.0
district,Koshi,Dhankuta,Male,11 Year,1196,3,810,383,0,0,0,0,0,0,0,0,0.0,0.0,0.0,0.0,0.0,0.0,0.0,0.0
district,Koshi,Dhankuta,Male,12 Year,1353,2,462,889,0,0,0,0,0,0,0,0,0.0,0.0,0.0,0.0,0.0,0.0,0.0,0.0
district,Koshi,Dhankuta,Male,13 Year,1327,2,227,1097,0,0,0,0,0,0,0,1,0.0,0.0,0.0,0.0,0.07,0.0,-0.07,0.0
district,Koshi,Dhankuta,Male,14 Year,1442,1,122,958,360,0,0,0,0,0,1,0,0.07,24.97,0.07,0.0,0.0,0.0,0.07,0.0
district,Koshi,Dhankuta,Male,15 Year,1446,0,60,609,614,151,0,0,0,1,1,10,0.07,52.9,0.07,10.44,0.0,14.94,0.07,-4.5
district,Koshi,Dhankuta,Male,16 - 19 Years,5673,3,330,1111,1605,1759,839,17,0,0,2,7,0.04,74.39,0.04,46.1,0.04,56.36,0.0,-10.26
district,Koshi,Dhankuta,Male,20 - 24 Years,6422,1,544,1383,1399,1153,1661,219,33,3,14,12,0.22,69.53,0.22,47.74,0.17,54.19,0.05,-6.45
district,Koshi,Dhankuta,Male,25 - 29 Years,5843,7,692,1280,1539,901,863,380,146,0,16,19,0.27,65.53,0.27,39.19,0.28,40.97,-0.01,-1.78
district,Koshi,Dhankuta,Male,30 - 34 Years,4999,5,840,1127,1158,667,699,300,180,0,13,10,0.26,60.09,0.26,36.93,0.71,36.16,-0.45,0.77
district,Koshi,Dhankuta,Male,35 - 39 Years,4762,6,911,1164,1278,542,425,202,196,0,22,16,0.46,55.5,0.46,28.66,2.42,22.6,-1.96,6.06
district,Koshi,Dhankuta,Male,40 - 44 Years,3942,4,975,968,933,401,306,139,154,0,52,10,1.32,49.04,1.32,25.37,5.48,16.88,-4.16,8.49
district,Koshi,Dhankuta,Male,45 - 49 Years,3206,2,1005,712,765,228,198,108,119,3,54,12,1.68,44.23,1.68,20.37,10.82,13.84,-9.14,6.53
district,Koshi,Dhankuta,Male,50 - 54 Years,3285,5,1204,653,707,199,169,122,98,3,108,17,3.29,39.42,3.29,17.9,16.61,8.01,-13.32,9.89
district,Koshi,Dhankuta,Male,55 - 59 Years,2429,7,1108,402,481,137,105,43,41,2,91,12,3.75,33.22,3.75,13.42,21.44,5.31,-17.69,8.11
district,Koshi,Dhankuta,Male,60 - 64 Years,1969,10,1079,273,260,82,65,32,19,2,124,23,6.3,23.26,6.3,10.06,24.75,6.4,-18.45,3.66
district,Koshi,Dhankuta,Male,65 - 69 Years,1315,10,725,176,183,61,24,20,9,2,90,15,6.84,22.59,6.84,8.67,29.26,9.35,-22.42,-0.68
district,Koshi,Dhankuta,Male,70 - 74 Years,867,8,485,101,95,43,25,13,2,4,79,12,9.11,20.53,9.11,9.57,29.0,8.5,-19.89,1.07
district,Koshi,Dhankuta,Male,75+ Years,713,6,352,76,64,23,15,8,4,5,128,32,17.95,15.99,17.95,7.01,22.77,5.94,-4.82,1.07
district,Koshi,Dhankuta,Female,Total,53237,1812,14574,11157,9898,5671,6210,1501,549,60,1561,244,2.93,44.76,1.33,23.9,2.93,26.17,-1.6,-2.27
district,Koshi,Dhankuta,Female,05 Year,1163,1159,0,0,0,0,0,0,0,0,0,4,0.0,0.0,0.0,0.0,0.0,0.0,0.0,0.0
district,Koshi,Dhankuta,Female,06 Year,1191,418,772,0,0,0,0,0,0,0,0,1,0.0,0.0,0.0,0.0,0.0,0.0,0.0,0.0
district,Koshi,Dhankuta,Female,07 Year,1235,119,1116,0,0,0,0,0,0,0,0,0,0.0,0.0,0.0,0.0,0.0,0.0,0.0,0.0
district,Koshi,Dhankuta,Female,08 Year,1279,40,1239,0,0,0,0,0,0,0,0,0,0.0,0.0,0.07,0.0,0.0,0.0,0.07,0.0
district,Koshi,Dhankuta,Female,09 Year,1211,11,1198,0,0,0,0,0,0,0,1,1,0.08,0.0,0.0,0.0,0.08,0.0,-0.08,0.0
district,Koshi,Dhankuta,Female,10 Year,1319,2,1317,0,0,0,0,0,0,0,0,0,0.0,0.0,0.0,0.0,0.0,0.0,0.0,0.0
district,Koshi,Dhankuta,Female,11 Year,1128,4,694,430,0,0,0,0,0,0,0,0,0.0,0.0,0.0,0.0,0.0,0.0,0.0,0.0
district,Koshi,Dhankuta,Female,12 Year,1309,1,372,936,0,0,0,0,0,0,0,0,0.0,0.0,0.0,0.0,0.0,0.0,0.0,0.0
district,Koshi,Dhankuta,Female,13 Year,1363,3,153,1206,0,0,0,0,0,0,1,0,0.07,0.0,0.0,0.0,0.07,0.0,-0.07,0.0
district,Koshi,Dhankuta,Female,14 Year,1407,1,95,888,423,0,0,0,0,0,0,0,0.0,30.06,0.07,0.0,0.0,0.0,0.07,0.0
district,Koshi,Dhankuta,Female,15 Year,1412,2,21,515,657,211,0,0,0,0,0,6,0.0,61.47,0.07,10.44,0.0,14.94,0.07,-4.5
district,Koshi,Dhankuta,Female,16 - 19 Years,5711,1,188,800,1488,2079,1110,30,0,1,2,12,0.04,82.42,0.04,46.1,0.04,56.36,0.0,-10.26
district,Koshi,Dhankuta,Female,20 - 24 Years,6892,3,366,1098,1666,1036,2283,389,27,0,12,12,0.17,78.37,0.22,47.74,0.17,54.19,0.05,-6.45
district,Koshi,Dhankuta,Female,25 - 29 Years,6097,2,578,1185,1804,766,1119,456,157,4,17,9,0.28,70.56,0.27,39.19,0.28,40.97,-0.01,-1.78
district,Koshi,Dhankuta,Female,30 - 34 Years,5334,3,952,1171,1233,663,819,287,160,0,38,8,0.71,59.28,0.26,36.93,0.71,36.16,-0.45,0.77
district,Koshi,Dhankuta,Female,35 - 39 Years,4672,3,1190,1172,1116,391,398,165,102,3,113,19,2.42,46.49,0.46,28.66,2.42,22.6,-1.96,6.06
district,Koshi,Dhankuta,Female,40 - 44 Years,3774,5,1333,863,698,267,244,69,57,10,207,21,5.48,35.37,1.32,25.37,5.48,16.88,-4.16,8.49
district,Koshi,Dhankuta,Female,45 - 49 Years,2421,13,1001,415,353,127,124,60,24,8,262,34,10.82,28.42,1.68,20.37,10.82,13.84,-9.14,6.53
district,Koshi,Dhankuta,Female,50 - 54 Years,1860,5,877,250,228,68,51,20,10,9,309,33,16.61,20.27,3.29,17.9,16.61,8.01,-13.32,9.89
district,Koshi,Dhankuta,Female,55 - 59 Years,1054,5,499,119,115,27,21,4,4,2,226,32,21.44,16.22,3.75,13.42,21.44,5.31,-17.69,8.11
district,Koshi,Dhankuta,Female,60 - 64 Years,687,7,307,62,59,15,16,10,3,8,170,30,24.75,14.99,6.3,10.06,24.75,6.4,-18.45,3.66
district,Koshi,Dhankuta,Female,65 - 69 Years,417,3,179,24,34,13,17,7,2,5,122,11,29.26,17.51,6.84,8.67,29.26,9.35,-22.42,-0.68
district,Koshi,Dhankuta,Female,70 - 74 Years,200,1,88,17,12,6,7,3,1,3,58,4,29.0,14.5,9.11,9.57,29.0,8.5,-19.89,1.07
district,Koshi,Dhankuta,Female,75+ Years,101,1,39,6,12,2,1,1,2,7,23,7,22.77,17.82,17.95,7.01,22.77,5.94,-4.82,1.07
district,Koshi,Terhathum,Total,Total,67174,2219,18139,13834,13529,8219,7100,1987,1005,24,883,235,1.31,47.4,1.17,27.27,1.48,27.24,-0.31,0.03
district,Koshi,Terhathum,Total,05 Year,1512,1508,0,0,0,0,0,0,0,0,1,3,0.07,0.0,0.0,0.0,0.13,0.0,-0.13,0.0
district,Koshi,Terhathum,Total,06 Year,1565,427,1138,0,0,0,0,0,0,0,0,0,0.0,0.0,0.0,0.0,0.0,0.0,0.0,0.0
district,Koshi,Terhathum,Total,07 Year,1657,177,1480,0,0,0,0,0,0,0,0,0,0.0,0.0,0.0,0.0,0.0,0.0,0.0,0.0
district,Koshi,Terhathum,Total,08 Year,1593,40,1552,0,0,0,0,0,0,0,1,0,0.06,0.0,0.0,0.0,0.12,0.0,-0.12,0.0
district,Koshi,Terhathum,Total,09 Year,1554,15,1537,0,0,0,0,0,0,0,0,2,0.0,0.0,0.0,0.0,0.0,0.0,0.0,0.0
district,Koshi,Terhathum,Total,10 Year,1594,7,1586,0,0,0,0,0,0,0,0,1,0.0,0.0,0.0,0.0,0.0,0.0,0.0,0.0
district,Koshi,Terhathum,Total,11 Year,1406,3,813,589,0,0,0,0,0,0,0,1,0.0,0.0,0.0,0.0,0.0,0.0,0.0,0.0
district,Koshi,Terhathum,Total,12 Year,1564,2,494,1068,0,0,0,0,0,0,0,0,0.0,0.0,0.0,0.0,0.0,0.0,0.0,0.0
district,Koshi,Terhathum,Total,13 Year,1548,2,220,1325,0,0,0,0,0,0,0,1,0.0,0.0,0.0,0.0,0.0,0.0,0.0,0.0
district,Koshi,Terhathum,Total,14 Year,1678,0,114,1035,529,0,0,0,0,0,0,0,0.0,31.53,0.0,0.0,0.0,0.0,0.0,0.0
district,Koshi,Terhathum,Total,15 Year,1765,0,46,620,825,265,0,0,0,0,1,8,0.06,61.76,0.0,12.05,0.12,18.19,-0.12,-6.14
district,Koshi,Terhathum,Total,16 - 19 Years,7039,1,241,1056,2026,2250,1371,75,0,2,1,16,0.01,81.29,0.03,49.03,0.0,56.14,0.03,-7.11
district,Koshi,Terhathum,Total,20 - 24 Years,7874,3,449,1200,1998,1315,2302,523,61,1,7,15,0.09,78.73,0.08,50.76,0.1,55.72,-0.02,-4.96
district,Koshi,Terhathum,Total,25 - 29 Years,6864,6,582,1246,2008,1120,1199,474,202,1,11,15,0.16,72.89,0.21,43.28,0.11,43.96,0.1,-0.68
district,Koshi,Terhathum,Total,30 - 34 Years,5970,4,705,1229,1470,1028,879,366,257,0,17,15,0.28,67.0,0.2,45.56,0.37,39.19,-0.17,6.37
district,Koshi,Terhathum,Total,35 - 39 Years,5183,4,1007,1178,1328,725,525,186,177,2,38,13,0.73,56.74,0.53,34.87,0.94,27.26,-0.41,7.61
district,Koshi,Terhathum,Total,40 - 44 Years,4311,1,1075,1024,1060,555,294,106,121,0,63,12,1.46,49.55,0.49,30.93,2.5,18.54,-2.01,12.39
district,Koshi,Terhathum,Total,45 - 49 Years,3139,1,998,710,695,308,186,69,66,4,88,14,2.8,42.18,1.21,26.09,4.78,12.54,-3.57,13.55
district,Koshi,Terhathum,Total,50 - 54 Years,3295,2,1192,672,688,286,147,90,57,1,138,22,4.19,38.48,2.1,23.01,7.64,8.68,-5.54,14.33
district,Koshi,Terhathum,Total,55 - 59 Years,2118,3,876,345,396,163,95,48,39,4,125,24,5.9,34.99,3.34,20.45,12.06,6.27,-8.72,14.18
district,Koshi,Terhathum,Total,60 - 64 Years,1667,6,866,243,236,90,52,27,10,5,109,23,6.54,24.9,3.71,12.75,16.35,3.75,-12.64,9.0
district,Koshi,Terhathum,Total,65 - 69 Years,1016,2,509,153,153,54,17,13,8,1,83,23,8.17,24.11,5.94,10.4,16.83,3.85,-10.89,6.55
district,Koshi,Terhathum,Total,70 - 74 Years,626,1,332,78,60,35,16,6,4,1,88,5,14.06,19.33,12.57,11.05,21.78,2.97,-9.21,8.08
district,Koshi,Terhathum,Total,75+ Years,636,4,327,63,57,25,17,4,3,2,112,22,17.61,16.67,17.99,7.91,15.0,6.25,2.99,1.66
district,Koshi,Terhathum,Male,Total,35756,1152,9593,7354,7355,4566,3461,1060,665,8,418,124,1.17,47.84,1.17,27.27,1.48,27.24,-0.31,0.03
district,Koshi,Terhathum,Male,05 Year,771,769,0,0,0,0,0,0,0,0,0,2,0.0,0.0,0.0,0.0,0.13,0.0,-0.13,0.0
district,Koshi,Terhathum,Male,06 Year,788,232,556,0,0,0,0,0,0,0,0,0,0.0,0.0,0.0,0.0,0.0,0.0,0.0,0.0
district,Koshi,Terhathum,Male,07 Year,843,92,751,0,0,0,0,0,0,0,0,0,0.0,0.0,0.0,0.0,0.0,0.0,0.0,0.0
district,Koshi,Terhathum,Male,08 Year,753,23,730,0,0,0,0,0,0,0,0,0,0.0,0.0,0.0,0.0,0.12,0.0,-0.12,0.0
district,Koshi,Terhathum,Male,09 Year,794,10,783,0,0,0,0,0,0,0,0,1,0.0,0.0,0.0,0.0,0.0,0.0,0.0,0.0
district,Koshi,Terhathum,Male,10 Year,820,4,816,0,0,0,0,0,0,0,0,0,0.0,0.0,0.0,0.0,0.0,0.0,0.0,0.0
district,Koshi,Terhathum,Male,11 Year,706,1,411,293,0,0,0,0,0,0,0,1,0.0,0.0,0.0,0.0,0.0,0.0,0.0,0.0
district,Koshi,Terhathum,Male,12 Year,817,0,286,531,0,0,0,0,0,0,0,0,0.0,0.0,0.0,0.0,0.0,0.0,0.0,0.0
district,Koshi,Terhathum,Male,13 Year,783,1,123,658,0,0,0,0,0,0,0,1,0.0,0.0,0.0,0.0,0.0,0.0,0.0,0.0
district,Koshi,Terhathum,Male,14 Year,814,0,66,514,234,0,0,0,0,0,0,0,0.0,28.75,0.0,0.0,0.0,0.0,0.0,0.0
district,Koshi,Terhathum,Male,15 Year,913,0,33,356,411,110,0,0,0,0,0,3,0.0,57.06,0.0,12.05,0.12,18.19,-0.12,-6.14
district,Koshi,Terhathum,Male,16 - 19 Years,3592,0,158,589,1074,1119,614,28,0,1,1,8,0.03,78.93,0.03,49.03,0.0,56.14,0.03,-7.11
district,Koshi,Terhathum,Male,20 - 24 Years,3755,3,253,655,929,654,998,224,30,0,3,6,0.08,75.5,0.08,50.76,0.1,55.72,-0.02,-4.96
district,Koshi,Terhathum,Male,25 - 29 Years,3290,2,286,625,936,552,562,215,95,0,7,10,0.21,71.73,0.21,43.28,0.11,43.96,0.1,-0.68
district,Koshi,Terhathum,Male,30 - 34 Years,2987,2,327,546,741,581,427,193,160,0,6,4,0.2,70.37,0.2,45.56,0.37,39.19,-0.17,6.37
district,Koshi,Terhathum,Male,35 - 39 Years,2630,3,396,559,734,424,263,113,117,1,14,6,0.53,62.78,0.53,34.87,0.94,27.26,-0.41,7.61
district,Koshi,Terhathum,Male,40 - 44 Years,2234,1,460,497,569,357,170,67,97,0,11,5,0.49,56.4,0.49,30.93,2.5,18.54,-2.01,12.39
district,Koshi,Terhathum,Male,45 - 49 Years,1736,0,418,386,452,215,131,52,55,1,21,5,1.21,52.13,1.21,26.09,4.78,12.54,-3.57,13.55
district,Koshi,Terhathum,Male,50 - 54 Years,2051,0,596,420,511,224,117,78,53,0,43,9,2.1,47.93,2.1,23.01,7.64,8.68,-5.54,14.33
district,Koshi,Terhathum,Male,55 - 59 Years,1496,2,526,269,333,140,84,46,36,0,50,10,3.34,42.71,3.34,20.45,12.06,6.27,-8.72,14.18
district,Koshi,Terhathum,Male,60 - 64 Years,1294,4,658,199,202,83,50,23,9,3,48,15,3.71,28.36,3.71,12.75,16.35,3.75,-12.64,9.0
district,Koshi,Terhathum,Male,65 - 69 Years,808,1,401,133,126,49,16,12,7,0,48,15,5.94,25.99,5.94,10.4,16.83,3.85,-10.89,6.55
district,Koshi,Terhathum,Male,70 - 74 Years,525,1,272,68,55,35,14,6,3,0,66,5,12.57,21.52,12.57,11.05,21.78,2.97,-9.21,8.08
district,Koshi,Terhathum,Male,75+ Years,556,1,287,56,48,23,15,3,3,2,100,18,17.99,16.55,17.99,7.91,15.0,6.25,2.99,1.66
district,Koshi,Terhathum,Female,Total,31418,1067,8546,6480,6174,3653,3639,927,340,16,465,111,1.48,46.89,1.17,27.27,1.48,27.24,-0.31,0.03
district,Koshi,Terhathum,Female,05 Year,741,739,0,0,0,0,0,0,0,0,1,1,0.13,0.0,0.0,0.0,0.13,0.0,-0.13,0.0
district,Koshi,Terhathum,Female,06 Year,777,195,582,0,0,0,0,0,0,0,0,0,0.0,0.0,0.0,0.0,0.0,0.0,0.0,0.0
district,Koshi,Terhathum,Female,07 Year,814,85,729,0,0,0,0,0,0,0,0,0,0.0,0.0,0.0,0.0,0.0,0.0,0.0,0.0
district,Koshi,Terhathum,Female,08 Year,840,17,822,0,0,0,0,0,0,0,1,0,0.12,0.0,0.0,0.0,0.12,0.0,-0.12,0.0
district,Koshi,Terhathum,Female,09 Year,760,5,754,0,0,0,0,0,0,0,0,1,0.0,0.0,0.0,0.0,0.0,0.0,0.0,0.0
district,Koshi,Terhathum,Female,10 Year,774,3,770,0,0,0,0,0,0,0,0,1,0.0,0.0,0.0,0.0,0.0,0.0,0.0,0.0
district,Koshi,Terhathum,Female,11 Year,700,2,402,296,0,0,0,0,0,0,0,0,0.0,0.0,0.0,0.0,0.0,0.0,0.0,0.0
district,Koshi,Terhathum,Female,12 Year,747,2,208,537,0,0,0,0,0,0,0,0,0.0,0.0,0.0,0.0,0.0,0.0,0.0,0.0
district,Koshi,Terhathum,Female,13 Year,765,1,97,667,0,0,0,0,0,0,0,0,0.0,0.0,0.0,0.0,0.0,0.0,0.0,0.0
district,Koshi,Terhathum,Female,14 Year,864,0,48,521,295,0,0,0,0,0,0,0,0.0,34.14,0.0,0.0,0.0,0.0,0.0,0.0
district,Koshi,Terhathum,Female,15 Year,852,0,13,264,414,155,0,0,0,0,1,5,0.12,66.78,0.0,12.05,0.12,18.19,-0.12,-6.14
district,Koshi,Terhathum,Female,16 - 19 Years,3447,1,83,467,952,1131,757,47,0,1,0,8,0.0,83.75,0.03,49.03,0.0,56.14,0.03,-7.11
district,Koshi,Terhathum,Female,20 - 24 Years,4119,0,196,545,1069,661,1304,299,31,1,4,9,0.1,81.67,0.08,50.76,0.1,55.72,-0.02,-4.96
district,Koshi,Terhathum,Female,25 - 29 Years,3574,4,296,621,1072,568,637,259,107,1,4,5,0.11,73.95,0.21,43.28,0.11,43.96,0.1,-0.68
district,Koshi,Terhathum,Female,30 - 34 Years,2983,2,378,683,729,447,452,173,97,0,11,11,0.37,63.63,0.2,45.56,0.37,39.19,-0.17,6.37
district,Koshi,Terhathum,Female,35 - 39 Years,2553,1,611,619,594,301,262,73,60,1,24,7,0.94,50.53,0.53,34.87,0.94,27.26,-0.41,7.61
district,Koshi,Terhathum,Female,40 - 44 Years,2077,0,615,527,491,198,124,39,24,0,52,7,2.5,42.18,0.49,30.93,2.5,18.54,-2.01,12.39
district,Koshi,Terhathum,Female,45 - 49 Years,1403,1,580,324,243,93,55,17,11,3,67,9,4.78,29.86,1.21,26.09,4.78,12.54,-3.57,13.55
district,Koshi,Terhathum,Female,50 - 54 Years,1244,2,596,252,177,62,30,12,4,1,95,13,7.64,22.91,2.1,23.01,7.64,8.68,-5.54,14.33
district,Koshi,Terhathum,Female,55 - 59 Years,622,1,350,76,63,23,11,2,3,4,75,14,12.06,16.4,3.34,20.45,12.06,6.27,-8.72,14.18
district,Koshi,Terhathum,Female,60 - 64 Years,373,2,208,44,34,7,2,4,1,2,61,8,16.35,12.87,3.71,12.75,16.35,3.75,-12.64,9.0
district,Koshi,Terhathum,Female,65 - 69 Years,208,1,108,20,27,5,1,1,1,1,35,8,16.83,16.83,5.94,10.4,16.83,3.85,-10.89,6.55
district,Koshi,Terhathum,Female,70 - 74 Years,101,0,60,10,5,0,2,0,1,1,22,0,21.78,7.92,12.57,11.05,21.78,2.97,-9.21,8.08
district,Koshi,Terhathum,Female,75+ Years,80,3,40,7,9,2,2,1,0,0,12,4,15.0,17.5,17.99,7.91,15.0,6.25,2.99,1.66
district,Koshi,Panchthar,Total,Total,129734,4588,36697,28369,25400,14082,13355,2996,1269,163,2227,588,1.72,44.01,1.33,23.07,2.16,26.01,-0.83,-2.94
district,Koshi,Panchthar,Total,05 Year,2950,2943,0,0,0,0,0,0,0,0,0,7,0.0,0.0,0.0,0.0,0.0,0.0,0.0,0.0
district,Koshi,Panchthar,Total,06 Year,3194,1071,2118,0,0,0,0,0,0,0,1,4,0.03,0.0,0.06,0.0,0.0,0.0,0.06,0.0
district,Koshi,Panchthar,Total,07 Year,3161,356,2804,0,0,0,0,0,0,0,0,1,0.0,0.0,0.0,0.0,0.0,0.0,0.0,0.0
district,Koshi,Panchthar,Total,08 Year,3083,76,3004,0,0,0,0,0,0,0,0,3,0.0,0.0,0.0,0.0,0.0,0.0,0.0,0.0
district,Koshi,Panchthar,Total,09 Year,2990,27,2960,0,0,0,0,0,0,0,0,3,0.0,0.0,0.0,0.0,0.0,0.0,0.0,0.0
district,Koshi,Panchthar,Total,10 Year,2978,5,2971,0,0,0,0,0,0,0,0,2,0.0,0.0,0.0,0.0,0.0,0.0,0.0,0.0
district,Koshi,Panchthar,Total,11 Year,2813,5,1699,1108,0,0,0,0,0,0,0,1,0.0,0.0,0.0,0.0,0.0,0.0,0.0,0.0
district,Koshi,Panchthar,Total,12 Year,3026,2,897,2127,0,0,0,0,0,0,0,0,0.0,0.0,0.0,0.0,0.0,0.0,0.0,0.0
district,Koshi,Panchthar,Total,13 Year,3223,3,409,2810,0,0,0,0,0,0,0,1,0.0,0.0,0.0,0.0,0.0,0.0,0.0,0.0
district,Koshi,Panchthar,Total,14 Year,3419,6,246,2181,986,0,0,0,0,0,0,0,0.0,28.84,0.0,0.0,0.0,0.0,0.0,0.0
district,Koshi,Panchthar,Total,15 Year,3499,1,116,1332,1560,463,0,0,0,0,0,27,0.0,57.82,0.0,10.55,0.0,15.96,0.0,-5.41
district,Koshi,Panchthar,Total,16 - 19 Years,13998,1,601,2539,4157,4302,2301,53,0,0,8,36,0.06,77.25,0.04,41.48,0.07,53.85,-0.03,-12.37
district,Koshi,Panchthar,Total,20 - 24 Years,16197,13,1034,3203,4362,2626,4252,595,50,2,14,46,0.09,73.38,0.09,41.93,0.09,50.87,0.0,-8.94
district,Koshi,Panchthar,Total,25 - 29 Years,14365,6,1257,2949,4417,2133,2548,750,226,9,41,29,0.29,70.13,0.32,37.67,0.25,41.08,0.07,-3.41
district,Koshi,Panchthar,Total,30 - 34 Years,11733,6,1753,2506,2750,1731,1918,652,323,8,57,29,0.49,62.85,0.39,38.97,0.59,39.87,-0.2,-0.9
district,Koshi,Panchthar,Total,35 - 39 Years,9931,4,2222,2585,2376,1034,949,367,247,9,105,33,1.06,50.08,0.61,28.12,1.53,24.09,-0.92,4.03
district,Koshi,Panchthar,Total,40 - 44 Years,7697,8,2457,1791,1539,674,570,215,184,20,197,42,2.56,41.34,0.99,25.51,4.31,16.71,-3.32,8.8
district,Koshi,Panchthar,Total,45 - 49 Years,5604,9,2191,1131,1030,363,290,117,102,23,287,61,5.12,33.94,2.35,19.04,8.8,10.95,-6.45,8.09
district,Koshi,Panchthar,Total,50 - 54 Years,5488,10,2390,875,946,330,275,136,79,26,357,64,6.51,32.18,2.77,18.74,13.32,8.02,-10.55,10.72
district,Koshi,Panchthar,Total,55 - 59 Years,3901,11,1952,544,592,172,130,61,39,30,321,49,8.23,25.48,4.42,12.43,18.32,4.67,-13.9,7.76
district,Koshi,Panchthar,Total,60 - 64 Years,2810,8,1560,297,343,116,56,26,14,19,321,50,11.42,19.75,6.57,8.73,26.62,3.82,-20.05,4.91
district,Koshi,Panchthar,Total,65 - 69 Years,1803,4,1031,198,181,75,31,19,3,9,208,44,11.54,17.14,8.12,8.12,25.79,2.87,-17.67,5.25
district,Koshi,Panchthar,Total,70 - 74 Years,999,10,554,105,91,44,24,3,1,5,142,20,14.21,16.32,11.38,7.78,28.66,4.27,-17.28,3.51
district,Koshi,Panchthar,Total,75+ Years,872,3,471,88,70,19,11,2,1,3,168,36,19.27,11.81,18.57,3.9,24.51,2.94,-5.94,0.96
district,Koshi,Panchthar,Male,Total,69389,2371,20432,15767,13524,7295,6270,1590,851,84,922,283,1.33,42.56,1.33,23.07,2.16,26.01,-0.83,-2.94
district,Koshi,Panchthar,Male,05 Year,1472,1467,0,0,0,0,0,0,0,0,0,5,0.0,0.0,0.0,0.0,0.0,0.0,0.0,0.0
district,Koshi,Panchthar,Male,06 Year,1624,585,1036,0,0,0,0,0,0,0,1,2,0.06,0.0,0.06,0.0,0.0,0.0,0.06,0.0
district,Koshi,Panchthar,Male,07 Year,1607,212,1395,0,0,0,0,0,0,0,0,0,0.0,0.0,0.0,0.0,0.0,0.0,0.0,0.0
district,Koshi,Panchthar,Male,08 Year,1539,38,1499,0,0,0,0,0,0,0,0,2,0.0,0.0,0.0,0.0,0.0,0.0,0.0,0.0
district,Koshi,Panchthar,Male,09 Year,1508,15,1492,0,0,0,0,0,0,0,0,1,0.0,0.0,0.0,0.0,0.0,0.0,0.0,0.0
district,Koshi,Panchthar,Male,10 Year,1479,2,1477,0,0,0,0,0,0,0,0,0,0.0,0.0,0.0,0.0,0.0,0.0,0.0,0.0
district,Koshi,Panchthar,Male,11 Year,1371,2,847,521,0,0,0,0,0,0,0,1,0.0,0.0,0.0,0.0,0.0,0.0,0.0,0.0
district,Koshi,Panchthar,Male,12 Year,1553,1,516,1036,0,0,0,0,0,0,0,0,0.0,0.0,0.0,0.0,0.0,0.0,0.0,0.0
district,Koshi,Panchthar,Male,13 Year,1612,3,245,1363,0,0,0,0,0,0,0,1,0.0,0.0,0.0,0.0,0.0,0.0,0.0,0.0
district,Koshi,Panchthar,Male,14 Year,1709,2,149,1138,420,0,0,0,0,0,0,0,0.0,24.58,0.0,0.0,0.0,0.0,0.0,0.0
district,Koshi,Panchthar,Male,15 Year,1763,0,87,727,747,186,0,0,0,0,0,16,0.0,52.92,0.0,10.55,0.0,15.96,0.0,-5.41
district,Koshi,Panchthar,Male,16 - 19 Years,7131,0,448,1513,2183,1966,973,19,0,0,3,26,0.04,72.09,0.04,41.48,0.07,53.85,-0.03,-12.37
district,Koshi,Panchthar,Male,20 - 24 Years,8009,3,672,1838,2102,1321,1784,235,18,2,7,27,0.09,68.17,0.09,41.93,0.09,50.87,0.0,-8.94
district,Koshi,Panchthar,Male,25 - 29 Years,7155,3,712,1660,2043,1051,1182,355,107,4,23,15,0.32,66.22,0.32,37.67,0.25,41.08,0.07,-3.41
district,Koshi,Panchthar,Male,30 - 34 Years,5959,4,860,1289,1443,886,905,336,195,4,23,14,0.39,63.18,0.39,38.97,0.59,39.87,-0.2,-0.9
district,Koshi,Panchthar,Male,35 - 39 Years,5082,4,979,1335,1288,569,474,216,170,4,31,12,0.61,53.46,0.61,28.12,1.53,24.09,-0.92,4.03
district,Koshi,Panchthar,Male,40 - 44 Years,4058,1,1119,983,861,432,333,125,145,7,40,12,0.99,46.72,0.99,25.51,4.31,16.71,-3.32,8.8
district,Koshi,Panchthar,Male,45 - 49 Years,3194,4,1092,705,683,246,193,83,86,11,75,16,2.35,40.42,2.35,19.04,8.8,10.95,-6.45,8.09
district,Koshi,Panchthar,Male,50 - 54 Years,3544,3,1417,636,692,257,211,122,74,12,98,22,2.77,38.26,2.77,18.74,13.32,8.02,-10.55,10.72
district,Koshi,Panchthar,Male,55 - 59 Years,2831,5,1391,435,486,149,112,54,37,16,125,21,4.42,29.6,4.42,12.43,18.32,4.67,-13.9,7.76
district,Koshi,Panchthar,Male,60 - 64 Years,2130,4,1228,248,292,101,49,22,14,11,140,21,6.57,22.44,6.57,8.73,26.62,3.82,-20.05,4.91
district,Koshi,Panchthar,Male,65 - 69 Years,1454,3,857,177,149,71,26,18,3,7,118,25,8.12,18.36,8.12,8.12,25.79,2.87,-17.67,5.25
district,Koshi,Panchthar,Male,70 - 74 Years,835,7,486,88,75,41,20,3,1,4,95,15,11.38,16.77,11.38,7.78,28.66,4.27,-17.28,3.51
district,Koshi,Panchthar,Male,75+ Years,770,3,428,75,60,19,8,2,1,2,143,29,18.57,11.69,18.57,3.9,24.51,2.94,-5.94,0.96
district,Koshi,Panchthar,Female,Total,60345,2217,16265,12602,11876,6787,7085,1406,418,79,1305,305,2.16,45.69,1.33,23.07,2.16,26.01,-0.83,-2.94
district,Koshi,Panchthar,Female,05 Year,1478,1476,0,0,0,0,0,0,0,0,0,2,0.0,0.0,0.0,0.0,0.0,0.0,0.0,0.0
district,Koshi,Panchthar,Female,06 Year,1570,486,1082,0,0,0,0,0,0,0,0,2,0.0,0.0,0.06,0.0,0.0,0.0,0.06,0.0
district,Koshi,Panchthar,Female,07 Year,1554,144,1409,0,0,0,0,0,0,0,0,1,0.0,0.0,0.0,0.0,0.0,0.0,0.0,0.0
district,Koshi,Panchthar,Female,08 Year,1544,38,1505,0,0,0,0,0,0,0,0,1,0.0,0.0,0.0,0.0,0.0,0.0,0.0,0.0
district,Koshi,Panchthar,Female,09 Year,1482,12,1468,0,0,0,0,0,0,0,0,2,0.0,0.0,0.0,0.0,0.0,0.0,0.0,0.0
district,Koshi,Panchthar,Female,10 Year,1499,3,1494,0,0,0,0,0,0,0,0,2,0.0,0.0,0.0,0.0,0.0,0.0,0.0,0.0
district,Koshi,Panchthar,Female,11 Year,1442,3,852,587,0,0,0,0,0,0,0,0,0.0,0.0,0.0,0.0,0.0,0.0,0.0,0.0
district,Koshi,Panchthar,Female,12 Year,1473,1,381,1091,0,0,0,0,0,0,0,0,0.0,0.0,0.0,0.0,0.0,0.0,0.0,0.0
district,Koshi,Panchthar,Female,13 Year,1611,0,164,1447,0,0,0,0,0,0,0,0,0.0,0.0,0.0,0.0,0.0,0.0,0.0,0.0
district,Koshi,Panchthar,Female,14 Year,1710,4,97,1043,566,0,0,0,0,0,0,0,0.0,33.1,0.0,0.0,0.0,0.0,0.0,0.0
district,Koshi,Panchthar,Female,15 Year,1736,1,29,605,813,277,0,0,0,0,0,11,0.0,62.79,0.0,10.55,0.0,15.96,0.0,-5.41
district,Koshi,Panchthar,Female,16 - 19 Years,6867,1,153,1026,1974,2336,1328,34,0,0,5,10,0.07,82.6,0.04,41.48,0.07,53.85,-0.03,-12.37
district,Koshi,Panchthar,Female,20 - 24 Years,8188,10,362,1365,2260,1305,2468,360,32,0,7,19,0.09,78.47,0.09,41.93,0.09,50.87,0.0,-8.94
district,Koshi,Panchthar,Female,25 - 29 Years,7210,3,545,1289,2374,1082,1366,395,119,5,18,14,0.25,74.01,0.32,37.67,0.25,41.08,0.07,-3.41
district,Koshi,Panchthar,Female,30 - 34 Years,5774,2,893,1217,1307,845,1013,316,128,4,34,15,0.59,62.5,0.39,38.97,0.59,39.87,-0.2,-0.9
district,Koshi,Panchthar,Female,35 - 39 Years,4849,0,1243,1250,1088,465,475,151,77,5,74,21,1.53,46.53,0.61,28.12,1.53,24.09,-0.92,4.03
district,Koshi,Panchthar,Female,40 - 44 Years,3639,7,1338,808,678,242,237,90,39,13,157,30,4.31,35.34,0.99,25.51,4.31,16.71,-3.32,8.8
district,Koshi,Panchthar,Female,45 - 49 Years,2410,5,1099,426,347,117,97,34,16,12,212,45,8.8,25.35,2.35,19.04,8.8,10.95,-6.45,8.09
district,Koshi,Panchthar,Female,50 - 54 Years,1944,7,973,239,254,73,64,14,5,14,259,42,13.32,21.09,2.77,18.74,13.32,8.02,-10.55,10.72
district,Koshi,Panchthar,Female,55 - 59 Years,1070,6,561,109,106,23,18,7,2,14,196,28,18.32,14.58,4.42,12.43,18.32,4.67,-13.9,7.76
district,Koshi,Panchthar,Female,60 - 64 Years,680,4,332,49,51,15,7,4,0,8,181,29,26.62,11.32,6.57,8.73,26.62,3.82,-20.05,4.91
district,Koshi,Panchthar,Female,65 - 69 Years,349,1,174,21,32,4,5,1,0,2,90,19,25.79,12.03,8.12,8.12,25.79,2.87,-17.67,5.25
district,Koshi,Panchthar,Female,70 - 74 Years,164,3,68,17,16,3,4,0,0,1,47,5,28.66,14.02,11.38,7.78,28.66,4.27,-17.28,3.51
district,Koshi,Panchthar,Female,75+ Years,102,0,43,13,10,0,3,0,0,1,25,7,24.51,12.75,18.57,3.9,24.51,2.94,-5.94,0.96
district,Koshi,Ilam,Total,Total,217462,6485,60826,47428,42668,20303,24845,6865,2833,237,3882,1090,1.79,44.84,1.36,24.14,2.26,26.44,-0.9,-2.3
district,Koshi,Ilam,Total,05 Year,3918,3915,0,0,0,0,0,0,0,0,0,3,0.0,0.0,0.0,0.0,0.0,0.0,0.0,0.0
district,Koshi,Ilam,Total,06 Year,4201,1637,2563,0,0,0,0,0,0,0,1,0,0.02,0.0,0.05,0.0,0.0,0.0,0.05,0.0
district,Koshi,Ilam,Total,07 Year,4205,543,3662,0,0,0,0,0,0,0,0,0,0.0,0.0,0.0,0.0,0.0,0.0,0.0,0.0
district,Koshi,Ilam,Total,08 Year,4259,130,4127,0,0,0,0,0,0,0,1,1,0.02,0.0,0.0,0.0,0.05,0.0,-0.05,0.0
district,Koshi,Ilam,Total,09 Year,4283,30,4248,0,0,0,0,0,0,0,3,2,0.07,0.0,0.14,0.0,0.0,0.0,0.14,0.0
district,Koshi,Ilam,Total,10 Year,4177,12,4165,0,0,0,0,0,0,0,0,0,0.0,0.0,0.0,0.0,0.0,0.0,0.0,0.0
district,Koshi,Ilam,Total,11 Year,3626,9,2378,1237,0,0,0,0,0,0,1,1,0.03,0.0,0.05,0.0,0.0,0.0,0.05,0.0
district,Koshi,Ilam,Total,12 Year,4259,2,1445,2811,0,0,0,0,0,0,0,1,0.0,0.0,0.0,0.0,0.0,0.0,0.0,0.0
district,Koshi,Ilam,Total,13 Year,4364,6,585,3772,0,0,0,0,0,0,1,0,0.02,0.0,0.04,0.0,0.0,0.0,0.04,0.0
district,Koshi,Ilam,Total,14 Year,4701,6,307,2980,1408,0,0,0,0,0,0,0,0.0,29.95,0.0,0.0,0.0,0.0,0.0,0.0
district,Koshi,Ilam,Total,15 Year,4994,2,117,1890,2410,548,0,0,0,0,7,20,0.14,59.23,0.2,8.62,0.08,13.3,0.12,-4.68
district,Koshi,Ilam,Total,16 - 19 Years,20632,8,688,3370,6004,6145,4190,177,0,2,12,36,0.06,80.05,0.06,45.51,0.06,56.44,0.0,-10.93
district,Koshi,Ilam,Total,20 - 24 Years,24662,18,1446,4666,5412,3402,7759,1661,185,0,39,74,0.16,74.69,0.16,49.35,0.16,55.89,0.0,-6.54
district,Koshi,Ilam,Total,25 - 29 Years,24100,25,2354,5359,7102,2607,4292,1618,618,4,54,67,0.22,67.37,0.28,35.64,0.17,40.01,0.11,-4.37
district,Koshi,Ilam,Total,30 - 34 Years,21664,21,3384,5023,5168,2444,3554,1285,658,4,76,47,0.35,60.51,0.27,36.71,0.43,36.6,-0.16,0.11
district,Koshi,Ilam,Total,35 - 39 Years,19413,27,4561,5139,4648,1651,1903,757,493,7,167,60,0.86,48.69,0.57,27.05,1.15,22.44,-0.58,4.61
district,Koshi,Ilam,Total,40 - 44 Years,16443,12,5012,4186,3515,1332,1244,457,293,10,289,93,1.76,41.6,0.87,23.73,2.68,16.6,-1.81,7.13
district,Koshi,Ilam,Total,45 - 49 Years,11762,17,4329,2423,2491,763,717,281,196,23,419,103,3.56,37.82,1.51,20.35,6.03,12.16,-4.52,8.19
district,Koshi,Ilam,Total,50 - 54 Years,10893,17,4681,1813,1916,591,604,276,193,39,639,124,5.87,32.87,2.73,19.28,10.75,9.04,-8.02,10.24
district,Koshi,Ilam,Total,55 - 59 Years,7476,15,3523,1150,1178,332,251,153,104,54,591,125,7.91,26.99,3.38,14.16,17.24,5.2,-13.86,8.96
district,Koshi,Ilam,Total,60 - 64 Years,5596,12,3000,705,661,201,143,102,46,38,580,108,10.36,20.6,6.59,10.1,20.23,5.37,-13.64,4.73
district,Koshi,Ilam,Total,65 - 69 Years,3756,10,2095,417,386,134,99,56,29,15,434,81,11.55,18.74,8.15,9.53,21.86,5.25,-13.71,4.28
district,Koshi,Ilam,Total,70 - 74 Years,2183,4,1176,289,203,96,55,26,7,17,245,65,11.22,17.73,8.56,9.31,21.67,4.97,-13.11,4.34
district,Koshi,Ilam,Total,75+ Years,1895,7,980,198,166,57,34,16,11,24,323,79,17.04,14.99,15.47,6.84,26.47,2.57,-11.0,4.27
district,Koshi,Ilam,Male,Total,115207,3372,33948,26031,21863,10501,12057,3507,1742,97,1572,517,1.36,43.11,1.36,24.14,2.26,26.44,-0.9,-2.3
district,Koshi,Ilam,Male,05 Year,2005,2003,0,0,0,0,0,0,0,0,0,2,0.0,0.0,0.0,0.0,0.0,0.0,0.0,0.0
district,Koshi,Ilam,Male,06 Year,2160,864,1295,0,0,0,0,0,0,0,1,0,0.05,0.0,0.05,0.0,0.0,0.0,0.05,0.0
district,Koshi,Ilam,Male,07 Year,2171,297,1874,0,0,0,0,0,0,0,0,0,0.0,0.0,0.0,0.0,0.0,0.0,0.0,0.0
district,Koshi,Ilam,Male,08 Year,2214,77,2136,0,0,0,0,0,0,0,0,1,0.0,0.0,0.0,0.0,0.05,0.0,-0.05,0.0
district,Koshi,Ilam,Male,09 Year,2209,17,2189,0,0,0,0,0,0,0,3,0,0.14,0.0,0.14,0.0,0.0,0.0,0.14,0.0
district,Koshi,Ilam,Male,10 Year,2170,5,2165,0,0,0,0,0,0,0,0,0,0.0,0.0,0.0,0.0,0.0,0.0,0.0,0.0
district,Koshi,Ilam,Male,11 Year,1897,7,1306,583,0,0,0,0,0,0,1,0,0.05,0.0,0.05,0.0,0.0,0.0,0.05,0.0
district,Koshi,Ilam,Male,12 Year,2116,1,788,1326,0,0,0,0,0,0,0,1,0.0,0.0,0.0,0.0,0.0,0.0,0.0,0.0
district,Koshi,Ilam,Male,13 Year,2269,4,338,1926,0,0,0,0,0,0,1,0,0.04,0.0,0.04,0.0,0.0,0.0,0.04,0.0
district,Koshi,Ilam,Male,14 Year,2318,1,186,1545,586,0,0,0,0,0,0,0,0.0,25.28,0.0,0.0,0.0,0.0,0.0,0.0
district,Koshi,Ilam,Male,15 Year,2483,0,84,1068,1100,214,0,0,0,0,5,12,0.2,52.92,0.2,8.62,0.08,13.3,0.12,-4.68
district,Koshi,Ilam,Male,16 - 19 Years,10362,4,465,2042,3106,2811,1833,72,0,1,6,22,0.06,75.49,0.06,45.51,0.06,56.44,0.0,-10.93
district,Koshi,Ilam,Male,20 - 24 Years,11869,7,907,2659,2380,1710,3434,643,70,0,19,40,0.16,69.4,0.16,49.35,0.16,55.89,0.0,-6.54
district,Koshi,Ilam,Male,25 - 29 Years,11608,10,1369,2931,3093,1245,1919,691,282,2,33,33,0.28,62.28,0.28,35.64,0.17,40.01,0.11,-4.37
district,Koshi,Ilam,Male,30 - 34 Years,10953,11,1731,2649,2489,1323,1724,612,362,3,30,19,0.27,59.44,0.27,36.71,0.43,36.6,-0.16,0.11
district,Koshi,Ilam,Male,35 - 39 Years,9704,13,2208,2501,2285,869,1002,436,318,1,55,16,0.57,50.6,0.57,27.05,1.15,22.44,-0.58,4.61
district,Koshi,Ilam,Male,40 - 44 Years,8370,5,2253,2117,1901,756,714,307,209,5,73,30,0.87,46.44,0.87,23.73,2.68,16.6,-1.81,7.13
district,Koshi,Ilam,Male,45 - 49 Years,6426,9,2115,1341,1519,478,485,191,154,5,97,32,1.51,43.99,1.51,20.35,6.03,12.16,-4.52,8.19
district,Koshi,Ilam,Male,50 - 54 Years,6634,7,2610,1173,1324,421,457,233,168,9,181,51,2.73,39.24,2.73,19.28,10.75,9.04,-8.02,10.24
district,Koshi,Ilam,Male,55 - 59 Years,5034,8,2281,867,924,262,215,142,94,18,170,53,3.38,32.52,3.38,14.16,17.24,5.2,-13.86,8.96
district,Koshi,Ilam,Male,60 - 64 Years,4049,7,2193,562,543,164,118,86,41,22,267,46,6.59,23.51,6.59,10.1,20.23,5.37,-13.64,4.73
district,Koshi,Ilam,Male,65 - 69 Years,2823,6,1624,338,301,109,80,54,26,6,230,49,8.15,20.19,8.15,9.53,21.86,5.25,-13.71,4.28
district,Koshi,Ilam,Male,70 - 74 Years,1740,3,964,234,167,84,47,24,7,11,149,50,8.56,18.91,8.56,9.31,21.67,4.97,-13.11,4.34
district,Koshi,Ilam,Male,75+ Years,1623,6,867,169,145,55,29,16,11,14,251,60,15.47,15.77,15.47,6.84,26.47,2.57,-11.0,4.27
district,Koshi,Ilam,Female,Total,102255,3113,26878,21397,20805,9802,12788,3358,1091,140,2310,573,2.26,46.79,1.36,24.14,2.26,26.44,-0.9,-2.3
district,Koshi,Ilam,Female,05 Year,1913,1912,0,0,0,0,0,0,0,0,0,1,0.0,0.0,0.0,0.0,0.0,0.0,0.0,0.0
district,Koshi,Ilam,Female,06 Year,2041,773,1268,0,0,0,0,0,0,0,0,0,0.0,0.0,0.05,0.0,0.0,0.0,0.05,0.0
district,Koshi,Ilam,Female,07 Year,2034,246,1788,0,0,0,0,0,0,0,0,0,0.0,0.0,0.0,0.0,0.0,0.0,0.0,0.0
district,Koshi,Ilam,Female,08 Year,2045,53,1991,0,0,0,0,0,0,0,1,0,0.05,0.0,0.0,0.0,0.05,0.0,-0.05,0.0
district,Koshi,Ilam,Female,09 Year,2074,13,2059,0,0,0,0,0,0,0,0,2,0.0,0.0,0.14,0.0,0.0,0.0,0.14,0.0
district,Koshi,Ilam,Female,10 Year,2007,7,2000,0,0,0,0,0,0,0,0,0,0.0,0.0,0.0,0.0,0.0,0.0,0.0,0.0
district,Koshi,Ilam,Female,11 Year,1729,2,1072,654,0,0,0,0,0,0,0,1,0.0,0.0,0.05,0.0,0.0,0.0,0.05,0.0
district,Koshi,Ilam,Female,12 Year,2143,1,657,1485,0,0,0,0,0,0,0,0,0.0,0.0,0.0,0.0,0.0,0.0,0.0,0.0
district,Koshi,Ilam,Female,13 Year,2095,2,247,1846,0,0,0,0,0,0,0,0,0.0,0.0,0.04,0.0,0.0,0.0,0.04,0.0
district,Koshi,Ilam,Female,14 Year,2383,5,121,1435,822,0,0,0,0,0,0,0,0.0,34.49,0.0,0.0,0.0,0.0,0.0,0.0
district,Koshi,Ilam,Female,15 Year,2511,2,33,822,1310,334,0,0,0,0,2,8,0.08,65.47,0.2,8.62,0.08,13.3,0.12,-4.68
district,Koshi,Ilam,Female,16 - 19 Years,10270,4,223,1328,2898,3334,2357,105,0,1,6,14,0.06,84.65,0.06,45.51,0.06,56.44,0.0,-10.93
district,Koshi,Ilam,Female,20 - 24 Years,12793,11,539,2007,3032,1692,4325,1018,115,0,20,34,0.16,79.59,0.16,49.35,0.16,55.89,0.0,-6.54
district,Koshi,Ilam,Female,25 - 29 Years,12492,15,985,2428,4009,1362,2373,927,336,2,21,34,0.17,72.1,0.28,35.64,0.17,40.01,0.11,-4.37
district,Koshi,Ilam,Female,30 - 34 Years,10711,10,1653,2374,2679,1121,1830,673,296,1,46,28,0.43,61.61,0.27,36.71,0.43,36.6,-0.16,0.11
district,Koshi,Ilam,Female,35 - 39 Years,9709,14,2353,2638,2363,782,901,321,175,6,112,44,1.15,46.78,0.57,27.05,1.15,22.44,-0.58,4.61
district,Koshi,Ilam,Female,40 - 44 Years,8073,7,2759,2069,1614,576,530,150,84,5,216,63,2.68,36.59,0.87,23.73,2.68,16.6,-1.81,7.13
district,Koshi,Ilam,Female,45 - 49 Years,5336,8,2214,1082,972,285,232,90,42,18,322,71,6.03,30.38,1.51,20.35,6.03,12.16,-4.52,8.19
district,Koshi,Ilam,Female,50 - 54 Years,4259,10,2071,640,592,170,147,43,25,30,458,73,10.75,22.94,2.73,19.28,10.75,9.04,-8.02,10.24
district,Koshi,Ilam,Female,55 - 59 Years,2442,7,1242,283,254,70,36,11,10,36,421,72,17.24,15.6,3.38,14.16,17.24,5.2,-13.86,8.96
district,Koshi,Ilam,Female,60 - 64 Years,1547,5,807,143,118,37,25,16,5,16,313,62,20.23,12.99,6.59,10.1,20.23,5.37,-13.64,4.73
district,Koshi,Ilam,Female,65 - 69 Years,933,4,471,79,85,25,19,2,3,9,204,32,21.86,14.36,8.15,9.53,21.86,5.25,-13.71,4.28
district,Koshi,Ilam,Female,70 - 74 Years,443,1,212,55,36,12,8,2,0,6,96,15,21.67,13.09,8.56,9.31,21.67,4.97,-13.11,4.34
district,Koshi,Ilam,Female,75+ Years,272,1,113,29,21,2,5,0,0,10,72,19,26.47,10.29,15.47,6.84,26.47,2.57,-11.0,4.27
district,Koshi,Jhapa,Total,Total,763741,31515,195908,150523,138163,93301,98469,29599,11770,614,10456,3423,1.37,48.62,1.14,30.24,1.6,30.82,-0.46,-0.58
district,Koshi,Jhapa,Total,05 Year,16262,16234,0,0,0,0,0,0,0,0,5,23,0.03,0.0,0.02,0.0,0.04,0.0,-0.02,0.0
district,Koshi,Jhapa,Total,06 Year,17433,9554,7860,0,0,0,0,0,0,0,9,10,0.05,0.0,0.05,0.0,0.05,0.0,0.0,0.0
district,Koshi,Jhapa,Total,07 Year,17442,3625,13812,0,0,0,0,0,0,0,1,4,0.01,0.0,0.01,0.0,0.0,0.0,0.01,0.0
district,Koshi,Jhapa,Total,08 Year,18236,1028,17190,0,0,0,0,0,0,0,5,13,0.03,0.0,0.02,0.0,0.03,0.0,-0.01,0.0
district,Koshi,Jhapa,Total,09 Year,16832,297,16523,0,0,0,0,0,0,0,3,9,0.02,0.0,0.01,0.0,0.02,0.0,-0.01,0.0
district,Koshi,Jhapa,Total,10 Year,18564,104,18445,0,0,0,0,0,0,5,5,5,0.03,0.0,0.02,0.0,0.03,0.0,-0.01,0.0
district,Koshi,Jhapa,Total,11 Year,16153,36,12451,3657,0,0,0,0,0,1,3,5,0.02,0.0,0.01,0.0,0.03,0.0,-0.02,0.0
district,Koshi,Jhapa,Total,12 Year,18071,38,7700,10314,0,0,0,0,0,2,11,6,0.06,0.0,0.1,0.0,0.02,0.0,0.08,0.0
district,Koshi,Jhapa,Total,13 Year,17436,24,3244,14161,0,0,0,0,0,0,2,5,0.01,0.0,0.01,0.0,0.01,0.0,0.0,0.0
district,Koshi,Jhapa,Total,14 Year,17634,17,1698,12393,3506,0,0,0,0,6,10,4,0.06,19.88,0.08,0.0,0.03,0.0,0.05,0.0
district,Koshi,Jhapa,Total,15 Year,18526,11,683,8201,7695,1804,0,0,0,5,19,108,0.1,51.27,0.14,7.42,0.06,12.04,0.08,-4.62
district,Koshi,Jhapa,Total,16 - 19 Years,73320,17,3268,11225,18402,25675,14022,467,0,27,61,156,0.08,79.88,0.09,51.32,0.08,58.21,0.01,-6.89
district,Koshi,Jhapa,Total,20 - 24 Years,82654,37,5746,12401,14472,12314,30128,6469,707,40,124,216,0.15,77.54,0.12,59.3,0.17,60.64,-0.05,-1.34
district,Koshi,Jhapa,Total,25 - 29 Years,75728,65,7744,13354,17614,11013,16241,6966,2311,42,185,193,0.24,71.5,0.21,47.94,0.27,48.46,-0.06,-0.52
district,Koshi,Jhapa,Total,30 - 34 Years,69855,44,9587,13292,15008,10851,12998,5003,2571,30,289,182,0.41,66.47,0.28,45.02,0.52,44.96,-0.24,0.06
district,Koshi,Jhapa,Total,35 - 39 Years,66494,60,11815,13950,16966,9306,8369,3188,2075,34,509,222,0.77,60.01,0.44,37.35,1.06,31.95,-0.62,5.4
district,Koshi,Jhapa,Total,40 - 44 Years,57596,54,11530,12430,14756,8018,6211,2244,1370,35,686,262,1.19,56.6,0.77,35.19,1.64,26.52,-0.87,8.67
district,Koshi,Jhapa,Total,45 - 49 Years,41506,43,9857,7884,10780,5152,3935,1680,1021,50,848,256,2.04,54.37,1.12,33.84,3.19,21.66,-2.07,12.18
district,Koshi,Jhapa,Total,50 - 54 Years,36454,72,10259,6637,8413,3919,3202,1563,738,59,1253,339,3.44,48.92,1.56,31.58,6.28,17.19,-4.72,14.39
district,Koshi,Jhapa,Total,55 - 59 Years,23214,43,7916,3833,4724,2160,1475,833,460,60,1389,321,5.98,41.58,2.9,26.14,11.67,12.16,-8.77,13.98
district,Koshi,Jhapa,Total,60 - 64 Years,17230,44,6950,2812,2639,1377,925,490,238,66,1418,271,8.23,32.9,4.39,22.0,16.28,8.32,-11.89,13.68
district,Koshi,Jhapa,Total,65 - 69 Years,12272,27,5268,1989,1641,905,499,339,147,46,1190,221,9.7,28.77,6.37,18.66,17.97,7.28,-11.6,11.38
district,Koshi,Jhapa,Total,70 - 74 Years,7605,19,3330,1149,873,462,272,205,69,37,955,234,12.56,24.73,9.84,15.83,21.67,4.63,-11.83,11.2
district,Koshi,Jhapa,Total,75+ Years,7224,22,3032,841,674,345,192,152,63,69,1476,358,20.43,19.74,19.1,11.22,26.52,6.71,-7.42,4.51
district,Koshi,Jhapa,Male,Total,389453,16761,102671,78102,67704,46492,47635,16134,7525,321,4455,1653,1.14,47.63,1.14,30.24,1.6,30.82,-0.46,-0.58
district,Koshi,Jhapa,Male,05 Year,8515,8500,0,0,0,0,0,0,0,0,2,13,0.02,0.0,0.02,0.0,0.04,0.0,-0.02,0.0
district,Koshi,Jhapa,Male,06 Year,9115,5142,3962,0,0,0,0,0,0,0,5,6,0.05,0.0,0.05,0.0,0.05,0.0,0.0,0.0
district,Koshi,Jhapa,Male,07 Year,9011,2025,6982,0,0,0,0,0,0,0,1,3,0.01,0.0,0.01,0.0,0.0,0.0,0.01,0.0
district,Koshi,Jhapa,Male,08 Year,9386,576,8801,0,0,0,0,0,0,0,2,7,0.02,0.0,0.02,0.0,0.03,0.0,-0.01,0.0
district,Koshi,Jhapa,Male,09 Year,8643,161,8476,0,0,0,0,0,0,0,1,5,0.01,0.0,0.01,0.0,0.02,0.0,-0.01,0.0
district,Koshi,Jhapa,Male,10 Year,9665,64,9593,0,0,0,0,0,0,4,2,2,0.02,0.0,0.02,0.0,0.03,0.0,-0.01,0.0
district,Koshi,Jhapa,Male,11 Year,8295,19,6552,1718,0,0,0,0,0,1,1,4,0.01,0.0,0.01,0.0,0.03,0.0,-0.02,0.0
district,Koshi,Jhapa,Male,12 Year,9259,14,4244,4987,0,0,0,0,0,2,9,3,0.1,0.0,0.1,0.0,0.02,0.0,0.08,0.0
district,Koshi,Jhapa,Male,13 Year,8821,8,1811,6999,0,0,0,0,0,0,1,2,0.01,0.0,0.01,0.0,0.01,0.0,0.0,0.0
district,Koshi,Jhapa,Male,14 Year,8816,8,949,6318,1526,0,0,0,0,6,7,2,0.08,17.31,0.08,0.0,0.03,0.0,0.05,0.0
district,Koshi,Jhapa,Male,15 Year,9241,4,422,4533,3531,686,0,0,0,5,13,47,0.14,45.63,0.14,7.42,0.06,12.04,0.08,-4.62
district,Koshi,Jhapa,Male,16 - 19 Years,36492,10,1845,6445,9328,12389,6154,183,0,24,32,82,0.09,76.88,0.09,51.32,0.08,58.21,0.01,-6.89
district,Koshi,Jhapa,Male,20 - 24 Years,37611,12,2955,6334,5838,5614,13582,2785,321,16,47,107,0.12,74.82,0.12,59.3,0.17,60.64,-0.05,-1.34
district,Koshi,Jhapa,Male,25 - 29 Years,32504,24,3565,6429,6753,4593,6733,3166,1091,17,67,66,0.21,68.72,0.21,47.94,0.27,48.46,-0.06,-0.52
district,Koshi,Jhapa,Male,30 - 34 Years,30907,16,4378,6127,6298,4568,5627,2317,1401,17,88,70,0.28,65.39,0.28,45.02,0.52,44.96,-0.24,0.06
district,Koshi,Jhapa,Male,35 - 39 Years,31366,30,5230,6515,7631,4454,4205,1722,1335,10,137,97,0.44,61.68,0.44,37.35,1.06,31.95,-0.62,5.4
district,Koshi,Jhapa,Male,40 - 44 Years,29654,24,5433,6137,7282,4238,3617,1569,1010,17,227,100,0.77,59.74,0.77,35.19,1.64,26.52,-0.87,8.67
district,Koshi,Jhapa,Male,45 - 49 Years,22964,21,4726,4048,6007,3074,2598,1266,834,22,257,111,1.12,60.0,1.12,33.84,3.19,21.66,-2.07,12.18
district,Koshi,Jhapa,Male,50 - 54 Years,21929,30,5245,3907,5312,2633,2348,1311,633,25,341,144,1.56,55.8,1.56,31.58,6.28,17.19,-4.72,14.39
district,Koshi,Jhapa,Male,55 - 59 Years,15055,12,4538,2511,3466,1615,1152,748,421,21,437,134,2.9,49.17,2.9,26.14,11.67,12.16,-8.77,13.98
district,Koshi,Jhapa,Male,60 - 64 Years,11666,24,4364,1955,2088,1135,785,429,218,36,512,120,4.39,39.9,4.39,22.0,16.28,8.32,-11.89,13.68
district,Koshi,Jhapa,Male,65 - 69 Years,8755,13,3619,1489,1314,758,425,312,139,19,558,109,6.37,33.67,6.37,18.66,17.97,7.28,-11.6,11.38
district,Koshi,Jhapa,Male,70 - 74 Years,5856,11,2491,941,744,429,246,186,66,21,576,145,9.84,28.53,9.84,15.83,21.67,4.63,-11.83,11.2
district,Koshi,Jhapa,Male,75+ Years,5927,13,2490,709,586,306,163,140,56,58,1132,274,19.1,21.11,19.1,11.22,26.52,6.71,-7.42,4.51
district,Koshi,Jhapa,Female,Total,374288,14754,93237,72421,70459,46809,50834,13465,4245,293,6001,1770,1.6,49.64,1.14,30.24,1.6,30.82,-0.46,-0.58
district,Koshi,Jhapa,Female,05 Year,7747,7734,0,0,0,0,0,0,0,0,3,10,0.04,0.0,0.02,0.0,0.04,0.0,-0.02,0.0
district,Koshi,Jhapa,Female,06 Year,8318,4412,3898,0,0,0,0,0,0,0,4,4,0.05,0.0,0.05,0.0,0.05,0.0,0.0,0.0
district,Koshi,Jhapa,Female,07 Year,8431,1600,6830,0,0,0,0,0,0,0,0,1,0.0,0.0,0.01,0.0,0.0,0.0,0.01,0.0
district,Koshi,Jhapa,Female,08 Year,8850,452,8389,0,0,0,0,0,0,0,3,6,0.03,0.0,0.02,0.0,0.03,0.0,-0.01,0.0
district,Koshi,Jhapa,Female,09 Year,8189,136,8047,0,0,0,0,0,0,0,2,4,0.02,0.0,0.01,0.0,0.02,0.0,-0.01,0.0
district,Koshi,Jhapa,Female,10 Year,8899,40,8852,0,0,0,0,0,0,1,3,3,0.03,0.0,0.02,0.0,0.03,0.0,-0.01,0.0
district,Koshi,Jhapa,Female,11 Year,7858,17,5899,1939,0,0,0,0,0,0,2,1,0.03,0.0,0.01,0.0,0.03,0.0,-0.02,0.0
district,Koshi,Jhapa,Female,12 Year,8812,24,3456,5327,0,0,0,0,0,0,2,3,0.02,0.0,0.1,0.0,0.02,0.0,0.08,0.0
district,Koshi,Jhapa,Female,13 Year,8615,16,1433,7162,0,0,0,0,0,0,1,3,0.01,0.0,0.01,0.0,0.01,0.0,0.0,0.0
district,Koshi,Jhapa,Female,14 Year,8818,9,749,6075,1980,0,0,0,0,0,3,2,0.03,22.45,0.08,0.0,0.03,0.0,0.05,0.0
district,Koshi,Jhapa,Female,15 Year,9285,7,261,3668,4164,1118,0,0,0,0,6,61,0.06,56.89,0.14,7.42,0.06,12.04,0.08,-4.62
district,Koshi,Jhapa,Female,16 - 19 Years,36828,7,1423,4780,9074,13286,7868,284,0,3,29,74,0.08,82.85,0.09,51.32,0.08,58.21,0.01,-6.89
district,Koshi,Jhapa,Female,20 - 24 Years,45043,25,2791,6067,8634,6700,16546,3684,386,24,77,109,0.17,79.81,0.12,59.3,0.17,60.64,-0.05,-1.34
district,Koshi,Jhapa,Female,25 - 29 Years,43224,41,4179,6925,10861,6420,9508,3800,1220,25,118,127,0.27,73.59,0.21,47.94,0.27,48.46,-0.06,-0.52
district,Koshi,Jhapa,Female,30 - 34 Years,38948,28,5209,7165,8710,6283,7371,2686,1170,13,201,112,0.52,67.32,0.28,45.02,0.52,44.96,-0.24,0.06
district,Koshi,Jhapa,Female,35 - 39 Years,35128,30,6585,7435,9335,4852,4164,1466,740,24,372,125,1.06,58.52,0.44,37.35,1.06,31.95,-0.62,5.4
district,Koshi,Jhapa,Female,40 - 44 Years,27942,30,6097,6293,7474,3780,2594,675,360,18,459,162,1.64,53.26,0.77,35.19,1.64,26.52,-0.87,8.67
district,Koshi,Jhapa,Female,45 - 49 Years,18542,22,5131,3836,4773,2078,1337,414,187,28,591,145,3.19,47.4,1.12,33.84,3.19,21.66,-2.07,12.18
district,Koshi,Jhapa,Female,50 - 54 Years,14525,42,5014,2730,3101,1286,854,252,105,34,912,195,6.28,38.54,1.56,31.58,6.28,17.19,-4.72,14.39
district,Koshi,Jhapa,Female,55 - 59 Years,8159,31,3378,1322,1258,545,323,85,39,39,952,187,11.67,27.58,2.9,26.14,11.67,12.16,-8.77,13.98
district,Koshi,Jhapa,Female,60 - 64 Years,5564,20,2586,857,551,242,140,61,20,30,906,151,16.28,18.22,4.39,22.0,16.28,8.32,-11.89,13.68
district,Koshi,Jhapa,Female,65 - 69 Years,3517,14,1649,500,327,147,74,27,8,27,632,112,17.97,16.58,6.37,18.66,17.97,7.28,-11.6,11.38
district,Koshi,Jhapa,Female,70 - 74 Years,1749,8,839,208,129,33,26,19,3,16,379,89,21.67,12.01,9.84,15.83,21.67,4.63,-11.83,11.2
district,Koshi,Jhapa,Female,75+ Years,1297,9,542,132,88,39,29,12,7,11,344,84,26.52,13.49,19.1,11.22,26.52,6.71,-7.42,4.51
district,Koshi,Morang,Total,Total,832912,36157,224589,159272,140180,103498,106683,35815,14229,415,8322,3752,1.0,48.07,0.76,31.55,1.26,30.91,-0.5,0.64
district,Koshi,Morang,Total,05 Year,18641,18595,0,0,0,0,0,0,0,1,2,43,0.01,0.0,0.01,0.0,0.01,0.0,0.0,0.0
district,Koshi,Morang,Total,06 Year,19249,10002,9229,0,0,0,0,0,0,0,5,13,0.03,0.0,0.03,0.0,0.02,0.0,0.01,0.0
district,Koshi,Morang,Total,07 Year,19930,4593,15324,0,0,0,0,0,0,0,3,10,0.02,0.0,0.03,0.0,0.0,0.0,0.03,0.0
district,Koshi,Morang,Total,08 Year,21394,1650,19737,0,0,0,0,0,0,0,3,4,0.01,0.0,0.02,0.0,0.01,0.0,0.01,0.0
district,Koshi,Morang,Total,09 Year,18683,469,18201,0,0,0,0,0,0,0,4,9,0.02,0.0,0.03,0.0,0.01,0.0,0.02,0.0
district,Koshi,Morang,Total,10 Year,22498,185,22298,0,0,0,0,0,0,0,8,7,0.04,0.0,0.03,0.0,0.05,0.0,-0.02,0.0
district,Koshi,Morang,Total,11 Year,17187,45,13296,3842,0,0,0,0,0,0,1,3,0.01,0.0,0.01,0.0,0.0,0.0,0.01,0.0
district,Koshi,Morang,Total,12 Year,21683,50,10425,11201,0,0,0,0,0,0,4,3,0.02,0.0,0.02,0.0,0.02,0.0,0.0,0.0
district,Koshi,Morang,Total,13 Year,19535,20,4718,14793,0,0,0,0,0,1,3,0,0.02,0.0,0.01,0.0,0.02,0.0,-0.01,0.0
district,Koshi,Morang,Total,14 Year,20206,22,2687,13721,3766,0,0,0,0,0,5,5,0.02,18.64,0.02,0.0,0.03,0.0,-0.01,0.0
district,Koshi,Morang,Total,15 Year,20830,6,986,9839,8028,1857,0,0,0,0,7,107,0.03,47.46,0.04,7.77,0.03,10.09,0.01,-2.32
district,Koshi,Morang,Total,16 - 19 Years,84362,12,4690,14784,21853,26773,15653,427,0,7,73,90,0.09,76.7,0.07,48.06,0.1,53.63,-0.03,-5.57
district,Koshi,Morang,Total,20 - 24 Years,98394,37,8168,14045,18146,15673,34320,6962,657,33,176,177,0.18,76.99,0.14,59.25,0.22,57.94,-0.08,1.31
district,Koshi,Morang,Total,25 - 29 Years,86988,59,10072,14608,19799,13190,17553,8632,2605,20,252,198,0.29,71.02,0.22,48.61,0.34,47.96,-0.12,0.65
district,Koshi,Morang,Total,30 - 34 Years,73608,46,11525,13412,14552,11670,12826,5912,3075,21,347,222,0.47,65.26,0.36,46.24,0.57,44.81,-0.21,1.43
district,Koshi,Morang,Total,35 - 39 Years,69281,53,13944,14018,15844,9825,8459,3765,2464,29,571,309,0.82,58.25,0.41,38.51,1.23,32.3,-0.82,6.21
district,Koshi,Morang,Total,40 - 44 Years,56649,54,12640,11195,12759,8165,6166,2829,1730,37,721,353,1.27,55.87,0.69,36.64,1.96,29.44,-1.27,7.2
district,Koshi,Morang,Total,45 - 49 Years,40824,54,10325,7396,8976,5474,4104,2175,1164,39,811,306,1.99,53.63,1.03,35.44,3.35,26.21,-2.32,9.23
district,Koshi,Morang,Total,50 - 54 Years,34963,63,10202,5998,6833,4377,3242,1825,1003,53,1007,360,2.88,49.42,1.41,34.14,5.3,22.87,-3.89,11.27
district,Koshi,Morang,Total,55 - 59 Years,22878,38,7672,3638,3896,2540,1829,1233,622,47,999,364,4.37,44.23,2.14,31.36,8.97,18.63,-6.83,12.73
district,Koshi,Morang,Total,60 - 64 Years,17540,39,6872,2695,2501,1728,1135,837,391,39,964,339,5.5,37.58,2.92,27.47,11.27,14.04,-8.35,13.43
district,Koshi,Morang,Total,65 - 69 Years,12927,37,5441,1975,1613,1172,725,605,269,39,762,289,5.89,33.91,3.65,24.35,12.03,13.47,-8.38,10.88
district,Koshi,Morang,Total,70 - 74 Years,7865,9,3336,1219,888,646,417,341,142,22,634,211,8.06,30.95,5.98,21.76,15.04,12.61,-9.06,9.15
district,Koshi,Morang,Total,75+ Years,6797,19,2801,893,726,408,254,272,107,27,960,330,14.12,26.0,13.01,16.92,18.22,9.39,-5.21,7.53
district,Koshi,Morang,Male,Total,435587,19236,118087,84354,71226,53339,53431,21085,9564,171,3329,1765,0.76,47.9,0.76,31.55,1.26,30.91,-0.5,0.64
district,Koshi,Morang,Male,05 Year,9741,9721,0,0,0,0,0,0,0,1,1,18,0.01,0.0,0.01,0.0,0.01,0.0,0.0,0.0
district,Koshi,Morang,Male,06 Year,9870,5372,4488,0,0,0,0,0,0,0,3,7,0.03,0.0,0.03,0.0,0.02,0.0,0.01,0.0
district,Koshi,Morang,Male,07 Year,10134,2505,7622,0,0,0,0,0,0,0,3,4,0.03,0.0,0.03,0.0,0.0,0.0,0.03,0.0
district,Koshi,Morang,Male,08 Year,11041,951,10086,0,0,0,0,0,0,0,2,2,0.02,0.0,0.02,0.0,0.01,0.0,0.01,0.0
district,Koshi,Morang,Male,09 Year,9423,262,9155,0,0,0,0,0,0,0,3,3,0.03,0.0,0.03,0.0,0.01,0.0,0.02,0.0
district,Koshi,Morang,Male,10 Year,11659,114,11540,0,0,0,0,0,0,0,3,2,0.03,0.0,0.03,0.0,0.05,0.0,-0.02,0.0
district,Koshi,Morang,Male,11 Year,8991,31,7067,1890,0,0,0,0,0,0,1,2,0.01,0.0,0.01,0.0,0.0,0.0,0.01,0.0
district,Koshi,Morang,Male,12 Year,11173,30,5688,5451,0,0,0,0,0,0,2,2,0.02,0.0,0.02,0.0,0.02,0.0,0.0,0.0
district,Koshi,Morang,Male,13 Year,9779,10,2585,7183,0,0,0,0,0,0,1,0,0.01,0.0,0.01,0.0,0.02,0.0,-0.01,0.0
district,Koshi,Morang,Male,14 Year,10213,13,1474,7075,1648,0,0,0,0,0,2,1,0.02,16.14,0.02,0.0,0.03,0.0,-0.01,0.0
district,Koshi,Morang,Male,15 Year,10530,4,561,5274,3821,818,0,0,0,0,4,48,0.04,44.06,0.04,7.77,0.03,10.09,0.01,-2.32
district,Koshi,Morang,Male,16 - 19 Years,42929,8,2633,8388,11182,13140,7298,195,0,2,32,51,0.07,74.11,0.07,48.06,0.1,53.63,-0.03,-5.57
district,Koshi,Morang,Male,20 - 24 Years,46322,15,4066,7079,7563,7622,16220,3294,308,11,63,81,0.14,75.57,0.14,59.25,0.22,57.94,-0.08,1.31
district,Koshi,Morang,Male,25 - 29 Years,39734,22,4763,7149,8303,5777,7803,4375,1360,10,89,83,0.22,69.51,0.22,48.61,0.34,47.96,-0.12,0.65
district,Koshi,Morang,Male,30 - 34 Years,34777,11,5324,6529,6617,5305,5838,3154,1784,5,126,84,0.36,65.27,0.36,46.24,0.57,44.81,-0.21,1.43
district,Koshi,Morang,Male,35 - 39 Years,34394,16,6271,6925,7648,4983,4382,2235,1646,12,142,134,0.41,60.75,0.41,38.51,1.23,32.3,-0.82,6.21
district,Koshi,Morang,Male,40 - 44 Years,30721,28,6152,5967,6942,4522,3553,1886,1296,14,212,149,0.69,59.24,0.69,36.64,1.96,29.44,-1.27,7.2
district,Koshi,Morang,Male,45 - 49 Years,24020,19,5337,4247,5517,3355,2644,1587,927,15,248,124,1.03,58.41,1.03,35.44,3.35,26.21,-2.32,9.23
district,Koshi,Morang,Male,50 - 54 Years,21738,26,5608,3680,4541,2830,2255,1469,868,18,306,137,1.41,55.03,1.41,34.14,5.3,22.87,-3.89,11.27
district,Koshi,Morang,Male,55 - 59 Years,15407,17,4680,2502,2886,1842,1386,1050,554,13,329,148,2.14,50.09,2.14,31.36,8.97,18.63,-6.83,12.73
district,Koshi,Morang,Male,60 - 64 Years,12125,17,4424,1903,1913,1326,912,742,351,18,354,165,2.92,43.25,2.92,27.47,11.27,14.04,-8.35,13.43
district,Koshi,Morang,Male,65 - 69 Years,9461,23,3863,1464,1289,936,585,542,241,15,345,158,3.65,37.98,3.65,24.35,12.03,13.47,-8.38,10.88
district,Koshi,Morang,Male,70 - 74 Years,6057,7,2544,940,744,533,349,306,130,13,362,129,5.98,34.04,5.98,21.76,15.04,12.61,-9.06,9.15
district,Koshi,Morang,Male,75+ Years,5348,14,2156,708,612,350,206,250,99,24,696,233,13.01,28.37,13.01,16.92,18.22,9.39,-5.21,7.53
district,Koshi,Morang,Female,Total,397325,16921,106502,74918,68954,50159,53252,14730,4665,244,4993,1987,1.26,48.26,0.76,31.55,1.26,30.91,-0.5,0.64
district,Koshi,Morang,Female,05 Year,8900,8874,0,0,0,0,0,0,0,0,1,25,0.01,0.0,0.01,0.0,0.01,0.0,0.0,0.0
district,Koshi,Morang,Female,06 Year,9379,4630,4741,0,0,0,0,0,0,0,2,6,0.02,0.0,0.03,0.0,0.02,0.0,0.01,0.0
district,Koshi,Morang,Female,07 Year,9796,2088,7702,0,0,0,0,0,0,0,0,6,0.0,0.0,0.03,0.0,0.0,0.0,0.03,0.0
district,Koshi,Morang,Female,08 Year,10353,699,9651,0,0,0,0,0,0,0,1,2,0.01,0.0,0.02,0.0,0.01,0.0,0.01,0.0
district,Koshi,Morang,Female,09 Year,9260,207,9046,0,0,0,0,0,0,0,1,6,0.01,0.0,0.03,0.0,0.01,0.0,0.02,0.0
district,Koshi,Morang,Female,10 Year,10839,71,10758,0,0,0,0,0,0,0,5,5,0.05,0.0,0.03,0.0,0.05,0.0,-0.02,0.0
district,Koshi,Morang,Female,11 Year,8196,14,6229,1952,0,0,0,0,0,0,0,1,0.0,0.0,0.01,0.0,0.0,0.0,0.01,0.0
district,Koshi,Morang,Female,12 Year,10510,20,4737,5750,0,0,0,0,0,0,2,1,0.02,0.0,0.02,0.0,0.02,0.0,0.0,0.0
district,Koshi,Morang,Female,13 Year,9756,10,2133,7610,0,0,0,0,0,1,2,0,0.02,0.0,0.01,0.0,0.02,0.0,-0.01,0.0
district,Koshi,Morang,Female,14 Year,9993,9,1213,6646,2118,0,0,0,0,0,3,4,0.03,21.19,0.02,0.0,0.03,0.0,-0.01,0.0
district,Koshi,Morang,Female,15 Year,10300,2,425,4565,4207,1039,0,0,0,0,3,59,0.03,50.93,0.04,7.77,0.03,10.09,0.01,-2.32
district,Koshi,Morang,Female,16 - 19 Years,41433,4,2057,6396,10671,13633,8355,232,0,5,41,39,0.1,79.38,0.07,48.06,0.1,53.63,-0.03,-5.57
district,Koshi,Morang,Female,20 - 24 Years,52072,22,4102,6966,10583,8051,18100,3668,349,22,113,96,0.22,78.26,0.14,59.25,0.22,57.94,-0.08,1.31
district,Koshi,Morang,Female,25 - 29 Years,47254,37,5309,7459,11496,7413,9750,4257,1245,10,163,115,0.34,72.29,0.22,48.61,0.34,47.96,-0.12,0.65
district,Koshi,Morang,Female,30 - 34 Years,38831,35,6201,6883,7935,6365,6988,2758,1291,16,221,138,0.57,65.25,0.36,46.24,0.57,44.81,-0.21,1.43
district,Koshi,Morang,Female,35 - 39 Years,34887,37,7673,7093,8196,4842,4077,1530,818,17,429,175,1.23,55.79,0.41,38.51,1.23,32.3,-0.82,6.21
district,Koshi,Morang,Female,40 - 44 Years,25928,26,6488,5228,5817,3643,2613,943,434,23,509,204,1.96,51.87,0.69,36.64,1.96,29.44,-1.27,7.2
district,Koshi,Morang,Female,45 - 49 Years,16804,35,4988,3149,3459,2119,1460,588,237,24,563,182,3.35,46.79,1.03,35.44,3.35,26.21,-2.32,9.23
district,Koshi,Morang,Female,50 - 54 Years,13225,37,4594,2318,2292,1547,987,356,135,35,701,223,5.3,40.2,1.41,34.14,5.3,22.87,-3.89,11.27
district,Koshi,Morang,Female,55 - 59 Years,7471,21,2992,1136,1010,698,443,183,68,34,670,216,8.97,32.15,2.14,31.36,8.97,18.63,-6.83,12.73
district,Koshi,Morang,Female,60 - 64 Years,5415,22,2448,792,588,402,223,95,40,21,610,174,11.27,24.89,2.92,27.47,11.27,14.04,-8.35,13.43
district,Koshi,Morang,Female,65 - 69 Years,3466,14,1578,511,324,236,140,63,28,24,417,131,12.03,22.82,3.65,24.35,12.03,13.47,-8.38,10.88
district,Koshi,Morang,Female,70 - 74 Years,1808,2,792,279,144,113,68,35,12,9,272,82,15.04,20.58,5.98,21.76,15.04,12.61,-9.06,9.15
district,Koshi,Morang,Female,75+ Years,1449,5,645,185,114,58,48,22,8,3,264,97,18.22,17.25,13.01,16.92,18.22,9.39,-5.21,7.53
district,Koshi,Sunsari,Total,Total,661849,30765,185183,124719,111414,80856,83286,24628,10137,543,6868,3450,1.04,46.89,0.81,30.04,1.29,30.07,-0.48,-0.03
district,Koshi,Sunsari,Total,05 Year,15845,15833,0,0,0,0,0,0,0,0,0,12,0.0,0.0,0.0,0.0,0.0,0.0,0.0,0.0
district,Koshi,Sunsari,Total,06 Year,16052,7969,8071,0,0,0,0,0,0,1,5,6,0.03,0.0,0.05,0.0,0.01,0.0,0.04,0.0
district,Koshi,Sunsari,Total,07 Year,17235,3897,13328,0,0,0,0,0,0,0,6,4,0.03,0.0,0.03,0.0,0.04,0.0,-0.01,0.0
district,Koshi,Sunsari,Total,08 Year,18477,1626,16834,0,0,0,0,0,0,8,6,3,0.03,0.0,0.04,0.0,0.02,0.0,0.02,0.0
district,Koshi,Sunsari,Total,09 Year,15637,475,15153,0,0,0,0,0,0,0,5,4,0.03,0.0,0.03,0.0,0.04,0.0,-0.01,0.0
district,Koshi,Sunsari,Total,10 Year,18900,187,18703,0,0,0,0,0,0,5,4,1,0.02,0.0,0.03,0.0,0.01,0.0,0.02,0.0
district,Koshi,Sunsari,Total,11 Year,13940,57,10872,3005,0,0,0,0,0,0,5,1,0.04,0.0,0.06,0.0,0.01,0.0,0.05,0.0
district,Koshi,Sunsari,Total,12 Year,17368,55,8597,8703,0,0,0,0,0,5,6,2,0.03,0.0,0.06,0.0,0.01,0.0,0.05,0.0
district,Koshi,Sunsari,Total,13 Year,15962,28,4447,11471,0,0,0,0,0,5,10,1,0.06,0.0,0.1,0.0,0.03,0.0,0.07,0.0
district,Koshi,Sunsari,Total,14 Year,16183,29,2459,10864,2820,0,0,0,0,1,9,1,0.06,17.43,0.09,0.0,0.03,0.0,0.06,0.0
district,Koshi,Sunsari,Total,15 Year,16678,10,951,7772,6329,1406,0,0,0,11,45,154,0.27,46.38,0.22,7.38,0.32,9.52,-0.1,-2.14
district,Koshi,Sunsari,Total,16 - 19 Years,66547,28,4395,12585,17708,19091,12047,408,0,11,66,208,0.1,74.01,0.1,44.57,0.1,50.37,0.0,-5.8
district,Koshi,Sunsari,Total,20 - 24 Years,81276,66,8021,12177,15523,12374,26366,5660,601,25,211,252,0.26,74.47,0.23,56.17,0.28,54.67,-0.05,1.5
district,Koshi,Sunsari,Total,25 - 29 Years,72314,69,9121,12098,16901,10983,14418,6003,2124,42,296,259,0.41,69.74,0.37,46.37,0.44,46.36,-0.07,0.01
district,Koshi,Sunsari,Total,30 - 34 Years,60664,57,9810,10599,11842,10203,11000,4237,2227,46,416,227,0.69,65.13,0.55,45.73,0.81,45.5,-0.26,0.23
district,Koshi,Sunsari,Total,35 - 39 Years,53514,74,10778,10070,12154,8488,6808,2489,1719,46,591,297,1.1,59.16,0.6,38.32,1.62,34.55,-1.02,3.77
district,Koshi,Sunsari,Total,40 - 44 Years,42447,62,9728,7904,9371,6526,4763,1819,1215,48,695,316,1.64,55.82,0.82,36.84,2.63,29.96,-1.81,6.88
district,Koshi,Sunsari,Total,45 - 49 Years,30015,68,7787,5446,6615,4068,2969,1235,819,52,667,289,2.22,52.33,1.15,34.84,3.76,23.76,-2.61,11.08
district,Koshi,Sunsari,Total,50 - 54 Years,25429,54,7485,4543,5092,3154,2168,1134,628,52,819,300,3.22,47.88,1.62,32.27,6.04,20.1,-4.42,12.17
district,Koshi,Sunsari,Total,55 - 59 Years,16306,25,5787,2637,2896,1881,1119,597,330,46,730,258,4.48,41.84,2.28,28.03,9.18,15.62,-6.9,12.41
district,Koshi,Sunsari,Total,60 - 64 Years,12425,33,4896,2013,1882,1223,717,445,217,39,721,239,5.8,36.09,3.48,24.67,11.1,12.47,-7.62,12.2
district,Koshi,Sunsari,Total,65 - 69 Years,8716,27,3660,1389,1169,775,465,315,125,40,560,191,6.42,32.69,4.33,21.51,12.2,13.1,-7.87,8.41
district,Koshi,Sunsari,Total,70 - 74 Years,5380,20,2302,849,648,428,261,169,73,25,420,185,7.81,29.35,6.28,18.81,13.0,12.18,-6.72,6.63
district,Koshi,Sunsari,Total,75+ Years,4539,16,1998,594,464,256,185,117,59,35,575,240,12.67,23.82,11.64,14.58,16.44,9.97,-4.8,4.61
district,Koshi,Sunsari,Male,Total,344938,16408,96840,66471,56899,42073,41360,13599,6576,276,2784,1652,0.81,46.53,0.81,30.04,1.29,30.07,-0.48,-0.03
district,Koshi,Sunsari,Male,05 Year,8232,8227,0,0,0,0,0,0,0,0,0,5,0.0,0.0,0.0,0.0,0.0,0.0,0.0,0.0
district,Koshi,Sunsari,Male,06 Year,8220,4239,3973,0,0,0,0,0,0,1,4,3,0.05,0.0,0.05,0.0,0.01,0.0,0.04,0.0
district,Koshi,Sunsari,Male,07 Year,8820,2253,6563,0,0,0,0,0,0,0,3,1,0.03,0.0,0.03,0.0,0.04,0.0,-0.01,0.0
district,Koshi,Sunsari,Male,08 Year,9578,949,8616,0,0,0,0,0,0,8,4,1,0.04,0.0,0.04,0.0,0.02,0.0,0.02,0.0
district,Koshi,Sunsari,Male,09 Year,7973,271,7697,0,0,0,0,0,0,0,2,3,0.03,0.0,0.03,0.0,0.04,0.0,-0.01,0.0
district,Koshi,Sunsari,Male,10 Year,9880,98,9774,0,0,0,0,0,0,5,3,0,0.03,0.0,0.03,0.0,0.01,0.0,0.02,0.0
district,Koshi,Sunsari,Male,11 Year,7224,31,5725,1463,0,0,0,0,0,0,4,1,0.06,0.0,0.06,0.0,0.01,0.0,0.05,0.0
district,Koshi,Sunsari,Male,12 Year,8886,32,4616,4226,0,0,0,0,0,5,5,2,0.06,0.0,0.06,0.0,0.01,0.0,0.05,0.0
district,Koshi,Sunsari,Male,13 Year,8043,14,2399,5616,0,0,0,0,0,5,8,1,0.1,0.0,0.1,0.0,0.03,0.0,0.07,0.0
district,Koshi,Sunsari,Male,14 Year,8210,13,1360,5549,1280,0,0,0,0,1,7,0,0.09,15.59,0.09,0.0,0.03,0.0,0.06,0.0
district,Koshi,Sunsari,Male,15 Year,8472,6,545,4170,3011,625,0,0,0,11,19,85,0.22,42.92,0.22,7.38,0.32,9.52,-0.1,-2.14
district,Koshi,Sunsari,Male,16 - 19 Years,34060,19,2477,7063,9161,9407,5612,163,0,10,34,114,0.1,71.47,0.1,44.57,0.1,50.37,0.0,-5.8
district,Koshi,Sunsari,Male,20 - 24 Years,37774,27,3772,5957,6572,6010,12352,2567,288,14,88,127,0.23,73.57,0.23,56.17,0.28,54.67,-0.05,1.5
district,Koshi,Sunsari,Male,25 - 29 Years,32888,26,4129,6010,7230,4932,6401,2852,1064,16,121,107,0.37,68.35,0.37,46.37,0.44,46.36,-0.07,0.01
district,Koshi,Sunsari,Male,30 - 34 Years,28657,28,4456,5364,5432,4726,4981,2135,1263,20,157,95,0.55,64.69,0.55,45.73,0.81,45.5,-0.26,0.23
district,Koshi,Sunsari,Male,35 - 39 Years,26931,30,4981,5223,6090,4332,3422,1423,1143,13,161,113,0.6,60.93,0.6,38.32,1.62,34.55,-1.02,3.77
district,Koshi,Sunsari,Male,40 - 44 Years,23332,24,4913,4308,5157,3714,2799,1191,892,22,192,120,0.82,58.94,0.82,36.84,2.63,29.96,-1.81,6.88
district,Koshi,Sunsari,Male,45 - 49 Years,17680,34,3954,3145,4042,2582,1992,918,668,24,203,118,1.15,57.7,1.15,34.84,3.76,23.76,-2.61,11.08
district,Koshi,Sunsari,Male,50 - 54 Years,16207,18,4179,2875,3485,2162,1595,932,541,18,262,140,1.62,53.77,1.62,32.27,6.04,20.1,-4.42,12.17
district,Koshi,Sunsari,Male,55 - 59 Years,11121,13,3613,1859,2133,1423,891,511,292,21,254,111,2.28,47.21,2.28,28.03,9.18,15.62,-6.9,12.41
district,Koshi,Sunsari,Male,60 - 64 Years,8631,19,3185,1409,1454,957,593,383,196,16,300,119,3.48,41.51,3.48,24.67,11.1,12.47,-7.62,12.2
district,Koshi,Sunsari,Male,65 - 69 Years,6396,13,2609,1060,935,628,371,264,113,21,277,105,4.33,36.13,4.33,21.51,12.2,13.1,-7.87,8.41
district,Koshi,Sunsari,Male,70 - 74 Years,4157,12,1751,683,538,362,201,153,66,18,261,112,6.28,31.75,6.28,18.81,13.0,12.18,-6.72,6.63
district,Koshi,Sunsari,Male,75+ Years,3566,12,1553,491,379,213,150,107,50,27,415,169,11.64,25.21,11.64,14.58,16.44,9.97,-4.8,4.61
district,Koshi,Sunsari,Female,Total,316911,14357,88343,58248,54515,38783,41926,11029,3561,267,4084,1798,1.29,47.27,0.81,30.04,1.29,30.07,-0.48,-0.03
district,Koshi,Sunsari,Female,05 Year,7613,7606,0,0,0,0,0,0,0,0,0,7,0.0,0.0,0.0,0.0,0.0,0.0,0.0,0.0
district,Koshi,Sunsari,Female,06 Year,7832,3730,4098,0,0,0,0,0,0,0,1,3,0.01,0.0,0.05,0.0,0.01,0.0,0.04,0.0
district,Koshi,Sunsari,Female,07 Year,8415,1644,6765,0,0,0,0,0,0,0,3,3,0.04,0.0,0.03,0.0,0.04,0.0,-0.01,0.0
district,Koshi,Sunsari,Female,08 Year,8899,677,8218,0,0,0,0,0,0,0,2,2,0.02,0.0,0.04,0.0,0.02,0.0,0.02,0.0
district,Koshi,Sunsari,Female,09 Year,7664,204,7456,0,0,0,0,0,0,0,3,1,0.04,0.0,0.03,0.0,0.04,0.0,-0.01,0.0
district,Koshi,Sunsari,Female,10 Year,9020,89,8929,0,0,0,0,0,0,0,1,1,0.01,0.0,0.03,0.0,0.01,0.0,0.02,0.0
district,Koshi,Sunsari,Female,11 Year,6716,26,5147,1542,0,0,0,0,0,0,1,0,0.01,0.0,0.06,0.0,0.01,0.0,0.05,0.0
district,Koshi,Sunsari,Female,12 Year,8482,23,3981,4477,0,0,0,0,0,0,1,0,0.01,0.0,0.06,0.0,0.01,0.0,0.05,0.0
district,Koshi,Sunsari,Female,13 Year,7919,14,2048,5855,0,0,0,0,0,0,2,0,0.03,0.0,0.1,0.0,0.03,0.0,0.07,0.0
district,Koshi,Sunsari,Female,14 Year,7973,16,1099,5315,1540,0,0,0,0,0,2,1,0.03,19.32,0.09,0.0,0.03,0.0,0.06,0.0
district,Koshi,Sunsari,Female,15 Year,8206,4,406,3602,3318,781,0,0,0,0,26,69,0.32,49.95,0.22,7.38,0.32,9.52,-0.1,-2.14
district,Koshi,Sunsari,Female,16 - 19 Years,32487,9,1918,5522,8547,9684,6435,245,0,1,32,94,0.1,76.68,0.1,44.57,0.1,50.37,0.0,-5.8
district,Koshi,Sunsari,Female,20 - 24 Years,43502,39,4249,6220,8951,6364,14014,3093,313,11,123,125,0.28,75.25,0.23,56.17,0.28,54.67,-0.05,1.5
district,Koshi,Sunsari,Female,25 - 29 Years,39426,43,4992,6088,9671,6051,8017,3151,1060,26,175,152,0.44,70.89,0.37,46.37,0.44,46.36,-0.07,0.01
district,Koshi,Sunsari,Female,30 - 34 Years,32007,29,5354,5235,6410,5477,6019,2102,964,26,259,132,0.81,65.52,0.55,45.73,0.81,45.5,-0.26,0.23
district,Koshi,Sunsari,Female,35 - 39 Years,26583,44,5797,4847,6064,4156,3386,1066,576,33,430,184,1.62,57.36,0.6,38.32,1.62,34.55,-1.02,3.77
district,Koshi,Sunsari,Female,40 - 44 Years,19115,38,4815,3596,4214,2812,1964,628,323,26,503,196,2.63,52.01,0.82,36.84,2.63,29.96,-1.81,6.88
district,Koshi,Sunsari,Female,45 - 49 Years,12335,34,3833,2301,2573,1486,977,317,151,28,464,171,3.76,44.62,1.15,34.84,3.76,23.76,-2.61,11.08
district,Koshi,Sunsari,Female,50 - 54 Years,9222,36,3306,1668,1607,992,573,202,87,34,557,160,6.04,37.53,1.62,32.27,6.04,20.1,-4.42,12.17
district,Koshi,Sunsari,Female,55 - 59 Years,5185,12,2174,778,763,458,228,86,38,25,476,147,9.18,30.34,2.28,28.03,9.18,15.62,-6.9,12.41
district,Koshi,Sunsari,Female,60 - 64 Years,3794,14,1711,604,428,266,124,62,21,23,421,120,11.1,23.75,3.48,24.67,11.1,12.47,-7.62,12.2
district,Koshi,Sunsari,Female,65 - 69 Years,2320,14,1051,329,234,147,94,51,12,19,283,86,12.2,23.19,4.33,21.51,12.2,13.1,-7.87,8.41
district,Koshi,Sunsari,Female,70 - 74 Years,1223,8,551,166,110,66,60,16,7,7,159,73,13.0,21.18,6.28,18.81,13.0,12.18,-6.72,6.63
district,Koshi,Sunsari,Female,75+ Years,973,4,445,103,85,43,35,10,9,8,160,71,16.44,18.71,11.64,14.58,16.44,9.97,-4.8,4.61
district,Koshi,Udayapur,Total,Total,240874,10054,74289,51366,40466,25310,25285,5991,2443,206,4288,1176,1.78,41.31,1.26,23.66,2.34,25.42,-1.08,-1.76
district,Koshi,Udayapur,Total,05 Year,5641,5639,0,0,0,0,0,0,0,0,0,2,0.0,0.0,0.0,0.0,0.0,0.0,0.0,0.0
district,Koshi,Udayapur,Total,06 Year,6350,2608,3740,0,0,0,0,0,0,0,1,1,0.02,0.0,0.03,0.0,0.0,0.0,0.03,0.0
district,Koshi,Udayapur,Total,07 Year,6334,1025,5309,0,0,0,0,0,0,0,0,0,0.0,0.0,0.0,0.0,0.0,0.0,0.0,0.0
district,Koshi,Udayapur,Total,08 Year,6703,314,6386,0,0,0,0,0,0,0,3,0,0.04,0.0,0.03,0.0,0.06,0.0,-0.03,0.0
district,Koshi,Udayapur,Total,09 Year,6491,97,6392,0,0,0,0,0,0,0,0,2,0.0,0.0,0.0,0.0,0.0,0.0,0.0,0.0
district,Koshi,Udayapur,Total,10 Year,6927,34,6893,0,0,0,0,0,0,0,0,0,0.0,0.0,0.0,0.0,0.0,0.0,0.0,0.0
district,Koshi,Udayapur,Total,11 Year,6111,18,4485,1608,0,0,0,0,0,0,0,0,0.0,0.0,0.0,0.0,0.0,0.0,0.0,0.0
district,Koshi,Udayapur,Total,12 Year,7255,11,3206,4038,0,0,0,0,0,0,0,0,0.0,0.0,0.0,0.0,0.0,0.0,0.0,0.0
district,Koshi,Udayapur,Total,13 Year,6860,10,1525,5325,0,0,0,0,0,0,0,0,0.0,0.0,0.0,0.0,0.0,0.0,0.0,0.0
district,Koshi,Udayapur,Total,14 Year,7241,8,895,4848,1489,0,0,0,0,0,0,1,0.0,20.56,0.0,0.0,0.0,0.0,0.0,0.0
district,Koshi,Udayapur,Total,15 Year,7499,1,339,3504,2987,633,0,0,0,0,6,29,0.08,48.27,0.05,6.89,0.11,10.02,-0.06,-3.13
district,Koshi,Udayapur,Total,16 - 19 Years,27635,3,1868,5787,7918,7464,4390,115,0,0,19,71,0.07,71.96,0.04,39.86,0.09,46.74,-0.05,-6.88
district,Koshi,Udayapur,Total,20 - 24 Years,30214,38,3036,6397,6797,4223,7912,1480,181,4,52,94,0.17,68.16,0.15,43.89,0.19,47.18,-0.04,-3.29
district,Koshi,Udayapur,Total,25 - 29 Years,25634,38,3339,4957,7011,3535,4555,1480,499,12,105,103,0.41,66.63,0.25,38.3,0.54,40.08,-0.29,-1.78
district,Koshi,Udayapur,Total,30 - 34 Years,21375,29,4311,3994,4024,3079,3832,1200,550,17,244,95,1.14,59.35,0.66,40.83,1.56,40.24,-0.9,0.59
district,Koshi,Udayapur,Total,35 - 39 Years,17903,40,5056,3612,3431,2129,1914,698,469,21,411,122,2.3,48.27,0.98,30.61,3.69,27.5,-2.71,3.11
district,Koshi,Udayapur,Total,40 - 44 Years,13040,31,4113,2541,2458,1523,1034,364,301,28,538,109,4.13,43.56,1.64,28.01,7.24,20.57,-5.6,7.44
district,Koshi,Udayapur,Total,45 - 49 Years,9239,16,3342,1642,1596,963,581,249,174,22,550,104,5.95,38.56,2.62,24.7,11.71,15.4,-9.09,9.3
district,Koshi,Udayapur,Total,50 - 54 Years,8381,26,3291,1311,1295,810,528,199,151,28,625,117,7.46,35.59,3.33,24.29,16.13,11.43,-12.8,12.86
district,Koshi,Udayapur,Total,55 - 59 Years,5146,25,2282,690,679,409,279,98,68,19,505,92,9.81,29.79,4.93,20.04,22.96,7.32,-18.03,12.72
district,Koshi,Udayapur,Total,60 - 64 Years,3645,19,1860,442,361,235,131,46,26,15,427,83,11.71,21.92,7.48,14.45,24.8,4.49,-17.32,9.96
district,Koshi,Udayapur,Total,65 - 69 Years,2500,7,1253,337,202,170,74,34,16,18,330,59,13.2,19.84,8.4,13.45,31.36,5.35,-22.96,8.1
district,Koshi,Udayapur,Total,70 - 74 Years,1534,7,768,217,133,82,30,19,3,13,225,37,14.67,17.41,11.69,9.94,28.26,3.26,-16.57,6.68
district,Koshi,Udayapur,Total,75+ Years,1216,10,600,116,85,55,25,9,5,9,247,55,20.31,14.72,19.88,7.85,22.38,7.14,-2.5,0.71
district,Koshi,Udayapur,Male,Total,125245,5320,40007,27554,20544,13022,11858,3135,1623,72,1581,529,1.26,40.07,1.26,23.66,2.34,25.42,-1.08,-1.76
district,Koshi,Udayapur,Male,05 Year,2881,2880,0,0,0,0,0,0,0,0,0,1,0.0,0.0,0.0,0.0,0.0,0.0,0.0,0.0
district,Koshi,Udayapur,Male,06 Year,3360,1436,1923,0,0,0,0,0,0,0,1,0,0.03,0.0,0.03,0.0,0.0,0.0,0.03,0.0
district,Koshi,Udayapur,Male,07 Year,3251,586,2665,0,0,0,0,0,0,0,0,0,0.0,0.0,0.0,0.0,0.0,0.0,0.0,0.0
district,Koshi,Udayapur,Male,08 Year,3421,185,3235,0,0,0,0,0,0,0,1,0,0.03,0.0,0.03,0.0,0.06,0.0,-0.03,0.0
district,Koshi,Udayapur,Male,09 Year,3355,55,3300,0,0,0,0,0,0,0,0,0,0.0,0.0,0.0,0.0,0.0,0.0,0.0,0.0
district,Koshi,Udayapur,Male,10 Year,3509,18,3491,0,0,0,0,0,0,0,0,0,0.0,0.0,0.0,0.0,0.0,0.0,0.0,0.0
district,Koshi,Udayapur,Male,11 Year,3081,9,2311,761,0,0,0,0,0,0,0,0,0.0,0.0,0.0,0.0,0.0,0.0,0.0,0.0
district,Koshi,Udayapur,Male,12 Year,3660,8,1737,1915,0,0,0,0,0,0,0,0,0.0,0.0,0.0,0.0,0.0,0.0,0.0,0.0
district,Koshi,Udayapur,Male,13 Year,3447,5,844,2598,0,0,0,0,0,0,0,0,0.0,0.0,0.0,0.0,0.0,0.0,0.0,0.0
district,Koshi,Udayapur,Male,14 Year,3578,6,512,2408,652,0,0,0,0,0,0,0,0.0,18.22,0.0,0.0,0.0,0.0,0.0,0.0
district,Koshi,Udayapur,Male,15 Year,3786,1,206,1883,1417,261,0,0,0,0,2,16,0.05,44.32,0.05,6.89,0.11,10.02,-0.06,-3.13
district,Koshi,Udayapur,Male,16 - 19 Years,13759,1,1107,3259,3867,3501,1936,47,0,0,6,35,0.04,67.96,0.04,39.86,0.09,46.74,-0.05,-6.88
district,Koshi,Udayapur,Male,20 - 24 Years,13948,13,1583,3342,2827,1934,3458,641,89,2,21,38,0.15,64.16,0.15,43.89,0.19,47.18,-0.04,-3.29
district,Koshi,Udayapur,Male,25 - 29 Years,11492,17,1542,2415,3042,1536,1924,694,247,5,29,41,0.25,64.77,0.25,38.3,0.54,40.08,-0.29,-1.78
district,Koshi,Udayapur,Male,30 - 34 Years,9982,13,1894,1989,1905,1479,1690,588,319,7,66,32,0.66,59.92,0.66,40.83,1.56,40.24,-0.9,0.59
district,Koshi,Udayapur,Male,35 - 39 Years,9205,14,2368,1966,1906,1151,973,373,321,4,90,39,0.98,51.32,0.98,30.61,3.69,27.5,-2.71,3.11
district,Koshi,Udayapur,Male,40 - 44 Years,7255,11,1973,1517,1555,965,588,243,236,4,119,44,1.64,49.44,1.64,28.01,7.24,20.57,-5.6,7.44
district,Koshi,Udayapur,Male,45 - 49 Years,5850,6,1922,1099,1173,699,399,188,159,10,153,42,2.62,44.75,2.62,24.7,11.71,15.4,-9.09,9.3
district,Koshi,Udayapur,Male,50 - 54 Years,5678,13,2137,940,971,657,410,172,140,5,189,44,3.33,41.39,3.33,24.29,16.13,11.43,-12.8,12.86
district,Koshi,Udayapur,Male,55 - 59 Years,3752,12,1659,539,556,346,254,86,66,6,185,43,4.93,34.86,4.93,20.04,22.96,7.32,-18.03,12.72
district,Koshi,Udayapur,Male,60 - 64 Years,2754,13,1429,353,301,211,117,45,25,6,206,48,7.48,25.38,7.48,14.45,24.8,4.49,-17.32,9.96
district,Koshi,Udayapur,Male,65 - 69 Years,1977,3,1032,286,177,154,65,33,14,9,166,38,8.4,22.41,8.4,13.45,31.36,5.35,-22.96,8.1
district,Koshi,Udayapur,Male,70 - 74 Years,1258,6,642,184,117,76,28,18,3,7,147,30,11.69,19.24,11.69,9.94,28.26,3.26,-16.57,6.68
district,Koshi,Udayapur,Male,75+ Years,1006,9,495,100,78,52,16,7,4,7,200,38,19.88,15.61,19.88,7.85,22.38,7.14,-2.5,0.71
district,Koshi,Udayapur,Female,Total,115629,4734,34282,23812,19922,12288,13427,2856,820,134,2707,647,2.34,42.65,1.26,23.66,2.34,25.42,-1.08,-1.76
district,Koshi,Udayapur,Female,05 Year,2760,2759,0,0,0,0,0,0,0,0,0,1,0.0,0.0,0.0,0.0,0.0,0.0,0.0,0.0
district,Koshi,Udayapur,Female,06 Year,2990,1172,1817,0,0,0,0,0,0,0,0,1,0.0,0.0,0.03,0.0,0.0,0.0,0.03,0.0
district,Koshi,Udayapur,Female,07 Year,3083,439,2644,0,0,0,0,0,0,0,0,0,0.0,0.0,0.0,0.0,0.0,0.0,0.0,0.0
district,Koshi,Udayapur,Female,08 Year,3282,129,3151,0,0,0,0,0,0,0,2,0,0.06,0.0,0.03,0.0,0.06,0.0,-0.03,0.0
district,Koshi,Udayapur,Female,09 Year,3136,42,3092,0,0,0,0,0,0,0,0,2,0.0,0.0,0.0,0.0,0.0,0.0,0.0,0.0
district,Koshi,Udayapur,Female,10 Year,3418,16,3402,0,0,0,0,0,0,0,0,0,0.0,0.0,0.0,0.0,0.0,0.0,0.0,0.0
district,Koshi,Udayapur,Female,11 Year,3030,9,2174,847,0,0,0,0,0,0,0,0,0.0,0.0,0.0,0.0,0.0,0.0,0.0,0.0
district,Koshi,Udayapur,Female,12 Year,3595,3,1469,2123,0,0,0,0,0,0,0,0,0.0,0.0,0.0,0.0,0.0,0.0,0.0,0.0
district,Koshi,Udayapur,Female,13 Year,3413,5,681,2727,0,0,0,0,0,0,0,0,0.0,0.0,0.0,0.0,0.0,0.0,0.0,0.0
district,Koshi,Udayapur,Female,14 Year,3663,2,383,2440,837,0,0,0,0,0,0,1,0.0,22.85,0.0,0.0,0.0,0.0,0.0,0.0
district,Koshi,Udayapur,Female,15 Year,3713,0,133,1621,1570,372,0,0,0,0,4,13,0.11,52.3,0.05,6.89,0.11,10.02,-0.06,-3.13
district,Koshi,Udayapur,Female,16 - 19 Years,13876,2,761,2528,4051,3963,2454,68,0,0,13,36,0.09,75.93,0.04,39.86,0.09,46.74,-0.05,-6.88
district,Koshi,Udayapur,Female,20 - 24 Years,16266,25,1453,3055,3970,2289,4454,839,92,2,31,56,0.19,71.58,0.15,43.89,0.19,47.18,-0.04,-3.29
district,Koshi,Udayapur,Female,25 - 29 Years,14142,21,1797,2542,3969,1999,2631,786,252,7,76,62,0.54,68.14,0.25,38.3,0.54,40.08,-0.29,-1.78
district,Koshi,Udayapur,Female,30 - 34 Years,11393,16,2417,2005,2119,1600,2142,612,231,10,178,63,1.56,58.84,0.66,40.83,1.56,40.24,-0.9,0.59
district,Koshi,Udayapur,Female,35 - 39 Years,8698,26,2688,1646,1525,978,941,325,148,17,321,83,3.69,45.03,0.98,30.61,3.69,27.5,-2.71,3.11
district,Koshi,Udayapur,Female,40 - 44 Years,5785,20,2140,1024,903,558,446,121,65,24,419,65,7.24,36.18,1.64,28.01,7.24,20.57,-5.6,7.44
district,Koshi,Udayapur,Female,45 - 49 Years,3389,10,1420,543,423,264,182,61,15,12,397,62,11.71,27.88,2.62,24.7,11.71,15.4,-9.09,9.3
district,Koshi,Udayapur,Female,50 - 54 Years,2703,13,1154,371,324,153,118,27,11,23,436,73,16.13,23.42,3.33,24.29,16.13,11.43,-12.8,12.86
district,Koshi,Udayapur,Female,55 - 59 Years,1394,13,623,151,123,63,25,12,2,13,320,49,22.96,16.14,4.93,20.04,22.96,7.32,-18.03,12.72
district,Koshi,Udayapur,Female,60 - 64 Years,891,6,431,89,60,24,14,1,1,9,221,35,24.8,11.22,7.48,14.45,24.8,4.49,-17.32,9.96
district,Koshi,Udayapur,Female,65 - 69 Years,523,4,221,51,25,16,9,1,2,9,164,21,31.36,10.13,8.4,13.45,31.36,5.35,-22.96,8.1
district,Koshi,Udayapur,Female,70 - 74 Years,276,1,126,33,16,6,2,1,0,6,78,7,28.26,9.06,11.69,9.94,28.26,3.26,-16.57,6.68
district,Koshi,Udayapur,Female,75+ Years,210,1,105,16,7,3,9,2,1,2,47,17,22.38,10.48,19.88,7.85,22.38,7.14,-2.5,0.71
province,Madhesh,,Total,Total,3485140,220675,1148639,742516,568188,265279,339780,115405,48665,1111,21760,13122,0.62,38.37,0.51,23.97,0.78,19.58,-0.27,4.39
province,Madhesh,,Total,05 Year,116176,115655,0,0,0,0,0,0,0,6,171,344,0.15,0.0,0.13,0.0,0.16,0.0,-0.03,0.0
province,Madhesh,,Total,06 Year,118936,47510,71073,0,0,0,0,0,0,6,183,164,0.15,0.0,0.14,0.0,0.16,0.0,-0.02,0.0
province,Madhesh,,Total,07 Year,112957,26388,86258,0,0,0,0,0,0,8,180,123,0.16,0.0,0.14,0.0,0.18,0.0,-0.04,0.0
province,Madhesh,,Total,08 Year,141008,17362,123241,0,0,0,0,0,0,6,277,122,0.2,0.0,0.16,0.0,0.24,0.0,-0.08,0.0
province,Madhesh,,Total,09 Year,92060,5886,85952,0,0,0,0,0,0,4,132,86,0.14,0.0,0.11,0.0,0.18,0.0,-0.07,0.0
province,Madhesh,,Total,10 Year,163262,3570,159307,0,0,0,0,0,0,4,281,100,0.17,0.0,0.14,0.0,0.21,0.0,-0.07,0.0
province,Madhesh,,Total,11 Year,85056,803,66216,17889,0,0,0,0,0,1,111,36,0.13,0.0,0.13,0.0,0.13,0.0,0.0,0.0
province,Madhesh,,Total,12 Year,146509,709,82627,62809,0,0,0,0,0,6,277,81,0.19,0.0,0.17,0.0,0.22,0.0,-0.05,0.0
province,Madhesh,,Total,13 Year,103401,248,38331,64593,0,0,0,0,0,5,172,52,0.17,0.0,0.17,0.0,0.16,0.0,0.01,0.0
province,Madhesh,,Total,14 Year,115613,188,26512,71360,17262,0,0,0,0,7,227,57,0.2,14.93,0.17,0.0,0.23,0.0,-0.06,0.0
province,Madhesh,,Total,15 Year,116044,83,8829,61979,38989,4971,0,0,0,7,306,880,0.26,37.88,0.21,3.86,0.32,4.74,-0.11,-0.88
province,Madhesh,,Total,16 - 19 Years,423885,220,34736,110653,139512,79477,54812,1760,0,62,1231,1422,0.29,65.01,0.2,31.03,0.39,33.35,-0.19,-2.32
province,Madhesh,,Total,20 - 24 Years,440585,316,53977,79580,100701,54866,113530,29341,4431,176,2156,1511,0.49,68.74,0.34,49.02,0.65,42.51,-0.31,6.51
province,Madhesh,,Total,25 - 29 Years,329440,342,54379,65911,72620,31978,59787,29562,11142,177,2052,1490,0.62,62.25,0.46,43.22,0.81,36.71,-0.35,6.51
province,Madhesh,,Total,30 - 34 Years,236598,253,50527,51642,44831,20849,35991,18579,10790,116,1943,1077,0.82,55.39,0.59,38.81,1.13,33.22,-0.54,5.59
province,Madhesh,,Total,35 - 39 Years,206176,240,50909,47035,42744,19731,23376,11046,7743,110,2172,1070,1.05,50.75,0.69,32.34,1.63,26.35,-0.94,5.99
province,Madhesh,,Total,40 - 44 Years,151306,197,38374,33164,32283,15804,16496,7267,4739,95,1955,932,1.29,50.62,0.85,31.71,2.22,24.22,-1.37,7.49
province,Madhesh,,Total,45 - 49 Years,112850,138,29808,23261,24353,11734,12214,5497,3318,54,1693,780,1.5,50.61,0.95,32.34,2.8,21.27,-1.85,11.07
province,Madhesh,,Total,50 - 54 Years,90485,134,25117,17518,19744,9488,9176,4399,2468,67,1667,707,1.84,50.04,1.16,31.89,3.85,17.39,-2.69,14.5
province,Madhesh,,Total,55 - 59 Years,59243,112,18010,11089,12354,5979,5661,2784,1398,57,1270,529,2.14,47.56,1.46,30.47,4.43,14.17,-2.97,16.3
province,Madhesh,,Total,60 - 64 Years,44593,92,14823,8196,8552,4216,3943,2091,1118,37,1035,490,2.32,44.67,1.69,29.46,4.63,11.1,-2.94,18.36
province,Madhesh,,Total,65 - 69 Years,36398,93,13064,7318,6891,3070,2443,1481,750,46,860,382,2.36,40.21,1.83,24.26,4.65,8.41,-2.82,15.85
province,Madhesh,,Total,70 - 74 Years,24691,70,9457,4983,4412,1871,1426,928,456,32,714,342,2.89,36.83,2.55,21.35,4.43,8.14,-1.88,13.21
province,Madhesh,,Total,75+ Years,17868,66,7112,3536,2940,1245,925,670,312,22,695,345,3.89,34.09,3.59,19.46,5.38,8.51,-1.79,10.95
province,Madhesh,,Male,Total,1976990,121819,614324,417285,332204,157280,201643,77989,36965,573,10029,6879,0.51,40.77,0.51,23.97,0.78,19.58,-0.27,4.39
province,Madhesh,,Male,05 Year,62142,61870,0,0,0,0,0,0,0,0,83,189,0.13,0.0,0.13,0.0,0.16,0.0,-0.03,0.0
province,Madhesh,,Male,06 Year,63034,26604,36249,0,0,0,0,0,0,3,91,87,0.14,0.0,0.14,0.0,0.16,0.0,-0.02,0.0
province,Madhesh,,Male,07 Year,58590,15156,43274,0,0,0,0,0,0,4,83,73,0.14,0.0,0.14,0.0,0.18,0.0,-0.04,0.0
province,Madhesh,,Male,08 Year,74038,10269,63596,0,0,0,0,0,0,2,116,55,0.16,0.0,0.16,0.0,0.24,0.0,-0.08,0.0
province,Madhesh,,Male,09 Year,47952,3552,44300,0,0,0,0,0,0,0,54,46,0.11,0.0,0.11,0.0,0.18,0.0,-0.07,0.0
province,Madhesh,,Male,10 Year,86794,2140,84481,0,0,0,0,0,0,0,122,51,0.14,0.0,0.14,0.0,0.21,0.0,-0.07,0.0
province,Madhesh,,Male,11 Year,44889,494,35538,8775,0,0,0,0,0,0,58,24,0.13,0.0,0.13,0.0,0.13,0.0,0.0,0.0
province,Madhesh,,Male,12 Year,76355,415,44754,31017,0,0,0,0,0,1,126,42,0.17,0.0,0.17,0.0,0.22,0.0,-0.05,0.0
province,Madhesh,,Male,13 Year,52738,152,20799,31668,0,0,0,0,0,1,89,29,0.17,0.0,0.17,0.0,0.16,0.0,0.01,0.0
province,Madhesh,,Male,14 Year,58920,114,14248,36540,7893,0,0,0,0,1,98,26,0.17,13.4,0.17,0.0,0.23,0.0,-0.06,0.0
province,Madhesh,,Male,15 Year,59957,41,4728,33220,19065,2314,0,0,0,3,128,458,0.21,35.66,0.21,3.86,0.32,4.74,-0.11,-0.88
province,Madhesh,,Male,16 - 19 Years,229158,108,18349,62537,75827,41650,28562,888,0,25,467,745,0.2,64.12,0.2,31.03,0.39,33.35,-0.19,-2.32
province,Madhesh,,Male,20 - 24 Years,228617,121,24866,41080,48853,29209,63117,16998,2743,85,773,772,0.34,70.39,0.34,49.02,0.65,42.51,-0.31,6.51
province,Madhesh,,Male,25 - 29 Years,177073,146,25334,35720,37723,17222,33256,18675,7377,85,818,717,0.46,64.52,0.46,43.22,0.81,36.71,-0.35,6.51
province,Madhesh,,Male,30 - 34 Years,136265,103,25010,30413,26479,12011,20717,12303,7848,58,809,514,0.59,58.24,0.59,38.81,1.13,33.22,-0.54,5.59
province,Madhesh,,Male,35 - 39 Years,126354,93,26998,29031,27978,12503,14528,7769,6063,56,871,464,0.69,54.48,0.69,32.34,1.63,26.35,-0.94,5.99
province,Madhesh,,Male,40 - 44 Years,102215,100,22559,22311,23403,11272,11520,5607,4018,68,864,493,0.85,54.61,0.85,31.71,2.22,24.22,-1.37,7.49
province,Madhesh,,Male,45 - 49 Years,79154,53,17930,15826,18566,8860,9295,4511,2929,28,750,406,0.95,55.79,0.95,32.34,2.8,21.27,-1.85,11.07
province,Madhesh,,Male,50 - 54 Years,67560,60,16184,12449,16135,7778,7681,3869,2217,33,784,370,1.16,55.77,1.16,31.89,3.85,17.39,-2.69,14.5
province,Madhesh,,Male,55 - 59 Years,45577,46,12245,8055,10366,5118,4977,2510,1281,26,664,289,1.46,53.21,1.46,30.47,4.43,14.17,-2.97,16.3
province,Madhesh,,Male,60 - 64 Years,34951,54,10358,5996,7333,3713,3596,1938,1051,25,589,298,1.69,50.44,1.69,29.46,4.63,11.1,-2.94,18.36
province,Madhesh,,Male,65 - 69 Years,29540,53,9660,5793,6047,2794,2264,1399,710,29,541,250,1.83,44.73,1.83,24.26,4.65,8.41,-2.82,15.85
province,Madhesh,,Male,70 - 74 Years,20222,37,7233,3959,3912,1695,1293,892,437,24,516,224,2.55,40.69,2.55,21.35,4.43,8.14,-1.88,13.21
province,Madhesh,,Male,75+ Years,14895,38,5631,2895,2624,1141,837,630,291,16,535,257,3.59,37.08,3.59,19.46,5.38,8.51,-1.79,10.95
province,Madhesh,,Female,Total,1508150,98856,534315,325231,235984,107999,138137,37416,11700,538,11731,6243,0.78,35.22,0.51,23.97,0.78,19.58,-0.27,4.39
province,Madhesh,,Female,05 Year,54034,53785,0,0,0,0,0,0,0,6,88,155,0.16,0.0,0.13,0.0,0.16,0.0,-0.03,0.0
province,Madhesh,,Female,06 Year,55902,20906,34824,0,0,0,0,0,0,3,92,77,0.16,0.0,0.14,0.0,0.16,0.0,-0.02,0.0
province,Madhesh,,Female,07 Year,54367,11232,42984,0,0,0,0,0,0,4,97,50,0.18,0.0,0.14,0.0,0.18,0.0,-0.04,0.0
province,Madhesh,,Female,08 Year,66970,7093,59645,0,0,0,0,0,0,4,161,67,0.24,0.0,0.16,0.0,0.24,0.0,-0.08,0.0
province,Madhesh,,Female,09 Year,44108,2334,41652,0,0,0,0,0,0,4,78,40,0.18,0.0,0.11,0.0,0.18,0.0,-0.07,0.0
province,Madhesh,,Female,10 Year,76468,1430,74826,0,0,0,0,0,0,4,159,49,0.21,0.0,0.14,0.0,0.21,0.0,-0.07,0.0
province,Madhesh,,Female,11 Year,40167,309,30678,9114,0,0,0,0,0,1,53,12,0.13,0.0,0.13,0.0,0.13,0.0,0.0,0.0
province,Madhesh,,Female,12 Year,70154,294,37873,31792,0,0,0,0,0,5,151,39,0.22,0.0,0.17,0.0,0.22,0.0,-0.05,0.0
province,Madhesh,,Female,13 Year,50663,96,17532,32925,0,0,0,0,0,4,83,23,0.16,0.0,0.17,0.0,0.16,0.0,0.01,0.0
province,Madhesh,,Female,14 Year,56693,74,12264,34820,9369,0,0,0,0,6,129,31,0.23,16.53,0.17,0.0,0.23,0.0,-0.06,0.0
province,Madhesh,,Female,15 Year,56087,42,4101,28759,19924,2657,0,0,0,4,178,422,0.32,40.26,0.21,3.86,0.32,4.74,-0.11,-0.88
province,Madhesh,,Female,16 - 19 Years,194727,112,16387,48116,63685,37827,26250,872,0,37,764,677,0.39,66.06,0.2,31.03,0.39,33.35,-0.19,-2.32
province,Madhesh,,Female,20 - 24 Years,211968,195,29111,38500,51848,25657,50413,12343,1688,91,1383,739,0.65,66.97,0.34,49.02,0.65,42.51,-0.31,6.51
province,Madhesh,,Female,25 - 29 Years,152367,196,29045,30191,34897,14756,26531,10887,3765,92,1234,773,0.81,59.62,0.46,43.22,0.81,36.71,-0.35,6.51
province,Madhesh,,Female,30 - 34 Years,100333,150,25517,21229,18352,8838,15274,6276,2942,58,1134,563,1.13,51.51,0.59,38.81,1.13,33.22,-0.54,5.59
province,Madhesh,,Female,35 - 39 Years,79822,147,23911,18004,14766,7228,8848,3277,1680,54,1301,606,1.63,44.85,0.69,32.34,1.63,26.35,-0.94,5.99
province,Madhesh,,Female,40 - 44 Years,49091,97,15815,10853,8880,4532,4976,1660,721,27,1091,439,2.22,42.31,0.85,31.71,2.22,24.22,-1.37,7.49
province,Madhesh,,Female,45 - 49 Years,33696,85,11878,7435,5787,2874,2919,986,389,26,943,374,2.8,38.45,0.95,32.34,2.8,21.27,-1.85,11.07
province,Madhesh,,Female,50 - 54 Years,22925,74,8933,5069,3609,1710,1495,530,251,34,883,337,3.85,33.13,1.16,31.89,3.85,17.39,-2.69,14.5
province,Madhesh,,Female,55 - 59 Years,13666,66,5765,3034,1988,861,684,274,117,31,606,240,4.43,28.71,1.46,30.47,4.43,14.17,-2.97,16.3
province,Madhesh,,Female,60 - 64 Years,9642,38,4465,2200,1219,503,347,153,67,12,446,192,4.63,23.74,1.69,29.46,4.63,11.1,-2.94,18.36
province,Madhesh,,Female,65 - 69 Years,6858,40,3404,1525,844,276,179,82,40,17,319,132,4.65,20.72,1.83,24.26,4.65,8.41,-2.82,15.85
province,Madhesh,,Female,70 - 74 Years,4469,33,2224,1024,500,176,133,36,19,8,198,118,4.43,19.33,2.55,21.35,4.43,8.14,-1.88,13.21
province,Madhesh,,Female,75+ Years,2973,28,1481,641,316,104,88,40,21,6,160,88,5.38,19.14,3.59,19.46,5.38,8.51,-1.79,10.95
district,Madhesh,Saptari,Total,Total,433612,22840,127692,86154,77959,43721,46770,18103,6511,84,2559,1219,0.59,44.52,0.46,28.88,0.76,23.46,-0.3,5.42
district,Madhesh,Saptari,Total,05 Year,12802,12770,0,0,0,0,0,0,0,0,11,21,0.09,0.0,0.12,0.0,0.05,0.0,0.07,0.0
district,Madhesh,Saptari,Total,06 Year,12074,4681,7375,0,0,0,0,0,0,1,8,9,0.07,0.0,0.05,0.0,0.09,0.0,-0.04,0.0
district,Madhesh,Saptari,Total,07 Year,13170,2693,10454,0,0,0,0,0,0,2,15,6,0.11,0.0,0.13,0.0,0.09,0.0,0.04,0.0
district,Madhesh,Saptari,Total,08 Year,14959,1530,13413,0,0,0,0,0,0,0,13,3,0.09,0.0,0.05,0.0,0.13,0.0,-0.08,0.0
district,Madhesh,Saptari,Total,09 Year,10228,473,9744,0,0,0,0,0,0,1,8,2,0.08,0.0,0.04,0.0,0.12,0.0,-0.08,0.0
district,Madhesh,Saptari,Total,10 Year,17469,209,17242,0,0,0,0,0,0,0,13,5,0.07,0.0,0.05,0.0,0.1,0.0,-0.05,0.0
district,Madhesh,Saptari,Total,11 Year,9117,57,6909,2149,0,0,0,0,0,0,1,1,0.01,0.0,0.02,0.0,0.0,0.0,0.02,0.0
district,Madhesh,Saptari,Total,12 Year,16120,35,8631,7437,0,0,0,0,0,0,10,7,0.06,0.0,0.07,0.0,0.05,0.0,0.02,0.0
district,Madhesh,Saptari,Total,13 Year,11795,11,3803,7967,0,0,0,0,0,0,13,1,0.11,0.0,0.08,0.0,0.14,0.0,-0.06,0.0
district,Madhesh,Saptari,Total,14 Year,12180,15,2286,7662,2192,0,0,0,0,0,21,4,0.17,18.0,0.13,0.0,0.22,0.0,-0.09,0.0
district,Madhesh,Saptari,Total,15 Year,13072,5,770,6756,4821,662,0,0,0,1,25,32,0.19,41.94,0.18,4.75,0.21,5.39,-0.03,-0.64
district,Madhesh,Saptari,Total,16 - 19 Years,50024,17,3072,11426,16823,11268,7002,230,0,8,111,67,0.22,70.61,0.14,36.36,0.32,37.68,-0.18,-1.32
district,Madhesh,Saptari,Total,20 - 24 Years,56442,39,5636,8534,14088,9015,14304,3964,509,12,244,97,0.43,74.2,0.32,53.33,0.55,45.11,-0.23,8.22
district,Madhesh,Saptari,Total,25 - 29 Years,43175,50,5808,7286,10291,5271,8124,4600,1394,16,226,109,0.52,68.74,0.39,47.96,0.67,41.49,-0.28,6.47
district,Madhesh,Saptari,Total,30 - 34 Years,31354,36,5689,6011,6196,3425,5118,3119,1410,5,228,117,0.73,61.45,0.51,44.31,1.01,38.26,-0.5,6.05
district,Madhesh,Saptari,Total,35 - 39 Years,28482,26,6131,5886,6138,3553,3391,1831,1134,5,253,134,0.89,56.34,0.54,37.09,1.43,31.29,-0.89,5.8
district,Madhesh,Saptari,Total,40 - 44 Years,21253,42,4668,4246,4814,2877,2454,1128,630,12,272,110,1.28,56.01,0.76,36.07,2.28,28.11,-1.52,7.96
district,Madhesh,Saptari,Total,45 - 49 Years,16478,25,3637,3090,3643,2300,2040,948,460,5,228,102,1.38,56.99,0.78,39.3,2.73,25.14,-1.95,14.16
district,Madhesh,Saptari,Total,50 - 54 Years,13787,30,3315,2335,3098,1832,1663,838,357,3,231,85,1.68,56.49,0.97,39.07,3.61,20.17,-2.64,18.9
district,Madhesh,Saptari,Total,55 - 59 Years,9274,21,2425,1546,1999,1246,1047,508,224,2,166,90,1.79,54.17,1.08,37.41,4.3,15.69,-3.22,21.72
district,Madhesh,Saptari,Total,60 - 64 Years,6973,21,2015,1215,1355,885,741,367,180,3,136,55,1.95,50.6,1.36,36.22,4.16,12.15,-2.8,24.07
district,Madhesh,Saptari,Total,65 - 69 Years,5940,29,1879,1196,1139,666,455,293,103,5,118,57,1.99,44.71,1.55,29.12,3.93,9.69,-2.38,19.43
district,Madhesh,Saptari,Total,70 - 74 Years,4351,13,1606,817,806,447,266,162,62,2,106,64,2.44,40.06,2.19,24.42,3.61,7.62,-1.42,16.8
district,Madhesh,Saptari,Total,75+ Years,3093,12,1184,595,556,274,165,115,48,1,102,41,3.3,37.44,2.95,21.38,5.38,8.07,-2.43,13.31
district,Madhesh,Saptari,Male,Total,246952,12685,67453,48455,45274,26120,27917,12276,5010,34,1141,587,0.46,47.21,0.46,28.88,0.76,23.46,-0.3,5.42
district,Madhesh,Saptari,Male,05 Year,6864,6847,0,0,0,0,0,0,0,0,8,9,0.12,0.0,0.12,0.0,0.05,0.0,0.07,0.0
district,Madhesh,Saptari,Male,06 Year,6393,2653,3730,0,0,0,0,0,0,0,3,7,0.05,0.0,0.05,0.0,0.09,0.0,-0.04,0.0
district,Madhesh,Saptari,Male,07 Year,6852,1605,5231,0,0,0,0,0,0,1,9,6,0.13,0.0,0.13,0.0,0.09,0.0,0.04,0.0
district,Madhesh,Saptari,Male,08 Year,7964,938,7019,0,0,0,0,0,0,0,4,3,0.05,0.0,0.05,0.0,0.13,0.0,-0.08,0.0
district,Madhesh,Saptari,Male,09 Year,5333,298,5033,0,0,0,0,0,0,0,2,0,0.04,0.0,0.04,0.0,0.12,0.0,-0.08,0.0
district,Madhesh,Saptari,Male,10 Year,9304,129,9169,0,0,0,0,0,0,0,5,1,0.05,0.0,0.05,0.0,0.1,0.0,-0.05,0.0
district,Madhesh,Saptari,Male,11 Year,4864,35,3798,1029,0,0,0,0,0,0,1,1,0.02,0.0,0.02,0.0,0.0,0.0,0.02,0.0
district,Madhesh,Saptari,Male,12 Year,8382,23,4720,3632,0,0,0,0,0,0,6,1,0.07,0.0,0.07,0.0,0.05,0.0,0.02,0.0
district,Madhesh,Saptari,Male,13 Year,6032,7,2111,3909,0,0,0,0,0,0,5,0,0.08,0.0,0.08,0.0,0.14,0.0,-0.06,0.0
district,Madhesh,Saptari,Male,14 Year,6218,8,1227,3982,993,0,0,0,0,0,8,0,0.13,15.97,0.13,0.0,0.22,0.0,-0.09,0.0
district,Madhesh,Saptari,Male,15 Year,6732,2,402,3642,2339,320,0,0,0,0,12,15,0.18,39.5,0.18,4.75,0.21,5.39,-0.03,-0.64
district,Madhesh,Saptari,Male,16 - 19 Years,26584,11,1470,6302,9061,5838,3714,115,0,3,37,33,0.14,70.45,0.14,36.36,0.32,37.68,-0.18,-1.32
district,Madhesh,Saptari,Male,20 - 24 Years,28379,13,2365,4215,6506,4685,7796,2322,331,5,90,51,0.32,76.25,0.32,53.33,0.55,45.11,-0.23,8.22
district,Madhesh,Saptari,Male,25 - 29 Years,22810,15,2510,4022,5187,2783,4369,2862,926,3,90,43,0.39,70.7,0.39,47.96,0.67,41.49,-0.28,6.47
district,Madhesh,Saptari,Male,30 - 34 Years,17771,13,2582,3561,3601,1955,2896,2005,1019,2,91,46,0.51,64.58,0.51,44.31,1.01,38.26,-0.5,6.05
district,Madhesh,Saptari,Male,35 - 39 Years,17193,7,3076,3670,3923,2214,2012,1264,887,2,92,46,0.54,59.91,0.54,37.09,1.43,31.29,-0.89,5.8
district,Madhesh,Saptari,Male,40 - 44 Years,14004,17,2577,2796,3398,1995,1668,859,529,5,107,53,0.76,60.33,0.76,36.07,2.28,28.11,-1.52,7.96
district,Madhesh,Saptari,Male,45 - 49 Years,11342,5,2031,2039,2673,1714,1563,767,413,4,88,45,0.78,62.86,0.78,39.3,2.73,25.14,-1.95,14.16
district,Madhesh,Saptari,Male,50 - 54 Years,10099,12,1939,1589,2480,1478,1414,737,317,1,98,34,0.97,63.63,0.97,39.07,3.61,20.17,-2.64,18.9
district,Madhesh,Saptari,Male,55 - 59 Years,7228,4,1563,1112,1721,1072,959,462,211,1,78,45,1.08,61.22,1.08,37.41,4.3,15.69,-3.22,21.72
district,Madhesh,Saptari,Male,60 - 64 Years,5508,11,1359,872,1155,789,694,336,176,3,75,38,1.36,57.19,1.36,36.22,4.16,12.15,-2.8,24.07
district,Madhesh,Saptari,Male,65 - 69 Years,4846,13,1380,933,999,606,427,280,98,3,75,32,1.55,49.73,1.55,29.12,3.93,9.69,-2.38,19.43
district,Madhesh,Saptari,Male,70 - 74 Years,3603,9,1201,661,726,412,252,158,58,1,79,46,2.19,44.57,2.19,24.42,3.61,7.62,-1.42,16.8
district,Madhesh,Saptari,Male,75+ Years,2647,10,960,489,512,259,153,109,45,0,78,32,2.95,40.73,2.95,21.38,5.38,8.07,-2.43,13.31
district,Madhesh,Saptari,Female,Total,186660,10155,60239,37699,32685,17601,18853,5827,1501,50,1418,632,0.76,40.97,0.46,28.88,0.76,23.46,-0.3,5.42
district,Madhesh,Saptari,Female,05 Year,5938,5923,0,0,0,0,0,0,0,0,3,12,0.05,0.0,0.12,0.0,0.05,0.0,0.07,0.0
district,Madhesh,Saptari,Female,06 Year,5681,2028,3645,0,0,0,0,0,0,1,5,2,0.09,0.0,0.05,0.0,0.09,0.0,-0.04,0.0
district,Madhesh,Saptari,Female,07 Year,6318,1088,5223,0,0,0,0,0,0,1,6,0,0.09,0.0,0.13,0.0,0.09,0.0,0.04,0.0
district,Madhesh,Saptari,Female,08 Year,6995,592,6394,0,0,0,0,0,0,0,9,0,0.13,0.0,0.05,0.0,0.13,0.0,-0.08,0.0
district,Madhesh,Saptari,Female,09 Year,4895,175,4711,0,0,0,0,0,0,1,6,2,0.12,0.0,0.04,0.0,0.12,0.0,-0.08,0.0
district,Madhesh,Saptari,Female,10 Year,8165,80,8073,0,0,0,0,0,0,0,8,4,0.1,0.0,0.05,0.0,0.1,0.0,-0.05,0.0
district,Madhesh,Saptari,Female,11 Year,4253,22,3111,1120,0,0,0,0,0,0,0,0,0.0,0.0,0.02,0.0,0.0,0.0,0.02,0.0
district,Madhesh,Saptari,Female,12 Year,7738,12,3911,3805,0,0,0,0,0,0,4,6,0.05,0.0,0.07,0.0,0.05,0.0,0.02,0.0
district,Madhesh,Saptari,Female,13 Year,5763,4,1692,4058,0,0,0,0,0,0,8,1,0.14,0.0,0.08,0.0,0.14,0.0,-0.06,0.0
district,Madhesh,Saptari,Female,14 Year,5962,7,1059,3680,1199,0,0,0,0,0,13,4,0.22,20.11,0.13,0.0,0.22,0.0,-0.09,0.0
district,Madhesh,Saptari,Female,15 Year,6340,3,368,3114,2482,342,0,0,0,1,13,17,0.21,44.54,0.18,4.75,0.21,5.39,-0.03,-0.64
district,Madhesh,Saptari,Female,16 - 19 Years,23440,6,1602,5124,7762,5430,3288,115,0,5,74,34,0.32,70.8,0.14,36.36,0.32,37.68,-0.18,-1.32
district,Madhesh,Saptari,Female,20 - 24 Years,28063,26,3271,4319,7582,4330,6508,1642,178,7,154,46,0.55,72.12,0.32,53.33,0.55,45.11,-0.23,8.22
district,Madhesh,Saptari,Female,25 - 29 Years,20365,35,3298,3264,5104,2488,3755,1738,468,13,136,66,0.67,66.55,0.39,47.96,0.67,41.49,-0.28,6.47
district,Madhesh,Saptari,Female,30 - 34 Years,13583,23,3107,2450,2595,1470,2222,1114,391,3,137,71,1.01,57.37,0.51,44.31,1.01,38.26,-0.5,6.05
district,Madhesh,Saptari,Female,35 - 39 Years,11289,19,3055,2216,2215,1339,1379,567,247,3,161,88,1.43,50.91,0.54,37.09,1.43,31.29,-0.89,5.8
district,Madhesh,Saptari,Female,40 - 44 Years,7249,25,2091,1450,1416,882,786,269,101,7,165,57,2.28,47.65,0.76,36.07,2.28,28.11,-1.52,7.96
district,Madhesh,Saptari,Female,45 - 49 Years,5136,20,1606,1051,970,586,477,181,47,1,140,57,2.73,44.02,0.78,39.3,2.73,25.14,-1.95,14.16
district,Madhesh,Saptari,Female,50 - 54 Years,3688,18,1376,746,618,354,249,101,40,2,133,51,3.61,36.93,0.97,39.07,3.61,20.17,-2.64,18.9
district,Madhesh,Saptari,Female,55 - 59 Years,2046,17,862,434,278,174,88,46,13,1,88,45,4.3,29.28,1.08,37.41,4.3,15.69,-3.22,21.72
district,Madhesh,Saptari,Female,60 - 64 Years,1465,10,656,343,200,96,47,31,4,0,61,17,4.16,25.8,1.36,36.22,4.16,12.15,-2.8,24.07
district,Madhesh,Saptari,Female,65 - 69 Years,1094,16,499,263,140,60,28,13,5,2,43,25,3.93,22.49,1.55,29.12,3.93,9.69,-2.38,19.43
district,Madhesh,Saptari,Female,70 - 74 Years,748,4,405,156,80,35,14,4,4,1,27,18,3.61,18.32,2.19,24.42,3.61,7.62,-1.42,16.8
district,Madhesh,Saptari,Female,75+ Years,446,2,224,106,44,15,12,6,3,1,24,9,5.38,17.94,2.95,21.38,5.38,8.07,-2.43,13.31
district,Madhesh,Siraha,Total,Total,431770,29888,131179,85855,76291,38800,42999,14774,6493,191,3056,2244,0.71,41.54,0.52,26.11,0.95,21.06,-0.43,5.05
district,Madhesh,Siraha,Total,05 Year,15193,15083,0,0,0,0,0,0,0,1,5,104,0.03,0.0,0.01,0.0,0.06,0.0,-0.05,0.0
district,Madhesh,Siraha,Total,06 Year,14895,6463,8360,0,0,0,0,0,0,2,12,58,0.08,0.0,0.07,0.0,0.09,0.0,-0.02,0.0
district,Madhesh,Siraha,Total,07 Year,14655,3916,10683,0,0,0,0,0,0,2,10,44,0.07,0.0,0.08,0.0,0.06,0.0,0.02,0.0
district,Madhesh,Siraha,Total,08 Year,16494,2450,13982,0,0,0,0,0,0,1,20,41,0.12,0.0,0.06,0.0,0.2,0.0,-0.14,0.0
district,Madhesh,Siraha,Total,09 Year,11928,889,11000,0,0,0,0,0,0,1,8,30,0.07,0.0,0.06,0.0,0.07,0.0,-0.01,0.0
district,Madhesh,Siraha,Total,10 Year,19181,485,18644,0,0,0,0,0,0,0,12,40,0.06,0.0,0.05,0.0,0.08,0.0,-0.03,0.0
district,Madhesh,Siraha,Total,11 Year,10973,108,8491,2345,0,0,0,0,0,0,9,20,0.08,0.0,0.05,0.0,0.12,0.0,-0.07,0.0
district,Madhesh,Siraha,Total,12 Year,17022,102,9412,7456,0,0,0,0,0,3,15,34,0.09,0.0,0.04,0.0,0.14,0.0,-0.1,0.0
district,Madhesh,Siraha,Total,13 Year,12799,36,4720,8010,0,0,0,0,0,3,7,23,0.05,0.0,0.03,0.0,0.08,0.0,-0.05,0.0
district,Madhesh,Siraha,Total,14 Year,13645,21,2909,8491,2179,0,0,0,0,2,17,26,0.12,15.97,0.09,0.0,0.17,0.0,-0.08,0.0
district,Madhesh,Siraha,Total,15 Year,14017,29,1106,7263,4906,586,0,0,0,0,13,114,0.09,39.18,0.07,3.45,0.12,4.97,-0.05,-1.52
district,Madhesh,Siraha,Total,16 - 19 Years,50706,33,3550,12132,17586,10442,6438,215,0,9,97,204,0.19,68.4,0.11,32.27,0.29,35.37,-0.18,-3.1
district,Madhesh,Siraha,Total,20 - 24 Years,55880,42,5235,8891,13792,8482,14703,3723,541,36,251,184,0.45,73.8,0.28,54.85,0.61,43.78,-0.33,11.07
district,Madhesh,Siraha,Total,25 - 29 Years,41810,46,5473,7402,10173,5051,7809,3846,1466,28,275,241,0.66,67.79,0.38,49.64,0.93,37.4,-0.55,12.24
district,Madhesh,Siraha,Total,30 - 34 Years,29789,36,5219,5973,6546,3317,4491,2373,1330,21,293,190,0.98,60.62,0.59,43.16,1.43,33.42,-0.84,9.74
district,Madhesh,Siraha,Total,35 - 39 Years,26257,31,5474,5480,6316,3133,2802,1366,1026,24,409,196,1.56,55.77,0.96,34.97,2.39,27.19,-1.43,7.78
district,Madhesh,Siraha,Total,40 - 44 Years,18665,26,4038,3600,4506,2408,2070,857,681,17,324,138,1.74,56.37,1.07,36.15,3.03,24.61,-1.96,11.54
district,Madhesh,Siraha,Total,45 - 49 Years,14027,15,3165,2574,3306,1751,1596,715,508,9,267,121,1.9,56.15,1.1,36.82,3.73,22.96,-2.63,13.86
district,Madhesh,Siraha,Total,50 - 54 Years,11238,13,2591,1994,2608,1419,1249,607,377,4,258,118,2.3,55.7,1.25,37.12,5.58,18.06,-4.33,19.06
district,Madhesh,Siraha,Total,55 - 59 Years,7427,11,1972,1307,1564,889,791,397,197,4,226,69,3.04,51.68,1.74,35.33,7.89,13.05,-6.15,22.28
district,Madhesh,Siraha,Total,60 - 64 Years,5578,16,1657,994,1112,556,520,292,170,6,166,89,2.98,47.51,1.98,32.02,6.86,10.2,-4.88,21.82
district,Madhesh,Siraha,Total,65 - 69 Years,4650,10,1604,950,856,424,295,199,100,11,141,60,3.03,40.3,2.2,25.2,6.84,6.72,-4.64,18.48
district,Madhesh,Siraha,Total,70 - 74 Years,2950,12,1066,609,540,223,144,112,62,4,125,53,4.24,36.64,3.36,20.7,8.81,6.08,-5.45,14.62
district,Madhesh,Siraha,Total,75+ Years,1991,15,828,384,301,119,91,72,35,3,96,47,4.82,31.04,4.24,17.38,8.16,7.48,-3.92,9.9
district,Madhesh,Siraha,Male,Total,240407,17102,69140,46272,42633,22322,25323,10067,5047,87,1244,1170,0.52,43.84,0.52,26.11,0.95,21.06,-0.43,5.05
district,Madhesh,Siraha,Male,05 Year,8420,8357,0,0,0,0,0,0,0,0,1,62,0.01,0.0,0.01,0.0,0.06,0.0,-0.05,0.0
district,Madhesh,Siraha,Male,06 Year,8092,3777,4278,0,0,0,0,0,0,0,6,31,0.07,0.0,0.07,0.0,0.09,0.0,-0.02,0.0
district,Madhesh,Siraha,Male,07 Year,7755,2328,5394,0,0,0,0,0,0,0,6,27,0.08,0.0,0.08,0.0,0.06,0.0,0.02,0.0
district,Madhesh,Siraha,Male,08 Year,8826,1483,7323,0,0,0,0,0,0,0,5,15,0.06,0.0,0.06,0.0,0.2,0.0,-0.14,0.0
district,Madhesh,Siraha,Male,09 Year,6338,577,5742,0,0,0,0,0,0,0,4,15,0.06,0.0,0.06,0.0,0.07,0.0,-0.01,0.0
district,Madhesh,Siraha,Male,10 Year,10335,287,10021,0,0,0,0,0,0,0,5,22,0.05,0.0,0.05,0.0,0.08,0.0,-0.03,0.0
district,Madhesh,Siraha,Male,11 Year,5838,65,4610,1147,0,0,0,0,0,0,3,13,0.05,0.0,0.05,0.0,0.12,0.0,-0.07,0.0
district,Madhesh,Siraha,Male,12 Year,9094,55,5387,3626,0,0,0,0,0,0,4,22,0.04,0.0,0.04,0.0,0.14,0.0,-0.1,0.0
district,Madhesh,Siraha,Male,13 Year,6579,17,2674,3868,0,0,0,0,0,1,2,17,0.03,0.0,0.03,0.0,0.08,0.0,-0.05,0.0
district,Madhesh,Siraha,Male,14 Year,7010,13,1675,4364,938,0,0,0,0,1,6,13,0.09,13.38,0.09,0.0,0.17,0.0,-0.08,0.0
district,Madhesh,Siraha,Male,15 Year,7250,16,599,3943,2368,250,0,0,0,0,5,69,0.07,36.11,0.07,3.45,0.12,4.97,-0.05,-1.52
district,Madhesh,Siraha,Male,16 - 19 Years,27107,8,1819,6908,9464,5341,3304,103,0,5,29,126,0.11,67.19,0.11,32.27,0.29,35.37,-0.18,-3.1
district,Madhesh,Siraha,Male,20 - 24 Years,26962,16,2088,3967,5926,4154,8136,2168,332,15,75,85,0.28,76.83,0.28,54.85,0.61,43.78,-0.33,11.07
district,Madhesh,Siraha,Male,25 - 29 Years,20705,23,2049,3387,4767,2549,4287,2459,983,13,78,110,0.38,72.66,0.38,49.64,0.93,37.4,-0.55,12.24
district,Madhesh,Siraha,Male,30 - 34 Years,15969,12,2223,3150,3515,1794,2536,1585,978,6,95,75,0.59,65.18,0.59,43.16,1.43,33.42,-0.84,9.74
district,Madhesh,Siraha,Male,35 - 39 Years,15271,12,2556,3155,3974,1944,1654,923,819,10,146,78,0.96,60.99,0.96,34.97,2.39,27.19,-1.43,7.78
district,Madhesh,Siraha,Male,40 - 44 Years,12326,10,2141,2298,3210,1757,1454,661,584,12,132,67,1.07,62.19,1.07,36.15,3.03,24.61,-1.96,11.54
district,Madhesh,Siraha,Male,45 - 49 Years,9733,5,1757,1705,2517,1337,1186,602,459,3,107,55,1.1,62.68,1.1,36.82,3.73,22.96,-2.63,13.86
district,Madhesh,Siraha,Male,50 - 54 Years,8513,6,1619,1405,2153,1191,1064,555,350,1,106,63,1.25,62.41,1.25,37.12,5.58,18.06,-4.33,19.06
district,Madhesh,Siraha,Male,55 - 59 Years,5856,4,1318,990,1328,786,723,374,186,1,102,44,1.74,58.01,1.74,35.33,7.89,13.05,-6.15,22.28
district,Madhesh,Siraha,Male,60 - 64 Years,4441,9,1169,738,960,497,486,275,164,4,88,51,1.98,53.64,1.98,32.02,6.86,10.2,-4.88,21.82
district,Madhesh,Siraha,Male,65 - 69 Years,3817,6,1176,783,754,402,277,186,97,9,84,43,2.2,44.96,2.2,25.2,6.84,6.72,-4.64,18.48
district,Madhesh,Siraha,Male,70 - 74 Years,2473,6,836,512,489,207,135,109,61,3,83,32,3.36,40.48,3.36,20.7,8.81,6.08,-5.45,14.62
district,Madhesh,Siraha,Male,75+ Years,1697,10,686,326,270,113,81,67,34,3,72,35,4.24,33.29,4.24,17.38,8.16,7.48,-3.92,9.9
district,Madhesh,Siraha,Female,Total,191363,12786,62039,39583,33658,16478,17676,4707,1446,104,1812,1074,0.95,38.65,0.52,26.11,0.95,21.06,-0.43,5.05
district,Madhesh,Siraha,Female,05 Year,6773,6726,0,0,0,0,0,0,0,1,4,42,0.06,0.0,0.01,0.0,0.06,0.0,-0.05,0.0
district,Madhesh,Siraha,Female,06 Year,6803,2686,4082,0,0,0,0,0,0,2,6,27,0.09,0.0,0.07,0.0,0.09,0.0,-0.02,0.0
district,Madhesh,Siraha,Female,07 Year,6900,1588,5289,0,0,0,0,0,0,2,4,17,0.06,0.0,0.08,0.0,0.06,0.0,0.02,0.0
district,Madhesh,Siraha,Female,08 Year,7668,967,6659,0,0,0,0,0,0,1,15,26,0.2,0.0,0.06,0.0,0.2,0.0,-0.14,0.0
district,Madhesh,Siraha,Female,09 Year,5590,312,5258,0,0,0,0,0,0,1,4,15,0.07,0.0,0.06,0.0,0.07,0.0,-0.01,0.0
district,Madhesh,Siraha,Female,10 Year,8846,198,8623,0,0,0,0,0,0,0,7,18,0.08,0.0,0.05,0.0,0.08,0.0,-0.03,0.0
district,Madhesh,Siraha,Female,11 Year,5135,43,3881,1198,0,0,0,0,0,0,6,7,0.12,0.0,0.05,0.0,0.12,0.0,-0.07,0.0
district,Madhesh,Siraha,Female,12 Year,7928,47,4025,3830,0,0,0,0,0,3,11,12,0.14,0.0,0.04,0.0,0.14,0.0,-0.1,0.0
district,Madhesh,Siraha,Female,13 Year,6220,19,2046,4142,0,0,0,0,0,2,5,6,0.08,0.0,0.03,0.0,0.08,0.0,-0.05,0.0
district,Madhesh,Siraha,Female,14 Year,6635,8,1234,4127,1241,0,0,0,0,1,11,13,0.17,18.7,0.09,0.0,0.17,0.0,-0.08,0.0
district,Madhesh,Siraha,Female,15 Year,6767,13,507,3320,2538,336,0,0,0,0,8,45,0.12,42.47,0.07,3.45,0.12,4.97,-0.05,-1.52
district,Madhesh,Siraha,Female,16 - 19 Years,23599,25,1731,5224,8122,5101,3134,112,0,4,68,78,0.29,69.79,0.11,32.27,0.29,35.37,-0.18,-3.1
district,Madhesh,Siraha,Female,20 - 24 Years,28918,26,3147,4924,7866,4328,6567,1555,209,21,176,99,0.61,70.98,0.28,54.85,0.61,43.78,-0.33,11.07
district,Madhesh,Siraha,Female,25 - 29 Years,21105,23,3424,4015,5406,2502,3522,1387,483,15,197,131,0.93,63.02,0.38,49.64,0.93,37.4,-0.55,12.24
district,Madhesh,Siraha,Female,30 - 34 Years,13820,24,2996,2823,3031,1523,1955,788,352,15,198,115,1.43,55.35,0.59,43.16,1.43,33.42,-0.84,9.74
district,Madhesh,Siraha,Female,35 - 39 Years,10986,19,2918,2325,2342,1189,1148,443,207,14,263,118,2.39,48.51,0.96,34.97,2.39,27.19,-1.43,7.78
district,Madhesh,Siraha,Female,40 - 44 Years,6339,16,1897,1302,1296,651,616,196,97,5,192,71,3.03,45.05,1.07,36.15,3.03,24.61,-1.96,11.54
district,Madhesh,Siraha,Female,45 - 49 Years,4294,10,1408,869,789,414,410,113,49,6,160,66,3.73,41.34,1.1,36.82,3.73,22.96,-2.63,13.86
district,Madhesh,Siraha,Female,50 - 54 Years,2725,7,972,589,455,228,185,52,27,3,152,55,5.58,34.75,1.25,37.12,5.58,18.06,-4.33,19.06
district,Madhesh,Siraha,Female,55 - 59 Years,1571,7,654,317,236,103,68,23,11,3,124,25,7.89,28.07,1.74,35.33,7.89,13.05,-6.15,22.28
district,Madhesh,Siraha,Female,60 - 64 Years,1137,7,488,256,152,59,34,17,6,2,78,38,6.86,23.57,1.98,32.02,6.86,10.2,-4.88,21.82
district,Madhesh,Siraha,Female,65 - 69 Years,833,4,428,167,102,22,18,13,3,2,57,17,6.84,18.97,2.2,25.2,6.84,6.72,-4.64,18.48
district,Madhesh,Siraha,Female,70 - 74 Years,477,6,230,97,51,16,9,3,1,1,42,21,8.81,16.77,3.36,20.7,8.81,6.08,-5.45,14.62
district,Madhesh,Siraha,Female,75+ Years,294,5,142,58,31,6,10,5,1,0,24,12,8.16,18.03,4.24,17.38,8.16,7.48,-3.92,9.9
district,Madhesh,Dhanusa,Total,Total,504424,34072,152638,104812,87102,41392,51934,20402,8480,207,1855,1530,0.37,41.49,0.33,26.81,0.41,20.97,-0.08,5.84
district,Madhesh,Dhanusa,Total,05 Year,17295,17222,0,0,0,0,0,0,0,4,15,54,0.09,0.0,0.1,0.0,0.06,0.0,0.04,0.0
district,Madhesh,Dhanusa,Total,06 Year,17165,7529,9600,0,0,0,0,0,0,2,16,18,0.09,0.0,0.11,0.0,0.08,0.0,0.03,0.0
district,Madhesh,Dhanusa,Total,07 Year,17179,4577,12570,0,0,0,0,0,0,2,15,15,0.09,0.0,0.1,0.0,0.07,0.0,0.03,0.0
district,Madhesh,Dhanusa,Total,08 Year,19665,2854,16784,0,0,0,0,0,0,0,16,11,0.08,0.0,0.1,0.0,0.05,0.0,0.05,0.0
district,Madhesh,Dhanusa,Total,09 Year,13523,913,12591,0,0,0,0,0,0,1,12,6,0.09,0.0,0.07,0.0,0.11,0.0,-0.04,0.0
district,Madhesh,Dhanusa,Total,10 Year,22902,502,22376,0,0,0,0,0,0,0,20,4,0.09,0.0,0.11,0.0,0.07,0.0,0.04,0.0
district,Madhesh,Dhanusa,Total,11 Year,12804,85,9956,2748,0,0,0,0,0,1,12,2,0.09,0.0,0.16,0.0,0.02,0.0,0.14,0.0
district,Madhesh,Dhanusa,Total,12 Year,20703,75,11541,9048,0,0,0,0,0,0,33,6,0.16,0.0,0.19,0.0,0.13,0.0,0.06,0.0
district,Madhesh,Dhanusa,Total,13 Year,14597,22,5123,9430,0,0,0,0,0,0,18,4,0.12,0.0,0.17,0.0,0.07,0.0,0.1,0.0
district,Madhesh,Dhanusa,Total,14 Year,15893,23,3285,9929,2634,0,0,0,0,1,14,7,0.09,16.57,0.1,0.0,0.08,0.0,0.02,0.0
district,Madhesh,Dhanusa,Total,15 Year,15812,6,886,8338,5760,726,0,0,0,0,25,71,0.16,41.02,0.17,3.87,0.14,5.37,0.03,-1.5
district,Madhesh,Dhanusa,Total,16 - 19 Years,59296,19,3609,14025,20034,12613,8541,246,0,13,71,125,0.12,69.88,0.11,34.72,0.13,37.69,-0.02,-2.97
district,Madhesh,Dhanusa,Total,20 - 24 Years,64395,47,6188,11570,15543,8352,16784,4850,653,37,186,185,0.29,71.72,0.17,54.5,0.4,41.17,-0.23,13.33
district,Madhesh,Dhanusa,Total,25 - 29 Years,49030,41,6485,10002,11571,4697,8747,5267,1787,32,200,201,0.41,65.41,0.31,47.53,0.51,36.08,-0.2,11.45
district,Madhesh,Dhanusa,Total,30 - 34 Years,34681,23,6046,7573,7304,3250,5150,3137,1866,29,164,139,0.47,59.71,0.31,41.99,0.68,34.44,-0.37,7.55
district,Madhesh,Dhanusa,Total,35 - 39 Years,30074,32,6315,6688,6811,3199,3637,1827,1255,19,180,111,0.6,55.63,0.41,36.8,0.86,27.55,-0.45,9.25
district,Madhesh,Dhanusa,Total,40 - 44 Years,21415,26,4385,4355,4769,2563,2741,1417,866,15,152,126,0.71,57.7,0.54,39.1,1.05,28.27,-0.51,10.83
district,Madhesh,Dhanusa,Total,45 - 49 Years,16064,11,3353,3145,3764,1736,2039,1112,644,4,159,97,0.99,57.86,0.7,39.4,1.62,23.84,-0.92,15.56
district,Madhesh,Dhanusa,Total,50 - 54 Years,13298,15,2989,2520,3051,1527,1610,851,498,10,130,97,0.98,56.68,0.82,38.34,1.42,20.93,-0.6,17.41
district,Madhesh,Dhanusa,Total,55 - 59 Years,9113,18,2412,1713,2015,958,955,550,299,10,108,75,1.19,52.42,0.96,34.85,1.88,16.29,-0.92,18.56
district,Madhesh,Dhanusa,Total,60 - 64 Years,7245,10,2137,1218,1524,724,786,442,241,7,97,59,1.34,51.3,1.03,35.24,2.45,12.58,-1.42,22.66
district,Madhesh,Dhanusa,Total,65 - 69 Years,5843,12,1842,1208,1150,539,455,317,189,9,80,42,1.37,45.35,1.25,29.91,1.85,8.11,-0.6,21.8
district,Madhesh,Dhanusa,Total,70 - 74 Years,3796,6,1262,766,710,311,294,236,104,7,64,36,1.69,43.6,1.57,28.23,2.25,9.28,-0.68,18.95
district,Madhesh,Dhanusa,Total,75+ Years,2636,4,903,536,462,197,195,150,78,4,68,39,2.58,41.05,2.55,26.8,2.74,7.08,-0.19,19.72
district,Madhesh,Dhanusa,Male,Total,281217,19302,80074,55141,49477,24237,30529,14054,6584,112,941,766,0.33,44.41,0.33,26.81,0.41,20.97,-0.08,5.84
district,Madhesh,Dhanusa,Male,05 Year,9559,9515,0,0,0,0,0,0,0,0,10,34,0.1,0.0,0.1,0.0,0.06,0.0,0.04,0.0
district,Madhesh,Dhanusa,Male,06 Year,9248,4251,4979,0,0,0,0,0,0,2,10,6,0.11,0.0,0.11,0.0,0.08,0.0,0.03,0.0
district,Madhesh,Dhanusa,Male,07 Year,9014,2666,6331,0,0,0,0,0,0,1,9,7,0.1,0.0,0.1,0.0,0.07,0.0,0.03,0.0
district,Madhesh,Dhanusa,Male,08 Year,10539,1732,8791,0,0,0,0,0,0,0,11,5,0.1,0.0,0.1,0.0,0.05,0.0,0.05,0.0
district,Madhesh,Dhanusa,Male,09 Year,7195,591,6597,0,0,0,0,0,0,0,5,2,0.07,0.0,0.07,0.0,0.11,0.0,-0.04,0.0
district,Madhesh,Dhanusa,Male,10 Year,12290,313,11961,0,0,0,0,0,0,0,13,3,0.11,0.0,0.11,0.0,0.07,0.0,0.04,0.0
district,Madhesh,Dhanusa,Male,11 Year,6792,51,5385,1344,0,0,0,0,0,0,11,1,0.16,0.0,0.16,0.0,0.02,0.0,0.14,0.0
district,Madhesh,Dhanusa,Male,12 Year,10713,46,6295,4347,0,0,0,0,0,0,20,5,0.19,0.0,0.19,0.0,0.13,0.0,0.06,0.0
district,Madhesh,Dhanusa,Male,13 Year,7564,14,2879,4656,0,0,0,0,0,0,13,2,0.17,0.0,0.17,0.0,0.07,0.0,0.1,0.0
district,Madhesh,Dhanusa,Male,14 Year,8263,13,1854,5144,1242,0,0,0,0,0,8,2,0.1,15.03,0.1,0.0,0.08,0.0,0.02,0.0
district,Madhesh,Dhanusa,Male,15 Year,8212,3,505,4525,2808,318,0,0,0,0,14,39,0.17,38.07,0.17,3.87,0.14,5.37,0.03,-1.5
district,Madhesh,Dhanusa,Male,16 - 19 Years,31919,10,1883,7850,10989,6592,4360,130,0,3,35,67,0.11,69.15,0.11,34.72,0.13,37.69,-0.02,-2.97
district,Madhesh,Dhanusa,Male,20 - 24 Years,30946,11,2374,4806,6739,4300,9352,2806,409,20,53,76,0.17,76.28,0.17,54.5,0.4,41.17,-0.23,13.33
district,Madhesh,Dhanusa,Male,25 - 29 Years,24534,13,2577,4605,5491,2460,4652,3339,1209,16,76,96,0.31,69.91,0.31,47.53,0.51,36.08,-0.2,11.45
district,Madhesh,Dhanusa,Male,30 - 34 Years,19321,10,2752,4042,4268,1839,2809,2101,1364,16,60,60,0.31,64.08,0.31,41.99,0.68,34.44,-0.37,7.55
district,Madhesh,Dhanusa,Male,35 - 39 Years,17660,10,3014,3681,4335,1990,2229,1303,976,7,73,42,0.41,61.34,0.41,36.8,0.86,27.55,-0.45,9.25
district,Madhesh,Dhanusa,Male,40 - 44 Years,14160,18,2357,2735,3363,1820,1849,1118,749,12,76,63,0.54,62.85,0.54,39.1,1.05,28.27,-0.51,10.83
district,Madhesh,Dhanusa,Male,45 - 49 Years,10934,4,1819,1896,2772,1279,1533,922,574,2,76,57,0.7,64.75,0.7,39.4,1.62,23.84,-0.92,15.56
district,Madhesh,Dhanusa,Male,50 - 54 Years,9781,8,1820,1621,2447,1235,1329,738,448,6,80,49,0.82,63.36,0.82,38.34,1.42,20.93,-0.6,17.41
district,Madhesh,Dhanusa,Male,55 - 59 Years,6884,6,1570,1123,1670,801,830,500,268,7,66,43,0.96,59.11,0.96,34.85,1.88,16.29,-0.92,18.56
district,Madhesh,Dhanusa,Male,60 - 64 Years,5655,7,1399,852,1309,640,714,412,227,6,58,31,1.03,58.39,1.03,35.24,2.45,12.58,-1.42,22.66
district,Madhesh,Dhanusa,Male,65 - 69 Years,4708,7,1291,904,1003,496,424,306,182,7,59,29,1.25,51.21,1.25,29.91,1.85,8.11,-0.6,21.8
district,Madhesh,Dhanusa,Male,70 - 74 Years,3128,2,955,582,629,283,265,234,101,5,49,23,1.57,48.34,1.57,28.23,2.25,9.28,-0.68,18.95
district,Madhesh,Dhanusa,Male,75+ Years,2198,1,686,428,412,184,183,145,77,2,56,24,2.55,45.54,2.55,26.8,2.74,7.08,-0.19,19.72
district,Madhesh,Dhanusa,Female,Total,223207,14770,72564,49671,37625,17155,21405,6348,1896,95,914,764,0.41,37.83,0.33,26.81,0.41,20.97,-0.08,5.84
district,Madhesh,Dhanusa,Female,05 Year,7736,7707,0,0,0,0,0,0,0,4,5,20,0.06,0.0,0.1,0.0,0.06,0.0,0.04,0.0
district,Madhesh,Dhanusa,Female,06 Year,7917,3278,4621,0,0,0,0,0,0,0,6,12,0.08,0.0,0.11,0.0,0.08,0.0,0.03,0.0
district,Madhesh,Dhanusa,Female,07 Year,8165,1911,6239,0,0,0,0,0,0,1,6,8,0.07,0.0,0.1,0.0,0.07,0.0,0.03,0.0
district,Madhesh,Dhanusa,Female,08 Year,9126,1122,7993,0,0,0,0,0,0,0,5,6,0.05,0.0,0.1,0.0,0.05,0.0,0.05,0.0
district,Madhesh,Dhanusa,Female,09 Year,6328,322,5994,0,0,0,0,0,0,1,7,4,0.11,0.0,0.07,0.0,0.11,0.0,-0.04,0.0
district,Madhesh,Dhanusa,Female,10 Year,10612,189,10415,0,0,0,0,0,0,0,7,1,0.07,0.0,0.11,0.0,0.07,0.0,0.04,0.0
district,Madhesh,Dhanusa,Female,11 Year,6012,34,4571,1404,0,0,0,0,0,1,1,1,0.02,0.0,0.16,0.0,0.02,0.0,0.14,0.0
district,Madhesh,Dhanusa,Female,12 Year,9990,29,5246,4701,0,0,0,0,0,0,13,1,0.13,0.0,0.19,0.0,0.13,0.0,0.06,0.0
district,Madhesh,Dhanusa,Female,13 Year,7033,8,2244,4774,0,0,0,0,0,0,5,2,0.07,0.0,0.17,0.0,0.07,0.0,0.1,0.0
district,Madhesh,Dhanusa,Female,14 Year,7630,10,1431,4785,1392,0,0,0,0,1,6,5,0.08,18.24,0.1,0.0,0.08,0.0,0.02,0.0
district,Madhesh,Dhanusa,Female,15 Year,7600,3,381,3813,2952,408,0,0,0,0,11,32,0.14,44.21,0.17,3.87,0.14,5.37,0.03,-1.5
district,Madhesh,Dhanusa,Female,16 - 19 Years,27377,9,1726,6175,9045,6021,4181,116,0,10,36,58,0.13,70.73,0.11,34.72,0.13,37.69,-0.02,-2.97
district,Madhesh,Dhanusa,Female,20 - 24 Years,33449,36,3814,6764,8804,4052,7432,2044,244,17,133,109,0.4,67.49,0.17,54.5,0.4,41.17,-0.23,13.33
district,Madhesh,Dhanusa,Female,25 - 29 Years,24496,28,3908,5397,6080,2237,4095,1928,578,16,124,105,0.51,60.9,0.31,47.53,0.51,36.08,-0.2,11.45
district,Madhesh,Dhanusa,Female,30 - 34 Years,15360,13,3294,3531,3036,1411,2341,1036,502,13,104,79,0.68,54.21,0.31,41.99,0.68,34.44,-0.37,7.55
district,Madhesh,Dhanusa,Female,35 - 39 Years,12414,22,3301,3007,2476,1209,1408,524,279,12,107,69,0.86,47.49,0.41,36.8,0.86,27.55,-0.45,9.25
district,Madhesh,Dhanusa,Female,40 - 44 Years,7255,8,2028,1620,1406,743,892,299,117,3,76,63,1.05,47.65,0.54,39.1,1.05,28.27,-0.51,10.83
district,Madhesh,Dhanusa,Female,45 - 49 Years,5130,7,1534,1249,992,457,506,190,70,2,83,40,1.62,43.18,0.7,39.4,1.62,23.84,-0.92,15.56
district,Madhesh,Dhanusa,Female,50 - 54 Years,3517,7,1169,899,604,292,281,113,50,4,50,48,1.42,38.1,0.82,38.34,1.42,20.93,-0.6,17.41
district,Madhesh,Dhanusa,Female,55 - 59 Years,2229,12,842,590,345,157,125,50,31,3,42,32,1.88,31.76,0.96,34.85,1.88,16.29,-0.92,18.56
district,Madhesh,Dhanusa,Female,60 - 64 Years,1590,3,738,366,215,84,72,30,14,1,39,28,2.45,26.1,1.03,35.24,2.45,12.58,-1.42,22.66
district,Madhesh,Dhanusa,Female,65 - 69 Years,1135,5,551,304,147,43,31,11,7,2,21,13,1.85,21.06,1.25,29.91,1.85,8.11,-0.6,21.8
district,Madhesh,Dhanusa,Female,70 - 74 Years,668,4,307,184,81,28,29,2,3,2,15,13,2.25,21.41,1.57,28.23,2.25,9.28,-0.68,18.95
district,Madhesh,Dhanusa,Female,75+ Years,438,3,217,108,50,13,12,5,1,2,12,15,2.74,18.49,2.55,26.8,2.74,7.08,-0.19,19.72
district,Madhesh,Mahottari,Total,Total,379508,25402,125625,82347,61766,29308,36654,11300,4556,99,1567,884,0.41,37.83,0.36,23.73,0.48,18.8,-0.12,4.93
district,Madhesh,Mahottari,Total,05 Year,13282,13215,0,0,0,0,0,0,0,0,16,51,0.12,0.0,0.06,0.0,0.19,0.0,-0.13,0.0
district,Madhesh,Mahottari,Total,06 Year,13760,5370,8357,0,0,0,0,0,0,0,5,28,0.04,0.0,0.03,0.0,0.05,0.0,-0.02,0.0
district,Madhesh,Mahottari,Total,07 Year,12699,2994,9675,0,0,0,0,0,0,0,13,17,0.1,0.0,0.06,0.0,0.14,0.0,-0.08,0.0
district,Madhesh,Mahottari,Total,08 Year,16063,2129,13897,0,0,0,0,0,0,0,10,27,0.06,0.0,0.05,0.0,0.08,0.0,-0.03,0.0
district,Madhesh,Mahottari,Total,09 Year,10487,788,9680,0,0,0,0,0,0,0,3,16,0.03,0.0,0.04,0.0,0.02,0.0,0.02,0.0
district,Madhesh,Mahottari,Total,10 Year,19339,462,18849,0,0,0,0,0,0,0,12,16,0.06,0.0,0.05,0.0,0.08,0.0,-0.03,0.0
district,Madhesh,Mahottari,Total,11 Year,10248,92,7814,2330,0,0,0,0,0,0,8,4,0.08,0.0,0.09,0.0,0.06,0.0,0.03,0.0
district,Madhesh,Mahottari,Total,12 Year,17146,87,9459,7580,0,0,0,0,0,2,14,4,0.08,0.0,0.08,0.0,0.09,0.0,-0.01,0.0
district,Madhesh,Mahottari,Total,13 Year,11970,28,4282,7649,0,0,0,0,0,0,9,2,0.08,0.0,0.07,0.0,0.09,0.0,-0.02,0.0
district,Madhesh,Mahottari,Total,14 Year,13340,20,2850,8423,2024,0,0,0,0,0,17,6,0.13,15.17,0.1,0.0,0.15,0.0,-0.05,0.0
district,Madhesh,Mahottari,Total,15 Year,13284,4,1008,6996,4686,512,0,0,0,3,21,54,0.16,39.13,0.15,3.34,0.17,4.39,-0.02,-1.05
district,Madhesh,Mahottari,Total,16 - 19 Years,48281,31,3549,12411,16488,8945,6506,197,0,9,78,67,0.16,66.56,0.1,31.19,0.23,33.83,-0.13,-2.64
district,Madhesh,Mahottari,Total,20 - 24 Years,47554,27,5361,8426,11272,6233,12505,3031,458,11,153,77,0.32,70.44,0.18,50.68,0.48,42.56,-0.3,8.12
district,Madhesh,Mahottari,Total,25 - 29 Years,34446,39,5582,6960,7465,3517,6533,3017,1056,20,152,105,0.44,62.67,0.3,45.14,0.61,36.32,-0.31,8.82
district,Madhesh,Mahottari,Total,30 - 34 Years,23778,30,5152,5479,4468,2142,3487,1750,1082,8,125,55,0.53,54.37,0.44,38.51,0.64,31.58,-0.2,6.93
district,Madhesh,Mahottari,Total,35 - 39 Years,20317,15,5037,4966,4130,2132,2181,996,648,8,143,61,0.7,49.65,0.52,31.7,0.98,25.67,-0.46,6.03
district,Madhesh,Mahottari,Total,40 - 44 Years,14567,13,3620,3323,2967,1714,1653,682,418,6,113,58,0.78,51.03,0.58,33.57,1.18,24.66,-0.6,8.91
district,Madhesh,Mahottari,Total,45 - 49 Years,11221,13,2919,2337,2445,1275,1265,501,276,6,145,39,1.29,51.35,0.81,32.96,2.47,21.35,-1.66,11.61
district,Madhesh,Mahottari,Total,50 - 54 Years,8797,12,2385,1711,1952,1018,923,386,212,9,138,51,1.57,51.05,1.11,32.97,2.91,16.79,-1.8,16.18
district,Madhesh,Mahottari,Total,55 - 59 Years,5902,7,1741,1148,1291,618,590,239,126,4,106,32,1.8,48.53,1.38,30.7,3.13,13.68,-1.75,17.02
district,Madhesh,Mahottari,Total,60 - 64 Years,4749,4,1518,911,955,511,427,198,101,1,91,32,1.92,46.16,1.41,30.25,3.84,10.1,-2.43,20.15
district,Madhesh,Mahottari,Total,65 - 69 Years,3949,5,1335,779,831,348,291,139,92,7,89,33,2.25,43.07,1.89,25.73,3.77,6.75,-1.88,18.98
district,Madhesh,Mahottari,Total,70 - 74 Years,2550,9,890,540,483,211,182,95,52,1,62,25,2.43,40.12,2.55,24.26,1.92,7.48,0.63,16.78
district,Madhesh,Mahottari,Total,75+ Years,1779,8,665,378,309,132,111,69,35,4,44,24,2.47,36.87,2.46,21.08,2.55,10.91,-0.09,10.17
district,Madhesh,Mahottari,Male,Total,212282,13854,66020,44733,36008,17389,21849,7645,3495,43,762,484,0.36,40.69,0.36,23.73,0.48,18.8,-0.12,4.93
district,Madhesh,Mahottari,Male,05 Year,6948,6913,0,0,0,0,0,0,0,0,4,31,0.06,0.0,0.06,0.0,0.19,0.0,-0.13,0.0
district,Madhesh,Mahottari,Male,06 Year,7151,2985,4147,0,0,0,0,0,0,0,2,17,0.03,0.0,0.03,0.0,0.05,0.0,-0.02,0.0
district,Madhesh,Mahottari,Male,07 Year,6484,1717,4754,0,0,0,0,0,0,0,4,9,0.06,0.0,0.06,0.0,0.14,0.0,-0.08,0.0
district,Madhesh,Mahottari,Male,08 Year,8285,1261,7008,0,0,0,0,0,0,0,4,12,0.05,0.0,0.05,0.0,0.08,0.0,-0.03,0.0
district,Madhesh,Mahottari,Male,09 Year,5370,463,4898,0,0,0,0,0,0,0,2,7,0.04,0.0,0.04,0.0,0.02,0.0,0.02,0.0
district,Madhesh,Mahottari,Male,10 Year,10101,280,9807,0,0,0,0,0,0,0,5,9,0.05,0.0,0.05,0.0,0.08,0.0,-0.03,0.0
district,Madhesh,Mahottari,Male,11 Year,5338,56,4143,1131,0,0,0,0,0,0,5,3,0.09,0.0,0.09,0.0,0.06,0.0,0.03,0.0
district,Madhesh,Mahottari,Male,12 Year,9052,56,5172,3814,0,0,0,0,0,0,7,3,0.08,0.0,0.08,0.0,0.09,0.0,-0.01,0.0
district,Madhesh,Mahottari,Male,13 Year,6088,20,2387,3677,0,0,0,0,0,0,4,0,0.07,0.0,0.07,0.0,0.09,0.0,-0.02,0.0
district,Madhesh,Mahottari,Male,14 Year,6693,9,1543,4248,884,0,0,0,0,0,7,2,0.1,13.21,0.1,0.0,0.15,0.0,-0.05,0.0
district,Madhesh,Mahottari,Male,15 Year,6742,2,516,3694,2265,225,0,0,0,2,10,28,0.15,36.93,0.15,3.34,0.17,4.39,-0.02,-1.05
district,Madhesh,Mahottari,Male,16 - 19 Years,25925,17,1835,6888,9032,4617,3361,107,0,5,27,36,0.1,66.03,0.1,31.19,0.23,33.83,-0.13,-2.64
district,Madhesh,Mahottari,Male,20 - 24 Years,24467,8,2246,4044,5683,3357,7037,1726,281,5,43,37,0.18,73.91,0.18,50.68,0.48,42.56,-0.3,8.12
district,Madhesh,Mahottari,Male,25 - 29 Years,18269,14,2512,3561,3831,1866,3732,1942,707,5,54,45,0.3,66.11,0.3,45.14,0.61,36.32,-0.31,8.82
district,Madhesh,Mahottari,Male,30 - 34 Years,13741,12,2506,3217,2623,1262,2013,1195,821,3,61,28,0.44,57.59,0.44,38.51,0.64,31.58,-0.2,6.93
district,Madhesh,Mahottari,Male,35 - 39 Years,12293,10,2643,2924,2722,1357,1339,695,506,5,64,28,0.52,53.84,0.52,31.7,0.98,25.67,-0.46,6.03
district,Madhesh,Mahottari,Male,40 - 44 Years,9811,6,2105,2150,2166,1264,1147,526,357,3,57,30,0.58,55.65,0.58,33.57,1.18,24.66,-0.6,8.91
district,Madhesh,Mahottari,Male,45 - 49 Years,7938,5,1842,1516,1869,977,980,419,240,1,64,25,0.81,56.5,0.81,32.96,2.47,21.35,-1.66,11.61
district,Madhesh,Mahottari,Male,50 - 54 Years,6564,4,1553,1157,1573,845,775,347,197,6,73,34,1.11,56.93,1.11,32.97,2.91,16.79,-1.8,16.18
district,Madhesh,Mahottari,Male,55 - 59 Years,4498,5,1169,787,1077,529,519,215,118,1,62,16,1.38,54.65,1.38,30.7,3.13,13.68,-1.75,17.02
district,Madhesh,Mahottari,Male,60 - 64 Years,3759,2,1074,633,837,457,397,186,97,0,53,23,1.41,52.51,1.41,30.25,3.84,10.1,-2.43,20.15
district,Madhesh,Mahottari,Male,65 - 69 Years,3179,0,974,566,735,322,279,128,89,4,60,22,1.89,48.85,1.89,25.73,3.77,6.75,-1.88,18.98
district,Madhesh,Mahottari,Male,70 - 74 Years,2082,4,661,416,426,192,170,93,50,0,53,17,2.55,44.72,2.55,24.26,1.92,7.48,0.63,16.78
district,Madhesh,Mahottari,Male,75+ Years,1504,5,525,310,285,119,100,66,32,3,37,22,2.46,40.03,2.46,21.08,2.55,10.91,-0.09,10.17
district,Madhesh,Mahottari,Female,Total,167226,11548,59605,37614,25758,11919,14805,3655,1061,56,805,400,0.48,34.2,0.36,23.73,0.48,18.8,-0.12,4.93
district,Madhesh,Mahottari,Female,05 Year,6334,6302,0,0,0,0,0,0,0,0,12,20,0.19,0.0,0.06,0.0,0.19,0.0,-0.13,0.0
district,Madhesh,Mahottari,Female,06 Year,6609,2385,4210,0,0,0,0,0,0,0,3,11,0.05,0.0,0.03,0.0,0.05,0.0,-0.02,0.0
district,Madhesh,Mahottari,Female,07 Year,6215,1277,4921,0,0,0,0,0,0,0,9,8,0.14,0.0,0.06,0.0,0.14,0.0,-0.08,0.0
district,Madhesh,Mahottari,Female,08 Year,7778,868,6889,0,0,0,0,0,0,0,6,15,0.08,0.0,0.05,0.0,0.08,0.0,-0.03,0.0
district,Madhesh,Mahottari,Female,09 Year,5117,325,4782,0,0,0,0,0,0,0,1,9,0.02,0.0,0.04,0.0,0.02,0.0,0.02,0.0
district,Madhesh,Mahottari,Female,10 Year,9238,182,9042,0,0,0,0,0,0,0,7,7,0.08,0.0,0.05,0.0,0.08,0.0,-0.03,0.0
district,Madhesh,Mahottari,Female,11 Year,4910,36,3671,1199,0,0,0,0,0,0,3,1,0.06,0.0,0.09,0.0,0.06,0.0,0.03,0.0
district,Madhesh,Mahottari,Female,12 Year,8094,31,4287,3766,0,0,0,0,0,2,7,1,0.09,0.0,0.08,0.0,0.09,0.0,-0.01,0.0
district,Madhesh,Mahottari,Female,13 Year,5882,8,1895,3972,0,0,0,0,0,0,5,2,0.09,0.0,0.07,0.0,0.09,0.0,-0.02,0.0
district,Madhesh,Mahottari,Female,14 Year,6647,11,1307,4175,1140,0,0,0,0,0,10,4,0.15,17.15,0.1,0.0,0.15,0.0,-0.05,0.0
district,Madhesh,Mahottari,Female,15 Year,6542,2,492,3302,2421,287,0,0,0,1,11,26,0.17,41.39,0.15,3.34,0.17,4.39,-0.02,-1.05
district,Madhesh,Mahottari,Female,16 - 19 Years,22356,14,1714,5523,7456,4328,3145,90,0,4,51,31,0.23,67.18,0.1,31.19,0.23,33.83,-0.13,-2.64
district,Madhesh,Mahottari,Female,20 - 24 Years,23087,19,3115,4382,5589,2876,5468,1305,177,6,110,40,0.48,66.77,0.18,50.68,0.48,42.56,-0.3,8.12
district,Madhesh,Mahottari,Female,25 - 29 Years,16177,25,3070,3399,3634,1651,2801,1075,349,15,98,60,0.61,58.79,0.3,45.14,0.61,36.32,-0.31,8.82
district,Madhesh,Mahottari,Female,30 - 34 Years,10037,18,2646,2262,1845,880,1474,555,261,5,64,27,0.64,49.97,0.44,38.51,0.64,31.58,-0.2,6.93
district,Madhesh,Mahottari,Female,35 - 39 Years,8024,5,2394,2042,1408,775,842,301,142,3,79,33,0.98,43.22,0.52,31.7,0.98,25.67,-0.46,6.03
district,Madhesh,Mahottari,Female,40 - 44 Years,4756,7,1515,1173,801,450,506,156,61,3,56,28,1.18,41.51,0.58,33.57,1.18,24.66,-0.6,8.91
district,Madhesh,Mahottari,Female,45 - 49 Years,3283,8,1077,821,576,298,285,82,36,5,81,14,2.47,38.9,0.81,32.96,2.47,21.35,-1.66,11.61
district,Madhesh,Mahottari,Female,50 - 54 Years,2233,8,832,554,379,173,148,39,15,3,65,17,2.91,33.77,1.11,32.97,2.91,16.79,-1.8,16.18
district,Madhesh,Mahottari,Female,55 - 59 Years,1404,2,572,361,214,89,71,24,8,3,44,16,3.13,28.92,1.38,30.7,3.13,13.68,-1.75,17.02
district,Madhesh,Mahottari,Female,60 - 64 Years,990,2,444,278,118,54,30,12,4,1,38,9,3.84,22.02,1.41,30.25,3.84,10.1,-2.43,20.15
district,Madhesh,Mahottari,Female,65 - 69 Years,770,5,361,213,96,26,12,11,3,3,29,11,3.77,19.22,1.89,25.73,3.77,6.75,-1.88,18.98
district,Madhesh,Mahottari,Female,70 - 74 Years,468,5,229,124,57,19,12,2,2,1,9,8,1.92,19.66,2.55,24.26,1.92,7.48,0.63,16.78
district,Madhesh,Mahottari,Female,75+ Years,275,3,140,68,24,13,11,3,3,1,7,2,2.55,19.64,2.46,21.08,2.55,10.91,-0.09,10.17
district,Madhesh,Sarlahi,Total,Total,465953,28489,158079,100955,72026,33025,50472,13258,5839,137,1912,1761,0.41,37.48,0.36,23.19,0.47,20.48,-0.11,2.71
district,Madhesh,Sarlahi,Total,05 Year,14957,14916,0,0,0,0,0,0,0,0,2,39,0.01,0.0,0.0,0.0,0.03,0.0,-0.03,0.0
district,Madhesh,Sarlahi,Total,06 Year,15930,6385,9527,0,0,0,0,0,0,0,3,15,0.02,0.0,0.02,0.0,0.01,0.0,0.01,0.0
district,Madhesh,Sarlahi,Total,07 Year,14606,3249,11347,0,0,0,0,0,0,0,2,8,0.01,0.0,0.01,0.0,0.01,0.0,0.0,0.0
district,Madhesh,Sarlahi,Total,08 Year,18949,2122,16814,0,0,0,0,0,0,0,3,10,0.02,0.0,0.01,0.0,0.02,0.0,-0.01,0.0
district,Madhesh,Sarlahi,Total,09 Year,12798,751,12035,0,0,0,0,0,0,0,5,7,0.04,0.0,0.06,0.0,0.02,0.0,0.04,0.0
district,Madhesh,Sarlahi,Total,10 Year,22347,474,21854,0,0,0,0,0,0,1,12,6,0.05,0.0,0.06,0.0,0.05,0.0,0.01,0.0
district,Madhesh,Sarlahi,Total,11 Year,11977,120,9567,2280,0,0,0,0,0,0,7,3,0.06,0.0,0.05,0.0,0.07,0.0,-0.02,0.0
district,Madhesh,Sarlahi,Total,12 Year,20253,99,11822,8313,0,0,0,0,0,0,11,8,0.05,0.0,0.08,0.0,0.03,0.0,0.05,0.0
district,Madhesh,Sarlahi,Total,13 Year,14550,39,5526,8963,0,0,0,0,0,0,13,9,0.09,0.0,0.13,0.0,0.04,0.0,0.09,0.0
district,Madhesh,Sarlahi,Total,14 Year,16478,28,3849,10565,2026,0,0,0,0,0,7,3,0.04,12.3,0.05,0.0,0.04,0.0,0.01,0.0
district,Madhesh,Sarlahi,Total,15 Year,16081,9,1112,9288,4963,559,0,0,0,0,14,136,0.09,34.34,0.08,3.13,0.09,3.85,-0.01,-0.72
district,Madhesh,Sarlahi,Total,16 - 19 Years,59393,32,4634,15810,19544,10872,8026,202,0,2,68,203,0.11,65.06,0.09,30.34,0.15,34.32,-0.06,-3.98
district,Madhesh,Sarlahi,Total,20 - 24 Years,60050,46,7465,10460,12084,6515,18612,3912,602,14,151,189,0.25,69.48,0.17,50.8,0.34,47.7,-0.17,3.1
district,Madhesh,Sarlahi,Total,25 - 29 Years,42971,28,7308,8675,9377,3857,8488,3417,1436,19,170,196,0.4,61.84,0.34,41.13,0.46,38.63,-0.12,2.5
district,Madhesh,Sarlahi,Total,30 - 34 Years,30293,36,6745,6484,5374,2581,5211,2173,1354,16,178,141,0.59,55.11,0.41,37.95,0.83,36.55,-0.42,1.4
district,Madhesh,Sarlahi,Total,35 - 39 Years,26277,41,6670,5920,5137,2366,3631,1225,928,15,199,145,0.76,50.57,0.48,32.4,1.19,28.85,-0.71,3.55
district,Madhesh,Sarlahi,Total,40 - 44 Years,19798,27,5361,4509,4111,1856,2279,774,564,10,190,117,0.96,48.41,0.67,29.39,1.55,24.07,-0.88,5.32
district,Madhesh,Sarlahi,Total,45 - 49 Years,14304,21,4268,3048,2852,1438,1543,483,363,11,178,99,1.24,46.69,0.81,29.91,2.23,19.65,-1.42,10.26
district,Madhesh,Sarlahi,Total,50 - 54 Years,11466,15,3530,2295,2439,1174,1110,378,252,7,161,105,1.4,46.69,0.94,28.65,2.76,16.0,-1.82,12.65
district,Madhesh,Sarlahi,Total,55 - 59 Years,7359,15,2640,1369,1455,677,622,236,135,14,136,60,1.85,42.47,1.38,26.25,3.29,11.65,-1.91,14.6
district,Madhesh,Sarlahi,Total,60 - 64 Years,5486,12,2080,1027,1004,467,419,191,77,8,125,76,2.28,39.34,1.61,24.42,4.72,8.76,-3.11,15.66
district,Madhesh,Sarlahi,Total,65 - 69 Years,4153,6,1654,827,752,304,274,119,62,6,83,66,2.0,36.38,1.58,20.26,3.74,9.98,-2.16,10.28
district,Madhesh,Sarlahi,Total,70 - 74 Years,3084,12,1254,631,552,201,153,88,41,8,92,52,2.98,33.56,2.56,18.17,4.68,5.65,-2.12,12.52
district,Madhesh,Sarlahi,Total,75+ Years,2393,6,1017,491,356,158,104,60,25,6,102,68,4.26,29.38,4.48,16.12,3.28,7.03,1.2,9.09
district,Madhesh,Sarlahi,Male,Total,264773,15817,85712,57667,42156,19349,29081,8662,4308,83,961,977,0.36,39.11,0.36,23.19,0.47,20.48,-0.11,2.71
district,Madhesh,Sarlahi,Male,05 Year,7977,7960,0,0,0,0,0,0,0,0,0,17,0.0,0.0,0.0,0.0,0.03,0.0,-0.03,0.0
district,Madhesh,Sarlahi,Male,06 Year,8567,3638,4920,0,0,0,0,0,0,0,2,7,0.02,0.0,0.02,0.0,0.01,0.0,0.01,0.0
district,Madhesh,Sarlahi,Male,07 Year,7567,1859,5703,0,0,0,0,0,0,0,1,4,0.01,0.0,0.01,0.0,0.01,0.0,0.0,0.0
district,Madhesh,Sarlahi,Male,08 Year,9814,1294,8513,0,0,0,0,0,0,0,1,6,0.01,0.0,0.01,0.0,0.02,0.0,-0.01,0.0
district,Madhesh,Sarlahi,Male,09 Year,6657,463,6184,0,0,0,0,0,0,0,4,6,0.06,0.0,0.06,0.0,0.02,0.0,0.04,0.0
district,Madhesh,Sarlahi,Male,10 Year,11771,272,11489,0,0,0,0,0,0,0,7,3,0.06,0.0,0.06,0.0,0.05,0.0,0.01,0.0
district,Madhesh,Sarlahi,Male,11 Year,6296,90,5126,1075,0,0,0,0,0,0,3,2,0.05,0.0,0.05,0.0,0.07,0.0,-0.02,0.0
district,Madhesh,Sarlahi,Male,12 Year,10467,61,6373,4019,0,0,0,0,0,0,8,6,0.08,0.0,0.08,0.0,0.03,0.0,0.05,0.0
district,Madhesh,Sarlahi,Male,13 Year,7452,30,2969,4438,0,0,0,0,0,0,10,5,0.13,0.0,0.13,0.0,0.04,0.0,0.09,0.0
district,Madhesh,Sarlahi,Male,14 Year,8359,18,2099,5331,907,0,0,0,0,0,4,0,0.05,10.85,0.05,0.0,0.04,0.0,0.01,0.0
district,Madhesh,Sarlahi,Male,15 Year,8424,4,621,5067,2389,264,0,0,0,0,7,72,0.08,31.49,0.08,3.13,0.09,3.85,-0.01,-0.72
district,Madhesh,Sarlahi,Male,16 - 19 Years,32206,13,2527,9136,10631,5707,3980,83,0,2,28,99,0.09,63.35,0.09,30.34,0.15,34.32,-0.06,-3.98
district,Madhesh,Sarlahi,Male,20 - 24 Years,32164,19,3737,5849,6058,3520,10238,2236,345,7,55,100,0.17,69.63,0.17,50.8,0.34,47.7,-0.17,3.1
district,Madhesh,Sarlahi,Male,25 - 29 Years,23955,8,3786,5095,5006,2095,4711,2110,936,12,82,114,0.34,62.02,0.34,41.13,0.46,38.63,-0.12,2.5
district,Madhesh,Sarlahi,Male,30 - 34 Years,17682,16,3598,3985,3214,1468,2885,1395,962,9,73,77,0.41,56.12,0.41,37.95,0.83,36.55,-0.42,1.4
district,Madhesh,Sarlahi,Male,35 - 39 Years,16031,14,3733,3676,3254,1429,2185,850,730,10,77,73,0.48,52.7,0.48,32.4,1.19,28.85,-0.71,3.55
district,Madhesh,Sarlahi,Male,40 - 44 Years,13297,14,3238,2992,2981,1257,1580,596,475,9,89,66,0.67,51.81,0.67,29.39,1.55,24.07,-0.88,5.32
district,Madhesh,Sarlahi,Male,45 - 49 Years,9906,12,2589,2041,2165,1064,1178,401,320,8,80,48,0.81,51.77,0.81,29.91,2.23,19.65,-1.42,10.26
district,Madhesh,Sarlahi,Male,50 - 54 Years,8535,8,2285,1645,2009,944,933,342,226,3,80,60,0.94,52.19,0.94,28.65,2.76,16.0,-1.82,12.65
district,Madhesh,Sarlahi,Male,55 - 59 Years,5565,7,1781,998,1202,583,539,216,123,4,77,35,1.38,47.85,1.38,26.25,3.29,11.65,-1.91,14.6
district,Madhesh,Sarlahi,Male,60 - 64 Years,4299,6,1499,758,861,422,377,180,71,6,69,50,1.61,44.45,1.61,24.42,4.72,8.76,-3.11,15.66
district,Madhesh,Sarlahi,Male,65 - 69 Years,3351,3,1226,675,668,268,243,110,58,2,53,45,1.58,40.2,1.58,20.26,3.74,9.98,-2.16,10.28
district,Madhesh,Sarlahi,Male,70 - 74 Years,2465,6,926,491,492,187,136,86,39,6,63,33,2.56,38.13,2.56,18.17,4.68,5.65,-2.12,12.52
district,Madhesh,Sarlahi,Male,75+ Years,1966,2,790,396,319,141,96,57,23,5,88,49,4.48,32.35,4.48,16.12,3.28,7.03,1.2,9.09
district,Madhesh,Sarlahi,Female,Total,201180,12672,72367,43288,29870,13676,21391,4596,1531,54,951,784,0.47,35.32,0.36,23.19,0.47,20.48,-0.11,2.71
district,Madhesh,Sarlahi,Female,05 Year,6980,6956,0,0,0,0,0,0,0,0,2,22,0.03,0.0,0.0,0.0,0.03,0.0,-0.03,0.0
district,Madhesh,Sarlahi,Female,06 Year,7363,2747,4607,0,0,0,0,0,0,0,1,8,0.01,0.0,0.02,0.0,0.01,0.0,0.01,0.0
district,Madhesh,Sarlahi,Female,07 Year,7039,1390,5644,0,0,0,0,0,0,0,1,4,0.01,0.0,0.01,0.0,0.01,0.0,0.0,0.0
district,Madhesh,Sarlahi,Female,08 Year,9135,828,8301,0,0,0,0,0,0,0,2,4,0.02,0.0,0.01,0.0,0.02,0.0,-0.01,0.0
district,Madhesh,Sarlahi,Female,09 Year,6141,288,5851,0,0,0,0,0,0,0,1,1,0.02,0.0,0.06,0.0,0.02,0.0,0.04,0.0
district,Madhesh,Sarlahi,Female,10 Year,10576,202,10365,0,0,0,0,0,0,1,5,3,0.05,0.0,0.06,0.0,0.05,0.0,0.01,0.0
district,Madhesh,Sarlahi,Female,11 Year,5681,30,4441,1205,0,0,0,0,0,0,4,1,0.07,0.0,0.05,0.0,0.07,0.0,-0.02,0.0
district,Madhesh,Sarlahi,Female,12 Year,9786,38,5449,4294,0,0,0,0,0,0,3,2,0.03,0.0,0.08,0.0,0.03,0.0,0.05,0.0
district,Madhesh,Sarlahi,Female,13 Year,7098,9,2557,4525,0,0,0,0,0,0,3,4,0.04,0.0,0.13,0.0,0.04,0.0,0.09,0.0
district,Madhesh,Sarlahi,Female,14 Year,8119,10,1750,5234,1119,0,0,0,0,0,3,3,0.04,13.78,0.05,0.0,0.04,0.0,0.01,0.0
district,Madhesh,Sarlahi,Female,15 Year,7657,5,491,4221,2574,295,0,0,0,0,7,64,0.09,37.47,0.08,3.13,0.09,3.85,-0.01,-0.72
district,Madhesh,Sarlahi,Female,16 - 19 Years,27187,19,2107,6674,8913,5165,4046,119,0,0,40,104,0.15,67.1,0.09,30.34,0.15,34.32,-0.06,-3.98
district,Madhesh,Sarlahi,Female,20 - 24 Years,27886,27,3728,4611,6026,2995,8374,1676,257,7,96,89,0.34,69.31,0.17,50.8,0.34,47.7,-0.17,3.1
district,Madhesh,Sarlahi,Female,25 - 29 Years,19016,20,3522,3580,4371,1762,3777,1307,500,7,88,82,0.46,61.62,0.34,41.13,0.46,38.63,-0.12,2.5
district,Madhesh,Sarlahi,Female,30 - 34 Years,12611,20,3147,2499,2160,1113,2326,778,392,7,105,64,0.83,53.68,0.41,37.95,0.83,36.55,-0.42,1.4
district,Madhesh,Sarlahi,Female,35 - 39 Years,10246,27,2937,2244,1883,937,1446,375,198,5,122,72,1.19,47.23,0.48,32.4,1.19,28.85,-0.71,3.55
district,Madhesh,Sarlahi,Female,40 - 44 Years,6501,13,2123,1517,1130,599,699,178,89,1,101,51,1.55,41.46,0.67,29.39,1.55,24.07,-0.88,5.32
district,Madhesh,Sarlahi,Female,45 - 49 Years,4398,9,1679,1007,687,374,365,82,43,3,98,51,2.23,35.27,0.81,29.91,2.23,19.65,-1.42,10.26
district,Madhesh,Sarlahi,Female,50 - 54 Years,2931,7,1245,650,430,230,177,36,26,4,81,45,2.76,30.67,0.94,28.65,2.76,16.0,-1.82,12.65
district,Madhesh,Sarlahi,Female,55 - 59 Years,1794,8,859,371,253,94,83,20,12,10,59,25,3.29,25.75,1.38,26.25,3.29,11.65,-1.91,14.6
district,Madhesh,Sarlahi,Female,60 - 64 Years,1187,6,581,269,143,45,42,11,6,2,56,26,4.72,20.81,1.61,24.42,4.72,8.76,-3.11,15.66
district,Madhesh,Sarlahi,Female,65 - 69 Years,802,3,428,152,84,36,31,9,4,4,30,21,3.74,20.45,1.58,20.26,3.74,9.98,-2.16,10.28
district,Madhesh,Sarlahi,Female,70 - 74 Years,619,6,328,140,60,14,17,2,2,2,29,19,4.68,15.35,2.56,18.17,4.68,5.65,-2.12,12.52
district,Madhesh,Sarlahi,Female,75+ Years,427,4,227,95,37,17,8,3,2,1,14,19,3.28,15.69,4.48,16.12,3.28,7.03,1.2,9.09
district,Madhesh,Rautahat,Total,Total,415495,28479,154268,87098,58903,26388,36602,10406,4156,181,6759,2255,1.63,32.84,1.29,20.66,2.08,16.0,-0.79,4.66
district,Madhesh,Rautahat,Total,05 Year,16285,16159,0,0,0,0,0,0,0,0,111,15,0.68,0.0,0.66,0.0,0.7,0.0,-0.04,0.0
district,Madhesh,Rautahat,Total,06 Year,16912,5839,10933,0,0,0,0,0,0,1,127,12,0.75,0.0,0.73,0.0,0.77,0.0,-0.04,0.0
district,Madhesh,Rautahat,Total,07 Year,14840,2875,11834,0,0,0,0,0,0,1,117,13,0.79,0.0,0.67,0.0,0.91,0.0,-0.24,0.0
district,Madhesh,Rautahat,Total,08 Year,20057,1910,17935,0,0,0,0,0,0,5,199,8,0.99,0.0,0.79,0.0,1.21,0.0,-0.42,0.0
district,Madhesh,Rautahat,Total,09 Year,11979,681,11204,0,0,0,0,0,0,1,89,4,0.74,0.0,0.53,0.0,0.97,0.0,-0.44,0.0
district,Madhesh,Rautahat,Total,10 Year,22906,454,22237,0,0,0,0,0,0,3,201,11,0.88,0.0,0.69,0.0,1.09,0.0,-0.4,0.0
district,Madhesh,Rautahat,Total,11 Year,10729,124,8441,2089,0,0,0,0,0,0,72,3,0.67,0.0,0.6,0.0,0.75,0.0,-0.15,0.0
district,Madhesh,Rautahat,Total,12 Year,19828,105,11645,7878,0,0,0,0,0,1,185,14,0.93,0.0,0.76,0.0,1.12,0.0,-0.36,0.0
district,Madhesh,Rautahat,Total,13 Year,13007,41,5464,7393,0,0,0,0,0,1,101,7,0.78,0.0,0.8,0.0,0.75,0.0,0.05,0.0
district,Madhesh,Rautahat,Total,14 Year,15062,29,4233,8717,1934,0,0,0,0,4,138,7,0.92,12.84,0.78,0.0,1.05,0.0,-0.27,0.0
district,Madhesh,Rautahat,Total,15 Year,14717,10,1356,7912,4439,612,0,0,0,2,176,210,1.2,34.32,0.9,3.89,1.51,4.44,-0.61,-0.55
district,Madhesh,Rautahat,Total,16 - 19 Years,52080,31,5397,15559,16707,7943,5253,162,0,10,675,343,1.3,57.73,0.86,25.3,1.82,26.08,-0.96,-0.78
district,Madhesh,Rautahat,Total,20 - 24 Years,51202,50,8031,9835,10884,5910,12143,2632,440,34,896,347,1.75,62.52,1.16,42.92,2.48,39.19,-1.32,3.73
district,Madhesh,Rautahat,Total,25 - 29 Years,36021,32,7045,7216,6858,3350,7065,2534,921,26,677,297,1.88,57.54,1.39,40.34,2.54,36.02,-1.15,4.32
district,Madhesh,Rautahat,Total,30 - 34 Years,24867,20,5806,5170,4107,1936,4365,1745,946,16,571,185,2.3,52.68,1.79,37.85,3.07,33.56,-1.28,4.29
district,Madhesh,Rautahat,Total,35 - 39 Years,20947,26,5684,4535,3762,1762,2683,1138,678,12,522,145,2.49,47.85,1.77,32.04,3.79,26.03,-2.02,6.01
district,Madhesh,Rautahat,Total,40 - 44 Years,15825,19,4541,3410,2975,1449,1757,704,414,13,410,133,2.59,46.12,1.73,29.58,4.59,22.05,-2.86,7.53
district,Madhesh,Rautahat,Total,45 - 49 Years,11692,15,3332,2435,2314,1103,1244,507,284,8,337,113,2.88,46.63,2.09,30.04,4.96,18.43,-2.87,11.61
district,Madhesh,Rautahat,Total,50 - 54 Years,9074,16,2725,1736,1899,850,834,366,199,19,340,90,3.75,45.71,2.37,28.09,8.09,14.39,-5.72,13.7
district,Madhesh,Rautahat,Total,55 - 59 Years,5794,12,1920,1054,1067,570,531,222,94,8,240,76,4.14,42.87,2.79,28.04,8.75,12.24,-5.96,15.8
district,Madhesh,Rautahat,Total,60 - 64 Years,4064,5,1457,742,680,358,318,168,75,6,180,75,4.43,39.35,3.49,25.82,7.68,11.51,-4.19,14.31
district,Madhesh,Rautahat,Total,65 - 69 Years,3307,10,1283,607,573,274,202,107,45,6,153,47,4.63,36.32,3.61,21.73,9.05,7.11,-5.44,14.62
district,Madhesh,Rautahat,Total,70 - 74 Years,2444,8,1012,481,396,165,120,66,39,3,107,47,4.38,32.16,3.88,17.86,6.49,7.79,-2.61,10.07
district,Madhesh,Rautahat,Total,75+ Years,1856,8,753,329,308,106,87,55,21,1,135,53,7.27,31.09,5.88,16.08,13.8,7.06,-7.92,9.02
district,Madhesh,Rautahat,Male,Total,237538,15182,82596,50598,35725,16259,22476,7145,3202,93,3064,1198,1.29,35.7,1.29,20.66,2.08,16.0,-0.79,4.66
district,Madhesh,Rautahat,Male,05 Year,8434,8370,0,0,0,0,0,0,0,0,56,8,0.66,0.0,0.66,0.0,0.7,0.0,-0.04,0.0
district,Madhesh,Rautahat,Male,06 Year,8773,3157,5543,0,0,0,0,0,0,1,64,8,0.73,0.0,0.73,0.0,0.77,0.0,-0.04,0.0
district,Madhesh,Rautahat,Male,07 Year,7572,1598,5916,0,0,0,0,0,0,1,51,6,0.67,0.0,0.67,0.0,0.91,0.0,-0.24,0.0
district,Madhesh,Rautahat,Male,08 Year,10275,1064,9123,0,0,0,0,0,0,2,81,5,0.79,0.0,0.79,0.0,1.21,0.0,-0.42,0.0
district,Madhesh,Rautahat,Male,09 Year,6221,398,5787,0,0,0,0,0,0,0,33,3,0.53,0.0,0.53,0.0,0.97,0.0,-0.44,0.0
district,Madhesh,Rautahat,Male,10 Year,12063,276,11697,0,0,0,0,0,0,0,83,7,0.69,0.0,0.69,0.0,1.09,0.0,-0.4,0.0
district,Madhesh,Rautahat,Male,11 Year,5690,75,4517,1063,0,0,0,0,0,0,34,1,0.6,0.0,0.6,0.0,0.75,0.0,-0.15,0.0
district,Madhesh,Rautahat,Male,12 Year,10295,58,6187,3968,0,0,0,0,0,1,78,3,0.76,0.0,0.76,0.0,1.12,0.0,-0.36,0.0
district,Madhesh,Rautahat,Male,13 Year,6640,23,2887,3673,0,0,0,0,0,0,53,4,0.8,0.0,0.8,0.0,0.75,0.0,0.05,0.0
district,Madhesh,Rautahat,Male,14 Year,7573,21,2154,4472,861,0,0,0,0,0,59,6,0.78,11.37,0.78,0.0,1.05,0.0,-0.27,0.0
district,Madhesh,Rautahat,Male,15 Year,7580,5,703,4246,2164,295,0,0,0,1,68,98,0.9,32.44,0.9,3.89,1.51,4.44,-0.61,-0.55
district,Madhesh,Rautahat,Male,16 - 19 Years,28502,19,2774,8879,9208,4297,2825,88,0,4,246,162,0.86,57.6,0.86,25.3,1.82,26.08,-0.96,-0.78
district,Madhesh,Rautahat,Male,20 - 24 Years,28389,24,3957,5689,5999,3392,6938,1559,296,17,330,188,1.16,64.05,1.16,42.92,2.48,39.19,-1.32,3.73
district,Madhesh,Rautahat,Male,25 - 29 Years,20748,18,3544,4368,4008,1944,4151,1645,629,15,289,137,1.39,59.65,1.39,40.34,2.54,36.02,-1.15,4.32
district,Madhesh,Rautahat,Male,30 - 34 Years,15067,9,3100,3309,2559,1182,2634,1179,708,10,270,107,1.79,54.84,1.79,37.85,3.07,33.56,-1.28,4.29
district,Madhesh,Rautahat,Male,35 - 39 Years,13459,14,3196,2973,2652,1184,1788,814,526,6,238,68,1.77,51.74,1.77,32.04,3.79,26.03,-2.02,6.01
district,Madhesh,Rautahat,Male,40 - 44 Years,11077,12,2848,2416,2241,1076,1309,538,354,9,192,82,1.73,49.81,1.73,29.58,4.59,22.05,-2.86,7.53
district,Madhesh,Rautahat,Male,45 - 49 Years,8464,6,2076,1751,1844,878,988,422,255,4,177,63,2.09,51.83,2.09,30.04,4.96,18.43,-2.87,11.61
district,Madhesh,Rautahat,Male,50 - 54 Years,6885,9,1849,1272,1601,719,715,322,178,9,163,48,2.37,51.34,2.37,28.09,8.09,14.39,-5.72,13.7
district,Madhesh,Rautahat,Male,55 - 59 Years,4479,5,1356,803,886,497,472,202,85,5,125,43,2.79,47.82,2.79,28.04,8.75,12.24,-5.96,15.8
district,Madhesh,Rautahat,Male,60 - 64 Years,3152,5,1018,573,588,301,288,154,71,2,110,42,3.49,44.48,3.49,25.82,7.68,11.51,-4.19,14.31
district,Madhesh,Rautahat,Male,65 - 69 Years,2688,6,976,483,505,252,186,103,43,2,97,35,3.61,40.51,3.61,21.73,9.05,7.11,-5.44,14.62
district,Madhesh,Rautahat,Male,70 - 74 Years,1982,5,781,388,341,146,105,66,37,3,77,33,3.88,35.07,3.88,17.86,6.49,7.79,-2.61,10.07
district,Madhesh,Rautahat,Male,75+ Years,1530,5,607,272,268,96,77,53,20,1,90,41,5.88,33.59,5.88,16.08,13.8,7.06,-7.92,9.02
district,Madhesh,Rautahat,Female,Total,177957,13297,71672,36500,23178,10129,14126,3261,954,88,3695,1057,2.08,29.02,1.29,20.66,2.08,16.0,-0.79,4.66
district,Madhesh,Rautahat,Female,05 Year,7851,7789,0,0,0,0,0,0,0,0,55,7,0.7,0.0,0.66,0.0,0.7,0.0,-0.04,0.0
district,Madhesh,Rautahat,Female,06 Year,8139,2682,5390,0,0,0,0,0,0,0,63,4,0.77,0.0,0.73,0.0,0.77,0.0,-0.04,0.0
district,Madhesh,Rautahat,Female,07 Year,7268,1277,5918,0,0,0,0,0,0,0,66,7,0.91,0.0,0.67,0.0,0.91,0.0,-0.24,0.0
district,Madhesh,Rautahat,Female,08 Year,9782,846,8812,0,0,0,0,0,0,3,118,3,1.21,0.0,0.79,0.0,1.21,0.0,-0.42,0.0
district,Madhesh,Rautahat,Female,09 Year,5758,283,5417,0,0,0,0,0,0,1,56,1,0.97,0.0,0.53,0.0,0.97,0.0,-0.44,0.0
district,Madhesh,Rautahat,Female,10 Year,10843,178,10540,0,0,0,0,0,0,3,118,4,1.09,0.0,0.69,0.0,1.09,0.0,-0.4,0.0
district,Madhesh,Rautahat,Female,11 Year,5039,49,3924,1026,0,0,0,0,0,0,38,2,0.75,0.0,0.6,0.0,0.75,0.0,-0.15,0.0
district,Madhesh,Rautahat,Female,12 Year,9533,47,5458,3910,0,0,0,0,0,0,107,11,1.12,0.0,0.76,0.0,1.12,0.0,-0.36,0.0
district,Madhesh,Rautahat,Female,13 Year,6367,18,2577,3720,0,0,0,0,0,1,48,3,0.75,0.0,0.8,0.0,0.75,0.0,0.05,0.0
district,Madhesh,Rautahat,Female,14 Year,7489,8,2079,4245,1073,0,0,0,0,4,79,1,1.05,14.33,0.78,0.0,1.05,0.0,-0.27,0.0
district,Madhesh,Rautahat,Female,15 Year,7137,5,653,3666,2275,317,0,0,0,1,108,112,1.51,36.32,0.9,3.89,1.51,4.44,-0.61,-0.55
district,Madhesh,Rautahat,Female,16 - 19 Years,23578,12,2623,6680,7499,3646,2428,74,0,6,429,181,1.82,57.88,0.86,25.3,1.82,26.08,-0.96,-0.78
district,Madhesh,Rautahat,Female,20 - 24 Years,22813,26,4074,4146,4885,2518,5205,1073,144,17,566,159,2.48,60.6,1.16,42.92,2.48,39.19,-1.32,3.73
district,Madhesh,Rautahat,Female,25 - 29 Years,15273,14,3501,2848,2850,1406,2914,889,292,11,388,160,2.54,54.68,1.39,40.34,2.54,36.02,-1.15,4.32
district,Madhesh,Rautahat,Female,30 - 34 Years,9800,11,2706,1861,1548,754,1731,566,238,6,301,78,3.07,49.36,1.79,37.85,3.07,33.56,-1.28,4.29
district,Madhesh,Rautahat,Female,35 - 39 Years,7488,12,2488,1562,1110,578,895,324,152,6,284,77,3.79,40.85,1.77,32.04,3.79,26.03,-2.02,6.01
district,Madhesh,Rautahat,Female,40 - 44 Years,4748,7,1693,994,734,373,448,166,60,4,218,51,4.59,37.51,1.73,29.58,4.59,22.05,-2.86,7.53
district,Madhesh,Rautahat,Female,45 - 49 Years,3228,9,1256,684,470,225,256,85,29,4,160,50,4.96,32.99,2.09,30.04,4.96,18.43,-2.87,11.61
district,Madhesh,Rautahat,Female,50 - 54 Years,2189,7,876,464,298,131,119,44,21,10,177,42,8.09,28.0,2.37,28.09,8.09,14.39,-5.72,13.7
district,Madhesh,Rautahat,Female,55 - 59 Years,1315,7,564,251,181,73,59,20,9,3,115,33,8.75,26.01,2.79,28.04,8.75,12.24,-5.96,15.8
district,Madhesh,Rautahat,Female,60 - 64 Years,912,0,439,169,92,57,30,14,4,4,70,33,7.68,21.6,3.49,25.82,7.68,11.51,-4.19,14.31
district,Madhesh,Rautahat,Female,65 - 69 Years,619,4,307,124,68,22,16,4,2,4,56,12,9.05,18.09,3.61,21.73,9.05,7.11,-5.44,14.62
district,Madhesh,Rautahat,Female,70 - 74 Years,462,3,231,93,55,19,15,0,2,0,30,14,6.49,19.7,3.88,17.86,6.49,7.79,-2.61,10.07
district,Madhesh,Rautahat,Female,75+ Years,326,3,146,57,40,10,10,2,1,0,45,12,13.8,19.33,5.88,16.08,13.8,7.06,-7.92,9.02
district,Madhesh,Bara,Total,Total,443259,27026,157070,101013,70325,28954,38516,10979,4958,144,2235,2039,0.5,34.68,0.41,20.02,0.63,17.18,-0.22,2.84
district,Madhesh,Bara,Total,05 Year,14102,14079,0,0,0,0,0,0,0,1,7,15,0.05,0.0,0.04,0.0,0.06,0.0,-0.02,0.0
district,Madhesh,Bara,Total,06 Year,14902,5865,9024,0,0,0,0,0,0,0,7,6,0.05,0.0,0.03,0.0,0.07,0.0,-0.04,0.0
district,Madhesh,Bara,Total,07 Year,13668,3082,10572,0,0,0,0,0,0,1,4,9,0.03,0.0,0.03,0.0,0.03,0.0,0.0,0.0
district,Madhesh,Bara,Total,08 Year,18318,2168,16136,0,0,0,0,0,0,0,10,4,0.05,0.0,0.08,0.0,0.02,0.0,0.06,0.0
district,Madhesh,Bara,Total,09 Year,11258,706,10539,0,0,0,0,0,0,0,2,11,0.02,0.0,0.0,0.0,0.04,0.0,-0.04,0.0
district,Madhesh,Bara,Total,10 Year,20791,512,20265,0,0,0,0,0,0,0,7,7,0.03,0.0,0.02,0.0,0.05,0.0,-0.03,0.0
district,Madhesh,Bara,Total,11 Year,10228,124,8154,1947,0,0,0,0,0,0,1,2,0.01,0.0,0.02,0.0,0.0,0.0,0.02,0.0
district,Madhesh,Bara,Total,12 Year,18798,122,10794,7873,0,0,0,0,0,0,4,5,0.02,0.0,0.02,0.0,0.02,0.0,0.0,0.0
district,Madhesh,Bara,Total,13 Year,12836,36,5072,7721,0,0,0,0,0,0,5,2,0.04,0.0,0.02,0.0,0.06,0.0,-0.04,0.0
district,Madhesh,Bara,Total,14 Year,15106,27,3784,9191,2097,0,0,0,0,0,6,1,0.04,13.88,0.05,0.0,0.03,0.0,0.02,0.0
district,Madhesh,Bara,Total,15 Year,15452,9,1276,8510,4806,669,0,0,0,1,11,170,0.07,35.43,0.05,3.96,0.09,4.73,-0.04,-0.77
district,Madhesh,Bara,Total,16 - 19 Years,54718,26,5607,15719,17248,8861,6670,253,0,7,48,279,0.09,60.37,0.08,28.02,0.1,29.83,-0.02,-1.81
district,Madhesh,Bara,Total,20 - 24 Years,55763,35,8432,11552,12748,5944,12663,3371,574,19,132,293,0.24,63.3,0.2,41.36,0.28,39.34,-0.08,2.02
district,Madhesh,Bara,Total,25 - 29 Years,43039,68,8650,9538,9274,3730,7184,2890,1312,25,156,212,0.36,56.67,0.27,36.38,0.48,33.52,-0.21,2.86
district,Madhesh,Bara,Total,30 - 34 Years,31577,36,8033,7526,5710,2519,4549,1753,1098,11,187,155,0.59,49.49,0.38,33.06,0.9,29.0,-0.52,4.06
district,Madhesh,Bara,Total,35 - 39 Years,27076,34,7837,6701,5486,2104,2657,987,809,18,261,182,0.96,44.48,0.57,26.02,1.66,21.01,-1.09,5.01
district,Madhesh,Bara,Total,40 - 44 Years,20082,19,6058,4919,4126,1724,1774,572,418,13,293,166,1.46,42.89,0.81,24.15,2.96,18.2,-2.15,5.95
district,Madhesh,Bara,Total,45 - 49 Years,14140,21,4635,3289,2881,1174,1094,409,272,8,217,140,1.53,41.23,0.86,23.14,3.34,14.79,-2.48,8.35
district,Madhesh,Bara,Total,50 - 54 Years,11254,14,3902,2479,2370,867,786,279,190,12,248,107,2.2,39.91,1.33,20.97,5.05,11.99,-3.72,8.98
district,Madhesh,Bara,Total,55 - 59 Years,6858,9,2561,1412,1343,516,469,178,100,12,183,75,2.67,38.0,1.72,20.59,6.23,10.25,-4.51,10.34
district,Madhesh,Bara,Total,60 - 64 Years,4793,11,1960,920,830,339,317,116,78,5,150,67,3.13,35.05,2.31,20.32,6.27,7.79,-3.96,12.53
district,Madhesh,Bara,Total,65 - 69 Years,3966,12,1718,822,683,233,187,90,51,2,123,45,3.1,31.37,2.12,15.74,7.92,6.28,-5.8,9.46
district,Madhesh,Bara,Total,70 - 74 Years,2616,7,1174,536,447,144,95,44,36,6,86,41,3.29,29.28,3.19,12.82,3.74,9.23,-0.55,3.59
district,Madhesh,Bara,Total,75+ Years,1918,4,887,358,276,130,71,37,20,3,87,45,4.54,27.84,4.29,14.31,5.79,9.0,-1.5,5.31
district,Madhesh,Bara,Male,Total,255575,14565,86220,59157,42276,17490,22900,7154,3619,87,1056,1051,0.41,36.56,0.41,20.02,0.63,17.18,-0.22,2.84
district,Madhesh,Bara,Male,05 Year,7396,7385,0,0,0,0,0,0,0,0,3,8,0.04,0.0,0.04,0.0,0.06,0.0,-0.02,0.0
district,Madhesh,Bara,Male,06 Year,7814,3204,4605,0,0,0,0,0,0,0,2,3,0.03,0.0,0.03,0.0,0.07,0.0,-0.04,0.0
district,Madhesh,Bara,Male,07 Year,7102,1721,5371,0,0,0,0,0,0,1,2,7,0.03,0.0,0.03,0.0,0.03,0.0,0.0,0.0
district,Madhesh,Bara,Male,08 Year,9590,1225,8355,0,0,0,0,0,0,0,8,2,0.08,0.0,0.08,0.0,0.02,0.0,0.06,0.0
district,Madhesh,Bara,Male,09 Year,5812,396,5411,0,0,0,0,0,0,0,0,5,0.0,0.0,0.0,0.0,0.04,0.0,-0.04,0.0
district,Madhesh,Bara,Male,10 Year,11104,301,10798,0,0,0,0,0,0,0,2,3,0.02,0.0,0.02,0.0,0.05,0.0,-0.03,0.0
district,Madhesh,Bara,Male,11 Year,5422,74,4362,983,0,0,0,0,0,0,1,2,0.02,0.0,0.02,0.0,0.0,0.0,0.02,0.0
district,Madhesh,Bara,Male,12 Year,9710,72,5696,3939,0,0,0,0,0,0,2,1,0.02,0.0,0.02,0.0,0.02,0.0,0.0,0.0
district,Madhesh,Bara,Male,13 Year,6446,18,2668,3759,0,0,0,0,0,0,1,0,0.02,0.0,0.02,0.0,0.06,0.0,-0.04,0.0
district,Madhesh,Bara,Male,14 Year,7720,13,1999,4707,996,0,0,0,0,0,4,1,0.05,12.9,0.05,0.0,0.03,0.0,0.02,0.0
district,Madhesh,Bara,Male,15 Year,7982,3,729,4452,2395,316,0,0,0,0,4,83,0.05,33.96,0.05,3.96,0.09,4.73,-0.04,-0.77
district,Madhesh,Bara,Male,16 - 19 Years,29774,15,3137,8924,9182,4687,3534,121,0,2,24,148,0.08,58.86,0.08,28.02,0.1,29.83,-0.02,-1.81
district,Madhesh,Bara,Male,20 - 24 Years,30331,19,4320,6604,6616,3340,6979,1903,324,9,62,155,0.2,63.18,0.2,41.36,0.28,39.34,-0.08,2.02
district,Madhesh,Bara,Male,25 - 29 Years,24094,34,4400,5551,5147,2070,4044,1805,846,18,66,113,0.27,57.74,0.27,36.38,0.48,33.52,-0.21,2.86
district,Madhesh,Bara,Male,30 - 34 Years,18770,14,4278,4591,3532,1518,2737,1164,786,5,72,73,0.38,51.88,0.38,33.06,0.9,29.0,-0.52,4.06
district,Madhesh,Bara,Male,35 - 39 Years,17335,15,4415,4453,3755,1431,1751,694,634,12,99,76,0.57,47.68,0.57,26.02,1.66,21.01,-1.09,5.01
district,Madhesh,Bara,Male,40 - 44 Years,14011,12,3783,3518,3112,1264,1318,450,351,11,113,79,0.81,46.36,0.81,24.15,2.96,18.2,-2.15,5.95
district,Madhesh,Bara,Male,45 - 49 Years,10278,9,2932,2441,2351,919,875,342,242,5,88,74,0.86,46.01,0.86,23.14,3.34,14.79,-2.48,8.35
district,Madhesh,Bara,Male,50 - 54 Years,8601,7,2664,1935,2012,734,653,248,169,6,114,59,1.33,44.37,1.33,20.97,5.05,11.99,-3.72,8.98
district,Madhesh,Bara,Male,55 - 59 Years,5414,6,1863,1125,1173,455,408,157,95,5,93,34,1.72,42.26,1.72,20.59,6.23,10.25,-4.51,10.34
district,Madhesh,Bara,Male,60 - 64 Years,3804,6,1435,722,733,302,288,110,73,4,88,43,2.31,39.59,2.31,20.32,6.27,7.79,-3.96,12.53
district,Madhesh,Bara,Male,65 - 69 Years,3297,10,1336,703,631,214,173,87,45,2,70,26,2.12,34.88,2.12,15.74,7.92,6.28,-5.8,9.46
district,Madhesh,Bara,Male,70 - 74 Years,2161,3,945,437,400,120,83,39,35,5,69,25,3.19,31.33,3.19,12.82,3.74,9.23,-0.55,3.59
district,Madhesh,Bara,Male,75+ Years,1607,3,718,313,241,120,57,34,19,2,69,31,4.29,29.31,4.29,14.31,5.79,9.0,-1.5,5.31
district,Madhesh,Bara,Female,Total,187684,12461,70850,41856,28049,11464,15616,3825,1339,57,1179,988,0.63,32.12,0.41,20.02,0.63,17.18,-0.22,2.84
district,Madhesh,Bara,Female,05 Year,6706,6694,0,0,0,0,0,0,0,1,4,7,0.06,0.0,0.04,0.0,0.06,0.0,-0.02,0.0
district,Madhesh,Bara,Female,06 Year,7088,2661,4419,0,0,0,0,0,0,0,5,3,0.07,0.0,0.03,0.0,0.07,0.0,-0.04,0.0
district,Madhesh,Bara,Female,07 Year,6566,1361,5201,0,0,0,0,0,0,0,2,2,0.03,0.0,0.03,0.0,0.03,0.0,0.0,0.0
district,Madhesh,Bara,Female,08 Year,8728,943,7781,0,0,0,0,0,0,0,2,2,0.02,0.0,0.08,0.0,0.02,0.0,0.06,0.0
district,Madhesh,Bara,Female,09 Year,5446,310,5128,0,0,0,0,0,0,0,2,6,0.04,0.0,0.0,0.0,0.04,0.0,-0.04,0.0
district,Madhesh,Bara,Female,10 Year,9687,211,9467,0,0,0,0,0,0,0,5,4,0.05,0.0,0.02,0.0,0.05,0.0,-0.03,0.0
district,Madhesh,Bara,Female,11 Year,4806,50,3792,964,0,0,0,0,0,0,0,0,0.0,0.0,0.02,0.0,0.0,0.0,0.02,0.0
district,Madhesh,Bara,Female,12 Year,9088,50,5098,3934,0,0,0,0,0,0,2,4,0.02,0.0,0.02,0.0,0.02,0.0,0.0,0.0
district,Madhesh,Bara,Female,13 Year,6390,18,2404,3962,0,0,0,0,0,0,4,2,0.06,0.0,0.02,0.0,0.06,0.0,-0.04,0.0
district,Madhesh,Bara,Female,14 Year,7386,14,1785,4484,1101,0,0,0,0,0,2,0,0.03,14.91,0.05,0.0,0.03,0.0,0.02,0.0
district,Madhesh,Bara,Female,15 Year,7470,6,547,4058,2411,353,0,0,0,1,7,87,0.09,37.0,0.05,3.96,0.09,4.73,-0.04,-0.77
district,Madhesh,Bara,Female,16 - 19 Years,24944,11,2470,6795,8066,4174,3136,132,0,5,24,131,0.1,62.17,0.08,28.02,0.1,29.83,-0.02,-1.81
district,Madhesh,Bara,Female,20 - 24 Years,25432,16,4112,4948,6132,2604,5684,1468,250,10,70,138,0.28,63.46,0.2,41.36,0.28,39.34,-0.08,2.02
district,Madhesh,Bara,Female,25 - 29 Years,18945,34,4250,3987,4127,1660,3140,1085,466,7,90,99,0.48,55.31,0.27,36.38,0.48,33.52,-0.21,2.86
district,Madhesh,Bara,Female,30 - 34 Years,12807,22,3755,2935,2178,1001,1812,589,312,6,115,82,0.9,46.01,0.38,33.06,0.9,29.0,-0.52,4.06
district,Madhesh,Bara,Female,35 - 39 Years,9741,19,3422,2248,1731,673,906,293,175,6,162,106,1.66,38.78,0.57,26.02,1.66,21.01,-1.09,5.01
district,Madhesh,Bara,Female,40 - 44 Years,6071,7,2275,1401,1014,460,456,122,67,2,180,87,2.96,34.9,0.81,24.15,2.96,18.2,-2.15,5.95
district,Madhesh,Bara,Female,45 - 49 Years,3862,12,1703,848,530,255,219,67,30,3,129,66,3.34,28.51,0.86,23.14,3.34,14.79,-2.48,8.35
district,Madhesh,Bara,Female,50 - 54 Years,2653,7,1238,544,358,133,133,31,21,6,134,48,5.05,25.48,1.33,20.97,5.05,11.99,-3.72,8.98
district,Madhesh,Bara,Female,55 - 59 Years,1444,3,698,287,170,61,61,21,5,7,90,41,6.23,22.02,1.72,20.59,6.23,10.25,-4.51,10.34
district,Madhesh,Bara,Female,60 - 64 Years,989,5,525,198,97,37,29,6,5,1,62,24,6.27,17.59,2.31,20.32,6.27,7.79,-3.96,12.53
district,Madhesh,Bara,Female,65 - 69 Years,669,2,382,119,52,19,14,3,6,0,53,19,7.92,14.05,2.12,15.74,7.92,6.28,-5.8,9.46
district,Madhesh,Bara,Female,70 - 74 Years,455,4,229,99,47,24,12,5,1,1,17,16,3.74,19.56,3.19,12.82,3.74,9.23,-0.55,3.59
district,Madhesh,Bara,Female,75+ Years,311,1,169,45,35,10,14,3,1,1,18,14,5.79,20.26,4.29,14.31,5.79,9.0,-1.5,5.31
district,Madhesh,Parsa,Total,Total,411119,24479,142088,94282,63816,23691,35833,16183,7672,68,1817,1190,0.44,35.8,0.36,21.98,0.55,17.94,-0.19,4.04
district,Madhesh,Parsa,Total,05 Year,12260,12211,0,0,0,0,0,0,0,0,4,45,0.03,0.0,0.02,0.0,0.05,0.0,-0.03,0.0
district,Madhesh,Parsa,Total,06 Year,13298,5378,7897,0,0,0,0,0,0,0,5,18,0.04,0.0,0.03,0.0,0.05,0.0,-0.02,0.0
district,Madhesh,Parsa,Total,07 Year,12140,3002,9123,0,0,0,0,0,0,0,4,11,0.03,0.0,0.02,0.0,0.05,0.0,-0.03,0.0
district,Madhesh,Parsa,Total,08 Year,16503,2199,14280,0,0,0,0,0,0,0,6,18,0.04,0.0,0.02,0.0,0.05,0.0,-0.03,0.0
district,Madhesh,Parsa,Total,09 Year,9859,685,9159,0,0,0,0,0,0,0,5,10,0.05,0.0,0.08,0.0,0.02,0.0,0.06,0.0
district,Madhesh,Parsa,Total,10 Year,18327,472,17840,0,0,0,0,0,0,0,4,11,0.02,0.0,0.02,0.0,0.02,0.0,0.0,0.0
district,Madhesh,Parsa,Total,11 Year,8980,93,6884,2001,0,0,0,0,0,0,1,1,0.01,0.0,0.0,0.0,0.02,0.0,-0.02,0.0
district,Madhesh,Parsa,Total,12 Year,16639,84,9323,7224,0,0,0,0,0,0,5,3,0.03,0.0,0.01,0.0,0.05,0.0,-0.04,0.0
district,Madhesh,Parsa,Total,13 Year,11847,35,4341,7460,0,0,0,0,0,1,6,4,0.05,0.0,0.02,0.0,0.08,0.0,-0.06,0.0
district,Madhesh,Parsa,Total,14 Year,13909,25,3316,8382,2176,0,0,0,0,0,7,3,0.05,15.64,0.03,0.0,0.07,0.0,-0.04,0.0
district,Madhesh,Parsa,Total,15 Year,13609,11,1315,6916,4608,645,0,0,0,0,21,93,0.15,38.6,0.11,4.63,0.2,4.85,-0.09,-0.22
district,Madhesh,Parsa,Total,16 - 19 Years,49387,31,5318,13571,15082,8533,6376,255,0,4,83,134,0.17,61.24,0.15,30.2,0.19,31.32,-0.04,-1.12
district,Madhesh,Parsa,Total,20 - 24 Years,49299,30,7629,10312,10290,4415,11816,3858,654,13,143,139,0.29,62.95,0.24,43.76,0.35,40.04,-0.11,3.72
district,Madhesh,Parsa,Total,25 - 29 Years,38948,38,8028,8832,7611,2505,5837,3991,1770,11,196,129,0.5,55.75,0.38,38.34,0.67,33.45,-0.29,4.89
district,Madhesh,Parsa,Total,30 - 34 Years,30259,36,7837,7426,5126,1679,3620,2529,1704,10,197,95,0.65,48.44,0.48,33.93,0.89,27.96,-0.41,5.97
district,Madhesh,Parsa,Total,35 - 39 Years,26746,35,7761,6859,4964,1482,2394,1676,1265,9,205,96,0.77,44.05,0.48,27.67,1.28,21.61,-0.8,6.06
district,Madhesh,Parsa,Total,40 - 44 Years,19701,25,5703,4802,4015,1213,1768,1133,748,9,201,84,1.02,45.06,0.72,25.96,1.67,21.87,-0.95,4.09
district,Madhesh,Parsa,Total,45 - 49 Years,14924,17,4499,3343,3148,957,1393,822,511,3,162,69,1.09,45.77,0.66,26.01,2.11,21.47,-1.45,4.54
district,Madhesh,Parsa,Total,50 - 54 Years,11571,19,3680,2448,2327,801,1001,694,383,3,161,54,1.39,44.99,0.82,27.29,3.04,17.97,-2.22,9.32
district,Madhesh,Parsa,Total,55 - 59 Years,7516,19,2339,1540,1620,505,656,454,223,3,105,52,1.4,46.01,1.08,26.55,2.36,18.09,-1.28,8.46
district,Madhesh,Parsa,Total,60 - 64 Years,5705,13,1999,1169,1092,376,415,317,196,1,90,37,1.58,42.0,1.11,25.71,3.06,13.85,-1.95,11.86
district,Madhesh,Parsa,Total,65 - 69 Years,4590,9,1749,929,907,282,284,217,108,0,73,32,1.59,39.17,1.18,21.51,3.21,11.22,-2.03,10.29
district,Madhesh,Parsa,Total,70 - 74 Years,2900,3,1193,603,478,169,172,125,60,1,72,24,2.48,34.62,1.85,19.67,5.07,11.89,-3.22,7.78
district,Madhesh,Parsa,Total,75+ Years,2202,9,875,465,372,129,101,112,50,0,61,28,2.77,34.7,2.58,19.42,3.51,11.62,-0.93,7.8
district,Madhesh,Parsa,Male,Total,238246,13312,77109,55262,38655,14114,21568,10986,5700,34,860,646,0.36,38.21,0.36,21.98,0.55,17.94,-0.19,4.04
district,Madhesh,Parsa,Male,05 Year,6544,6523,0,0,0,0,0,0,0,0,1,20,0.02,0.0,0.02,0.0,0.05,0.0,-0.03,0.0
district,Madhesh,Parsa,Male,06 Year,6996,2939,4047,0,0,0,0,0,0,0,2,8,0.03,0.0,0.03,0.0,0.05,0.0,-0.02,0.0
district,Madhesh,Parsa,Male,07 Year,6244,1662,4574,0,0,0,0,0,0,0,1,7,0.02,0.0,0.02,0.0,0.05,0.0,-0.03,0.0
district,Madhesh,Parsa,Male,08 Year,8745,1272,7464,0,0,0,0,0,0,0,2,7,0.02,0.0,0.02,0.0,0.05,0.0,-0.03,0.0
district,Madhesh,Parsa,Male,09 Year,5026,366,4648,0,0,0,0,0,0,0,4,8,0.08,0.0,0.08,0.0,0.02,0.0,0.06,0.0
district,Madhesh,Parsa,Male,10 Year,9826,282,9539,0,0,0,0,0,0,0,2,3,0.02,0.0,0.02,0.0,0.02,0.0,0.0,0.0
district,Madhesh,Parsa,Male,11 Year,4649,48,3597,1003,0,0,0,0,0,0,0,1,0.0,0.0,0.0,0.0,0.02,0.0,-0.02,0.0
district,Madhesh,Parsa,Male,12 Year,8642,44,4924,3672,0,0,0,0,0,0,1,1,0.01,0.0,0.01,0.0,0.05,0.0,-0.04,0.0
district,Madhesh,Parsa,Male,13 Year,5937,23,2224,3688,0,0,0,0,0,0,1,1,0.02,0.0,0.02,0.0,0.08,0.0,-0.06,0.0
district,Madhesh,Parsa,Male,14 Year,7084,19,1697,4292,1072,0,0,0,0,0,2,2,0.03,15.13,0.03,0.0,0.07,0.0,-0.04,0.0
district,Madhesh,Parsa,Male,15 Year,7035,6,653,3651,2337,326,0,0,0,0,8,54,0.11,37.85,0.11,4.63,0.2,4.85,-0.09,-0.22
district,Madhesh,Parsa,Male,16 - 19 Years,27141,15,2904,7650,8260,4571,3484,141,0,1,41,74,0.15,60.63,0.15,30.2,0.19,31.32,-0.04,-1.12
district,Madhesh,Parsa,Male,20 - 24 Years,26979,11,3779,5906,5326,2461,6641,2278,425,7,65,80,0.24,63.5,0.24,43.76,0.35,40.04,-0.11,3.72
district,Madhesh,Parsa,Male,25 - 29 Years,21958,21,3956,5131,4286,1455,3310,2513,1141,3,83,59,0.38,57.86,0.38,38.34,0.67,33.45,-0.29,4.89
district,Madhesh,Parsa,Male,30 - 34 Years,17944,17,3971,4558,3167,993,2207,1679,1210,7,87,48,0.48,51.58,0.48,33.93,0.89,27.96,-0.41,5.97
district,Madhesh,Parsa,Male,35 - 39 Years,17112,11,4365,4499,3363,954,1570,1226,985,4,82,53,0.48,47.32,0.48,27.67,1.28,21.61,-0.8,6.06
district,Madhesh,Parsa,Male,40 - 44 Years,13529,11,3510,3406,2932,839,1195,859,619,7,98,53,0.72,47.63,0.72,25.96,1.67,21.87,-0.95,4.09
district,Madhesh,Parsa,Male,45 - 49 Years,10559,7,2884,2437,2375,692,992,636,426,1,70,39,0.66,48.5,0.66,26.01,2.11,21.47,-1.45,4.54
district,Madhesh,Parsa,Male,50 - 54 Years,8582,6,2455,1825,1860,632,798,580,332,1,70,23,0.82,48.96,0.82,27.29,3.04,17.97,-2.22,9.32
district,Madhesh,Parsa,Male,55 - 59 Years,5653,9,1625,1117,1309,395,527,384,195,2,61,29,1.08,49.71,1.08,26.55,2.36,18.09,-1.28,8.46
district,Madhesh,Parsa,Male,60 - 64 Years,4333,8,1405,848,890,305,352,285,172,0,48,20,1.11,46.25,1.11,25.71,3.06,13.85,-1.95,11.86
district,Madhesh,Parsa,Male,65 - 69 Years,3654,8,1301,746,752,234,255,199,98,0,43,18,1.18,42.09,1.18,21.51,3.21,11.22,-2.03,10.29
district,Madhesh,Parsa,Male,70 - 74 Years,2328,2,928,472,409,148,147,107,56,1,43,15,1.85,37.24,1.85,19.67,5.07,11.89,-3.22,7.78
district,Madhesh,Parsa,Male,75+ Years,1746,2,659,361,317,109,90,99,41,0,45,23,2.58,37.57,2.58,19.42,3.51,11.62,-0.93,7.8
district,Madhesh,Parsa,Female,Total,172873,11167,64979,39020,25161,9577,14265,5197,1972,34,957,544,0.55,32.49,0.36,21.98,0.55,17.94,-0.19,4.04
district,Madhesh,Parsa,Female,05 Year,5716,5688,0,0,0,0,0,0,0,0,3,25,0.05,0.0,0.02,0.0,0.05,0.0,-0.03,0.0
district,Madhesh,Parsa,Female,06 Year,6302,2439,3850,0,0,0,0,0,0,0,3,10,0.05,0.0,0.03,0.0,0.05,0.0,-0.02,0.0
district,Madhesh,Parsa,Female,07 Year,5896,1340,4549,0,0,0,0,0,0,0,3,4,0.05,0.0,0.02,0.0,0.05,0.0,-0.03,0.0
district,Madhesh,Parsa,Female,08 Year,7758,927,6816,0,0,0,0,0,0,0,4,11,0.05,0.0,0.02,0.0,0.05,0.0,-0.03,0.0
district,Madhesh,Parsa,Female,09 Year,4833,319,4511,0,0,0,0,0,0,0,1,2,0.02,0.0,0.08,0.0,0.02,0.0,0.06,0.0
district,Madhesh,Parsa,Female,10 Year,8501,190,8301,0,0,0,0,0,0,0,2,8,0.02,0.0,0.02,0.0,0.02,0.0,0.0,0.0
district,Madhesh,Parsa,Female,11 Year,4331,45,3287,998,0,0,0,0,0,0,1,0,0.02,0.0,0.0,0.0,0.02,0.0,-0.02,0.0
district,Madhesh,Parsa,Female,12 Year,7997,40,4399,3552,0,0,0,0,0,0,4,2,0.05,0.0,0.01,0.0,0.05,0.0,-0.04,0.0
district,Madhesh,Parsa,Female,13 Year,5910,12,2117,3772,0,0,0,0,0,1,5,3,0.08,0.0,0.02,0.0,0.08,0.0,-0.06,0.0
district,Madhesh,Parsa,Female,14 Year,6825,6,1619,4090,1104,0,0,0,0,0,5,1,0.07,16.18,0.03,0.0,0.07,0.0,-0.04,0.0
district,Madhesh,Parsa,Female,15 Year,6574,5,662,3265,2271,319,0,0,0,0,13,39,0.2,39.4,0.11,4.63,0.2,4.85,-0.09,-0.22
district,Madhesh,Parsa,Female,16 - 19 Years,22246,16,2414,5921,6822,3962,2892,114,0,3,42,60,0.19,61.99,0.15,30.2,0.19,31.32,-0.04,-1.12
district,Madhesh,Parsa,Female,20 - 24 Years,22320,19,3850,4406,4964,1954,5175,1580,229,6,78,59,0.35,62.28,0.24,43.76,0.35,40.04,-0.11,3.72
district,Madhesh,Parsa,Female,25 - 29 Years,16990,17,4072,3701,3325,1050,2527,1478,629,8,113,70,0.67,53.03,0.38,38.34,0.67,33.45,-0.29,4.89
district,Madhesh,Parsa,Female,30 - 34 Years,12315,19,3866,2868,1959,686,1413,850,494,3,110,47,0.89,43.87,0.48,33.93,0.89,27.96,-0.41,5.97
district,Madhesh,Parsa,Female,35 - 39 Years,9634,24,3396,2360,1601,528,824,450,280,5,123,43,1.28,38.23,0.48,27.67,1.28,21.61,-0.8,6.06
district,Madhesh,Parsa,Female,40 - 44 Years,6172,14,2193,1396,1083,374,573,274,129,2,103,31,1.67,39.42,0.72,25.96,1.67,21.87,-0.95,4.09
district,Madhesh,Parsa,Female,45 - 49 Years,4365,10,1615,906,773,265,401,186,85,2,92,30,2.11,39.18,0.66,26.01,2.11,21.47,-1.45,4.54
district,Madhesh,Parsa,Female,50 - 54 Years,2989,13,1225,623,467,169,203,114,51,2,91,31,3.04,33.59,0.82,27.29,3.04,17.97,-2.22,9.32
district,Madhesh,Parsa,Female,55 - 59 Years,1863,10,714,423,311,110,129,70,28,1,44,23,2.36,34.78,1.08,26.55,2.36,18.09,-1.28,8.46
district,Madhesh,Parsa,Female,60 - 64 Years,1372,5,594,321,202,71,63,32,24,1,42,17,3.06,28.57,1.11,25.71,3.06,13.85,-1.95,11.86
district,Madhesh,Parsa,Female,65 - 69 Years,936,1,448,183,155,48,29,18,10,0,30,14,3.21,27.78,1.18,21.51,3.21,11.22,-2.03,10.29
district,Madhesh,Parsa,Female,70 - 74 Years,572,1,265,131,69,21,25,18,4,0,29,9,5.07,23.95,1.85,19.67,5.07,11.89,-3.22,7.78
district,Madhesh,Parsa,Female,75+ Years,456,7,216,104,55,20,11,13,9,0,16,5,3.51,23.68,2.58,19.42,3.51,11.62,-0.93,7.8
province,Bagmati,,Total,Total,4674293,150319,1096438,770447,561702,544973,816102,402906,208661,6531,90003,26211,1.93,54.22,1.38,42.18,2.55,42.23,-1.17,-0.05
province,Bagmati,,Total,05 Year,84884,84669,0,0,0,0,0,0,0,21,65,129,0.08,0.0,0.08,0.0,0.08,0.0,0.0,0.0
province,Bagmati,,Total,06 Year,91281,41900,49273,0,0,0,0,0,0,18,35,55,0.04,0.0,0.03,0.0,0.05,0.0,-0.02,0.0
province,Bagmati,,Total,07 Year,86826,13686,73057,0,0,0,0,0,0,8,50,25,0.06,0.0,0.07,0.0,0.04,0.0,0.03,0.0
province,Bagmati,,Total,08 Year,91687,3994,87550,0,0,0,0,0,0,13,95,35,0.1,0.0,0.15,0.0,0.05,0.0,0.1,0.0
province,Bagmati,,Total,09 Year,91108,1351,89595,0,0,0,0,0,0,14,119,29,0.13,0.0,0.17,0.0,0.08,0.0,0.09,0.0
province,Bagmati,,Total,10 Year,99798,454,99115,0,0,0,0,0,0,17,182,30,0.18,0.0,0.3,0.0,0.05,0.0,0.25,0.0
province,Bagmati,,Total,11 Year,87850,213,61739,25648,0,0,0,0,0,38,188,24,0.21,0.0,0.33,0.0,0.08,0.0,0.25,0.0
province,Bagmati,,Total,12 Year,102290,184,38977,62840,0,0,0,0,0,30,222,37,0.22,0.0,0.36,0.0,0.06,0.0,0.3,0.0
province,Bagmati,,Total,13 Year,99679,123,17799,81449,0,0,0,0,0,41,234,33,0.23,0.0,0.38,0.0,0.08,0.0,0.3,0.0
province,Bagmati,,Total,14 Year,103029,147,9830,67655,25061,0,0,0,0,38,260,38,0.25,24.32,0.4,0.0,0.09,0.0,0.31,0.0
province,Bagmati,,Total,15 Year,107534,43,3881,41332,48099,13259,0,0,0,54,315,551,0.29,57.06,0.45,11.15,0.12,13.58,0.33,-2.43
province,Bagmati,,Total,16 - 19 Years,467493,115,21645,62388,97039,154309,123743,5973,0,303,967,1011,0.21,81.51,0.29,58.42,0.12,63.25,0.17,-4.83
province,Bagmati,,Total,20 - 24 Years,592273,206,41380,66101,61447,69734,257878,83493,8285,524,1691,1534,0.29,81.19,0.3,69.72,0.27,71.89,0.03,-2.17
province,Bagmati,,Total,25 - 29 Years,540369,249,57765,70331,67553,60764,140320,101062,37285,469,2899,1672,0.54,75.32,0.44,62.54,0.63,63.08,-0.19,-0.54
province,Bagmati,,Total,30 - 34 Years,466229,294,73197,68178,51767,51185,102051,66877,45143,493,4982,2062,1.07,68.0,0.65,57.35,1.48,56.44,-0.83,0.91
province,Bagmati,,Total,35 - 39 Years,407075,394,79601,67633,55580,50666,63527,42093,36457,506,8078,2540,1.98,61.0,0.99,49.22,3.06,45.34,-2.07,3.88
province,Bagmati,,Total,40 - 44 Years,333142,442,71724,52653,49750,45494,44261,29611,25395,573,10505,2734,3.15,58.39,1.45,46.47,5.18,39.88,-3.73,6.59
province,Bagmati,,Total,45 - 49 Years,242784,403,57232,34943,36086,32759,29098,21472,16970,627,10703,2491,4.41,56.18,1.95,44.69,7.77,36.69,-5.82,8.0
province,Bagmati,,Total,50 - 54 Years,210510,445,53582,28159,28860,27684,23515,18818,13731,708,12293,2715,5.84,53.49,2.76,43.06,10.93,34.38,-8.17,8.68
province,Bagmati,,Total,55 - 59 Years,131840,311,37036,15109,16494,16189,13464,12026,8618,534,9864,2195,7.48,50.66,3.97,41.26,14.29,32.13,-10.32,9.13
province,Bagmati,,Total,60 - 64 Years,95722,248,29410,10854,10233,9899,8242,8910,6627,487,8848,1964,9.24,45.87,5.81,37.76,16.39,29.81,-10.58,7.95
province,Bagmati,,Total,65 - 69 Years,64258,180,19766,7054,6642,6340,5052,6086,4924,359,6324,1531,9.84,45.2,7.11,36.59,16.25,30.81,-9.14,5.78
province,Bagmati,,Total,70 - 74 Years,38104,115,11607,4138,3735,3679,2749,3594,2735,233,4448,1071,11.67,43.28,9.61,35.04,17.14,29.34,-7.53,5.7
province,Bagmati,,Total,75+ Years,38528,153,11677,3982,3356,3012,2202,2891,2491,423,6636,1705,17.22,36.21,16.52,29.34,19.29,22.05,-2.77,7.29
province,Bagmati,,Male,Total,2497503,81533,594193,419956,298497,298059,415675,215503,124092,2972,34540,12483,1.38,54.13,1.38,42.18,2.55,42.23,-1.17,-0.05
province,Bagmati,,Male,05 Year,45202,45081,0,0,0,0,0,0,0,14,35,72,0.08,0.0,0.08,0.0,0.08,0.0,0.0,0.0
province,Bagmati,,Male,06 Year,48311,23253,25004,0,0,0,0,0,0,7,14,33,0.03,0.0,0.03,0.0,0.05,0.0,-0.02,0.0
province,Bagmati,,Male,07 Year,45674,7923,37697,0,0,0,0,0,0,6,32,16,0.07,0.0,0.07,0.0,0.04,0.0,0.03,0.0
province,Bagmati,,Male,08 Year,48607,2329,46178,0,0,0,0,0,0,7,74,19,0.15,0.0,0.15,0.0,0.05,0.0,0.1,0.0
province,Bagmati,,Male,09 Year,48139,755,47276,0,0,0,0,0,0,7,84,17,0.17,0.0,0.17,0.0,0.08,0.0,0.09,0.0
province,Bagmati,,Male,10 Year,53136,258,52695,0,0,0,0,0,0,14,157,12,0.3,0.0,0.3,0.0,0.05,0.0,0.25,0.0
province,Bagmati,,Male,11 Year,45981,120,33165,12495,0,0,0,0,0,34,153,14,0.33,0.0,0.33,0.0,0.08,0.0,0.25,0.0
province,Bagmati,,Male,12 Year,53431,99,21403,31684,0,0,0,0,0,25,195,25,0.36,0.0,0.36,0.0,0.06,0.0,0.3,0.0
province,Bagmati,,Male,13 Year,51523,61,9928,41281,0,0,0,0,0,30,196,27,0.38,0.0,0.38,0.0,0.08,0.0,0.3,0.0
province,Bagmati,,Male,14 Year,52866,80,5517,35271,11729,0,0,0,0,32,213,24,0.4,22.19,0.4,0.0,0.09,0.0,0.31,0.0
province,Bagmati,,Male,15 Year,55331,21,2397,22568,23576,6168,0,0,0,43,251,307,0.45,53.76,0.45,11.15,0.12,13.58,0.33,-2.43
province,Bagmati,,Male,16 - 19 Years,241761,66,13326,35663,49981,78220,60273,2754,0,196,700,582,0.29,79.1,0.29,58.42,0.12,63.25,0.17,-4.83
province,Bagmati,,Male,20 - 24 Years,295081,98,22462,35738,29157,37131,125936,39116,3560,250,875,758,0.3,79.61,0.3,69.72,0.27,71.89,0.03,-2.17
province,Bagmati,,Male,25 - 29 Years,264026,115,28859,36425,31321,31585,67203,49240,17095,222,1155,806,0.44,74.4,0.44,62.54,0.63,63.08,-0.19,-0.54
province,Bagmati,,Male,30 - 34 Years,232201,116,35237,35633,25407,27218,49994,33014,22941,249,1515,877,0.65,68.29,0.65,57.35,1.48,56.44,-0.83,0.91
province,Bagmati,,Male,35 - 39 Years,210925,156,38391,36519,28727,27983,33187,21970,20676,207,2083,1026,0.99,62.84,0.99,49.22,3.06,45.34,-2.07,3.88
province,Bagmati,,Male,40 - 44 Years,180632,171,36275,28830,27562,25389,24694,17290,16571,175,2612,1063,1.45,61.73,1.45,46.47,5.18,39.88,-3.73,6.59
province,Bagmati,,Male,45 - 49 Years,140359,156,30753,20755,22089,19443,17241,13722,12314,185,2742,959,1.95,60.42,1.95,44.69,7.77,36.69,-5.82,8.0
province,Bagmati,,Male,50 - 54 Years,131127,161,31728,18224,19556,17589,15118,13203,10549,233,3619,1147,2.76,57.97,2.76,43.06,10.93,34.38,-8.17,8.68
province,Bagmati,,Male,55 - 59 Years,86984,136,24125,10416,11807,11059,9165,8841,6821,172,3453,989,3.97,54.83,3.97,41.26,14.29,32.13,-10.32,9.13
province,Bagmati,,Male,60 - 64 Years,64687,121,20258,7510,7411,6784,5712,6671,5258,227,3761,974,5.81,49.22,5.81,37.76,16.39,29.81,-10.58,7.95
province,Bagmati,,Male,65 - 69 Years,45058,95,14350,5050,4838,4444,3540,4528,3975,189,3204,845,7.11,47.33,7.11,36.59,16.25,30.81,-9.14,5.78
province,Bagmati,,Male,70 - 74 Years,27668,69,8613,3035,2770,2716,1961,2767,2251,150,2659,677,9.61,45.05,9.61,35.04,17.14,29.34,-7.53,5.7
province,Bagmati,,Male,75+ Years,28793,93,8556,2859,2566,2330,1651,2387,2081,298,4758,1214,16.52,38.26,16.52,29.34,19.29,22.05,-2.77,7.29
province,Bagmati,,Female,Total,2176790,68786,502245,350491,263205,246914,400427,187403,84569,3559,55463,13728,2.55,54.32,1.38,42.18,2.55,42.23,-1.17,-0.05
province,Bagmati,,Female,05 Year,39682,39588,0,0,0,0,0,0,0,7,30,57,0.08,0.0,0.08,0.0,0.08,0.0,0.0,0.0
province,Bagmati,,Female,06 Year,42970,18647,24269,0,0,0,0,0,0,11,21,22,0.05,0.0,0.03,0.0,0.05,0.0,-0.02,0.0
province,Bagmati,,Female,07 Year,41152,5763,35360,0,0,0,0,0,0,2,18,9,0.04,0.0,0.07,0.0,0.04,0.0,0.03,0.0
province,Bagmati,,Female,08 Year,43080,1665,41372,0,0,0,0,0,0,6,21,16,0.05,0.0,0.15,0.0,0.05,0.0,0.1,0.0
province,Bagmati,,Female,09 Year,42969,596,42319,0,0,0,0,0,0,7,35,12,0.08,0.0,0.17,0.0,0.08,0.0,0.09,0.0
province,Bagmati,,Female,10 Year,46662,196,46420,0,0,0,0,0,0,3,25,18,0.05,0.0,0.3,0.0,0.05,0.0,0.25,0.0
province,Bagmati,,Female,11 Year,41869,93,28574,13153,0,0,0,0,0,4,35,10,0.08,0.0,0.33,0.0,0.08,0.0,0.25,0.0
province,Bagmati,,Female,12 Year,48859,85,17574,31156,0,0,0,0,0,5,27,12,0.06,0.0,0.36,0.0,0.06,0.0,0.3,0.0
province,Bagmati,,Female,13 Year,48156,62,7871,40168,0,0,0,0,0,11,38,6,0.08,0.0,0.38,0.0,0.08,0.0,0.3,0.0
province,Bagmati,,Female,14 Year,50163,67,4313,32384,13332,0,0,0,0,6,47,14,0.09,26.58,0.4,0.0,0.09,0.0,0.31,0.0
province,Bagmati,,Female,15 Year,52203,22,1484,18764,24523,7091,0,0,0,11,64,244,0.12,60.56,0.45,11.15,0.12,13.58,0.33,-2.43
province,Bagmati,,Female,16 - 19 Years,225732,49,8319,26725,47058,76089,63470,3219,0,107,267,429,0.12,84.1,0.29,58.42,0.12,63.25,0.17,-4.83
province,Bagmati,,Female,20 - 24 Years,297192,108,18918,30363,32290,32603,131942,44377,4725,274,816,776,0.27,82.75,0.3,69.72,0.27,71.89,0.03,-2.17
province,Bagmati,,Female,25 - 29 Years,276343,134,28906,33906,36232,29179,73117,51822,20190,247,1744,866,0.63,76.19,0.44,62.54,0.63,63.08,-0.19,-0.54
province,Bagmati,,Female,30 - 34 Years,234028,178,37960,32545,26360,23967,52057,33863,22202,244,3467,1185,1.48,67.71,0.65,57.35,1.48,56.44,-0.83,0.91
province,Bagmati,,Female,35 - 39 Years,196150,238,41210,31114,26853,22683,30340,20123,15781,299,5995,1514,3.06,59.03,0.99,49.22,3.06,45.34,-2.07,3.88
province,Bagmati,,Female,40 - 44 Years,152510,271,35449,23823,22188,20105,19567,12321,8824,398,7893,1671,5.18,54.43,1.45,46.47,5.18,39.88,-3.73,6.59
province,Bagmati,,Female,45 - 49 Years,102425,247,26479,14188,13997,13316,11857,7750,4656,442,7961,1532,7.77,50.35,1.95,44.69,7.77,36.69,-5.82,8.0
province,Bagmati,,Female,50 - 54 Years,79383,284,21854,9935,9304,10095,8397,5615,3182,475,8674,1568,10.93,46.1,2.76,43.06,10.93,34.38,-8.17,8.68
province,Bagmati,,Female,55 - 59 Years,44856,175,12911,4693,4687,5130,4299,3185,1797,362,6411,1206,14.29,42.58,3.97,41.26,14.29,32.13,-10.32,9.13
province,Bagmati,,Female,60 - 64 Years,31035,127,9152,3344,2822,3115,2530,2239,1369,260,5087,990,16.39,38.91,5.81,37.76,16.39,29.81,-10.58,7.95
province,Bagmati,,Female,65 - 69 Years,19200,85,5416,2004,1804,1896,1512,1558,949,170,3120,686,16.25,40.2,7.11,36.59,16.25,30.81,-9.14,5.78
province,Bagmati,,Female,70 - 74 Years,10436,46,2994,1103,965,963,788,827,484,83,1789,394,17.14,38.59,9.61,35.04,17.14,29.34,-7.53,5.7
province,Bagmati,,Female,75+ Years,9735,60,3121,1123,790,682,551,504,410,125,1878,491,19.29,30.17,16.52,29.34,19.29,22.05,-2.77,7.29
district,Bagmati,Dolakha,Total,Total,116511,4215,36711,23613,16251,10384,14398,3480,1843,74,4516,1026,3.88,39.79,2.55,25.59,5.43,26.13,-2.88,-0.54
district,Bagmati,Dolakha,Total,05 Year,2492,2485,0,0,0,0,0,0,0,0,0,7,0.0,0.0,0.0,0.0,0.0,0.0,0.0,0.0
district,Bagmati,Dolakha,Total,06 Year,2751,964,1785,0,0,0,0,0,0,0,1,1,0.04,0.0,0.0,0.0,0.07,0.0,-0.07,0.0
district,Bagmati,Dolakha,Total,07 Year,2582,366,2216,0,0,0,0,0,0,0,0,0,0.0,0.0,0.0,0.0,0.0,0.0,0.0,0.0
district,Bagmati,Dolakha,Total,08 Year,2709,125,2583,0,0,0,0,0,0,0,0,1,0.0,0.0,0.0,0.0,0.0,0.0,0.0,0.0
district,Bagmati,Dolakha,Total,09 Year,2819,42,2775,0,0,0,0,0,0,0,0,2,0.0,0.0,0.0,0.0,0.0,0.0,0.0,0.0
district,Bagmati,Dolakha,Total,10 Year,2997,12,2983,0,0,0,0,0,0,0,1,1,0.03,0.0,0.0,0.0,0.07,0.0,-0.07,0.0
district,Bagmati,Dolakha,Total,11 Year,2488,6,1714,767,0,0,0,0,0,0,0,1,0.0,0.0,0.0,0.0,0.0,0.0,0.0,0.0
district,Bagmati,Dolakha,Total,12 Year,3240,3,1407,1828,0,0,0,0,0,0,0,2,0.0,0.0,0.0,0.0,0.0,0.0,0.0,0.0
district,Bagmati,Dolakha,Total,13 Year,3231,4,686,2538,0,0,0,0,0,0,3,0,0.09,0.0,0.19,0.0,0.0,0.0,0.19,0.0
district,Bagmati,Dolakha,Total,14 Year,3230,7,319,2103,801,0,0,0,0,0,0,0,0.0,24.8,0.0,0.0,0.0,0.0,0.0,0.0
district,Bagmati,Dolakha,Total,15 Year,3354,0,93,1618,1385,247,0,0,0,0,2,9,0.06,48.66,0.06,6.87,0.06,7.83,0.0,-0.96
district,Bagmati,Dolakha,Total,16 - 19 Years,12930,3,625,2551,3944,3407,2299,62,0,1,10,28,0.08,75.11,0.09,41.11,0.06,48.0,0.03,-6.89
district,Bagmati,Dolakha,Total,20 - 24 Years,14344,5,1215,2344,2440,2185,5079,812,164,9,48,43,0.33,74.46,0.32,55.61,0.35,59.19,-0.03,-3.58
district,Bagmati,Dolakha,Total,25 - 29 Years,12769,8,1816,2451,2438,1543,2970,972,418,7,96,50,0.75,65.32,0.55,46.55,0.95,45.91,-0.4,0.64
district,Bagmati,Dolakha,Total,30 - 34 Years,10224,7,2628,2005,1316,940,1857,696,469,4,230,72,2.25,51.62,0.79,40.93,3.85,36.37,-3.06,4.56
district,Bagmati,Dolakha,Total,35 - 39 Years,8290,17,2808,1748,1037,577,868,400,334,8,391,102,4.72,38.79,1.26,29.57,8.86,22.34,-7.6,7.23
district,Bagmati,Dolakha,Total,40 - 44 Years,6590,38,2522,1236,814,455,478,204,161,7,558,117,8.47,32.05,3.19,23.82,15.64,14.1,-12.45,9.72
district,Bagmati,Dolakha,Total,45 - 49 Years,4960,35,1994,775,642,290,243,124,118,9,627,103,12.64,28.57,4.56,19.58,24.82,9.66,-20.26,9.92
district,Bagmati,Dolakha,Total,50 - 54 Years,4846,27,1912,655,630,327,284,116,98,9,672,116,13.87,30.02,5.64,21.69,29.99,7.88,-24.35,13.81
district,Bagmati,Dolakha,Total,55 - 59 Years,3300,20,1507,382,322,165,160,42,39,3,559,101,16.94,22.06,8.77,15.83,35.23,4.42,-26.46,11.41
district,Bagmati,Dolakha,Total,60 - 64 Years,2497,21,1249,225,188,123,74,22,17,3,483,92,19.34,16.98,12.42,11.24,39.56,4.24,-27.14,7.0
district,Bagmati,Dolakha,Total,65 - 69 Years,1870,11,948,189,138,62,50,18,13,8,352,81,18.82,15.03,13.51,8.73,36.77,3.98,-23.26,4.75
district,Bagmati,Dolakha,Total,70 - 74 Years,1029,5,500,100,87,38,25,4,7,4,207,52,20.12,15.65,16.18,7.74,39.2,4.55,-23.02,3.19
district,Bagmati,Dolakha,Total,75+ Years,969,4,426,98,69,25,11,8,5,2,276,45,28.48,12.18,27.74,4.96,33.61,5.74,-5.87,-0.78
district,Bagmati,Dolakha,Male,Total,62834,2232,20201,13256,8960,5777,7245,1862,1196,23,1603,479,2.55,39.85,2.55,25.59,5.43,26.13,-2.88,-0.54
district,Bagmati,Dolakha,Male,05 Year,1301,1295,0,0,0,0,0,0,0,0,0,6,0.0,0.0,0.0,0.0,0.0,0.0,0.0,0.0
district,Bagmati,Dolakha,Male,06 Year,1380,523,856,0,0,0,0,0,0,0,0,1,0.0,0.0,0.0,0.0,0.07,0.0,-0.07,0.0
district,Bagmati,Dolakha,Male,07 Year,1296,218,1078,0,0,0,0,0,0,0,0,0,0.0,0.0,0.0,0.0,0.0,0.0,0.0,0.0
district,Bagmati,Dolakha,Male,08 Year,1383,74,1308,0,0,0,0,0,0,0,0,1,0.0,0.0,0.0,0.0,0.0,0.0,0.0,0.0
district,Bagmati,Dolakha,Male,09 Year,1443,25,1417,0,0,0,0,0,0,0,0,1,0.0,0.0,0.0,0.0,0.0,0.0,0.0,0.0
district,Bagmati,Dolakha,Male,10 Year,1506,7,1498,0,0,0,0,0,0,0,0,1,0.0,0.0,0.0,0.0,0.07,0.0,-0.07,0.0
district,Bagmati,Dolakha,Male,11 Year,1228,2,882,344,0,0,0,0,0,0,0,0,0.0,0.0,0.0,0.0,0.0,0.0,0.0,0.0
district,Bagmati,Dolakha,Male,12 Year,1616,1,757,857,0,0,0,0,0,0,0,1,0.0,0.0,0.0,0.0,0.0,0.0,0.0,0.0
district,Bagmati,Dolakha,Male,13 Year,1615,1,354,1257,0,0,0,0,0,0,3,0,0.19,0.0,0.19,0.0,0.0,0.0,0.19,0.0
district,Bagmati,Dolakha,Male,14 Year,1603,4,176,1064,359,0,0,0,0,0,0,0,0.0,22.4,0.0,0.0,0.0,0.0,0.0,0.0
district,Bagmati,Dolakha,Male,15 Year,1630,0,57,831,626,112,0,0,0,0,1,3,0.06,45.28,0.06,6.87,0.06,7.83,0.0,-0.96
district,Bagmati,Dolakha,Male,16 - 19 Years,6361,2,373,1439,1910,1596,997,22,0,0,6,16,0.09,71.14,0.09,41.11,0.06,48.0,0.03,-6.89
district,Bagmati,Dolakha,Male,20 - 24 Years,6981,1,623,1228,1200,1136,2315,355,76,3,22,22,0.32,72.8,0.32,55.61,0.35,59.19,-0.03,-3.58
district,Bagmati,Dolakha,Male,25 - 29 Years,6354,4,854,1261,1219,814,1446,482,216,1,35,22,0.55,65.74,0.55,46.55,0.95,45.91,-0.4,0.64
district,Bagmati,Dolakha,Male,30 - 34 Years,5346,4,1189,1140,759,551,973,376,288,0,42,24,0.79,55.13,0.79,40.93,3.85,36.37,-3.06,4.56
district,Bagmati,Dolakha,Male,35 - 39 Years,4521,2,1342,1089,659,380,500,231,226,2,57,33,1.26,44.15,1.26,29.57,8.86,22.34,-7.6,7.23
district,Bagmati,Dolakha,Male,40 - 44 Years,3795,9,1331,817,570,329,321,121,133,2,121,41,3.19,38.84,3.19,23.82,15.64,14.1,-12.45,9.72
district,Bagmati,Dolakha,Male,45 - 49 Years,2982,14,1178,551,486,221,172,92,99,2,136,31,4.56,35.88,4.56,19.58,24.82,9.66,-20.26,9.92
district,Bagmati,Dolakha,Male,50 - 54 Years,3209,9,1250,527,495,275,241,96,84,2,181,49,5.64,37.11,5.64,21.69,29.99,7.88,-24.35,13.81
district,Bagmati,Dolakha,Male,55 - 59 Years,2281,11,1090,310,264,145,137,41,38,0,200,45,8.77,27.4,8.77,15.83,35.23,4.42,-26.46,11.41
district,Bagmati,Dolakha,Male,60 - 64 Years,1860,11,993,196,162,109,66,19,15,2,231,56,12.42,19.95,12.42,11.24,39.56,4.24,-27.14,7.0
district,Bagmati,Dolakha,Male,65 - 69 Years,1443,8,774,171,113,52,45,18,11,4,195,52,13.51,16.56,13.51,8.73,36.77,3.98,-23.26,4.75
district,Bagmati,Dolakha,Male,70 - 74 Years,853,4,436,92,79,34,24,1,7,3,138,35,16.18,17.0,16.18,7.74,39.2,4.55,-23.02,3.19
district,Bagmati,Dolakha,Male,75+ Years,847,3,385,82,59,23,8,8,3,2,235,39,27.74,11.92,27.74,4.96,33.61,5.74,-5.87,-0.78
district,Bagmati,Dolakha,Female,Total,53677,1983,16510,10357,7291,4607,7153,1618,647,51,2913,547,5.43,39.71,2.55,25.59,5.43,26.13,-2.88,-0.54
district,Bagmati,Dolakha,Female,05 Year,1191,1190,0,0,0,0,0,0,0,0,0,1,0.0,0.0,0.0,0.0,0.0,0.0,0.0,0.0
district,Bagmati,Dolakha,Female,06 Year,1371,441,929,0,0,0,0,0,0,0,1,0,0.07,0.0,0.0,0.0,0.07,0.0,-0.07,0.0
district,Bagmati,Dolakha,Female,07 Year,1286,148,1138,0,0,0,0,0,0,0,0,0,0.0,0.0,0.0,0.0,0.0,0.0,0.0,0.0
district,Bagmati,Dolakha,Female,08 Year,1326,51,1275,0,0,0,0,0,0,0,0,0,0.0,0.0,0.0,0.0,0.0,0.0,0.0,0.0
district,Bagmati,Dolakha,Female,09 Year,1376,17,1358,0,0,0,0,0,0,0,0,1,0.0,0.0,0.0,0.0,0.0,0.0,0.0,0.0
district,Bagmati,Dolakha,Female,10 Year,1491,5,1485,0,0,0,0,0,0,0,1,0,0.07,0.0,0.0,0.0,0.07,0.0,-0.07,0.0
district,Bagmati,Dolakha,Female,11 Year,1260,4,832,423,0,0,0,0,0,0,0,1,0.0,0.0,0.0,0.0,0.0,0.0,0.0,0.0
district,Bagmati,Dolakha,Female,12 Year,1624,2,650,971,0,0,0,0,0,0,0,1,0.0,0.0,0.0,0.0,0.0,0.0,0.0,0.0
district,Bagmati,Dolakha,Female,13 Year,1616,3,332,1281,0,0,0,0,0,0,0,0,0.0,0.0,0.19,0.0,0.0,0.0,0.19,0.0
district,Bagmati,Dolakha,Female,14 Year,1627,3,143,1039,442,0,0,0,0,0,0,0,0.0,27.17,0.0,0.0,0.0,0.0,0.0,0.0
district,Bagmati,Dolakha,Female,15 Year,1724,0,36,787,759,135,0,0,0,0,1,6,0.06,51.86,0.06,6.87,0.06,7.83,0.0,-0.96
district,Bagmati,Dolakha,Female,16 - 19 Years,6569,1,252,1112,2034,1811,1302,40,0,1,4,12,0.06,78.96,0.09,41.11,0.06,48.0,0.03,-6.89
district,Bagmati,Dolakha,Female,20 - 24 Years,7363,4,592,1116,1240,1049,2764,457,88,6,26,21,0.35,76.03,0.32,55.61,0.35,59.19,-0.03,-3.58
district,Bagmati,Dolakha,Female,25 - 29 Years,6415,4,962,1190,1219,729,1524,490,202,6,61,28,0.95,64.91,0.55,46.55,0.95,45.91,-0.4,0.64
district,Bagmati,Dolakha,Female,30 - 34 Years,4878,3,1439,865,557,389,884,320,181,4,188,48,3.85,47.79,0.79,40.93,3.85,36.37,-3.06,4.56
district,Bagmati,Dolakha,Female,35 - 39 Years,3769,15,1466,659,378,197,368,169,108,6,334,69,8.86,32.37,1.26,29.57,8.86,22.34,-7.6,7.23
district,Bagmati,Dolakha,Female,40 - 44 Years,2795,29,1191,419,244,126,157,83,28,5,437,76,15.64,22.83,3.19,23.82,15.64,14.1,-12.45,9.72
district,Bagmati,Dolakha,Female,45 - 49 Years,1978,21,816,224,156,69,71,32,19,7,491,72,24.82,17.54,4.56,19.58,24.82,9.66,-20.26,9.92
district,Bagmati,Dolakha,Female,50 - 54 Years,1637,18,662,128,135,52,43,20,14,7,491,67,29.99,16.13,5.64,21.69,29.99,7.88,-24.35,13.81
district,Bagmati,Dolakha,Female,55 - 59 Years,1019,9,417,72,58,20,23,1,1,3,359,56,35.23,10.11,8.77,15.83,35.23,4.42,-26.46,11.41
district,Bagmati,Dolakha,Female,60 - 64 Years,637,10,256,29,26,14,8,3,2,1,252,36,39.56,8.32,12.42,11.24,39.56,4.24,-27.14,7.0
district,Bagmati,Dolakha,Female,65 - 69 Years,427,3,174,18,25,10,5,0,2,4,157,29,36.77,9.84,13.51,8.73,36.77,3.98,-23.26,4.75
district,Bagmati,Dolakha,Female,70 - 74 Years,176,1,64,8,8,4,1,3,0,1,69,17,39.2,9.09,16.18,7.74,39.2,4.55,-23.02,3.19
district,Bagmati,Dolakha,Female,75+ Years,122,1,41,16,10,2,3,0,2,0,41,6,33.61,13.93,27.74,4.96,33.61,5.74,-5.87,-0.78
district,Bagmati,Sindhupalchok,Total,Total,165278,6387,56665,33817,22448,11858,18496,4256,2277,399,7012,1663,4.24,35.9,2.97,21.58,5.74,23.19,-2.77,-1.61
district,Bagmati,Sindhupalchok,Total,05 Year,3922,3919,0,0,0,0,0,0,0,0,2,1,0.05,0.0,0.05,0.0,0.05,0.0,0.0,0.0
district,Bagmati,Sindhupalchok,Total,06 Year,4247,1482,2763,0,0,0,0,0,0,0,0,2,0.0,0.0,0.0,0.0,0.0,0.0,0.0,0.0
district,Bagmati,Sindhupalchok,Total,07 Year,3892,525,3363,0,0,0,0,0,0,1,1,2,0.03,0.0,0.05,0.0,0.0,0.0,0.05,0.0
district,Bagmati,Sindhupalchok,Total,08 Year,4118,211,3904,0,0,0,0,0,0,0,1,2,0.02,0.0,0.0,0.0,0.05,0.0,-0.05,0.0
district,Bagmati,Sindhupalchok,Total,09 Year,4106,55,4050,0,0,0,0,0,0,0,0,1,0.0,0.0,0.0,0.0,0.0,0.0,0.0,0.0
district,Bagmati,Sindhupalchok,Total,10 Year,4503,22,4481,0,0,0,0,0,0,0,0,0,0.0,0.0,0.0,0.0,0.0,0.0,0.0,0.0
district,Bagmati,Sindhupalchok,Total,11 Year,3893,7,2764,1122,0,0,0,0,0,0,0,0,0.0,0.0,0.0,0.0,0.0,0.0,0.0,0.0
district,Bagmati,Sindhupalchok,Total,12 Year,5110,6,2200,2904,0,0,0,0,0,0,0,0,0.0,0.0,0.0,0.0,0.0,0.0,0.0,0.0
district,Bagmati,Sindhupalchok,Total,13 Year,4755,5,1137,3610,0,0,0,0,0,0,1,2,0.02,0.0,0.04,0.0,0.0,0.0,0.04,0.0
district,Bagmati,Sindhupalchok,Total,14 Year,4872,7,596,3171,1095,0,0,0,0,0,1,2,0.02,22.48,0.0,0.0,0.04,0.0,-0.04,0.0
district,Bagmati,Sindhupalchok,Total,15 Year,5141,0,178,2437,2131,349,0,0,0,1,18,27,0.35,48.24,0.16,5.68,0.52,7.8,-0.36,-2.12
district,Bagmati,Sindhupalchok,Total,16 - 19 Years,18699,5,1118,4004,5693,4266,3426,103,0,4,17,63,0.09,72.13,0.11,37.46,0.07,45.77,0.04,-8.31
district,Bagmati,Sindhupalchok,Total,20 - 24 Years,20342,9,2758,3629,3423,2407,6494,1231,188,8,107,88,0.53,67.56,0.46,47.68,0.59,53.61,-0.13,-5.93
district,Bagmati,Sindhupalchok,Total,25 - 29 Years,18152,14,3861,3484,3157,1719,3837,1161,607,14,205,93,1.13,57.74,0.69,40.12,1.58,40.58,-0.89,-0.46
district,Bagmati,Sindhupalchok,Total,30 - 34 Years,14398,19,4612,2744,1739,1024,2334,798,572,10,439,107,3.05,44.92,1.43,34.48,4.98,30.88,-3.55,3.6
district,Bagmati,Sindhupalchok,Total,35 - 39 Years,11742,18,4404,2337,1488,727,1023,453,407,28,691,166,5.88,34.9,2.47,24.45,10.23,19.4,-7.76,5.05
district,Bagmati,Sindhupalchok,Total,40 - 44 Years,9262,23,3788,1657,1192,427,520,211,219,34,983,208,10.61,27.74,4.06,17.48,20.45,10.94,-16.39,6.54
district,Bagmati,Sindhupalchok,Total,45 - 49 Years,6797,16,2877,1028,870,288,267,129,131,62,954,175,14.04,24.79,5.9,14.98,28.39,6.71,-22.49,8.27
district,Bagmati,Sindhupalchok,Total,50 - 54 Years,6206,13,2673,749,709,304,315,92,82,53,1006,210,16.21,24.2,8.0,16.26,32.81,5.74,-24.81,10.52
district,Bagmati,Sindhupalchok,Total,55 - 59 Years,3950,11,1808,404,412,177,156,40,36,44,719,143,18.2,20.78,10.07,13.04,39.78,3.24,-29.71,9.8
district,Bagmati,Sindhupalchok,Total,60 - 64 Years,2917,8,1377,235,250,84,60,20,14,46,680,143,23.31,14.67,16.05,7.26,44.11,2.78,-28.06,4.48
district,Bagmati,Sindhupalchok,Total,65 - 69 Years,2061,4,1022,159,156,46,26,7,12,37,491,101,23.82,11.98,18.18,4.98,46.15,2.16,-27.97,2.82
district,Bagmati,Sindhupalchok,Total,70 - 74 Years,1182,3,539,86,83,26,19,10,8,24,330,54,27.92,12.35,23.54,5.54,46.46,4.42,-22.92,1.12
district,Bagmati,Sindhupalchok,Total,75+ Years,1011,5,392,57,50,14,19,1,1,33,366,73,36.2,8.41,34.01,3.58,46.82,2.89,-12.81,0.69
district,Bagmati,Sindhupalchok,Male,Total,89429,3331,31735,19013,12421,6597,9140,2132,1432,171,2659,798,2.97,35.47,2.97,21.58,5.74,23.19,-2.77,-1.61
district,Bagmati,Sindhupalchok,Male,05 Year,2015,2013,0,0,0,0,0,0,0,0,1,1,0.05,0.0,0.05,0.0,0.05,0.0,0.0,0.0
district,Bagmati,Sindhupalchok,Male,06 Year,2179,782,1395,0,0,0,0,0,0,0,0,2,0.0,0.0,0.0,0.0,0.0,0.0,0.0,0.0
district,Bagmati,Sindhupalchok,Male,07 Year,1953,294,1657,0,0,0,0,0,0,0,1,1,0.05,0.0,0.05,0.0,0.0,0.0,0.05,0.0
district,Bagmati,Sindhupalchok,Male,08 Year,2056,119,1936,0,0,0,0,0,0,0,0,1,0.0,0.0,0.0,0.0,0.05,0.0,-0.05,0.0
district,Bagmati,Sindhupalchok,Male,09 Year,2044,29,2015,0,0,0,0,0,0,0,0,0,0.0,0.0,0.0,0.0,0.0,0.0,0.0,0.0
district,Bagmati,Sindhupalchok,Male,10 Year,2274,6,2268,0,0,0,0,0,0,0,0,0,0.0,0.0,0.0,0.0,0.0,0.0,0.0,0.0
district,Bagmati,Sindhupalchok,Male,11 Year,1930,4,1403,523,0,0,0,0,0,0,0,0,0.0,0.0,0.0,0.0,0.0,0.0,0.0,0.0
district,Bagmati,Sindhupalchok,Male,12 Year,2562,5,1166,1391,0,0,0,0,0,0,0,0,0.0,0.0,0.0,0.0,0.0,0.0,0.0,0.0
district,Bagmati,Sindhupalchok,Male,13 Year,2325,1,626,1695,0,0,0,0,0,0,1,2,0.04,0.0,0.04,0.0,0.0,0.0,0.04,0.0
district,Bagmati,Sindhupalchok,Male,14 Year,2395,4,331,1595,463,0,0,0,0,0,0,2,0.0,19.33,0.0,0.0,0.04,0.0,-0.04,0.0
district,Bagmati,Sindhupalchok,Male,15 Year,2463,0,112,1253,944,140,0,0,0,0,4,10,0.16,44.01,0.16,5.68,0.52,7.8,-0.36,-2.12
district,Bagmati,Sindhupalchok,Male,16 - 19 Years,9181,3,672,2185,2835,1947,1459,33,0,0,10,37,0.11,68.34,0.11,37.46,0.07,45.77,0.04,-8.31
district,Bagmati,Sindhupalchok,Male,20 - 24 Years,9880,2,1450,1963,1670,1229,2916,490,76,3,45,36,0.46,64.59,0.46,47.68,0.59,53.61,-0.13,-5.93
district,Bagmati,Sindhupalchok,Male,25 - 29 Years,9247,7,1901,1910,1602,992,1863,550,305,3,64,50,0.69,57.45,0.69,40.12,1.58,40.58,-0.89,-0.46
district,Bagmati,Sindhupalchok,Male,30 - 34 Years,7833,12,2319,1640,1001,668,1283,405,345,6,112,42,1.43,47.26,1.43,34.48,4.98,30.88,-3.55,3.6
district,Bagmati,Sindhupalchok,Male,35 - 39 Years,6572,8,2307,1491,928,510,568,250,279,10,162,59,2.47,38.57,2.47,24.45,10.23,19.4,-7.76,5.05
district,Bagmati,Sindhupalchok,Male,40 - 44 Years,5560,7,2228,1171,862,316,339,145,172,11,226,83,4.06,32.99,4.06,17.48,20.45,10.94,-16.39,6.54
district,Bagmati,Sindhupalchok,Male,45 - 49 Years,4338,5,1838,791,722,220,207,107,116,10,256,66,5.9,31.63,5.9,14.98,28.39,6.71,-22.49,8.27
district,Bagmati,Sindhupalchok,Male,50 - 54 Years,4152,9,1856,601,579,258,264,82,71,15,332,85,8.0,30.2,8.0,16.26,32.81,5.74,-24.81,10.52
district,Bagmati,Sindhupalchok,Male,55 - 59 Years,2869,8,1419,339,350,164,139,37,34,15,289,75,10.07,25.24,10.07,13.04,39.78,3.24,-29.71,9.8
district,Bagmati,Sindhupalchok,Male,60 - 64 Years,2162,6,1143,195,212,74,51,18,14,26,347,76,16.05,17.07,16.05,7.26,44.11,2.78,-28.06,4.48
district,Bagmati,Sindhupalchok,Male,65 - 69 Years,1645,2,890,140,137,41,22,7,12,22,299,73,18.18,13.31,18.18,4.98,46.15,2.16,-27.97,2.82
district,Bagmati,Sindhupalchok,Male,70 - 74 Years,956,3,469,76,72,25,14,7,7,18,225,40,23.54,13.08,23.54,5.54,46.46,4.42,-22.92,1.12
district,Bagmati,Sindhupalchok,Male,75+ Years,838,2,334,54,44,13,15,1,1,32,285,57,34.01,8.83,34.01,3.58,46.82,2.89,-12.81,0.69
district,Bagmati,Sindhupalchok,Female,Total,75849,3056,24930,14804,10027,5261,9356,2124,845,228,4353,865,5.74,36.41,2.97,21.58,5.74,23.19,-2.77,-1.61
district,Bagmati,Sindhupalchok,Female,05 Year,1907,1906,0,0,0,0,0,0,0,0,1,0,0.05,0.0,0.05,0.0,0.05,0.0,0.0,0.0
district,Bagmati,Sindhupalchok,Female,06 Year,2068,700,1368,0,0,0,0,0,0,0,0,0,0.0,0.0,0.0,0.0,0.0,0.0,0.0,0.0
district,Bagmati,Sindhupalchok,Female,07 Year,1939,231,1706,0,0,0,0,0,0,1,0,1,0.0,0.0,0.05,0.0,0.0,0.0,0.05,0.0
district,Bagmati,Sindhupalchok,Female,08 Year,2062,92,1968,0,0,0,0,0,0,0,1,1,0.05,0.0,0.0,0.0,0.05,0.0,-0.05,0.0
district,Bagmati,Sindhupalchok,Female,09 Year,2062,26,2035,0,0,0,0,0,0,0,0,1,0.0,0.0,0.0,0.0,0.0,0.0,0.0,0.0
district,Bagmati,Sindhupalchok,Female,10 Year,2229,16,2213,0,0,0,0,0,0,0,0,0,0.0,0.0,0.0,0.0,0.0,0.0,0.0,0.0
district,Bagmati,Sindhupalchok,Female,11 Year,1963,3,1361,599,0,0,0,0,0,0,0,0,0.0,0.0,0.0,0.0,0.0,0.0,0.0,0.0
district,Bagmati,Sindhupalchok,Female,12 Year,2548,1,1034,1513,0,0,0,0,0,0,0,0,0.0,0.0,0.0,0.0,0.0,0.0,0.0,0.0
district,Bagmati,Sindhupalchok,Female,13 Year,2430,4,511,1915,0,0,0,0,0,0,0,0,0.0,0.0,0.04,0.0,0.0,0.0,0.04,0.0
district,Bagmati,Sindhupalchok,Female,14 Year,2477,3,265,1576,632,0,0,0,0,0,1,0,0.04,25.51,0.0,0.0,0.04,0.0,-0.04,0.0
district,Bagmati,Sindhupalchok,Female,15 Year,2678,0,66,1184,1187,209,0,0,0,1,14,17,0.52,52.13,0.16,5.68,0.52,7.8,-0.36,-2.12
district,Bagmati,Sindhupalchok,Female,16 - 19 Years,9518,2,446,1819,2858,2319,1967,70,0,4,7,26,0.07,75.79,0.11,37.46,0.07,45.77,0.04,-8.31
district,Bagmati,Sindhupalchok,Female,20 - 24 Years,10462,7,1308,1666,1753,1178,3578,741,112,5,62,52,0.59,70.37,0.46,47.68,0.59,53.61,-0.13,-5.93
district,Bagmati,Sindhupalchok,Female,25 - 29 Years,8905,7,1960,1574,1555,727,1974,611,302,11,141,43,1.58,58.05,0.69,40.12,1.58,40.58,-0.89,-0.46
district,Bagmati,Sindhupalchok,Female,30 - 34 Years,6565,7,2293,1104,738,356,1051,393,227,4,327,65,4.98,42.12,1.43,34.48,4.98,30.88,-3.55,3.6
district,Bagmati,Sindhupalchok,Female,35 - 39 Years,5170,10,2097,846,560,217,455,203,128,18,529,107,10.23,30.23,2.47,24.45,10.23,19.4,-7.76,5.05
district,Bagmati,Sindhupalchok,Female,40 - 44 Years,3702,16,1560,486,330,111,181,66,47,23,757,125,20.45,19.85,4.06,17.48,20.45,10.94,-16.39,6.54
district,Bagmati,Sindhupalchok,Female,45 - 49 Years,2459,11,1039,237,148,68,60,22,15,52,698,109,28.39,12.73,5.9,14.98,28.39,6.71,-22.49,8.27
district,Bagmati,Sindhupalchok,Female,50 - 54 Years,2054,4,817,148,130,46,51,10,11,38,674,125,32.81,12.07,8.0,16.26,32.81,5.74,-24.81,10.52
district,Bagmati,Sindhupalchok,Female,55 - 59 Years,1081,3,389,65,62,13,17,3,2,29,430,68,39.78,8.97,10.07,13.04,39.78,3.24,-29.71,9.8
district,Bagmati,Sindhupalchok,Female,60 - 64 Years,755,2,234,40,38,10,9,2,0,20,333,67,44.11,7.81,16.05,7.26,44.11,2.78,-28.06,4.48
district,Bagmati,Sindhupalchok,Female,65 - 69 Years,416,2,132,19,19,5,4,0,0,15,192,28,46.15,6.73,18.18,4.98,46.15,2.16,-27.97,2.82
district,Bagmati,Sindhupalchok,Female,70 - 74 Years,226,0,70,10,11,1,5,3,1,6,105,14,46.46,9.29,23.54,5.54,46.46,4.42,-22.92,1.12
district,Bagmati,Sindhupalchok,Female,75+ Years,173,3,58,3,6,1,4,0,0,1,81,16,46.82,6.36,34.01,3.58,46.82,2.89,-12.81,0.69
district,Bagmati,Rasuwa,Total,Total,29699,1223,9290,6107,4227,2320,3966,1054,357,9,963,183,3.24,40.15,3.13,26.04,3.39,25.76,-0.26,0.28
district,Bagmati,Rasuwa,Total,05 Year,807,804,0,0,0,0,0,0,0,0,0,3,0.0,0.0,0.0,0.0,0.0,0.0,0.0,0.0
district,Bagmati,Rasuwa,Total,06 Year,782,245,537,0,0,0,0,0,0,0,0,0,0.0,0.0,0.0,0.0,0.0,0.0,0.0,0.0
district,Bagmati,Rasuwa,Total,07 Year,719,94,625,0,0,0,0,0,0,0,0,0,0.0,0.0,0.0,0.0,0.0,0.0,0.0,0.0
district,Bagmati,Rasuwa,Total,08 Year,758,44,714,0,0,0,0,0,0,0,0,0,0.0,0.0,0.0,0.0,0.0,0.0,0.0,0.0
district,Bagmati,Rasuwa,Total,09 Year,812,15,797,0,0,0,0,0,0,0,0,0,0.0,0.0,0.0,0.0,0.0,0.0,0.0,0.0
district,Bagmati,Rasuwa,Total,10 Year,879,4,875,0,0,0,0,0,0,0,0,0,0.0,0.0,0.0,0.0,0.0,0.0,0.0,0.0
district,Bagmati,Rasuwa,Total,11 Year,728,0,523,205,0,0,0,0,0,0,0,0,0.0,0.0,0.0,0.0,0.0,0.0,0.0,0.0
district,Bagmati,Rasuwa,Total,12 Year,839,1,407,430,0,0,0,0,0,0,1,0,0.12,0.0,0.24,0.0,0.0,0.0,0.24,0.0
district,Bagmati,Rasuwa,Total,13 Year,804,0,198,605,0,0,0,0,0,0,0,1,0.0,0.0,0.0,0.0,0.0,0.0,0.0,0.0
district,Bagmati,Rasuwa,Total,14 Year,769,2,99,513,154,0,0,0,0,0,1,0,0.13,20.03,0.0,0.0,0.23,0.0,-0.23,0.0
district,Bagmati,Rasuwa,Total,15 Year,782,0,27,413,288,49,0,0,0,0,0,5,0.0,43.09,0.0,4.6,0.0,7.93,0.0,-3.33
district,Bagmati,Rasuwa,Total,16 - 19 Years,3441,0,223,799,1077,761,554,13,0,1,9,4,0.26,69.89,0.24,36.15,0.28,40.92,-0.04,-4.77
district,Bagmati,Rasuwa,Total,20 - 24 Years,4310,1,401,718,809,543,1469,267,30,1,64,7,1.48,72.34,1.29,52.03,1.71,55.38,-0.42,-3.35
district,Bagmati,Rasuwa,Total,25 - 29 Years,3682,2,568,701,714,391,832,293,102,0,66,13,1.79,63.34,1.73,44.58,1.87,43.17,-0.14,1.41
district,Bagmati,Rasuwa,Total,30 - 34 Years,2901,3,717,561,373,217,559,235,102,3,118,13,4.07,51.22,3.23,38.95,5.25,37.53,-2.02,1.42
district,Bagmati,Rasuwa,Total,35 - 39 Years,2262,2,706,483,296,164,269,126,56,1,139,20,6.15,40.27,4.16,28.98,10.17,23.56,-6.01,5.42
district,Bagmati,Rasuwa,Total,40 - 44 Years,1468,2,595,243,153,83,131,55,33,1,151,21,10.29,30.99,8.2,23.76,14.29,14.48,-6.09,9.28
district,Bagmati,Rasuwa,Total,45 - 49 Years,1004,3,413,152,126,43,72,28,19,1,129,18,12.85,28.69,9.42,18.26,20.79,11.22,-11.37,7.04
district,Bagmati,Rasuwa,Total,50 - 54 Years,754,0,300,127,90,33,40,28,9,0,98,29,13.0,26.53,10.69,16.79,18.26,9.57,-7.57,7.22
district,Bagmati,Rasuwa,Total,55 - 59 Years,453,0,226,61,49,15,26,5,4,0,51,16,11.26,21.85,9.86,12.96,16.33,4.08,-6.47,8.88
district,Bagmati,Rasuwa,Total,60 - 64 Years,344,1,168,49,43,11,5,1,1,0,57,8,16.57,17.73,12.77,6.2,31.43,1.43,-18.66,4.77
district,Bagmati,Rasuwa,Total,65 - 69 Years,212,0,91,29,29,4,7,2,1,0,40,9,18.87,20.28,18.18,6.82,22.22,5.56,-4.04,1.26
district,Bagmati,Rasuwa,Total,70 - 74 Years,97,0,44,11,11,6,2,0,0,0,18,5,18.56,19.59,17.05,9.09,33.33,0.0,-16.28,9.09
district,Bagmati,Rasuwa,Total,75+ Years,92,0,36,7,15,0,0,1,0,1,21,11,22.83,17.39,23.75,1.25,16.67,0.0,7.08,1.25
district,Bagmati,Rasuwa,Male,Total,16761,642,5223,3520,2378,1392,2153,587,232,9,525,100,3.13,40.22,3.13,26.04,3.39,25.76,-0.26,0.28
district,Bagmati,Rasuwa,Male,05 Year,423,420,0,0,0,0,0,0,0,0,0,3,0.0,0.0,0.0,0.0,0.0,0.0,0.0,0.0
district,Bagmati,Rasuwa,Male,06 Year,386,126,260,0,0,0,0,0,0,0,0,0,0.0,0.0,0.0,0.0,0.0,0.0,0.0,0.0
district,Bagmati,Rasuwa,Male,07 Year,346,49,297,0,0,0,0,0,0,0,0,0,0.0,0.0,0.0,0.0,0.0,0.0,0.0,0.0
district,Bagmati,Rasuwa,Male,08 Year,405,28,377,0,0,0,0,0,0,0,0,0,0.0,0.0,0.0,0.0,0.0,0.0,0.0,0.0
district,Bagmati,Rasuwa,Male,09 Year,409,7,402,0,0,0,0,0,0,0,0,0,0.0,0.0,0.0,0.0,0.0,0.0,0.0,0.0
district,Bagmati,Rasuwa,Male,10 Year,461,3,458,0,0,0,0,0,0,0,0,0,0.0,0.0,0.0,0.0,0.0,0.0,0.0,0.0
district,Bagmati,Rasuwa,Male,11 Year,358,0,263,95,0,0,0,0,0,0,0,0,0.0,0.0,0.0,0.0,0.0,0.0,0.0,0.0
district,Bagmati,Rasuwa,Male,12 Year,420,1,215,203,0,0,0,0,0,0,1,0,0.24,0.0,0.24,0.0,0.0,0.0,0.24,0.0
district,Bagmati,Rasuwa,Male,13 Year,425,0,122,302,0,0,0,0,0,0,0,1,0.0,0.0,0.0,0.0,0.0,0.0,0.0,0.0
district,Bagmati,Rasuwa,Male,14 Year,338,0,52,230,56,0,0,0,0,0,0,0,0.0,16.57,0.0,0.0,0.23,0.0,-0.23,0.0
district,Bagmati,Rasuwa,Male,15 Year,391,0,15,208,145,18,0,0,0,0,0,5,0.0,41.69,0.0,4.6,0.0,7.93,0.0,-3.33
district,Bagmati,Rasuwa,Male,16 - 19 Years,1679,0,119,401,545,362,239,6,0,1,4,2,0.24,68.61,0.24,36.15,0.28,40.92,-0.04,-4.77
district,Bagmati,Rasuwa,Male,20 - 24 Years,2320,1,222,433,424,315,758,122,12,1,30,2,1.29,70.3,1.29,52.03,1.71,55.38,-0.42,-3.35
district,Bagmati,Rasuwa,Male,25 - 29 Years,2021,1,277,401,401,260,440,148,53,0,35,5,1.73,64.42,1.73,44.58,1.87,43.17,-0.14,1.41
district,Bagmati,Rasuwa,Male,30 - 34 Years,1702,1,392,340,242,152,322,124,65,3,55,6,3.23,53.17,3.23,38.95,5.25,37.53,-2.02,1.42
district,Bagmati,Rasuwa,Male,35 - 39 Years,1515,2,424,370,209,131,181,84,43,1,63,7,4.16,42.77,4.16,28.98,10.17,23.56,-6.01,5.42
district,Bagmati,Rasuwa,Male,40 - 44 Years,964,0,378,170,100,67,91,42,29,1,79,7,8.2,34.13,8.2,23.76,14.29,14.48,-6.09,9.28
district,Bagmati,Rasuwa,Male,45 - 49 Years,701,2,284,125,85,32,54,25,17,1,66,10,9.42,30.39,9.42,18.26,20.79,11.22,-11.37,7.04
district,Bagmati,Rasuwa,Male,50 - 54 Years,524,0,199,104,60,23,31,27,7,0,56,17,10.69,28.24,10.69,16.79,18.26,9.57,-7.57,7.22
district,Bagmati,Rasuwa,Male,55 - 59 Years,355,0,174,53,36,13,24,5,4,0,35,11,9.86,23.1,9.86,12.96,16.33,4.08,-6.47,8.88
district,Bagmati,Rasuwa,Male,60 - 64 Years,274,1,142,44,30,10,5,1,1,0,35,5,12.77,17.15,12.77,6.2,31.43,1.43,-18.66,4.77
district,Bagmati,Rasuwa,Male,65 - 69 Years,176,0,79,24,23,3,6,2,1,0,32,6,18.18,19.89,18.18,6.82,22.22,5.56,-4.04,1.26
district,Bagmati,Rasuwa,Male,70 - 74 Years,88,0,41,11,8,6,2,0,0,0,15,5,17.05,18.18,17.05,9.09,33.33,0.0,-16.28,9.09
district,Bagmati,Rasuwa,Male,75+ Years,80,0,31,6,14,0,0,1,0,1,19,8,23.75,18.75,23.75,1.25,16.67,0.0,7.08,1.25
district,Bagmati,Rasuwa,Female,Total,12938,581,4067,2587,1849,928,1813,467,125,0,438,83,3.39,40.05,3.13,26.04,3.39,25.76,-0.26,0.28
district,Bagmati,Rasuwa,Female,05 Year,384,384,0,0,0,0,0,0,0,0,0,0,0.0,0.0,0.0,0.0,0.0,0.0,0.0,0.0
district,Bagmati,Rasuwa,Female,06 Year,396,119,277,0,0,0,0,0,0,0,0,0,0.0,0.0,0.0,0.0,0.0,0.0,0.0,0.0
district,Bagmati,Rasuwa,Female,07 Year,373,45,328,0,0,0,0,0,0,0,0,0,0.0,0.0,0.0,0.0,0.0,0.0,0.0,0.0
district,Bagmati,Rasuwa,Female,08 Year,353,16,337,0,0,0,0,0,0,0,0,0,0.0,0.0,0.0,0.0,0.0,0.0,0.0,0.0
district,Bagmati,Rasuwa,Female,09 Year,403,8,395,0,0,0,0,0,0,0,0,0,0.0,0.0,0.0,0.0,0.0,0.0,0.0,0.0
district,Bagmati,Rasuwa,Female,10 Year,418,1,417,0,0,0,0,0,0,0,0,0,0.0,0.0,0.0,0.0,0.0,0.0,0.0,0.0
district,Bagmati,Rasuwa,Female,11 Year,370,0,260,110,0,0,0,0,0,0,0,0,0.0,0.0,0.0,0.0,0.0,0.0,0.0,0.0
district,Bagmati,Rasuwa,Female,12 Year,419,0,192,227,0,0,0,0,0,0,0,0,0.0,0.0,0.24,0.0,0.0,0.0,0.24,0.0
district,Bagmati,Rasuwa,Female,13 Year,379,0,76,303,0,0,0,0,0,0,0,0,0.0,0.0,0.0,0.0,0.0,0.0,0.0,0.0
district,Bagmati,Rasuwa,Female,14 Year,431,2,47,283,98,0,0,0,0,0,1,0,0.23,22.74,0.0,0.0,0.23,0.0,-0.23,0.0
district,Bagmati,Rasuwa,Female,15 Year,391,0,12,205,143,31,0,0,0,0,0,0,0.0,44.5,0.0,4.6,0.0,7.93,0.0,-3.33
district,Bagmati,Rasuwa,Female,16 - 19 Years,1762,0,104,398,532,399,315,7,0,0,5,2,0.28,71.11,0.24,36.15,0.28,40.92,-0.04,-4.77
district,Bagmati,Rasuwa,Female,20 - 24 Years,1990,0,179,285,385,228,711,145,18,0,34,5,1.71,74.72,1.29,52.03,1.71,55.38,-0.42,-3.35
district,Bagmati,Rasuwa,Female,25 - 29 Years,1661,1,291,300,313,131,392,145,49,0,31,8,1.87,62.01,1.73,44.58,1.87,43.17,-0.14,1.41
district,Bagmati,Rasuwa,Female,30 - 34 Years,1199,2,325,221,131,65,237,111,37,0,63,7,5.25,48.46,3.23,38.95,5.25,37.53,-2.02,1.42
district,Bagmati,Rasuwa,Female,35 - 39 Years,747,0,282,113,87,33,88,42,13,0,76,13,10.17,35.21,4.16,28.98,10.17,23.56,-6.01,5.42
district,Bagmati,Rasuwa,Female,40 - 44 Years,504,2,217,73,53,16,40,13,4,0,72,14,14.29,25.0,8.2,23.76,14.29,14.48,-6.09,9.28
district,Bagmati,Rasuwa,Female,45 - 49 Years,303,1,129,27,41,11,18,3,2,0,63,8,20.79,24.75,9.42,18.26,20.79,11.22,-11.37,7.04
district,Bagmati,Rasuwa,Female,50 - 54 Years,230,0,101,23,30,10,9,1,2,0,42,12,18.26,22.61,10.69,16.79,18.26,9.57,-7.57,7.22
district,Bagmati,Rasuwa,Female,55 - 59 Years,98,0,52,8,13,2,2,0,0,0,16,5,16.33,17.35,9.86,12.96,16.33,4.08,-6.47,8.88
district,Bagmati,Rasuwa,Female,60 - 64 Years,70,0,26,5,13,1,0,0,0,0,22,3,31.43,20.0,12.77,6.2,31.43,1.43,-18.66,4.77
district,Bagmati,Rasuwa,Female,65 - 69 Years,36,0,12,5,6,1,1,0,0,0,8,3,22.22,22.22,18.18,6.82,22.22,5.56,-4.04,1.26
district,Bagmati,Rasuwa,Female,70 - 74 Years,9,0,3,0,3,0,0,0,0,0,3,0,33.33,33.33,17.05,9.09,33.33,0.0,-16.28,9.09
district,Bagmati,Rasuwa,Female,75+ Years,12,0,5,1,1,0,0,0,0,0,2,3,16.67,8.33,23.75,1.25,16.67,0.0,7.08,1.25
district,Bagmati,Dhading,Total,Total,216980,8559,72970,45896,28885,17117,26903,5681,2982,394,6237,1356,2.87,37.59,2.18,23.25,3.67,25.46,-1.49,-2.21
district,Bagmati,Dhading,Total,05 Year,5101,5097,0,0,0,0,0,0,0,0,0,4,0.0,0.0,0.0,0.0,0.0,0.0,0.0,0.0
district,Bagmati,Dhading,Total,06 Year,5574,2078,3493,0,0,0,0,0,0,0,1,2,0.02,0.0,0.04,0.0,0.0,0.0,0.04,0.0
district,Bagmati,Dhading,Total,07 Year,5141,711,4430,0,0,0,0,0,0,0,0,0,0.0,0.0,0.0,0.0,0.0,0.0,0.0,0.0
district,Bagmati,Dhading,Total,08 Year,5400,207,5188,0,0,0,0,0,0,0,1,4,0.02,0.0,0.0,0.0,0.04,0.0,-0.04,0.0
district,Bagmati,Dhading,Total,09 Year,5511,87,5423,0,0,0,0,0,0,0,0,1,0.0,0.0,0.0,0.0,0.0,0.0,0.0,0.0
district,Bagmati,Dhading,Total,10 Year,6116,26,6089,0,0,0,0,0,0,0,0,1,0.0,0.0,0.0,0.0,0.0,0.0,0.0,0.0
district,Bagmati,Dhading,Total,11 Year,5591,12,3919,1658,0,0,0,0,0,0,0,2,0.0,0.0,0.0,0.0,0.0,0.0,0.0,0.0
district,Bagmati,Dhading,Total,12 Year,6335,12,2661,3660,0,0,0,0,0,0,0,2,0.0,0.0,0.0,0.0,0.0,0.0,0.0,0.0
district,Bagmati,Dhading,Total,13 Year,6165,6,1354,4802,0,0,0,0,0,0,2,1,0.03,0.0,0.06,0.0,0.0,0.0,0.06,0.0
district,Bagmati,Dhading,Total,14 Year,6532,6,745,4289,1489,0,0,0,0,0,2,1,0.03,22.8,0.03,0.0,0.03,0.0,0.0,0.0
district,Bagmati,Dhading,Total,15 Year,6679,1,339,3107,2620,573,0,0,0,1,0,38,0.0,47.81,0.0,7.14,0.0,10.01,0.0,-2.87
district,Bagmati,Dhading,Total,16 - 19 Years,24646,4,1873,4754,6944,6370,4471,127,0,1,29,73,0.12,72.68,0.11,40.26,0.13,48.59,-0.02,-8.33
district,Bagmati,Dhading,Total,20 - 24 Years,27627,14,3669,4796,3927,3171,9910,1663,258,8,131,80,0.47,68.52,0.48,51.47,0.47,56.84,0.01,-5.37
district,Bagmati,Dhading,Total,25 - 29 Years,24367,20,4678,4883,3995,2222,5782,1635,811,10,234,97,0.96,59.28,0.75,42.51,1.16,43.25,-0.41,-0.74
district,Bagmati,Dhading,Total,30 - 34 Years,18645,22,5336,3791,2582,1400,3263,1011,758,20,371,91,1.99,48.35,1.07,36.15,2.92,32.83,-1.85,3.32
district,Bagmati,Dhading,Total,35 - 39 Years,16394,36,5691,3798,2454,1132,1503,495,495,40,640,110,3.9,37.08,1.86,24.9,6.25,18.91,-4.39,5.99
district,Bagmati,Dhading,Total,40 - 44 Years,12255,45,4766,2412,1923,865,769,272,268,43,754,138,6.15,33.43,2.47,21.12,11.14,13.16,-8.67,7.96
district,Bagmati,Dhading,Total,45 - 49 Years,8226,52,3424,1365,1066,531,478,163,172,63,764,148,9.29,29.3,3.86,20.85,18.18,8.95,-14.32,11.9
district,Bagmati,Dhading,Total,50 - 54 Years,7651,37,3348,1167,902,441,404,173,127,62,868,122,11.34,26.75,4.74,18.44,26.44,7.04,-21.7,11.4
district,Bagmati,Dhading,Total,55 - 59 Years,4617,29,2307,583,458,195,155,69,51,36,630,104,13.65,20.1,7.6,12.27,32.3,3.72,-24.7,8.55
district,Bagmati,Dhading,Total,60 - 64 Years,3496,30,1808,371,243,106,96,33,21,42,647,99,18.51,14.27,12.5,8.24,38.7,4.24,-26.2,4.0
district,Bagmati,Dhading,Total,65 - 69 Years,2293,15,1224,223,143,56,26,25,10,25,458,88,19.97,11.34,15.24,6.02,39.42,1.34,-24.18,4.68
district,Bagmati,Dhading,Total,70 - 74 Years,1380,7,709,127,75,34,25,9,9,21,299,65,21.67,11.01,19.57,6.17,32.17,2.61,-12.6,3.56
district,Bagmati,Dhading,Total,75+ Years,1238,5,496,110,64,21,21,6,2,22,406,85,32.79,9.21,32.71,3.72,33.33,6.17,-0.62,-2.45
district,Bagmati,Dhading,Male,Total,115562,4596,40251,24959,15569,9353,12901,2831,1778,123,2515,686,2.18,36.72,2.18,23.25,3.67,25.46,-1.49,-2.21
district,Bagmati,Dhading,Male,05 Year,2704,2703,0,0,0,0,0,0,0,0,0,1,0.0,0.0,0.0,0.0,0.0,0.0,0.0,0.0
district,Bagmati,Dhading,Male,06 Year,2816,1105,1708,0,0,0,0,0,0,0,1,2,0.04,0.0,0.04,0.0,0.0,0.0,0.04,0.0
district,Bagmati,Dhading,Male,07 Year,2639,427,2212,0,0,0,0,0,0,0,0,0,0.0,0.0,0.0,0.0,0.0,0.0,0.0,0.0
district,Bagmati,Dhading,Male,08 Year,2769,116,2652,0,0,0,0,0,0,0,0,1,0.0,0.0,0.0,0.0,0.04,0.0,-0.04,0.0
district,Bagmati,Dhading,Male,09 Year,2770,48,2722,0,0,0,0,0,0,0,0,0,0.0,0.0,0.0,0.0,0.0,0.0,0.0,0.0
district,Bagmati,Dhading,Male,10 Year,3130,13,3117,0,0,0,0,0,0,0,0,0,0.0,0.0,0.0,0.0,0.0,0.0,0.0,0.0
district,Bagmati,Dhading,Male,11 Year,2861,10,2115,735,0,0,0,0,0,0,0,1,0.0,0.0,0.0,0.0,0.0,0.0,0.0,0.0
district,Bagmati,Dhading,Male,12 Year,3243,7,1449,1787,0,0,0,0,0,0,0,0,0.0,0.0,0.0,0.0,0.0,0.0,0.0,0.0
district,Bagmati,Dhading,Male,13 Year,3147,4,783,2357,0,0,0,0,0,0,2,1,0.06,0.0,0.06,0.0,0.0,0.0,0.06,0.0
district,Bagmati,Dhading,Male,14 Year,3244,5,411,2180,647,0,0,0,0,0,1,0,0.03,19.94,0.03,0.0,0.03,0.0,0.0,0.0
district,Bagmati,Dhading,Male,15 Year,3321,1,218,1631,1205,237,0,0,0,1,0,28,0.0,43.42,0.0,7.14,0.0,10.01,0.0,-2.87
district,Bagmati,Dhading,Male,16 - 19 Years,12099,1,1121,2630,3416,2917,1906,48,0,1,13,46,0.11,68.49,0.11,40.26,0.13,48.59,-0.02,-8.33
district,Bagmati,Dhading,Male,20 - 24 Years,13059,9,1986,2394,1842,1603,4363,653,102,3,63,41,0.48,65.57,0.48,51.47,0.47,56.84,0.01,-5.37
district,Bagmati,Dhading,Male,25 - 29 Years,11894,7,2358,2470,1868,1222,2701,750,383,3,89,43,0.75,58.21,0.75,42.51,1.16,43.25,-0.41,-0.74
district,Bagmati,Dhading,Male,30 - 34 Years,9378,8,2511,1970,1360,844,1633,500,413,5,100,34,1.07,50.65,1.07,36.15,2.92,32.83,-1.85,3.32
district,Bagmati,Dhading,Male,35 - 39 Years,8758,10,2754,2161,1449,757,829,278,317,6,163,34,1.86,41.45,1.86,24.9,6.25,18.91,-4.39,5.99
district,Bagmati,Dhading,Male,40 - 44 Years,7050,13,2487,1519,1315,605,488,181,215,4,174,49,2.47,39.77,2.47,21.12,11.14,13.16,-8.67,7.96
district,Bagmati,Dhading,Male,45 - 49 Years,5107,29,1963,980,812,420,364,138,143,8,197,53,3.86,36.75,3.86,20.85,18.18,8.95,-14.32,11.9
district,Bagmati,Dhading,Male,50 - 54 Years,5321,20,2294,935,773,380,338,146,117,10,252,56,4.74,32.96,4.74,18.44,26.44,7.04,-21.7,11.4
district,Bagmati,Dhading,Male,55 - 59 Years,3487,19,1818,485,404,173,140,67,48,15,265,53,7.6,23.86,7.6,12.27,32.3,3.72,-24.7,8.55
district,Bagmati,Dhading,Male,60 - 64 Years,2695,20,1498,313,222,93,79,31,19,21,337,62,12.5,16.47,12.5,8.24,38.7,4.24,-26.2,4.0
district,Bagmati,Dhading,Male,65 - 69 Years,1844,11,1028,202,130,53,24,24,10,17,281,64,15.24,13.07,15.24,6.02,39.42,1.34,-24.18,4.68
district,Bagmati,Dhading,Male,70 - 74 Years,1150,5,613,113,66,32,21,9,9,12,225,45,19.57,11.91,19.57,6.17,32.17,2.61,-12.6,3.56
district,Bagmati,Dhading,Male,75+ Years,1076,5,433,97,60,17,15,6,2,17,352,72,32.71,9.29,32.71,3.72,33.33,6.17,-0.62,-2.45
district,Bagmati,Dhading,Female,Total,101418,3963,32719,20937,13316,7764,14002,2850,1204,271,3722,670,3.67,38.59,2.18,23.25,3.67,25.46,-1.49,-2.21
district,Bagmati,Dhading,Female,05 Year,2397,2394,0,0,0,0,0,0,0,0,0,3,0.0,0.0,0.0,0.0,0.0,0.0,0.0,0.0
district,Bagmati,Dhading,Female,06 Year,2758,973,1785,0,0,0,0,0,0,0,0,0,0.0,0.0,0.04,0.0,0.0,0.0,0.04,0.0
district,Bagmati,Dhading,Female,07 Year,2502,284,2218,0,0,0,0,0,0,0,0,0,0.0,0.0,0.0,0.0,0.0,0.0,0.0,0.0
district,Bagmati,Dhading,Female,08 Year,2631,91,2536,0,0,0,0,0,0,0,1,3,0.04,0.0,0.0,0.0,0.04,0.0,-0.04,0.0
district,Bagmati,Dhading,Female,09 Year,2741,39,2701,0,0,0,0,0,0,0,0,1,0.0,0.0,0.0,0.0,0.0,0.0,0.0,0.0
district,Bagmati,Dhading,Female,10 Year,2986,13,2972,0,0,0,0,0,0,0,0,1,0.0,0.0,0.0,0.0,0.0,0.0,0.0,0.0
district,Bagmati,Dhading,Female,11 Year,2730,2,1804,923,0,0,0,0,0,0,0,1,0.0,0.0,0.0,0.0,0.0,0.0,0.0,0.0
district,Bagmati,Dhading,Female,12 Year,3092,5,1212,1873,0,0,0,0,0,0,0,2,0.0,0.0,0.0,0.0,0.0,0.0,0.0,0.0
district,Bagmati,Dhading,Female,13 Year,3018,2,571,2445,0,0,0,0,0,0,0,0,0.0,0.0,0.06,0.0,0.0,0.0,0.06,0.0
district,Bagmati,Dhading,Female,14 Year,3288,1,334,2109,842,0,0,0,0,0,1,1,0.03,25.61,0.03,0.0,0.03,0.0,0.0,0.0
district,Bagmati,Dhading,Female,15 Year,3358,0,121,1476,1415,336,0,0,0,0,0,10,0.0,52.14,0.0,7.14,0.0,10.01,0.0,-2.87
district,Bagmati,Dhading,Female,16 - 19 Years,12547,3,752,2124,3528,3453,2565,79,0,0,16,27,0.13,76.71,0.11,40.26,0.13,48.59,-0.02,-8.33
district,Bagmati,Dhading,Female,20 - 24 Years,14568,5,1683,2402,2085,1568,5547,1010,156,5,68,39,0.47,71.16,0.48,51.47,0.47,56.84,0.01,-5.37
district,Bagmati,Dhading,Female,25 - 29 Years,12473,13,2320,2413,2127,1000,3081,885,428,7,145,54,1.16,60.3,0.75,42.51,1.16,43.25,-0.41,-0.74
district,Bagmati,Dhading,Female,30 - 34 Years,9267,14,2825,1821,1222,556,1630,511,345,15,271,57,2.92,46.01,1.07,36.15,2.92,32.83,-1.85,3.32
district,Bagmati,Dhading,Female,35 - 39 Years,7636,26,2937,1637,1005,375,674,217,178,34,477,76,6.25,32.07,1.86,24.9,6.25,18.91,-4.39,5.99
district,Bagmati,Dhading,Female,40 - 44 Years,5205,32,2279,893,608,260,281,91,53,39,580,89,11.14,24.84,2.47,21.12,11.14,13.16,-8.67,7.96
district,Bagmati,Dhading,Female,45 - 49 Years,3119,23,1461,385,254,111,114,25,29,55,567,95,18.18,17.09,3.86,20.85,18.18,8.95,-14.32,11.9
district,Bagmati,Dhading,Female,50 - 54 Years,2330,17,1054,232,129,61,66,27,10,52,616,66,26.44,12.58,4.74,18.44,26.44,7.04,-21.7,11.4
district,Bagmati,Dhading,Female,55 - 59 Years,1130,10,489,98,54,22,15,2,3,21,365,51,32.3,8.5,7.6,12.27,32.3,3.72,-24.7,8.55
district,Bagmati,Dhading,Female,60 - 64 Years,801,10,310,58,21,13,17,2,2,21,310,37,38.7,6.87,12.5,8.24,38.7,4.24,-26.2,4.0
district,Bagmati,Dhading,Female,65 - 69 Years,449,4,196,21,13,3,2,1,0,8,177,24,39.42,4.23,15.24,6.02,39.42,1.34,-24.18,4.68
district,Bagmati,Dhading,Female,70 - 74 Years,230,2,96,14,9,2,4,0,0,9,74,20,32.17,6.52,19.57,6.17,32.17,2.61,-12.6,3.56
district,Bagmati,Dhading,Female,75+ Years,162,0,63,13,4,4,6,0,0,5,54,13,33.33,8.64,32.71,3.72,33.33,6.17,-0.62,-2.45
district,Bagmati,Nuwakot,Total,Total,168986,6427,54247,34868,25166,13980,20319,4847,2393,60,4991,1688,2.95,39.47,2.39,23.97,3.62,25.3,-1.23,-1.33
district,Bagmati,Nuwakot,Total,05 Year,3876,3867,0,0,0,0,0,0,0,0,1,8,0.03,0.0,0.0,0.0,0.05,0.0,-0.05,0.0
district,Bagmati,Nuwakot,Total,06 Year,4404,1607,2792,0,0,0,0,0,0,0,0,5,0.0,0.0,0.0,0.0,0.0,0.0,0.0,0.0
district,Bagmati,Nuwakot,Total,07 Year,4075,566,3507,0,0,0,0,0,0,0,0,2,0.0,0.0,0.0,0.0,0.0,0.0,0.0,0.0
district,Bagmati,Nuwakot,Total,08 Year,4311,192,4119,0,0,0,0,0,0,0,0,0,0.0,0.0,0.0,0.0,0.0,0.0,0.0,0.0
district,Bagmati,Nuwakot,Total,09 Year,4413,61,4350,0,0,0,0,0,0,0,2,0,0.05,0.0,0.04,0.0,0.05,0.0,-0.01,0.0
district,Bagmati,Nuwakot,Total,10 Year,4863,14,4847,0,0,0,0,0,0,0,1,1,0.02,0.0,0.04,0.0,0.0,0.0,0.04,0.0
district,Bagmati,Nuwakot,Total,11 Year,4215,8,3083,1124,0,0,0,0,0,0,0,0,0.0,0.0,0.0,0.0,0.0,0.0,0.0,0.0
district,Bagmati,Nuwakot,Total,12 Year,4883,5,2105,2771,0,0,0,0,0,0,0,2,0.0,0.0,0.0,0.0,0.0,0.0,0.0,0.0
district,Bagmati,Nuwakot,Total,13 Year,4713,5,1050,3657,0,0,0,0,0,0,0,1,0.0,0.0,0.0,0.0,0.0,0.0,0.0,0.0
district,Bagmati,Nuwakot,Total,14 Year,4780,4,531,3254,991,0,0,0,0,0,0,0,0.0,20.73,0.0,0.0,0.0,0.0,0.0,0.0
district,Bagmati,Nuwakot,Total,15 Year,4944,1,222,2382,1934,376,0,0,0,0,4,25,0.08,46.72,0.12,5.96,0.04,9.19,0.08,-3.23
district,Bagmati,Nuwakot,Total,16 - 19 Years,18526,6,1199,3743,5441,4659,3311,101,0,2,28,36,0.15,72.94,0.12,39.51,0.18,47.46,-0.06,-7.95
district,Bagmati,Nuwakot,Total,20 - 24 Years,21844,10,2439,3824,3970,2994,6971,1259,217,2,90,68,0.41,70.55,0.34,50.59,0.48,54.09,-0.14,-3.5
district,Bagmati,Nuwakot,Total,25 - 29 Years,18901,9,3258,3436,3728,1873,4300,1412,610,3,192,80,1.02,63.08,0.79,43.07,1.23,43.63,-0.44,-0.56
district,Bagmati,Nuwakot,Total,30 - 34 Years,15135,7,3841,3101,2423,1147,2615,949,587,4,336,125,2.22,51.01,1.4,35.93,3.12,33.99,-1.72,1.94
district,Bagmati,Nuwakot,Total,35 - 39 Years,12780,14,3944,2580,2305,1005,1335,492,420,4,519,162,4.06,43.48,1.93,28.15,6.87,21.89,-4.94,6.26
district,Bagmati,Nuwakot,Total,40 - 44 Years,9507,13,3410,1846,1516,698,717,213,230,3,660,201,6.94,35.49,2.92,23.1,13.17,14.03,-10.25,9.07
district,Bagmati,Nuwakot,Total,45 - 49 Years,6576,8,2508,1115,995,412,387,167,130,7,654,193,9.95,31.8,4.74,20.21,19.95,9.86,-15.21,10.35
district,Bagmati,Nuwakot,Total,50 - 54 Years,5900,9,2354,909,790,379,376,119,111,5,642,206,10.88,30.08,5.48,20.43,23.96,7.66,-18.48,12.77
district,Bagmati,Nuwakot,Total,55 - 59 Years,3619,4,1567,434,466,209,180,57,51,8,503,140,13.9,26.61,7.87,16.6,33.61,4.36,-25.74,12.24
district,Bagmati,Nuwakot,Total,60 - 64 Years,2814,5,1369,293,298,107,70,42,16,6,460,148,16.35,18.94,12.23,9.71,31.86,3.22,-19.63,6.49
district,Bagmati,Nuwakot,Total,65 - 69 Years,1824,2,896,193,154,68,34,20,17,2,330,108,18.09,16.06,15.87,8.69,29.18,2.3,-13.31,6.39
district,Bagmati,Nuwakot,Total,70 - 74 Years,1082,3,484,120,83,34,9,10,2,5,252,80,23.29,12.75,21.64,5.71,33.33,1.31,-11.69,4.4
district,Bagmati,Nuwakot,Total,75+ Years,1001,7,372,86,72,19,14,6,2,9,317,97,31.67,11.29,31.68,3.83,31.58,6.14,0.1,-2.31
district,Bagmati,Nuwakot,Male,Total,91580,3442,29946,19432,13706,7994,10115,2386,1460,41,2192,866,2.39,38.94,2.39,23.97,3.62,25.3,-1.23,-1.33
district,Bagmati,Nuwakot,Male,05 Year,2020,2015,0,0,0,0,0,0,0,0,0,5,0.0,0.0,0.0,0.0,0.05,0.0,-0.05,0.0
district,Bagmati,Nuwakot,Male,06 Year,2244,876,1367,0,0,0,0,0,0,0,0,1,0.0,0.0,0.0,0.0,0.0,0.0,0.0,0.0
district,Bagmati,Nuwakot,Male,07 Year,2037,318,1719,0,0,0,0,0,0,0,0,0,0.0,0.0,0.0,0.0,0.0,0.0,0.0,0.0
district,Bagmati,Nuwakot,Male,08 Year,2126,124,2002,0,0,0,0,0,0,0,0,0,0.0,0.0,0.0,0.0,0.0,0.0,0.0,0.0
district,Bagmati,Nuwakot,Male,09 Year,2229,33,2195,0,0,0,0,0,0,0,1,0,0.04,0.0,0.04,0.0,0.05,0.0,-0.01,0.0
district,Bagmati,Nuwakot,Male,10 Year,2484,4,2478,0,0,0,0,0,0,0,1,1,0.04,0.0,0.04,0.0,0.0,0.0,0.04,0.0
district,Bagmati,Nuwakot,Male,11 Year,2117,3,1597,517,0,0,0,0,0,0,0,0,0.0,0.0,0.0,0.0,0.0,0.0,0.0,0.0
district,Bagmati,Nuwakot,Male,12 Year,2399,3,1104,1292,0,0,0,0,0,0,0,0,0.0,0.0,0.0,0.0,0.0,0.0,0.0,0.0
district,Bagmati,Nuwakot,Male,13 Year,2341,3,555,1782,0,0,0,0,0,0,0,1,0.0,0.0,0.0,0.0,0.0,0.0,0.0,0.0
district,Bagmati,Nuwakot,Male,14 Year,2379,2,298,1634,445,0,0,0,0,0,0,0,0.0,18.71,0.0,0.0,0.0,0.0,0.0,0.0
district,Bagmati,Nuwakot,Male,15 Year,2431,0,132,1265,868,145,0,0,0,0,3,18,0.12,41.67,0.12,5.96,0.04,9.19,0.08,-3.23
district,Bagmati,Nuwakot,Male,16 - 19 Years,9076,6,730,2072,2645,2138,1413,35,0,2,11,24,0.12,68.65,0.12,39.51,0.18,47.46,-0.06,-7.95
district,Bagmati,Nuwakot,Male,20 - 24 Years,10698,5,1283,2029,1900,1656,3192,480,84,2,36,31,0.34,68.35,0.34,50.59,0.48,54.09,-0.14,-3.5
district,Bagmati,Nuwakot,Male,25 - 29 Years,9201,2,1616,1751,1763,1063,1988,611,301,1,73,32,0.79,62.23,0.79,43.07,1.23,43.63,-0.44,-0.56
district,Bagmati,Nuwakot,Male,30 - 34 Years,7927,4,1912,1708,1282,714,1352,455,327,2,111,60,1.4,52.1,1.4,35.93,3.12,33.99,-1.72,1.94
district,Bagmati,Nuwakot,Male,35 - 39 Years,7262,8,1968,1615,1420,693,793,282,276,2,140,65,1.93,47.7,1.93,28.15,6.87,21.89,-4.94,6.26
district,Bagmati,Nuwakot,Male,40 - 44 Years,5778,9,1920,1237,1039,515,489,156,175,0,169,69,2.92,41.09,2.92,23.1,13.17,14.03,-10.25,9.07
district,Bagmati,Nuwakot,Male,45 - 49 Years,4325,5,1568,844,757,324,299,140,111,5,205,67,4.74,37.71,4.74,20.21,19.95,9.86,-15.21,10.35
district,Bagmati,Nuwakot,Male,50 - 54 Years,4176,4,1633,701,658,334,316,101,102,3,229,95,5.48,36.18,5.48,20.43,23.96,7.66,-18.48,12.77
district,Bagmati,Nuwakot,Male,55 - 59 Years,2771,4,1233,371,407,195,162,53,50,5,218,73,7.87,31.29,7.87,16.6,33.61,4.36,-25.74,12.24
district,Bagmati,Nuwakot,Male,60 - 64 Years,2224,4,1119,254,255,101,63,38,14,5,272,99,12.23,21.18,12.23,9.71,31.86,3.22,-19.63,6.49
district,Bagmati,Nuwakot,Male,65 - 69 Years,1519,1,758,175,129,64,32,20,16,2,241,81,15.87,17.18,15.87,8.69,29.18,2.3,-13.31,6.39
district,Bagmati,Nuwakot,Male,70 - 74 Years,929,2,429,107,72,34,7,10,2,4,201,61,21.64,13.46,21.64,5.71,33.33,1.31,-11.69,4.4
district,Bagmati,Nuwakot,Male,75+ Years,887,7,330,78,66,18,9,5,2,8,281,83,31.68,11.27,31.68,3.83,31.58,6.14,0.1,-2.31
district,Bagmati,Nuwakot,Female,Total,77406,2985,24301,15436,11460,5986,10204,2461,933,19,2799,822,3.62,40.11,2.39,23.97,3.62,25.3,-1.23,-1.33
district,Bagmati,Nuwakot,Female,05 Year,1856,1852,0,0,0,0,0,0,0,0,1,3,0.05,0.0,0.0,0.0,0.05,0.0,-0.05,0.0
district,Bagmati,Nuwakot,Female,06 Year,2160,731,1425,0,0,0,0,0,0,0,0,4,0.0,0.0,0.0,0.0,0.0,0.0,0.0,0.0
district,Bagmati,Nuwakot,Female,07 Year,2038,248,1788,0,0,0,0,0,0,0,0,2,0.0,0.0,0.0,0.0,0.0,0.0,0.0,0.0
district,Bagmati,Nuwakot,Female,08 Year,2185,68,2117,0,0,0,0,0,0,0,0,0,0.0,0.0,0.0,0.0,0.0,0.0,0.0,0.0
district,Bagmati,Nuwakot,Female,09 Year,2184,28,2155,0,0,0,0,0,0,0,1,0,0.05,0.0,0.04,0.0,0.05,0.0,-0.01,0.0
district,Bagmati,Nuwakot,Female,10 Year,2379,10,2369,0,0,0,0,0,0,0,0,0,0.0,0.0,0.04,0.0,0.0,0.0,0.04,0.0
district,Bagmati,Nuwakot,Female,11 Year,2098,5,1486,607,0,0,0,0,0,0,0,0,0.0,0.0,0.0,0.0,0.0,0.0,0.0,0.0
district,Bagmati,Nuwakot,Female,12 Year,2484,2,1001,1479,0,0,0,0,0,0,0,2,0.0,0.0,0.0,0.0,0.0,0.0,0.0,0.0
district,Bagmati,Nuwakot,Female,13 Year,2372,2,495,1875,0,0,0,0,0,0,0,0,0.0,0.0,0.0,0.0,0.0,0.0,0.0,0.0
district,Bagmati,Nuwakot,Female,14 Year,2401,2,233,1620,546,0,0,0,0,0,0,0,0.0,22.74,0.0,0.0,0.0,0.0,0.0,0.0
district,Bagmati,Nuwakot,Female,15 Year,2513,1,90,1117,1066,231,0,0,0,0,1,7,0.04,51.61,0.12,5.96,0.04,9.19,0.08,-3.23
district,Bagmati,Nuwakot,Female,16 - 19 Years,9450,0,469,1671,2796,2521,1898,66,0,0,17,12,0.18,77.05,0.12,39.51,0.18,47.46,-0.06,-7.95
district,Bagmati,Nuwakot,Female,20 - 24 Years,11146,5,1156,1795,2070,1338,3779,779,133,0,54,37,0.48,72.66,0.34,50.59,0.48,54.09,-0.14,-3.5
district,Bagmati,Nuwakot,Female,25 - 29 Years,9700,7,1642,1685,1965,810,2312,801,309,2,119,48,1.23,63.89,0.79,43.07,1.23,43.63,-0.44,-0.56
district,Bagmati,Nuwakot,Female,30 - 34 Years,7208,3,1929,1393,1141,433,1263,494,260,2,225,65,3.12,49.82,1.4,35.93,3.12,33.99,-1.72,1.94
district,Bagmati,Nuwakot,Female,35 - 39 Years,5518,6,1976,965,885,312,542,210,144,2,379,97,6.87,37.93,1.93,28.15,6.87,21.89,-4.94,6.26
district,Bagmati,Nuwakot,Female,40 - 44 Years,3729,4,1490,609,477,183,228,57,55,3,491,132,13.17,26.82,2.92,23.1,13.17,14.03,-10.25,9.07
district,Bagmati,Nuwakot,Female,45 - 49 Years,2251,3,940,271,238,88,88,27,19,2,449,126,19.95,20.44,4.74,20.21,19.95,9.86,-15.21,10.35
district,Bagmati,Nuwakot,Female,50 - 54 Years,1724,5,721,208,132,45,60,18,9,2,413,111,23.96,15.31,5.48,20.43,23.96,7.66,-18.48,12.77
district,Bagmati,Nuwakot,Female,55 - 59 Years,848,0,334,63,59,14,18,4,1,3,285,67,33.61,11.32,7.87,16.6,33.61,4.36,-25.74,12.24
district,Bagmati,Nuwakot,Female,60 - 64 Years,590,1,250,39,43,6,7,4,2,1,188,49,31.86,10.51,12.23,9.71,31.86,3.22,-19.63,6.49
district,Bagmati,Nuwakot,Female,65 - 69 Years,305,1,138,18,25,4,2,0,1,0,89,27,29.18,10.49,15.87,8.69,29.18,2.3,-13.31,6.39
district,Bagmati,Nuwakot,Female,70 - 74 Years,153,1,55,13,11,0,2,0,0,1,51,19,33.33,8.5,21.64,5.71,33.33,1.31,-11.69,4.4
district,Bagmati,Nuwakot,Female,75+ Years,114,0,42,8,6,1,5,1,0,1,36,14,31.58,11.4,31.68,3.83,31.58,6.14,0.1,-2.31
district,Bagmati,Kathmandu,Total,Total,1709185,48867,283862,221676,166196,242998,365436,228019,120336,3400,21776,6619,1.27,65.7,0.99,56.42,1.6,55.47,-0.61,0.95
district,Bagmati,Kathmandu,Total,05 Year,26013,25915,0,0,0,0,0,0,0,21,43,34,0.17,0.0,0.17,0.0,0.16,0.0,0.01,0.0
district,Bagmati,Kathmandu,Total,06 Year,27682,15187,12432,0,0,0,0,0,0,18,24,21,0.09,0.0,0.07,0.0,0.11,0.0,-0.04,0.0
district,Bagmati,Kathmandu,Total,07 Year,26909,4822,22035,0,0,0,0,0,0,7,38,7,0.14,0.0,0.18,0.0,0.1,0.0,0.08,0.0
district,Bagmati,Kathmandu,Total,08 Year,28419,1263,27055,0,0,0,0,0,0,13,76,12,0.27,0.0,0.38,0.0,0.13,0.0,0.25,0.0
district,Bagmati,Kathmandu,Total,09 Year,27150,443,26582,0,0,0,0,0,0,14,102,9,0.38,0.0,0.46,0.0,0.27,0.0,0.19,0.0
district,Bagmati,Kathmandu,Total,10 Year,29882,167,29545,0,0,0,0,0,0,17,142,11,0.48,0.0,0.75,0.0,0.14,0.0,0.61,0.0
district,Bagmati,Kathmandu,Total,11 Year,26517,87,18088,8125,0,0,0,0,0,37,167,13,0.63,0.0,0.95,0.0,0.25,0.0,0.7,0.0
district,Bagmati,Kathmandu,Total,12 Year,30225,65,9921,19993,0,0,0,0,0,30,192,24,0.64,0.0,1.02,0.0,0.18,0.0,0.84,0.0
district,Bagmati,Kathmandu,Total,13 Year,29682,40,3753,25627,0,0,0,0,0,41,202,19,0.68,0.0,1.04,0.0,0.26,0.0,0.78,0.0
district,Bagmati,Kathmandu,Total,14 Year,31211,35,1840,20281,8767,0,0,0,0,38,229,21,0.73,28.09,1.13,0.0,0.28,0.0,0.85,0.0
district,Bagmati,Kathmandu,Total,15 Year,32434,19,720,9762,15823,5732,0,0,0,50,237,91,0.73,66.46,1.2,16.38,0.19,19.17,1.01,-2.79
district,Bagmati,Kathmandu,Total,16 - 19 Years,162458,50,3593,12007,22365,62286,57206,3807,0,259,696,189,0.43,89.66,0.63,73.94,0.19,78.17,0.44,-4.23
district,Bagmati,Kathmandu,Total,20 - 24 Years,222299,39,7083,13867,12591,24559,109852,48396,4537,407,605,363,0.27,89.94,0.34,83.56,0.21,85.01,0.13,-1.45
district,Bagmati,Kathmandu,Total,25 - 29 Years,206836,46,11821,17391,16599,25231,58059,54840,21252,319,808,470,0.39,85.08,0.38,77.2,0.4,76.92,-0.02,0.28
district,Bagmati,Kathmandu,Total,30 - 34 Years,182688,69,17122,19674,15817,23611,43911,35295,25070,301,1199,619,0.66,78.66,0.51,70.77,0.8,69.26,-0.29,1.51
district,Bagmati,Kathmandu,Total,35 - 39 Years,159602,76,19356,20557,18488,25153,29932,23136,20178,233,1743,750,1.09,73.24,0.61,63.92,1.6,59.28,-0.99,4.64
district,Bagmati,Kathmandu,Total,40 - 44 Years,132868,91,17653,17293,17337,23412,22207,17287,14402,268,2217,701,1.67,71.23,0.86,61.56,2.59,54.33,-1.73,7.23
district,Bagmati,Kathmandu,Total,45 - 49 Years,97028,89,14439,11764,12751,17094,15245,12721,9901,236,2182,606,2.25,69.79,1.12,60.62,3.7,51.51,-2.58,9.11
district,Bagmati,Kathmandu,Total,50 - 54 Years,82673,89,13520,9818,10178,14191,12045,11351,8156,263,2476,586,2.99,67.64,1.54,59.09,5.18,49.71,-3.64,9.38
district,Bagmati,Kathmandu,Total,55 - 59 Years,51950,76,9205,5537,6049,8637,6927,7336,5336,201,2128,518,4.1,66.0,2.15,58.74,7.35,47.03,-5.2,11.71
district,Bagmati,Kathmandu,Total,60 - 64 Years,37349,61,6921,3985,3891,5530,4424,5645,4439,195,1808,450,4.84,64.07,2.8,58.56,8.34,45.24,-5.54,13.32
district,Bagmati,Kathmandu,Total,65 - 69 Years,25544,55,4701,2631,2607,3587,2786,3926,3373,135,1401,342,5.48,63.73,3.44,58.15,9.24,45.0,-5.8,13.15
district,Bagmati,Kathmandu,Total,70 - 74 Years,15642,34,2924,1648,1505,2170,1593,2352,1951,91,1102,272,7.05,61.19,5.16,56.5,10.9,41.51,-5.74,14.99
district,Bagmati,Kathmandu,Total,75+ Years,16124,49,3553,1716,1428,1805,1249,1927,1741,206,1959,491,12.15,50.55,10.3,48.48,16.25,26.68,-5.95,21.8
district,Bagmati,Kathmandu,Male,Total,913602,27025,149806,119930,87256,131915,189232,123038,71268,1797,9048,3287,0.99,65.97,0.99,56.42,1.6,55.47,-0.61,0.95
district,Bagmati,Kathmandu,Male,05 Year,14119,14063,0,0,0,0,0,0,0,14,24,18,0.17,0.0,0.17,0.0,0.16,0.0,0.01,0.0
district,Bagmati,Kathmandu,Male,06 Year,15137,8601,6504,0,0,0,0,0,0,7,10,15,0.07,0.0,0.07,0.0,0.11,0.0,-0.04,0.0
district,Bagmati,Kathmandu,Male,07 Year,14516,2785,11695,0,0,0,0,0,0,6,26,4,0.18,0.0,0.18,0.0,0.1,0.0,0.08,0.0
district,Bagmati,Kathmandu,Male,08 Year,15526,731,14721,0,0,0,0,0,0,7,59,8,0.38,0.0,0.38,0.0,0.13,0.0,0.25,0.0
district,Bagmati,Kathmandu,Male,09 Year,14901,255,14563,0,0,0,0,0,0,7,69,7,0.46,0.0,0.46,0.0,0.27,0.0,0.19,0.0
district,Bagmati,Kathmandu,Male,10 Year,16476,105,16228,0,0,0,0,0,0,14,123,6,0.75,0.0,0.75,0.0,0.14,0.0,0.61,0.0
district,Bagmati,Kathmandu,Male,11 Year,14298,51,9913,4155,0,0,0,0,0,34,136,9,0.95,0.0,0.95,0.0,0.25,0.0,0.7,0.0
district,Bagmati,Kathmandu,Male,12 Year,16419,38,5668,10502,0,0,0,0,0,25,167,19,1.02,0.0,1.02,0.0,0.18,0.0,0.84,0.0
district,Bagmati,Kathmandu,Male,13 Year,15919,24,2154,13529,0,0,0,0,0,30,166,16,1.04,0.0,1.04,0.0,0.26,0.0,0.78,0.0
district,Bagmati,Kathmandu,Male,14 Year,16751,23,1073,11081,4338,0,0,0,0,32,189,15,1.13,25.9,1.13,0.0,0.28,0.0,0.85,0.0
district,Bagmati,Kathmandu,Male,15 Year,17410,9,445,5561,8240,2852,0,0,0,41,209,53,1.2,63.71,1.2,16.38,0.19,19.17,1.01,-2.79
district,Bagmati,Kathmandu,Male,16 - 19 Years,87320,30,2393,7175,12318,33238,29483,1840,0,176,550,117,0.63,88.04,0.63,73.94,0.19,78.17,0.44,-4.23
district,Bagmati,Kathmandu,Male,20 - 24 Years,112751,18,4015,7756,5967,13151,55621,23445,1996,198,379,205,0.34,88.85,0.34,83.56,0.21,85.01,0.13,-1.45
district,Bagmati,Kathmandu,Male,25 - 29 Years,101326,28,5898,8836,7532,12806,28403,27156,9862,169,389,247,0.38,84.64,0.38,77.2,0.4,76.92,-0.02,0.28
district,Bagmati,Kathmandu,Male,30 - 34 Years,89738,28,7854,10045,7388,12117,21348,17456,12588,175,454,285,0.51,79.0,0.51,70.77,0.8,69.26,-0.29,1.51
district,Bagmati,Kathmandu,Male,35 - 39 Years,81669,27,8885,10593,8976,13393,15454,12105,11252,133,497,354,0.61,74.91,0.61,63.92,1.6,59.28,-0.99,4.64
district,Bagmati,Kathmandu,Male,40 - 44 Years,70892,40,8247,8961,8973,12507,12129,9950,9053,111,613,308,0.86,74.21,0.86,61.56,2.59,54.33,-1.73,7.23
district,Bagmati,Kathmandu,Male,45 - 49 Years,54651,30,6858,6380,7263,9612,8636,7906,6978,97,614,277,1.12,73.91,1.12,60.62,3.7,51.51,-2.58,9.11
district,Bagmati,Kathmandu,Male,50 - 54 Years,49569,32,6974,5818,6310,8335,7190,7673,6090,115,762,270,1.54,71.82,1.54,59.09,5.18,49.71,-3.64,9.38
district,Bagmati,Kathmandu,Male,55 - 59 Years,32482,24,5131,3431,3801,5402,4306,5219,4154,75,698,241,2.15,70.45,2.15,58.74,7.35,47.03,-5.2,11.71
district,Bagmati,Kathmandu,Male,60 - 64 Years,23586,22,3919,2383,2485,3414,2837,4064,3496,87,660,219,2.8,69.09,2.8,58.56,8.34,45.24,-5.54,13.32
district,Bagmati,Kathmandu,Male,65 - 69 Years,16551,25,2815,1602,1689,2264,1805,2846,2710,65,570,160,3.44,68.36,3.44,58.15,9.24,45.0,-5.8,13.15
district,Bagmati,Kathmandu,Male,70 - 74 Years,10494,14,1758,1081,981,1467,1068,1780,1614,54,541,136,5.16,65.85,5.16,56.5,10.9,41.51,-5.74,14.99
district,Bagmati,Kathmandu,Male,75+ Years,11101,22,2095,1041,995,1357,952,1598,1475,125,1143,298,10.3,57.45,10.3,48.48,16.25,26.68,-5.95,21.8
district,Bagmati,Kathmandu,Female,Total,795583,21842,134056,101746,78940,111083,176204,104981,49068,1603,12728,3332,1.6,65.4,0.99,56.42,1.6,55.47,-0.61,0.95
district,Bagmati,Kathmandu,Female,05 Year,11894,11852,0,0,0,0,0,0,0,7,19,16,0.16,0.0,0.17,0.0,0.16,0.0,0.01,0.0
district,Bagmati,Kathmandu,Female,06 Year,12545,6586,5928,0,0,0,0,0,0,11,14,6,0.11,0.0,0.07,0.0,0.11,0.0,-0.04,0.0
district,Bagmati,Kathmandu,Female,07 Year,12393,2037,10340,0,0,0,0,0,0,1,12,3,0.1,0.0,0.18,0.0,0.1,0.0,0.08,0.0
district,Bagmati,Kathmandu,Female,08 Year,12893,532,12334,0,0,0,0,0,0,6,17,4,0.13,0.0,0.38,0.0,0.13,0.0,0.25,0.0
district,Bagmati,Kathmandu,Female,09 Year,12249,188,12019,0,0,0,0,0,0,7,33,2,0.27,0.0,0.46,0.0,0.27,0.0,0.19,0.0
district,Bagmati,Kathmandu,Female,10 Year,13406,62,13317,0,0,0,0,0,0,3,19,5,0.14,0.0,0.75,0.0,0.14,0.0,0.61,0.0
district,Bagmati,Kathmandu,Female,11 Year,12219,36,8175,3970,0,0,0,0,0,3,31,4,0.25,0.0,0.95,0.0,0.25,0.0,0.7,0.0
district,Bagmati,Kathmandu,Female,12 Year,13806,27,4253,9491,0,0,0,0,0,5,25,5,0.18,0.0,1.02,0.0,0.18,0.0,0.84,0.0
district,Bagmati,Kathmandu,Female,13 Year,13763,16,1599,12098,0,0,0,0,0,11,36,3,0.26,0.0,1.04,0.0,0.26,0.0,0.78,0.0
district,Bagmati,Kathmandu,Female,14 Year,14460,12,767,9200,4429,0,0,0,0,6,40,6,0.28,30.63,1.13,0.0,0.28,0.0,0.85,0.0
district,Bagmati,Kathmandu,Female,15 Year,15024,10,275,4201,7583,2880,0,0,0,9,28,38,0.19,69.64,1.2,16.38,0.19,19.17,1.01,-2.79
district,Bagmati,Kathmandu,Female,16 - 19 Years,75138,20,1200,4832,10047,29048,27723,1967,0,83,146,72,0.19,91.54,0.63,73.94,0.19,78.17,0.44,-4.23
district,Bagmati,Kathmandu,Female,20 - 24 Years,109548,21,3068,6111,6624,11408,54231,24951,2541,209,226,158,0.21,91.06,0.34,83.56,0.21,85.01,0.13,-1.45
district,Bagmati,Kathmandu,Female,25 - 29 Years,105510,18,5923,8555,9067,12425,29656,27684,11390,150,419,223,0.4,85.51,0.38,77.2,0.4,76.92,-0.02,0.28
district,Bagmati,Kathmandu,Female,30 - 34 Years,92950,41,9268,9629,8429,11494,22563,17839,12482,126,745,334,0.8,78.33,0.51,70.77,0.8,69.26,-0.29,1.51
district,Bagmati,Kathmandu,Female,35 - 39 Years,77933,49,10471,9964,9512,11760,14478,11031,8926,100,1246,396,1.6,71.48,0.61,63.92,1.6,59.28,-0.99,4.64
district,Bagmati,Kathmandu,Female,40 - 44 Years,61976,51,9406,8332,8364,10905,10078,7337,5349,157,1604,393,2.59,67.82,0.86,61.56,2.59,54.33,-1.73,7.23
district,Bagmati,Kathmandu,Female,45 - 49 Years,42377,59,7581,5384,5488,7482,6609,4815,2923,139,1568,329,3.7,64.46,1.12,60.62,3.7,51.51,-2.58,9.11
district,Bagmati,Kathmandu,Female,50 - 54 Years,33104,57,6546,4000,3868,5856,4855,3678,2066,148,1714,316,5.18,61.39,1.54,59.09,5.18,49.71,-3.64,9.38
district,Bagmati,Kathmandu,Female,55 - 59 Years,19468,52,4074,2106,2248,3235,2621,2117,1182,126,1430,277,7.35,58.57,2.15,58.74,7.35,47.03,-5.2,11.71
district,Bagmati,Kathmandu,Female,60 - 64 Years,13763,39,3002,1602,1406,2116,1587,1581,943,108,1148,231,8.34,55.46,2.8,58.56,8.34,45.24,-5.54,13.32
district,Bagmati,Kathmandu,Female,65 - 69 Years,8993,30,1886,1029,918,1323,981,1080,663,70,831,182,9.24,55.21,3.44,58.15,9.24,45.0,-5.8,13.15
district,Bagmati,Kathmandu,Female,70 - 74 Years,5148,20,1166,567,524,703,525,572,337,37,561,136,10.9,51.69,5.16,56.5,10.9,41.51,-5.74,14.99
district,Bagmati,Kathmandu,Female,75+ Years,5023,27,1458,675,433,448,297,329,266,81,816,193,16.25,35.3,10.3,48.48,16.25,26.68,-5.95,21.8
district,Bagmati,Bhaktapur,Total,Total,353963,10933,68268,49948,40720,46245,70819,39649,19634,322,5640,1785,1.59,61.32,0.91,50.15,2.39,49.43,-1.48,0.72
district,Bagmati,Bhaktapur,Total,05 Year,5770,5766,0,0,0,0,0,0,0,0,0,4,0.0,0.0,0.0,0.0,0.0,0.0,0.0,0.0
district,Bagmati,Bhaktapur,Total,06 Year,6160,3460,2691,0,0,0,0,0,0,0,2,7,0.03,0.0,0.0,0.0,0.07,0.0,-0.07,0.0
district,Bagmati,Bhaktapur,Total,07 Year,5906,1041,4860,0,0,0,0,0,0,0,2,3,0.03,0.0,0.0,0.0,0.07,0.0,-0.07,0.0
district,Bagmati,Bhaktapur,Total,08 Year,5852,276,5569,0,0,0,0,0,0,0,5,2,0.09,0.0,0.15,0.0,0.0,0.0,0.15,0.0
district,Bagmati,Bhaktapur,Total,09 Year,6033,78,5949,0,0,0,0,0,0,0,1,5,0.02,0.0,0.03,0.0,0.0,0.0,0.03,0.0
district,Bagmati,Bhaktapur,Total,10 Year,6374,17,6352,0,0,0,0,0,0,0,0,5,0.0,0.0,0.0,0.0,0.0,0.0,0.0,0.0
district,Bagmati,Bhaktapur,Total,11 Year,5709,10,4203,1494,0,0,0,0,0,0,0,2,0.0,0.0,0.0,0.0,0.0,0.0,0.0,0.0
district,Bagmati,Bhaktapur,Total,12 Year,6461,18,2271,4170,0,0,0,0,0,0,1,1,0.02,0.0,0.03,0.0,0.0,0.0,0.03,0.0
district,Bagmati,Bhaktapur,Total,13 Year,6156,10,760,5384,0,0,0,0,0,0,1,1,0.02,0.0,0.0,0.0,0.03,0.0,-0.03,0.0
district,Bagmati,Bhaktapur,Total,14 Year,6213,5,384,4335,1486,0,0,0,0,0,1,2,0.02,23.92,0.03,0.0,0.0,0.0,0.03,0.0
district,Bagmati,Bhaktapur,Total,15 Year,6683,1,145,2096,3316,1059,0,0,0,0,9,57,0.13,65.46,0.14,14.72,0.13,17.15,0.01,-2.43
district,Bagmati,Bhaktapur,Total,16 - 19 Years,30138,4,707,2446,5241,12003,9288,347,0,5,18,79,0.06,89.19,0.07,69.42,0.05,74.49,0.02,-5.07
district,Bagmati,Bhaktapur,Total,20 - 24 Years,42665,10,1556,3006,2933,4797,22374,7265,513,34,66,111,0.15,88.79,0.14,81.32,0.17,82.53,-0.03,-1.21
district,Bagmati,Bhaktapur,Total,25 - 29 Years,42914,17,2853,3849,4188,4911,12161,11359,3305,24,145,102,0.34,83.71,0.24,73.31,0.43,74.57,-0.19,-1.26
district,Bagmati,Bhaktapur,Total,30 - 34 Years,39512,24,4197,4675,3855,4676,9490,7498,4689,20,251,137,0.64,76.45,0.36,66.65,0.91,66.74,-0.55,-0.09
district,Bagmati,Bhaktapur,Total,35 - 39 Years,35058,29,5002,5393,4933,4866,6008,4339,3920,28,389,151,1.11,68.65,0.51,56.63,1.74,52.38,-1.23,4.25
district,Bagmati,Bhaktapur,Total,40 - 44 Years,29144,23,5239,4628,4865,4248,4018,2764,2612,27,553,167,1.9,63.5,0.82,51.57,3.11,41.45,-2.29,10.12
district,Bagmati,Bhaktapur,Total,45 - 49 Years,21378,28,4396,3070,3596,3201,2662,1869,1614,46,741,155,3.47,60.54,1.03,49.04,6.65,36.75,-5.62,12.29
district,Bagmati,Bhaktapur,Total,50 - 54 Years,17958,46,3733,2241,2902,2929,2053,1583,1271,40,961,199,5.35,59.8,1.5,48.84,11.56,35.24,-10.06,13.6
district,Bagmati,Bhaktapur,Total,55 - 59 Years,10726,17,2573,1134,1450,1670,1235,1020,701,23,752,151,7.01,56.65,2.58,49.39,15.5,31.13,-12.92,18.26
district,Bagmati,Bhaktapur,Total,60 - 64 Years,7211,17,1878,846,860,856,760,740,493,26,591,144,8.2,51.44,4.04,45.68,16.88,26.61,-12.84,19.07
district,Bagmati,Bhaktapur,Total,65 - 69 Years,4666,11,1255,564,546,502,454,480,331,15,411,97,8.81,49.57,5.21,43.41,17.87,23.91,-12.66,19.5
district,Bagmati,Bhaktapur,Total,70 - 74 Years,2551,9,783,318,289,271,189,226,106,9,269,82,10.54,42.38,7.94,35.32,19.0,17.17,-11.06,18.15
district,Bagmati,Bhaktapur,Total,75+ Years,2725,16,912,299,260,256,127,159,79,25,471,121,17.28,32.33,16.12,25.38,21.63,13.15,-5.51,12.23
district,Bagmati,Bhaktapur,Male,Total,190981,6065,36284,27857,22352,25875,36883,21297,11731,106,1739,792,0.91,61.86,0.91,50.15,2.39,49.43,-1.48,0.72
district,Bagmati,Bhaktapur,Male,05 Year,3208,3206,0,0,0,0,0,0,0,0,0,2,0.0,0.0,0.0,0.0,0.0,0.0,0.0,0.0
district,Bagmati,Bhaktapur,Male,06 Year,3310,1899,1407,0,0,0,0,0,0,0,0,4,0.0,0.0,0.0,0.0,0.07,0.0,-0.07,0.0
district,Bagmati,Bhaktapur,Male,07 Year,3213,618,2592,0,0,0,0,0,0,0,0,3,0.0,0.0,0.0,0.0,0.07,0.0,-0.07,0.0
district,Bagmati,Bhaktapur,Male,08 Year,3255,168,3081,0,0,0,0,0,0,0,5,1,0.15,0.0,0.15,0.0,0.0,0.0,0.15,0.0
district,Bagmati,Bhaktapur,Male,09 Year,3287,45,3238,0,0,0,0,0,0,0,1,3,0.03,0.0,0.03,0.0,0.0,0.0,0.03,0.0
district,Bagmati,Bhaktapur,Male,10 Year,3543,10,3532,0,0,0,0,0,0,0,0,1,0.0,0.0,0.0,0.0,0.0,0.0,0.0,0.0
district,Bagmati,Bhaktapur,Male,11 Year,3110,7,2300,802,0,0,0,0,0,0,0,1,0.0,0.0,0.0,0.0,0.0,0.0,0.0,0.0
district,Bagmati,Bhaktapur,Male,12 Year,3410,9,1259,2141,0,0,0,0,0,0,1,0,0.03,0.0,0.03,0.0,0.0,0.0,0.03,0.0
district,Bagmati,Bhaktapur,Male,13 Year,3261,4,431,2825,0,0,0,0,0,0,0,1,0.0,0.0,0.0,0.0,0.03,0.0,-0.03,0.0
district,Bagmati,Bhaktapur,Male,14 Year,3300,3,218,2340,738,0,0,0,0,0,1,0,0.03,22.36,0.03,0.0,0.0,0.0,0.03,0.0
district,Bagmati,Bhaktapur,Male,15 Year,3587,0,96,1214,1715,528,0,0,0,0,5,29,0.14,62.53,0.14,14.72,0.13,17.15,0.01,-2.43
district,Bagmati,Bhaktapur,Male,16 - 19 Years,16009,1,454,1501,2877,6311,4627,175,0,2,11,50,0.07,87.39,0.07,69.42,0.05,74.49,0.02,-5.07
district,Bagmati,Bhaktapur,Male,20 - 24 Years,21789,5,830,1675,1461,2625,11393,3484,217,14,31,54,0.14,88.03,0.14,81.32,0.17,82.53,-0.03,-1.21
district,Bagmati,Bhaktapur,Male,25 - 29 Years,21058,6,1409,2156,1938,2557,5925,5520,1436,10,50,51,0.24,82.51,0.24,73.31,0.43,74.57,-0.19,-1.26
district,Bagmati,Bhaktapur,Male,30 - 34 Years,19564,12,2008,2554,1811,2402,4615,3680,2343,4,70,65,0.36,75.91,0.36,66.65,0.91,66.74,-0.55,-0.09
district,Bagmati,Bhaktapur,Male,35 - 39 Years,18081,10,2314,2912,2444,2628,3156,2257,2199,9,93,59,0.51,70.15,0.51,56.63,1.74,52.38,-1.23,4.25
district,Bagmati,Bhaktapur,Male,40 - 44 Years,15432,11,2339,2351,2587,2385,2204,1593,1777,1,126,58,0.82,68.34,0.82,51.57,3.11,41.45,-2.29,10.12
district,Bagmati,Bhaktapur,Male,45 - 49 Years,12121,7,2007,1762,2201,1915,1546,1227,1256,17,125,58,1.03,67.2,1.03,49.04,6.65,36.75,-5.62,12.29
district,Bagmati,Bhaktapur,Male,50 - 54 Years,11080,7,1947,1439,2037,1881,1336,1173,1022,5,166,67,1.5,67.23,1.5,48.84,11.56,35.24,-10.06,13.6
district,Bagmati,Bhaktapur,Male,55 - 59 Years,7048,6,1518,738,1060,1182,878,824,597,4,182,59,2.58,64.43,2.58,49.39,15.5,31.13,-12.92,18.26
district,Bagmati,Bhaktapur,Male,60 - 64 Years,4877,6,1197,571,615,613,566,625,424,10,197,53,4.04,58.29,4.04,45.68,16.88,26.61,-12.84,19.07
district,Bagmati,Bhaktapur,Male,65 - 69 Years,3340,7,848,404,414,395,365,396,294,5,174,38,5.21,55.81,5.21,43.41,17.87,23.91,-12.66,19.5
district,Bagmati,Bhaktapur,Male,70 - 74 Years,1951,7,560,238,236,232,163,198,96,7,155,59,7.94,47.41,7.94,35.32,19.0,17.17,-11.06,18.15
district,Bagmati,Bhaktapur,Male,75+ Years,2147,11,699,234,218,221,109,145,70,18,346,76,16.12,35.54,16.12,25.38,21.63,13.15,-5.51,12.23
district,Bagmati,Bhaktapur,Female,Total,162982,4868,31984,22091,18368,20370,33936,18352,7903,216,3901,993,2.39,60.7,0.91,50.15,2.39,49.43,-1.48,0.72
district,Bagmati,Bhaktapur,Female,05 Year,2562,2560,0,0,0,0,0,0,0,0,0,2,0.0,0.0,0.0,0.0,0.0,0.0,0.0,0.0
district,Bagmati,Bhaktapur,Female,06 Year,2850,1561,1284,0,0,0,0,0,0,0,2,3,0.07,0.0,0.0,0.0,0.07,0.0,-0.07,0.0
district,Bagmati,Bhaktapur,Female,07 Year,2693,423,2268,0,0,0,0,0,0,0,2,0,0.07,0.0,0.0,0.0,0.07,0.0,-0.07,0.0
district,Bagmati,Bhaktapur,Female,08 Year,2597,108,2488,0,0,0,0,0,0,0,0,1,0.0,0.0,0.15,0.0,0.0,0.0,0.15,0.0
district,Bagmati,Bhaktapur,Female,09 Year,2746,33,2711,0,0,0,0,0,0,0,0,2,0.0,0.0,0.03,0.0,0.0,0.0,0.03,0.0
district,Bagmati,Bhaktapur,Female,10 Year,2831,7,2820,0,0,0,0,0,0,0,0,4,0.0,0.0,0.0,0.0,0.0,0.0,0.0,0.0
district,Bagmati,Bhaktapur,Female,11 Year,2599,3,1903,692,0,0,0,0,0,0,0,1,0.0,0.0,0.0,0.0,0.0,0.0,0.0,0.0
district,Bagmati,Bhaktapur,Female,12 Year,3051,9,1012,2029,0,0,0,0,0,0,0,1,0.0,0.0,0.03,0.0,0.0,0.0,0.03,0.0
district,Bagmati,Bhaktapur,Female,13 Year,2895,6,329,2559,0,0,0,0,0,0,1,0,0.03,0.0,0.0,0.0,0.03,0.0,-0.03,0.0
district,Bagmati,Bhaktapur,Female,14 Year,2913,2,166,1995,748,0,0,0,0,0,0,2,0.0,25.68,0.03,0.0,0.0,0.0,0.03,0.0
district,Bagmati,Bhaktapur,Female,15 Year,3096,1,49,882,1601,531,0,0,0,0,4,28,0.13,68.86,0.14,14.72,0.13,17.15,0.01,-2.43
district,Bagmati,Bhaktapur,Female,16 - 19 Years,14129,3,253,945,2364,5692,4661,172,0,3,7,29,0.05,91.22,0.07,69.42,0.05,74.49,0.02,-5.07
district,Bagmati,Bhaktapur,Female,20 - 24 Years,20876,5,726,1331,1472,2172,10981,3781,296,20,35,57,0.17,89.59,0.14,81.32,0.17,82.53,-0.03,-1.21
district,Bagmati,Bhaktapur,Female,25 - 29 Years,21856,11,1444,1693,2250,2354,6236,5839,1869,14,95,51,0.43,84.86,0.24,73.31,0.43,74.57,-0.19,-1.26
district,Bagmati,Bhaktapur,Female,30 - 34 Years,19948,12,2189,2121,2044,2274,4875,3818,2346,16,181,72,0.91,76.99,0.36,66.65,0.91,66.74,-0.55,-0.09
district,Bagmati,Bhaktapur,Female,35 - 39 Years,16977,19,2688,2481,2489,2238,2852,2082,1721,19,296,92,1.74,67.04,0.51,56.63,1.74,52.38,-1.23,4.25
district,Bagmati,Bhaktapur,Female,40 - 44 Years,13712,12,2900,2277,2278,1863,1814,1171,835,26,427,109,3.11,58.06,0.82,51.57,3.11,41.45,-2.29,10.12
district,Bagmati,Bhaktapur,Female,45 - 49 Years,9257,21,2389,1308,1395,1286,1116,642,358,29,616,97,6.65,51.82,1.03,49.04,6.65,36.75,-5.62,12.29
district,Bagmati,Bhaktapur,Female,50 - 54 Years,6878,39,1786,802,865,1048,717,410,249,35,795,132,11.56,47.82,1.5,48.84,11.56,35.24,-10.06,13.6
district,Bagmati,Bhaktapur,Female,55 - 59 Years,3678,11,1055,396,390,488,357,196,104,19,570,92,15.5,41.73,2.58,49.39,15.5,31.13,-12.92,18.26
district,Bagmati,Bhaktapur,Female,60 - 64 Years,2334,11,681,275,245,243,194,115,69,16,394,91,16.88,37.1,4.04,45.68,16.88,26.61,-12.84,19.07
district,Bagmati,Bhaktapur,Female,65 - 69 Years,1326,4,407,160,132,107,89,84,37,10,237,59,17.87,33.86,5.21,43.41,17.87,23.91,-12.66,19.5
district,Bagmati,Bhaktapur,Female,70 - 74 Years,600,2,223,80,53,39,26,28,10,2,114,23,19.0,26.0,7.94,35.32,19.0,17.17,-11.06,18.15
district,Bagmati,Bhaktapur,Female,75+ Years,578,5,213,65,42,35,18,14,9,7,125,45,21.63,20.42,16.12,25.38,21.63,13.15,-5.51,12.23
district,Bagmati,Lalitpur,Total,Total,456968,12390,86326,63825,55879,51974,90475,55718,31630,271,5699,2781,1.25,62.52,0.85,50.68,1.69,49.84,-0.84,0.84
district,Bagmati,Lalitpur,Total,05 Year,6712,6703,0,0,0,0,0,0,0,0,2,7,0.03,0.0,0.0,0.0,0.06,0.0,-0.06,0.0
district,Bagmati,Lalitpur,Total,06 Year,7278,3789,3483,0,0,0,0,0,0,0,1,5,0.01,0.0,0.03,0.0,0.0,0.0,0.03,0.0
district,Bagmati,Lalitpur,Total,07 Year,6969,1128,5837,0,0,0,0,0,0,0,1,3,0.01,0.0,0.03,0.0,0.0,0.0,0.03,0.0
district,Bagmati,Lalitpur,Total,08 Year,7250,321,6917,0,0,0,0,0,0,0,7,5,0.1,0.0,0.18,0.0,0.0,0.0,0.18,0.0
district,Bagmati,Lalitpur,Total,09 Year,7159,104,7046,0,0,0,0,0,0,0,7,2,0.1,0.0,0.18,0.0,0.0,0.0,0.18,0.0
district,Bagmati,Lalitpur,Total,10 Year,7961,27,7902,0,0,0,0,0,0,0,30,2,0.38,0.0,0.64,0.0,0.06,0.0,0.58,0.0
district,Bagmati,Lalitpur,Total,11 Year,7150,13,5187,1932,0,0,0,0,0,0,16,2,0.22,0.0,0.41,0.0,0.0,0.0,0.41,0.0
district,Bagmati,Lalitpur,Total,12 Year,8080,15,2831,5210,0,0,0,0,0,0,22,2,0.27,0.0,0.51,0.0,0.0,0.0,0.51,0.0
district,Bagmati,Lalitpur,Total,13 Year,8215,17,1166,7007,0,0,0,0,0,0,23,2,0.28,0.0,0.52,0.0,0.03,0.0,0.49,0.0
district,Bagmati,Lalitpur,Total,14 Year,8213,11,604,5673,1901,0,0,0,0,0,18,6,0.22,23.15,0.41,0.0,0.02,0.0,0.39,0.0
district,Bagmati,Lalitpur,Total,15 Year,8943,3,183,3185,4377,1126,0,0,0,1,8,60,0.09,61.53,0.17,11.47,0.0,13.79,0.17,-2.32
district,Bagmati,Lalitpur,Total,16 - 19 Years,39586,7,1049,3548,7975,14806,11657,383,0,10,35,116,0.09,87.96,0.12,66.29,0.05,69.51,0.07,-3.22
district,Bagmati,Lalitpur,Total,20 - 24 Years,54342,15,2318,4232,4212,5432,27781,9120,932,20,91,189,0.17,87.37,0.21,78.63,0.12,80.64,0.09,-2.01
district,Bagmati,Lalitpur,Total,25 - 29 Years,51070,17,3826,4922,5311,4910,13906,13220,4580,23,175,180,0.34,82.1,0.3,71.73,0.39,71.67,-0.09,0.06
district,Bagmati,Lalitpur,Total,30 - 34 Years,46985,24,5268,5350,4954,4499,10922,9134,6291,27,285,231,0.61,76.19,0.46,65.63,0.75,65.67,-0.29,-0.04
district,Bagmati,Lalitpur,Total,35 - 39 Years,42589,32,5998,5704,5864,4824,7654,6184,5591,28,463,247,1.09,70.72,0.66,58.32,1.51,55.58,-0.85,2.74
district,Bagmati,Lalitpur,Total,40 - 44 Years,38288,34,6058,5151,6100,4931,6003,4778,4288,24,648,273,1.69,68.17,0.82,55.23,2.65,48.95,-1.83,6.28
district,Bagmati,Lalitpur,Total,45 - 49 Years,29006,22,5112,3831,4811,3619,4030,3681,2971,29,646,254,2.23,65.89,1.01,53.12,3.75,44.55,-2.74,8.57
district,Bagmati,Lalitpur,Total,50 - 54 Years,25026,41,4946,3101,3967,3148,3357,3079,2305,33,743,306,2.97,63.36,1.41,51.1,5.28,42.19,-3.87,8.91
district,Bagmati,Lalitpur,Total,55 - 59 Years,15841,17,3360,1751,2379,1789,2057,2073,1540,24,648,203,4.09,62.1,1.94,50.2,7.55,42.07,-5.61,8.13
district,Bagmati,Lalitpur,Total,60 - 64 Years,11587,14,2733,1300,1559,1170,1282,1573,1185,19,569,183,4.91,58.42,2.88,48.22,8.27,39.57,-5.39,8.65
district,Bagmati,Lalitpur,Total,65 - 69 Years,8086,17,1829,851,1140,787,866,1139,858,14,402,183,4.97,59.24,3.07,48.57,8.35,39.04,-5.28,9.53
district,Bagmati,Lalitpur,Total,70 - 74 Years,5080,8,1214,531,674,477,494,737,522,4,302,117,5.94,57.17,3.96,47.63,9.8,36.64,-5.84,10.99
district,Bagmati,Lalitpur,Total,75+ Years,5552,11,1459,546,655,456,466,617,567,15,557,203,10.03,49.73,8.51,41.62,13.12,30.48,-4.61,11.14
district,Bagmati,Lalitpur,Male,Total,243108,6703,45389,34786,29553,28186,46717,29977,18333,111,2078,1275,0.85,62.84,0.85,50.68,1.69,49.84,-0.84,0.84
district,Bagmati,Lalitpur,Male,05 Year,3566,3562,0,0,0,0,0,0,0,0,0,4,0.0,0.0,0.0,0.0,0.06,0.0,-0.06,0.0
district,Bagmati,Lalitpur,Male,06 Year,3855,2097,1756,0,0,0,0,0,0,0,1,1,0.03,0.0,0.03,0.0,0.0,0.0,0.03,0.0
district,Bagmati,Lalitpur,Male,07 Year,3722,647,3071,0,0,0,0,0,0,0,1,3,0.03,0.0,0.03,0.0,0.0,0.0,0.03,0.0
district,Bagmati,Lalitpur,Male,08 Year,3830,183,3639,0,0,0,0,0,0,0,7,1,0.18,0.0,0.18,0.0,0.0,0.0,0.18,0.0
district,Bagmati,Lalitpur,Male,09 Year,3880,59,3814,0,0,0,0,0,0,0,7,0,0.18,0.0,0.18,0.0,0.0,0.0,0.18,0.0
district,Bagmati,Lalitpur,Male,10 Year,4346,14,4304,0,0,0,0,0,0,0,28,0,0.64,0.0,0.64,0.0,0.06,0.0,0.58,0.0
district,Bagmati,Lalitpur,Male,11 Year,3899,7,2883,991,0,0,0,0,0,0,16,2,0.41,0.0,0.41,0.0,0.0,0.0,0.41,0.0
district,Bagmati,Lalitpur,Male,12 Year,4308,5,1532,2747,0,0,0,0,0,0,22,2,0.51,0.0,0.51,0.0,0.0,0.0,0.51,0.0
district,Bagmati,Lalitpur,Male,13 Year,4254,12,641,3578,0,0,0,0,0,0,22,1,0.52,0.0,0.52,0.0,0.03,0.0,0.49,0.0
district,Bagmati,Lalitpur,Male,14 Year,4184,8,326,2939,890,0,0,0,0,0,17,4,0.41,21.27,0.41,0.0,0.02,0.0,0.39,0.0
district,Bagmati,Lalitpur,Male,15 Year,4629,0,125,1776,2158,531,0,0,0,0,8,31,0.17,58.09,0.17,11.47,0.0,13.79,0.17,-2.32
district,Bagmati,Lalitpur,Male,16 - 19 Years,20810,3,705,2070,4152,7702,5903,190,0,3,26,56,0.12,86.24,0.12,66.29,0.05,69.51,0.07,-3.22
district,Bagmati,Lalitpur,Male,20 - 24 Years,27777,9,1251,2401,2117,2974,14158,4314,396,6,58,93,0.21,86.25,0.21,78.63,0.12,80.64,0.09,-2.01
district,Bagmati,Lalitpur,Male,25 - 29 Years,25138,7,1865,2609,2455,2619,6905,6524,1983,9,75,87,0.3,81.49,0.3,71.73,0.39,71.67,-0.09,0.06
district,Bagmati,Lalitpur,Male,30 - 34 Years,23369,6,2524,2849,2431,2359,5319,4598,3061,12,108,102,0.46,76.03,0.46,65.63,0.75,65.67,-0.29,-0.04
district,Bagmati,Lalitpur,Male,35 - 39 Years,21238,15,2802,2923,2850,2433,3848,3133,2972,16,140,106,0.66,71.74,0.66,58.32,1.51,55.58,-0.85,2.74
district,Bagmati,Lalitpur,Male,40 - 44 Years,20034,10,2836,2725,3114,2587,3097,2689,2692,9,164,111,0.82,70.77,0.82,55.23,2.65,48.95,-1.83,6.28
district,Bagmati,Lalitpur,Male,45 - 49 Years,16095,8,2458,2137,2673,2058,2255,2200,2036,11,162,97,1.01,69.72,1.01,53.12,3.75,44.55,-2.74,8.57
district,Bagmati,Lalitpur,Male,50 - 54 Years,14932,16,2619,1872,2432,1917,1989,2030,1694,15,210,138,1.41,67.39,1.41,51.1,5.28,42.19,-3.87,8.91
district,Bagmati,Lalitpur,Male,55 - 59 Years,9773,6,1894,1108,1575,1125,1253,1397,1131,5,190,89,1.94,66.32,1.94,50.2,7.55,42.07,-5.61,8.13
district,Bagmati,Lalitpur,Male,60 - 64 Years,7223,9,1575,826,1031,732,772,1102,877,8,208,83,2.88,62.49,2.88,48.22,8.27,39.57,-5.39,8.65
district,Bagmati,Lalitpur,Male,65 - 69 Years,5176,8,1109,548,748,521,556,790,647,8,159,82,3.07,63.02,3.07,48.57,8.35,39.04,-5.28,9.53
district,Bagmati,Lalitpur,Male,70 - 74 Years,3355,6,761,329,461,322,341,535,400,2,133,65,3.96,61.37,3.96,47.63,9.8,36.64,-5.84,10.99
district,Bagmati,Lalitpur,Male,75+ Years,3715,6,899,358,466,306,321,475,444,7,316,117,8.51,54.16,8.51,41.62,13.12,30.48,-4.61,11.14
district,Bagmati,Lalitpur,Female,Total,213860,5687,40937,29039,26326,23788,43758,25741,13297,160,3621,1506,1.69,62.15,0.85,50.68,1.69,49.84,-0.84,0.84
district,Bagmati,Lalitpur,Female,05 Year,3146,3141,0,0,0,0,0,0,0,0,2,3,0.06,0.0,0.0,0.0,0.06,0.0,-0.06,0.0
district,Bagmati,Lalitpur,Female,06 Year,3423,1692,1727,0,0,0,0,0,0,0,0,4,0.0,0.0,0.03,0.0,0.0,0.0,0.03,0.0
district,Bagmati,Lalitpur,Female,07 Year,3247,481,2766,0,0,0,0,0,0,0,0,0,0.0,0.0,0.03,0.0,0.0,0.0,0.03,0.0
district,Bagmati,Lalitpur,Female,08 Year,3420,138,3278,0,0,0,0,0,0,0,0,4,0.0,0.0,0.18,0.0,0.0,0.0,0.18,0.0
district,Bagmati,Lalitpur,Female,09 Year,3279,45,3232,0,0,0,0,0,0,0,0,2,0.0,0.0,0.18,0.0,0.0,0.0,0.18,0.0
district,Bagmati,Lalitpur,Female,10 Year,3615,13,3598,0,0,0,0,0,0,0,2,2,0.06,0.0,0.64,0.0,0.06,0.0,0.58,0.0
district,Bagmati,Lalitpur,Female,11 Year,3251,6,2304,941,0,0,0,0,0,0,0,0,0.0,0.0,0.41,0.0,0.0,0.0,0.41,0.0
district,Bagmati,Lalitpur,Female,12 Year,3772,10,1299,2463,0,0,0,0,0,0,0,0,0.0,0.0,0.51,0.0,0.0,0.0,0.51,0.0
district,Bagmati,Lalitpur,Female,13 Year,3961,5,525,3429,0,0,0,0,0,0,1,1,0.03,0.0,0.52,0.0,0.03,0.0,0.49,0.0
district,Bagmati,Lalitpur,Female,14 Year,4029,3,278,2734,1011,0,0,0,0,0,1,2,0.02,25.09,0.41,0.0,0.02,0.0,0.39,0.0
district,Bagmati,Lalitpur,Female,15 Year,4314,3,58,1409,2219,595,0,0,0,1,0,29,0.0,65.23,0.17,11.47,0.0,13.79,0.17,-2.32
district,Bagmati,Lalitpur,Female,16 - 19 Years,18776,4,344,1478,3823,7104,5754,193,0,7,9,60,0.05,89.87,0.12,66.29,0.05,69.51,0.07,-3.22
district,Bagmati,Lalitpur,Female,20 - 24 Years,26565,6,1067,1831,2095,2458,13623,4806,536,14,33,96,0.12,88.53,0.21,78.63,0.12,80.64,0.09,-2.01
district,Bagmati,Lalitpur,Female,25 - 29 Years,25932,10,1961,2313,2856,2291,7001,6696,2597,14,100,93,0.39,82.68,0.3,71.73,0.39,71.67,-0.09,0.06
district,Bagmati,Lalitpur,Female,30 - 34 Years,23616,18,2744,2501,2523,2140,5603,4536,3230,15,177,129,0.75,76.36,0.46,65.63,0.75,65.67,-0.29,-0.04
district,Bagmati,Lalitpur,Female,35 - 39 Years,21351,17,3196,2781,3014,2391,3806,3051,2619,12,323,141,1.51,69.7,0.66,58.32,1.51,55.58,-0.85,2.74
district,Bagmati,Lalitpur,Female,40 - 44 Years,18254,24,3222,2426,2986,2344,2906,2089,1596,15,484,162,2.65,65.31,0.82,55.23,2.65,48.95,-1.83,6.28
district,Bagmati,Lalitpur,Female,45 - 49 Years,12911,14,2654,1694,2138,1561,1775,1481,935,18,484,157,3.75,61.11,1.01,53.12,3.75,44.55,-2.74,8.57
district,Bagmati,Lalitpur,Female,50 - 54 Years,10094,25,2327,1229,1535,1231,1368,1049,611,18,533,168,5.28,57.4,1.41,51.1,5.28,42.19,-3.87,8.91
district,Bagmati,Lalitpur,Female,55 - 59 Years,6068,11,1466,643,804,664,804,676,409,19,458,114,7.55,55.32,1.94,50.2,7.55,42.07,-5.61,8.13
district,Bagmati,Lalitpur,Female,60 - 64 Years,4364,5,1158,474,528,438,510,471,308,11,361,100,8.27,51.67,2.88,48.22,8.27,39.57,-5.39,8.65
district,Bagmati,Lalitpur,Female,65 - 69 Years,2910,9,720,303,392,266,310,349,211,6,243,101,8.35,52.51,3.07,48.57,8.35,39.04,-5.28,9.53
district,Bagmati,Lalitpur,Female,70 - 74 Years,1725,2,453,202,213,155,153,202,122,2,169,52,9.8,48.99,3.96,47.63,9.8,36.64,-5.84,10.99
district,Bagmati,Lalitpur,Female,75+ Years,1837,5,560,188,189,150,145,142,123,8,241,86,13.12,40.77,8.51,41.62,13.12,30.48,-4.61,11.14
district,Bagmati,Kavrepalanchok,Total,Total,255693,8760,71277,47959,36142,27594,38670,11922,4795,252,6539,1783,2.56,46.59,1.74,31.81,3.53,33.22,-1.79,-1.41
district,Bagmati,Kavrepalanchok,Total,05 Year,5157,5152,0,0,0,0,0,0,0,0,1,4,0.02,0.0,0.0,0.0,0.04,0.0,-0.04,0.0
district,Bagmati,Kavrepalanchok,Total,06 Year,5447,2220,3227,0,0,0,0,0,0,0,0,0,0.0,0.0,0.0,0.0,0.0,0.0,0.0,0.0
district,Bagmati,Kavrepalanchok,Total,07 Year,4878,746,4131,0,0,0,0,0,0,0,0,1,0.0,0.0,0.0,0.0,0.0,0.0,0.0,0.0
district,Bagmati,Kavrepalanchok,Total,08 Year,5485,231,5253,0,0,0,0,0,0,0,0,1,0.0,0.0,0.0,0.0,0.0,0.0,0.0,0.0
district,Bagmati,Kavrepalanchok,Total,09 Year,5555,87,5465,0,0,0,0,0,0,0,0,3,0.0,0.0,0.0,0.0,0.0,0.0,0.0,0.0
district,Bagmati,Kavrepalanchok,Total,10 Year,5856,16,5839,0,0,0,0,0,0,0,0,1,0.0,0.0,0.0,0.0,0.0,0.0,0.0,0.0
district,Bagmati,Kavrepalanchok,Total,11 Year,5306,13,3738,1554,0,0,0,0,0,0,0,1,0.0,0.0,0.0,0.0,0.0,0.0,0.0,0.0
district,Bagmati,Kavrepalanchok,Total,12 Year,6194,8,2416,3769,0,0,0,0,0,0,1,0,0.02,0.0,0.03,0.0,0.0,0.0,0.03,0.0
district,Bagmati,Kavrepalanchok,Total,13 Year,6196,4,1132,5060,0,0,0,0,0,0,0,0,0.0,0.0,0.0,0.0,0.0,0.0,0.0,0.0
district,Bagmati,Kavrepalanchok,Total,14 Year,6276,15,560,4238,1461,0,0,0,0,0,1,1,0.02,23.28,0.0,0.0,0.03,0.0,-0.03,0.0
district,Bagmati,Kavrepalanchok,Total,15 Year,6683,2,212,2698,3087,628,0,0,0,0,0,56,0.0,55.59,0.0,7.73,0.0,11.01,0.0,-3.28
district,Bagmati,Kavrepalanchok,Total,16 - 19 Years,26030,3,1173,3946,6816,8113,5721,164,0,3,16,75,0.06,79.96,0.05,49.25,0.07,58.21,-0.02,-8.96
district,Bagmati,Kavrepalanchok,Total,20 - 24 Years,30815,12,2361,4181,4468,4060,12633,2678,231,7,69,115,0.22,78.11,0.17,61.35,0.27,65.72,-0.1,-4.37
district,Bagmati,Kavrepalanchok,Total,25 - 29 Years,29006,25,3637,4390,4719,3520,7769,3537,1099,15,181,114,0.62,71.17,0.48,53.66,0.77,56.11,-0.29,-2.45
district,Bagmati,Kavrepalanchok,Total,30 - 34 Years,25401,21,5044,4449,3381,2853,5513,2408,1256,12,343,121,1.35,60.67,0.73,48.43,2.03,46.18,-1.3,2.25
district,Bagmati,Kavrepalanchok,Total,35 - 39 Years,22663,40,5815,4689,3593,2621,2931,1253,921,26,604,170,2.67,49.94,1.03,37.38,4.7,29.98,-3.67,7.4
district,Bagmati,Kavrepalanchok,Total,40 - 44 Years,17123,32,5051,3229,3112,1931,1544,673,528,28,801,194,4.68,45.48,1.81,31.3,8.57,21.89,-6.76,9.41
district,Bagmati,Kavrepalanchok,Total,45 - 49 Years,12495,29,4318,2024,2010,1368,939,413,302,37,871,184,6.97,40.27,2.52,27.92,14.11,18.2,-11.59,9.72
district,Bagmati,Kavrepalanchok,Total,50 - 54 Years,10944,28,3988,1636,1550,1175,789,323,204,33,1018,200,9.3,36.92,3.8,26.93,20.65,14.16,-16.85,12.77
district,Bagmati,Kavrepalanchok,Total,55 - 59 Years,6830,29,2742,809,915,644,421,227,117,26,751,149,11.0,34.03,5.72,23.97,25.81,11.26,-20.09,12.71
district,Bagmati,Kavrepalanchok,Total,60 - 64 Years,4842,16,2259,547,471,302,225,126,49,17,687,143,14.19,24.23,8.82,16.55,31.05,8.04,-22.23,8.51
district,Bagmati,Kavrepalanchok,Total,65 - 69 Years,3030,11,1376,380,304,192,97,67,44,18,452,89,14.92,23.23,11.21,14.52,28.75,8.28,-17.54,6.24
district,Bagmati,Kavrepalanchok,Total,70 - 74 Years,1776,11,794,199,145,116,62,30,21,12,320,66,18.02,21.06,15.52,14.21,29.14,7.06,-13.62,7.15
district,Bagmati,Kavrepalanchok,Total,75+ Years,1705,9,746,161,110,71,26,23,23,18,423,95,24.81,14.84,23.42,8.39,32.44,8.4,-9.02,-0.01
district,Bagmati,Kavrepalanchok,Male,Total,139131,4747,39722,27050,20012,15663,19403,6272,2921,82,2425,834,1.74,46.19,1.74,31.81,3.53,33.22,-1.79,-1.41
district,Bagmati,Kavrepalanchok,Male,05 Year,2721,2718,0,0,0,0,0,0,0,0,0,3,0.0,0.0,0.0,0.0,0.04,0.0,-0.04,0.0
district,Bagmati,Kavrepalanchok,Male,06 Year,2876,1258,1618,0,0,0,0,0,0,0,0,0,0.0,0.0,0.0,0.0,0.0,0.0,0.0,0.0
district,Bagmati,Kavrepalanchok,Male,07 Year,2546,452,2094,0,0,0,0,0,0,0,0,0,0.0,0.0,0.0,0.0,0.0,0.0,0.0,0.0
district,Bagmati,Kavrepalanchok,Male,08 Year,2872,132,2740,0,0,0,0,0,0,0,0,0,0.0,0.0,0.0,0.0,0.0,0.0,0.0,0.0
district,Bagmati,Kavrepalanchok,Male,09 Year,2829,51,2776,0,0,0,0,0,0,0,0,2,0.0,0.0,0.0,0.0,0.0,0.0,0.0,0.0
district,Bagmati,Kavrepalanchok,Male,10 Year,3079,6,3073,0,0,0,0,0,0,0,0,0,0.0,0.0,0.0,0.0,0.0,0.0,0.0,0.0
district,Bagmati,Kavrepalanchok,Male,11 Year,2667,8,1958,701,0,0,0,0,0,0,0,0,0.0,0.0,0.0,0.0,0.0,0.0,0.0,0.0
district,Bagmati,Kavrepalanchok,Male,12 Year,3127,5,1295,1826,0,0,0,0,0,0,1,0,0.03,0.0,0.03,0.0,0.0,0.0,0.03,0.0
district,Bagmati,Kavrepalanchok,Male,13 Year,3175,2,632,2541,0,0,0,0,0,0,0,0,0.0,0.0,0.0,0.0,0.0,0.0,0.0,0.0
district,Bagmati,Kavrepalanchok,Male,14 Year,3072,8,311,2108,645,0,0,0,0,0,0,0,0.0,21.0,0.0,0.0,0.03,0.0,-0.03,0.0
district,Bagmati,Kavrepalanchok,Male,15 Year,3285,2,119,1423,1455,254,0,0,0,0,0,32,0.0,52.02,0.0,7.73,0.0,11.01,0.0,-3.28
district,Bagmati,Kavrepalanchok,Male,16 - 19 Years,12882,3,712,2301,3470,3838,2448,58,0,1,7,44,0.05,76.18,0.05,49.25,0.07,58.21,-0.02,-8.96
district,Bagmati,Kavrepalanchok,Male,20 - 24 Years,14862,7,1259,2286,2103,2100,5754,1158,106,2,26,61,0.17,75.5,0.17,61.35,0.27,65.72,-0.1,-4.37
district,Bagmati,Kavrepalanchok,Male,25 - 29 Years,14289,9,1802,2414,2270,1816,3698,1669,484,4,68,55,0.48,69.54,0.48,53.66,0.77,56.11,-0.29,-2.45
district,Bagmati,Kavrepalanchok,Male,30 - 34 Years,13344,6,2453,2475,1793,1696,2858,1216,692,8,98,49,0.73,61.86,0.73,48.43,2.03,46.18,-1.3,2.25
district,Bagmati,Kavrepalanchok,Male,35 - 39 Years,12588,12,2894,2770,2006,1701,1716,701,588,6,130,64,1.03,53.32,1.03,37.38,4.7,29.98,-3.67,7.4
district,Bagmati,Kavrepalanchok,Male,40 - 44 Years,9856,13,2615,1924,1955,1256,963,459,407,3,178,83,1.81,51.14,1.81,31.3,8.57,21.89,-6.76,9.41
district,Bagmati,Kavrepalanchok,Male,45 - 49 Years,7698,10,2480,1365,1434,957,628,319,245,7,194,59,2.52,46.54,2.52,27.92,14.11,18.2,-11.59,9.72
district,Bagmati,Kavrepalanchok,Male,50 - 54 Years,7371,6,2607,1183,1229,916,620,274,175,7,280,74,3.8,43.6,3.8,26.93,20.65,14.16,-16.85,12.77
district,Bagmati,Kavrepalanchok,Male,55 - 59 Years,5036,9,2035,655,770,542,363,199,103,5,288,67,5.72,39.26,5.72,23.97,25.81,11.26,-20.09,12.71
district,Bagmati,Kavrepalanchok,Male,60 - 64 Years,3673,8,1809,451,398,258,193,113,44,8,324,67,8.82,27.39,8.82,16.55,31.05,8.04,-22.23,8.51
district,Bagmati,Kavrepalanchok,Male,65 - 69 Years,2390,7,1127,322,259,164,86,57,40,10,268,50,11.21,25.36,11.21,14.52,28.75,8.28,-17.54,6.24
district,Bagmati,Kavrepalanchok,Male,70 - 74 Years,1450,7,666,164,127,102,55,29,20,5,225,50,15.52,22.97,15.52,14.21,29.14,7.06,-13.62,7.15
district,Bagmati,Kavrepalanchok,Male,75+ Years,1443,8,647,141,98,63,21,20,17,16,338,74,23.42,15.18,23.42,8.39,32.44,8.4,-9.02,-0.01
district,Bagmati,Kavrepalanchok,Female,Total,116562,4013,31555,20909,16130,11931,19267,5650,1874,170,4114,949,3.53,47.06,1.74,31.81,3.53,33.22,-1.79,-1.41
district,Bagmati,Kavrepalanchok,Female,05 Year,2436,2434,0,0,0,0,0,0,0,0,1,1,0.04,0.0,0.0,0.0,0.04,0.0,-0.04,0.0
district,Bagmati,Kavrepalanchok,Female,06 Year,2571,962,1609,0,0,0,0,0,0,0,0,0,0.0,0.0,0.0,0.0,0.0,0.0,0.0,0.0
district,Bagmati,Kavrepalanchok,Female,07 Year,2332,294,2037,0,0,0,0,0,0,0,0,1,0.0,0.0,0.0,0.0,0.0,0.0,0.0,0.0
district,Bagmati,Kavrepalanchok,Female,08 Year,2613,99,2513,0,0,0,0,0,0,0,0,1,0.0,0.0,0.0,0.0,0.0,0.0,0.0,0.0
district,Bagmati,Kavrepalanchok,Female,09 Year,2726,36,2689,0,0,0,0,0,0,0,0,1,0.0,0.0,0.0,0.0,0.0,0.0,0.0,0.0
district,Bagmati,Kavrepalanchok,Female,10 Year,2777,10,2766,0,0,0,0,0,0,0,0,1,0.0,0.0,0.0,0.0,0.0,0.0,0.0,0.0
district,Bagmati,Kavrepalanchok,Female,11 Year,2639,5,1780,853,0,0,0,0,0,0,0,1,0.0,0.0,0.0,0.0,0.0,0.0,0.0,0.0
district,Bagmati,Kavrepalanchok,Female,12 Year,3067,3,1121,1943,0,0,0,0,0,0,0,0,0.0,0.0,0.03,0.0,0.0,0.0,0.03,0.0
district,Bagmati,Kavrepalanchok,Female,13 Year,3021,2,500,2519,0,0,0,0,0,0,0,0,0.0,0.0,0.0,0.0,0.0,0.0,0.0,0.0
district,Bagmati,Kavrepalanchok,Female,14 Year,3204,7,249,2130,816,0,0,0,0,0,1,1,0.03,25.47,0.0,0.0,0.03,0.0,-0.03,0.0
district,Bagmati,Kavrepalanchok,Female,15 Year,3398,0,93,1275,1632,374,0,0,0,0,0,24,0.0,59.03,0.0,7.73,0.0,11.01,0.0,-3.28
district,Bagmati,Kavrepalanchok,Female,16 - 19 Years,13148,0,461,1645,3346,4275,3273,106,0,2,9,31,0.07,83.66,0.05,49.25,0.07,58.21,-0.02,-8.96
district,Bagmati,Kavrepalanchok,Female,20 - 24 Years,15953,5,1102,1895,2365,1960,6879,1520,125,5,43,54,0.27,80.54,0.17,61.35,0.27,65.72,-0.1,-4.37
district,Bagmati,Kavrepalanchok,Female,25 - 29 Years,14717,16,1835,1976,2449,1704,4071,1868,615,11,113,59,0.77,72.75,0.48,53.66,0.77,56.11,-0.29,-2.45
district,Bagmati,Kavrepalanchok,Female,30 - 34 Years,12057,15,2591,1974,1588,1157,2655,1192,564,4,245,72,2.03,59.35,0.73,48.43,2.03,46.18,-1.3,2.25
district,Bagmati,Kavrepalanchok,Female,35 - 39 Years,10075,28,2921,1919,1587,920,1215,552,333,20,474,106,4.7,45.73,1.03,37.38,4.7,29.98,-3.67,7.4
district,Bagmati,Kavrepalanchok,Female,40 - 44 Years,7267,19,2436,1305,1157,675,581,214,121,25,623,111,8.57,37.81,1.81,31.3,8.57,21.89,-6.76,9.41
district,Bagmati,Kavrepalanchok,Female,45 - 49 Years,4797,19,1838,659,576,411,311,94,57,30,677,125,14.11,30.21,2.52,27.92,14.11,18.2,-11.59,9.72
district,Bagmati,Kavrepalanchok,Female,50 - 54 Years,3573,22,1381,453,321,259,169,49,29,26,738,126,20.65,23.15,3.8,26.93,20.65,14.16,-16.85,12.77
district,Bagmati,Kavrepalanchok,Female,55 - 59 Years,1794,20,707,154,145,102,58,28,14,21,463,82,25.81,19.34,5.72,23.97,25.81,11.26,-20.09,12.71
district,Bagmati,Kavrepalanchok,Female,60 - 64 Years,1169,8,450,96,73,44,32,13,5,9,363,76,31.05,14.29,8.82,16.55,31.05,8.04,-22.23,8.51
district,Bagmati,Kavrepalanchok,Female,65 - 69 Years,640,4,249,58,45,28,11,10,4,8,184,39,28.75,15.31,11.21,14.52,28.75,8.28,-17.54,6.24
district,Bagmati,Kavrepalanchok,Female,70 - 74 Years,326,4,128,35,18,14,7,1,1,7,95,16,29.14,12.58,15.52,14.21,29.14,7.06,-13.62,7.15
district,Bagmati,Kavrepalanchok,Female,75+ Years,262,1,99,20,12,8,5,3,6,2,85,21,32.44,12.98,23.42,8.39,32.44,8.4,-9.02,-0.01
district,Bagmati,Ramechhap,Total,Total,108043,3740,35055,22388,17254,8739,12225,2462,1451,153,3774,802,3.49,38.99,2.37,21.96,4.81,24.28,-2.44,-2.32
district,Bagmati,Ramechhap,Total,05 Year,2318,2315,0,0,0,0,0,0,0,0,1,2,0.04,0.0,0.0,0.0,0.09,0.0,-0.09,0.0
district,Bagmati,Ramechhap,Total,06 Year,2547,815,1732,0,0,0,0,0,0,0,0,0,0.0,0.0,0.0,0.0,0.0,0.0,0.0,0.0
district,Bagmati,Ramechhap,Total,07 Year,2316,285,2028,0,0,0,0,0,0,0,3,0,0.13,0.0,0.26,0.0,0.0,0.0,0.26,0.0
district,Bagmati,Ramechhap,Total,08 Year,2673,91,2581,0,0,0,0,0,0,0,0,1,0.0,0.0,0.0,0.0,0.0,0.0,0.0,0.0
district,Bagmati,Ramechhap,Total,09 Year,2586,39,2544,0,0,0,0,0,0,0,3,0,0.12,0.0,0.16,0.0,0.08,0.0,0.08,0.0
district,Bagmati,Ramechhap,Total,10 Year,3002,13,2986,0,0,0,0,0,0,0,3,0,0.1,0.0,0.14,0.0,0.07,0.0,0.07,0.0
district,Bagmati,Ramechhap,Total,11 Year,2672,6,1832,830,0,0,0,0,0,0,2,2,0.07,0.0,0.0,0.0,0.15,0.0,-0.15,0.0
district,Bagmati,Ramechhap,Total,12 Year,3302,9,1322,1968,0,0,0,0,0,0,2,1,0.06,0.0,0.12,0.0,0.0,0.0,0.12,0.0
district,Bagmati,Ramechhap,Total,13 Year,3328,3,640,2685,0,0,0,0,0,0,0,0,0.0,0.0,0.0,0.0,0.0,0.0,0.0,0.0
district,Bagmati,Ramechhap,Total,14 Year,3541,9,335,2392,802,0,0,0,0,0,1,2,0.03,22.65,0.06,0.0,0.0,0.0,0.06,0.0
district,Bagmati,Ramechhap,Total,15 Year,3740,2,97,1707,1592,319,0,0,0,0,10,13,0.27,51.1,0.34,7.05,0.2,9.89,0.14,-2.84
district,Bagmati,Ramechhap,Total,16 - 19 Years,12685,4,598,2426,4114,3215,2200,53,0,1,33,41,0.26,75.54,0.39,37.78,0.14,48.11,0.25,-10.33
district,Bagmati,Ramechhap,Total,20 - 24 Years,13511,10,1295,2382,3165,1740,4104,599,117,3,58,38,0.43,71.98,0.43,45.28,0.43,51.38,0.0,-6.1
district,Bagmati,Ramechhap,Total,25 - 29 Years,11038,9,1653,1961,2801,1174,2327,617,325,3,105,63,0.95,65.63,0.68,40.2,1.21,40.3,-0.53,-0.1
district,Bagmati,Ramechhap,Total,30 - 34 Years,8667,11,2384,1628,1241,692,1596,482,355,6,218,54,2.52,50.37,0.8,37.77,4.46,34.11,-3.66,3.66
district,Bagmati,Ramechhap,Total,35 - 39 Years,7147,13,2403,1387,1064,493,785,289,256,15,361,81,5.05,40.39,1.65,27.46,9.25,23.09,-7.6,4.37
district,Bagmati,Ramechhap,Total,40 - 44 Years,5569,20,2196,853,725,373,454,160,190,18,487,93,8.74,34.15,2.97,25.39,17.38,14.78,-14.41,10.61
district,Bagmati,Ramechhap,Total,45 - 49 Years,4408,17,1924,682,546,219,275,94,75,18,489,69,11.09,27.43,3.95,18.12,24.65,9.2,-20.7,8.92
district,Bagmati,Ramechhap,Total,50 - 54 Years,4323,19,1962,603,474,207,248,75,80,25,543,87,12.56,25.08,5.58,16.99,29.28,7.22,-23.7,9.77
district,Bagmati,Ramechhap,Total,55 - 59 Years,2986,18,1503,327,316,122,133,44,27,13,419,64,14.03,21.5,7.32,13.01,35.19,4.31,-27.87,8.7
district,Bagmati,Ramechhap,Total,60 - 64 Years,2334,12,1255,227,190,81,59,26,14,12,393,65,16.84,15.85,10.66,9.34,38.72,1.95,-28.06,7.39
district,Bagmati,Ramechhap,Total,65 - 69 Years,1572,10,886,150,104,62,25,14,8,21,252,40,16.03,13.55,11.03,7.46,36.22,4.81,-25.19,2.65
district,Bagmati,Ramechhap,Total,70 - 74 Years,909,5,488,96,59,26,7,5,3,8,181,31,19.91,11.0,16.6,4.89,39.39,2.27,-22.79,2.62
district,Bagmati,Ramechhap,Total,75+ Years,869,5,411,84,61,16,12,4,1,10,210,55,24.17,10.82,22.49,3.52,33.59,5.34,-11.1,-1.82
district,Bagmati,Ramechhap,Male,Total,58331,1958,19808,12533,9389,4791,5790,1283,943,52,1383,401,2.37,38.05,2.37,21.96,4.81,24.28,-2.44,-2.32
district,Bagmati,Ramechhap,Male,05 Year,1206,1205,0,0,0,0,0,0,0,0,0,1,0.0,0.0,0.0,0.0,0.09,0.0,-0.09,0.0
district,Bagmati,Ramechhap,Male,06 Year,1299,440,859,0,0,0,0,0,0,0,0,0,0.0,0.0,0.0,0.0,0.0,0.0,0.0,0.0
district,Bagmati,Ramechhap,Male,07 Year,1139,153,983,0,0,0,0,0,0,0,3,0,0.26,0.0,0.26,0.0,0.0,0.0,0.26,0.0
district,Bagmati,Ramechhap,Male,08 Year,1321,50,1270,0,0,0,0,0,0,0,0,1,0.0,0.0,0.0,0.0,0.0,0.0,0.0,0.0
district,Bagmati,Ramechhap,Male,09 Year,1286,21,1263,0,0,0,0,0,0,0,2,0,0.16,0.0,0.16,0.0,0.08,0.0,0.08,0.0
district,Bagmati,Ramechhap,Male,10 Year,1469,7,1460,0,0,0,0,0,0,0,2,0,0.14,0.0,0.14,0.0,0.07,0.0,0.07,0.0
district,Bagmati,Ramechhap,Male,11 Year,1295,3,948,344,0,0,0,0,0,0,0,0,0.0,0.0,0.0,0.0,0.15,0.0,-0.15,0.0
district,Bagmati,Ramechhap,Male,12 Year,1643,5,717,918,0,0,0,0,0,0,2,1,0.12,0.0,0.12,0.0,0.0,0.0,0.12,0.0
district,Bagmati,Ramechhap,Male,13 Year,1585,1,347,1237,0,0,0,0,0,0,0,0,0.0,0.0,0.0,0.0,0.0,0.0,0.0,0.0
district,Bagmati,Ramechhap,Male,14 Year,1761,2,184,1223,350,0,0,0,0,0,1,1,0.06,19.88,0.06,0.0,0.0,0.0,0.06,0.0
district,Bagmati,Ramechhap,Male,15 Year,1788,0,70,899,682,126,0,0,0,0,6,5,0.34,45.19,0.34,7.05,0.2,9.89,0.14,-2.84
district,Bagmati,Ramechhap,Male,16 - 19 Years,6148,1,344,1334,2097,1418,889,16,0,0,24,25,0.39,71.89,0.39,37.78,0.14,48.11,0.25,-10.33
district,Bagmati,Ramechhap,Male,20 - 24 Years,6263,5,660,1288,1425,886,1680,226,44,2,27,20,0.43,68.03,0.43,45.28,0.43,51.38,0.0,-6.1
district,Bagmati,Ramechhap,Male,25 - 29 Years,5440,5,754,1040,1389,664,1080,293,150,1,37,27,0.68,65.74,0.68,40.2,1.21,40.3,-0.53,-0.1
district,Bagmati,Ramechhap,Male,30 - 34 Years,4607,3,1128,938,738,453,802,257,228,1,37,22,0.8,53.79,0.8,37.77,4.46,34.11,-3.66,3.66
district,Bagmati,Ramechhap,Male,35 - 39 Years,3947,5,1178,899,691,333,421,148,182,1,65,24,1.65,44.97,1.65,27.46,9.25,23.09,-7.6,4.37
district,Bagmati,Ramechhap,Male,40 - 44 Years,3336,8,1219,593,537,279,298,118,152,1,99,32,2.97,41.49,2.97,25.39,17.38,14.78,-14.41,10.61
district,Bagmati,Ramechhap,Male,45 - 49 Years,2887,6,1249,537,425,176,208,72,67,3,114,30,3.95,32.84,3.95,18.12,24.65,9.2,-20.7,8.92
district,Bagmati,Ramechhap,Male,50 - 54 Years,3049,9,1400,500,399,175,203,68,72,7,170,46,5.58,30.08,5.58,16.99,29.28,7.22,-23.7,9.77
district,Bagmati,Ramechhap,Male,55 - 59 Years,2267,13,1194,291,278,112,119,40,24,6,166,24,7.32,25.28,7.32,13.01,35.19,4.31,-27.87,8.7
district,Bagmati,Ramechhap,Male,60 - 64 Years,1820,5,1037,194,175,76,56,25,13,7,194,38,10.66,18.96,10.66,9.34,38.72,1.95,-28.06,7.39
district,Bagmati,Ramechhap,Male,65 - 69 Years,1260,5,751,133,97,54,20,12,8,11,139,30,11.03,15.16,11.03,7.46,36.22,4.81,-25.19,2.65
district,Bagmati,Ramechhap,Male,70 - 74 Years,777,4,431,86,57,24,7,5,2,4,129,28,16.6,12.23,16.6,4.89,39.39,2.27,-22.79,2.62
district,Bagmati,Ramechhap,Male,75+ Years,738,2,362,79,49,15,7,3,1,8,166,46,22.49,10.16,22.49,3.52,33.59,5.34,-11.1,-1.82
district,Bagmati,Ramechhap,Female,Total,49712,1782,15247,9855,7865,3948,6435,1179,508,101,2391,401,4.81,40.1,2.37,21.96,4.81,24.28,-2.44,-2.32
district,Bagmati,Ramechhap,Female,05 Year,1112,1110,0,0,0,0,0,0,0,0,1,1,0.09,0.0,0.0,0.0,0.09,0.0,-0.09,0.0
district,Bagmati,Ramechhap,Female,06 Year,1248,375,873,0,0,0,0,0,0,0,0,0,0.0,0.0,0.0,0.0,0.0,0.0,0.0,0.0
district,Bagmati,Ramechhap,Female,07 Year,1177,132,1045,0,0,0,0,0,0,0,0,0,0.0,0.0,0.26,0.0,0.0,0.0,0.26,0.0
district,Bagmati,Ramechhap,Female,08 Year,1352,41,1311,0,0,0,0,0,0,0,0,0,0.0,0.0,0.0,0.0,0.0,0.0,0.0,0.0
district,Bagmati,Ramechhap,Female,09 Year,1300,18,1281,0,0,0,0,0,0,0,1,0,0.08,0.0,0.16,0.0,0.08,0.0,0.08,0.0
district,Bagmati,Ramechhap,Female,10 Year,1533,6,1526,0,0,0,0,0,0,0,1,0,0.07,0.0,0.14,0.0,0.07,0.0,0.07,0.0
district,Bagmati,Ramechhap,Female,11 Year,1377,3,884,486,0,0,0,0,0,0,2,2,0.15,0.0,0.0,0.0,0.15,0.0,-0.15,0.0
district,Bagmati,Ramechhap,Female,12 Year,1659,4,605,1050,0,0,0,0,0,0,0,0,0.0,0.0,0.12,0.0,0.0,0.0,0.12,0.0
district,Bagmati,Ramechhap,Female,13 Year,1743,2,293,1448,0,0,0,0,0,0,0,0,0.0,0.0,0.0,0.0,0.0,0.0,0.0,0.0
district,Bagmati,Ramechhap,Female,14 Year,1780,7,151,1169,452,0,0,0,0,0,0,1,0.0,25.39,0.06,0.0,0.0,0.0,0.06,0.0
district,Bagmati,Ramechhap,Female,15 Year,1952,2,27,808,910,193,0,0,0,0,4,8,0.2,56.51,0.34,7.05,0.2,9.89,0.14,-2.84
district,Bagmati,Ramechhap,Female,16 - 19 Years,6537,3,254,1092,2017,1797,1311,37,0,1,9,16,0.14,78.97,0.39,37.78,0.14,48.11,0.25,-10.33
district,Bagmati,Ramechhap,Female,20 - 24 Years,7248,5,635,1094,1740,854,2424,373,73,1,31,18,0.43,75.39,0.43,45.28,0.43,51.38,0.0,-6.1
district,Bagmati,Ramechhap,Female,25 - 29 Years,5598,4,899,921,1412,510,1247,324,175,2,68,36,1.21,65.52,0.68,40.2,1.21,40.3,-0.53,-0.1
district,Bagmati,Ramechhap,Female,30 - 34 Years,4060,8,1256,690,503,239,794,225,127,5,181,32,4.46,46.5,0.8,37.77,4.46,34.11,-3.66,3.66
district,Bagmati,Ramechhap,Female,35 - 39 Years,3200,8,1225,488,373,160,364,141,74,14,296,57,9.25,34.75,1.65,27.46,9.25,23.09,-7.6,4.37
district,Bagmati,Ramechhap,Female,40 - 44 Years,2233,12,977,260,188,94,156,42,38,17,388,61,17.38,23.2,2.97,25.39,17.38,14.78,-14.41,10.61
district,Bagmati,Ramechhap,Female,45 - 49 Years,1521,11,675,145,121,43,67,22,8,15,375,39,24.65,17.16,3.95,18.12,24.65,9.2,-20.7,8.92
district,Bagmati,Ramechhap,Female,50 - 54 Years,1274,10,562,103,75,32,45,7,8,18,373,41,29.28,13.11,5.58,16.99,29.28,7.22,-23.7,9.77
district,Bagmati,Ramechhap,Female,55 - 59 Years,719,5,309,36,38,10,14,4,3,7,253,40,35.19,9.6,7.32,13.01,35.19,4.31,-27.87,8.7
district,Bagmati,Ramechhap,Female,60 - 64 Years,514,7,218,33,15,5,3,1,1,5,199,27,38.72,4.86,10.66,9.34,38.72,1.95,-28.06,7.39
district,Bagmati,Ramechhap,Female,65 - 69 Years,312,5,135,17,7,8,5,2,0,10,113,10,36.22,7.05,11.03,7.46,36.22,4.81,-25.19,2.65
district,Bagmati,Ramechhap,Female,70 - 74 Years,132,1,57,10,2,2,0,0,1,4,52,3,39.39,3.79,16.6,4.89,39.39,2.27,-22.79,2.62
district,Bagmati,Ramechhap,Female,75+ Years,131,3,49,5,12,1,5,1,0,2,44,9,33.59,14.5,22.49,3.52,33.59,5.34,-11.1,-1.82
district,Bagmati,Sindhuli,Total,Total,200255,7800,66235,41368,30416,18550,23085,4490,2525,73,4593,1120,2.29,39.48,1.67,23.83,3.02,24.83,-1.35,-1.0
district,Bagmati,Sindhuli,Total,05 Year,4795,4760,0,0,0,0,0,0,0,0,5,30,0.1,0.0,0.12,0.0,0.08,0.0,0.04,0.0
district,Bagmati,Sindhuli,Total,06 Year,5267,1718,3539,0,0,0,0,0,0,0,4,6,0.08,0.0,0.0,0.0,0.15,0.0,-0.15,0.0
district,Bagmati,Sindhuli,Total,07 Year,5010,733,4272,0,0,0,0,0,0,0,2,3,0.04,0.0,0.0,0.0,0.08,0.0,-0.08,0.0
district,Bagmati,Sindhuli,Total,08 Year,5464,263,5196,0,0,0,0,0,0,0,2,3,0.04,0.0,0.0,0.0,0.07,0.0,-0.07,0.0
district,Bagmati,Sindhuli,Total,09 Year,5460,88,5369,0,0,0,0,0,0,0,1,2,0.02,0.0,0.04,0.0,0.0,0.0,0.04,0.0
district,Bagmati,Sindhuli,Total,10 Year,6151,39,6108,0,0,0,0,0,0,0,3,1,0.05,0.0,0.06,0.0,0.03,0.0,0.03,0.0
district,Bagmati,Sindhuli,Total,11 Year,5428,14,3886,1526,0,0,0,0,0,1,0,1,0.0,0.0,0.0,0.0,0.0,0.0,0.0,0.0
district,Bagmati,Sindhuli,Total,12 Year,6581,12,3102,3466,0,0,0,0,0,0,0,1,0.0,0.0,0.0,0.0,0.0,0.0,0.0,0.0
district,Bagmati,Sindhuli,Total,13 Year,6468,3,1672,4791,0,0,0,0,0,0,0,2,0.0,0.0,0.0,0.0,0.0,0.0,0.0,0.0
district,Bagmati,Sindhuli,Total,14 Year,6737,9,990,4322,1414,0,0,0,0,0,1,1,0.01,20.99,0.03,0.0,0.0,0.0,0.03,0.0
district,Bagmati,Sindhuli,Total,15 Year,6615,3,378,3083,2577,536,0,0,0,0,2,36,0.03,47.06,0.06,6.74,0.0,9.44,0.06,-2.7
district,Bagmati,Sindhuli,Total,16 - 19 Years,26195,3,2052,5610,7806,6411,4114,117,0,1,19,62,0.07,70.43,0.07,37.28,0.08,43.89,-0.01,-6.61
district,Bagmati,Sindhuli,Total,20 - 24 Years,27302,17,3091,4912,5818,3810,8099,1202,172,0,97,84,0.36,69.96,0.27,46.96,0.43,50.3,-0.16,-3.34
district,Bagmati,Sindhuli,Total,25 - 29 Years,20781,16,3571,3766,4585,2531,4361,1122,506,5,237,81,1.14,63.06,0.57,40.87,1.72,41.13,-1.15,-0.26
district,Bagmati,Sindhuli,Total,30 - 34 Years,15499,10,4081,2817,2122,1472,3022,859,624,7,383,102,2.47,52.25,1.08,38.94,4.08,38.13,-3.0,0.81
district,Bagmati,Sindhuli,Total,35 - 39 Years,13073,23,4424,2480,1906,1122,1397,512,484,13,588,124,4.5,41.47,2.28,27.79,7.4,25.7,-5.12,2.09
district,Bagmati,Sindhuli,Total,40 - 44 Years,9738,18,3650,1566,1426,912,843,252,304,11,641,115,6.58,38.38,2.89,26.65,11.95,19.49,-9.06,7.16
district,Bagmati,Sindhuli,Total,45 - 49 Years,7089,10,2973,1040,956,662,453,179,173,4,538,101,7.59,34.18,3.98,23.18,14.9,15.66,-10.92,7.52
district,Bagmati,Sindhuli,Total,50 - 54 Years,6287,23,2756,850,788,490,378,124,156,11,604,107,9.61,30.79,5.47,21.35,19.75,10.7,-14.28,10.65
district,Bagmati,Sindhuli,Total,55 - 59 Years,3822,9,1777,470,412,246,234,54,60,4,482,74,12.61,26.32,7.1,18.93,28.03,6.06,-20.93,12.87
district,Bagmati,Sindhuli,Total,60 - 64 Years,2688,9,1366,282,279,169,102,28,21,4,368,60,13.69,22.28,9.35,14.35,27.4,4.18,-18.05,10.17
district,Bagmati,Sindhuli,Total,65 - 69 Years,1809,8,956,180,166,104,43,26,16,5,259,46,14.32,19.62,11.04,12.21,27.92,3.13,-16.88,9.08
district,Bagmati,Sindhuli,Total,70 - 74 Years,1053,7,568,104,88,57,21,11,6,3,163,25,15.48,17.38,13.05,10.28,26.74,3.21,-13.69,7.07
district,Bagmati,Sindhuli,Total,75+ Years,943,5,458,103,73,28,18,4,3,4,194,53,20.57,13.36,20.17,5.6,22.86,5.71,-2.69,-0.11
district,Bagmati,Sindhuli,Male,Total,107754,4054,36337,22968,16347,10260,11371,2368,1682,30,1801,536,1.67,39.0,1.67,23.83,3.02,24.83,-1.35,-1.0
district,Bagmati,Sindhuli,Male,05 Year,2424,2404,0,0,0,0,0,0,0,0,3,17,0.12,0.0,0.12,0.0,0.08,0.0,0.04,0.0
district,Bagmati,Sindhuli,Male,06 Year,2672,936,1733,0,0,0,0,0,0,0,0,3,0.0,0.0,0.0,0.0,0.15,0.0,-0.15,0.0
district,Bagmati,Sindhuli,Male,07 Year,2534,404,2128,0,0,0,0,0,0,0,0,2,0.0,0.0,0.0,0.0,0.08,0.0,-0.08,0.0
district,Bagmati,Sindhuli,Male,08 Year,2750,153,2595,0,0,0,0,0,0,0,0,2,0.0,0.0,0.0,0.0,0.07,0.0,-0.07,0.0
district,Bagmati,Sindhuli,Male,09 Year,2770,43,2725,0,0,0,0,0,0,0,1,1,0.04,0.0,0.04,0.0,0.0,0.0,0.04,0.0
district,Bagmati,Sindhuli,Male,10 Year,3151,23,3126,0,0,0,0,0,0,0,2,0,0.06,0.0,0.06,0.0,0.03,0.0,0.03,0.0
district,Bagmati,Sindhuli,Male,11 Year,2747,7,2023,716,0,0,0,0,0,0,0,1,0.0,0.0,0.0,0.0,0.0,0.0,0.0,0.0
district,Bagmati,Sindhuli,Male,12 Year,3297,6,1627,1663,0,0,0,0,0,0,0,1,0.0,0.0,0.0,0.0,0.0,0.0,0.0,0.0
district,Bagmati,Sindhuli,Male,13 Year,3234,2,927,2304,0,0,0,0,0,0,0,1,0.0,0.0,0.0,0.0,0.0,0.0,0.0,0.0
district,Bagmati,Sindhuli,Male,14 Year,3319,4,543,2144,626,0,0,0,0,0,1,1,0.03,18.86,0.03,0.0,0.0,0.0,0.03,0.0
district,Bagmati,Sindhuli,Male,15 Year,3266,1,217,1645,1164,220,0,0,0,0,2,17,0.06,42.38,0.06,6.74,0.0,9.44,0.06,-2.7
district,Bagmati,Sindhuli,Male,16 - 19 Years,12944,2,1110,3172,3789,2961,1818,47,0,1,9,35,0.07,66.56,0.07,37.28,0.08,43.89,-0.01,-6.61
district,Bagmati,Sindhuli,Male,20 - 24 Years,13468,5,1569,2713,2785,2037,3735,477,75,0,37,35,0.27,67.63,0.27,46.96,0.43,50.3,-0.16,-3.34
district,Bagmati,Sindhuli,Male,25 - 29 Years,10473,8,1729,2012,2346,1379,2060,568,273,0,60,38,0.57,63.27,0.57,40.87,1.72,41.13,-1.15,-0.26
district,Bagmati,Sindhuli,Male,30 - 34 Years,8326,4,2088,1652,1211,858,1547,465,372,4,90,35,1.08,53.48,1.08,38.94,4.08,38.13,-3.0,0.81
district,Bagmati,Sindhuli,Male,35 - 39 Years,7412,12,2293,1598,1226,722,720,283,335,3,169,51,2.28,44.33,2.28,27.79,7.4,25.7,-5.12,2.09
district,Bagmati,Sindhuli,Male,40 - 44 Years,5772,5,2029,1006,979,630,500,168,240,2,167,46,2.89,43.61,2.89,26.65,11.95,19.49,-9.06,7.16
district,Bagmati,Sindhuli,Male,45 - 49 Years,4746,4,1941,753,724,498,316,140,146,0,189,35,3.98,38.43,3.98,23.18,14.9,15.66,-10.92,7.52
district,Bagmati,Sindhuli,Male,50 - 54 Years,4464,11,1915,659,625,405,299,107,142,7,244,50,5.47,35.35,5.47,21.35,19.75,10.7,-14.28,10.65
district,Bagmati,Sindhuli,Male,55 - 59 Years,2816,6,1307,376,354,217,212,48,56,2,200,38,7.1,31.5,7.1,18.93,28.03,6.06,-20.93,12.87
district,Bagmati,Sindhuli,Male,60 - 64 Years,2042,3,1050,231,238,154,91,27,21,1,191,35,9.35,26.0,9.35,14.35,27.4,4.18,-18.05,10.17
district,Bagmati,Sindhuli,Male,65 - 69 Years,1458,3,787,152,143,100,40,24,14,3,161,31,11.04,22.02,11.04,12.21,27.92,3.13,-16.88,9.08
district,Bagmati,Sindhuli,Male,70 - 74 Years,866,5,479,86,73,55,18,11,5,3,113,18,13.05,18.71,13.05,10.28,26.74,3.21,-13.69,7.07
district,Bagmati,Sindhuli,Male,75+ Years,803,3,396,86,64,24,15,3,3,4,162,43,20.17,13.57,20.17,5.6,22.86,5.71,-2.69,-0.11
district,Bagmati,Sindhuli,Female,Total,92501,3746,29898,18400,14069,8290,11714,2122,843,43,2792,584,3.02,40.04,1.67,23.83,3.02,24.83,-1.35,-1.0
district,Bagmati,Sindhuli,Female,05 Year,2371,2356,0,0,0,0,0,0,0,0,2,13,0.08,0.0,0.12,0.0,0.08,0.0,0.04,0.0
district,Bagmati,Sindhuli,Female,06 Year,2595,782,1806,0,0,0,0,0,0,0,4,3,0.15,0.0,0.0,0.0,0.15,0.0,-0.15,0.0
district,Bagmati,Sindhuli,Female,07 Year,2476,329,2144,0,0,0,0,0,0,0,2,1,0.08,0.0,0.0,0.0,0.08,0.0,-0.08,0.0
district,Bagmati,Sindhuli,Female,08 Year,2714,110,2601,0,0,0,0,0,0,0,2,1,0.07,0.0,0.0,0.0,0.07,0.0,-0.07,0.0
district,Bagmati,Sindhuli,Female,09 Year,2690,45,2644,0,0,0,0,0,0,0,0,1,0.0,0.0,0.04,0.0,0.0,0.0,0.04,0.0
district,Bagmati,Sindhuli,Female,10 Year,3000,16,2982,0,0,0,0,0,0,0,1,1,0.03,0.0,0.06,0.0,0.03,0.0,0.03,0.0
district,Bagmati,Sindhuli,Female,11 Year,2681,7,1863,810,0,0,0,0,0,1,0,0,0.0,0.0,0.0,0.0,0.0,0.0,0.0,0.0
district,Bagmati,Sindhuli,Female,12 Year,3284,6,1475,1803,0,0,0,0,0,0,0,0,0.0,0.0,0.0,0.0,0.0,0.0,0.0,0.0
district,Bagmati,Sindhuli,Female,13 Year,3234,1,745,2487,0,0,0,0,0,0,0,1,0.0,0.0,0.0,0.0,0.0,0.0,0.0,0.0
district,Bagmati,Sindhuli,Female,14 Year,3418,5,447,2178,788,0,0,0,0,0,0,0,0.0,23.05,0.03,0.0,0.0,0.0,0.03,0.0
district,Bagmati,Sindhuli,Female,15 Year,3349,2,161,1438,1413,316,0,0,0,0,0,19,0.0,51.63,0.06,6.74,0.0,9.44,0.06,-2.7
district,Bagmati,Sindhuli,Female,16 - 19 Years,13251,1,942,2438,4017,3450,2296,70,0,0,10,27,0.08,74.21,0.07,37.28,0.08,43.89,-0.01,-6.61
district,Bagmati,Sindhuli,Female,20 - 24 Years,13834,12,1522,2199,3033,1773,4364,725,97,0,60,49,0.43,72.23,0.27,46.96,0.43,50.3,-0.16,-3.34
district,Bagmati,Sindhuli,Female,25 - 29 Years,10308,8,1842,1754,2239,1152,2301,554,233,5,177,43,1.72,62.85,0.57,40.87,1.72,41.13,-1.15,-0.26
district,Bagmati,Sindhuli,Female,30 - 34 Years,7173,6,1993,1165,911,614,1475,394,252,3,293,67,4.08,50.83,1.08,38.94,4.08,38.13,-3.0,0.81
district,Bagmati,Sindhuli,Female,35 - 39 Years,5661,11,2131,882,680,400,677,229,149,10,419,73,7.4,37.71,2.28,27.79,7.4,25.7,-5.12,2.09
district,Bagmati,Sindhuli,Female,40 - 44 Years,3966,13,1621,560,447,282,343,84,64,9,474,69,11.95,30.76,2.89,26.65,11.95,19.49,-9.06,7.16
district,Bagmati,Sindhuli,Female,45 - 49 Years,2343,6,1032,287,232,164,137,39,27,4,349,66,14.9,25.57,3.98,23.18,14.9,15.66,-10.92,7.52
district,Bagmati,Sindhuli,Female,50 - 54 Years,1823,12,841,191,163,85,79,17,14,4,360,57,19.75,19.64,5.47,21.35,19.75,10.7,-14.28,10.65
district,Bagmati,Sindhuli,Female,55 - 59 Years,1006,3,470,94,58,29,22,6,4,2,282,36,28.03,11.83,7.1,18.93,28.03,6.06,-20.93,12.87
district,Bagmati,Sindhuli,Female,60 - 64 Years,646,6,316,51,41,15,11,1,0,3,177,25,27.4,10.53,9.35,14.35,27.4,4.18,-18.05,10.17
district,Bagmati,Sindhuli,Female,65 - 69 Years,351,5,169,28,23,4,3,2,2,2,98,15,27.92,9.69,11.04,12.21,27.92,3.13,-16.88,9.08
district,Bagmati,Sindhuli,Female,70 - 74 Years,187,2,89,18,15,2,3,0,1,0,50,7,26.74,11.23,13.05,10.28,26.74,3.21,-13.69,7.07
district,Bagmati,Sindhuli,Female,75+ Years,140,2,62,17,9,4,3,1,0,0,32,10,22.86,12.14,20.17,5.6,22.86,5.71,-2.69,-0.11
district,Bagmati,Makwanpur,Total,Total,333129,11750,113462,72436,40091,30051,38724,11201,5150,553,7540,2171,2.26,37.59,1.65,24.86,2.98,26.37,-1.33,-1.51
district,Bagmati,Makwanpur,Total,05 Year,7273,7266,0,0,0,0,0,0,0,0,4,3,0.05,0.0,0.08,0.0,0.03,0.0,0.05,0.0
district,Bagmati,Makwanpur,Total,06 Year,7797,2897,4896,0,0,0,0,0,0,0,1,3,0.01,0.0,0.02,0.0,0.0,0.0,0.02,0.0
district,Bagmati,Makwanpur,Total,07 Year,7377,900,6475,0,0,0,0,0,0,0,0,2,0.0,0.0,0.0,0.0,0.0,0.0,0.0,0.0
district,Bagmati,Makwanpur,Total,08 Year,7868,268,7599,0,0,0,0,0,0,0,0,1,0.0,0.0,0.0,0.0,0.0,0.0,0.0,0.0
district,Bagmati,Makwanpur,Total,09 Year,7991,104,7885,0,0,0,0,0,0,0,0,2,0.0,0.0,0.0,0.0,0.0,0.0,0.0,0.0
district,Bagmati,Makwanpur,Total,10 Year,8662,31,8627,0,0,0,0,0,0,0,1,3,0.01,0.0,0.02,0.0,0.0,0.0,0.02,0.0
district,Bagmati,Makwanpur,Total,11 Year,7425,15,5292,2117,0,0,0,0,0,0,1,0,0.01,0.0,0.03,0.0,0.0,0.0,0.03,0.0
district,Bagmati,Makwanpur,Total,12 Year,8912,11,3902,4997,0,0,0,0,0,0,1,1,0.01,0.0,0.0,0.0,0.02,0.0,-0.02,0.0
district,Bagmati,Makwanpur,Total,13 Year,8416,11,2288,6117,0,0,0,0,0,0,0,0,0.0,0.0,0.0,0.0,0.0,0.0,0.0,0.0
district,Bagmati,Makwanpur,Total,14 Year,8634,9,1552,5453,1618,0,0,0,0,0,0,2,0.0,18.74,0.0,0.0,0.0,0.0,0.0,0.0
district,Bagmati,Makwanpur,Total,15 Year,9151,2,762,4189,3278,827,0,0,0,1,12,80,0.13,44.86,0.15,8.0,0.11,10.09,0.04,-2.09
district,Bagmati,Makwanpur,Total,16 - 19 Years,36546,10,4251,8944,8582,8913,5523,171,0,6,30,116,0.08,63.45,0.08,35.9,0.09,44.16,-0.01,-8.26
district,Bagmati,Makwanpur,Total,20 - 24 Years,44336,30,7522,9466,5996,5522,12853,2373,249,6,134,185,0.3,60.88,0.28,44.8,0.33,49.94,-0.05,-5.14
district,Bagmati,Makwanpur,Total,25 - 29 Years,39352,26,8724,8894,5705,3984,7610,2935,1079,22,216,157,0.55,54.16,0.44,38.0,0.66,41.33,-0.22,-3.33
district,Bagmati,Makwanpur,Total,30 - 34 Years,32663,28,9104,6805,4136,2880,5453,2249,1318,42,471,177,1.44,49.1,0.8,36.29,2.15,36.58,-1.35,-0.29
district,Bagmati,Makwanpur,Total,35 - 39 Years,26853,32,8779,5558,3573,2473,2941,1387,1040,47,820,203,3.05,42.51,1.45,31.01,5.05,26.94,-3.6,4.07
district,Bagmati,Makwanpur,Total,40 - 44 Years,19836,16,7367,3678,2542,1942,1699,706,556,62,1025,243,5.17,37.53,2.51,26.71,8.87,21.94,-6.36,4.77
district,Bagmati,Makwanpur,Total,45 - 49 Years,13361,26,5278,2236,1636,1211,977,477,336,69,936,179,7.01,34.71,3.1,24.6,13.3,19.01,-10.2,5.59
district,Bagmati,Makwanpur,Total,50 - 54 Years,11516,19,4696,1797,1304,987,688,378,258,83,1093,213,9.49,31.39,4.83,22.31,18.56,15.7,-13.73,6.61
district,Bagmati,Makwanpur,Total,55 - 59 Years,7111,26,3064,821,747,545,426,236,149,72,836,189,11.76,29.57,7.06,21.65,23.01,12.89,-15.95,8.76
district,Bagmati,Makwanpur,Total,60 - 64 Years,5321,9,2418,653,461,337,274,149,80,57,747,136,14.04,24.45,9.31,18.11,27.72,9.07,-18.41,9.04
district,Bagmati,Makwanpur,Total,65 - 69 Years,3305,5,1534,366,251,215,161,67,55,36,506,109,15.31,22.66,11.64,16.02,27.92,11.81,-16.28,4.21
district,Bagmati,Makwanpur,Total,70 - 74 Years,1765,5,780,181,144,134,56,40,16,23,316,70,17.9,22.1,14.89,14.54,29.86,11.55,-14.97,2.99
district,Bagmati,Makwanpur,Total,75+ Years,1658,4,667,164,118,81,63,33,14,27,390,97,23.52,18.64,22.54,11.65,27.52,11.01,-4.98,0.64
district,Bagmati,Makwanpur,Male,Total,179943,6199,64388,39711,20723,16576,19343,5759,3047,202,2972,1023,1.65,36.37,1.65,24.86,2.98,26.37,-1.33,-1.51
district,Bagmati,Makwanpur,Male,05 Year,3768,3763,0,0,0,0,0,0,0,0,3,2,0.08,0.0,0.08,0.0,0.03,0.0,0.05,0.0
district,Bagmati,Makwanpur,Male,06 Year,4059,1565,2492,0,0,0,0,0,0,0,1,1,0.02,0.0,0.02,0.0,0.0,0.0,0.02,0.0
district,Bagmati,Makwanpur,Male,07 Year,3789,520,3268,0,0,0,0,0,0,0,0,1,0.0,0.0,0.0,0.0,0.0,0.0,0.0,0.0
district,Bagmati,Makwanpur,Male,08 Year,4121,140,3980,0,0,0,0,0,0,0,0,1,0.0,0.0,0.0,0.0,0.0,0.0,0.0,0.0
district,Bagmati,Makwanpur,Male,09 Year,4063,59,4002,0,0,0,0,0,0,0,0,2,0.0,0.0,0.0,0.0,0.0,0.0,0.0,0.0
district,Bagmati,Makwanpur,Male,10 Year,4476,19,4454,0,0,0,0,0,0,0,1,2,0.02,0.0,0.02,0.0,0.0,0.0,0.02,0.0
district,Bagmati,Makwanpur,Male,11 Year,3779,6,2780,992,0,0,0,0,0,0,1,0,0.03,0.0,0.03,0.0,0.0,0.0,0.03,0.0
district,Bagmati,Makwanpur,Male,12 Year,4588,6,2141,2440,0,0,0,0,0,0,0,1,0.0,0.0,0.0,0.0,0.02,0.0,-0.02,0.0
district,Bagmati,Makwanpur,Male,13 Year,4186,1,1245,2940,0,0,0,0,0,0,0,0,0.0,0.0,0.0,0.0,0.0,0.0,0.0,0.0
district,Bagmati,Makwanpur,Male,14 Year,4255,4,876,2694,680,0,0,0,0,0,0,1,0.0,15.98,0.0,0.0,0.0,0.0,0.0,0.0
district,Bagmati,Makwanpur,Male,15 Year,4590,1,460,2234,1475,367,0,0,0,1,7,45,0.15,40.13,0.15,8.0,0.11,10.09,0.04,-2.09
district,Bagmati,Makwanpur,Male,16 - 19 Years,18556,6,2634,4968,4209,4181,2410,71,0,4,14,59,0.08,58.58,0.08,35.9,0.09,44.16,-0.01,-8.26
district,Bagmati,Makwanpur,Male,20 - 24 Years,22264,15,4222,5095,2807,3010,5887,981,96,5,62,84,0.28,57.41,0.28,44.8,0.33,49.94,-0.05,-5.14
district,Bagmati,Makwanpur,Male,25 - 29 Years,19740,12,4738,4742,2576,2189,3521,1313,479,7,86,77,0.44,51.05,0.44,38.0,0.66,41.33,-0.22,-3.33
district,Bagmati,Makwanpur,Male,30 - 34 Years,17110,8,4875,3689,2110,1636,2790,1113,671,13,137,68,0.8,48.63,0.8,36.29,2.15,36.58,-1.35,-0.29
district,Bagmati,Makwanpur,Male,35 - 39 Years,14923,22,4759,3249,1965,1522,1713,751,641,10,217,74,1.45,44.17,1.45,31.01,5.05,26.94,-3.6,4.07
district,Bagmati,Makwanpur,Male,40 - 44 Years,11551,9,4320,2238,1505,1204,1066,411,404,14,290,90,2.51,39.74,2.51,26.71,8.87,21.94,-6.36,4.77
district,Bagmati,Makwanpur,Male,45 - 49 Years,8249,12,3329,1473,1068,772,653,342,262,17,256,65,3.1,37.54,3.1,24.6,13.3,19.01,-10.2,5.59
district,Bagmati,Makwanpur,Male,50 - 54 Years,7605,8,3204,1259,953,663,497,314,223,23,367,94,4.83,34.85,4.83,22.31,18.56,15.7,-13.73,6.61
district,Bagmati,Makwanpur,Male,55 - 59 Years,5016,9,2262,609,589,407,347,201,131,17,354,90,7.06,33.39,7.06,21.65,23.01,12.89,-15.95,8.76
district,Bagmati,Makwanpur,Male,60 - 64 Years,3954,4,1886,520,363,268,240,141,67,28,368,69,9.31,27.29,9.31,18.11,27.72,9.07,-18.41,9.04
district,Bagmati,Makwanpur,Male,65 - 69 Years,2560,4,1256,287,213,169,134,60,47,25,298,67,11.64,24.34,11.64,16.02,27.92,11.81,-16.28,4.21
district,Bagmati,Makwanpur,Male,70 - 74 Years,1410,3,658,155,114,120,38,33,14,16,210,49,14.89,22.62,14.89,14.54,29.86,11.55,-14.97,2.99
district,Bagmati,Makwanpur,Male,75+ Years,1331,3,547,127,96,68,47,28,12,22,300,81,22.54,18.86,22.54,11.65,27.52,11.01,-4.98,0.64
district,Bagmati,Makwanpur,Female,Total,153186,5551,49074,32725,19368,13475,19381,5442,2103,351,4568,1148,2.98,39.02,1.65,24.86,2.98,26.37,-1.33,-1.51
district,Bagmati,Makwanpur,Female,05 Year,3505,3503,0,0,0,0,0,0,0,0,1,1,0.03,0.0,0.08,0.0,0.03,0.0,0.05,0.0
district,Bagmati,Makwanpur,Female,06 Year,3738,1332,2404,0,0,0,0,0,0,0,0,2,0.0,0.0,0.02,0.0,0.0,0.0,0.02,0.0
district,Bagmati,Makwanpur,Female,07 Year,3588,380,3207,0,0,0,0,0,0,0,0,1,0.0,0.0,0.0,0.0,0.0,0.0,0.0,0.0
district,Bagmati,Makwanpur,Female,08 Year,3747,128,3619,0,0,0,0,0,0,0,0,0,0.0,0.0,0.0,0.0,0.0,0.0,0.0,0.0
district,Bagmati,Makwanpur,Female,09 Year,3928,45,3883,0,0,0,0,0,0,0,0,0,0.0,0.0,0.0,0.0,0.0,0.0,0.0,0.0
district,Bagmati,Makwanpur,Female,10 Year,4186,12,4173,0,0,0,0,0,0,0,0,1,0.0,0.0,0.02,0.0,0.0,0.0,0.02,0.0
district,Bagmati,Makwanpur,Female,11 Year,3646,9,2512,1125,0,0,0,0,0,0,0,0,0.0,0.0,0.03,0.0,0.0,0.0,0.03,0.0
district,Bagmati,Makwanpur,Female,12 Year,4324,5,1761,2557,0,0,0,0,0,0,1,0,0.02,0.0,0.0,0.0,0.02,0.0,-0.02,0.0
district,Bagmati,Makwanpur,Female,13 Year,4230,10,1043,3177,0,0,0,0,0,0,0,0,0.0,0.0,0.0,0.0,0.0,0.0,0.0,0.0
district,Bagmati,Makwanpur,Female,14 Year,4379,5,676,2759,938,0,0,0,0,0,0,1,0.0,21.42,0.0,0.0,0.0,0.0,0.0,0.0
district,Bagmati,Makwanpur,Female,15 Year,4561,1,302,1955,1803,460,0,0,0,0,5,35,0.11,49.62,0.15,8.0,0.11,10.09,0.04,-2.09
district,Bagmati,Makwanpur,Female,16 - 19 Years,17990,4,1617,3976,4373,4732,3113,100,0,2,16,57,0.09,68.47,0.08,35.9,0.09,44.16,-0.01,-8.26
district,Bagmati,Makwanpur,Female,20 - 24 Years,22072,15,3300,4371,3189,2512,6966,1392,153,1,72,101,0.33,64.39,0.28,44.8,0.33,49.94,-0.05,-5.14
district,Bagmati,Makwanpur,Female,25 - 29 Years,19612,14,3986,4152,3129,1795,4089,1622,600,15,130,80,0.66,57.29,0.44,38.0,0.66,41.33,-0.22,-3.33
district,Bagmati,Makwanpur,Female,30 - 34 Years,15553,20,4229,3116,2026,1244,2663,1136,647,29,334,109,2.15,49.61,0.8,36.29,2.15,36.58,-1.35,-0.29
district,Bagmati,Makwanpur,Female,35 - 39 Years,11930,10,4020,2309,1608,951,1228,636,399,37,603,129,5.05,40.42,1.45,31.01,5.05,26.94,-3.6,4.07
district,Bagmati,Makwanpur,Female,40 - 44 Years,8285,7,3047,1440,1037,738,633,295,152,48,735,153,8.87,34.46,2.51,26.71,8.87,21.94,-6.36,4.77
district,Bagmati,Makwanpur,Female,45 - 49 Years,5112,14,1949,763,568,439,324,135,74,52,680,114,13.3,30.13,3.1,24.6,13.3,19.01,-10.2,5.59
district,Bagmati,Makwanpur,Female,50 - 54 Years,3911,11,1492,538,351,324,191,64,35,60,726,119,18.56,24.67,4.83,22.31,18.56,15.7,-13.73,6.61
district,Bagmati,Makwanpur,Female,55 - 59 Years,2095,17,802,212,158,138,79,35,18,55,482,99,23.01,20.43,7.06,21.65,23.01,12.89,-15.95,8.76
district,Bagmati,Makwanpur,Female,60 - 64 Years,1367,5,532,133,98,69,34,8,13,29,379,67,27.72,16.24,9.31,18.11,27.72,9.07,-18.41,9.04
district,Bagmati,Makwanpur,Female,65 - 69 Years,745,1,278,79,38,46,27,7,8,11,208,42,27.92,16.91,11.64,16.02,27.92,11.81,-16.28,4.21
district,Bagmati,Makwanpur,Female,70 - 74 Years,355,2,122,26,30,14,18,7,2,7,106,21,29.86,20.0,14.89,14.54,29.86,11.55,-14.97,2.99
district,Bagmati,Makwanpur,Female,75+ Years,327,1,120,37,22,13,16,5,2,5,90,16,27.52,17.74,22.54,11.65,27.52,11.01,-4.98,0.64
district,Bagmati,Chitawan,Total,Total,559603,19268,142070,106546,78027,63163,92586,30127,13288,571,10723,3234,1.92,49.53,1.25,35.65,2.63,35.53,-1.38,0.12
district,Bagmati,Chitawan,Total,05 Year,10648,10620,0,0,0,0,0,0,0,0,6,22,0.06,0.0,0.07,0.0,0.04,0.0,0.03,0.0
district,Bagmati,Chitawan,Total,06 Year,11345,5438,5903,0,0,0,0,0,0,0,1,3,0.01,0.0,0.02,0.0,0.0,0.0,0.02,0.0
district,Bagmati,Chitawan,Total,07 Year,11052,1769,9278,0,0,0,0,0,0,0,3,2,0.03,0.0,0.02,0.0,0.04,0.0,-0.02,0.0
district,Bagmati,Chitawan,Total,08 Year,11380,502,10872,0,0,0,0,0,0,0,3,3,0.03,0.0,0.05,0.0,0.0,0.0,0.05,0.0
district,Bagmati,Chitawan,Total,09 Year,11513,148,11360,0,0,0,0,0,0,0,3,2,0.03,0.0,0.05,0.0,0.0,0.0,0.05,0.0
district,Bagmati,Chitawan,Total,10 Year,12552,66,12481,0,0,0,0,0,0,0,1,4,0.01,0.0,0.0,0.0,0.02,0.0,-0.02,0.0
district,Bagmati,Chitawan,Total,11 Year,10728,22,7510,3194,0,0,0,0,0,0,2,0,0.02,0.0,0.0,0.0,0.04,0.0,-0.04,0.0
district,Bagmati,Chitawan,Total,12 Year,12128,19,4432,7674,0,0,0,0,0,0,2,1,0.02,0.0,0.02,0.0,0.02,0.0,0.0,0.0
district,Bagmati,Chitawan,Total,13 Year,11550,15,1963,9566,0,0,0,0,0,0,2,4,0.02,0.0,0.03,0.0,0.0,0.0,0.03,0.0
district,Bagmati,Chitawan,Total,14 Year,12021,28,1275,7631,3082,0,0,0,0,0,5,0,0.04,25.64,0.05,0.0,0.03,0.0,0.02,0.0
district,Bagmati,Chitawan,Total,15 Year,12385,9,525,4655,5691,1438,0,0,0,0,13,54,0.1,57.56,0.09,9.76,0.12,13.69,-0.03,-3.93
district,Bagmati,Chitawan,Total,16 - 19 Years,55613,16,3184,7610,11041,19099,13973,525,0,9,27,129,0.05,80.27,0.05,57.52,0.04,63.5,0.01,-5.98
district,Bagmati,Chitawan,Total,20 - 24 Years,68536,34,5672,8744,7695,8514,30259,6628,677,19,131,163,0.19,78.46,0.18,66.07,0.2,68.3,-0.02,-2.23
district,Bagmati,Chitawan,Total,25 - 29 Years,61501,40,7499,10203,9613,6755,16406,7959,2591,24,239,172,0.39,70.44,0.34,54.6,0.43,54.99,-0.09,-0.39
district,Bagmati,Chitawan,Total,30 - 34 Years,53511,49,8863,10578,7828,5774,11516,5263,3052,37,338,213,0.63,62.48,0.42,49.41,0.8,46.59,-0.38,2.82
district,Bagmati,Chitawan,Total,35 - 39 Years,48622,62,10271,10919,8579,5509,6881,3027,2355,35,730,254,1.5,54.2,0.83,39.67,2.07,33.88,-1.24,5.79
district,Bagmati,Chitawan,Total,40 - 44 Years,41494,87,9429,8861,8045,5217,4878,2036,1604,47,1027,263,2.48,52.49,1.0,37.83,3.93,28.44,-2.93,9.39
district,Bagmati,Chitawan,Total,45 - 49 Years,30456,68,7576,5861,6081,3821,3070,1427,1028,46,1172,306,3.85,50.65,1.39,36.41,6.74,23.96,-5.35,12.45
district,Bagmati,Chitawan,Total,50 - 54 Years,26426,94,7394,4506,4576,3073,2538,1377,874,91,1569,334,5.94,47.07,2.36,36.26,11.15,20.27,-8.79,15.99
district,Bagmati,Chitawan,Total,55 - 59 Years,16635,55,5397,2396,2519,1775,1354,823,507,80,1386,343,8.33,41.95,3.41,33.65,17.4,14.2,-13.99,19.45
district,Bagmati,Chitawan,Total,60 - 64 Years,12322,45,4609,1841,1500,1023,811,505,277,60,1358,293,11.02,33.4,4.78,27.66,23.88,7.98,-19.1,19.68
district,Bagmati,Chitawan,Total,65 - 69 Years,7986,31,3048,1139,904,655,477,295,186,43,970,238,12.15,31.52,6.79,24.68,25.46,9.04,-18.67,15.64
district,Bagmati,Chitawan,Total,70 - 74 Years,4558,18,1780,617,492,290,247,160,84,29,689,152,15.12,27.93,10.3,20.36,29.08,7.78,-18.78,12.58
district,Bagmati,Chitawan,Total,75+ Years,4641,33,1749,551,381,220,176,102,53,51,1046,279,22.54,20.08,21.52,12.73,27.05,8.08,-5.53,4.65
district,Bagmati,Chitawan,Male,Total,288487,10539,75103,54941,39831,33680,45382,15711,8069,225,3600,1406,1.25,49.46,1.25,35.65,2.63,35.53,-1.38,0.12
district,Bagmati,Chitawan,Male,05 Year,5727,5714,0,0,0,0,0,0,0,0,4,9,0.07,0.0,0.07,0.0,0.04,0.0,0.03,0.0
district,Bagmati,Chitawan,Male,06 Year,6098,3045,3049,0,0,0,0,0,0,0,1,3,0.02,0.0,0.02,0.0,0.0,0.0,0.02,0.0
district,Bagmati,Chitawan,Male,07 Year,5944,1038,4903,0,0,0,0,0,0,0,1,2,0.02,0.0,0.02,0.0,0.04,0.0,-0.02,0.0
district,Bagmati,Chitawan,Male,08 Year,6193,311,5877,0,0,0,0,0,0,0,3,2,0.05,0.0,0.05,0.0,0.0,0.0,0.05,0.0
district,Bagmati,Chitawan,Male,09 Year,6228,80,6144,0,0,0,0,0,0,0,3,1,0.05,0.0,0.05,0.0,0.0,0.0,0.05,0.0
district,Bagmati,Chitawan,Male,10 Year,6741,41,6699,0,0,0,0,0,0,0,0,1,0.0,0.0,0.0,0.0,0.02,0.0,-0.02,0.0
district,Bagmati,Chitawan,Male,11 Year,5692,12,4100,1580,0,0,0,0,0,0,0,0,0.0,0.0,0.0,0.0,0.04,0.0,-0.04,0.0
district,Bagmati,Chitawan,Male,12 Year,6399,8,2473,3917,0,0,0,0,0,0,1,0,0.02,0.0,0.02,0.0,0.02,0.0,0.0,0.0
district,Bagmati,Chitawan,Male,13 Year,6056,6,1111,4934,0,0,0,0,0,0,2,3,0.03,0.0,0.03,0.0,0.0,0.0,0.03,0.0
district,Bagmati,Chitawan,Male,14 Year,6265,13,718,4039,1492,0,0,0,0,0,3,0,0.05,23.81,0.05,0.0,0.03,0.0,0.02,0.0
district,Bagmati,Chitawan,Male,15 Year,6540,7,331,2628,2899,638,0,0,0,0,6,31,0.09,54.08,0.09,9.76,0.12,13.69,-0.03,-3.93
district,Bagmati,Chitawan,Male,16 - 19 Years,28696,8,1959,4415,5718,9611,6681,213,0,5,15,71,0.05,77.44,0.05,57.52,0.04,63.5,0.01,-5.98
district,Bagmati,Chitawan,Male,20 - 24 Years,32969,16,3092,4477,3456,4409,14164,2931,280,11,59,74,0.18,76.56,0.18,66.07,0.2,68.3,-0.02,-2.23
district,Bagmati,Chitawan,Male,25 - 29 Years,27845,19,3658,4823,3962,3204,7173,3656,1170,14,94,72,0.34,68.83,0.34,54.6,0.43,54.99,-0.09,-0.39
district,Bagmati,Chitawan,Male,30 - 34 Years,23957,20,3984,4633,3281,2768,5152,2369,1548,16,101,85,0.42,63.1,0.42,49.41,0.8,46.59,-0.38,2.82
district,Bagmati,Chitawan,Male,35 - 39 Years,22439,23,4471,4849,3904,2780,3288,1467,1366,8,187,96,0.83,57.07,0.83,39.67,2.07,33.88,-1.24,5.79
district,Bagmati,Chitawan,Male,40 - 44 Years,20612,37,4326,4118,4026,2709,2709,1257,1122,16,206,86,1.0,57.36,1.0,37.83,3.93,28.44,-2.93,9.39
district,Bagmati,Chitawan,Male,45 - 49 Years,16459,24,3600,3057,3439,2238,1903,1014,838,7,228,111,1.39,57.31,1.39,36.41,6.74,23.96,-5.35,12.45
district,Bagmati,Chitawan,Male,50 - 54 Years,15675,30,3830,2626,3006,2027,1794,1112,750,24,370,106,2.36,55.43,2.36,36.26,11.15,20.27,-8.79,15.99
district,Bagmati,Chitawan,Male,55 - 59 Years,10783,21,3050,1650,1919,1382,1085,710,451,23,368,124,3.41,51.44,3.41,33.65,17.4,14.2,-13.99,19.45
district,Bagmati,Chitawan,Male,60 - 64 Years,8297,22,2890,1332,1225,882,693,467,253,24,397,112,4.78,42.42,4.78,27.66,23.88,7.98,-19.1,19.68
district,Bagmati,Chitawan,Male,65 - 69 Years,5696,14,2128,890,743,564,405,272,165,17,387,111,6.79,37.73,6.79,24.68,25.46,9.04,-18.67,15.64
district,Bagmati,Chitawan,Male,70 - 74 Years,3389,9,1312,497,424,263,203,149,75,22,349,86,10.3,32.87,10.3,20.36,29.08,7.78,-18.78,12.58
district,Bagmati,Chitawan,Male,75+ Years,3787,21,1398,476,337,205,132,94,51,38,815,220,21.52,21.63,21.52,12.73,27.05,8.08,-5.53,4.65
district,Bagmati,Chitawan,Female,Total,271116,8729,66967,51605,38196,29483,47204,14416,5219,346,7123,1828,2.63,49.62,1.25,35.65,2.63,35.53,-1.38,0.12
district,Bagmati,Chitawan,Female,05 Year,4921,4906,0,0,0,0,0,0,0,0,2,13,0.04,0.0,0.07,0.0,0.04,0.0,0.03,0.0
district,Bagmati,Chitawan,Female,06 Year,5247,2393,2854,0,0,0,0,0,0,0,0,0,0.0,0.0,0.02,0.0,0.0,0.0,0.02,0.0
district,Bagmati,Chitawan,Female,07 Year,5108,731,4375,0,0,0,0,0,0,0,2,0,0.04,0.0,0.02,0.0,0.04,0.0,-0.02,0.0
district,Bagmati,Chitawan,Female,08 Year,5187,191,4995,0,0,0,0,0,0,0,0,1,0.0,0.0,0.05,0.0,0.0,0.0,0.05,0.0
district,Bagmati,Chitawan,Female,09 Year,5285,68,5216,0,0,0,0,0,0,0,0,1,0.0,0.0,0.05,0.0,0.0,0.0,0.05,0.0
district,Bagmati,Chitawan,Female,10 Year,5811,25,5782,0,0,0,0,0,0,0,1,3,0.02,0.0,0.0,0.0,0.02,0.0,-0.02,0.0
district,Bagmati,Chitawan,Female,11 Year,5036,10,3410,1614,0,0,0,0,0,0,2,0,0.04,0.0,0.0,0.0,0.04,0.0,-0.04,0.0
district,Bagmati,Chitawan,Female,12 Year,5729,11,1959,3757,0,0,0,0,0,0,1,1,0.02,0.0,0.02,0.0,0.02,0.0,0.0,0.0
district,Bagmati,Chitawan,Female,13 Year,5494,9,852,4632,0,0,0,0,0,0,0,1,0.0,0.0,0.03,0.0,0.0,0.0,0.03,0.0
district,Bagmati,Chitawan,Female,14 Year,5756,15,557,3592,1590,0,0,0,0,0,2,0,0.03,27.62,0.05,0.0,0.03,0.0,0.02,0.0
district,Bagmati,Chitawan,Female,15 Year,5845,2,194,2027,2792,800,0,0,0,0,7,23,0.12,61.45,0.09,9.76,0.12,13.69,-0.03,-3.93
district,Bagmati,Chitawan,Female,16 - 19 Years,26917,8,1225,3195,5323,9488,7292,312,0,4,12,58,0.04,83.27,0.05,57.52,0.04,63.5,0.01,-5.98
district,Bagmati,Chitawan,Female,20 - 24 Years,35567,18,2580,4267,4239,4105,16095,3697,397,8,72,89,0.2,80.22,0.18,66.07,0.2,68.3,-0.02,-2.23
district,Bagmati,Chitawan,Female,25 - 29 Years,33656,21,3841,5380,5651,3551,9233,4303,1421,10,145,100,0.43,71.78,0.34,54.6,0.43,54.99,-0.09,-0.39
district,Bagmati,Chitawan,Female,30 - 34 Years,29554,29,4879,5945,4547,3006,6364,2894,1504,21,237,128,0.8,61.97,0.42,49.41,0.8,46.59,-0.38,2.82
district,Bagmati,Chitawan,Female,35 - 39 Years,26183,39,5800,6070,4675,2729,3593,1560,989,27,543,158,2.07,51.74,0.83,39.67,2.07,33.88,-1.24,5.79
district,Bagmati,Chitawan,Female,40 - 44 Years,20882,50,5103,4743,4019,2508,2169,779,482,31,821,177,3.93,47.68,1.0,37.83,3.93,28.44,-2.93,9.39
district,Bagmati,Chitawan,Female,45 - 49 Years,13997,44,3976,2804,2642,1583,1167,413,190,39,944,195,6.74,42.83,1.39,36.41,6.74,23.96,-5.35,12.45
district,Bagmati,Chitawan,Female,50 - 54 Years,10751,64,3564,1880,1570,1046,744,265,124,67,1199,228,11.15,34.87,2.36,36.26,11.15,20.27,-8.79,15.99
district,Bagmati,Chitawan,Female,55 - 59 Years,5852,34,2347,746,600,393,269,113,56,57,1018,219,17.4,24.45,3.41,33.65,17.4,14.2,-13.99,19.45
district,Bagmati,Chitawan,Female,60 - 64 Years,4025,23,1719,509,275,141,118,38,24,36,961,181,23.88,14.81,4.78,27.66,23.88,7.98,-19.1,19.68
district,Bagmati,Chitawan,Female,65 - 69 Years,2290,17,920,249,161,91,72,23,21,26,583,127,25.46,16.07,6.79,24.68,25.46,9.04,-18.67,15.64
district,Bagmati,Chitawan,Female,70 - 74 Years,1169,9,468,120,68,27,44,11,9,7,340,66,29.08,13.6,10.3,20.36,29.08,7.78,-18.78,12.58
district,Bagmati,Chitawan,Female,75+ Years,854,12,351,75,44,15,44,8,2,13,231,59,27.05,13.23,21.52,12.73,27.05,8.08,-5.53,4.65
province,Gandaki,,Total,Total,1885154,65008,492384,375421,294777,198525,272166,78842,37168,1962,38767,30134,2.06,46.76,1.29,31.34,2.86,30.89,-1.57,0.45
province,Gandaki,,Total,05 Year,37554,36264,0,0,0,0,0,0,0,1,41,1248,0.11,0.0,0.11,0.0,0.11,0.0,0.0,0.0
province,Gandaki,,Total,06 Year,40215,17706,21891,0,0,0,0,0,0,4,32,582,0.08,0.0,0.07,0.0,0.09,0.0,-0.02,0.0
province,Gandaki,,Total,07 Year,39333,6110,32820,0,0,0,0,0,0,1,23,379,0.06,0.0,0.05,0.0,0.07,0.0,-0.02,0.0
province,Gandaki,,Total,08 Year,41198,1619,39176,0,0,0,0,0,0,0,17,386,0.04,0.0,0.04,0.0,0.05,0.0,-0.01,0.0
province,Gandaki,,Total,09 Year,40338,482,39440,0,0,0,0,0,0,0,16,400,0.04,0.0,0.04,0.0,0.04,0.0,0.0,0.0
province,Gandaki,,Total,10 Year,42776,181,42274,0,0,0,0,0,0,1,13,307,0.03,0.0,0.03,0.0,0.03,0.0,0.0,0.0
province,Gandaki,,Total,11 Year,39816,96,26654,12816,0,0,0,0,0,1,10,239,0.03,0.0,0.04,0.0,0.01,0.0,0.03,0.0
province,Gandaki,,Total,12 Year,44423,68,15223,28902,0,0,0,0,0,1,13,216,0.03,0.0,0.03,0.0,0.03,0.0,0.0,0.0
province,Gandaki,,Total,13 Year,43916,71,6394,37220,0,0,0,0,0,0,14,217,0.03,0.0,0.04,0.0,0.02,0.0,0.02,0.0
province,Gandaki,,Total,14 Year,45535,73,3333,29432,12485,0,0,0,0,3,25,184,0.05,27.42,0.06,0.0,0.05,0.0,0.01,0.0
province,Gandaki,,Total,15 Year,46917,81,1979,17472,21847,5203,0,0,0,2,31,302,0.07,57.66,0.08,9.47,0.05,12.77,0.03,-3.3
province,Gandaki,,Total,16 - 19 Years,187399,149,8211,25405,44944,62154,43669,1917,0,33,165,752,0.09,81.48,0.1,55.07,0.08,59.97,0.02,-4.9
province,Gandaki,,Total,20 - 24 Years,220929,115,13459,28646,32528,29017,93402,19944,2347,83,381,1007,0.17,80.22,0.16,65.71,0.18,65.31,-0.02,0.4
province,Gandaki,,Total,25 - 29 Years,197658,156,20543,33549,37439,24072,52457,19884,7547,70,700,1241,0.35,71.54,0.26,54.11,0.43,51.42,-0.17,2.69
province,Gandaki,,Total,30 - 34 Years,171833,118,27287,35374,30133,19523,33735,14218,8693,79,1361,1312,0.79,61.86,0.43,47.69,1.08,41.63,-0.65,6.06
province,Gandaki,,Total,35 - 39 Years,153421,133,32302,35842,31852,16633,17895,7932,6603,117,2364,1748,1.54,52.74,0.75,36.75,2.21,27.94,-1.46,8.81
province,Gandaki,,Total,40 - 44 Years,128243,184,31897,29959,27618,13284,10806,4578,4164,156,3390,2207,2.64,47.14,1.02,31.17,4.14,20.49,-3.12,10.68
province,Gandaki,,Total,45 - 49 Years,98408,219,27663,20010,20763,9792,7192,3235,2829,181,4164,2360,4.23,44.52,1.35,29.74,7.4,16.46,-6.05,13.28
province,Gandaki,,Total,50 - 54 Years,88260,254,28745,16078,14943,7985,6056,3068,2313,254,5589,2975,6.33,38.94,2.05,28.33,12.46,12.95,-10.41,15.38
province,Gandaki,,Total,55 - 59 Years,59639,241,22727,9240,8624,4442,2991,1549,1198,251,5363,3013,8.99,31.53,3.28,22.17,19.79,7.42,-16.51,14.75
province,Gandaki,,Total,60 - 64 Years,46503,247,19947,6572,5213,2913,1818,1037,700,232,5000,2824,10.75,25.12,5.0,17.91,23.77,4.84,-18.77,13.07
province,Gandaki,,Total,65 - 69 Years,32393,185,14285,4459,3289,1824,1123,784,429,163,3670,2182,11.33,23.0,5.91,15.69,26.04,5.11,-20.13,10.58
province,Gandaki,,Total,70 - 74 Years,19778,113,8762,2515,1796,985,570,450,203,120,2691,1573,13.61,20.24,9.28,13.3,28.58,3.75,-19.3,9.55
province,Gandaki,,Total,75+ Years,18669,143,7372,1930,1303,698,452,246,142,209,3694,2480,19.79,15.22,18.51,8.71,25.7,6.05,-7.19,2.66
province,Gandaki,,Male,Total,962648,35069,257440,190554,152758,108194,131119,39109,23306,665,12413,12021,1.29,47.21,1.29,31.34,2.86,30.89,-1.57,0.45
province,Gandaki,,Male,05 Year,19998,19302,0,0,0,0,0,0,0,1,22,673,0.11,0.0,0.11,0.0,0.11,0.0,0.0,0.0
province,Gandaki,,Male,06 Year,21255,9899,11042,0,0,0,0,0,0,1,15,298,0.07,0.0,0.07,0.0,0.09,0.0,-0.02,0.0
province,Gandaki,,Male,07 Year,21002,3581,17191,0,0,0,0,0,0,0,11,219,0.05,0.0,0.05,0.0,0.07,0.0,-0.02,0.0
province,Gandaki,,Male,08 Year,21886,950,20730,0,0,0,0,0,0,0,8,198,0.04,0.0,0.04,0.0,0.05,0.0,-0.01,0.0
province,Gandaki,,Male,09 Year,21347,260,20860,0,0,0,0,0,0,0,8,219,0.04,0.0,0.04,0.0,0.04,0.0,0.0,0.0
province,Gandaki,,Male,10 Year,22410,96,22133,0,0,0,0,0,0,0,6,175,0.03,0.0,0.03,0.0,0.03,0.0,0.0,0.0
province,Gandaki,,Male,11 Year,20740,53,14450,6095,0,0,0,0,0,0,9,133,0.04,0.0,0.04,0.0,0.01,0.0,0.03,0.0
province,Gandaki,,Male,12 Year,22968,32,8547,14263,0,0,0,0,0,1,6,119,0.03,0.0,0.03,0.0,0.03,0.0,0.0,0.0
province,Gandaki,,Male,13 Year,22478,34,3700,18631,0,0,0,0,0,0,10,103,0.04,0.0,0.04,0.0,0.02,0.0,0.02,0.0
province,Gandaki,,Male,14 Year,23413,42,1938,15614,5704,0,0,0,0,3,14,98,0.06,24.36,0.06,0.0,0.05,0.0,0.01,0.0
province,Gandaki,,Male,15 Year,23908,40,1176,9514,10737,2265,0,0,0,1,20,155,0.08,54.38,0.08,9.47,0.05,12.77,0.03,-3.3
province,Gandaki,,Male,16 - 19 Years,94684,67,4776,13926,23289,30871,20533,738,0,7,90,387,0.1,79.67,0.1,55.07,0.08,59.97,0.02,-4.9
province,Gandaki,,Male,20 - 24 Years,102808,38,6772,13318,14446,15414,43263,7935,948,27,167,480,0.16,79.77,0.16,65.71,0.18,65.31,-0.02,0.4
province,Gandaki,,Male,25 - 29 Years,86262,74,8828,14220,15695,12015,22470,8599,3593,24,222,522,0.26,72.31,0.26,54.11,0.43,51.42,-0.17,2.69
province,Gandaki,,Male,30 - 34 Years,76575,41,11021,14694,13460,10274,15031,6431,4781,37,333,472,0.43,65.27,0.43,47.69,1.08,41.63,-0.65,6.06
province,Gandaki,,Male,35 - 39 Years,70335,44,12874,15603,14860,8901,8809,3985,4154,51,527,527,0.75,57.88,0.75,36.75,2.21,27.94,-1.46,8.81
province,Gandaki,,Male,40 - 44 Years,61404,41,12806,13852,14274,7259,5959,2857,3063,35,626,632,1.02,54.41,1.02,31.17,4.14,20.49,-3.12,10.68
province,Gandaki,,Male,45 - 49 Years,51578,50,11578,10637,12610,6114,4578,2364,2283,25,697,642,1.35,54.19,1.35,29.74,7.4,16.46,-6.05,13.28
province,Gandaki,,Male,50 - 54 Years,51973,66,14517,10193,10542,5714,4472,2507,2029,52,1066,815,2.05,48.61,2.05,28.33,12.46,12.95,-10.41,15.38
province,Gandaki,,Male,55 - 59 Years,39002,58,14232,6909,6964,3656,2522,1379,1091,57,1279,855,3.28,40.03,3.28,22.17,19.79,7.42,-16.51,14.75
province,Gandaki,,Male,60 - 64 Years,32260,90,13864,5383,4518,2562,1599,966,651,54,1614,959,5.0,31.92,5.0,17.91,23.77,4.84,-18.77,13.07
province,Gandaki,,Male,65 - 69 Years,23668,68,10858,3757,2899,1611,996,711,396,61,1398,913,5.91,27.94,5.91,15.69,26.04,5.11,-20.13,10.58
province,Gandaki,,Male,70 - 74 Years,15348,58,7157,2216,1620,917,515,419,191,69,1425,761,9.28,23.86,9.28,13.3,28.58,3.75,-19.3,9.55
province,Gandaki,,Male,75+ Years,15346,85,6390,1729,1140,621,372,218,126,159,2840,1666,18.51,16.14,18.51,8.71,25.7,6.05,-7.19,2.66
province,Gandaki,,Female,Total,922506,29939,234944,184867,142019,90331,141047,39733,13862,1297,26354,18113,2.86,46.29,1.29,31.34,2.86,30.89,-1.57,0.45
province,Gandaki,,Female,05 Year,17556,16962,0,0,0,0,0,0,0,0,19,575,0.11,0.0,0.11,0.0,0.11,0.0,0.0,0.0
province,Gandaki,,Female,06 Year,18960,7807,10849,0,0,0,0,0,0,3,17,284,0.09,0.0,0.07,0.0,0.09,0.0,-0.02,0.0
province,Gandaki,,Female,07 Year,18331,2529,15629,0,0,0,0,0,0,1,12,160,0.07,0.0,0.05,0.0,0.07,0.0,-0.02,0.0
province,Gandaki,,Female,08 Year,19312,669,18446,0,0,0,0,0,0,0,9,188,0.05,0.0,0.04,0.0,0.05,0.0,-0.01,0.0
province,Gandaki,,Female,09 Year,18991,222,18580,0,0,0,0,0,0,0,8,181,0.04,0.0,0.04,0.0,0.04,0.0,0.0,0.0
province,Gandaki,,Female,10 Year,20366,85,20141,0,0,0,0,0,0,1,7,132,0.03,0.0,0.03,0.0,0.03,0.0,0.0,0.0
province,Gandaki,,Female,11 Year,19076,43,12204,6721,0,0,0,0,0,1,1,106,0.01,0.0,0.04,0.0,0.01,0.0,0.03,0.0
province,Gandaki,,Female,12 Year,21455,36,6676,14639,0,0,0,0,0,0,7,97,0.03,0.0,0.03,0.0,0.03,0.0,0.0,0.0
province,Gandaki,,Female,13 Year,21438,37,2694,18589,0,0,0,0,0,0,4,114,0.02,0.0,0.04,0.0,0.02,0.0,0.02,0.0
province,Gandaki,,Female,14 Year,22122,31,1395,13818,6781,0,0,0,0,0,11,86,0.05,30.65,0.06,0.0,0.05,0.0,0.01,0.0
province,Gandaki,,Female,15 Year,23009,41,803,7958,11110,2938,0,0,0,1,11,147,0.05,61.05,0.08,9.47,0.05,12.77,0.03,-3.3
province,Gandaki,,Female,16 - 19 Years,92715,82,3435,11479,21655,31283,23136,1179,0,26,75,365,0.08,83.32,0.1,55.07,0.08,59.97,0.02,-4.9
province,Gandaki,,Female,20 - 24 Years,118121,77,6687,15328,18082,13603,50139,12009,1399,56,214,527,0.18,80.62,0.16,65.71,0.18,65.31,-0.02,0.4
province,Gandaki,,Female,25 - 29 Years,111396,82,11715,19329,21744,12057,29987,11285,3954,46,478,719,0.43,70.94,0.26,54.11,0.43,51.42,-0.17,2.69
province,Gandaki,,Female,30 - 34 Years,95258,77,16266,20680,16673,9249,18704,7787,3912,42,1028,840,1.08,59.13,0.43,47.69,1.08,41.63,-0.65,6.06
province,Gandaki,,Female,35 - 39 Years,83086,89,19428,20239,16992,7732,9086,3947,2449,66,1837,1221,2.21,48.39,0.75,36.75,2.21,27.94,-1.46,8.81
province,Gandaki,,Female,40 - 44 Years,66839,143,19091,16107,13344,6025,4847,1721,1101,121,2764,1575,4.14,40.45,1.02,31.17,4.14,20.49,-3.12,10.68
province,Gandaki,,Female,45 - 49 Years,46830,169,16085,9373,8153,3678,2614,871,546,156,3467,1718,7.4,33.87,1.35,29.74,7.4,16.46,-6.05,13.28
province,Gandaki,,Female,50 - 54 Years,36287,188,14228,5885,4401,2271,1584,561,284,202,4523,2160,12.46,25.08,2.05,28.33,12.46,12.95,-10.41,15.38
province,Gandaki,,Female,55 - 59 Years,20637,183,8495,2331,1660,786,469,170,107,194,4084,2158,19.79,15.47,3.28,22.17,19.79,7.42,-16.51,14.75
province,Gandaki,,Female,60 - 64 Years,14243,157,6083,1189,695,351,219,71,49,178,3386,1865,23.77,9.72,5.0,17.91,23.77,4.84,-18.77,13.07
province,Gandaki,,Female,65 - 69 Years,8725,117,3427,702,390,213,127,73,33,102,2272,1269,26.04,9.58,5.91,15.69,26.04,5.11,-20.13,10.58
province,Gandaki,,Female,70 - 74 Years,4430,55,1605,299,176,68,55,31,12,51,1266,812,28.58,7.72,9.28,13.3,28.58,3.75,-19.3,9.55
province,Gandaki,,Female,75+ Years,3323,58,982,201,163,77,80,28,16,50,854,814,25.7,10.95,18.51,8.71,25.7,6.05,-7.19,2.66
district,Gandaki,Gorkha,Total,Total,171172,5328,54613,37794,23287,14031,19489,4844,2676,260,5747,3103,3.36,37.58,2.53,24.03,4.25,23.92,-1.72,0.11
district,Gandaki,Gorkha,Total,05 Year,3595,3485,0,0,0,0,0,0,0,0,5,105,0.14,0.0,0.16,0.0,0.12,0.0,0.04,0.0
district,Gandaki,Gorkha,Total,06 Year,4033,1162,2787,0,0,0,0,0,0,1,6,77,0.15,0.0,0.25,0.0,0.05,0.0,0.2,0.0
district,Gandaki,Gorkha,Total,07 Year,3711,308,3365,0,0,0,0,0,0,0,3,35,0.08,0.0,0.1,0.0,0.06,0.0,0.04,0.0
district,Gandaki,Gorkha,Total,08 Year,3947,109,3802,0,0,0,0,0,0,0,2,34,0.05,0.0,0.1,0.0,0.0,0.0,0.1,0.0
district,Gandaki,Gorkha,Total,09 Year,3843,40,3771,0,0,0,0,0,0,0,2,30,0.05,0.0,0.0,0.0,0.1,0.0,-0.1,0.0
district,Gandaki,Gorkha,Total,10 Year,4218,15,4166,0,0,0,0,0,0,0,7,30,0.17,0.0,0.14,0.0,0.19,0.0,-0.05,0.0
district,Gandaki,Gorkha,Total,11 Year,4172,7,2747,1392,0,0,0,0,0,0,3,23,0.07,0.0,0.14,0.0,0.0,0.0,0.14,0.0
district,Gandaki,Gorkha,Total,12 Year,4559,5,1742,2783,0,0,0,0,0,0,3,26,0.07,0.0,0.04,0.0,0.09,0.0,-0.05,0.0
district,Gandaki,Gorkha,Total,13 Year,4522,7,914,3577,0,0,0,0,0,0,6,18,0.13,0.0,0.13,0.0,0.13,0.0,0.0,0.0
district,Gandaki,Gorkha,Total,14 Year,4822,9,566,2997,1216,0,0,0,0,0,8,26,0.17,25.22,0.12,0.0,0.21,0.0,-0.09,0.0
district,Gandaki,Gorkha,Total,15 Year,4849,6,303,2141,2047,309,0,0,0,0,11,32,0.23,48.59,0.37,5.87,0.08,6.87,0.29,-1.0
district,Gandaki,Gorkha,Total,16 - 19 Years,17817,19,1099,3556,5139,4462,3234,148,0,6,56,98,0.31,72.87,0.36,41.31,0.28,46.64,0.08,-5.33
district,Gandaki,Gorkha,Total,20 - 24 Years,19082,14,1882,3274,2892,2649,6552,1345,244,10,92,128,0.48,71.7,0.46,56.13,0.5,56.88,-0.04,-0.75
district,Gandaki,Gorkha,Total,25 - 29 Years,17343,24,2835,3716,2840,1825,4005,1189,600,9,173,127,1.0,60.31,0.82,46.1,1.15,42.14,-0.33,3.96
district,Gandaki,Gorkha,Total,30 - 34 Years,14175,9,3392,3500,1955,1217,2254,801,615,15,259,158,1.83,48.27,1.28,38.9,2.29,30.73,-1.01,8.17
district,Gandaki,Gorkha,Total,35 - 39 Years,12735,14,3895,3182,1946,949,1265,462,423,21,393,185,3.09,39.62,1.99,28.23,4.08,20.78,-2.09,7.45
district,Gandaki,Gorkha,Total,40 - 44 Years,11090,13,3728,2637,1724,836,748,287,297,27,519,274,4.68,35.09,2.7,24.35,6.64,14.79,-3.94,9.56
district,Gandaki,Gorkha,Total,45 - 49 Years,8195,12,3068,1628,1276,550,456,178,177,22,575,253,7.02,32.18,2.84,21.74,11.97,10.53,-9.13,11.21
district,Gandaki,Gorkha,Total,50 - 54 Years,8151,14,3239,1418,953,490,469,177,176,43,825,347,10.12,27.79,3.71,20.7,20.41,8.72,-16.7,11.98
district,Gandaki,Gorkha,Total,55 - 59 Years,5561,18,2336,771,553,314,238,111,85,36,801,298,14.4,23.4,6.21,17.67,33.35,3.69,-27.14,13.98
district,Gandaki,Gorkha,Total,60 - 64 Years,4258,12,1996,499,334,209,131,55,30,25,702,265,16.49,17.83,9.67,12.22,36.26,3.48,-26.59,8.74
district,Gandaki,Gorkha,Total,65 - 69 Years,2963,10,1431,356,203,115,69,51,17,15,482,214,16.27,15.36,10.7,10.13,35.93,2.75,-25.23,7.38
district,Gandaki,Gorkha,Total,70 - 74 Years,1799,6,848,225,119,63,28,30,6,15,340,119,18.9,13.67,14.88,8.12,37.38,2.18,-22.5,5.94
district,Gandaki,Gorkha,Total,75+ Years,1732,10,701,142,90,43,40,10,6,15,474,201,27.37,10.91,26.64,5.34,31.62,7.91,-4.98,-2.57
district,Gandaki,Gorkha,Male,Total,88611,2829,29302,19235,12294,7792,9460,2413,1627,104,2242,1313,2.53,37.9,2.53,24.03,4.25,23.92,-1.72,0.11
district,Gandaki,Gorkha,Male,05 Year,1914,1862,0,0,0,0,0,0,0,0,3,49,0.16,0.0,0.16,0.0,0.12,0.0,0.04,0.0
district,Gandaki,Gorkha,Male,06 Year,2024,615,1366,0,0,0,0,0,0,0,5,38,0.25,0.0,0.25,0.0,0.05,0.0,0.2,0.0
district,Gandaki,Gorkha,Male,07 Year,1929,174,1731,0,0,0,0,0,0,0,2,22,0.1,0.0,0.1,0.0,0.06,0.0,0.04,0.0
district,Gandaki,Gorkha,Male,08 Year,2059,60,1980,0,0,0,0,0,0,0,2,17,0.1,0.0,0.1,0.0,0.0,0.0,0.1,0.0
district,Gandaki,Gorkha,Male,09 Year,1923,18,1888,0,0,0,0,0,0,0,0,17,0.0,0.0,0.0,0.0,0.1,0.0,-0.1,0.0
district,Gandaki,Gorkha,Male,10 Year,2155,9,2123,0,0,0,0,0,0,0,3,20,0.14,0.0,0.14,0.0,0.19,0.0,-0.05,0.0
district,Gandaki,Gorkha,Male,11 Year,2181,5,1504,658,0,0,0,0,0,0,3,11,0.14,0.0,0.14,0.0,0.0,0.0,0.14,0.0
district,Gandaki,Gorkha,Male,12 Year,2296,3,955,1322,0,0,0,0,0,0,1,15,0.04,0.0,0.04,0.0,0.09,0.0,-0.05,0.0
district,Gandaki,Gorkha,Male,13 Year,2266,4,487,1761,0,0,0,0,0,0,3,11,0.13,0.0,0.13,0.0,0.13,0.0,0.0,0.0
district,Gandaki,Gorkha,Male,14 Year,2400,5,308,1544,526,0,0,0,0,0,3,14,0.12,21.92,0.12,0.0,0.21,0.0,-0.09,0.0
district,Gandaki,Gorkha,Male,15 Year,2419,3,183,1120,950,142,0,0,0,0,9,12,0.37,45.14,0.37,5.87,0.08,6.87,0.29,-1.0
district,Gandaki,Gorkha,Male,16 - 19 Years,8730,8,627,1853,2553,2084,1463,59,0,3,31,49,0.36,70.55,0.36,41.31,0.28,46.64,0.08,-5.33
district,Gandaki,Gorkha,Male,20 - 24 Years,8608,2,958,1421,1296,1293,2948,496,95,2,40,57,0.46,71.19,0.46,56.13,0.5,56.88,-0.04,-0.75
district,Gandaki,Gorkha,Male,25 - 29 Years,7843,9,1289,1566,1246,1008,1770,539,299,4,64,49,0.82,61.99,0.82,46.1,1.15,42.14,-0.33,3.96
district,Gandaki,Gorkha,Male,30 - 34 Years,6496,3,1397,1459,950,736,1069,387,335,5,83,72,1.28,53.53,1.28,38.9,2.29,30.73,-1.01,8.17
district,Gandaki,Gorkha,Male,35 - 39 Years,6071,7,1681,1477,1005,580,647,233,254,9,121,57,1.99,44.79,1.99,28.23,4.08,20.78,-2.09,7.45
district,Gandaki,Gorkha,Male,40 - 44 Years,5520,1,1582,1328,1024,519,422,189,214,8,149,84,2.7,42.9,2.7,24.35,6.64,14.79,-3.94,9.56
district,Gandaki,Gorkha,Male,45 - 49 Years,4443,5,1469,950,851,367,326,124,149,3,126,73,2.84,40.9,2.84,21.74,11.97,10.53,-9.13,11.21
district,Gandaki,Gorkha,Male,50 - 54 Years,5020,5,1900,1044,740,382,365,144,148,11,186,95,3.71,35.44,3.71,20.7,20.41,8.72,-16.7,11.98
district,Gandaki,Gorkha,Male,55 - 59 Years,3882,7,1716,640,480,283,218,105,80,17,241,95,6.21,30.04,6.21,17.67,33.35,3.69,-27.14,13.98
district,Gandaki,Gorkha,Male,60 - 64 Years,3166,7,1604,447,301,191,117,52,27,10,306,104,9.67,21.73,9.67,12.22,36.26,3.48,-26.59,8.74
district,Gandaki,Gorkha,Male,65 - 69 Years,2309,8,1197,306,185,106,63,49,16,8,247,124,10.7,18.15,10.7,10.13,35.93,2.75,-25.23,7.38
district,Gandaki,Gorkha,Male,70 - 74 Years,1478,3,739,212,108,63,25,27,5,10,220,66,14.88,15.43,14.88,8.12,37.38,2.18,-22.5,5.94
district,Gandaki,Gorkha,Male,75+ Years,1479,6,618,127,79,38,27,9,5,14,394,162,26.64,10.68,26.64,5.34,31.62,7.91,-4.98,-2.57
district,Gandaki,Gorkha,Female,Total,82561,2499,25311,18559,10993,6239,10029,2431,1049,156,3505,1790,4.25,37.23,2.53,24.03,4.25,23.92,-1.72,0.11
district,Gandaki,Gorkha,Female,05 Year,1681,1623,0,0,0,0,0,0,0,0,2,56,0.12,0.0,0.16,0.0,0.12,0.0,0.04,0.0
district,Gandaki,Gorkha,Female,06 Year,2009,547,1421,0,0,0,0,0,0,1,1,39,0.05,0.0,0.25,0.0,0.05,0.0,0.2,0.0
district,Gandaki,Gorkha,Female,07 Year,1782,134,1634,0,0,0,0,0,0,0,1,13,0.06,0.0,0.1,0.0,0.06,0.0,0.04,0.0
district,Gandaki,Gorkha,Female,08 Year,1888,49,1822,0,0,0,0,0,0,0,0,17,0.0,0.0,0.1,0.0,0.0,0.0,0.1,0.0
district,Gandaki,Gorkha,Female,09 Year,1920,22,1883,0,0,0,0,0,0,0,2,13,0.1,0.0,0.0,0.0,0.1,0.0,-0.1,0.0
district,Gandaki,Gorkha,Female,10 Year,2063,6,2043,0,0,0,0,0,0,0,4,10,0.19,0.0,0.14,0.0,0.19,0.0,-0.05,0.0
district,Gandaki,Gorkha,Female,11 Year,1991,2,1243,734,0,0,0,0,0,0,0,12,0.0,0.0,0.14,0.0,0.0,0.0,0.14,0.0
district,Gandaki,Gorkha,Female,12 Year,2263,2,787,1461,0,0,0,0,0,0,2,11,0.09,0.0,0.04,0.0,0.09,0.0,-0.05,0.0
district,Gandaki,Gorkha,Female,13 Year,2256,3,427,1816,0,0,0,0,0,0,3,7,0.13,0.0,0.13,0.0,0.13,0.0,0.0,0.0
district,Gandaki,Gorkha,Female,14 Year,2422,4,258,1453,690,0,0,0,0,0,5,12,0.21,28.49,0.12,0.0,0.21,0.0,-0.09,0.0
district,Gandaki,Gorkha,Female,15 Year,2430,3,120,1021,1097,167,0,0,0,0,2,20,0.08,52.02,0.37,5.87,0.08,6.87,0.29,-1.0
district,Gandaki,Gorkha,Female,16 - 19 Years,9087,11,472,1703,2586,2378,1771,89,0,3,25,49,0.28,75.1,0.36,41.31,0.28,46.64,0.08,-5.33
district,Gandaki,Gorkha,Female,20 - 24 Years,10474,12,924,1853,1596,1356,3604,849,149,8,52,71,0.5,72.12,0.46,56.13,0.5,56.88,-0.04,-0.75
district,Gandaki,Gorkha,Female,25 - 29 Years,9500,15,1546,2150,1594,817,2235,650,301,5,109,78,1.15,58.92,0.82,46.1,1.15,42.14,-0.33,3.96
district,Gandaki,Gorkha,Female,30 - 34 Years,7679,6,1995,2041,1005,481,1185,414,280,10,176,86,2.29,43.82,1.28,38.9,2.29,30.73,-1.01,8.17
district,Gandaki,Gorkha,Female,35 - 39 Years,6664,7,2214,1705,941,369,618,229,169,12,272,128,4.08,34.9,1.99,28.23,4.08,20.78,-2.09,7.45
district,Gandaki,Gorkha,Female,40 - 44 Years,5570,12,2146,1309,700,317,326,98,83,19,370,190,6.64,27.36,2.7,24.35,6.64,14.79,-3.94,9.56
district,Gandaki,Gorkha,Female,45 - 49 Years,3752,7,1599,678,425,183,130,54,28,19,449,180,11.97,21.86,2.84,21.74,11.97,10.53,-9.13,11.21
district,Gandaki,Gorkha,Female,50 - 54 Years,3131,9,1339,374,213,108,104,33,28,32,639,252,20.41,15.52,3.71,20.7,20.41,8.72,-16.7,11.98
district,Gandaki,Gorkha,Female,55 - 59 Years,1679,11,620,131,73,31,20,6,5,19,560,203,33.35,8.04,6.21,17.67,33.35,3.69,-27.14,13.98
district,Gandaki,Gorkha,Female,60 - 64 Years,1092,5,392,52,33,18,14,3,3,15,396,161,36.26,6.5,9.67,12.22,36.26,3.48,-26.59,8.74
district,Gandaki,Gorkha,Female,65 - 69 Years,654,2,234,50,18,9,6,2,1,7,235,90,35.93,5.5,10.7,10.13,35.93,2.75,-25.23,7.38
district,Gandaki,Gorkha,Female,70 - 74 Years,321,3,109,13,11,0,3,3,1,5,120,53,37.38,5.61,14.88,8.12,37.38,2.18,-22.5,5.94
district,Gandaki,Gorkha,Female,75+ Years,253,4,83,15,11,5,13,1,1,1,80,39,31.62,12.25,26.64,5.34,31.62,7.91,-4.98,-2.57
district,Gandaki,Manang,Total,Total,4169,123,1038,731,342,524,980,146,89,0,181,15,4.34,49.92,2.89,45.11,6.82,35.91,-3.93,9.2
district,Gandaki,Manang,Total,05 Year,57,57,0,0,0,0,0,0,0,0,0,0,0.0,0.0,0.0,0.0,0.0,0.0,0.0,0.0
district,Gandaki,Manang,Total,06 Year,54,31,23,0,0,0,0,0,0,0,0,0,0.0,0.0,0.0,0.0,0.0,0.0,0.0,0.0
district,Gandaki,Manang,Total,07 Year,63,21,42,0,0,0,0,0,0,0,0,0,0.0,0.0,0.0,0.0,0.0,0.0,0.0,0.0
district,Gandaki,Manang,Total,08 Year,67,8,59,0,0,0,0,0,0,0,0,0,0.0,0.0,0.0,0.0,0.0,0.0,0.0,0.0
district,Gandaki,Manang,Total,09 Year,45,0,45,0,0,0,0,0,0,0,0,0,0.0,0.0,0.0,0.0,0.0,0.0,0.0,0.0
district,Gandaki,Manang,Total,10 Year,44,0,44,0,0,0,0,0,0,0,0,0,0.0,0.0,0.0,0.0,0.0,0.0,0.0,0.0
district,Gandaki,Manang,Total,11 Year,58,0,48,10,0,0,0,0,0,0,0,0,0.0,0.0,0.0,0.0,0.0,0.0,0.0,0.0
district,Gandaki,Manang,Total,12 Year,62,0,29,33,0,0,0,0,0,0,0,0,0.0,0.0,0.0,0.0,0.0,0.0,0.0,0.0
district,Gandaki,Manang,Total,13 Year,53,0,13,40,0,0,0,0,0,0,0,0,0.0,0.0,0.0,0.0,0.0,0.0,0.0,0.0
district,Gandaki,Manang,Total,14 Year,54,0,8,38,8,0,0,0,0,0,0,0,0.0,14.81,0.0,0.0,0.0,0.0,0.0,0.0
district,Gandaki,Manang,Total,15 Year,57,0,6,27,20,4,0,0,0,0,0,0,0.0,42.11,0.0,3.45,0.0,10.71,0.0,-7.26
district,Gandaki,Manang,Total,16 - 19 Years,242,0,19,42,64,71,42,0,0,0,4,0,1.65,73.14,2.24,40.3,0.93,54.63,1.31,-14.33
district,Gandaki,Manang,Total,20 - 24 Years,517,0,36,56,35,130,239,15,1,0,4,1,0.77,81.24,0.94,75.31,0.51,73.1,0.43,2.21
district,Gandaki,Manang,Total,25 - 29 Years,624,0,65,88,41,97,271,45,12,0,5,0,0.8,74.68,0.75,70.07,0.9,64.57,-0.15,5.5
district,Gandaki,Manang,Total,30 - 34 Years,588,0,95,102,50,82,191,31,23,0,12,2,2.04,64.12,1.76,57.93,2.62,50.79,-0.86,7.14
district,Gandaki,Manang,Total,35 - 39 Years,487,0,121,111,39,57,105,22,11,0,20,1,4.11,48.05,2.33,43.9,8.39,30.77,-6.06,13.13
district,Gandaki,Manang,Total,40 - 44 Years,339,1,95,70,23,28,66,12,18,0,25,1,7.37,43.36,5.05,40.83,11.57,28.93,-6.52,11.9
district,Gandaki,Manang,Total,45 - 49 Years,253,0,93,53,19,23,22,4,11,0,26,2,10.28,31.23,5.81,28.39,17.35,16.33,-11.54,12.06
district,Gandaki,Manang,Total,50 - 54 Years,182,0,61,29,9,16,26,10,12,0,17,2,9.34,40.11,4.32,43.17,25.58,9.3,-21.26,33.87
district,Gandaki,Manang,Total,55 - 59 Years,131,0,55,17,14,8,13,3,1,0,19,1,14.5,29.77,7.69,21.98,30.0,12.5,-22.31,9.48
district,Gandaki,Manang,Total,60 - 64 Years,75,1,31,6,11,4,2,2,0,0,18,0,24.0,25.33,10.42,14.58,48.15,3.7,-37.73,10.88
district,Gandaki,Manang,Total,65 - 69 Years,63,1,30,6,5,2,2,1,0,0,15,1,23.81,15.87,9.52,9.52,52.38,4.76,-42.86,4.76
district,Gandaki,Manang,Total,70 - 74 Years,32,3,12,2,1,2,0,0,0,0,11,1,34.38,9.38,22.73,9.09,60.0,0.0,-37.27,9.09
district,Gandaki,Manang,Total,75+ Years,22,0,8,1,3,0,1,1,0,0,5,3,22.73,22.73,23.81,9.52,0.0,0.0,23.81,9.52
district,Gandaki,Manang,Male,Total,2629,64,601,449,242,408,594,107,77,0,76,11,2.89,54.32,2.89,45.11,6.82,35.91,-3.93,9.2
district,Gandaki,Manang,Male,05 Year,32,32,0,0,0,0,0,0,0,0,0,0,0.0,0.0,0.0,0.0,0.0,0.0,0.0,0.0
district,Gandaki,Manang,Male,06 Year,25,15,10,0,0,0,0,0,0,0,0,0,0.0,0.0,0.0,0.0,0.0,0.0,0.0,0.0
district,Gandaki,Manang,Male,07 Year,23,10,13,0,0,0,0,0,0,0,0,0,0.0,0.0,0.0,0.0,0.0,0.0,0.0,0.0
district,Gandaki,Manang,Male,08 Year,36,2,34,0,0,0,0,0,0,0,0,0,0.0,0.0,0.0,0.0,0.0,0.0,0.0,0.0
district,Gandaki,Manang,Male,09 Year,25,0,25,0,0,0,0,0,0,0,0,0,0.0,0.0,0.0,0.0,0.0,0.0,0.0,0.0
district,Gandaki,Manang,Male,10 Year,22,0,22,0,0,0,0,0,0,0,0,0,0.0,0.0,0.0,0.0,0.0,0.0,0.0,0.0
district,Gandaki,Manang,Male,11 Year,29,0,25,4,0,0,0,0,0,0,0,0,0.0,0.0,0.0,0.0,0.0,0.0,0.0,0.0
district,Gandaki,Manang,Male,12 Year,27,0,16,11,0,0,0,0,0,0,0,0,0.0,0.0,0.0,0.0,0.0,0.0,0.0,0.0
district,Gandaki,Manang,Male,13 Year,24,0,8,16,0,0,0,0,0,0,0,0,0.0,0.0,0.0,0.0,0.0,0.0,0.0,0.0
district,Gandaki,Manang,Male,14 Year,25,0,4,19,2,0,0,0,0,0,0,0,0.0,8.0,0.0,0.0,0.0,0.0,0.0,0.0
district,Gandaki,Manang,Male,15 Year,29,0,3,14,11,1,0,0,0,0,0,0,0.0,41.38,0.0,3.45,0.0,10.71,0.0,-7.26
district,Gandaki,Manang,Male,16 - 19 Years,134,0,12,25,40,32,22,0,0,0,3,0,2.24,70.15,2.24,40.3,0.93,54.63,1.31,-14.33
district,Gandaki,Manang,Male,20 - 24 Years,320,0,19,34,22,103,128,9,1,0,3,1,0.94,82.19,0.94,75.31,0.51,73.1,0.43,2.21
district,Gandaki,Manang,Male,25 - 29 Years,401,0,39,50,28,80,167,26,8,0,3,0,0.75,77.06,0.75,70.07,0.9,64.57,-0.15,5.5
district,Gandaki,Manang,Male,30 - 34 Years,397,0,54,67,37,67,118,24,21,0,7,2,1.76,67.25,1.76,57.93,2.62,50.79,-0.86,7.14
district,Gandaki,Manang,Male,35 - 39 Years,344,0,77,76,32,53,73,17,8,0,8,0,2.33,53.2,2.33,43.9,8.39,30.77,-6.06,13.13
district,Gandaki,Manang,Male,40 - 44 Years,218,1,51,46,19,21,40,12,16,0,11,1,5.05,49.54,5.05,40.83,11.57,28.93,-6.52,11.9
district,Gandaki,Manang,Male,45 - 49 Years,155,0,49,38,14,20,10,3,11,0,9,1,5.81,37.42,5.81,28.39,17.35,16.33,-11.54,12.06
district,Gandaki,Manang,Male,50 - 54 Years,139,0,41,21,9,16,23,10,11,0,6,2,4.32,49.64,4.32,43.17,25.58,9.3,-21.26,33.87
district,Gandaki,Manang,Male,55 - 59 Years,91,0,37,15,11,7,9,3,1,0,7,1,7.69,34.07,7.69,21.98,30.0,12.5,-22.31,9.48
district,Gandaki,Manang,Male,60 - 64 Years,48,1,20,6,9,4,2,1,0,0,5,0,10.42,33.33,10.42,14.58,48.15,3.7,-37.73,10.88
district,Gandaki,Manang,Male,65 - 69 Years,42,1,25,4,4,2,1,1,0,0,4,0,9.52,19.05,9.52,9.52,52.38,4.76,-42.86,4.76
district,Gandaki,Manang,Male,70 - 74 Years,22,2,10,2,1,2,0,0,0,0,5,0,22.73,13.64,22.73,9.09,60.0,0.0,-37.27,9.09
district,Gandaki,Manang,Male,75+ Years,21,0,7,1,3,0,1,1,0,0,5,3,23.81,23.81,23.81,9.52,0.0,0.0,23.81,9.52
district,Gandaki,Manang,Female,Total,1540,59,437,282,100,116,386,39,12,0,105,4,6.82,42.4,2.89,45.11,6.82,35.91,-3.93,9.2
district,Gandaki,Manang,Female,05 Year,25,25,0,0,0,0,0,0,0,0,0,0,0.0,0.0,0.0,0.0,0.0,0.0,0.0,0.0
district,Gandaki,Manang,Female,06 Year,29,16,13,0,0,0,0,0,0,0,0,0,0.0,0.0,0.0,0.0,0.0,0.0,0.0,0.0
district,Gandaki,Manang,Female,07 Year,40,11,29,0,0,0,0,0,0,0,0,0,0.0,0.0,0.0,0.0,0.0,0.0,0.0,0.0
district,Gandaki,Manang,Female,08 Year,31,6,25,0,0,0,0,0,0,0,0,0,0.0,0.0,0.0,0.0,0.0,0.0,0.0,0.0
district,Gandaki,Manang,Female,09 Year,20,0,20,0,0,0,0,0,0,0,0,0,0.0,0.0,0.0,0.0,0.0,0.0,0.0,0.0
district,Gandaki,Manang,Female,10 Year,22,0,22,0,0,0,0,0,0,0,0,0,0.0,0.0,0.0,0.0,0.0,0.0,0.0,0.0
district,Gandaki,Manang,Female,11 Year,29,0,23,6,0,0,0,0,0,0,0,0,0.0,0.0,0.0,0.0,0.0,0.0,0.0,0.0
district,Gandaki,Manang,Female,12 Year,35,0,13,22,0,0,0,0,0,0,0,0,0.0,0.0,0.0,0.0,0.0,0.0,0.0,0.0
district,Gandaki,Manang,Female,13 Year,29,0,5,24,0,0,0,0,0,0,0,0,0.0,0.0,0.0,0.0,0.0,0.0,0.0,0.0
district,Gandaki,Manang,Female,14 Year,29,0,4,19,6,0,0,0,0,0,0,0,0.0,20.69,0.0,0.0,0.0,0.0,0.0,0.0
district,Gandaki,Manang,Female,15 Year,28,0,3,13,9,3,0,0,0,0,0,0,0.0,42.86,0.0,3.45,0.0,10.71,0.0,-7.26
district,Gandaki,Manang,Female,16 - 19 Years,108,0,7,17,24,39,20,0,0,0,1,0,0.93,76.85,2.24,40.3,0.93,54.63,1.31,-14.33
district,Gandaki,Manang,Female,20 - 24 Years,197,0,17,22,13,27,111,6,0,0,1,0,0.51,79.7,0.94,75.31,0.51,73.1,0.43,2.21
district,Gandaki,Manang,Female,25 - 29 Years,223,0,26,38,13,17,104,19,4,0,2,0,0.9,70.4,0.75,70.07,0.9,64.57,-0.15,5.5
district,Gandaki,Manang,Female,30 - 34 Years,191,0,41,35,13,15,73,7,2,0,5,0,2.62,57.59,1.76,57.93,2.62,50.79,-0.86,7.14
district,Gandaki,Manang,Female,35 - 39 Years,143,0,44,35,7,4,32,5,3,0,12,1,8.39,35.66,2.33,43.9,8.39,30.77,-6.06,13.13
district,Gandaki,Manang,Female,40 - 44 Years,121,0,44,24,4,7,26,0,2,0,14,0,11.57,32.23,5.05,40.83,11.57,28.93,-6.52,11.9
district,Gandaki,Manang,Female,45 - 49 Years,98,0,44,15,5,3,12,1,0,0,17,1,17.35,21.43,5.81,28.39,17.35,16.33,-11.54,12.06
district,Gandaki,Manang,Female,50 - 54 Years,43,0,20,8,0,0,3,0,1,0,11,0,25.58,9.3,4.32,43.17,25.58,9.3,-21.26,33.87
district,Gandaki,Manang,Female,55 - 59 Years,40,0,18,2,3,1,4,0,0,0,12,0,30.0,20.0,7.69,21.98,30.0,12.5,-22.31,9.48
district,Gandaki,Manang,Female,60 - 64 Years,27,0,11,0,2,0,0,1,0,0,13,0,48.15,11.11,10.42,14.58,48.15,3.7,-37.73,10.88
district,Gandaki,Manang,Female,65 - 69 Years,21,0,5,2,1,0,1,0,0,0,11,1,52.38,9.52,9.52,9.52,52.38,4.76,-42.86,4.76
district,Gandaki,Manang,Female,70 - 74 Years,10,1,2,0,0,0,0,0,0,0,6,1,60.0,0.0,22.73,9.09,60.0,0.0,-37.27,9.09
district,Gandaki,Manang,Female,75+ Years,1,0,1,0,0,0,0,0,0,0,0,0,0.0,0.0,23.81,9.52,0.0,0.0,23.81,9.52
district,Gandaki,Mustang,Total,Total,10480,522,3306,2087,1092,1025,1326,347,208,73,269,225,2.57,38.15,2.73,29.98,2.31,24.24,0.42,5.74
district,Gandaki,Mustang,Total,05 Year,199,188,0,0,0,0,0,0,0,0,0,11,0.0,0.0,0.0,0.0,0.0,0.0,0.0,0.0
district,Gandaki,Mustang,Total,06 Year,200,100,91,0,0,0,0,0,0,1,2,6,1.0,0.0,0.0,0.0,2.02,0.0,-2.02,0.0
district,Gandaki,Mustang,Total,07 Year,208,89,117,0,0,0,0,0,0,0,0,2,0.0,0.0,0.0,0.0,0.0,0.0,0.0,0.0
district,Gandaki,Mustang,Total,08 Year,233,46,184,0,0,0,0,0,0,0,0,3,0.0,0.0,0.0,0.0,0.0,0.0,0.0,0.0
district,Gandaki,Mustang,Total,09 Year,221,31,188,0,0,0,0,0,0,0,0,2,0.0,0.0,0.0,0.0,0.0,0.0,0.0,0.0
district,Gandaki,Mustang,Total,10 Year,240,18,219,0,0,0,0,0,0,0,0,3,0.0,0.0,0.0,0.0,0.0,0.0,0.0,0.0
district,Gandaki,Mustang,Total,11 Year,246,9,192,39,0,0,0,0,0,0,1,5,0.41,0.0,0.81,0.0,0.0,0.0,0.81,0.0
district,Gandaki,Mustang,Total,12 Year,274,12,164,96,0,0,0,0,0,0,0,2,0.0,0.0,0.0,0.0,0.0,0.0,0.0,0.0
district,Gandaki,Mustang,Total,13 Year,268,6,124,133,0,0,0,0,0,0,0,5,0.0,0.0,0.0,0.0,0.0,0.0,0.0,0.0
district,Gandaki,Mustang,Total,14 Year,261,0,93,145,22,0,0,0,0,0,1,0,0.38,8.43,0.0,0.0,1.0,0.0,-1.0,0.0
district,Gandaki,Mustang,Total,15 Year,289,2,57,128,80,19,0,0,0,0,1,2,0.35,34.26,0.58,3.47,0.0,11.21,0.58,-7.74
district,Gandaki,Mustang,Total,16 - 19 Years,915,3,80,257,252,200,101,5,0,1,12,4,1.31,60.98,2.12,27.69,0.25,41.01,1.87,-13.32
district,Gandaki,Mustang,Total,20 - 24 Years,1174,1,116,181,158,179,444,59,7,0,20,9,1.7,72.15,2.59,58.5,0.42,58.96,2.17,-0.46
district,Gandaki,Mustang,Total,25 - 29 Years,1286,14,200,239,150,169,336,99,43,0,17,19,1.32,61.98,1.71,54.55,0.76,44.21,0.95,10.34
district,Gandaki,Mustang,Total,30 - 34 Years,1136,0,286,242,96,159,187,72,60,7,19,8,1.67,50.53,1.82,46.48,1.36,32.88,0.46,13.6
district,Gandaki,Mustang,Total,35 - 39 Years,931,1,259,241,95,98,108,39,34,4,31,21,3.33,40.17,2.81,35.16,4.47,18.56,-1.66,16.6
district,Gandaki,Mustang,Total,40 - 44 Years,681,1,241,133,76,69,54,16,32,11,29,19,4.26,36.27,4.68,27.17,3.54,21.65,1.14,5.52
district,Gandaki,Mustang,Total,45 - 49 Years,497,1,191,89,58,42,32,19,12,7,28,18,5.63,32.8,3.37,24.92,9.0,15.5,-5.63,9.42
district,Gandaki,Mustang,Total,50 - 54 Years,438,0,168,58,55,48,32,17,10,7,25,18,5.71,36.99,4.44,27.65,8.28,17.93,-3.84,9.72
district,Gandaki,Mustang,Total,55 - 59 Years,277,0,122,42,14,19,15,12,5,13,15,20,5.42,23.47,4.69,21.35,7.06,11.76,-2.37,9.59
district,Gandaki,Mustang,Total,60 - 64 Years,197,0,93,23,13,9,8,6,2,6,22,15,11.17,19.29,10.0,12.86,14.04,12.28,-4.04,0.58
district,Gandaki,Mustang,Total,65 - 69 Years,135,0,56,16,14,5,7,1,2,7,15,12,11.11,21.48,14.44,15.56,4.44,2.22,10.0,13.34
district,Gandaki,Mustang,Total,70 - 74 Years,87,0,33,12,3,7,0,1,0,6,11,14,12.64,12.64,8.47,13.56,21.43,0.0,-12.96,13.56
district,Gandaki,Mustang,Total,75+ Years,87,0,32,13,6,2,2,1,1,3,20,7,22.99,13.79,20.0,8.57,35.29,0.0,-15.29,8.57
district,Gandaki,Mustang,Male,Total,6371,279,1843,1314,707,685,806,247,172,29,174,115,2.73,41.08,2.73,29.98,2.31,24.24,0.42,5.74
district,Gandaki,Mustang,Male,05 Year,100,93,0,0,0,0,0,0,0,0,0,7,0.0,0.0,0.0,0.0,0.0,0.0,0.0,0.0
district,Gandaki,Mustang,Male,06 Year,101,61,35,0,0,0,0,0,0,0,0,5,0.0,0.0,0.0,0.0,2.02,0.0,-2.02,0.0
district,Gandaki,Mustang,Male,07 Year,94,44,48,0,0,0,0,0,0,0,0,2,0.0,0.0,0.0,0.0,0.0,0.0,0.0,0.0
district,Gandaki,Mustang,Male,08 Year,118,27,91,0,0,0,0,0,0,0,0,0,0.0,0.0,0.0,0.0,0.0,0.0,0.0,0.0
district,Gandaki,Mustang,Male,09 Year,125,21,103,0,0,0,0,0,0,0,0,1,0.0,0.0,0.0,0.0,0.0,0.0,0.0,0.0
district,Gandaki,Mustang,Male,10 Year,123,10,111,0,0,0,0,0,0,0,0,2,0.0,0.0,0.0,0.0,0.0,0.0,0.0,0.0
district,Gandaki,Mustang,Male,11 Year,123,7,94,19,0,0,0,0,0,0,1,2,0.81,0.0,0.81,0.0,0.0,0.0,0.81,0.0
district,Gandaki,Mustang,Male,12 Year,151,8,90,52,0,0,0,0,0,0,0,1,0.0,0.0,0.0,0.0,0.0,0.0,0.0,0.0
district,Gandaki,Mustang,Male,13 Year,153,1,80,69,0,0,0,0,0,0,0,3,0.0,0.0,0.0,0.0,0.0,0.0,0.0,0.0
district,Gandaki,Mustang,Male,14 Year,161,0,65,87,9,0,0,0,0,0,0,0,0.0,5.59,0.0,0.0,1.0,0.0,-1.0,0.0
district,Gandaki,Mustang,Male,15 Year,173,1,42,77,44,6,0,0,0,0,1,2,0.58,28.9,0.58,3.47,0.0,11.21,0.58,-7.74
district,Gandaki,Mustang,Male,16 - 19 Years,520,1,43,164,154,96,45,3,0,0,11,3,2.12,57.31,2.12,27.69,0.25,41.01,1.87,-13.32
district,Gandaki,Mustang,Male,20 - 24 Years,694,0,63,104,99,125,245,31,5,0,18,4,2.59,72.77,2.59,58.5,0.42,58.96,2.17,-0.46
district,Gandaki,Mustang,Male,25 - 29 Years,759,3,91,129,99,105,209,67,33,0,13,10,1.71,67.59,1.71,54.55,0.76,44.21,0.95,10.34
district,Gandaki,Mustang,Male,30 - 34 Years,768,0,151,177,62,126,127,53,51,3,14,4,1.82,54.56,1.82,46.48,1.36,32.88,0.46,13.6
district,Gandaki,Mustang,Male,35 - 39 Years,640,1,139,176,68,83,80,32,30,3,18,10,2.81,45.78,2.81,35.16,4.47,18.56,-1.66,16.6
district,Gandaki,Mustang,Male,40 - 44 Years,427,0,140,88,52,51,27,12,26,3,20,8,4.68,39.34,4.68,27.17,3.54,21.65,1.14,5.52
district,Gandaki,Mustang,Male,45 - 49 Years,297,1,108,54,39,30,21,15,8,2,10,9,3.37,38.05,3.37,24.92,9.0,15.5,-5.63,9.42
district,Gandaki,Mustang,Male,50 - 54 Years,293,0,104,42,39,31,25,16,9,4,13,10,4.44,40.96,4.44,27.65,8.28,17.93,-3.84,9.72
district,Gandaki,Mustang,Male,55 - 59 Years,192,0,88,29,11,14,11,11,5,4,9,10,4.69,27.08,4.69,21.35,7.06,11.76,-2.37,9.59
district,Gandaki,Mustang,Male,60 - 64 Years,140,0,68,19,13,4,8,4,2,1,14,7,10.0,22.14,10.0,12.86,14.04,12.28,-4.04,0.58
district,Gandaki,Mustang,Male,65 - 69 Years,90,0,36,9,11,5,6,1,2,3,13,4,14.44,27.78,14.44,15.56,4.44,2.22,10.0,13.34
district,Gandaki,Mustang,Male,70 - 74 Years,59,0,25,8,1,7,0,1,0,3,5,9,8.47,15.25,8.47,13.56,21.43,0.0,-12.96,13.56
district,Gandaki,Mustang,Male,75+ Years,70,0,28,11,6,2,2,1,1,3,14,2,20.0,17.14,20.0,8.57,35.29,0.0,-15.29,8.57
district,Gandaki,Mustang,Female,Total,4109,243,1463,773,385,340,520,100,36,44,95,110,2.31,33.61,2.73,29.98,2.31,24.24,0.42,5.74
district,Gandaki,Mustang,Female,05 Year,99,95,0,0,0,0,0,0,0,0,0,4,0.0,0.0,0.0,0.0,0.0,0.0,0.0,0.0
district,Gandaki,Mustang,Female,06 Year,99,39,56,0,0,0,0,0,0,1,2,1,2.02,0.0,0.0,0.0,2.02,0.0,-2.02,0.0
district,Gandaki,Mustang,Female,07 Year,114,45,69,0,0,0,0,0,0,0,0,0,0.0,0.0,0.0,0.0,0.0,0.0,0.0,0.0
district,Gandaki,Mustang,Female,08 Year,115,19,93,0,0,0,0,0,0,0,0,3,0.0,0.0,0.0,0.0,0.0,0.0,0.0,0.0
district,Gandaki,Mustang,Female,09 Year,96,10,85,0,0,0,0,0,0,0,0,1,0.0,0.0,0.0,0.0,0.0,0.0,0.0,0.0
district,Gandaki,Mustang,Female,10 Year,117,8,108,0,0,0,0,0,0,0,0,1,0.0,0.0,0.0,0.0,0.0,0.0,0.0,0.0
district,Gandaki,Mustang,Female,11 Year,123,2,98,20,0,0,0,0,0,0,0,3,0.0,0.0,0.81,0.0,0.0,0.0,0.81,0.0
district,Gandaki,Mustang,Female,12 Year,123,4,74,44,0,0,0,0,0,0,0,1,0.0,0.0,0.0,0.0,0.0,0.0,0.0,0.0
district,Gandaki,Mustang,Female,13 Year,115,5,44,64,0,0,0,0,0,0,0,2,0.0,0.0,0.0,0.0,0.0,0.0,0.0,0.0
district,Gandaki,Mustang,Female,14 Year,100,0,28,58,13,0,0,0,0,0,1,0,1.0,13.0,0.0,0.0,1.0,0.0,-1.0,0.0
district,Gandaki,Mustang,Female,15 Year,116,1,15,51,36,13,0,0,0,0,0,0,0.0,42.24,0.58,3.47,0.0,11.21,0.58,-7.74
district,Gandaki,Mustang,Female,16 - 19 Years,395,2,37,93,98,104,56,2,0,1,1,1,0.25,65.82,2.12,27.69,0.25,41.01,1.87,-13.32
district,Gandaki,Mustang,Female,20 - 24 Years,480,1,53,77,59,54,199,28,2,0,2,5,0.42,71.25,2.59,58.5,0.42,58.96,2.17,-0.46
district,Gandaki,Mustang,Female,25 - 29 Years,527,11,109,110,51,64,127,32,10,0,4,9,0.76,53.89,1.71,54.55,0.76,44.21,0.95,10.34
district,Gandaki,Mustang,Female,30 - 34 Years,368,0,135,65,34,33,60,19,9,4,5,4,1.36,42.12,1.82,46.48,1.36,32.88,0.46,13.6
district,Gandaki,Mustang,Female,35 - 39 Years,291,0,120,65,27,15,28,7,4,1,13,11,4.47,27.84,2.81,35.16,4.47,18.56,-1.66,16.6
district,Gandaki,Mustang,Female,40 - 44 Years,254,1,101,45,24,18,27,4,6,8,9,11,3.54,31.1,4.68,27.17,3.54,21.65,1.14,5.52
district,Gandaki,Mustang,Female,45 - 49 Years,200,0,83,35,19,12,11,4,4,5,18,9,9.0,25.0,3.37,24.92,9.0,15.5,-5.63,9.42
district,Gandaki,Mustang,Female,50 - 54 Years,145,0,64,16,16,17,7,1,1,3,12,8,8.28,28.97,4.44,27.65,8.28,17.93,-3.84,9.72
district,Gandaki,Mustang,Female,55 - 59 Years,85,0,34,13,3,5,4,1,0,9,6,10,7.06,15.29,4.69,21.35,7.06,11.76,-2.37,9.59
district,Gandaki,Mustang,Female,60 - 64 Years,57,0,25,4,0,5,0,2,0,5,8,8,14.04,12.28,10.0,12.86,14.04,12.28,-4.04,0.58
district,Gandaki,Mustang,Female,65 - 69 Years,45,0,20,7,3,0,1,0,0,4,2,8,4.44,8.89,14.44,15.56,4.44,2.22,10.0,13.34
district,Gandaki,Mustang,Female,70 - 74 Years,28,0,8,4,2,0,0,0,0,3,6,5,21.43,7.14,8.47,13.56,21.43,0.0,-12.96,13.56
district,Gandaki,Mustang,Female,75+ Years,17,0,4,2,0,0,0,0,0,0,6,5,35.29,0.0,20.0,8.57,35.29,0.0,-15.29,8.57
district,Gandaki,Myagdi,Total,Total,78917,2629,23877,16646,11163,8662,9502,1985,1005,113,2286,1049,2.9,40.95,1.7,26.85,4.27,26.76,-2.57,0.09
district,Gandaki,Myagdi,Total,05 Year,1767,1722,0,0,0,0,0,0,0,0,3,42,0.17,0.0,0.11,0.0,0.24,0.0,-0.13,0.0
district,Gandaki,Myagdi,Total,06 Year,1855,549,1290,0,0,0,0,0,0,0,1,15,0.05,0.0,0.1,0.0,0.0,0.0,0.1,0.0
district,Gandaki,Myagdi,Total,07 Year,1887,182,1695,0,0,0,0,0,0,0,3,7,0.16,0.0,0.1,0.0,0.22,0.0,-0.12,0.0
district,Gandaki,Myagdi,Total,08 Year,1828,35,1786,0,0,0,0,0,0,0,1,6,0.05,0.0,0.0,0.0,0.11,0.0,-0.11,0.0
district,Gandaki,Myagdi,Total,09 Year,1937,22,1902,0,0,0,0,0,0,0,2,11,0.1,0.0,0.1,0.0,0.11,0.0,-0.01,0.0
district,Gandaki,Myagdi,Total,10 Year,1959,6,1943,0,0,0,0,0,0,0,2,8,0.1,0.0,0.1,0.0,0.1,0.0,0.0,0.0
district,Gandaki,Myagdi,Total,11 Year,1961,4,1176,776,0,0,0,0,0,0,1,4,0.05,0.0,0.1,0.0,0.0,0.0,0.1,0.0
district,Gandaki,Myagdi,Total,12 Year,2108,0,576,1525,0,0,0,0,0,0,0,7,0.0,0.0,0.0,0.0,0.0,0.0,0.0,0.0
district,Gandaki,Myagdi,Total,13 Year,2042,2,256,1777,0,0,0,0,0,0,1,6,0.05,0.0,0.1,0.0,0.0,0.0,0.1,0.0
district,Gandaki,Myagdi,Total,14 Year,2057,6,138,1251,650,0,0,0,0,0,4,8,0.19,31.6,0.3,0.0,0.1,0.0,0.2,0.0
district,Gandaki,Myagdi,Total,15 Year,2124,2,90,775,984,267,0,0,0,0,0,6,0.0,58.9,0.0,11.17,0.0,14.0,0.0,-2.83
district,Gandaki,Myagdi,Total,16 - 19 Years,7734,2,381,1169,1906,2555,1611,64,0,1,8,37,0.1,79.34,0.18,51.41,0.03,58.19,0.15,-6.78
district,Gandaki,Myagdi,Total,20 - 24 Years,9358,9,690,1367,1385,1630,3654,492,62,2,25,42,0.27,77.19,0.25,62.16,0.28,62.61,-0.03,-0.45
district,Gandaki,Myagdi,Total,25 - 29 Years,8097,5,1049,1566,1373,1242,1994,544,238,2,35,49,0.43,66.58,0.31,50.86,0.55,48.48,-0.24,2.38
district,Gandaki,Myagdi,Total,30 - 34 Years,6814,6,1353,1455,1176,925,1101,392,266,6,81,53,1.19,56.65,0.51,41.81,1.85,37.04,-1.34,4.77
district,Gandaki,Myagdi,Total,35 - 39 Years,5949,6,1634,1507,1091,639,450,203,188,8,144,79,2.42,43.22,1.01,28.42,3.82,21.37,-2.81,7.05
district,Gandaki,Myagdi,Total,40 - 44 Years,4922,11,1530,1245,902,418,263,95,91,12,252,103,5.12,35.94,1.5,21.12,8.94,13.92,-7.44,7.2
district,Gandaki,Myagdi,Total,45 - 49 Years,3708,8,1229,728,728,332,157,75,61,21,265,104,7.15,36.49,1.96,22.28,13.86,9.84,-11.9,12.44
district,Gandaki,Myagdi,Total,50 - 54 Years,3465,10,1374,617,450,315,140,54,50,13,331,111,9.55,29.12,2.18,20.71,22.32,8.2,-20.14,12.51
district,Gandaki,Myagdi,Total,55 - 59 Years,2515,10,1211,359,238,159,52,35,26,19,306,100,12.17,20.28,5.13,14.21,26.74,3.79,-21.61,10.42
district,Gandaki,Myagdi,Total,60 - 64 Years,1848,8,1027,200,108,92,33,12,9,9,271,79,14.66,13.74,6.69,9.62,33.58,3.83,-26.89,5.79
district,Gandaki,Myagdi,Total,65 - 69 Years,1321,10,689,175,92,44,22,13,11,8,199,58,15.06,13.78,7.58,8.28,38.68,2.2,-31.1,6.08
district,Gandaki,Myagdi,Total,70 - 74 Years,842,7,473,86,43,30,16,5,2,2,132,46,15.68,11.4,10.69,7.38,34.27,2.25,-23.58,5.13
district,Gandaki,Myagdi,Total,75+ Years,819,7,385,68,37,14,9,1,1,10,219,68,26.74,7.57,25.28,3.11,36.04,2.7,-10.76,0.41
district,Gandaki,Myagdi,Male,Total,42110,1397,12914,8936,6389,4895,4640,1082,689,25,715,428,1.7,42.02,1.7,26.85,4.27,26.76,-2.57,0.09
district,Gandaki,Myagdi,Male,05 Year,921,898,0,0,0,0,0,0,0,0,1,22,0.11,0.0,0.11,0.0,0.24,0.0,-0.13,0.0
district,Gandaki,Myagdi,Male,06 Year,964,309,647,0,0,0,0,0,0,0,1,7,0.1,0.0,0.1,0.0,0.0,0.0,0.1,0.0
district,Gandaki,Myagdi,Male,07 Year,963,112,848,0,0,0,0,0,0,0,1,2,0.1,0.0,0.1,0.0,0.22,0.0,-0.12,0.0
district,Gandaki,Myagdi,Male,08 Year,956,20,932,0,0,0,0,0,0,0,0,4,0.0,0.0,0.0,0.0,0.11,0.0,-0.11,0.0
district,Gandaki,Myagdi,Male,09 Year,1011,12,993,0,0,0,0,0,0,0,1,5,0.1,0.0,0.1,0.0,0.11,0.0,-0.01,0.0
district,Gandaki,Myagdi,Male,10 Year,984,4,977,0,0,0,0,0,0,0,1,2,0.1,0.0,0.1,0.0,0.1,0.0,0.0,0.0
district,Gandaki,Myagdi,Male,11 Year,990,2,639,347,0,0,0,0,0,0,1,1,0.1,0.0,0.1,0.0,0.0,0.0,0.1,0.0
district,Gandaki,Myagdi,Male,12 Year,1092,0,345,745,0,0,0,0,0,0,0,2,0.0,0.0,0.0,0.0,0.0,0.0,0.0,0.0
district,Gandaki,Myagdi,Male,13 Year,1034,0,160,869,0,0,0,0,0,0,1,4,0.1,0.0,0.1,0.0,0.0,0.0,0.1,0.0
district,Gandaki,Myagdi,Male,14 Year,1009,4,83,628,285,0,0,0,0,0,3,6,0.3,28.25,0.3,0.0,0.1,0.0,0.2,0.0
district,Gandaki,Myagdi,Male,15 Year,1074,1,55,434,462,120,0,0,0,0,0,2,0.0,54.19,0.0,11.17,0.0,14.0,0.0,-2.83
district,Gandaki,Myagdi,Male,16 - 19 Years,3984,1,233,646,1028,1250,770,28,0,0,7,21,0.18,77.21,0.18,51.41,0.03,58.19,0.15,-6.78
district,Gandaki,Myagdi,Male,20 - 24 Years,4723,2,342,661,745,935,1776,201,24,0,12,25,0.25,77.94,0.25,62.16,0.28,62.61,-0.03,-0.45
district,Gandaki,Myagdi,Male,25 - 29 Years,3897,0,484,711,678,677,885,288,132,2,12,28,0.31,68.26,0.31,50.86,0.55,48.48,-0.24,2.38
district,Gandaki,Myagdi,Male,30 - 34 Years,3356,3,586,693,630,503,518,210,172,3,17,21,0.51,60.58,0.51,41.81,1.85,37.04,-1.34,4.77
district,Gandaki,Myagdi,Male,35 - 39 Years,2963,0,686,755,633,378,213,111,140,1,30,16,1.01,49.78,1.01,28.42,3.82,21.37,-2.81,7.05
district,Gandaki,Myagdi,Male,40 - 44 Years,2529,1,669,714,545,248,148,67,71,2,38,26,1.5,42.67,1.5,21.12,8.94,13.92,-7.44,7.2
district,Gandaki,Myagdi,Male,45 - 49 Years,2092,2,535,484,535,232,109,68,57,1,41,28,1.96,47.85,1.96,22.28,13.86,9.84,-11.9,12.44
district,Gandaki,Myagdi,Male,50 - 54 Years,2197,3,799,472,387,257,106,46,46,1,48,32,2.18,38.32,2.18,20.71,22.32,8.2,-20.14,12.51
district,Gandaki,Myagdi,Male,55 - 59 Years,1696,3,821,300,213,136,46,33,26,3,87,28,5.13,26.77,5.13,14.21,26.74,3.79,-21.61,10.42
district,Gandaki,Myagdi,Male,60 - 64 Years,1300,6,777,175,98,78,28,12,7,2,87,30,6.69,17.15,6.69,9.62,33.58,3.83,-26.89,5.79
district,Gandaki,Myagdi,Male,65 - 69 Years,1003,4,563,158,82,39,20,13,11,3,76,34,7.58,16.45,7.58,8.28,38.68,2.2,-31.1,6.08
district,Gandaki,Myagdi,Male,70 - 74 Years,664,5,393,77,39,28,14,5,2,1,71,29,10.69,13.25,10.69,7.38,34.27,2.25,-23.58,5.13
district,Gandaki,Myagdi,Male,75+ Years,708,5,347,67,29,14,7,0,1,6,179,53,25.28,7.2,25.28,3.11,36.04,2.7,-10.76,0.41
district,Gandaki,Myagdi,Female,Total,36807,1232,10963,7710,4774,3767,4862,903,316,88,1571,621,4.27,39.73,1.7,26.85,4.27,26.76,-2.57,0.09
district,Gandaki,Myagdi,Female,05 Year,846,824,0,0,0,0,0,0,0,0,2,20,0.24,0.0,0.11,0.0,0.24,0.0,-0.13,0.0
district,Gandaki,Myagdi,Female,06 Year,891,240,643,0,0,0,0,0,0,0,0,8,0.0,0.0,0.1,0.0,0.0,0.0,0.1,0.0
district,Gandaki,Myagdi,Female,07 Year,924,70,847,0,0,0,0,0,0,0,2,5,0.22,0.0,0.1,0.0,0.22,0.0,-0.12,0.0
district,Gandaki,Myagdi,Female,08 Year,872,15,854,0,0,0,0,0,0,0,1,2,0.11,0.0,0.0,0.0,0.11,0.0,-0.11,0.0
district,Gandaki,Myagdi,Female,09 Year,926,10,909,0,0,0,0,0,0,0,1,6,0.11,0.0,0.1,0.0,0.11,0.0,-0.01,0.0
district,Gandaki,Myagdi,Female,10 Year,975,2,966,0,0,0,0,0,0,0,1,6,0.1,0.0,0.1,0.0,0.1,0.0,0.0,0.0
district,Gandaki,Myagdi,Female,11 Year,971,2,537,429,0,0,0,0,0,0,0,3,0.0,0.0,0.1,0.0,0.0,0.0,0.1,0.0
district,Gandaki,Myagdi,Female,12 Year,1016,0,231,780,0,0,0,0,0,0,0,5,0.0,0.0,0.0,0.0,0.0,0.0,0.0,0.0
district,Gandaki,Myagdi,Female,13 Year,1008,2,96,908,0,0,0,0,0,0,0,2,0.0,0.0,0.1,0.0,0.0,0.0,0.1,0.0
district,Gandaki,Myagdi,Female,14 Year,1048,2,55,623,365,0,0,0,0,0,1,2,0.1,34.83,0.3,0.0,0.1,0.0,0.2,0.0
district,Gandaki,Myagdi,Female,15 Year,1050,1,35,341,522,147,0,0,0,0,0,4,0.0,63.71,0.0,11.17,0.0,14.0,0.0,-2.83
district,Gandaki,Myagdi,Female,16 - 19 Years,3750,1,148,523,878,1305,841,36,0,1,1,16,0.03,81.6,0.18,51.41,0.03,58.19,0.15,-6.78
district,Gandaki,Myagdi,Female,20 - 24 Years,4635,7,348,706,640,695,1878,291,38,2,13,17,0.28,76.42,0.25,62.16,0.28,62.61,-0.03,-0.45
district,Gandaki,Myagdi,Female,25 - 29 Years,4200,5,565,855,695,565,1109,256,106,0,23,21,0.55,65.02,0.31,50.86,0.55,48.48,-0.24,2.38
district,Gandaki,Myagdi,Female,30 - 34 Years,3458,3,767,762,546,422,583,182,94,3,64,32,1.85,52.83,0.51,41.81,1.85,37.04,-1.34,4.77
district,Gandaki,Myagdi,Female,35 - 39 Years,2986,6,948,752,458,261,237,92,48,7,114,63,3.82,36.7,1.01,28.42,3.82,21.37,-2.81,7.05
district,Gandaki,Myagdi,Female,40 - 44 Years,2393,10,861,531,357,170,115,28,20,10,214,77,8.94,28.83,1.5,21.12,8.94,13.92,-7.44,7.2
district,Gandaki,Myagdi,Female,45 - 49 Years,1616,6,694,244,193,100,48,7,4,20,224,76,13.86,21.78,1.96,22.28,13.86,9.84,-11.9,12.44
district,Gandaki,Myagdi,Female,50 - 54 Years,1268,7,575,145,63,58,34,8,4,12,283,79,22.32,13.17,2.18,20.71,22.32,8.2,-20.14,12.51
district,Gandaki,Myagdi,Female,55 - 59 Years,819,7,390,59,25,23,6,2,0,16,219,72,26.74,6.84,5.13,14.21,26.74,3.79,-21.61,10.42
district,Gandaki,Myagdi,Female,60 - 64 Years,548,2,250,25,10,14,5,0,2,7,184,49,33.58,5.66,6.69,9.62,33.58,3.83,-26.89,5.79
district,Gandaki,Myagdi,Female,65 - 69 Years,318,6,126,17,10,5,2,0,0,5,123,24,38.68,5.35,7.58,8.28,38.68,2.2,-31.1,6.08
district,Gandaki,Myagdi,Female,70 - 74 Years,178,2,80,9,4,2,2,0,0,1,61,17,34.27,4.49,10.69,7.38,34.27,2.25,-23.58,5.13
district,Gandaki,Myagdi,Female,75+ Years,111,2,38,1,8,0,2,1,0,4,40,15,36.04,9.91,25.28,3.11,36.04,2.7,-10.76,0.41
district,Gandaki,Kaski,Total,Total,495874,16107,101988,86243,78346,59025,91290,32883,15593,355,4837,9207,0.98,55.89,0.55,40.81,1.43,39.32,-0.88,1.49
district,Gandaki,Kaski,Total,05 Year,8480,8072,0,0,0,0,0,0,0,0,4,404,0.05,0.0,0.04,0.0,0.05,0.0,-0.01,0.0
district,Gandaki,Kaski,Total,06 Year,9196,5169,3833,0,0,0,0,0,0,0,5,189,0.05,0.0,0.02,0.0,0.1,0.0,-0.08,0.0
district,Gandaki,Kaski,Total,07 Year,9009,1704,7143,0,0,0,0,0,0,0,2,160,0.02,0.0,0.02,0.0,0.02,0.0,0.0,0.0
district,Gandaki,Kaski,Total,08 Year,9344,425,8756,0,0,0,0,0,0,0,3,160,0.03,0.0,0.04,0.0,0.02,0.0,0.02,0.0
district,Gandaki,Kaski,Total,09 Year,9370,111,9088,0,0,0,0,0,0,0,5,166,0.05,0.0,0.06,0.0,0.05,0.0,0.01,0.0
district,Gandaki,Kaski,Total,10 Year,9805,46,9636,0,0,0,0,0,0,0,2,121,0.02,0.0,0.02,0.0,0.02,0.0,0.0,0.0
district,Gandaki,Kaski,Total,11 Year,8945,32,6411,2417,0,0,0,0,0,1,2,82,0.02,0.0,0.04,0.0,0.0,0.0,0.04,0.0
district,Gandaki,Kaski,Total,12 Year,10082,16,3419,6561,0,0,0,0,0,0,6,80,0.06,0.0,0.06,0.0,0.06,0.0,0.0,0.0
district,Gandaki,Kaski,Total,13 Year,9851,12,1218,8540,0,0,0,0,0,0,4,77,0.04,0.0,0.06,0.0,0.02,0.0,0.04,0.0
district,Gandaki,Kaski,Total,14 Year,10181,22,576,6992,2519,0,0,0,0,1,4,67,0.04,24.74,0.07,0.0,0.0,0.0,0.07,0.0
district,Gandaki,Kaski,Total,15 Year,10604,17,300,3695,5233,1243,0,0,0,1,3,112,0.03,61.07,0.05,10.53,0.0,13.01,0.05,-2.48
district,Gandaki,Kaski,Total,16 - 19 Years,47818,36,1427,4491,10100,17847,12973,641,0,13,19,271,0.04,86.91,0.04,63.37,0.04,68.46,0.0,-5.09
district,Gandaki,Kaski,Total,20 - 24 Years,61616,25,2279,5286,6725,7238,31148,7728,776,32,44,335,0.07,87.01,0.05,75.62,0.09,76.56,-0.04,-0.94
district,Gandaki,Kaski,Total,25 - 29 Years,54117,29,3723,6980,8579,6448,16808,8172,2845,25,87,421,0.16,79.18,0.14,63.96,0.18,62.81,-0.04,1.15
district,Gandaki,Kaski,Total,30 - 34 Years,48138,26,5082,8001,7847,5748,11476,5843,3538,23,140,414,0.29,71.57,0.23,57.64,0.34,53.31,-0.11,4.33
district,Gandaki,Kaski,Total,35 - 39 Years,44492,31,6358,8857,9387,5681,6873,3538,2960,19,246,542,0.55,63.92,0.32,47.73,0.75,38.57,-0.43,9.16
district,Gandaki,Kaski,Total,40 - 44 Years,37178,32,6122,7892,9017,4701,4421,2189,1860,25,308,611,0.83,59.68,0.41,42.01,1.22,29.28,-0.81,12.73
district,Gandaki,Kaski,Total,45 - 49 Years,27979,35,5626,5334,6731,3537,2887,1534,1272,20,416,587,1.49,57.05,0.57,40.73,2.5,24.5,-1.93,16.23
district,Gandaki,Kaski,Total,50 - 54 Years,23584,53,5700,4313,4994,2738,2093,1350,980,31,578,754,2.45,51.54,0.67,38.21,4.76,20.21,-4.09,18.0
district,Gandaki,Kaski,Total,55 - 59 Years,15645,66,4632,2527,2996,1524,1018,705,591,32,676,878,4.32,43.68,1.18,31.54,9.37,13.26,-8.19,18.28
district,Gandaki,Kaski,Total,60 - 64 Years,12275,60,4174,1934,1916,1045,705,473,380,37,714,837,5.82,36.81,1.7,27.44,13.87,9.03,-12.17,18.41
district,Gandaki,Kaski,Total,65 - 69 Years,8147,49,2876,1159,1158,667,450,378,216,32,519,643,6.37,35.22,2.2,25.79,15.54,10.47,-13.34,15.32
district,Gandaki,Kaski,Total,70 - 74 Years,4969,19,1843,670,637,343,251,203,103,22,401,477,8.07,30.93,4.07,22.55,18.4,6.64,-14.33,15.91
district,Gandaki,Kaski,Total,75+ Years,5049,20,1766,594,507,265,187,129,72,41,649,819,12.85,22.97,11.15,14.57,18.73,7.3,-7.58,7.27
district,Gandaki,Kaski,Male,Total,255498,8894,52496,43860,40747,32451,45308,16798,9707,126,1406,3705,0.55,56.76,0.55,40.81,1.43,39.32,-0.88,1.49
district,Gandaki,Kaski,Male,05 Year,4618,4399,0,0,0,0,0,0,0,0,2,217,0.04,0.0,0.04,0.0,0.05,0.0,-0.01,0.0
district,Gandaki,Kaski,Male,06 Year,5016,2900,2013,0,0,0,0,0,0,0,1,102,0.02,0.0,0.02,0.0,0.1,0.0,-0.08,0.0
district,Gandaki,Kaski,Male,07 Year,4922,1019,3818,0,0,0,0,0,0,0,1,84,0.02,0.0,0.02,0.0,0.02,0.0,0.0,0.0
district,Gandaki,Kaski,Male,08 Year,5141,264,4787,0,0,0,0,0,0,0,2,88,0.04,0.0,0.04,0.0,0.02,0.0,0.02,0.0
district,Gandaki,Kaski,Male,09 Year,5078,60,4921,0,0,0,0,0,0,0,3,94,0.06,0.0,0.06,0.0,0.05,0.0,0.01,0.0
district,Gandaki,Kaski,Male,10 Year,5283,29,5178,0,0,0,0,0,0,0,1,75,0.02,0.0,0.02,0.0,0.02,0.0,0.0,0.0
district,Gandaki,Kaski,Male,11 Year,4842,14,3562,1220,0,0,0,0,0,0,2,44,0.04,0.0,0.04,0.0,0.0,0.0,0.04,0.0
district,Gandaki,Kaski,Male,12 Year,5287,5,1950,3280,0,0,0,0,0,0,3,49,0.06,0.0,0.06,0.0,0.06,0.0,0.0,0.0
district,Gandaki,Kaski,Male,13 Year,5204,10,715,4437,0,0,0,0,0,0,3,39,0.06,0.0,0.06,0.0,0.02,0.0,0.04,0.0
district,Gandaki,Kaski,Male,14 Year,5371,15,360,3771,1190,0,0,0,0,1,4,30,0.07,22.16,0.07,0.0,0.0,0.0,0.07,0.0
district,Gandaki,Kaski,Male,15 Year,5491,9,191,2014,2636,578,0,0,0,0,3,60,0.05,58.53,0.05,10.53,0.0,13.01,0.05,-2.48
district,Gandaki,Kaski,Male,16 - 19 Years,25081,16,923,2703,5388,9295,6321,279,0,1,11,144,0.04,84.86,0.04,63.37,0.04,68.46,0.0,-5.09
district,Gandaki,Kaski,Male,20 - 24 Years,30313,10,1245,2765,3180,4052,15170,3370,332,10,16,163,0.05,86.11,0.05,75.62,0.09,76.56,-0.04,-0.94
district,Gandaki,Kaski,Male,25 - 29 Years,24699,14,1764,3218,3671,3292,7502,3650,1353,6,35,194,0.14,78.82,0.14,63.96,0.18,62.81,-0.04,1.15
district,Gandaki,Kaski,Male,30 - 34 Years,21747,13,2151,3366,3457,2935,5098,2626,1876,14,50,161,0.23,73.54,0.23,57.64,0.34,53.31,-0.11,4.33
district,Gandaki,Kaski,Male,35 - 39 Years,20647,11,2555,3789,4166,2882,3401,1765,1806,9,66,197,0.32,67.9,0.32,47.73,0.75,38.57,-0.43,9.16
district,Gandaki,Kaski,Male,40 - 44 Years,17959,13,2452,3301,4357,2429,2463,1335,1317,8,74,210,0.41,66.27,0.41,42.01,1.22,29.28,-0.81,12.73
district,Gandaki,Kaski,Male,45 - 49 Years,14634,10,2091,2531,3757,2113,1783,1085,980,5,83,196,0.57,66.41,0.57,40.73,2.5,24.5,-1.93,16.23
district,Gandaki,Kaski,Male,50 - 54 Years,13307,12,2365,2334,3198,1763,1458,1036,827,7,89,218,0.67,62.24,0.67,38.21,4.76,20.21,-4.09,18.0
district,Gandaki,Kaski,Male,55 - 59 Years,9644,17,2357,1686,2188,1158,774,592,518,7,114,233,1.18,54.23,1.18,31.54,9.37,13.26,-8.19,18.28
district,Gandaki,Kaski,Male,60 - 64 Years,8121,20,2424,1477,1579,865,590,426,347,8,138,247,1.7,46.88,1.7,27.44,13.87,9.03,-12.17,18.41
district,Gandaki,Kaski,Male,65 - 69 Years,5598,12,1921,910,983,551,372,329,192,7,123,198,2.2,43.35,2.2,25.79,15.54,10.47,-13.34,15.32
district,Gandaki,Kaski,Male,70 - 74 Years,3583,10,1314,548,554,303,219,189,97,14,146,189,4.07,38.01,4.07,22.55,18.4,6.64,-14.33,15.91
district,Gandaki,Kaski,Male,75+ Years,3912,12,1439,510,443,235,157,116,62,29,436,473,11.15,25.89,11.15,14.57,18.73,7.3,-7.58,7.27
district,Gandaki,Kaski,Female,Total,240376,7213,49492,42383,37599,26574,45982,16085,5886,229,3431,5502,1.43,54.97,0.55,40.81,1.43,39.32,-0.88,1.49
district,Gandaki,Kaski,Female,05 Year,3862,3673,0,0,0,0,0,0,0,0,2,187,0.05,0.0,0.04,0.0,0.05,0.0,-0.01,0.0
district,Gandaki,Kaski,Female,06 Year,4180,2269,1820,0,0,0,0,0,0,0,4,87,0.1,0.0,0.02,0.0,0.1,0.0,-0.08,0.0
district,Gandaki,Kaski,Female,07 Year,4087,685,3325,0,0,0,0,0,0,0,1,76,0.02,0.0,0.02,0.0,0.02,0.0,0.0,0.0
district,Gandaki,Kaski,Female,08 Year,4203,161,3969,0,0,0,0,0,0,0,1,72,0.02,0.0,0.04,0.0,0.02,0.0,0.02,0.0
district,Gandaki,Kaski,Female,09 Year,4292,51,4167,0,0,0,0,0,0,0,2,72,0.05,0.0,0.06,0.0,0.05,0.0,0.01,0.0
district,Gandaki,Kaski,Female,10 Year,4522,17,4458,0,0,0,0,0,0,0,1,46,0.02,0.0,0.02,0.0,0.02,0.0,0.0,0.0
district,Gandaki,Kaski,Female,11 Year,4103,18,2849,1197,0,0,0,0,0,1,0,38,0.0,0.0,0.04,0.0,0.0,0.0,0.04,0.0
district,Gandaki,Kaski,Female,12 Year,4795,11,1469,3281,0,0,0,0,0,0,3,31,0.06,0.0,0.06,0.0,0.06,0.0,0.0,0.0
district,Gandaki,Kaski,Female,13 Year,4647,2,503,4103,0,0,0,0,0,0,1,38,0.02,0.0,0.06,0.0,0.02,0.0,0.04,0.0
district,Gandaki,Kaski,Female,14 Year,4810,7,216,3221,1329,0,0,0,0,0,0,37,0.0,27.63,0.07,0.0,0.0,0.0,0.07,0.0
district,Gandaki,Kaski,Female,15 Year,5113,8,109,1681,2597,665,0,0,0,1,0,52,0.0,63.8,0.05,10.53,0.0,13.01,0.05,-2.48
district,Gandaki,Kaski,Female,16 - 19 Years,22737,20,504,1788,4712,8552,6652,362,0,12,8,127,0.04,89.19,0.04,63.37,0.04,68.46,0.0,-5.09
district,Gandaki,Kaski,Female,20 - 24 Years,31303,15,1034,2521,3545,3186,15978,4358,444,22,28,172,0.09,87.89,0.05,75.62,0.09,76.56,-0.04,-0.94
district,Gandaki,Kaski,Female,25 - 29 Years,29418,15,1959,3762,4908,3156,9306,4522,1492,19,52,227,0.18,79.49,0.14,63.96,0.18,62.81,-0.04,1.15
district,Gandaki,Kaski,Female,30 - 34 Years,26391,13,2931,4635,4390,2813,6378,3217,1662,9,90,253,0.34,69.95,0.23,57.64,0.34,53.31,-0.11,4.33
district,Gandaki,Kaski,Female,35 - 39 Years,23845,20,3803,5068,5221,2799,3472,1773,1154,10,180,345,0.75,60.47,0.32,47.73,0.75,38.57,-0.43,9.16
district,Gandaki,Kaski,Female,40 - 44 Years,19219,19,3670,4591,4660,2272,1958,854,543,17,234,401,1.22,53.53,0.41,42.01,1.22,29.28,-0.81,12.73
district,Gandaki,Kaski,Female,45 - 49 Years,13345,25,3535,2803,2974,1424,1104,449,292,15,333,391,2.5,46.78,0.57,40.73,2.5,24.5,-1.93,16.23
district,Gandaki,Kaski,Female,50 - 54 Years,10277,41,3335,1979,1796,975,635,314,153,24,489,536,4.76,37.69,0.67,38.21,4.76,20.21,-4.09,18.0
district,Gandaki,Kaski,Female,55 - 59 Years,6001,49,2275,841,808,366,244,113,73,25,562,645,9.37,26.73,1.18,31.54,9.37,13.26,-8.19,18.28
district,Gandaki,Kaski,Female,60 - 64 Years,4154,40,1750,457,337,180,115,47,33,29,576,590,13.87,17.14,1.7,27.44,13.87,9.03,-12.17,18.41
district,Gandaki,Kaski,Female,65 - 69 Years,2549,37,955,249,175,116,78,49,24,25,396,445,15.54,17.34,2.2,25.79,15.54,10.47,-13.34,15.32
district,Gandaki,Kaski,Female,70 - 74 Years,1386,9,529,122,83,40,32,14,6,8,255,288,18.4,12.63,4.07,22.55,18.4,6.64,-14.33,15.91
district,Gandaki,Kaski,Female,75+ Years,1137,8,327,84,64,30,30,13,10,12,213,346,18.73,12.93,11.15,14.57,18.73,7.3,-7.58,7.27
district,Gandaki,Lamjung,Total,Total,114207,3654,31465,23891,17666,10915,15160,4282,1938,66,3077,2093,2.69,43.75,1.58,28.53,3.9,28.01,-2.32,0.52
district,Gandaki,Lamjung,Total,05 Year,2184,2143,0,0,0,0,0,0,0,1,5,35,0.23,0.0,0.44,0.0,0.0,0.0,0.44,0.0
district,Gandaki,Lamjung,Total,06 Year,2301,935,1337,0,0,0,0,0,0,0,4,25,0.17,0.0,0.16,0.0,0.18,0.0,-0.02,0.0
district,Gandaki,Lamjung,Total,07 Year,2192,298,1870,0,0,0,0,0,0,0,2,22,0.09,0.0,0.0,0.0,0.19,0.0,-0.19,0.0
district,Gandaki,Lamjung,Total,08 Year,2391,79,2289,0,0,0,0,0,0,0,1,22,0.04,0.0,0.0,0.0,0.09,0.0,-0.09,0.0
district,Gandaki,Lamjung,Total,09 Year,2358,16,2321,0,0,0,0,0,0,0,2,19,0.08,0.0,0.08,0.0,0.09,0.0,-0.01,0.0
district,Gandaki,Lamjung,Total,10 Year,2553,10,2528,0,0,0,0,0,0,0,0,15,0.0,0.0,0.0,0.0,0.0,0.0,0.0,0.0
district,Gandaki,Lamjung,Total,11 Year,2344,8,1566,753,0,0,0,0,0,0,0,17,0.0,0.0,0.0,0.0,0.0,0.0,0.0,0.0
district,Gandaki,Lamjung,Total,12 Year,2789,6,961,1811,0,0,0,0,0,0,0,11,0.0,0.0,0.0,0.0,0.0,0.0,0.0,0.0
district,Gandaki,Lamjung,Total,13 Year,2820,1,395,2411,0,0,0,0,0,0,0,13,0.0,0.0,0.0,0.0,0.0,0.0,0.0,0.0
district,Gandaki,Lamjung,Total,14 Year,2909,5,190,1880,824,0,0,0,0,0,1,9,0.03,28.33,0.07,0.0,0.0,0.0,0.07,0.0
district,Gandaki,Lamjung,Total,15 Year,2960,6,112,1146,1427,247,0,0,0,0,1,21,0.03,56.55,0.07,6.18,0.0,10.59,0.07,-4.41
district,Gandaki,Lamjung,Total,16 - 19 Years,10606,16,528,1588,2776,3196,2333,118,0,0,10,41,0.09,79.42,0.07,51.52,0.12,55.06,-0.05,-3.54
district,Gandaki,Lamjung,Total,20 - 24 Years,12712,10,887,1744,1845,1737,4926,1304,171,4,26,58,0.2,78.53,0.2,63.37,0.21,64.59,-0.01,-1.22
district,Gandaki,Lamjung,Total,25 - 29 Years,11652,6,1381,2105,2070,1456,3092,1012,406,1,42,81,0.36,68.97,0.17,52.52,0.51,50.12,-0.34,2.4
district,Gandaki,Lamjung,Total,30 - 34 Years,10005,9,1780,2350,1705,1004,1845,716,406,4,97,89,0.97,56.73,0.45,43.38,1.39,36.71,-0.94,6.67
district,Gandaki,Lamjung,Total,35 - 39 Years,9152,6,2085,2233,1905,930,1027,361,313,2,172,118,1.88,49.56,0.9,33.95,2.73,24.27,-1.83,9.68
district,Gandaki,Lamjung,Total,40 - 44 Years,7175,9,1938,1613,1446,684,634,228,210,5,233,175,3.25,44.63,1.17,28.69,5.25,20.42,-4.08,8.27
district,Gandaki,Lamjung,Total,45 - 49 Years,5947,10,1857,1320,1077,444,434,167,158,3,301,176,5.06,38.34,2.12,25.18,8.39,14.62,-6.27,10.56
district,Gandaki,Lamjung,Total,50 - 54 Years,6082,20,1957,1148,1048,443,408,185,151,8,467,247,7.68,36.75,2.48,25.32,15.38,10.93,-12.9,14.39
district,Gandaki,Lamjung,Total,55 - 59 Years,4382,10,1636,686,677,304,207,74,61,7,459,261,10.47,30.19,4.05,19.05,23.56,5.96,-19.51,13.09
district,Gandaki,Lamjung,Total,60 - 64 Years,3391,18,1467,455,402,192,118,49,28,10,418,234,12.33,23.27,5.25,14.94,30.4,2.41,-25.15,12.53
district,Gandaki,Lamjung,Total,65 - 69 Years,2376,16,1084,325,227,132,69,33,17,11,310,152,13.05,20.12,5.61,13.63,33.65,2.06,-28.04,11.57
district,Gandaki,Lamjung,Total,70 - 74 Years,1497,7,639,179,138,85,42,23,10,1,257,116,17.17,19.91,9.79,12.7,43.07,3.61,-33.28,9.09
district,Gandaki,Lamjung,Total,75+ Years,1429,10,657,144,99,61,25,12,7,9,269,136,18.82,14.28,15.88,7.48,34.51,6.64,-18.63,0.84
district,Gandaki,Lamjung,Male,Total,59371,1926,16620,12338,9762,6249,7419,2042,1227,25,941,822,1.58,44.97,1.58,28.53,3.9,28.01,-2.32,0.52
district,Gandaki,Lamjung,Male,05 Year,1141,1117,0,0,0,0,0,0,0,1,5,18,0.44,0.0,0.44,0.0,0.0,0.0,0.44,0.0
district,Gandaki,Lamjung,Male,06 Year,1215,526,678,0,0,0,0,0,0,0,2,9,0.16,0.0,0.16,0.0,0.18,0.0,-0.02,0.0
district,Gandaki,Lamjung,Male,07 Year,1134,154,967,0,0,0,0,0,0,0,0,13,0.0,0.0,0.0,0.0,0.19,0.0,-0.19,0.0
district,Gandaki,Lamjung,Male,08 Year,1261,53,1192,0,0,0,0,0,0,0,0,16,0.0,0.0,0.0,0.0,0.09,0.0,-0.09,0.0
district,Gandaki,Lamjung,Male,09 Year,1205,8,1187,0,0,0,0,0,0,0,1,9,0.08,0.0,0.08,0.0,0.09,0.0,-0.01,0.0
district,Gandaki,Lamjung,Male,10 Year,1317,3,1306,0,0,0,0,0,0,0,0,8,0.0,0.0,0.0,0.0,0.0,0.0,0.0,0.0
district,Gandaki,Lamjung,Male,11 Year,1189,2,830,347,0,0,0,0,0,0,0,10,0.0,0.0,0.0,0.0,0.0,0.0,0.0,0.0
district,Gandaki,Lamjung,Male,12 Year,1366,3,504,852,0,0,0,0,0,0,0,7,0.0,0.0,0.0,0.0,0.0,0.0,0.0,0.0
district,Gandaki,Lamjung,Male,13 Year,1388,1,236,1146,0,0,0,0,0,0,0,5,0.0,0.0,0.0,0.0,0.0,0.0,0.0,0.0
district,Gandaki,Lamjung,Male,14 Year,1490,2,115,972,394,0,0,0,0,0,1,6,0.07,26.44,0.07,0.0,0.0,0.0,0.07,0.0
district,Gandaki,Lamjung,Male,15 Year,1506,3,66,637,693,93,0,0,0,0,1,13,0.07,52.19,0.07,6.18,0.0,10.59,0.07,-4.41
district,Gandaki,Lamjung,Male,16 - 19 Years,5452,6,300,879,1437,1618,1152,39,0,0,4,17,0.07,77.88,0.07,51.52,0.12,55.06,-0.05,-3.54
district,Gandaki,Lamjung,Male,20 - 24 Years,5979,4,462,807,873,925,2283,508,73,3,12,29,0.2,77.97,0.2,63.37,0.21,64.59,-0.01,-1.22
district,Gandaki,Lamjung,Male,25 - 29 Years,5228,4,598,882,955,806,1332,412,196,1,9,33,0.17,70.79,0.17,52.52,0.51,50.12,-0.34,2.4
district,Gandaki,Lamjung,Male,30 - 34 Years,4470,4,714,951,814,560,851,306,222,3,20,25,0.45,61.59,0.45,43.38,1.39,36.71,-0.94,6.67
district,Gandaki,Lamjung,Male,35 - 39 Years,4236,2,787,991,946,565,498,177,198,1,38,33,0.9,56.28,0.9,33.95,2.73,24.27,-1.83,9.68
district,Gandaki,Lamjung,Male,40 - 44 Years,3517,1,780,815,818,395,323,136,155,2,41,51,1.17,51.95,1.17,28.69,5.25,20.42,-4.08,8.27
district,Gandaki,Lamjung,Male,45 - 49 Years,3157,4,782,755,710,277,254,131,133,1,67,43,2.12,47.67,2.12,25.18,8.39,14.62,-6.27,10.56
district,Gandaki,Lamjung,Male,50 - 54 Years,3630,5,1017,776,752,316,311,155,137,0,90,71,2.48,46.03,2.48,25.32,15.38,10.93,-12.9,14.39
district,Gandaki,Lamjung,Male,55 - 59 Years,2939,1,1055,552,561,252,182,70,56,1,119,90,4.05,38.14,4.05,19.05,23.56,5.96,-19.51,13.09
district,Gandaki,Lamjung,Male,60 - 64 Years,2437,4,1091,390,371,181,111,45,27,1,128,88,5.25,30.16,5.25,14.94,30.4,2.41,-25.15,12.53
district,Gandaki,Lamjung,Male,65 - 69 Years,1746,9,825,288,213,126,63,33,16,6,98,69,5.61,25.83,5.61,13.63,33.65,2.06,-28.04,11.57
district,Gandaki,Lamjung,Male,70 - 74 Years,1165,4,536,167,133,79,40,21,8,1,114,62,9.79,24.12,9.79,12.7,43.07,3.61,-33.28,9.09
district,Gandaki,Lamjung,Male,75+ Years,1203,6,592,131,92,56,19,9,6,4,191,97,15.88,15.13,15.88,7.48,34.51,6.64,-18.63,0.84
district,Gandaki,Lamjung,Female,Total,54836,1728,14845,11553,7904,4666,7741,2240,711,41,2136,1271,3.9,42.42,1.58,28.53,3.9,28.01,-2.32,0.52
district,Gandaki,Lamjung,Female,05 Year,1043,1026,0,0,0,0,0,0,0,0,0,17,0.0,0.0,0.44,0.0,0.0,0.0,0.44,0.0
district,Gandaki,Lamjung,Female,06 Year,1086,409,659,0,0,0,0,0,0,0,2,16,0.18,0.0,0.16,0.0,0.18,0.0,-0.02,0.0
district,Gandaki,Lamjung,Female,07 Year,1058,144,903,0,0,0,0,0,0,0,2,9,0.19,0.0,0.0,0.0,0.19,0.0,-0.19,0.0
district,Gandaki,Lamjung,Female,08 Year,1130,26,1097,0,0,0,0,0,0,0,1,6,0.09,0.0,0.0,0.0,0.09,0.0,-0.09,0.0
district,Gandaki,Lamjung,Female,09 Year,1153,8,1134,0,0,0,0,0,0,0,1,10,0.09,0.0,0.08,0.0,0.09,0.0,-0.01,0.0
district,Gandaki,Lamjung,Female,10 Year,1236,7,1222,0,0,0,0,0,0,0,0,7,0.0,0.0,0.0,0.0,0.0,0.0,0.0,0.0
district,Gandaki,Lamjung,Female,11 Year,1155,6,736,406,0,0,0,0,0,0,0,7,0.0,0.0,0.0,0.0,0.0,0.0,0.0,0.0
district,Gandaki,Lamjung,Female,12 Year,1423,3,457,959,0,0,0,0,0,0,0,4,0.0,0.0,0.0,0.0,0.0,0.0,0.0,0.0
district,Gandaki,Lamjung,Female,13 Year,1432,0,159,1265,0,0,0,0,0,0,0,8,0.0,0.0,0.0,0.0,0.0,0.0,0.0,0.0
district,Gandaki,Lamjung,Female,14 Year,1419,3,75,908,430,0,0,0,0,0,0,3,0.0,30.3,0.07,0.0,0.0,0.0,0.07,0.0
district,Gandaki,Lamjung,Female,15 Year,1454,3,46,509,734,154,0,0,0,0,0,8,0.0,61.07,0.07,6.18,0.0,10.59,0.07,-4.41
district,Gandaki,Lamjung,Female,16 - 19 Years,5154,10,228,709,1339,1578,1181,79,0,0,6,24,0.12,81.04,0.07,51.52,0.12,55.06,-0.05,-3.54
district,Gandaki,Lamjung,Female,20 - 24 Years,6733,6,425,937,972,812,2643,796,98,1,14,29,0.21,79.03,0.2,63.37,0.21,64.59,-0.01,-1.22
district,Gandaki,Lamjung,Female,25 - 29 Years,6424,2,783,1223,1115,650,1760,600,210,0,33,48,0.51,67.48,0.17,52.52,0.51,50.12,-0.34,2.4
district,Gandaki,Lamjung,Female,30 - 34 Years,5535,5,1066,1399,891,444,994,410,184,1,77,64,1.39,52.81,0.45,43.38,1.39,36.71,-0.94,6.67
district,Gandaki,Lamjung,Female,35 - 39 Years,4916,4,1298,1242,959,365,529,184,115,1,134,85,2.73,43.78,0.9,33.95,2.73,24.27,-1.83,9.68
district,Gandaki,Lamjung,Female,40 - 44 Years,3658,8,1158,798,628,289,311,92,55,3,192,124,5.25,37.59,1.17,28.69,5.25,20.42,-4.08,8.27
district,Gandaki,Lamjung,Female,45 - 49 Years,2790,6,1075,565,367,167,180,36,25,2,234,133,8.39,27.78,2.12,25.18,8.39,14.62,-6.27,10.56
district,Gandaki,Lamjung,Female,50 - 54 Years,2452,15,940,372,296,127,97,30,14,8,377,176,15.38,23.0,2.48,25.32,15.38,10.93,-12.9,14.39
district,Gandaki,Lamjung,Female,55 - 59 Years,1443,9,581,134,116,52,25,4,5,6,340,171,23.56,14.0,4.05,19.05,23.56,5.96,-19.51,13.09
district,Gandaki,Lamjung,Female,60 - 64 Years,954,14,376,65,31,11,7,4,1,9,290,146,30.4,5.66,5.25,14.94,30.4,2.41,-25.15,12.53
district,Gandaki,Lamjung,Female,65 - 69 Years,630,7,259,37,14,6,6,0,1,5,212,83,33.65,4.29,5.61,13.63,33.65,2.06,-28.04,11.57
district,Gandaki,Lamjung,Female,70 - 74 Years,332,3,103,12,5,6,2,2,2,0,143,54,43.07,5.12,9.79,12.7,43.07,3.61,-33.28,9.09
district,Gandaki,Lamjung,Female,75+ Years,226,4,65,13,7,5,6,3,1,5,78,39,34.51,9.73,15.88,7.48,34.51,6.64,-18.63,0.84
district,Gandaki,Tanahu,Total,Total,245279,8142,68128,54376,38468,25873,29783,8047,3630,346,4389,4097,1.79,43.13,1.12,27.5,2.47,27.4,-1.35,0.1
district,Gandaki,Tanahu,Total,05 Year,4844,4663,0,0,0,0,0,0,0,0,0,181,0.0,0.0,0.0,0.0,0.0,0.0,0.0,0.0
district,Gandaki,Tanahu,Total,06 Year,5226,2201,2947,0,0,0,0,0,0,1,0,77,0.0,0.0,0.0,0.0,0.0,0.0,0.0,0.0
district,Gandaki,Tanahu,Total,07 Year,5141,698,4396,0,0,0,0,0,0,0,1,46,0.02,0.0,0.04,0.0,0.0,0.0,0.04,0.0
district,Gandaki,Tanahu,Total,08 Year,5455,168,5243,0,0,0,0,0,0,0,3,41,0.05,0.0,0.03,0.0,0.08,0.0,-0.05,0.0
district,Gandaki,Tanahu,Total,09 Year,5387,58,5292,0,0,0,0,0,0,0,1,36,0.02,0.0,0.0,0.0,0.04,0.0,-0.04,0.0
district,Gandaki,Tanahu,Total,10 Year,5638,17,5582,0,0,0,0,0,0,0,0,39,0.0,0.0,0.0,0.0,0.0,0.0,0.0,0.0
district,Gandaki,Tanahu,Total,11 Year,5374,8,3487,1850,0,0,0,0,0,0,1,28,0.02,0.0,0.04,0.0,0.0,0.0,0.04,0.0
district,Gandaki,Tanahu,Total,12 Year,5836,8,1905,3892,0,0,0,0,0,0,1,30,0.02,0.0,0.0,0.0,0.04,0.0,-0.04,0.0
district,Gandaki,Tanahu,Total,13 Year,5904,12,798,5067,0,0,0,0,0,0,0,27,0.0,0.0,0.0,0.0,0.0,0.0,0.0,0.0
district,Gandaki,Tanahu,Total,14 Year,5964,3,369,3934,1633,0,0,0,0,0,2,23,0.03,27.38,0.0,0.0,0.07,0.0,-0.07,0.0
district,Gandaki,Tanahu,Total,15 Year,6355,10,281,2351,3024,653,0,0,0,0,3,33,0.05,57.86,0.0,8.21,0.09,12.31,-0.09,-4.1
district,Gandaki,Tanahu,Total,16 - 19 Years,24884,21,1163,3771,5924,8216,5407,267,0,7,14,94,0.06,79.63,0.07,53.21,0.04,58.46,0.03,-5.25
district,Gandaki,Tanahu,Total,20 - 24 Years,28121,16,1957,4541,4585,4067,10055,2429,307,14,29,121,0.1,76.25,0.11,60.14,0.1,59.79,0.01,0.35
district,Gandaki,Tanahu,Total,25 - 29 Years,25731,20,3087,5398,5189,3233,5779,1956,826,9,60,174,0.23,66.0,0.17,47.24,0.28,44.82,-0.11,2.42
district,Gandaki,Tanahu,Total,30 - 34 Years,22504,9,4058,5814,3965,2604,3598,1315,837,12,137,155,0.61,54.74,0.4,41.33,0.76,33.97,-0.36,7.36
district,Gandaki,Tanahu,Total,35 - 39 Years,19865,9,4655,5487,4220,1959,1797,709,583,20,227,199,1.14,46.65,0.66,30.66,1.52,21.3,-0.86,9.36
district,Gandaki,Tanahu,Total,40 - 44 Years,16339,19,4606,4398,3230,1631,1027,403,371,20,332,302,2.03,40.77,0.73,26.49,3.19,16.12,-2.46,10.37
district,Gandaki,Tanahu,Total,45 - 49 Years,12867,36,3927,2805,2719,1174,763,311,262,44,453,373,3.52,40.64,0.83,24.35,6.5,14.16,-5.67,10.19
district,Gandaki,Tanahu,Total,50 - 54 Years,11193,36,4006,2076,1807,998,646,279,202,57,669,417,5.98,35.13,1.84,24.39,12.24,10.8,-10.4,13.59
district,Gandaki,Tanahu,Total,55 - 59 Years,7614,27,3268,1132,936,566,341,129,113,41,647,414,8.5,27.38,2.96,19.14,20.41,6.37,-17.45,12.77
district,Gandaki,Tanahu,Total,60 - 64 Years,6093,44,2940,829,537,366,184,112,50,37,596,398,9.78,20.5,4.31,15.27,22.88,3.12,-18.57,12.15
district,Gandaki,Tanahu,Total,65 - 69 Years,4182,18,2056,515,338,209,100,65,43,20,473,345,11.31,18.05,5.57,12.15,28.68,3.37,-23.11,8.78
district,Gandaki,Tanahu,Total,70 - 74 Years,2528,16,1206,309,218,112,50,39,19,22,313,224,12.38,17.33,8.48,10.57,27.73,1.37,-19.25,9.2
district,Gandaki,Tanahu,Total,75+ Years,2234,25,899,207,143,85,36,33,17,42,427,320,19.11,14.06,17.52,8.11,26.52,5.56,-9.0,2.55
district,Gandaki,Tanahu,Male,Total,123655,4380,35572,26914,19655,14184,13965,3701,2160,119,1384,1621,1.12,43.4,1.12,27.5,2.47,27.4,-1.35,0.1
district,Gandaki,Tanahu,Male,05 Year,2543,2449,0,0,0,0,0,0,0,0,0,94,0.0,0.0,0.0,0.0,0.0,0.0,0.0,0.0
district,Gandaki,Tanahu,Male,06 Year,2749,1239,1467,0,0,0,0,0,0,0,0,43,0.0,0.0,0.0,0.0,0.0,0.0,0.0,0.0
district,Gandaki,Tanahu,Male,07 Year,2754,429,2298,0,0,0,0,0,0,0,1,26,0.04,0.0,0.04,0.0,0.0,0.0,0.04,0.0
district,Gandaki,Tanahu,Male,08 Year,2895,92,2783,0,0,0,0,0,0,0,1,19,0.03,0.0,0.03,0.0,0.08,0.0,-0.05,0.0
district,Gandaki,Tanahu,Male,09 Year,2827,36,2771,0,0,0,0,0,0,0,0,20,0.0,0.0,0.0,0.0,0.04,0.0,-0.04,0.0
district,Gandaki,Tanahu,Male,10 Year,2860,7,2834,0,0,0,0,0,0,0,0,19,0.0,0.0,0.0,0.0,0.0,0.0,0.0,0.0
district,Gandaki,Tanahu,Male,11 Year,2790,6,1904,861,0,0,0,0,0,0,1,18,0.04,0.0,0.04,0.0,0.0,0.0,0.04,0.0
district,Gandaki,Tanahu,Male,12 Year,3088,2,1128,1941,0,0,0,0,0,0,0,17,0.0,0.0,0.0,0.0,0.04,0.0,-0.04,0.0
district,Gandaki,Tanahu,Male,13 Year,2935,5,466,2448,0,0,0,0,0,0,0,16,0.0,0.0,0.0,0.0,0.0,0.0,0.0,0.0
district,Gandaki,Tanahu,Male,14 Year,3048,2,215,2095,718,0,0,0,0,0,0,18,0.0,23.56,0.0,0.0,0.07,0.0,-0.07,0.0
district,Gandaki,Tanahu,Male,15 Year,3154,6,156,1253,1464,259,0,0,0,0,0,16,0.0,54.63,0.0,8.21,0.09,12.31,-0.09,-4.1
district,Gandaki,Tanahu,Male,16 - 19 Years,12510,13,700,2038,3044,4035,2543,78,0,1,9,49,0.07,77.54,0.07,53.21,0.04,58.46,0.03,-5.25
district,Gandaki,Tanahu,Male,20 - 24 Years,12674,7,969,2088,1912,2201,4477,830,114,4,14,58,0.11,75.22,0.11,60.14,0.1,59.79,0.01,0.35
district,Gandaki,Tanahu,Male,25 - 29 Years,10772,13,1315,2148,2107,1587,2364,794,344,3,18,79,0.17,66.8,0.17,47.24,0.28,44.82,-0.11,2.42
district,Gandaki,Tanahu,Male,30 - 34 Years,9644,4,1583,2261,1711,1428,1554,567,437,4,39,56,0.4,59.07,0.4,41.33,0.76,33.97,-0.36,7.36
district,Gandaki,Tanahu,Male,35 - 39 Years,8725,3,1768,2193,1973,1061,881,363,370,12,58,43,0.66,53.27,0.66,30.66,1.52,21.3,-0.86,9.36
district,Gandaki,Tanahu,Male,40 - 44 Years,7698,4,1760,2035,1719,932,565,268,274,4,56,81,0.73,48.82,0.73,26.49,3.19,16.12,-2.46,10.37
district,Gandaki,Tanahu,Male,45 - 49 Years,6757,6,1622,1584,1747,739,470,225,211,7,56,90,0.83,50.2,0.83,24.35,6.5,14.16,-5.67,10.19
district,Gandaki,Tanahu,Male,50 - 54 Years,6740,10,2054,1433,1354,753,477,231,183,16,124,105,1.84,44.48,1.84,24.39,12.24,10.8,-10.4,13.59
district,Gandaki,Tanahu,Male,55 - 59 Years,5198,7,2195,904,798,487,291,112,105,11,154,134,2.96,34.49,2.96,19.14,20.41,6.37,-17.45,12.77
district,Gandaki,Tanahu,Male,60 - 64 Years,4297,11,2108,710,475,331,169,109,47,9,185,143,4.31,26.32,4.31,15.27,22.88,3.12,-18.57,12.15
district,Gandaki,Tanahu,Male,65 - 69 Years,3143,12,1659,449,304,188,93,61,40,9,175,153,5.57,21.83,5.57,12.15,28.68,3.37,-23.11,8.78
district,Gandaki,Tanahu,Male,70 - 74 Years,2016,5,1022,281,203,109,48,37,19,7,171,114,8.48,20.63,8.48,10.57,27.73,1.37,-19.25,9.2
district,Gandaki,Tanahu,Male,75+ Years,1838,12,795,192,126,74,33,26,16,32,322,210,17.52,14.96,17.52,8.11,26.52,5.56,-9.0,2.55
district,Gandaki,Tanahu,Female,Total,121624,3762,32556,27462,18813,11689,15818,4346,1470,227,3005,2476,2.47,42.87,1.12,27.5,2.47,27.4,-1.35,0.1
district,Gandaki,Tanahu,Female,05 Year,2301,2214,0,0,0,0,0,0,0,0,0,87,0.0,0.0,0.0,0.0,0.0,0.0,0.0,0.0
district,Gandaki,Tanahu,Female,06 Year,2477,962,1480,0,0,0,0,0,0,1,0,34,0.0,0.0,0.0,0.0,0.0,0.0,0.0,0.0
district,Gandaki,Tanahu,Female,07 Year,2387,269,2098,0,0,0,0,0,0,0,0,20,0.0,0.0,0.04,0.0,0.0,0.0,0.04,0.0
district,Gandaki,Tanahu,Female,08 Year,2560,76,2460,0,0,0,0,0,0,0,2,22,0.08,0.0,0.03,0.0,0.08,0.0,-0.05,0.0
district,Gandaki,Tanahu,Female,09 Year,2560,22,2521,0,0,0,0,0,0,0,1,16,0.04,0.0,0.0,0.0,0.04,0.0,-0.04,0.0
district,Gandaki,Tanahu,Female,10 Year,2778,10,2748,0,0,0,0,0,0,0,0,20,0.0,0.0,0.0,0.0,0.0,0.0,0.0,0.0
district,Gandaki,Tanahu,Female,11 Year,2584,2,1583,989,0,0,0,0,0,0,0,10,0.0,0.0,0.04,0.0,0.0,0.0,0.04,0.0
district,Gandaki,Tanahu,Female,12 Year,2748,6,777,1951,0,0,0,0,0,0,1,13,0.04,0.0,0.0,0.0,0.04,0.0,-0.04,0.0
district,Gandaki,Tanahu,Female,13 Year,2969,7,332,2619,0,0,0,0,0,0,0,11,0.0,0.0,0.0,0.0,0.0,0.0,0.0,0.0
district,Gandaki,Tanahu,Female,14 Year,2916,1,154,1839,915,0,0,0,0,0,2,5,0.07,31.38,0.0,0.0,0.07,0.0,-0.07,0.0
district,Gandaki,Tanahu,Female,15 Year,3201,4,125,1098,1560,394,0,0,0,0,3,17,0.09,61.04,0.0,8.21,0.09,12.31,-0.09,-4.1
district,Gandaki,Tanahu,Female,16 - 19 Years,12374,8,463,1733,2880,4181,2864,189,0,6,5,45,0.04,81.74,0.07,53.21,0.04,58.46,0.03,-5.25
district,Gandaki,Tanahu,Female,20 - 24 Years,15447,9,988,2453,2673,1866,5578,1599,193,10,15,63,0.1,77.1,0.11,60.14,0.1,59.79,0.01,0.35
district,Gandaki,Tanahu,Female,25 - 29 Years,14959,7,1772,3250,3082,1646,3415,1162,482,6,42,95,0.28,65.43,0.17,47.24,0.28,44.82,-0.11,2.42
district,Gandaki,Tanahu,Female,30 - 34 Years,12860,5,2475,3553,2254,1176,2044,748,400,8,98,99,0.76,51.49,0.4,41.33,0.76,33.97,-0.36,7.36
district,Gandaki,Tanahu,Female,35 - 39 Years,11140,6,2887,3294,2247,898,916,346,213,8,169,156,1.52,41.47,0.66,30.66,1.52,21.3,-0.86,9.36
district,Gandaki,Tanahu,Female,40 - 44 Years,8641,15,2846,2363,1511,699,462,135,97,16,276,221,3.19,33.61,0.73,26.49,3.19,16.12,-2.46,10.37
district,Gandaki,Tanahu,Female,45 - 49 Years,6110,30,2305,1221,972,435,293,86,51,37,397,283,6.5,30.07,0.83,24.35,6.5,14.16,-5.67,10.19
district,Gandaki,Tanahu,Female,50 - 54 Years,4453,26,1952,643,453,245,169,48,19,41,545,312,12.24,20.97,1.84,24.39,12.24,10.8,-10.4,13.59
district,Gandaki,Tanahu,Female,55 - 59 Years,2416,20,1073,228,138,79,50,17,8,30,493,280,20.41,12.09,2.96,19.14,20.41,6.37,-17.45,12.77
district,Gandaki,Tanahu,Female,60 - 64 Years,1796,33,832,119,62,35,15,3,3,28,411,255,22.88,6.57,4.31,15.27,22.88,3.12,-18.57,12.15
district,Gandaki,Tanahu,Female,65 - 69 Years,1039,6,397,66,34,21,7,4,3,11,298,192,28.68,6.64,5.57,12.15,28.68,3.37,-23.11,8.78
district,Gandaki,Tanahu,Female,70 - 74 Years,512,11,184,28,15,3,2,2,0,15,142,110,27.73,4.3,8.48,10.57,27.73,1.37,-19.25,9.2
district,Gandaki,Tanahu,Female,75+ Years,396,13,104,15,17,11,3,7,1,10,105,110,26.52,9.85,17.52,8.11,26.52,5.56,-9.0,2.55
district,Gandaki,Nawalparasi (Bardaghat Susta East),Total,Total,289118,12054,79399,59978,44416,29393,39318,10433,4515,225,5725,3662,1.98,44.3,1.1,28.37,2.86,29.51,-1.76,-1.14
district,Gandaki,Nawalparasi (Bardaghat Susta East),Total,05 Year,6166,5982,0,0,0,0,0,0,0,0,7,177,0.11,0.0,0.09,0.0,0.14,0.0,-0.05,0.0
district,Gandaki,Nawalparasi (Bardaghat Susta East),Total,06 Year,6505,3652,2779,0,0,0,0,0,0,0,7,67,0.11,0.0,0.09,0.0,0.13,0.0,-0.04,0.0
district,Gandaki,Nawalparasi (Bardaghat Susta East),Total,07 Year,6397,1406,4948,0,0,0,0,0,0,0,3,40,0.05,0.0,0.06,0.0,0.03,0.0,0.03,0.0
district,Gandaki,Nawalparasi (Bardaghat Susta East),Total,08 Year,6805,382,6372,0,0,0,0,0,0,0,3,48,0.04,0.0,0.06,0.0,0.03,0.0,0.03,0.0
district,Gandaki,Nawalparasi (Bardaghat Susta East),Total,09 Year,6476,97,6328,0,0,0,0,0,0,0,0,51,0.0,0.0,0.0,0.0,0.0,0.0,0.0,0.0
district,Gandaki,Nawalparasi (Bardaghat Susta East),Total,10 Year,6882,36,6814,0,0,0,0,0,0,0,1,31,0.01,0.0,0.0,0.0,0.03,0.0,-0.03,0.0
district,Gandaki,Nawalparasi (Bardaghat Susta East),Total,11 Year,6075,12,4599,1438,0,0,0,0,0,0,0,26,0.0,0.0,0.0,0.0,0.0,0.0,0.0,0.0
district,Gandaki,Nawalparasi (Bardaghat Susta East),Total,12 Year,6987,6,2905,4059,0,0,0,0,0,0,1,16,0.01,0.0,0.03,0.0,0.0,0.0,0.03,0.0
district,Gandaki,Nawalparasi (Bardaghat Susta East),Total,13 Year,6644,17,1143,5452,0,0,0,0,0,0,1,31,0.02,0.0,0.03,0.0,0.0,0.0,0.03,0.0
district,Gandaki,Nawalparasi (Bardaghat Susta East),Total,14 Year,7170,18,561,5099,1474,0,0,0,0,0,0,18,0.0,20.56,0.0,0.0,0.0,0.0,0.0,0.0
district,Gandaki,Nawalparasi (Bardaghat Susta East),Total,15 Year,7294,18,335,3138,3065,696,0,0,0,0,4,38,0.05,51.56,0.03,8.54,0.09,10.66,-0.06,-2.12
district,Gandaki,Nawalparasi (Bardaghat Susta East),Total,16 - 19 Years,29474,18,1472,4793,7335,9474,6054,236,0,1,10,81,0.03,78.37,0.03,50.75,0.04,56.18,-0.01,-5.43
district,Gandaki,Nawalparasi (Bardaghat Susta East),Total,20 - 24 Years,34603,18,2474,5711,5201,4280,14005,2487,276,8,34,109,0.1,75.86,0.1,60.68,0.1,60.94,0.0,-0.26
district,Gandaki,Nawalparasi (Bardaghat Susta East),Total,25 - 29 Years,31458,29,3752,6105,6523,3540,7431,2809,1038,11,77,143,0.24,67.84,0.15,48.18,0.31,46.36,-0.16,1.82
district,Gandaki,Nawalparasi (Bardaghat Susta East),Total,30 - 34 Years,27971,27,5231,5807,5067,3052,5142,2050,1144,5,263,183,0.94,58.83,0.25,43.21,1.45,38.88,-1.2,4.33
district,Gandaki,Nawalparasi (Bardaghat Susta East),Total,35 - 39 Years,24469,31,5958,5651,4792,2602,2700,1087,832,21,520,275,2.13,49.09,0.53,33.65,3.43,26.13,-2.9,7.52
district,Gandaki,Nawalparasi (Bardaghat Susta East),Total,40 - 44 Years,19881,40,5693,4516,4026,2058,1482,575,468,15,709,299,3.57,43.3,0.92,27.6,6.12,18.67,-5.2,8.93
district,Gandaki,Nawalparasi (Bardaghat Susta East),Total,45 - 49 Years,14037,53,4313,2888,2761,1396,946,397,273,18,707,285,5.04,41.13,1.43,25.87,9.56,15.92,-8.13,9.95
district,Gandaki,Nawalparasi (Bardaghat Susta East),Total,50 - 54 Years,12301,54,4359,2271,1934,1028,763,374,224,36,880,378,7.15,35.14,2.66,24.08,14.1,12.22,-11.44,11.86
district,Gandaki,Nawalparasi (Bardaghat Susta East),Total,55 - 59 Years,7601,43,3128,1189,998,542,348,161,102,33,723,334,9.51,28.3,3.5,19.79,21.42,6.0,-17.92,13.79
district,Gandaki,Nawalparasi (Bardaghat Susta East),Total,60 - 64 Years,5585,41,2516,767,558,360,208,108,72,22,615,318,11.01,23.38,5.01,17.43,24.58,4.26,-19.57,13.17
district,Gandaki,Nawalparasi (Bardaghat Susta East),Total,65 - 69 Years,3966,29,1834,574,366,208,135,74,54,19,437,236,11.02,21.1,6.03,14.9,24.58,3.66,-18.55,11.24
district,Gandaki,Nawalparasi (Bardaghat Susta East),Total,70 - 74 Years,2293,23,1064,294,179,100,50,54,17,16,314,182,13.69,17.44,10.04,11.53,27.44,2.49,-17.4,9.04
district,Gandaki,Nawalparasi (Bardaghat Susta East),Total,75+ Years,2078,22,821,226,137,57,54,21,15,20,409,296,19.68,13.67,19.04,7.54,22.68,4.92,-3.64,2.62
district,Gandaki,Nawalparasi (Bardaghat Susta East),Male,Total,144765,6492,41947,30465,21772,15174,18231,4944,2714,65,1594,1367,1.1,43.4,1.1,28.37,2.86,29.51,-1.76,-1.14
district,Gandaki,Nawalparasi (Bardaghat Susta East),Male,05 Year,3260,3150,0,0,0,0,0,0,0,0,3,107,0.09,0.0,0.09,0.0,0.14,0.0,-0.05,0.0
district,Gandaki,Nawalparasi (Bardaghat Susta East),Male,06 Year,3501,2036,1433,0,0,0,0,0,0,0,3,29,0.09,0.0,0.09,0.0,0.13,0.0,-0.04,0.0
district,Gandaki,Nawalparasi (Bardaghat Susta East),Male,07 Year,3412,832,2551,0,0,0,0,0,0,0,2,27,0.06,0.0,0.06,0.0,0.03,0.0,0.03,0.0
district,Gandaki,Nawalparasi (Bardaghat Susta East),Male,08 Year,3585,208,3356,0,0,0,0,0,0,0,2,19,0.06,0.0,0.06,0.0,0.03,0.0,0.03,0.0
district,Gandaki,Nawalparasi (Bardaghat Susta East),Male,09 Year,3485,53,3402,0,0,0,0,0,0,0,0,30,0.0,0.0,0.0,0.0,0.0,0.0,0.0,0.0
district,Gandaki,Nawalparasi (Bardaghat Susta East),Male,10 Year,3623,23,3583,0,0,0,0,0,0,0,0,17,0.0,0.0,0.0,0.0,0.03,0.0,-0.03,0.0
district,Gandaki,Nawalparasi (Bardaghat Susta East),Male,11 Year,3143,6,2476,645,0,0,0,0,0,0,0,16,0.0,0.0,0.0,0.0,0.0,0.0,0.0,0.0
district,Gandaki,Nawalparasi (Bardaghat Susta East),Male,12 Year,3687,1,1609,2070,0,0,0,0,0,0,1,6,0.03,0.0,0.03,0.0,0.0,0.0,0.03,0.0
district,Gandaki,Nawalparasi (Bardaghat Susta East),Male,13 Year,3386,8,650,2714,0,0,0,0,0,0,1,13,0.03,0.0,0.03,0.0,0.0,0.0,0.03,0.0
district,Gandaki,Nawalparasi (Bardaghat Susta East),Male,14 Year,3730,10,323,2711,674,0,0,0,0,0,0,12,0.0,18.07,0.0,0.0,0.0,0.0,0.0,0.0
district,Gandaki,Nawalparasi (Bardaghat Susta East),Male,15 Year,3842,7,195,1753,1537,328,0,0,0,0,1,21,0.03,48.54,0.03,8.54,0.09,10.66,-0.06,-2.12
district,Gandaki,Nawalparasi (Bardaghat Susta East),Male,16 - 19 Years,14636,7,836,2576,3741,4619,2735,74,0,0,4,44,0.03,76.31,0.03,50.75,0.04,56.18,-0.01,-5.43
district,Gandaki,Nawalparasi (Bardaghat Susta East),Male,20 - 24 Years,15413,7,1243,2619,2131,2097,6190,959,107,1,15,44,0.1,74.51,0.1,60.68,0.1,60.94,0.0,-0.26
district,Gandaki,Nawalparasi (Bardaghat Susta East),Male,25 - 29 Years,12793,17,1535,2479,2523,1548,3019,1125,472,4,19,52,0.15,67.9,0.15,48.18,0.31,46.36,-0.16,1.82
district,Gandaki,Nawalparasi (Bardaghat Susta East),Male,30 - 34 Years,11866,6,2090,2469,2090,1438,2189,899,601,1,30,53,0.25,60.82,0.25,43.21,1.45,38.88,-1.2,4.33
district,Gandaki,Nawalparasi (Bardaghat Susta East),Male,35 - 39 Years,11005,8,2448,2574,2141,1324,1327,535,517,9,58,64,0.53,53.1,0.53,33.65,3.43,26.13,-2.9,7.52
district,Gandaki,Nawalparasi (Bardaghat Susta East),Male,40 - 44 Years,9766,8,2568,2286,2057,1133,864,350,348,3,90,59,0.92,48.66,0.92,27.6,6.12,18.67,-5.2,8.93
district,Gandaki,Nawalparasi (Bardaghat Susta East),Male,45 - 49 Years,7813,17,2226,1693,1668,876,625,290,230,3,112,73,1.43,47.22,1.43,25.87,9.56,15.92,-8.13,9.95
district,Gandaki,Nawalparasi (Bardaghat Susta East),Male,50 - 54 Years,7471,22,2554,1459,1327,721,562,320,196,5,199,106,2.66,41.84,2.66,24.08,14.1,12.22,-11.44,11.86
district,Gandaki,Nawalparasi (Bardaghat Susta East),Male,55 - 59 Years,5052,11,2077,882,809,443,314,150,93,5,177,91,3.5,35.81,3.5,19.79,21.42,6.0,-17.92,13.79
district,Gandaki,Nawalparasi (Bardaghat Susta East),Male,60 - 64 Years,3872,20,1788,607,482,317,187,103,68,5,194,101,5.01,29.88,5.01,17.43,24.58,4.26,-19.57,13.17
district,Gandaki,Nawalparasi (Bardaghat Susta East),Male,65 - 69 Years,2900,10,1396,473,316,186,125,68,53,6,175,92,6.03,25.79,6.03,14.9,24.58,3.66,-18.55,11.24
district,Gandaki,Nawalparasi (Bardaghat Susta East),Male,70 - 74 Years,1812,12,893,256,159,94,47,52,16,9,182,92,10.04,20.31,10.04,11.53,27.44,2.49,-17.4,9.04
district,Gandaki,Nawalparasi (Bardaghat Susta East),Male,75+ Years,1712,13,715,199,117,50,47,19,13,14,326,199,19.04,14.37,19.04,7.54,22.68,4.92,-3.64,2.62
district,Gandaki,Nawalparasi (Bardaghat Susta East),Female,Total,144353,5562,37452,29513,22644,14219,21087,5489,1801,160,4131,2295,2.86,45.19,1.1,28.37,2.86,29.51,-1.76,-1.14
district,Gandaki,Nawalparasi (Bardaghat Susta East),Female,05 Year,2906,2832,0,0,0,0,0,0,0,0,4,70,0.14,0.0,0.09,0.0,0.14,0.0,-0.05,0.0
district,Gandaki,Nawalparasi (Bardaghat Susta East),Female,06 Year,3004,1616,1346,0,0,0,0,0,0,0,4,38,0.13,0.0,0.09,0.0,0.13,0.0,-0.04,0.0
district,Gandaki,Nawalparasi (Bardaghat Susta East),Female,07 Year,2985,574,2397,0,0,0,0,0,0,0,1,13,0.03,0.0,0.06,0.0,0.03,0.0,0.03,0.0
district,Gandaki,Nawalparasi (Bardaghat Susta East),Female,08 Year,3220,174,3016,0,0,0,0,0,0,0,1,29,0.03,0.0,0.06,0.0,0.03,0.0,0.03,0.0
district,Gandaki,Nawalparasi (Bardaghat Susta East),Female,09 Year,2991,44,2926,0,0,0,0,0,0,0,0,21,0.0,0.0,0.0,0.0,0.0,0.0,0.0,0.0
district,Gandaki,Nawalparasi (Bardaghat Susta East),Female,10 Year,3259,13,3231,0,0,0,0,0,0,0,1,14,0.03,0.0,0.0,0.0,0.03,0.0,-0.03,0.0
district,Gandaki,Nawalparasi (Bardaghat Susta East),Female,11 Year,2932,6,2123,793,0,0,0,0,0,0,0,10,0.0,0.0,0.0,0.0,0.0,0.0,0.0,0.0
district,Gandaki,Nawalparasi (Bardaghat Susta East),Female,12 Year,3300,5,1296,1989,0,0,0,0,0,0,0,10,0.0,0.0,0.03,0.0,0.0,0.0,0.03,0.0
district,Gandaki,Nawalparasi (Bardaghat Susta East),Female,13 Year,3258,9,493,2738,0,0,0,0,0,0,0,18,0.0,0.0,0.03,0.0,0.0,0.0,0.03,0.0
district,Gandaki,Nawalparasi (Bardaghat Susta East),Female,14 Year,3440,8,238,2388,800,0,0,0,0,0,0,6,0.0,23.26,0.0,0.0,0.0,0.0,0.0,0.0
district,Gandaki,Nawalparasi (Bardaghat Susta East),Female,15 Year,3452,11,140,1385,1528,368,0,0,0,0,3,17,0.09,54.92,0.03,8.54,0.09,10.66,-0.06,-2.12
district,Gandaki,Nawalparasi (Bardaghat Susta East),Female,16 - 19 Years,14838,11,636,2217,3594,4855,3319,162,0,1,6,37,0.04,80.4,0.03,50.75,0.04,56.18,-0.01,-5.43
district,Gandaki,Nawalparasi (Bardaghat Susta East),Female,20 - 24 Years,19190,11,1231,3092,3070,2183,7815,1528,169,7,19,65,0.1,76.94,0.1,60.68,0.1,60.94,0.0,-0.26
district,Gandaki,Nawalparasi (Bardaghat Susta East),Female,25 - 29 Years,18665,12,2217,3626,4000,1992,4412,1684,566,7,58,91,0.31,67.8,0.15,48.18,0.31,46.36,-0.16,1.82
district,Gandaki,Nawalparasi (Bardaghat Susta East),Female,30 - 34 Years,16105,21,3141,3338,2977,1614,2953,1151,543,4,233,130,1.45,57.36,0.25,43.21,1.45,38.88,-1.2,4.33
district,Gandaki,Nawalparasi (Bardaghat Susta East),Female,35 - 39 Years,13464,23,3510,3077,2651,1278,1373,552,315,12,462,211,3.43,45.82,0.53,33.65,3.43,26.13,-2.9,7.52
district,Gandaki,Nawalparasi (Bardaghat Susta East),Female,40 - 44 Years,10115,32,3125,2230,1969,925,618,225,120,12,619,240,6.12,38.13,0.92,27.6,6.12,18.67,-5.2,8.93
district,Gandaki,Nawalparasi (Bardaghat Susta East),Female,45 - 49 Years,6224,36,2087,1195,1093,520,321,107,43,15,595,212,9.56,33.48,1.43,25.87,9.56,15.92,-8.13,9.95
district,Gandaki,Nawalparasi (Bardaghat Susta East),Female,50 - 54 Years,4830,32,1805,812,607,307,201,54,28,31,681,272,14.1,24.78,2.66,24.08,14.1,12.22,-11.44,11.86
district,Gandaki,Nawalparasi (Bardaghat Susta East),Female,55 - 59 Years,2549,32,1051,307,189,99,34,11,9,28,546,243,21.42,13.42,3.5,19.79,21.42,6.0,-17.92,13.79
district,Gandaki,Nawalparasi (Bardaghat Susta East),Female,60 - 64 Years,1713,21,728,160,76,43,21,5,4,17,421,217,24.58,8.7,5.01,17.43,24.58,4.26,-19.57,13.17
district,Gandaki,Nawalparasi (Bardaghat Susta East),Female,65 - 69 Years,1066,19,438,101,50,22,10,6,1,13,262,144,24.58,8.35,6.03,14.9,24.58,3.66,-18.55,11.24
district,Gandaki,Nawalparasi (Bardaghat Susta East),Female,70 - 74 Years,481,11,171,38,20,6,3,2,1,7,132,90,27.44,6.65,10.04,11.53,27.44,2.49,-17.4,9.04
district,Gandaki,Nawalparasi (Bardaghat Susta East),Female,75+ Years,366,9,106,27,20,7,7,2,2,6,83,97,22.68,10.38,19.04,7.54,22.68,4.92,-3.64,2.62
district,Gandaki,Syangja,Total,Total,193607,5876,48209,38576,35979,20015,27395,7243,3453,156,3937,2768,2.03,48.6,1.38,30.13,2.69,29.89,-1.31,0.24
district,Gandaki,Syangja,Total,05 Year,3746,3644,0,0,0,0,0,0,0,0,7,95,0.19,0.0,0.2,0.0,0.17,0.0,0.03,0.0
district,Gandaki,Syangja,Total,06 Year,3941,1389,2512,0,0,0,0,0,0,0,2,38,0.05,0.0,0.05,0.0,0.05,0.0,0.0,0.0
district,Gandaki,Syangja,Total,07 Year,3830,428,3376,0,0,0,0,0,0,0,5,21,0.13,0.0,0.05,0.0,0.22,0.0,-0.17,0.0
district,Gandaki,Syangja,Total,08 Year,3912,87,3794,0,0,0,0,0,0,0,2,29,0.05,0.0,0.0,0.0,0.11,0.0,-0.11,0.0
district,Gandaki,Syangja,Total,09 Year,3923,28,3859,0,0,0,0,0,0,0,1,35,0.03,0.0,0.0,0.0,0.05,0.0,-0.05,0.0
district,Gandaki,Syangja,Total,10 Year,4082,12,4044,0,0,0,0,0,0,0,0,26,0.0,0.0,0.0,0.0,0.0,0.0,0.0,0.0
district,Gandaki,Syangja,Total,11 Year,3879,2,2090,1758,0,0,0,0,0,0,1,28,0.03,0.0,0.05,0.0,0.0,0.0,0.05,0.0
district,Gandaki,Syangja,Total,12 Year,4108,8,903,3183,0,0,0,0,0,0,1,13,0.02,0.0,0.05,0.0,0.0,0.0,0.05,0.0
district,Gandaki,Syangja,Total,13 Year,4293,3,381,3890,0,0,0,0,0,0,0,19,0.0,0.0,0.0,0.0,0.0,0.0,0.0,0.0
district,Gandaki,Syangja,Total,14 Year,4524,3,202,2574,1726,0,0,0,0,1,1,17,0.02,38.15,0.04,0.0,0.0,0.0,0.04,0.0
district,Gandaki,Syangja,Total,15 Year,4723,8,125,1267,2515,781,0,0,0,1,4,22,0.08,69.79,0.04,13.71,0.13,19.37,-0.09,-5.66
district,Gandaki,Syangja,Total,16 - 19 Years,18704,10,517,1649,4226,7113,4912,204,0,1,14,58,0.07,87.98,0.08,62.04,0.07,68.69,0.01,-6.65
district,Gandaki,Syangja,Total,20 - 24 Years,21072,8,852,2109,3884,2941,9055,1832,257,7,42,85,0.2,85.27,0.13,67.28,0.26,66.48,-0.13,0.8
district,Gandaki,Syangja,Total,25 - 29 Years,19134,16,1223,2787,4621,2391,5470,1793,686,8,50,89,0.26,78.19,0.28,55.55,0.25,52.98,0.03,2.57
district,Gandaki,Syangja,Total,30 - 34 Years,16616,10,1844,3441,3738,1776,3443,1344,832,2,81,105,0.49,67.0,0.41,49.1,0.55,41.04,-0.14,8.06
district,Gandaki,Syangja,Total,35 - 39 Years,14918,14,2528,3894,4012,1302,1566,770,584,4,126,118,0.84,55.2,0.48,34.05,1.12,23.9,-0.64,10.15
district,Gandaki,Syangja,Total,40 - 44 Years,13272,15,3145,3616,3611,955,875,326,351,7,214,157,1.61,46.1,0.57,24.57,2.41,14.54,-1.84,10.03
district,Gandaki,Syangja,Total,45 - 49 Years,11356,26,3201,2656,2877,874,624,243,280,11,344,220,3.03,43.13,0.84,24.66,4.98,11.68,-4.14,12.98
district,Gandaki,Syangja,Total,50 - 54 Years,10570,26,3636,2062,1997,814,665,318,230,15,529,278,5.0,38.07,1.32,27.31,9.51,9.23,-8.19,18.08
district,Gandaki,Syangja,Total,55 - 59 Years,7388,32,2928,1343,1177,388,351,148,95,21,605,300,8.19,29.22,2.47,18.44,18.17,4.31,-15.7,14.13
district,Gandaki,Syangja,Total,60 - 64 Years,6027,31,2734,976,706,293,198,113,66,24,578,308,9.59,22.83,4.25,15.04,21.49,2.36,-17.24,12.68
district,Gandaki,Syangja,Total,65 - 69 Years,4408,36,2014,696,499,217,129,72,36,11,468,230,10.62,21.62,5.63,13.43,24.68,1.47,-19.05,11.96
district,Gandaki,Syangja,Total,70 - 74 Years,2667,17,1264,373,241,95,58,58,23,12,352,174,13.2,17.81,9.06,10.45,28.37,2.63,-19.31,7.82
district,Gandaki,Syangja,Total,75+ Years,2514,23,1037,302,149,75,49,22,13,31,510,303,20.29,12.25,19.24,6.79,25.67,3.91,-6.43,2.88
district,Gandaki,Syangja,Male,Total,97002,3155,24396,19419,18299,10679,12871,3494,2182,64,1337,1106,1.38,48.99,1.38,30.13,2.69,29.89,-1.31,0.24
district,Gandaki,Syangja,Male,05 Year,2014,1961,0,0,0,0,0,0,0,0,4,49,0.2,0.0,0.2,0.0,0.17,0.0,0.03,0.0
district,Gandaki,Syangja,Male,06 Year,2071,789,1259,0,0,0,0,0,0,0,1,22,0.05,0.0,0.05,0.0,0.05,0.0,0.0,0.0
district,Gandaki,Syangja,Male,07 Year,2044,249,1780,0,0,0,0,0,0,0,1,14,0.05,0.0,0.05,0.0,0.22,0.0,-0.17,0.0
district,Gandaki,Syangja,Male,08 Year,2115,49,2051,0,0,0,0,0,0,0,0,15,0.0,0.0,0.0,0.0,0.11,0.0,-0.11,0.0
district,Gandaki,Syangja,Male,09 Year,2069,14,2035,0,0,0,0,0,0,0,0,20,0.0,0.0,0.0,0.0,0.05,0.0,-0.05,0.0
district,Gandaki,Syangja,Male,10 Year,2153,6,2133,0,0,0,0,0,0,0,0,14,0.0,0.0,0.0,0.0,0.0,0.0,0.0,0.0
district,Gandaki,Syangja,Male,11 Year,1948,1,1074,857,0,0,0,0,0,0,1,15,0.05,0.0,0.05,0.0,0.0,0.0,0.05,0.0
district,Gandaki,Syangja,Male,12 Year,2115,3,508,1598,0,0,0,0,0,0,1,5,0.05,0.0,0.05,0.0,0.0,0.0,0.05,0.0
district,Gandaki,Syangja,Male,13 Year,2165,0,201,1961,0,0,0,0,0,0,0,3,0.0,0.0,0.0,0.0,0.0,0.0,0.0,0.0
district,Gandaki,Syangja,Male,14 Year,2350,1,120,1404,816,0,0,0,0,1,1,7,0.04,34.72,0.04,0.0,0.0,0.0,0.04,0.0
district,Gandaki,Syangja,Male,15 Year,2364,3,71,723,1230,324,0,0,0,1,1,11,0.04,65.74,0.04,13.71,0.13,19.37,-0.09,-5.66
district,Gandaki,Syangja,Male,16 - 19 Years,9316,3,312,959,2223,3453,2244,83,0,0,7,32,0.08,85.91,0.08,62.04,0.07,68.69,0.01,-6.65
district,Gandaki,Syangja,Male,20 - 24 Years,9511,1,439,999,1613,1536,4069,696,98,4,12,44,0.13,84.24,0.13,67.28,0.26,66.48,-0.13,0.8
district,Gandaki,Syangja,Male,25 - 29 Years,7925,9,520,1171,1766,1124,2229,721,328,2,22,33,0.28,77.83,0.28,55.55,0.25,52.98,0.03,2.57
district,Gandaki,Syangja,Male,30 - 34 Years,7138,4,720,1302,1545,939,1523,586,457,2,29,31,0.41,70.75,0.41,49.1,0.55,41.04,-0.14,8.06
district,Gandaki,Syangja,Male,35 - 39 Years,6469,7,878,1529,1771,701,774,369,359,3,31,47,0.48,61.43,0.48,34.05,1.12,23.9,-0.64,10.15
district,Gandaki,Syangja,Male,40 - 44 Years,5755,3,986,1477,1793,505,448,195,266,2,33,47,0.57,55.73,0.57,24.57,2.41,14.54,-1.84,10.03
district,Gandaki,Syangja,Male,45 - 49 Years,5353,4,1009,1221,1695,511,391,182,236,1,45,58,0.84,56.32,0.84,24.66,4.98,11.68,-4.14,12.98
district,Gandaki,Syangja,Male,50 - 54 Years,5815,6,1444,1226,1411,616,491,269,212,2,77,61,1.32,51.57,1.32,27.31,9.51,9.23,-8.19,18.08
district,Gandaki,Syangja,Male,55 - 59 Years,4697,5,1650,987,1005,333,302,140,91,1,116,67,2.47,39.83,2.47,18.44,18.17,4.31,-15.7,14.13
district,Gandaki,Syangja,Male,60 - 64 Years,4161,8,1823,797,627,272,180,108,66,4,177,99,4.25,30.11,4.25,15.04,21.49,2.36,-17.24,12.68
district,Gandaki,Syangja,Male,65 - 69 Years,3253,7,1465,599,457,207,124,70,36,4,183,101,5.63,27.48,5.63,13.43,24.68,1.47,-19.05,11.96
district,Gandaki,Syangja,Male,70 - 74 Years,2096,7,1037,332,219,91,54,53,21,9,190,83,9.06,20.9,9.06,10.45,28.37,2.63,-19.31,7.82
district,Gandaki,Syangja,Male,75+ Years,2105,15,881,277,128,67,42,22,12,28,405,228,19.24,12.87,19.24,6.79,25.67,3.91,-6.43,2.88
district,Gandaki,Syangja,Female,Total,96605,2721,23813,19157,17680,9336,14524,3749,1271,92,2600,1662,2.69,48.2,1.38,30.13,2.69,29.89,-1.31,0.24
district,Gandaki,Syangja,Female,05 Year,1732,1683,0,0,0,0,0,0,0,0,3,46,0.17,0.0,0.2,0.0,0.17,0.0,0.03,0.0
district,Gandaki,Syangja,Female,06 Year,1870,600,1253,0,0,0,0,0,0,0,1,16,0.05,0.0,0.05,0.0,0.05,0.0,0.0,0.0
district,Gandaki,Syangja,Female,07 Year,1786,179,1596,0,0,0,0,0,0,0,4,7,0.22,0.0,0.05,0.0,0.22,0.0,-0.17,0.0
district,Gandaki,Syangja,Female,08 Year,1797,38,1743,0,0,0,0,0,0,0,2,14,0.11,0.0,0.0,0.0,0.11,0.0,-0.11,0.0
district,Gandaki,Syangja,Female,09 Year,1854,14,1824,0,0,0,0,0,0,0,1,15,0.05,0.0,0.0,0.0,0.05,0.0,-0.05,0.0
district,Gandaki,Syangja,Female,10 Year,1929,6,1911,0,0,0,0,0,0,0,0,12,0.0,0.0,0.0,0.0,0.0,0.0,0.0,0.0
district,Gandaki,Syangja,Female,11 Year,1931,1,1016,901,0,0,0,0,0,0,0,13,0.0,0.0,0.05,0.0,0.0,0.0,0.05,0.0
district,Gandaki,Syangja,Female,12 Year,1993,5,395,1585,0,0,0,0,0,0,0,8,0.0,0.0,0.05,0.0,0.0,0.0,0.05,0.0
district,Gandaki,Syangja,Female,13 Year,2128,3,180,1929,0,0,0,0,0,0,0,16,0.0,0.0,0.0,0.0,0.0,0.0,0.0,0.0
district,Gandaki,Syangja,Female,14 Year,2174,2,82,1170,910,0,0,0,0,0,0,10,0.0,41.86,0.04,0.0,0.0,0.0,0.04,0.0
district,Gandaki,Syangja,Female,15 Year,2359,5,54,544,1285,457,0,0,0,0,3,11,0.13,73.84,0.04,13.71,0.13,19.37,-0.09,-5.66
district,Gandaki,Syangja,Female,16 - 19 Years,9388,7,205,690,2003,3660,2668,121,0,1,7,26,0.07,90.03,0.08,62.04,0.07,68.69,0.01,-6.65
district,Gandaki,Syangja,Female,20 - 24 Years,11561,7,413,1110,2271,1405,4986,1136,159,3,30,41,0.26,86.13,0.13,67.28,0.26,66.48,-0.13,0.8
district,Gandaki,Syangja,Female,25 - 29 Years,11209,7,703,1616,2855,1267,3241,1072,358,6,28,56,0.25,78.45,0.28,55.55,0.25,52.98,0.03,2.57
district,Gandaki,Syangja,Female,30 - 34 Years,9478,6,1124,2139,2193,837,1920,758,375,0,52,74,0.55,64.18,0.41,49.1,0.55,41.04,-0.14,8.06
district,Gandaki,Syangja,Female,35 - 39 Years,8449,7,1650,2365,2241,601,792,401,225,1,95,71,1.12,50.42,0.48,34.05,1.12,23.9,-0.64,10.15
district,Gandaki,Syangja,Female,40 - 44 Years,7517,12,2159,2139,1818,450,427,131,85,5,181,110,2.41,38.73,0.57,24.57,2.41,14.54,-1.84,10.03
district,Gandaki,Syangja,Female,45 - 49 Years,6003,22,2192,1435,1182,363,233,61,44,10,299,162,4.98,31.37,0.84,24.66,4.98,11.68,-4.14,12.98
district,Gandaki,Syangja,Female,50 - 54 Years,4755,20,2192,836,586,198,174,49,18,13,452,217,9.51,21.56,1.32,27.31,9.51,9.23,-8.19,18.08
district,Gandaki,Syangja,Female,55 - 59 Years,2691,27,1278,356,172,55,49,8,4,20,489,233,18.17,10.7,2.47,18.44,18.17,4.31,-15.7,14.13
district,Gandaki,Syangja,Female,60 - 64 Years,1866,23,911,179,79,21,18,5,0,20,401,209,21.49,6.59,4.25,15.04,21.49,2.36,-17.24,12.68
district,Gandaki,Syangja,Female,65 - 69 Years,1155,29,549,97,42,10,5,2,0,7,285,129,24.68,5.11,5.63,13.43,24.68,1.47,-19.05,11.96
district,Gandaki,Syangja,Female,70 - 74 Years,571,10,227,41,22,4,4,5,2,3,162,91,28.37,6.48,9.06,10.45,28.37,2.63,-19.31,7.82
district,Gandaki,Syangja,Female,75+ Years,409,8,156,25,21,8,7,0,1,3,105,75,25.67,9.05,19.24,6.79,25.67,3.91,-6.43,2.88
district,Gandaki,Parbat,Total,Total,97810,3396,24210,18310,16465,12914,14127,3567,1616,198,1572,1435,1.61,49.78,1.1,33.32,2.14,32.55,-1.04,0.77
district,Gandaki,Parbat,Total,05 Year,2082,1999,0,0,0,0,0,0,0,0,4,79,0.19,0.0,0.09,0.0,0.31,0.0,-0.22,0.0
district,Gandaki,Parbat,Total,06 Year,2206,877,1302,0,0,0,0,0,0,1,0,26,0.0,0.0,0.0,0.0,0.0,0.0,0.0,0.0
district,Gandaki,Parbat,Total,07 Year,2149,314,1817,0,0,0,0,0,0,1,0,17,0.0,0.0,0.0,0.0,0.0,0.0,0.0,0.0
district,Gandaki,Parbat,Total,08 Year,2309,99,2192,0,0,0,0,0,0,0,2,16,0.09,0.0,0.08,0.0,0.09,0.0,-0.01,0.0
district,Gandaki,Parbat,Total,09 Year,2197,23,2161,0,0,0,0,0,0,0,0,13,0.0,0.0,0.0,0.0,0.0,0.0,0.0,0.0
district,Gandaki,Parbat,Total,10 Year,2361,8,2341,0,0,0,0,0,0,0,0,12,0.0,0.0,0.0,0.0,0.0,0.0,0.0,0.0
district,Gandaki,Parbat,Total,11 Year,2126,4,1343,768,0,0,0,0,0,0,0,11,0.0,0.0,0.0,0.0,0.0,0.0,0.0,0.0
district,Gandaki,Parbat,Total,12 Year,2426,1,739,1675,0,0,0,0,0,0,0,11,0.0,0.0,0.0,0.0,0.0,0.0,0.0,0.0
district,Gandaki,Parbat,Total,13 Year,2446,6,298,2134,0,0,0,0,0,0,0,8,0.0,0.0,0.0,0.0,0.0,0.0,0.0,0.0
district,Gandaki,Parbat,Total,14 Year,2457,0,145,1422,883,0,0,0,0,1,1,5,0.04,35.94,0.0,0.0,0.08,0.0,-0.08,0.0
district,Gandaki,Parbat,Total,15 Year,2486,5,79,783,1226,382,0,0,0,0,1,10,0.04,64.68,0.08,12.78,0.0,18.08,0.08,-5.3
district,Gandaki,Parbat,Total,16 - 19 Years,9620,6,329,1028,2170,3432,2541,85,0,1,5,23,0.05,85.53,0.04,60.22,0.06,65.75,-0.02,-5.53
district,Gandaki,Parbat,Total,20 - 24 Years,10908,3,507,1157,1856,1723,4737,796,79,4,10,36,0.09,84.26,0.12,67.02,0.07,67.44,0.05,-0.42
district,Gandaki,Parbat,Total,25 - 29 Years,9855,3,803,1357,2076,1632,2615,973,327,2,16,51,0.16,77.35,0.12,57.2,0.19,55.61,-0.07,1.59
district,Gandaki,Parbat,Total,30 - 34 Years,8473,3,978,1547,1705,1360,1712,702,389,2,35,40,0.41,69.26,0.11,52.9,0.66,46.13,-0.55,6.77
district,Gandaki,Parbat,Total,35 - 39 Years,7275,5,1215,1512,1838,1179,809,306,272,9,62,68,0.85,60.54,0.61,40.42,1.06,30.98,-0.45,9.44
district,Gandaki,Parbat,Total,40 - 44 Years,6413,7,1324,1439,1600,999,503,186,180,9,87,79,1.36,54.08,0.47,36.29,2.11,23.0,-1.64,13.29
district,Gandaki,Parbat,Total,45 - 49 Years,5169,1,1303,1020,1167,807,369,131,135,15,135,86,2.61,50.47,0.62,38.07,4.63,17.62,-4.01,20.45
district,Gandaki,Parbat,Total,50 - 54 Years,4816,5,1387,919,777,624,405,159,121,24,233,162,4.84,43.31,1.59,37.07,9.72,12.32,-8.13,24.75
district,Gandaki,Parbat,Total,55 - 59 Years,3328,8,1204,518,502,342,184,81,56,31,227,175,6.82,35.01,1.41,27.75,17.24,4.84,-15.83,22.91
district,Gandaki,Parbat,Total,60 - 64 Years,2581,3,1036,415,323,192,112,63,29,33,223,152,8.64,27.86,3.78,20.21,20.4,3.58,-16.62,16.63
district,Gandaki,Parbat,Total,65 - 69 Years,1836,3,747,338,185,110,83,55,13,27,170,105,9.26,24.29,5.06,17.21,23.79,3.88,-18.73,13.33
district,Gandaki,Parbat,Total,70 - 74 Years,1197,4,536,173,100,78,32,20,9,13,135,97,11.28,19.97,8.12,13.71,25.94,1.89,-17.82,11.82
district,Gandaki,Parbat,Total,75+ Years,1094,9,424,105,57,54,25,10,6,25,226,153,20.66,13.89,19.76,9.13,25.77,6.13,-6.01,3.0
district,Gandaki,Parbat,Male,Total,50125,1850,12603,9239,8547,6960,6706,1906,1132,48,552,582,1.1,50.38,1.1,33.32,2.14,32.55,-1.04,0.77
district,Gandaki,Parbat,Male,05 Year,1108,1059,0,0,0,0,0,0,0,0,1,48,0.09,0.0,0.09,0.0,0.31,0.0,-0.22,0.0
district,Gandaki,Parbat,Male,06 Year,1176,501,661,0,0,0,0,0,0,1,0,13,0.0,0.0,0.0,0.0,0.0,0.0,0.0,0.0
district,Gandaki,Parbat,Male,07 Year,1181,179,991,0,0,0,0,0,0,0,0,11,0.0,0.0,0.0,0.0,0.0,0.0,0.0,0.0
district,Gandaki,Parbat,Male,08 Year,1179,67,1104,0,0,0,0,0,0,0,1,7,0.08,0.0,0.08,0.0,0.09,0.0,-0.01,0.0
district,Gandaki,Parbat,Male,09 Year,1182,10,1165,0,0,0,0,0,0,0,0,7,0.0,0.0,0.0,0.0,0.0,0.0,0.0,0.0
district,Gandaki,Parbat,Male,10 Year,1272,2,1262,0,0,0,0,0,0,0,0,8,0.0,0.0,0.0,0.0,0.0,0.0,0.0,0.0
district,Gandaki,Parbat,Male,11 Year,1120,2,745,365,0,0,0,0,0,0,0,8,0.0,0.0,0.0,0.0,0.0,0.0,0.0,0.0
district,Gandaki,Parbat,Male,12 Year,1236,1,417,812,0,0,0,0,0,0,0,6,0.0,0.0,0.0,0.0,0.0,0.0,0.0,0.0
district,Gandaki,Parbat,Male,13 Year,1284,3,186,1092,0,0,0,0,0,0,0,3,0.0,0.0,0.0,0.0,0.0,0.0,0.0,0.0
district,Gandaki,Parbat,Male,14 Year,1246,0,80,754,410,0,0,0,0,1,0,1,0.0,32.91,0.0,0.0,0.08,0.0,-0.08,0.0
district,Gandaki,Parbat,Male,15 Year,1275,3,48,439,617,163,0,0,0,0,1,4,0.08,61.18,0.08,12.78,0.0,18.08,0.08,-5.3
district,Gandaki,Parbat,Male,16 - 19 Years,4834,1,196,560,1153,1689,1188,34,0,1,2,10,0.04,84.07,0.04,60.22,0.06,65.75,-0.02,-5.53
district,Gandaki,Parbat,Male,20 - 24 Years,4966,0,262,517,831,875,2082,329,42,3,6,19,0.12,83.75,0.12,67.02,0.07,67.44,0.05,-0.42
district,Gandaki,Parbat,Male,25 - 29 Years,4201,2,343,558,871,750,1055,441,157,1,5,18,0.12,77.93,0.12,57.2,0.19,55.61,-0.07,1.59
district,Gandaki,Parbat,Male,30 - 34 Years,3756,1,388,616,749,651,757,339,240,1,4,10,0.11,72.84,0.11,52.9,0.66,46.13,-0.55,6.77
district,Gandaki,Parbat,Male,35 - 39 Years,3305,1,470,623,832,601,371,166,198,2,20,21,0.61,65.6,0.61,40.42,1.06,30.98,-0.45,9.44
district,Gandaki,Parbat,Male,40 - 44 Years,2957,3,442,599,803,531,275,118,149,1,14,22,0.47,63.44,0.47,36.29,2.11,23.0,-1.64,13.29
district,Gandaki,Parbat,Male,45 - 49 Years,2598,0,435,466,670,515,254,103,117,0,16,22,0.62,63.86,0.62,38.07,4.63,17.62,-4.01,20.45
district,Gandaki,Parbat,Male,50 - 54 Years,2892,0,619,549,571,481,322,152,117,0,46,35,1.59,56.81,1.59,37.07,9.72,12.32,-8.13,24.75
district,Gandaki,Parbat,Male,55 - 59 Years,2191,2,687,383,433,302,173,78,55,2,31,45,1.41,47.51,1.41,27.75,17.24,4.84,-15.83,22.91
district,Gandaki,Parbat,Male,60 - 64 Years,1826,3,690,344,293,176,101,63,29,4,69,54,3.78,36.25,3.78,20.21,20.4,3.58,-16.62,16.63
district,Gandaki,Parbat,Male,65 - 69 Years,1424,2,577,302,169,100,78,54,13,8,72,49,5.06,29.07,5.06,17.21,23.79,3.88,-18.73,13.33
district,Gandaki,Parbat,Male,70 - 74 Years,985,4,453,162,94,77,30,19,9,5,80,52,8.12,23.25,8.12,13.71,25.94,1.89,-17.82,11.82
district,Gandaki,Parbat,Male,75+ Years,931,4,382,98,51,49,20,10,6,18,184,109,19.76,14.61,19.76,9.13,25.77,6.13,-6.01,3.0
district,Gandaki,Parbat,Female,Total,47685,1546,11607,9071,7918,5954,7421,1661,484,150,1020,853,2.14,49.15,1.1,33.32,2.14,32.55,-1.04,0.77
district,Gandaki,Parbat,Female,05 Year,974,940,0,0,0,0,0,0,0,0,3,31,0.31,0.0,0.09,0.0,0.31,0.0,-0.22,0.0
district,Gandaki,Parbat,Female,06 Year,1030,376,641,0,0,0,0,0,0,0,0,13,0.0,0.0,0.0,0.0,0.0,0.0,0.0,0.0
district,Gandaki,Parbat,Female,07 Year,968,135,826,0,0,0,0,0,0,1,0,6,0.0,0.0,0.0,0.0,0.0,0.0,0.0,0.0
district,Gandaki,Parbat,Female,08 Year,1130,32,1088,0,0,0,0,0,0,0,1,9,0.09,0.0,0.08,0.0,0.09,0.0,-0.01,0.0
district,Gandaki,Parbat,Female,09 Year,1015,13,996,0,0,0,0,0,0,0,0,6,0.0,0.0,0.0,0.0,0.0,0.0,0.0,0.0
district,Gandaki,Parbat,Female,10 Year,1089,6,1079,0,0,0,0,0,0,0,0,4,0.0,0.0,0.0,0.0,0.0,0.0,0.0,0.0
district,Gandaki,Parbat,Female,11 Year,1006,2,598,403,0,0,0,0,0,0,0,3,0.0,0.0,0.0,0.0,0.0,0.0,0.0,0.0
district,Gandaki,Parbat,Female,12 Year,1190,0,322,863,0,0,0,0,0,0,0,5,0.0,0.0,0.0,0.0,0.0,0.0,0.0,0.0
district,Gandaki,Parbat,Female,13 Year,1162,3,112,1042,0,0,0,0,0,0,0,5,0.0,0.0,0.0,0.0,0.0,0.0,0.0,0.0
district,Gandaki,Parbat,Female,14 Year,1211,0,65,668,473,0,0,0,0,0,1,4,0.08,39.06,0.0,0.0,0.08,0.0,-0.08,0.0
district,Gandaki,Parbat,Female,15 Year,1211,2,31,344,609,219,0,0,0,0,0,6,0.0,68.37,0.08,12.78,0.0,18.08,0.08,-5.3
district,Gandaki,Parbat,Female,16 - 19 Years,4786,5,133,468,1017,1743,1353,51,0,0,3,13,0.06,87.0,0.04,60.22,0.06,65.75,-0.02,-5.53
district,Gandaki,Parbat,Female,20 - 24 Years,5942,3,245,640,1025,848,2655,467,37,1,4,17,0.07,84.69,0.12,67.02,0.07,67.44,0.05,-0.42
district,Gandaki,Parbat,Female,25 - 29 Years,5654,1,460,799,1205,882,1560,532,170,1,11,33,0.19,76.92,0.12,57.2,0.19,55.61,-0.07,1.59
district,Gandaki,Parbat,Female,30 - 34 Years,4717,2,590,931,956,709,955,363,149,1,31,30,0.66,66.4,0.11,52.9,0.66,46.13,-0.55,6.77
district,Gandaki,Parbat,Female,35 - 39 Years,3970,4,745,889,1006,578,438,140,74,7,42,47,1.06,56.32,0.61,40.42,1.06,30.98,-0.45,9.44
district,Gandaki,Parbat,Female,40 - 44 Years,3456,4,882,840,797,468,228,68,31,8,73,57,2.11,46.06,0.47,36.29,2.11,23.0,-1.64,13.29
district,Gandaki,Parbat,Female,45 - 49 Years,2571,1,868,554,497,292,115,28,18,15,119,64,4.63,36.95,0.62,38.07,4.63,17.62,-4.01,20.45
district,Gandaki,Parbat,Female,50 - 54 Years,1924,5,768,370,206,143,83,7,4,24,187,127,9.72,23.02,1.59,37.07,9.72,12.32,-8.13,24.75
district,Gandaki,Parbat,Female,55 - 59 Years,1137,6,517,135,69,40,11,3,1,29,196,130,17.24,10.91,1.41,27.75,17.24,4.84,-15.83,22.91
district,Gandaki,Parbat,Female,60 - 64 Years,755,0,346,71,30,16,11,0,0,29,154,98,20.4,7.55,3.78,20.21,20.4,3.58,-16.62,16.63
district,Gandaki,Parbat,Female,65 - 69 Years,412,1,170,36,16,10,5,1,0,19,98,56,23.79,7.77,5.06,17.21,23.79,3.88,-18.73,13.33
district,Gandaki,Parbat,Female,70 - 74 Years,212,0,83,11,6,1,2,1,0,8,55,45,25.94,4.72,8.12,13.71,25.94,1.89,-17.82,11.82
district,Gandaki,Parbat,Female,75+ Years,163,5,42,7,6,5,5,0,0,7,42,44,25.77,9.82,19.76,9.13,25.77,6.13,-6.01,3.0
district,Gandaki,Baglung,Total,Total,184521,7177,56151,36789,27553,16148,23796,5065,2445,170,6747,2480,3.66,40.65,2.15,25.76,5.17,25.68,-3.02,0.08
district,Gandaki,Baglung,Total,05 Year,4434,4309,0,0,0,0,0,0,0,0,6,119,0.14,0.0,0.13,0.0,0.14,0.0,-0.01,0.0
district,Gandaki,Baglung,Total,06 Year,4698,1641,2990,0,0,0,0,0,0,0,5,62,0.11,0.0,0.08,0.0,0.13,0.0,-0.05,0.0
district,Gandaki,Baglung,Total,07 Year,4746,662,4051,0,0,0,0,0,0,0,4,29,0.08,0.0,0.12,0.0,0.05,0.0,0.07,0.0
district,Gandaki,Baglung,Total,08 Year,4907,181,4699,0,0,0,0,0,0,0,0,27,0.0,0.0,0.0,0.0,0.0,0.0,0.0,0.0
district,Gandaki,Baglung,Total,09 Year,4581,56,4485,0,0,0,0,0,0,0,3,37,0.07,0.0,0.12,0.0,0.0,0.0,0.12,0.0
district,Gandaki,Baglung,Total,10 Year,4994,13,4957,0,0,0,0,0,0,1,1,22,0.02,0.0,0.04,0.0,0.0,0.0,0.04,0.0
district,Gandaki,Baglung,Total,11 Year,4636,10,2995,1615,0,0,0,0,0,0,1,15,0.02,0.0,0.0,0.0,0.04,0.0,-0.04,0.0
district,Gandaki,Baglung,Total,12 Year,5192,6,1880,3284,0,0,0,0,0,1,1,20,0.02,0.0,0.0,0.0,0.04,0.0,-0.04,0.0
district,Gandaki,Baglung,Total,13 Year,5073,5,854,4199,0,0,0,0,0,0,2,13,0.04,0.0,0.08,0.0,0.0,0.0,0.08,0.0
district,Gandaki,Baglung,Total,14 Year,5136,7,485,3100,1530,0,0,0,0,0,3,11,0.06,29.79,0.08,0.0,0.04,0.0,0.04,0.0
district,Gandaki,Baglung,Total,15 Year,5176,7,291,2021,2226,602,0,0,0,0,3,26,0.06,54.64,0.12,9.72,0.0,13.53,0.12,-3.81
district,Gandaki,Baglung,Total,16 - 19 Years,19585,18,1196,3061,5052,5588,4461,149,0,2,13,45,0.07,77.87,0.01,50.71,0.12,53.35,-0.11,-2.64
district,Gandaki,Baglung,Total,20 - 24 Years,21766,11,1779,3220,3962,2443,8587,1457,167,2,55,83,0.25,76.34,0.2,59.64,0.3,56.95,-0.1,2.69
district,Gandaki,Baglung,Total,25 - 29 Years,18361,10,2425,3208,3977,2039,4656,1292,526,3,138,87,0.75,68.02,0.28,48.85,1.09,44.55,-0.81,4.3
district,Gandaki,Baglung,Total,30 - 34 Years,15413,19,3188,3115,2829,1596,2786,952,583,3,237,105,1.54,56.74,0.58,42.11,2.32,35.35,-1.74,6.76
district,Gandaki,Baglung,Total,35 - 39 Years,13148,16,3594,3167,2527,1237,1195,435,403,9,423,142,3.22,44.09,1.33,28.8,4.77,21.64,-3.44,7.16
district,Gandaki,Baglung,Total,40 - 44 Years,10953,36,3475,2400,1963,905,733,261,286,25,682,187,6.23,37.87,1.98,25.33,9.87,15.34,-7.89,9.99
district,Gandaki,Baglung,Total,45 - 49 Years,8400,37,2855,1489,1350,613,502,176,188,20,914,256,10.88,33.68,3.08,24.73,18.98,10.22,-15.9,14.51
district,Gandaki,Baglung,Total,50 - 54 Years,7478,36,2858,1167,919,471,409,145,157,20,1035,261,13.84,28.1,4.21,21.95,28.15,6.68,-23.94,15.27
district,Gandaki,Baglung,Total,55 - 59 Years,5197,27,2207,656,519,276,224,90,63,18,885,232,17.03,22.55,6.55,17.22,37.2,3.6,-30.65,13.62
district,Gandaki,Baglung,Total,60 - 64 Years,4173,29,1933,468,305,151,119,44,34,29,843,218,20.2,15.65,10.75,11.17,41.53,1.95,-30.78,9.22
district,Gandaki,Baglung,Total,65 - 69 Years,2996,13,1468,299,202,115,57,41,20,13,582,186,19.43,14.52,10.74,9.31,41.87,3.83,-31.13,5.48
district,Gandaki,Baglung,Total,70 - 74 Years,1867,11,844,192,117,70,43,17,14,11,425,123,22.76,13.98,16.42,8.92,46.12,3.26,-29.7,5.66
district,Gandaki,Baglung,Total,75+ Years,1611,17,642,128,75,42,24,6,4,13,486,174,30.17,9.37,28.09,4.54,41.8,5.74,-13.71,-1.2
district,Gandaki,Baglung,Male,Total,92511,3803,29146,18385,14344,8717,11119,2375,1619,60,1992,951,2.15,41.26,2.15,25.76,5.17,25.68,-3.02,0.08
district,Gandaki,Baglung,Male,05 Year,2347,2282,0,0,0,0,0,0,0,0,3,62,0.13,0.0,0.13,0.0,0.14,0.0,-0.01,0.0
district,Gandaki,Baglung,Male,06 Year,2413,908,1473,0,0,0,0,0,0,0,2,30,0.08,0.0,0.08,0.0,0.13,0.0,-0.05,0.0
district,Gandaki,Baglung,Male,07 Year,2546,379,2146,0,0,0,0,0,0,0,3,18,0.12,0.0,0.12,0.0,0.05,0.0,0.07,0.0
district,Gandaki,Baglung,Male,08 Year,2541,108,2420,0,0,0,0,0,0,0,0,13,0.0,0.0,0.0,0.0,0.0,0.0,0.0,0.0
district,Gandaki,Baglung,Male,09 Year,2417,28,2370,0,0,0,0,0,0,0,3,16,0.12,0.0,0.12,0.0,0.0,0.0,0.12,0.0
district,Gandaki,Baglung,Male,10 Year,2618,3,2604,0,0,0,0,0,0,0,1,10,0.04,0.0,0.04,0.0,0.0,0.0,0.04,0.0
district,Gandaki,Baglung,Male,11 Year,2385,8,1597,772,0,0,0,0,0,0,0,8,0.0,0.0,0.0,0.0,0.04,0.0,-0.04,0.0
district,Gandaki,Baglung,Male,12 Year,2623,6,1025,1580,0,0,0,0,0,1,0,11,0.0,0.0,0.0,0.0,0.04,0.0,-0.04,0.0
district,Gandaki,Baglung,Male,13 Year,2639,2,511,2118,0,0,0,0,0,0,2,6,0.08,0.0,0.08,0.0,0.0,0.0,0.08,0.0
district,Gandaki,Baglung,Male,14 Year,2583,3,265,1629,680,0,0,0,0,0,2,4,0.08,26.33,0.08,0.0,0.04,0.0,0.04,0.0
district,Gandaki,Baglung,Male,15 Year,2581,4,166,1050,1093,251,0,0,0,0,3,14,0.12,52.07,0.12,9.72,0.0,13.53,0.12,-3.81
district,Gandaki,Baglung,Male,16 - 19 Years,9487,11,594,1523,2528,2700,2050,61,0,1,1,18,0.01,77.36,0.01,50.71,0.12,53.35,-0.11,-2.64
district,Gandaki,Baglung,Male,20 - 24 Years,9607,5,770,1303,1744,1272,3895,506,57,0,19,36,0.2,77.8,0.2,59.64,0.3,56.95,-0.1,2.69
district,Gandaki,Baglung,Male,25 - 29 Years,7744,3,850,1308,1751,1038,1938,536,271,1,22,26,0.28,71.46,0.28,48.85,1.09,44.55,-0.81,4.3
district,Gandaki,Baglung,Male,30 - 34 Years,6937,3,1187,1333,1415,891,1227,434,369,1,40,37,0.58,62.51,0.58,42.11,2.32,35.35,-1.74,6.76
district,Gandaki,Baglung,Male,35 - 39 Years,5930,4,1385,1420,1293,673,544,217,274,2,79,39,1.33,50.61,1.33,28.8,4.77,21.64,-3.44,7.16
district,Gandaki,Baglung,Male,40 - 44 Years,5058,6,1376,1163,1087,495,384,175,227,2,100,43,1.98,46.82,1.98,25.33,9.87,15.34,-7.89,9.99
district,Gandaki,Baglung,Male,45 - 49 Years,4279,1,1252,861,924,434,335,138,151,2,132,49,3.08,46.32,3.08,24.73,18.98,10.22,-15.9,14.51
district,Gandaki,Baglung,Male,50 - 54 Years,4469,3,1620,837,754,378,332,128,143,6,188,80,4.21,38.82,4.21,21.95,28.15,6.68,-23.94,15.27
district,Gandaki,Baglung,Male,55 - 59 Years,3420,5,1549,531,455,241,202,85,61,6,224,61,6.55,30.53,6.55,17.22,37.2,3.6,-30.65,13.62
district,Gandaki,Baglung,Male,60 - 64 Years,2892,10,1471,411,270,143,106,43,31,10,311,86,10.75,20.5,10.75,11.17,41.53,1.95,-30.78,9.22
district,Gandaki,Baglung,Male,65 - 69 Years,2160,3,1194,259,175,101,51,32,17,7,232,89,10.74,17.41,10.74,9.31,41.87,3.83,-31.13,5.48
district,Gandaki,Baglung,Male,70 - 74 Years,1468,6,735,171,109,64,38,15,14,10,241,65,16.42,16.35,16.42,8.92,46.12,3.26,-29.7,5.66
district,Gandaki,Baglung,Male,75+ Years,1367,12,586,116,66,36,17,5,4,11,384,130,28.09,9.36,28.09,4.54,41.8,5.74,-13.71,-1.2
district,Gandaki,Baglung,Female,Total,92010,3374,27005,18404,13209,7431,12677,2690,826,110,4755,1529,5.17,40.03,2.15,25.76,5.17,25.68,-3.02,0.08
district,Gandaki,Baglung,Female,05 Year,2087,2027,0,0,0,0,0,0,0,0,3,57,0.14,0.0,0.13,0.0,0.14,0.0,-0.01,0.0
district,Gandaki,Baglung,Female,06 Year,2285,733,1517,0,0,0,0,0,0,0,3,32,0.13,0.0,0.08,0.0,0.13,0.0,-0.05,0.0
district,Gandaki,Baglung,Female,07 Year,2200,283,1905,0,0,0,0,0,0,0,1,11,0.05,0.0,0.12,0.0,0.05,0.0,0.07,0.0
district,Gandaki,Baglung,Female,08 Year,2366,73,2279,0,0,0,0,0,0,0,0,14,0.0,0.0,0.0,0.0,0.0,0.0,0.0,0.0
district,Gandaki,Baglung,Female,09 Year,2164,28,2115,0,0,0,0,0,0,0,0,21,0.0,0.0,0.12,0.0,0.0,0.0,0.12,0.0
district,Gandaki,Baglung,Female,10 Year,2376,10,2353,0,0,0,0,0,0,1,0,12,0.0,0.0,0.04,0.0,0.0,0.0,0.04,0.0
district,Gandaki,Baglung,Female,11 Year,2251,2,1398,843,0,0,0,0,0,0,1,7,0.04,0.0,0.0,0.0,0.04,0.0,-0.04,0.0
district,Gandaki,Baglung,Female,12 Year,2569,0,855,1704,0,0,0,0,0,0,1,9,0.04,0.0,0.0,0.0,0.04,0.0,-0.04,0.0
district,Gandaki,Baglung,Female,13 Year,2434,3,343,2081,0,0,0,0,0,0,0,7,0.0,0.0,0.08,0.0,0.0,0.0,0.08,0.0
district,Gandaki,Baglung,Female,14 Year,2553,4,220,1471,850,0,0,0,0,0,1,7,0.04,33.29,0.08,0.0,0.04,0.0,0.04,0.0
district,Gandaki,Baglung,Female,15 Year,2595,3,125,971,1133,351,0,0,0,0,0,12,0.0,57.19,0.12,9.72,0.0,13.53,0.12,-3.81
district,Gandaki,Baglung,Female,16 - 19 Years,10098,7,602,1538,2524,2888,2411,88,0,1,12,27,0.12,78.34,0.01,50.71,0.12,53.35,-0.11,-2.64
district,Gandaki,Baglung,Female,20 - 24 Years,12159,6,1009,1917,2218,1171,4692,951,110,2,36,47,0.3,75.19,0.2,59.64,0.3,56.95,-0.1,2.69
district,Gandaki,Baglung,Female,25 - 29 Years,10617,7,1575,1900,2226,1001,2718,756,255,2,116,61,1.09,65.52,0.28,48.85,1.09,44.55,-0.81,4.3
district,Gandaki,Baglung,Female,30 - 34 Years,8476,16,2001,1782,1414,705,1559,518,214,2,197,68,2.32,52.03,0.58,42.11,2.32,35.35,-1.74,6.76
district,Gandaki,Baglung,Female,35 - 39 Years,7218,12,2209,1747,1234,564,651,218,129,7,344,103,4.77,38.74,1.33,28.8,4.77,21.64,-3.44,7.16
district,Gandaki,Baglung,Female,40 - 44 Years,5895,30,2099,1237,876,410,349,86,59,23,582,144,9.87,30.2,1.98,25.33,9.87,15.34,-7.89,9.99
district,Gandaki,Baglung,Female,45 - 49 Years,4121,36,1603,628,426,179,167,38,37,18,782,207,18.98,20.55,3.08,24.73,18.98,10.22,-15.9,14.51
district,Gandaki,Baglung,Female,50 - 54 Years,3009,33,1238,330,165,93,77,17,14,14,847,181,28.15,12.16,4.21,21.95,28.15,6.68,-23.94,15.27
district,Gandaki,Baglung,Female,55 - 59 Years,1777,22,658,125,64,35,22,5,2,12,661,171,37.2,7.2,6.55,17.22,37.2,3.6,-30.65,13.62
district,Gandaki,Baglung,Female,60 - 64 Years,1281,19,462,57,35,8,13,1,3,19,532,132,41.53,4.68,10.75,11.17,41.53,1.95,-30.78,9.22
district,Gandaki,Baglung,Female,65 - 69 Years,836,10,274,40,27,14,6,9,3,6,350,97,41.87,7.06,10.74,9.31,41.87,3.83,-31.13,5.48
district,Gandaki,Baglung,Female,70 - 74 Years,399,5,109,21,8,6,5,2,0,1,184,58,46.12,5.26,16.42,8.92,46.12,3.26,-29.7,5.66
district,Gandaki,Baglung,Female,75+ Years,244,5,56,12,9,6,7,1,0,2,102,44,41.8,9.43,28.09,4.54,41.8,5.74,-13.71,-1.2
province,Lumbini,,Total,Total,3674231,175017,1153922,798153,569270,297795,391549,116176,50774,3570,84510,33495,2.3,38.8,1.36,23.22,3.31,23.39,-1.95,-0.17
province,Lumbini,,Total,05 Year,90075,88262,0,0,0,0,0,0,0,10,207,1596,0.23,0.0,0.21,0.0,0.25,0.0,-0.04,0.0
province,Lumbini,,Total,06 Year,94532,44297,49254,0,0,0,0,0,0,12,154,815,0.16,0.0,0.16,0.0,0.16,0.0,0.0,0.0
province,Lumbini,,Total,07 Year,93323,21342,71311,0,0,0,0,0,0,14,131,525,0.14,0.0,0.14,0.0,0.14,0.0,0.0,0.0
province,Lumbini,,Total,08 Year,104841,10170,94011,0,0,0,0,0,0,13,130,517,0.12,0.0,0.13,0.0,0.12,0.0,0.01,0.0
province,Lumbini,,Total,09 Year,89151,3365,85246,0,0,0,0,0,0,8,65,467,0.07,0.0,0.07,0.0,0.08,0.0,-0.01,0.0
province,Lumbini,,Total,10 Year,110206,1911,107688,0,0,0,0,0,0,17,108,482,0.1,0.0,0.1,0.0,0.1,0.0,0.0,0.0
province,Lumbini,,Total,11 Year,84524,578,64360,19290,0,0,0,0,0,19,54,223,0.06,0.0,0.05,0.0,0.08,0.0,-0.03,0.0
province,Lumbini,,Total,12 Year,111158,492,58580,51668,0,0,0,0,0,17,97,304,0.09,0.0,0.07,0.0,0.1,0.0,-0.03,0.0
province,Lumbini,,Total,13 Year,99660,229,29832,69236,0,0,0,0,0,14,73,276,0.07,0.0,0.05,0.0,0.1,0.0,-0.05,0.0
province,Lumbini,,Total,14 Year,105794,206,19846,68035,17324,0,0,0,0,13,89,281,0.08,16.38,0.06,0.0,0.11,0.0,-0.05,0.0
province,Lumbini,,Total,15 Year,108333,228,12321,53052,35538,6581,0,0,0,20,123,470,0.11,38.88,0.08,5.17,0.15,6.98,-0.07,-1.81
province,Lumbini,,Total,16 - 19 Years,414759,510,39370,96427,115119,100695,58638,1973,0,109,763,1155,0.18,66.65,0.14,36.9,0.22,40.82,-0.08,-3.92
province,Lumbini,,Total,20 - 24 Years,466535,323,54972,91203,92428,55671,137187,27475,3615,236,1882,1543,0.4,67.81,0.3,48.22,0.49,47.82,-0.19,0.4
province,Lumbini,,Total,25 - 29 Years,395090,444,65238,83752,89126,35536,74109,30687,10870,199,3220,1909,0.82,60.83,0.49,39.24,1.08,37.48,-0.59,1.76
province,Lumbini,,Total,30 - 34 Years,318737,369,72852,69601,55749,27890,49160,22127,12443,259,6003,2284,1.88,52.51,0.77,36.91,2.88,33.32,-2.11,3.59
province,Lumbini,,Total,35 - 39 Years,270486,367,75533,63632,48882,21478,25870,12218,8754,407,10343,3002,3.82,43.33,1.39,27.82,6.35,22.6,-4.96,5.22
province,Lumbini,,Total,40 - 44 Years,207181,365,61803,46189,39147,16660,15815,7008,5435,425,11229,3105,5.42,40.58,2.12,24.59,9.42,18.15,-7.3,6.44
province,Lumbini,,Total,45 - 49 Years,148607,323,47655,28672,28123,11511,10403,4799,3622,382,10293,2824,6.93,39.34,2.76,24.11,12.94,15.08,-10.18,9.03
province,Lumbini,,Total,50 - 54 Years,126364,353,44556,21950,20252,9252,8577,3942,2713,384,11435,2950,9.05,35.4,3.54,23.67,18.66,11.88,-15.12,11.79
province,Lumbini,,Total,55 - 59 Years,81906,249,32061,13026,11632,5202,4792,2278,1422,293,8597,2354,10.5,30.92,4.68,20.17,23.61,8.93,-18.93,11.24
province,Lumbini,,Total,60 - 64 Years,61530,216,26875,9164,7021,3301,3113,1612,845,238,7022,2123,11.41,25.83,5.91,17.43,25.35,6.79,-19.44,10.64
province,Lumbini,,Total,65 - 69 Years,43642,170,19573,6804,4640,2117,1919,1089,545,171,4974,1640,11.4,23.62,6.9,15.12,25.47,6.31,-18.57,8.81
province,Lumbini,,Total,70 - 74 Years,26814,121,12107,3877,2619,1171,1137,604,307,136,3529,1206,13.16,21.77,9.66,13.41,26.77,6.55,-17.11,6.86
province,Lumbini,,Total,75+ Years,20983,127,8878,2575,1670,730,829,364,203,174,3989,1444,19.01,18.09,17.69,10.72,25.32,7.31,-7.63,3.41
province,Lumbini,,Male,Total,1901867,94029,607658,421431,296318,156301,192205,60671,32499,1227,25816,13712,1.36,38.8,1.36,23.22,3.31,23.39,-1.95,-0.17
province,Lumbini,,Male,05 Year,47244,46322,0,0,0,0,0,0,0,4,101,817,0.21,0.0,0.21,0.0,0.25,0.0,-0.04,0.0
province,Lumbini,,Male,06 Year,49326,24306,24516,0,0,0,0,0,0,10,81,413,0.16,0.0,0.16,0.0,0.16,0.0,0.0,0.0
province,Lumbini,,Male,07 Year,48292,12019,35935,0,0,0,0,0,0,8,68,262,0.14,0.0,0.14,0.0,0.14,0.0,0.0,0.0
province,Lumbini,,Male,08 Year,55083,5946,48809,0,0,0,0,0,0,6,71,251,0.13,0.0,0.13,0.0,0.12,0.0,0.01,0.0
province,Lumbini,,Male,09 Year,46527,1894,44369,0,0,0,0,0,0,2,31,231,0.07,0.0,0.07,0.0,0.08,0.0,-0.01,0.0
province,Lumbini,,Male,10 Year,57917,1051,56556,0,0,0,0,0,0,7,57,246,0.1,0.0,0.1,0.0,0.1,0.0,0.0,0.0
province,Lumbini,,Male,11 Year,43911,324,34239,9208,0,0,0,0,0,6,23,111,0.05,0.0,0.05,0.0,0.08,0.0,-0.03,0.0
province,Lumbini,,Male,12 Year,57858,259,32157,25217,0,0,0,0,0,5,42,178,0.07,0.0,0.07,0.0,0.1,0.0,-0.03,0.0
province,Lumbini,,Male,13 Year,50060,136,16039,33730,0,0,0,0,0,4,24,127,0.05,0.0,0.05,0.0,0.1,0.0,-0.05,0.0
province,Lumbini,,Male,14 Year,53356,104,10614,34782,7688,0,0,0,0,6,33,129,0.06,14.41,0.06,0.0,0.11,0.0,-0.05,0.0
province,Lumbini,,Male,15 Year,53968,117,6414,27704,16670,2789,0,0,0,6,44,224,0.08,36.06,0.08,5.17,0.15,6.98,-0.07,-1.81
province,Lumbini,,Male,16 - 19 Years,204204,272,19450,50806,57451,48062,26489,798,0,48,294,534,0.14,65.03,0.14,36.9,0.22,40.82,-0.08,-3.92
province,Lumbini,,Male,20 - 24 Years,212526,122,24875,43263,40449,27597,62011,11304,1564,85,634,622,0.3,67.25,0.3,48.22,0.49,47.82,-0.19,0.4
province,Lumbini,,Male,25 - 29 Years,178370,162,28403,39347,38864,17441,33009,14082,5453,68,871,670,0.49,61.02,0.49,39.24,1.08,37.48,-0.59,1.76
province,Lumbini,,Male,30 - 34 Years,151133,121,31561,34414,27250,14157,23484,11032,7103,83,1171,757,0.77,54.94,0.77,36.91,2.88,33.32,-2.11,3.59
province,Lumbini,,Male,35 - 39 Years,137794,102,35595,34359,26452,11771,13938,6784,5844,88,1913,948,1.39,47.02,1.39,27.82,6.35,22.6,-4.96,5.22
province,Lumbini,,Male,40 - 44 Years,113549,103,31661,26838,23570,9639,9564,4589,4134,101,2412,938,2.12,45.35,2.12,24.59,9.42,18.15,-7.3,6.44
province,Lumbini,,Male,45 - 49 Years,87782,113,25768,18127,19202,7552,7077,3542,2992,95,2421,893,2.76,45.98,2.76,24.11,12.94,15.08,-10.18,9.03
province,Lumbini,,Male,50 - 54 Years,80338,116,26694,15207,15337,6784,6604,3238,2389,98,2846,1025,3.54,42.76,3.54,23.67,18.66,11.88,-15.12,11.79
province,Lumbini,,Male,55 - 59 Years,56751,94,21947,10028,9609,4197,3953,2008,1290,105,2657,863,4.68,37.1,4.68,20.17,23.61,8.93,-18.93,11.24
province,Lumbini,,Male,60 - 64 Years,44111,93,19513,7243,5964,2787,2694,1435,772,89,2606,915,5.91,30.95,5.91,17.43,25.35,6.79,-19.44,10.64
province,Lumbini,,Male,65 - 69 Years,33079,91,15147,5626,4034,1836,1704,975,488,78,2284,816,6.9,27.32,6.9,15.12,25.47,6.31,-18.57,8.81
province,Lumbini,,Male,70 - 74 Years,21330,78,9909,3305,2309,1042,991,549,278,82,2061,726,9.66,24.23,9.66,13.41,26.77,6.55,-17.11,6.86
province,Lumbini,,Male,75+ Years,17358,84,7487,2227,1469,647,687,335,192,143,3071,1016,17.69,19.18,17.69,10.72,25.32,7.31,-7.63,3.41
province,Lumbini,,Female,Total,1772364,80988,546264,376722,272952,141494,199344,55505,18275,2343,58694,19783,3.31,38.79,1.36,23.22,3.31,23.39,-1.95,-0.17
province,Lumbini,,Female,05 Year,42831,41940,0,0,0,0,0,0,0,6,106,779,0.25,0.0,0.21,0.0,0.25,0.0,-0.04,0.0
province,Lumbini,,Female,06 Year,45206,19991,24738,0,0,0,0,0,0,2,73,402,0.16,0.0,0.16,0.0,0.16,0.0,0.0,0.0
province,Lumbini,,Female,07 Year,45031,9323,35376,0,0,0,0,0,0,6,63,263,0.14,0.0,0.14,0.0,0.14,0.0,0.0,0.0
province,Lumbini,,Female,08 Year,49758,4224,45202,0,0,0,0,0,0,7,59,266,0.12,0.0,0.13,0.0,0.12,0.0,0.01,0.0
province,Lumbini,,Female,09 Year,42624,1471,40877,0,0,0,0,0,0,6,34,236,0.08,0.0,0.07,0.0,0.08,0.0,-0.01,0.0
province,Lumbini,,Female,10 Year,52289,860,51132,0,0,0,0,0,0,10,51,236,0.1,0.0,0.1,0.0,0.1,0.0,0.0,0.0
province,Lumbini,,Female,11 Year,40613,254,30121,10082,0,0,0,0,0,13,31,112,0.08,0.0,0.05,0.0,0.08,0.0,-0.03,0.0
province,Lumbini,,Female,12 Year,53300,233,26423,26451,0,0,0,0,0,12,55,126,0.1,0.0,0.07,0.0,0.1,0.0,-0.03,0.0
province,Lumbini,,Female,13 Year,49600,93,13793,35506,0,0,0,0,0,10,49,149,0.1,0.0,0.05,0.0,0.1,0.0,-0.05,0.0
province,Lumbini,,Female,14 Year,52438,102,9232,33253,9636,0,0,0,0,7,56,152,0.11,18.38,0.06,0.0,0.11,0.0,-0.05,0.0
province,Lumbini,,Female,15 Year,54365,111,5907,25348,18868,3792,0,0,0,14,79,246,0.15,41.68,0.08,5.17,0.15,6.98,-0.07,-1.81
province,Lumbini,,Female,16 - 19 Years,210555,238,19920,45621,57668,52633,32149,1175,0,61,469,621,0.22,68.21,0.14,36.9,0.22,40.82,-0.08,-3.92
province,Lumbini,,Female,20 - 24 Years,254009,201,30097,47940,51979,28074,75176,16171,2051,151,1248,921,0.49,68.29,0.3,48.22,0.49,47.82,-0.19,0.4
province,Lumbini,,Female,25 - 29 Years,216720,282,36835,44405,50262,18095,41100,16605,5417,131,2349,1239,1.08,60.67,0.49,39.24,1.08,37.48,-0.59,1.76
province,Lumbini,,Female,30 - 34 Years,167604,248,41291,35187,28499,13733,25676,11095,5340,176,4832,1527,2.88,50.32,0.77,36.91,2.88,33.32,-2.11,3.59
province,Lumbini,,Female,35 - 39 Years,132692,265,39938,29273,22430,9707,11932,5434,2910,319,8430,2054,6.35,39.5,1.39,27.82,6.35,22.6,-4.96,5.22
province,Lumbini,,Female,40 - 44 Years,93632,262,30142,19351,15577,7021,6251,2419,1301,324,8817,2167,9.42,34.78,2.12,24.59,9.42,18.15,-7.3,6.44
province,Lumbini,,Female,45 - 49 Years,60825,210,21887,10545,8921,3959,3326,1257,630,287,7872,1931,12.94,29.75,2.76,24.11,12.94,15.08,-10.18,9.03
province,Lumbini,,Female,50 - 54 Years,46026,237,17862,6743,4915,2468,1973,704,324,286,8589,1925,18.66,22.56,3.54,23.67,18.66,11.88,-15.12,11.79
province,Lumbini,,Female,55 - 59 Years,25155,155,10114,2998,2023,1005,839,270,132,188,5940,1491,23.61,16.97,4.68,20.17,23.61,8.93,-18.93,11.24
province,Lumbini,,Female,60 - 64 Years,17419,123,7362,1921,1057,514,419,177,73,149,4416,1208,25.35,12.86,5.91,17.43,25.35,6.79,-19.44,10.64
province,Lumbini,,Female,65 - 69 Years,10563,79,4426,1178,606,281,215,114,57,93,2690,824,25.47,12.05,6.9,15.12,25.47,6.31,-18.57,8.81
province,Lumbini,,Female,70 - 74 Years,5484,43,2198,572,310,129,146,55,29,54,1468,480,26.77,12.2,9.66,13.41,26.77,6.55,-17.11,6.86
province,Lumbini,,Female,75+ Years,3625,43,1391,348,201,83,142,29,11,31,918,428,25.32,12.86,17.69,10.72,25.32,7.31,-7.63,3.41
district,Lumbini,Rukum (East),Total,Total,37010,1687,12882,7929,5578,2559,3877,688,353,3,884,570,2.39,35.27,1.98,19.5,2.86,21.01,-0.88,-1.51
district,Lumbini,Rukum (East),Total,05 Year,1038,1006,0,0,0,0,0,0,0,0,9,23,0.87,0.0,0.79,0.0,0.94,0.0,-0.15,0.0
district,Lumbini,Rukum (East),Total,06 Year,1144,369,761,0,0,0,0,0,0,0,4,10,0.35,0.0,0.66,0.0,0.0,0.0,0.66,0.0
district,Lumbini,Rukum (East),Total,07 Year,1188,155,1018,0,0,0,0,0,0,0,6,9,0.51,0.0,0.67,0.0,0.34,0.0,0.33,0.0
district,Lumbini,Rukum (East),Total,08 Year,1148,74,1064,0,0,0,0,0,0,0,2,8,0.17,0.0,0.0,0.0,0.34,0.0,-0.34,0.0
district,Lumbini,Rukum (East),Total,09 Year,1080,27,1045,0,0,0,0,0,0,0,2,6,0.19,0.0,0.18,0.0,0.19,0.0,-0.01,0.0
district,Lumbini,Rukum (East),Total,10 Year,1281,9,1266,0,0,0,0,0,0,0,0,6,0.0,0.0,0.0,0.0,0.0,0.0,0.0,0.0
district,Lumbini,Rukum (East),Total,11 Year,1066,3,772,285,0,0,0,0,0,0,2,4,0.19,0.0,0.19,0.0,0.18,0.0,0.01,0.0
district,Lumbini,Rukum (East),Total,12 Year,1338,2,679,651,0,0,0,0,0,0,0,6,0.0,0.0,0.0,0.0,0.0,0.0,0.0,0.0
district,Lumbini,Rukum (East),Total,13 Year,1171,3,350,815,0,0,0,0,0,0,0,3,0.0,0.0,0.0,0.0,0.0,0.0,0.0,0.0
district,Lumbini,Rukum (East),Total,14 Year,1273,3,219,834,212,0,0,0,0,0,0,5,0.0,16.65,0.0,0.0,0.0,0.0,0.0,0.0
district,Lumbini,Rukum (East),Total,15 Year,1382,2,125,742,443,60,0,0,0,0,1,9,0.07,36.4,0.0,4.55,0.15,4.13,-0.15,0.42
district,Lumbini,Rukum (East),Total,16 - 19 Years,4852,6,393,1198,1730,996,486,15,0,0,9,19,0.19,66.51,0.25,29.94,0.12,31.74,0.13,-1.8
district,Lumbini,Rukum (East),Total,20 - 24 Years,5409,2,630,969,1209,722,1619,180,33,1,27,17,0.5,69.57,0.44,45.95,0.55,48.31,-0.11,-2.36
district,Lumbini,Rukum (East),Total,25 - 29 Years,3872,4,740,740,802,345,920,156,82,1,47,35,1.21,59.53,0.88,37.72,1.55,39.92,-0.67,-2.2
district,Lumbini,Rukum (East),Total,30 - 34 Years,2754,3,833,551,405,165,431,156,84,0,88,38,3.2,45.06,1.38,31.25,5.43,29.25,-4.05,2.0
district,Lumbini,Rukum (East),Total,35 - 39 Years,2081,8,760,420,293,90,188,76,60,0,129,57,6.2,33.97,2.97,21.06,10.99,18.16,-8.02,2.9
district,Lumbini,Rukum (East),Total,40 - 44 Years,1405,1,593,252,147,39,87,47,28,0,134,77,9.54,24.77,4.84,16.33,17.6,10.83,-12.76,5.5
district,Lumbini,Rukum (East),Total,45 - 49 Years,1092,3,430,178,115,49,56,26,38,0,129,68,11.81,26.01,6.94,17.49,22.45,11.08,-15.51,6.41
district,Lumbini,Rukum (East),Total,50 - 54 Years,898,3,387,123,108,34,52,24,17,1,104,45,11.58,26.17,7.51,15.44,26.56,9.38,-19.05,6.06
district,Lumbini,Rukum (East),Total,55 - 59 Years,571,1,306,68,42,30,21,4,9,0,62,28,10.86,18.56,8.25,11.84,23.47,8.16,-15.22,3.68
district,Lumbini,Rukum (East),Total,60 - 64 Years,413,0,233,50,32,11,7,2,1,0,47,30,11.38,12.83,8.63,5.65,23.38,2.6,-14.75,3.05
district,Lumbini,Rukum (East),Total,65 - 69 Years,283,0,143,32,25,8,7,1,1,0,36,30,12.72,14.84,13.3,7.3,10.0,0.0,3.3,7.3
district,Lumbini,Rukum (East),Total,70 - 74 Years,174,3,89,13,9,8,2,1,0,0,28,21,16.09,11.49,16.11,6.71,16.0,4.0,0.11,2.71
district,Lumbini,Rukum (East),Total,75+ Years,97,0,46,8,6,2,1,0,0,0,18,16,18.56,9.28,16.28,3.49,36.36,0.0,-20.08,3.49
district,Lumbini,Rukum (East),Male,Total,19787,854,7043,4297,3113,1434,1827,361,237,0,391,230,1.98,35.24,1.98,19.5,2.86,21.01,-0.88,-1.51
district,Lumbini,Rukum (East),Male,05 Year,504,493,0,0,0,0,0,0,0,0,4,7,0.79,0.0,0.79,0.0,0.94,0.0,-0.15,0.0
district,Lumbini,Rukum (East),Male,06 Year,607,198,398,0,0,0,0,0,0,0,4,7,0.66,0.0,0.66,0.0,0.0,0.0,0.66,0.0
district,Lumbini,Rukum (East),Male,07 Year,595,84,502,0,0,0,0,0,0,0,4,5,0.67,0.0,0.67,0.0,0.34,0.0,0.33,0.0
district,Lumbini,Rukum (East),Male,08 Year,559,36,520,0,0,0,0,0,0,0,0,3,0.0,0.0,0.0,0.0,0.34,0.0,-0.34,0.0
district,Lumbini,Rukum (East),Male,09 Year,545,19,522,0,0,0,0,0,0,0,1,3,0.18,0.0,0.18,0.0,0.19,0.0,-0.01,0.0
district,Lumbini,Rukum (East),Male,10 Year,640,3,634,0,0,0,0,0,0,0,0,3,0.0,0.0,0.0,0.0,0.0,0.0,0.0,0.0
district,Lumbini,Rukum (East),Male,11 Year,522,1,388,132,0,0,0,0,0,0,1,0,0.19,0.0,0.19,0.0,0.18,0.0,0.01,0.0
district,Lumbini,Rukum (East),Male,12 Year,688,1,355,330,0,0,0,0,0,0,0,2,0.0,0.0,0.0,0.0,0.0,0.0,0.0,0.0
district,Lumbini,Rukum (East),Male,13 Year,564,0,167,396,0,0,0,0,0,0,0,1,0.0,0.0,0.0,0.0,0.0,0.0,0.0,0.0
district,Lumbini,Rukum (East),Male,14 Year,634,1,123,420,88,0,0,0,0,0,0,2,0.0,13.88,0.0,0.0,0.0,0.0,0.0,0.0
district,Lumbini,Rukum (East),Male,15 Year,704,1,67,367,235,32,0,0,0,0,0,2,0.0,37.93,0.0,4.55,0.15,4.13,-0.15,0.42
district,Lumbini,Rukum (East),Male,16 - 19 Years,2398,3,194,600,868,495,214,9,0,0,6,9,0.25,66.14,0.25,29.94,0.12,31.74,0.13,-1.8
district,Lumbini,Rukum (East),Male,20 - 24 Years,2505,1,294,457,586,379,678,81,13,0,11,5,0.44,69.34,0.44,45.95,0.55,48.31,-0.11,-2.36
district,Lumbini,Rukum (East),Male,25 - 29 Years,1938,2,339,397,444,198,413,76,44,0,17,8,0.88,60.63,0.88,37.72,1.55,39.92,-0.67,-2.2
district,Lumbini,Rukum (East),Male,30 - 34 Years,1520,1,413,337,260,117,233,73,52,0,21,13,1.38,48.36,1.38,31.25,5.43,29.25,-4.05,2.0
district,Lumbini,Rukum (East),Male,35 - 39 Years,1244,2,423,290,214,60,110,45,47,0,37,16,2.97,38.26,2.97,21.06,10.99,18.16,-8.02,2.9
district,Lumbini,Rukum (East),Male,40 - 44 Years,888,0,376,177,122,31,62,28,24,0,43,25,4.84,30.07,4.84,16.33,17.6,10.83,-12.76,5.5
district,Lumbini,Rukum (East),Male,45 - 49 Years,749,2,298,141,96,37,42,20,32,0,52,29,6.94,30.31,6.94,17.49,22.45,11.08,-15.51,6.41
district,Lumbini,Rukum (East),Male,50 - 54 Years,706,3,318,103,99,30,42,22,15,0,53,21,7.51,29.46,7.51,15.44,26.56,9.38,-19.05,6.06
district,Lumbini,Rukum (East),Male,55 - 59 Years,473,1,267,56,40,29,16,3,8,0,39,14,8.25,20.3,8.25,11.84,23.47,8.16,-15.22,3.68
district,Lumbini,Rukum (East),Male,60 - 64 Years,336,0,202,45,28,9,7,2,1,0,29,13,8.63,13.99,8.63,5.65,23.38,2.6,-14.75,3.05
district,Lumbini,Rukum (East),Male,65 - 69 Years,233,0,122,28,18,8,7,1,1,0,31,17,13.3,15.02,13.3,7.3,10.0,0.0,3.3,7.3
district,Lumbini,Rukum (East),Male,70 - 74 Years,149,2,79,13,9,7,2,1,0,0,24,12,16.11,12.75,16.11,6.71,16.0,4.0,0.11,2.71
district,Lumbini,Rukum (East),Male,75+ Years,86,0,42,8,6,2,1,0,0,0,14,13,16.28,10.47,16.28,3.49,36.36,0.0,-20.08,3.49
district,Lumbini,Rukum (East),Female,Total,17223,833,5839,3632,2465,1125,2050,327,116,3,493,340,2.86,35.32,1.98,19.5,2.86,21.01,-0.88,-1.51
district,Lumbini,Rukum (East),Female,05 Year,534,513,0,0,0,0,0,0,0,0,5,16,0.94,0.0,0.79,0.0,0.94,0.0,-0.15,0.0
district,Lumbini,Rukum (East),Female,06 Year,537,171,363,0,0,0,0,0,0,0,0,3,0.0,0.0,0.66,0.0,0.0,0.0,0.66,0.0
district,Lumbini,Rukum (East),Female,07 Year,593,71,516,0,0,0,0,0,0,0,2,4,0.34,0.0,0.67,0.0,0.34,0.0,0.33,0.0
district,Lumbini,Rukum (East),Female,08 Year,589,38,544,0,0,0,0,0,0,0,2,5,0.34,0.0,0.0,0.0,0.34,0.0,-0.34,0.0
district,Lumbini,Rukum (East),Female,09 Year,535,8,523,0,0,0,0,0,0,0,1,3,0.19,0.0,0.18,0.0,0.19,0.0,-0.01,0.0
district,Lumbini,Rukum (East),Female,10 Year,641,6,632,0,0,0,0,0,0,0,0,3,0.0,0.0,0.0,0.0,0.0,0.0,0.0,0.0
district,Lumbini,Rukum (East),Female,11 Year,544,2,384,153,0,0,0,0,0,0,1,4,0.18,0.0,0.19,0.0,0.18,0.0,0.01,0.0
district,Lumbini,Rukum (East),Female,12 Year,650,1,324,321,0,0,0,0,0,0,0,4,0.0,0.0,0.0,0.0,0.0,0.0,0.0,0.0
district,Lumbini,Rukum (East),Female,13 Year,607,3,183,419,0,0,0,0,0,0,0,2,0.0,0.0,0.0,0.0,0.0,0.0,0.0,0.0
district,Lumbini,Rukum (East),Female,14 Year,639,2,96,414,124,0,0,0,0,0,0,3,0.0,19.41,0.0,0.0,0.0,0.0,0.0,0.0
district,Lumbini,Rukum (East),Female,15 Year,678,1,58,375,208,28,0,0,0,0,1,7,0.15,34.81,0.0,4.55,0.15,4.13,-0.15,0.42
district,Lumbini,Rukum (East),Female,16 - 19 Years,2454,3,199,598,862,501,272,6,0,0,3,10,0.12,66.87,0.25,29.94,0.12,31.74,0.13,-1.8
district,Lumbini,Rukum (East),Female,20 - 24 Years,2904,1,336,512,623,343,941,99,20,1,16,12,0.55,69.77,0.44,45.95,0.55,48.31,-0.11,-2.36
district,Lumbini,Rukum (East),Female,25 - 29 Years,1934,2,401,343,358,147,507,80,38,1,30,27,1.55,58.43,0.88,37.72,1.55,39.92,-0.67,-2.2
district,Lumbini,Rukum (East),Female,30 - 34 Years,1234,2,420,214,145,48,198,83,32,0,67,25,5.43,41.0,1.38,31.25,5.43,29.25,-4.05,2.0
district,Lumbini,Rukum (East),Female,35 - 39 Years,837,6,337,130,79,30,78,31,13,0,92,41,10.99,27.6,2.97,21.06,10.99,18.16,-8.02,2.9
district,Lumbini,Rukum (East),Female,40 - 44 Years,517,1,217,75,25,8,25,19,4,0,91,52,17.6,15.67,4.84,16.33,17.6,10.83,-12.76,5.5
district,Lumbini,Rukum (East),Female,45 - 49 Years,343,1,132,37,19,12,14,6,6,0,77,39,22.45,16.62,6.94,17.49,22.45,11.08,-15.51,6.41
district,Lumbini,Rukum (East),Female,50 - 54 Years,192,0,69,20,9,4,10,2,2,1,51,24,26.56,14.06,7.51,15.44,26.56,9.38,-19.05,6.06
district,Lumbini,Rukum (East),Female,55 - 59 Years,98,0,39,12,2,1,5,1,1,0,23,14,23.47,10.2,8.25,11.84,23.47,8.16,-15.22,3.68
district,Lumbini,Rukum (East),Female,60 - 64 Years,77,0,31,5,4,2,0,0,0,0,18,17,23.38,7.79,8.63,5.65,23.38,2.6,-14.75,3.05
district,Lumbini,Rukum (East),Female,65 - 69 Years,50,0,21,4,7,0,0,0,0,0,5,13,10.0,14.0,13.3,7.3,10.0,0.0,3.3,7.3
district,Lumbini,Rukum (East),Female,70 - 74 Years,25,1,10,0,0,1,0,0,0,0,4,9,16.0,4.0,16.11,6.71,16.0,4.0,0.11,2.71
district,Lumbini,Rukum (East),Female,75+ Years,11,0,4,0,0,0,0,0,0,0,4,3,36.36,0.0,16.28,3.49,36.36,0.0,-20.08,3.49
district,Lumbini,Rolpa,Total,Total,160457,7053,65460,37771,19911,9256,11081,2189,995,49,5295,1397,3.3,27.07,1.89,14.35,4.79,14.98,-2.9,-0.63
district,Lumbini,Rolpa,Total,05 Year,4306,4192,0,0,0,0,0,0,0,0,10,104,0.23,0.0,0.22,0.0,0.24,0.0,-0.02,0.0
district,Lumbini,Rolpa,Total,06 Year,4664,1519,3109,0,0,0,0,0,0,0,5,31,0.11,0.0,0.17,0.0,0.04,0.0,0.13,0.0
district,Lumbini,Rolpa,Total,07 Year,4977,654,4304,0,0,0,0,0,0,0,2,17,0.04,0.0,0.04,0.0,0.04,0.0,0.0,0.0
district,Lumbini,Rolpa,Total,08 Year,4744,279,4443,0,0,0,0,0,0,0,2,20,0.04,0.0,0.0,0.0,0.09,0.0,-0.09,0.0
district,Lumbini,Rolpa,Total,09 Year,4615,93,4508,0,0,0,0,0,0,0,3,11,0.07,0.0,0.09,0.0,0.04,0.0,0.05,0.0
district,Lumbini,Rolpa,Total,10 Year,5540,36,5493,0,0,0,0,0,0,0,0,11,0.0,0.0,0.0,0.0,0.0,0.0,0.0,0.0
district,Lumbini,Rolpa,Total,11 Year,4727,31,3725,961,0,0,0,0,0,0,1,9,0.02,0.0,0.0,0.0,0.04,0.0,-0.04,0.0
district,Lumbini,Rolpa,Total,12 Year,5812,15,3382,2408,0,0,0,0,0,0,2,5,0.03,0.0,0.03,0.0,0.04,0.0,-0.01,0.0
district,Lumbini,Rolpa,Total,13 Year,5709,8,2002,3685,0,0,0,0,0,0,5,9,0.09,0.0,0.04,0.0,0.14,0.0,-0.1,0.0
district,Lumbini,Rolpa,Total,14 Year,5766,13,1305,3765,669,0,0,0,0,0,3,11,0.05,11.6,0.04,0.0,0.07,0.0,-0.03,0.0
district,Lumbini,Rolpa,Total,15 Year,5793,7,800,3308,1489,171,0,0,0,0,3,15,0.05,28.66,0.04,2.69,0.07,3.2,-0.03,-0.51
district,Lumbini,Rolpa,Total,16 - 19 Years,20254,25,2611,6239,6166,3448,1623,36,0,0,45,61,0.22,55.66,0.22,23.37,0.22,26.86,0.0,-3.49
district,Lumbini,Rolpa,Total,20 - 24 Years,22854,24,4219,5823,4584,2847,4596,501,81,4,115,60,0.5,55.17,0.29,35.19,0.68,35.05,-0.39,0.14
district,Lumbini,Rolpa,Total,25 - 29 Years,16250,23,4350,4174,3127,1147,2363,555,201,7,235,68,1.45,45.5,0.6,27.51,2.16,25.18,-1.56,2.33
district,Lumbini,Rolpa,Total,30 - 34 Years,12619,25,5051,2715,1381,631,1365,530,281,6,517,117,4.1,33.19,1.28,25.45,6.88,19.08,-5.6,6.37
district,Lumbini,Rolpa,Total,35 - 39 Years,8817,19,4123,1737,705,378,534,249,205,11,724,132,8.21,23.49,1.96,18.84,15.45,11.61,-13.49,7.23
district,Lumbini,Rolpa,Total,40 - 44 Years,6723,20,3196,1078,593,223,262,167,115,7,894,168,13.3,20.23,4.2,14.28,26.32,7.3,-22.12,6.98
district,Lumbini,Rolpa,Total,45 - 49 Years,4996,14,2512,762,425,129,124,74,53,5,758,140,15.17,16.11,5.41,9.71,32.29,3.91,-26.88,5.8
district,Lumbini,Rolpa,Total,50 - 54 Years,4346,26,2360,546,340,115,105,47,39,2,637,129,14.66,14.86,6.4,8.62,32.46,3.63,-26.06,4.99
district,Lumbini,Rolpa,Total,55 - 59 Years,2780,10,1565,257,203,80,46,13,12,3,505,86,18.17,12.73,9.98,6.1,39.74,3.66,-29.76,2.44
district,Lumbini,Rolpa,Total,60 - 64 Years,1746,5,1053,126,108,44,19,10,4,2,311,64,17.81,10.6,12.56,4.95,35.88,2.54,-23.32,2.41
district,Lumbini,Rolpa,Total,65 - 69 Years,1186,6,694,96,57,22,10,5,2,0,252,42,21.25,8.09,17.21,3.96,38.33,0.44,-21.12,3.52
district,Lumbini,Rolpa,Total,70 - 74 Years,715,3,398,55,33,11,15,0,2,1,150,47,20.98,8.53,17.68,2.53,37.19,10.74,-19.51,-8.21
district,Lumbini,Rolpa,Total,75+ Years,518,6,257,36,31,10,19,2,0,1,116,40,22.39,11.97,24.14,3.45,16.07,15.18,8.07,-11.73
district,Lumbini,Rolpa,Male,Total,82228,3688,35018,19706,9953,4752,5185,1172,691,13,1551,499,1.89,26.45,1.89,14.35,4.79,14.98,-2.9,-0.63
district,Lumbini,Rolpa,Male,05 Year,2253,2196,0,0,0,0,0,0,0,0,5,52,0.22,0.0,0.22,0.0,0.24,0.0,-0.02,0.0
district,Lumbini,Rolpa,Male,06 Year,2339,777,1544,0,0,0,0,0,0,0,4,14,0.17,0.0,0.17,0.0,0.04,0.0,0.13,0.0
district,Lumbini,Rolpa,Male,07 Year,2583,383,2191,0,0,0,0,0,0,0,1,8,0.04,0.0,0.04,0.0,0.04,0.0,0.0,0.0
district,Lumbini,Rolpa,Male,08 Year,2449,156,2282,0,0,0,0,0,0,0,0,11,0.0,0.0,0.0,0.0,0.09,0.0,-0.09,0.0
district,Lumbini,Rolpa,Male,09 Year,2341,41,2290,0,0,0,0,0,0,0,2,8,0.09,0.0,0.09,0.0,0.04,0.0,0.05,0.0
district,Lumbini,Rolpa,Male,10 Year,2854,18,2832,0,0,0,0,0,0,0,0,4,0.0,0.0,0.0,0.0,0.0,0.0,0.0,0.0
district,Lumbini,Rolpa,Male,11 Year,2382,17,1879,482,0,0,0,0,0,0,0,4,0.0,0.0,0.0,0.0,0.04,0.0,-0.04,0.0
district,Lumbini,Rolpa,Male,12 Year,2964,8,1744,1208,0,0,0,0,0,0,1,3,0.03,0.0,0.03,0.0,0.04,0.0,-0.01,0.0
district,Lumbini,Rolpa,Male,13 Year,2840,4,1044,1788,0,0,0,0,0,0,1,3,0.04,0.0,0.04,0.0,0.14,0.0,-0.1,0.0
district,Lumbini,Rolpa,Male,14 Year,2818,5,690,1826,291,0,0,0,0,0,1,5,0.04,10.33,0.04,0.0,0.07,0.0,-0.03,0.0
district,Lumbini,Rolpa,Male,15 Year,2826,5,429,1629,681,76,0,0,0,0,1,5,0.04,26.79,0.04,2.69,0.07,3.2,-0.03,-0.51
district,Lumbini,Rolpa,Male,16 - 19 Years,9555,10,1363,3067,2832,1518,701,14,0,0,21,29,0.22,53.01,0.22,23.37,0.22,26.86,0.0,-3.49
district,Lumbini,Rolpa,Male,20 - 24 Years,10131,4,1902,2651,1959,1396,1941,197,31,2,29,19,0.29,54.53,0.29,35.19,0.68,35.05,-0.39,0.14
district,Lumbini,Rolpa,Male,25 - 29 Years,7459,8,1810,2001,1523,613,1071,256,112,0,45,20,0.6,47.93,0.6,27.51,2.16,25.18,-1.56,2.33
district,Lumbini,Rolpa,Male,30 - 34 Years,6266,8,2191,1548,810,382,731,296,186,2,80,32,1.28,38.38,1.28,25.45,6.88,19.08,-5.6,6.37
district,Lumbini,Rolpa,Male,35 - 39 Years,4734,5,2128,1125,464,260,322,149,161,2,93,25,1.96,28.64,1.96,18.84,15.45,11.61,-13.49,7.23
district,Lumbini,Rolpa,Male,40 - 44 Years,3957,9,1934,817,431,165,177,124,99,2,166,33,4.2,25.17,4.2,14.28,26.32,7.3,-22.12,6.98
district,Lumbini,Rolpa,Male,45 - 49 Years,3181,4,1713,612,334,105,92,64,48,1,172,36,5.41,20.21,5.41,9.71,32.29,3.91,-26.88,5.8
district,Lumbini,Rolpa,Male,50 - 54 Years,2969,12,1744,455,268,96,79,45,36,0,190,44,6.4,17.65,6.4,8.62,32.46,3.63,-26.06,4.99
district,Lumbini,Rolpa,Male,55 - 59 Years,2015,6,1262,219,170,66,35,11,11,1,201,33,9.98,14.54,9.98,6.1,39.74,3.66,-29.76,2.44
district,Lumbini,Rolpa,Male,60 - 64 Years,1353,4,875,112,89,39,15,9,4,1,170,35,12.56,11.53,12.56,4.95,35.88,2.54,-23.32,2.41
district,Lumbini,Rolpa,Male,65 - 69 Years,959,2,604,87,44,22,9,5,2,0,165,19,17.21,8.55,17.21,3.96,38.33,0.44,-21.12,3.52
district,Lumbini,Rolpa,Male,70 - 74 Years,594,3,353,50,31,7,7,0,1,1,105,36,17.68,7.74,17.68,2.53,37.19,10.74,-19.51,-8.21
district,Lumbini,Rolpa,Male,75+ Years,406,3,214,29,26,7,5,2,0,1,98,21,24.14,9.85,24.14,3.45,16.07,15.18,8.07,-11.73
district,Lumbini,Rolpa,Female,Total,78229,3365,30442,18065,9958,4504,5896,1017,304,36,3744,898,4.79,27.71,1.89,14.35,4.79,14.98,-2.9,-0.63
district,Lumbini,Rolpa,Female,05 Year,2053,1996,0,0,0,0,0,0,0,0,5,52,0.24,0.0,0.22,0.0,0.24,0.0,-0.02,0.0
district,Lumbini,Rolpa,Female,06 Year,2325,742,1565,0,0,0,0,0,0,0,1,17,0.04,0.0,0.17,0.0,0.04,0.0,0.13,0.0
district,Lumbini,Rolpa,Female,07 Year,2394,271,2113,0,0,0,0,0,0,0,1,9,0.04,0.0,0.04,0.0,0.04,0.0,0.0,0.0
district,Lumbini,Rolpa,Female,08 Year,2295,123,2161,0,0,0,0,0,0,0,2,9,0.09,0.0,0.0,0.0,0.09,0.0,-0.09,0.0
district,Lumbini,Rolpa,Female,09 Year,2274,52,2218,0,0,0,0,0,0,0,1,3,0.04,0.0,0.09,0.0,0.04,0.0,0.05,0.0
district,Lumbini,Rolpa,Female,10 Year,2686,18,2661,0,0,0,0,0,0,0,0,7,0.0,0.0,0.0,0.0,0.0,0.0,0.0,0.0
district,Lumbini,Rolpa,Female,11 Year,2345,14,1846,479,0,0,0,0,0,0,1,5,0.04,0.0,0.0,0.0,0.04,0.0,-0.04,0.0
district,Lumbini,Rolpa,Female,12 Year,2848,7,1638,1200,0,0,0,0,0,0,1,2,0.04,0.0,0.03,0.0,0.04,0.0,-0.01,0.0
district,Lumbini,Rolpa,Female,13 Year,2869,4,958,1897,0,0,0,0,0,0,4,6,0.14,0.0,0.04,0.0,0.14,0.0,-0.1,0.0
district,Lumbini,Rolpa,Female,14 Year,2948,8,615,1939,378,0,0,0,0,0,2,6,0.07,12.82,0.04,0.0,0.07,0.0,-0.03,0.0
district,Lumbini,Rolpa,Female,15 Year,2967,2,371,1679,808,95,0,0,0,0,2,10,0.07,30.43,0.04,2.69,0.07,3.2,-0.03,-0.51
district,Lumbini,Rolpa,Female,16 - 19 Years,10699,15,1248,3172,3334,1930,922,22,0,0,24,32,0.22,58.02,0.22,23.37,0.22,26.86,0.0,-3.49
district,Lumbini,Rolpa,Female,20 - 24 Years,12723,20,2317,3172,2625,1451,2655,304,50,2,86,41,0.68,55.69,0.29,35.19,0.68,35.05,-0.39,0.14
district,Lumbini,Rolpa,Female,25 - 29 Years,8791,15,2540,2173,1604,534,1292,299,89,7,190,48,2.16,43.43,0.6,27.51,2.16,25.18,-1.56,2.33
district,Lumbini,Rolpa,Female,30 - 34 Years,6353,17,2860,1167,571,249,634,234,95,4,437,85,6.88,28.07,1.28,25.45,6.88,19.08,-5.6,6.37
district,Lumbini,Rolpa,Female,35 - 39 Years,4083,14,1995,612,241,118,212,100,44,9,631,107,15.45,17.51,1.96,18.84,15.45,11.61,-13.49,7.23
district,Lumbini,Rolpa,Female,40 - 44 Years,2766,11,1262,261,162,58,85,43,16,5,728,135,26.32,13.16,4.2,14.28,26.32,7.3,-22.12,6.98
district,Lumbini,Rolpa,Female,45 - 49 Years,1815,10,799,150,91,24,32,10,5,4,586,104,32.29,8.93,5.41,9.71,32.29,3.91,-26.88,5.8
district,Lumbini,Rolpa,Female,50 - 54 Years,1377,14,616,91,72,19,26,2,3,2,447,85,32.46,8.86,6.4,8.62,32.46,3.63,-26.06,4.99
district,Lumbini,Rolpa,Female,55 - 59 Years,765,4,303,38,33,14,11,2,1,2,304,53,39.74,7.97,9.98,6.1,39.74,3.66,-29.76,2.44
district,Lumbini,Rolpa,Female,60 - 64 Years,393,1,178,14,19,5,4,1,0,1,141,29,35.88,7.38,12.56,4.95,35.88,2.54,-23.32,2.41
district,Lumbini,Rolpa,Female,65 - 69 Years,227,4,90,9,13,0,1,0,0,0,87,23,38.33,6.17,17.21,3.96,38.33,0.44,-21.12,3.52
district,Lumbini,Rolpa,Female,70 - 74 Years,121,0,45,5,2,4,8,0,1,0,45,11,37.19,12.4,17.68,2.53,37.19,10.74,-19.51,-8.21
district,Lumbini,Rolpa,Female,75+ Years,112,3,43,7,5,3,14,0,0,0,18,19,16.07,19.64,24.14,3.45,16.07,15.18,8.07,-11.73
district,Lumbini,Pyuthan,Total,Total,168732,7448,66925,39690,19988,10065,11855,2917,1384,51,6210,2199,3.68,27.39,1.76,16.0,5.48,15.11,-3.72,0.89
district,Lumbini,Pyuthan,Total,05 Year,4491,4422,0,0,0,0,0,0,0,0,10,59,0.22,0.0,0.22,0.0,0.23,0.0,-0.01,0.0
district,Lumbini,Pyuthan,Total,06 Year,4946,1601,3305,0,0,0,0,0,0,0,9,31,0.18,0.0,0.16,0.0,0.21,0.0,-0.05,0.0
district,Lumbini,Pyuthan,Total,07 Year,5116,670,4420,0,0,0,0,0,0,0,2,24,0.04,0.0,0.0,0.0,0.08,0.0,-0.08,0.0
district,Lumbini,Pyuthan,Total,08 Year,5434,241,5170,0,0,0,0,0,0,0,2,21,0.04,0.0,0.04,0.0,0.04,0.0,0.0,0.0
district,Lumbini,Pyuthan,Total,09 Year,5064,71,4970,0,0,0,0,0,0,0,2,21,0.04,0.0,0.04,0.0,0.04,0.0,0.0,0.0
district,Lumbini,Pyuthan,Total,10 Year,5615,28,5561,0,0,0,0,0,0,0,3,23,0.05,0.0,0.1,0.0,0.0,0.0,0.1,0.0
district,Lumbini,Pyuthan,Total,11 Year,5011,14,3752,1240,0,0,0,0,0,0,0,5,0.0,0.0,0.0,0.0,0.0,0.0,0.0,0.0
district,Lumbini,Pyuthan,Total,12 Year,5969,11,3105,2842,0,0,0,0,0,0,3,8,0.05,0.0,0.07,0.0,0.03,0.0,0.04,0.0
district,Lumbini,Pyuthan,Total,13 Year,5809,9,1880,3903,0,0,0,0,0,0,4,13,0.07,0.0,0.0,0.0,0.14,0.0,-0.14,0.0
district,Lumbini,Pyuthan,Total,14 Year,5917,12,1220,3818,851,0,0,0,0,0,1,15,0.02,14.38,0.0,0.0,0.03,0.0,-0.03,0.0
district,Lumbini,Pyuthan,Total,15 Year,5722,6,702,3106,1611,265,0,0,0,1,7,24,0.12,32.79,0.11,3.97,0.14,5.25,-0.03,-1.28
district,Lumbini,Pyuthan,Total,16 - 19 Years,19522,20,2769,5441,5396,3792,1923,64,0,2,35,80,0.18,57.24,0.1,28.04,0.24,30.86,-0.14,-2.82
district,Lumbini,Pyuthan,Total,20 - 24 Years,20448,20,4205,5487,3260,2208,4307,658,81,3,130,89,0.64,51.42,0.35,37.35,0.82,34.26,-0.47,3.09
district,Lumbini,Pyuthan,Total,25 - 29 Years,16259,29,4299,4232,3057,1095,2123,752,275,2,254,141,1.56,44.91,0.71,30.58,2.14,23.12,-1.43,7.46
district,Lumbini,Pyuthan,Total,30 - 34 Years,12974,31,4450,2874,1581,798,1518,638,356,3,519,206,4.0,37.7,1.02,31.95,6.2,20.76,-5.18,11.19
district,Lumbini,Pyuthan,Total,35 - 39 Years,10591,37,4283,2326,1144,574,684,304,268,4,739,228,6.98,28.08,1.75,22.33,11.29,13.11,-9.54,9.22
district,Lumbini,Pyuthan,Total,40 - 44 Years,8085,40,3281,1602,937,386,432,170,164,7,831,235,10.28,25.84,2.83,18.81,17.55,9.8,-14.72,9.01
district,Lumbini,Pyuthan,Total,45 - 49 Years,5899,38,2353,955,812,274,283,107,99,5,782,191,13.26,26.7,3.39,16.57,25.33,8.48,-21.94,8.09
district,Lumbini,Pyuthan,Total,50 - 54 Years,5363,39,2186,703,547,266,263,111,75,11,939,223,17.51,23.53,5.77,17.49,36.43,6.62,-30.66,10.87
district,Lumbini,Pyuthan,Total,55 - 59 Years,3525,32,1615,421,309,144,131,48,35,6,618,166,17.53,18.92,6.35,13.36,43.22,2.81,-36.87,10.55
district,Lumbini,Pyuthan,Total,60 - 64 Years,2859,24,1385,302,205,113,80,31,17,3,524,175,18.33,15.6,9.62,10.78,41.09,2.28,-31.47,8.5
district,Lumbini,Pyuthan,Total,65 - 69 Years,1993,19,980,223,154,79,57,18,4,1,367,91,18.41,15.65,9.41,9.61,47.26,2.53,-37.85,7.08
district,Lumbini,Pyuthan,Total,70 - 74 Years,1175,15,609,118,72,47,32,10,8,2,199,63,16.94,14.38,11.5,9.18,39.65,4.41,-28.15,4.77
district,Lumbini,Pyuthan,Total,75+ Years,945,19,425,97,52,24,22,6,2,1,230,67,24.34,11.22,22.25,5.94,35.06,4.55,-12.81,1.39
district,Lumbini,Pyuthan,Male,Total,81713,3842,33799,18898,9893,5090,5468,1550,964,16,1439,754,1.76,28.1,1.76,16.0,5.48,15.11,-3.72,0.89
district,Lumbini,Pyuthan,Male,05 Year,2290,2254,0,0,0,0,0,0,0,0,5,31,0.22,0.0,0.22,0.0,0.23,0.0,-0.01,0.0
district,Lumbini,Pyuthan,Male,06 Year,2566,871,1672,0,0,0,0,0,0,0,4,19,0.16,0.0,0.16,0.0,0.21,0.0,-0.05,0.0
district,Lumbini,Pyuthan,Male,07 Year,2647,383,2252,0,0,0,0,0,0,0,0,12,0.0,0.0,0.0,0.0,0.08,0.0,-0.08,0.0
district,Lumbini,Pyuthan,Male,08 Year,2805,138,2659,0,0,0,0,0,0,0,1,7,0.04,0.0,0.04,0.0,0.04,0.0,0.0,0.0
district,Lumbini,Pyuthan,Male,09 Year,2597,41,2551,0,0,0,0,0,0,0,1,4,0.04,0.0,0.04,0.0,0.04,0.0,0.0,0.0
district,Lumbini,Pyuthan,Male,10 Year,2891,14,2863,0,0,0,0,0,0,0,3,11,0.1,0.0,0.1,0.0,0.0,0.0,0.1,0.0
district,Lumbini,Pyuthan,Male,11 Year,2514,7,1898,605,0,0,0,0,0,0,0,4,0.0,0.0,0.0,0.0,0.0,0.0,0.0,0.0
district,Lumbini,Pyuthan,Male,12 Year,2987,4,1654,1323,0,0,0,0,0,0,2,4,0.07,0.0,0.07,0.0,0.03,0.0,0.04,0.0
district,Lumbini,Pyuthan,Male,13 Year,2859,6,981,1866,0,0,0,0,0,0,0,6,0.0,0.0,0.0,0.0,0.14,0.0,-0.14,0.0
district,Lumbini,Pyuthan,Male,14 Year,2910,4,593,1895,413,0,0,0,0,0,0,5,0.0,14.19,0.0,0.0,0.03,0.0,-0.03,0.0
district,Lumbini,Pyuthan,Male,15 Year,2769,3,362,1506,773,110,0,0,0,1,3,11,0.11,31.89,0.11,3.97,0.14,5.25,-0.03,-1.28
district,Lumbini,Pyuthan,Male,16 - 19 Years,8685,9,1298,2435,2459,1606,808,21,0,1,9,39,0.1,56.35,0.1,28.04,0.24,30.86,-0.14,-2.82
district,Lumbini,Pyuthan,Male,20 - 24 Years,8043,8,1691,2024,1261,998,1714,253,39,0,28,27,0.35,53.03,0.35,37.35,0.82,34.26,-0.47,3.09
district,Lumbini,Pyuthan,Male,25 - 29 Years,6521,9,1554,1642,1251,571,924,360,139,0,46,25,0.71,49.76,0.71,30.58,2.14,23.12,-1.43,7.46
district,Lumbini,Pyuthan,Male,30 - 34 Years,5511,9,1636,1225,787,448,744,343,226,1,56,36,1.02,46.23,1.02,31.95,6.2,20.76,-5.18,11.19
district,Lumbini,Pyuthan,Male,35 - 39 Years,4787,8,1714,1214,652,352,337,177,203,1,84,45,1.75,35.95,1.75,22.33,11.29,13.11,-9.54,9.22
district,Lumbini,Pyuthan,Male,40 - 44 Years,3993,5,1515,970,584,256,246,116,133,2,113,53,2.83,33.43,2.83,18.81,17.55,9.8,-14.72,9.01
district,Lumbini,Pyuthan,Male,45 - 49 Years,3246,5,1324,645,575,189,187,75,87,1,110,48,3.39,34.29,3.39,16.57,25.33,8.48,-21.94,8.09
district,Lumbini,Pyuthan,Male,50 - 54 Years,3310,9,1476,548,434,197,215,94,73,3,191,70,5.77,30.6,5.77,17.49,36.43,6.62,-30.66,10.87
district,Lumbini,Pyuthan,Male,55 - 59 Years,2456,9,1259,355,279,128,118,48,34,2,156,68,6.35,24.71,6.35,13.36,43.22,2.81,-36.87,10.55
district,Lumbini,Pyuthan,Male,60 - 64 Years,2068,10,1116,254,174,99,78,30,16,1,199,91,9.62,19.2,9.62,10.78,41.09,2.28,-31.47,8.5
district,Lumbini,Pyuthan,Male,65 - 69 Years,1519,12,829,197,143,71,53,18,4,1,143,48,9.41,19.03,9.41,9.61,47.26,2.53,-37.85,7.08
district,Lumbini,Pyuthan,Male,70 - 74 Years,948,11,530,107,64,41,28,10,8,1,109,39,11.5,15.93,11.5,9.18,39.65,4.41,-28.15,4.77
district,Lumbini,Pyuthan,Male,75+ Years,791,13,372,87,44,24,16,5,2,1,176,51,22.25,11.5,22.25,5.94,35.06,4.55,-12.81,1.39
district,Lumbini,Pyuthan,Female,Total,87019,3606,33126,20792,10095,4975,6387,1367,420,35,4771,1445,5.48,26.71,1.76,16.0,5.48,15.11,-3.72,0.89
district,Lumbini,Pyuthan,Female,05 Year,2201,2168,0,0,0,0,0,0,0,0,5,28,0.23,0.0,0.22,0.0,0.23,0.0,-0.01,0.0
district,Lumbini,Pyuthan,Female,06 Year,2380,730,1633,0,0,0,0,0,0,0,5,12,0.21,0.0,0.16,0.0,0.21,0.0,-0.05,0.0
district,Lumbini,Pyuthan,Female,07 Year,2469,287,2168,0,0,0,0,0,0,0,2,12,0.08,0.0,0.0,0.0,0.08,0.0,-0.08,0.0
district,Lumbini,Pyuthan,Female,08 Year,2629,103,2511,0,0,0,0,0,0,0,1,14,0.04,0.0,0.04,0.0,0.04,0.0,0.0,0.0
district,Lumbini,Pyuthan,Female,09 Year,2467,30,2419,0,0,0,0,0,0,0,1,17,0.04,0.0,0.04,0.0,0.04,0.0,0.0,0.0
district,Lumbini,Pyuthan,Female,10 Year,2724,14,2698,0,0,0,0,0,0,0,0,12,0.0,0.0,0.1,0.0,0.0,0.0,0.1,0.0
district,Lumbini,Pyuthan,Female,11 Year,2497,7,1854,635,0,0,0,0,0,0,0,1,0.0,0.0,0.0,0.0,0.0,0.0,0.0,0.0
district,Lumbini,Pyuthan,Female,12 Year,2982,7,1451,1519,0,0,0,0,0,0,1,4,0.03,0.0,0.07,0.0,0.03,0.0,0.04,0.0
district,Lumbini,Pyuthan,Female,13 Year,2950,3,899,2037,0,0,0,0,0,0,4,7,0.14,0.0,0.0,0.0,0.14,0.0,-0.14,0.0
district,Lumbini,Pyuthan,Female,14 Year,3007,8,627,1923,438,0,0,0,0,0,1,10,0.03,14.57,0.0,0.0,0.03,0.0,-0.03,0.0
district,Lumbini,Pyuthan,Female,15 Year,2953,3,340,1600,838,155,0,0,0,0,4,13,0.14,33.63,0.11,3.97,0.14,5.25,-0.03,-1.28
district,Lumbini,Pyuthan,Female,16 - 19 Years,10837,11,1471,3006,2937,2186,1115,43,0,1,26,41,0.24,57.96,0.1,28.04,0.24,30.86,-0.14,-2.82
district,Lumbini,Pyuthan,Female,20 - 24 Years,12405,12,2514,3463,1999,1210,2593,405,42,3,102,62,0.82,50.37,0.35,37.35,0.82,34.26,-0.47,3.09
district,Lumbini,Pyuthan,Female,25 - 29 Years,9738,20,2745,2590,1806,524,1199,392,136,2,208,116,2.14,41.66,0.71,30.58,2.14,23.12,-1.43,7.46
district,Lumbini,Pyuthan,Female,30 - 34 Years,7463,22,2814,1649,794,350,774,295,130,2,463,170,6.2,31.39,1.02,31.95,6.2,20.76,-5.18,11.19
district,Lumbini,Pyuthan,Female,35 - 39 Years,5804,29,2569,1112,492,222,347,127,65,3,655,183,11.29,21.59,1.75,22.33,11.29,13.11,-9.54,9.22
district,Lumbini,Pyuthan,Female,40 - 44 Years,4092,35,1766,632,353,130,186,54,31,5,718,182,17.55,18.43,2.83,18.81,17.55,9.8,-14.72,9.01
district,Lumbini,Pyuthan,Female,45 - 49 Years,2653,33,1029,310,237,85,96,32,12,4,672,143,25.33,17.41,3.39,16.57,25.33,8.48,-21.94,8.09
district,Lumbini,Pyuthan,Female,50 - 54 Years,2053,30,710,155,113,69,48,17,2,8,748,153,36.43,12.13,5.77,17.49,36.43,6.62,-30.66,10.87
district,Lumbini,Pyuthan,Female,55 - 59 Years,1069,23,356,66,30,16,13,0,1,4,462,98,43.22,5.61,6.35,13.36,43.22,2.81,-36.87,10.55
district,Lumbini,Pyuthan,Female,60 - 64 Years,791,14,269,48,31,14,2,1,1,2,325,84,41.09,6.19,9.62,10.78,41.09,2.28,-31.47,8.5
district,Lumbini,Pyuthan,Female,65 - 69 Years,474,7,151,26,11,8,4,0,0,0,224,43,47.26,4.85,9.41,9.61,47.26,2.53,-37.85,7.08
district,Lumbini,Pyuthan,Female,70 - 74 Years,227,4,79,11,8,6,4,0,0,1,90,24,39.65,7.93,11.5,9.18,39.65,4.41,-28.15,4.77
district,Lumbini,Pyuthan,Female,75+ Years,154,6,53,10,8,0,6,1,0,0,54,16,35.06,9.74,22.25,5.94,35.06,4.55,-12.81,1.39
district,Lumbini,Gulmi,Total,Total,182298,8202,59296,39136,26185,16785,17744,4600,2080,92,6181,1997,3.39,36.97,1.96,22.61,4.77,22.6,-2.81,0.01
district,Lumbini,Gulmi,Total,05 Year,4353,4299,0,0,0,0,0,0,0,0,9,45,0.21,0.0,0.09,0.0,0.34,0.0,-0.25,0.0
district,Lumbini,Gulmi,Total,06 Year,4550,2180,2331,0,0,0,0,0,0,0,4,35,0.09,0.0,0.12,0.0,0.05,0.0,0.07,0.0
district,Lumbini,Gulmi,Total,07 Year,4626,987,3625,0,0,0,0,0,0,0,2,12,0.04,0.0,0.08,0.0,0.0,0.0,0.08,0.0
district,Lumbini,Gulmi,Total,08 Year,4711,355,4342,0,0,0,0,0,0,0,2,12,0.04,0.0,0.08,0.0,0.0,0.0,0.08,0.0
district,Lumbini,Gulmi,Total,09 Year,4644,116,4510,0,0,0,0,0,0,0,4,14,0.09,0.0,0.12,0.0,0.05,0.0,0.07,0.0
district,Lumbini,Gulmi,Total,10 Year,4843,39,4790,0,0,0,0,0,0,0,2,12,0.04,0.0,0.08,0.0,0.0,0.0,0.08,0.0
district,Lumbini,Gulmi,Total,11 Year,4290,18,3126,1137,0,0,0,0,0,0,0,9,0.0,0.0,0.0,0.0,0.0,0.0,0.0,0.0
district,Lumbini,Gulmi,Total,12 Year,4911,11,2321,2570,0,0,0,0,0,0,2,7,0.04,0.0,0.08,0.0,0.0,0.0,0.08,0.0
district,Lumbini,Gulmi,Total,13 Year,4870,8,1172,3673,0,0,0,0,0,0,3,14,0.06,0.0,0.08,0.0,0.04,0.0,0.04,0.0
district,Lumbini,Gulmi,Total,14 Year,5302,13,700,3579,996,0,0,0,0,0,4,10,0.08,18.79,0.08,0.0,0.08,0.0,0.0,0.0
district,Lumbini,Gulmi,Total,15 Year,5417,9,438,2582,1926,430,0,0,0,0,3,29,0.06,43.49,0.04,6.88,0.07,8.96,-0.03,-2.08
district,Lumbini,Gulmi,Total,16 - 19 Years,18740,18,1365,3660,4852,5535,3126,114,0,0,21,49,0.11,72.72,0.09,44.14,0.13,49.12,-0.04,-4.98
district,Lumbini,Gulmi,Total,20 - 24 Years,19203,13,2135,3494,3154,2689,6309,1152,118,5,65,69,0.34,69.9,0.39,55.31,0.3,52.26,0.09,3.05
district,Lumbini,Gulmi,Total,25 - 29 Years,17702,17,2674,3731,4178,1873,3335,1285,417,5,114,73,0.64,62.64,0.37,43.58,0.82,36.04,-0.45,7.54
district,Lumbini,Gulmi,Total,30 - 34 Years,14862,11,3196,3325,2705,1937,2107,838,493,1,165,84,1.11,54.37,0.54,41.4,1.53,32.34,-0.99,9.06
district,Lumbini,Gulmi,Total,35 - 39 Years,12545,12,3606,3034,2446,1247,982,414,341,5,331,127,2.64,43.28,0.93,29.62,3.84,19.69,-2.91,9.93
district,Lumbini,Gulmi,Total,40 - 44 Years,10550,6,3504,2525,1864,926,598,242,210,10,502,163,4.76,36.4,1.18,24.51,7.6,14.14,-6.42,10.37
district,Lumbini,Gulmi,Total,45 - 49 Years,8846,14,3261,1748,1510,658,416,145,186,7,693,208,7.83,32.95,1.71,22.51,13.71,9.53,-12.0,12.98
district,Lumbini,Gulmi,Total,50 - 54 Years,8468,17,3292,1519,1082,638,351,157,157,7,1018,230,12.02,28.16,2.69,21.93,24.4,6.7,-21.71,15.23
district,Lumbini,Gulmi,Total,55 - 59 Years,6044,17,2650,860,649,395,226,98,76,10,861,202,14.25,23.89,4.41,18.31,33.0,3.32,-28.59,14.99
district,Lumbini,Gulmi,Total,60 - 64 Years,5163,17,2618,714,351,213,121,65,37,7,815,205,15.79,15.24,6.56,11.19,37.94,1.84,-31.38,9.35
district,Lumbini,Gulmi,Total,65 - 69 Years,3492,10,1741,515,231,136,70,45,27,9,571,137,16.35,14.58,8.55,9.8,40.23,2.33,-31.68,7.47
district,Lumbini,Gulmi,Total,70 - 74 Years,2257,7,1103,302,152,66,66,32,13,11,403,102,17.86,14.58,11.56,8.99,44.44,3.01,-32.88,5.98
district,Lumbini,Gulmi,Total,75+ Years,1909,8,796,168,89,42,37,13,5,15,587,149,30.75,9.74,28.95,5.37,42.63,3.19,-13.68,2.18
district,Lumbini,Gulmi,Male,Total,89445,4426,30586,19041,12636,8405,8069,2345,1407,43,1756,731,1.96,36.74,1.96,22.61,4.77,22.6,-2.81,0.01
district,Lumbini,Gulmi,Male,05 Year,2271,2242,0,0,0,0,0,0,0,0,2,27,0.09,0.0,0.09,0.0,0.34,0.0,-0.25,0.0
district,Lumbini,Gulmi,Male,06 Year,2495,1262,1214,0,0,0,0,0,0,0,3,16,0.12,0.0,0.12,0.0,0.05,0.0,0.07,0.0
district,Lumbini,Gulmi,Male,07 Year,2393,537,1848,0,0,0,0,0,0,0,2,6,0.08,0.0,0.08,0.0,0.0,0.0,0.08,0.0
district,Lumbini,Gulmi,Male,08 Year,2479,209,2265,0,0,0,0,0,0,0,2,3,0.08,0.0,0.08,0.0,0.0,0.0,0.08,0.0
district,Lumbini,Gulmi,Male,09 Year,2426,64,2349,0,0,0,0,0,0,0,3,10,0.12,0.0,0.12,0.0,0.05,0.0,0.07,0.0
district,Lumbini,Gulmi,Male,10 Year,2559,25,2526,0,0,0,0,0,0,0,2,6,0.08,0.0,0.08,0.0,0.0,0.0,0.08,0.0
district,Lumbini,Gulmi,Male,11 Year,2223,9,1675,535,0,0,0,0,0,0,0,4,0.0,0.0,0.0,0.0,0.0,0.0,0.0,0.0
district,Lumbini,Gulmi,Male,12 Year,2529,5,1293,1224,0,0,0,0,0,0,2,5,0.08,0.0,0.08,0.0,0.0,0.0,0.08,0.0
district,Lumbini,Gulmi,Male,13 Year,2480,2,656,1815,0,0,0,0,0,0,2,5,0.08,0.0,0.08,0.0,0.04,0.0,0.04,0.0
district,Lumbini,Gulmi,Male,14 Year,2642,5,369,1816,445,0,0,0,0,0,2,5,0.08,16.84,0.08,0.0,0.08,0.0,0.0,0.0
district,Lumbini,Gulmi,Male,15 Year,2659,5,240,1364,852,183,0,0,0,0,1,14,0.04,38.92,0.04,6.88,0.07,8.96,-0.03,-2.08
district,Lumbini,Gulmi,Male,16 - 19 Years,8632,12,696,1754,2335,2444,1324,42,0,0,8,17,0.09,71.19,0.09,44.14,0.13,49.12,-0.04,-4.98
district,Lumbini,Gulmi,Male,20 - 24 Years,7619,4,1004,1257,1087,1193,2571,415,35,2,30,21,0.39,69.58,0.39,55.31,0.3,52.26,0.09,3.05
district,Lumbini,Gulmi,Male,25 - 29 Years,7028,4,1012,1392,1505,861,1392,592,218,3,26,23,0.37,65.0,0.37,43.58,0.82,36.04,-0.45,7.54
district,Lumbini,Gulmi,Male,30 - 34 Years,6278,2,1179,1244,1191,927,958,422,292,0,34,29,0.54,60.37,0.54,41.4,1.53,32.34,-0.99,9.06
district,Lumbini,Gulmi,Male,35 - 39 Years,5175,2,1227,1228,1103,601,456,236,240,2,48,32,0.93,50.94,0.93,29.62,3.84,19.69,-2.91,9.93
district,Lumbini,Gulmi,Male,40 - 44 Years,4672,1,1255,1193,980,487,339,156,163,4,55,39,1.18,45.48,1.18,24.51,7.6,14.14,-6.42,10.37
district,Lumbini,Gulmi,Male,45 - 49 Years,4332,4,1295,957,987,427,276,111,161,1,74,39,1.71,45.29,1.71,22.51,13.71,9.53,-12.0,12.98
district,Lumbini,Gulmi,Male,50 - 54 Years,4828,4,1717,1031,827,502,276,131,150,2,130,58,2.69,39.06,2.69,21.93,24.4,6.7,-21.71,15.23
district,Lumbini,Gulmi,Male,55 - 59 Years,3965,5,1728,698,568,357,207,92,70,5,175,60,4.41,32.64,4.41,18.31,33.0,3.32,-28.59,14.99
district,Lumbini,Gulmi,Male,60 - 64 Years,3645,5,1976,625,317,196,112,63,37,2,239,73,6.56,19.89,6.56,11.19,37.94,1.84,-31.38,9.35
district,Lumbini,Gulmi,Male,65 - 69 Years,2632,5,1393,472,212,125,67,42,24,4,225,63,8.55,17.86,8.55,9.8,40.23,2.33,-31.68,7.47
district,Lumbini,Gulmi,Male,70 - 74 Years,1825,7,948,284,145,62,60,30,12,6,211,60,11.56,16.93,11.56,8.99,44.44,3.01,-32.88,5.98
district,Lumbini,Gulmi,Male,75+ Years,1658,6,721,152,82,40,31,13,5,12,480,116,28.95,10.31,28.95,5.37,42.63,3.19,-13.68,2.18
district,Lumbini,Gulmi,Female,Total,92853,3776,28710,20095,13549,8380,9675,2255,673,49,4425,1266,4.77,37.19,1.96,22.61,4.77,22.6,-2.81,0.01
district,Lumbini,Gulmi,Female,05 Year,2082,2057,0,0,0,0,0,0,0,0,7,18,0.34,0.0,0.09,0.0,0.34,0.0,-0.25,0.0
district,Lumbini,Gulmi,Female,06 Year,2055,918,1117,0,0,0,0,0,0,0,1,19,0.05,0.0,0.12,0.0,0.05,0.0,0.07,0.0
district,Lumbini,Gulmi,Female,07 Year,2233,450,1777,0,0,0,0,0,0,0,0,6,0.0,0.0,0.08,0.0,0.0,0.0,0.08,0.0
district,Lumbini,Gulmi,Female,08 Year,2232,146,2077,0,0,0,0,0,0,0,0,9,0.0,0.0,0.08,0.0,0.0,0.0,0.08,0.0
district,Lumbini,Gulmi,Female,09 Year,2218,52,2161,0,0,0,0,0,0,0,1,4,0.05,0.0,0.12,0.0,0.05,0.0,0.07,0.0
district,Lumbini,Gulmi,Female,10 Year,2284,14,2264,0,0,0,0,0,0,0,0,6,0.0,0.0,0.08,0.0,0.0,0.0,0.08,0.0
district,Lumbini,Gulmi,Female,11 Year,2067,9,1451,602,0,0,0,0,0,0,0,5,0.0,0.0,0.0,0.0,0.0,0.0,0.0,0.0
district,Lumbini,Gulmi,Female,12 Year,2382,6,1028,1346,0,0,0,0,0,0,0,2,0.0,0.0,0.08,0.0,0.0,0.0,0.08,0.0
district,Lumbini,Gulmi,Female,13 Year,2390,6,516,1858,0,0,0,0,0,0,1,9,0.04,0.0,0.08,0.0,0.04,0.0,0.04,0.0
district,Lumbini,Gulmi,Female,14 Year,2660,8,331,1763,551,0,0,0,0,0,2,5,0.08,20.71,0.08,0.0,0.08,0.0,0.0,0.0
district,Lumbini,Gulmi,Female,15 Year,2758,4,198,1218,1074,247,0,0,0,0,2,15,0.07,47.9,0.04,6.88,0.07,8.96,-0.03,-2.08
district,Lumbini,Gulmi,Female,16 - 19 Years,10108,6,669,1906,2517,3091,1802,72,0,0,13,32,0.13,74.02,0.09,44.14,0.13,49.12,-0.04,-4.98
district,Lumbini,Gulmi,Female,20 - 24 Years,11584,9,1131,2237,2067,1496,3738,737,83,3,35,48,0.3,70.11,0.39,55.31,0.3,52.26,0.09,3.05
district,Lumbini,Gulmi,Female,25 - 29 Years,10674,13,1662,2339,2673,1012,1943,693,199,2,88,50,0.82,61.08,0.37,43.58,0.82,36.04,-0.45,7.54
district,Lumbini,Gulmi,Female,30 - 34 Years,8584,9,2017,2081,1514,1010,1149,416,201,1,131,55,1.53,49.98,0.54,41.4,1.53,32.34,-0.99,9.06
district,Lumbini,Gulmi,Female,35 - 39 Years,7370,10,2379,1806,1343,646,526,178,101,3,283,95,3.84,37.91,0.93,29.62,3.84,19.69,-2.91,9.93
district,Lumbini,Gulmi,Female,40 - 44 Years,5878,5,2249,1332,884,439,259,86,47,6,447,124,7.6,29.18,1.18,24.51,7.6,14.14,-6.42,10.37
district,Lumbini,Gulmi,Female,45 - 49 Years,4514,10,1966,791,523,231,140,34,25,6,619,169,13.71,21.11,1.71,22.51,13.71,9.53,-12.0,12.98
district,Lumbini,Gulmi,Female,50 - 54 Years,3640,13,1575,488,255,136,75,26,7,5,888,172,24.4,13.71,2.69,21.93,24.4,6.7,-21.71,15.23
district,Lumbini,Gulmi,Female,55 - 59 Years,2079,12,922,162,81,38,19,6,6,5,686,142,33.0,7.22,4.41,18.31,33.0,3.32,-28.59,14.99
district,Lumbini,Gulmi,Female,60 - 64 Years,1518,12,642,89,34,17,9,2,0,5,576,132,37.94,4.08,6.56,11.19,37.94,1.84,-31.38,9.35
district,Lumbini,Gulmi,Female,65 - 69 Years,860,5,348,43,19,11,3,3,3,5,346,74,40.23,4.53,8.55,9.8,40.23,2.33,-31.68,7.47
district,Lumbini,Gulmi,Female,70 - 74 Years,432,0,155,18,7,4,6,2,1,5,192,42,44.44,4.63,11.56,8.99,44.44,3.01,-32.88,5.98
district,Lumbini,Gulmi,Female,75+ Years,251,2,75,16,7,2,6,0,0,3,107,33,42.63,5.98,28.95,5.37,42.63,3.19,-13.68,2.18
district,Lumbini,Arghakhanchi,Total,Total,130969,5229,42057,28210,19775,14638,11781,2955,1562,105,3467,1190,2.65,38.72,1.77,23.58,3.49,23.66,-1.72,-0.08
district,Lumbini,Arghakhanchi,Total,05 Year,3141,3095,0,0,0,0,0,0,0,0,3,43,0.1,0.0,0.06,0.0,0.13,0.0,-0.07,0.0
district,Lumbini,Arghakhanchi,Total,06 Year,3435,1222,2198,0,0,0,0,0,0,0,1,14,0.03,0.0,0.0,0.0,0.06,0.0,-0.06,0.0
district,Lumbini,Arghakhanchi,Total,07 Year,3170,511,2643,0,0,0,0,0,0,0,3,13,0.09,0.0,0.12,0.0,0.07,0.0,0.05,0.0
district,Lumbini,Arghakhanchi,Total,08 Year,3475,161,3308,0,0,0,0,0,0,0,0,6,0.0,0.0,0.0,0.0,0.0,0.0,0.0,0.0
district,Lumbini,Arghakhanchi,Total,09 Year,3345,37,3296,0,0,0,0,0,0,0,0,12,0.0,0.0,0.0,0.0,0.0,0.0,0.0,0.0
district,Lumbini,Arghakhanchi,Total,10 Year,3576,18,3546,0,0,0,0,0,0,0,2,10,0.06,0.0,0.05,0.0,0.06,0.0,-0.01,0.0
district,Lumbini,Arghakhanchi,Total,11 Year,3226,9,2124,1084,0,0,0,0,0,0,1,8,0.03,0.0,0.06,0.0,0.0,0.0,0.06,0.0
district,Lumbini,Arghakhanchi,Total,12 Year,3739,8,1469,2252,0,0,0,0,0,0,0,10,0.0,0.0,0.0,0.0,0.0,0.0,0.0,0.0
district,Lumbini,Arghakhanchi,Total,13 Year,3699,5,654,3032,0,0,0,0,0,0,0,8,0.0,0.0,0.0,0.0,0.0,0.0,0.0,0.0
district,Lumbini,Arghakhanchi,Total,14 Year,3827,7,393,2441,973,0,0,0,0,1,0,12,0.0,25.42,0.0,0.0,0.0,0.0,0.0,0.0
district,Lumbini,Arghakhanchi,Total,15 Year,3780,4,213,1576,1501,471,0,0,0,0,2,13,0.05,52.17,0.11,10.69,0.0,14.1,0.11,-3.41
district,Lumbini,Arghakhanchi,Total,16 - 19 Years,13209,10,841,2493,3382,4293,2097,52,0,0,12,29,0.09,74.37,0.1,46.43,0.08,50.69,0.02,-4.26
district,Lumbini,Arghakhanchi,Total,20 - 24 Years,13794,10,1393,2796,2582,2211,3935,695,109,6,26,31,0.19,69.1,0.21,51.92,0.18,49.41,0.03,2.51
district,Lumbini,Arghakhanchi,Total,25 - 29 Years,12743,15,1780,2570,3467,1666,2030,817,312,2,36,48,0.28,65.07,0.3,41.42,0.27,35.62,0.03,5.8
district,Lumbini,Arghakhanchi,Total,30 - 34 Years,10769,6,2291,2246,2066,1734,1372,576,359,2,72,45,0.67,56.71,0.31,42.04,0.93,34.28,-0.62,7.76
district,Lumbini,Arghakhanchi,Total,35 - 39 Years,9455,16,2610,2170,1852,1378,712,265,244,1,136,71,1.44,47.08,0.43,32.38,2.17,23.96,-1.74,8.42
district,Lumbini,Arghakhanchi,Total,40 - 44 Years,7894,12,2517,1762,1463,996,507,131,159,10,254,83,3.22,41.25,0.76,28.02,5.21,18.4,-4.45,9.62
district,Lumbini,Arghakhanchi,Total,45 - 49 Years,6226,16,2286,1167,946,673,347,128,142,10,399,112,6.41,35.91,1.42,29.76,11.36,11.74,-9.94,18.02
district,Lumbini,Arghakhanchi,Total,50 - 54 Years,5896,22,2449,926,651,512,363,131,117,19,567,139,9.62,30.09,2.1,27.62,19.73,7.52,-17.63,20.1
district,Lumbini,Arghakhanchi,Total,55 - 59 Years,4083,9,1910,571,357,314,168,66,69,9,485,125,11.88,23.86,3.69,20.95,29.59,2.48,-25.9,18.47
district,Lumbini,Arghakhanchi,Total,60 - 64 Years,3396,11,1713,482,239,160,120,42,22,9,485,113,14.28,17.17,6.42,13.16,34.56,2.32,-28.14,10.84
district,Lumbini,Arghakhanchi,Total,65 - 69 Years,2272,13,1160,315,158,126,62,26,14,11,311,76,13.69,16.99,8.1,12.12,33.2,2.77,-25.1,9.35
district,Lumbini,Arghakhanchi,Total,70 - 74 Years,1484,3,687,197,89,67,46,20,6,8,293,68,19.74,15.36,15.73,10.81,40.16,2.05,-24.43,8.76
district,Lumbini,Arghakhanchi,Total,75+ Years,1335,9,576,130,49,37,22,6,9,17,379,101,28.39,9.21,27.47,5.66,35.53,4.61,-8.06,1.05
district,Lumbini,Arghakhanchi,Male,Total,64153,2811,21788,13674,9120,7049,5436,1562,1079,45,1135,454,1.77,37.79,1.77,23.58,3.49,23.66,-1.72,-0.08
district,Lumbini,Arghakhanchi,Male,05 Year,1658,1635,0,0,0,0,0,0,0,0,1,22,0.06,0.0,0.06,0.0,0.13,0.0,-0.07,0.0
district,Lumbini,Arghakhanchi,Male,06 Year,1844,689,1147,0,0,0,0,0,0,0,0,8,0.0,0.0,0.0,0.0,0.06,0.0,-0.06,0.0
district,Lumbini,Arghakhanchi,Male,07 Year,1686,293,1381,0,0,0,0,0,0,0,2,10,0.12,0.0,0.12,0.0,0.07,0.0,0.05,0.0
district,Lumbini,Arghakhanchi,Male,08 Year,1873,94,1776,0,0,0,0,0,0,0,0,3,0.0,0.0,0.0,0.0,0.0,0.0,0.0,0.0
district,Lumbini,Arghakhanchi,Male,09 Year,1768,21,1740,0,0,0,0,0,0,0,0,7,0.0,0.0,0.0,0.0,0.0,0.0,0.0,0.0
district,Lumbini,Arghakhanchi,Male,10 Year,1923,10,1910,0,0,0,0,0,0,0,1,2,0.05,0.0,0.05,0.0,0.06,0.0,-0.01,0.0
district,Lumbini,Arghakhanchi,Male,11 Year,1707,6,1177,519,0,0,0,0,0,0,1,4,0.06,0.0,0.06,0.0,0.0,0.0,0.06,0.0
district,Lumbini,Arghakhanchi,Male,12 Year,1913,6,840,1063,0,0,0,0,0,0,0,4,0.0,0.0,0.0,0.0,0.0,0.0,0.0,0.0
district,Lumbini,Arghakhanchi,Male,13 Year,1887,3,379,1503,0,0,0,0,0,0,0,2,0.0,0.0,0.0,0.0,0.0,0.0,0.0,0.0
district,Lumbini,Arghakhanchi,Male,14 Year,1930,4,210,1278,433,0,0,0,0,0,0,5,0.0,22.44,0.0,0.0,0.0,0.0,0.0,0.0
district,Lumbini,Arghakhanchi,Male,15 Year,1815,2,114,791,706,194,0,0,0,0,2,6,0.11,49.59,0.11,10.69,0.0,14.1,0.11,-3.41
district,Lumbini,Arghakhanchi,Male,16 - 19 Years,5959,6,391,1203,1575,1873,869,25,0,0,6,11,0.1,72.86,0.1,46.43,0.08,50.69,0.02,-4.26
district,Lumbini,Arghakhanchi,Male,20 - 24 Years,5352,1,600,1061,888,870,1594,275,40,3,11,9,0.21,68.52,0.21,51.92,0.18,49.41,0.03,2.51
district,Lumbini,Arghakhanchi,Male,25 - 29 Years,4925,4,706,953,1191,680,828,365,167,2,15,14,0.3,65.6,0.3,41.42,0.27,35.62,0.03,5.8
district,Lumbini,Arghakhanchi,Male,30 - 34 Years,4500,1,835,878,865,777,600,290,225,2,14,13,0.31,61.27,0.31,42.04,0.93,34.28,-0.62,7.76
district,Lumbini,Arghakhanchi,Male,35 - 39 Years,3962,5,947,903,788,637,333,149,164,0,17,19,0.43,52.27,0.43,32.38,2.17,23.96,-1.74,8.42
district,Lumbini,Arghakhanchi,Male,40 - 44 Years,3540,3,937,797,760,496,284,84,128,4,27,20,0.76,49.49,0.76,28.02,5.21,18.4,-4.45,9.62
district,Lumbini,Arghakhanchi,Male,45 - 49 Years,3101,3,883,631,602,456,239,101,127,1,44,14,1.42,49.18,1.42,29.76,11.36,11.74,-9.94,18.02
district,Lumbini,Arghakhanchi,Male,50 - 54 Years,3382,5,1221,617,503,413,293,117,111,2,71,29,2.1,42.49,2.1,27.62,19.73,7.52,-17.63,20.1
district,Lumbini,Arghakhanchi,Male,55 - 59 Years,2792,3,1265,477,314,293,163,62,67,1,103,44,3.69,32.2,3.69,20.95,29.59,2.48,-25.9,18.47
district,Lumbini,Arghakhanchi,Male,60 - 64 Years,2447,3,1274,414,225,146,112,42,22,6,157,46,6.42,22.35,6.42,13.16,34.56,2.32,-28.14,10.84
district,Lumbini,Arghakhanchi,Male,65 - 69 Years,1766,5,938,279,150,113,62,26,13,3,143,34,8.1,20.61,8.1,12.12,33.2,2.77,-25.1,9.35
district,Lumbini,Arghakhanchi,Male,70 - 74 Years,1240,3,590,187,79,67,41,20,6,5,195,47,15.73,17.18,15.73,10.81,40.16,2.05,-24.43,8.76
district,Lumbini,Arghakhanchi,Male,75+ Years,1183,6,527,120,41,34,18,6,9,16,325,81,27.47,9.13,27.47,5.66,35.53,4.61,-8.06,1.05
district,Lumbini,Arghakhanchi,Female,Total,66816,2418,20269,14536,10655,7589,6345,1393,483,60,2332,736,3.49,39.61,1.77,23.58,3.49,23.66,-1.72,-0.08
district,Lumbini,Arghakhanchi,Female,05 Year,1483,1460,0,0,0,0,0,0,0,0,2,21,0.13,0.0,0.06,0.0,0.13,0.0,-0.07,0.0
district,Lumbini,Arghakhanchi,Female,06 Year,1591,533,1051,0,0,0,0,0,0,0,1,6,0.06,0.0,0.0,0.0,0.06,0.0,-0.06,0.0
district,Lumbini,Arghakhanchi,Female,07 Year,1484,218,1262,0,0,0,0,0,0,0,1,3,0.07,0.0,0.12,0.0,0.07,0.0,0.05,0.0
district,Lumbini,Arghakhanchi,Female,08 Year,1602,67,1532,0,0,0,0,0,0,0,0,3,0.0,0.0,0.0,0.0,0.0,0.0,0.0,0.0
district,Lumbini,Arghakhanchi,Female,09 Year,1577,16,1556,0,0,0,0,0,0,0,0,5,0.0,0.0,0.0,0.0,0.0,0.0,0.0,0.0
district,Lumbini,Arghakhanchi,Female,10 Year,1653,8,1636,0,0,0,0,0,0,0,1,8,0.06,0.0,0.05,0.0,0.06,0.0,-0.01,0.0
district,Lumbini,Arghakhanchi,Female,11 Year,1519,3,947,565,0,0,0,0,0,0,0,4,0.0,0.0,0.06,0.0,0.0,0.0,0.06,0.0
district,Lumbini,Arghakhanchi,Female,12 Year,1826,2,629,1189,0,0,0,0,0,0,0,6,0.0,0.0,0.0,0.0,0.0,0.0,0.0,0.0
district,Lumbini,Arghakhanchi,Female,13 Year,1812,2,275,1529,0,0,0,0,0,0,0,6,0.0,0.0,0.0,0.0,0.0,0.0,0.0,0.0
district,Lumbini,Arghakhanchi,Female,14 Year,1897,3,183,1163,540,0,0,0,0,1,0,7,0.0,28.47,0.0,0.0,0.0,0.0,0.0,0.0
district,Lumbini,Arghakhanchi,Female,15 Year,1965,2,99,785,795,277,0,0,0,0,0,7,0.0,54.55,0.11,10.69,0.0,14.1,0.11,-3.41
district,Lumbini,Arghakhanchi,Female,16 - 19 Years,7250,4,450,1290,1807,2420,1228,27,0,0,6,18,0.08,75.61,0.1,46.43,0.08,50.69,0.02,-4.26
district,Lumbini,Arghakhanchi,Female,20 - 24 Years,8442,9,793,1735,1694,1341,2341,420,69,3,15,22,0.18,69.47,0.21,51.92,0.18,49.41,0.03,2.51
district,Lumbini,Arghakhanchi,Female,25 - 29 Years,7818,11,1074,1617,2276,986,1202,452,145,0,21,34,0.27,64.74,0.3,41.42,0.27,35.62,0.03,5.8
district,Lumbini,Arghakhanchi,Female,30 - 34 Years,6269,5,1456,1368,1201,957,772,286,134,0,58,32,0.93,53.44,0.31,42.04,0.93,34.28,-0.62,7.76
district,Lumbini,Arghakhanchi,Female,35 - 39 Years,5493,11,1663,1267,1064,741,379,116,80,1,119,52,2.17,43.33,0.43,32.38,2.17,23.96,-1.74,8.42
district,Lumbini,Arghakhanchi,Female,40 - 44 Years,4354,9,1580,965,703,500,223,47,31,6,227,63,5.21,34.54,0.76,28.02,5.21,18.4,-4.45,9.62
district,Lumbini,Arghakhanchi,Female,45 - 49 Years,3125,13,1403,536,344,217,108,27,15,9,355,98,11.36,22.75,1.42,29.76,11.36,11.74,-9.94,18.02
district,Lumbini,Arghakhanchi,Female,50 - 54 Years,2514,17,1228,309,148,99,70,14,6,17,496,110,19.73,13.4,2.1,27.62,19.73,7.52,-17.63,20.1
district,Lumbini,Arghakhanchi,Female,55 - 59 Years,1291,6,645,94,43,21,5,4,2,8,382,81,29.59,5.81,3.69,20.95,29.59,2.48,-25.9,18.47
district,Lumbini,Arghakhanchi,Female,60 - 64 Years,949,8,439,68,14,14,8,0,0,3,328,67,34.56,3.79,6.42,13.16,34.56,2.32,-28.14,10.84
district,Lumbini,Arghakhanchi,Female,65 - 69 Years,506,8,222,36,8,13,0,0,1,8,168,42,33.2,4.35,8.1,12.12,33.2,2.77,-25.1,9.35
district,Lumbini,Arghakhanchi,Female,70 - 74 Years,244,0,97,10,10,0,5,0,0,3,98,21,40.16,6.15,15.73,10.81,40.16,2.05,-24.43,8.76
district,Lumbini,Arghakhanchi,Female,75+ Years,152,3,49,10,8,3,4,0,0,1,54,20,35.53,9.87,27.47,5.66,35.53,4.61,-8.06,1.05
district,Lumbini,Palpa,Total,Total,190639,6163,56508,40935,31135,17940,21422,6031,3263,133,5268,1841,2.76,41.85,1.47,25.6,4.01,25.45,-2.54,0.15
district,Lumbini,Palpa,Total,05 Year,3767,3692,0,0,0,0,0,0,0,1,11,63,0.29,0.0,0.26,0.0,0.33,0.0,-0.07,0.0
district,Lumbini,Palpa,Total,06 Year,4104,1538,2538,0,0,0,0,0,0,0,5,23,0.12,0.0,0.09,0.0,0.15,0.0,-0.06,0.0
district,Lumbini,Palpa,Total,07 Year,4212,555,3637,0,0,0,0,0,0,0,2,18,0.05,0.0,0.09,0.0,0.0,0.0,0.09,0.0
district,Lumbini,Palpa,Total,08 Year,4193,134,4044,0,0,0,0,0,0,0,1,14,0.02,0.0,0.0,0.0,0.05,0.0,-0.05,0.0
district,Lumbini,Palpa,Total,09 Year,4231,46,4172,0,0,0,0,0,0,0,1,12,0.02,0.0,0.05,0.0,0.0,0.0,0.05,0.0
district,Lumbini,Palpa,Total,10 Year,4250,17,4219,0,0,0,0,0,0,0,0,14,0.0,0.0,0.0,0.0,0.0,0.0,0.0,0.0
district,Lumbini,Palpa,Total,11 Year,4002,5,2540,1448,0,0,0,0,0,0,1,8,0.02,0.0,0.0,0.0,0.05,0.0,-0.05,0.0
district,Lumbini,Palpa,Total,12 Year,4411,0,1422,2979,0,0,0,0,0,0,2,8,0.05,0.0,0.09,0.0,0.0,0.0,0.09,0.0
district,Lumbini,Palpa,Total,13 Year,4465,5,600,3855,0,0,0,0,0,1,0,4,0.0,0.0,0.0,0.0,0.0,0.0,0.0,0.0
district,Lumbini,Palpa,Total,14 Year,4795,5,349,3045,1380,0,0,0,0,0,1,15,0.02,28.78,0.0,0.0,0.04,0.0,-0.04,0.0
district,Lumbini,Palpa,Total,15 Year,5044,12,209,1900,2247,652,0,0,0,1,1,22,0.02,57.47,0.0,11.34,0.04,14.51,-0.04,-3.17
district,Lumbini,Palpa,Total,16 - 19 Years,19137,18,877,2797,4830,6689,3710,138,0,0,20,58,0.1,80.3,0.14,52.41,0.07,57.56,0.07,-5.15
district,Lumbini,Palpa,Total,20 - 24 Years,21488,11,1596,3658,3963,3016,7364,1550,201,8,56,65,0.26,74.9,0.24,55.86,0.28,56.9,-0.04,-1.04
district,Lumbini,Palpa,Total,25 - 29 Years,19818,16,2363,4229,4976,2000,3971,1480,602,7,92,82,0.46,65.74,0.28,42.86,0.59,39.1,-0.31,3.76
district,Lumbini,Palpa,Total,30 - 34 Years,17369,11,3593,4066,3480,1516,2593,1121,755,6,148,80,0.85,54.49,0.36,38.47,1.22,31.47,-0.86,7.0
district,Lumbini,Palpa,Total,35 - 39 Years,15174,11,4288,3897,3003,1080,1249,597,588,8,348,105,2.29,42.95,0.63,28.71,3.61,18.76,-2.98,9.95
district,Lumbini,Palpa,Total,40 - 44 Years,12386,11,4072,3064,2310,901,738,293,353,20,500,124,4.04,37.1,1.28,22.96,6.33,14.69,-5.05,8.27
district,Lumbini,Palpa,Total,45 - 49 Years,10169,19,3640,2145,1816,673,549,245,280,20,643,139,6.32,35.04,1.62,22.88,11.09,11.41,-9.47,11.47
district,Lumbini,Palpa,Total,50 - 54 Years,9415,15,3743,1617,1382,579,582,235,223,16,830,193,8.82,31.87,2.48,22.16,17.09,10.72,-14.61,11.44
district,Lumbini,Palpa,Total,55 - 59 Years,6293,11,2880,858,745,319,296,163,114,15,698,194,11.09,26.01,3.51,18.58,24.26,6.52,-20.75,12.06
district,Lumbini,Palpa,Total,60 - 64 Years,4873,11,2432,583,467,232,152,88,73,10,625,200,12.83,20.77,5.1,13.57,29.29,6.1,-24.19,7.47
district,Lumbini,Palpa,Total,65 - 69 Years,3360,6,1634,441,277,152,109,60,37,5,499,140,14.85,18.9,6.88,12.63,34.29,5.83,-27.41,6.8
district,Lumbini,Palpa,Total,70 - 74 Years,1951,6,945,204,138,70,56,37,22,5,363,105,18.61,16.56,12.34,10.79,35.27,6.0,-22.93,4.79
district,Lumbini,Palpa,Total,75+ Years,1732,8,715,149,121,61,53,24,15,10,421,155,24.31,15.82,22.29,9.36,31.35,6.99,-9.06,2.37
district,Lumbini,Palpa,Male,Total,93634,3213,28867,20148,15390,9401,9735,2831,2003,31,1374,641,1.47,42.04,1.47,25.6,4.01,25.45,-2.54,0.15
district,Lumbini,Palpa,Male,05 Year,1926,1885,0,0,0,0,0,0,0,0,5,36,0.26,0.0,0.26,0.0,0.33,0.0,-0.07,0.0
district,Lumbini,Palpa,Male,06 Year,2112,833,1263,0,0,0,0,0,0,0,2,14,0.09,0.0,0.09,0.0,0.15,0.0,-0.06,0.0
district,Lumbini,Palpa,Male,07 Year,2164,301,1853,0,0,0,0,0,0,0,2,8,0.09,0.0,0.09,0.0,0.0,0.0,0.09,0.0
district,Lumbini,Palpa,Male,08 Year,2226,88,2129,0,0,0,0,0,0,0,0,9,0.0,0.0,0.0,0.0,0.05,0.0,-0.05,0.0
district,Lumbini,Palpa,Male,09 Year,2221,25,2190,0,0,0,0,0,0,0,1,5,0.05,0.0,0.05,0.0,0.0,0.0,0.05,0.0
district,Lumbini,Palpa,Male,10 Year,2233,10,2214,0,0,0,0,0,0,0,0,9,0.0,0.0,0.0,0.0,0.0,0.0,0.0,0.0
district,Lumbini,Palpa,Male,11 Year,2043,3,1335,700,0,0,0,0,0,0,0,5,0.0,0.0,0.0,0.0,0.05,0.0,-0.05,0.0
district,Lumbini,Palpa,Male,12 Year,2268,0,806,1453,0,0,0,0,0,0,2,7,0.09,0.0,0.09,0.0,0.0,0.0,0.09,0.0
district,Lumbini,Palpa,Male,13 Year,2213,1,326,1883,0,0,0,0,0,0,0,3,0.0,0.0,0.0,0.0,0.0,0.0,0.0,0.0
district,Lumbini,Palpa,Male,14 Year,2444,4,201,1628,607,0,0,0,0,0,0,4,0.0,24.84,0.0,0.0,0.04,0.0,-0.04,0.0
district,Lumbini,Palpa,Male,15 Year,2521,7,114,987,1113,286,0,0,0,1,0,13,0.0,55.49,0.0,11.34,0.04,14.51,-0.04,-3.17
district,Lumbini,Palpa,Male,16 - 19 Years,9272,11,493,1429,2440,3163,1644,52,0,0,13,27,0.14,78.72,0.14,52.41,0.07,57.56,0.07,-5.15
district,Lumbini,Palpa,Male,20 - 24 Years,9239,3,776,1586,1660,1576,2961,557,67,0,22,31,0.24,73.83,0.24,55.86,0.28,56.9,-0.04,-1.04
district,Lumbini,Palpa,Male,25 - 29 Years,8099,7,996,1689,1883,994,1612,598,267,3,23,27,0.28,66.11,0.28,42.86,0.59,39.1,-0.31,3.76
district,Lumbini,Palpa,Male,30 - 34 Years,7411,2,1341,1608,1559,795,1179,482,395,2,27,21,0.36,59.51,0.36,38.47,1.22,31.47,-0.86,7.0
district,Lumbini,Palpa,Male,35 - 39 Years,6709,1,1580,1694,1434,614,636,301,375,2,42,30,0.63,50.08,0.63,28.71,3.61,18.76,-2.98,9.95
district,Lumbini,Palpa,Male,40 - 44 Years,5628,1,1565,1469,1204,485,395,163,249,0,72,25,1.28,44.35,1.28,22.96,6.33,14.69,-5.05,8.27
district,Lumbini,Palpa,Male,45 - 49 Years,5119,5,1534,1178,1115,424,350,170,227,3,83,30,1.62,44.66,1.62,22.88,11.09,11.41,-9.47,11.47
district,Lumbini,Palpa,Male,50 - 54 Years,5330,5,1933,1075,960,388,416,187,190,1,132,43,2.48,40.17,2.48,22.16,17.09,10.72,-14.61,11.44
district,Lumbini,Palpa,Male,55 - 59 Years,3993,3,1837,636,586,254,243,140,105,4,140,45,3.51,33.26,3.51,18.58,24.26,6.52,-20.75,12.06
district,Lumbini,Palpa,Male,60 - 64 Years,3316,7,1773,456,385,185,127,75,63,3,169,73,5.1,25.18,5.1,13.57,29.29,6.1,-24.19,7.47
district,Lumbini,Palpa,Male,65 - 69 Years,2383,2,1264,374,231,124,91,54,32,1,164,46,6.88,22.32,6.88,12.63,34.29,5.83,-27.41,6.8
district,Lumbini,Palpa,Male,70 - 74 Years,1418,3,757,170,110,58,45,31,19,3,175,47,12.34,18.55,12.34,10.79,35.27,6.0,-22.93,4.79
district,Lumbini,Palpa,Male,75+ Years,1346,6,587,133,103,55,36,21,14,8,300,83,22.29,17.01,22.29,9.36,31.35,6.99,-9.06,2.37
district,Lumbini,Palpa,Female,Total,97005,2950,27641,20787,15745,8539,11687,3200,1260,102,3894,1200,4.01,41.68,1.47,25.6,4.01,25.45,-2.54,0.15
district,Lumbini,Palpa,Female,05 Year,1841,1807,0,0,0,0,0,0,0,1,6,27,0.33,0.0,0.26,0.0,0.33,0.0,-0.07,0.0
district,Lumbini,Palpa,Female,06 Year,1992,705,1275,0,0,0,0,0,0,0,3,9,0.15,0.0,0.09,0.0,0.15,0.0,-0.06,0.0
district,Lumbini,Palpa,Female,07 Year,2048,254,1784,0,0,0,0,0,0,0,0,10,0.0,0.0,0.09,0.0,0.0,0.0,0.09,0.0
district,Lumbini,Palpa,Female,08 Year,1967,46,1915,0,0,0,0,0,0,0,1,5,0.05,0.0,0.0,0.0,0.05,0.0,-0.05,0.0
district,Lumbini,Palpa,Female,09 Year,2010,21,1982,0,0,0,0,0,0,0,0,7,0.0,0.0,0.05,0.0,0.0,0.0,0.05,0.0
district,Lumbini,Palpa,Female,10 Year,2017,7,2005,0,0,0,0,0,0,0,0,5,0.0,0.0,0.0,0.0,0.0,0.0,0.0,0.0
district,Lumbini,Palpa,Female,11 Year,1959,2,1205,748,0,0,0,0,0,0,1,3,0.05,0.0,0.0,0.0,0.05,0.0,-0.05,0.0
district,Lumbini,Palpa,Female,12 Year,2143,0,616,1526,0,0,0,0,0,0,0,1,0.0,0.0,0.09,0.0,0.0,0.0,0.09,0.0
district,Lumbini,Palpa,Female,13 Year,2252,4,274,1972,0,0,0,0,0,1,0,1,0.0,0.0,0.0,0.0,0.0,0.0,0.0,0.0
district,Lumbini,Palpa,Female,14 Year,2351,1,148,1417,773,0,0,0,0,0,1,11,0.04,32.88,0.0,0.0,0.04,0.0,-0.04,0.0
district,Lumbini,Palpa,Female,15 Year,2523,5,95,913,1134,366,0,0,0,0,1,9,0.04,59.45,0.0,11.34,0.04,14.51,-0.04,-3.17
district,Lumbini,Palpa,Female,16 - 19 Years,9865,7,384,1368,2390,3526,2066,86,0,0,7,31,0.07,81.78,0.14,52.41,0.07,57.56,0.07,-5.15
district,Lumbini,Palpa,Female,20 - 24 Years,12249,8,820,2072,2303,1440,4403,993,134,8,34,34,0.28,75.7,0.24,55.86,0.28,56.9,-0.04,-1.04
district,Lumbini,Palpa,Female,25 - 29 Years,11719,9,1367,2540,3093,1006,2359,882,335,4,69,55,0.59,65.49,0.28,42.86,0.59,39.1,-0.31,3.76
district,Lumbini,Palpa,Female,30 - 34 Years,9958,9,2252,2458,1921,721,1414,639,360,4,121,59,1.22,50.76,0.36,38.47,1.22,31.47,-0.86,7.0
district,Lumbini,Palpa,Female,35 - 39 Years,8465,10,2708,2203,1569,466,613,296,213,6,306,75,3.61,37.29,0.63,28.71,3.61,18.76,-2.98,9.95
district,Lumbini,Palpa,Female,40 - 44 Years,6758,10,2507,1595,1106,416,343,130,104,20,428,99,6.33,31.06,1.28,22.96,6.33,14.69,-5.05,8.27
district,Lumbini,Palpa,Female,45 - 49 Years,5050,14,2106,967,701,249,199,75,53,17,560,109,11.09,25.29,1.62,22.88,11.09,11.41,-9.47,11.47
district,Lumbini,Palpa,Female,50 - 54 Years,4085,10,1810,542,422,191,166,48,33,15,698,150,17.09,21.05,2.48,22.16,17.09,10.72,-14.61,11.44
district,Lumbini,Palpa,Female,55 - 59 Years,2300,8,1043,222,159,65,53,23,9,11,558,149,24.26,13.43,3.51,18.58,24.26,6.52,-20.75,12.06
district,Lumbini,Palpa,Female,60 - 64 Years,1557,4,659,127,82,47,25,13,10,7,456,127,29.29,11.37,5.1,13.57,29.29,6.1,-24.19,7.47
district,Lumbini,Palpa,Female,65 - 69 Years,977,4,370,67,46,28,18,6,5,4,335,94,34.29,10.54,6.88,12.63,34.29,5.83,-27.41,6.8
district,Lumbini,Palpa,Female,70 - 74 Years,533,3,188,34,28,12,11,6,3,2,188,58,35.27,11.26,12.34,10.79,35.27,6.0,-22.93,4.79
district,Lumbini,Palpa,Female,75+ Years,386,2,128,16,18,6,17,3,1,2,121,72,31.35,11.66,22.29,9.36,31.35,6.99,-9.06,2.37
district,Lumbini,Nawalparasi (Bardaghat Susta West),Total,Total,279186,14780,82805,61764,45948,22353,32602,8218,3192,497,4873,2154,1.75,40.23,0.94,23.53,2.67,24.04,-1.73,-0.51
district,Lumbini,Nawalparasi (Bardaghat Susta West),Total,05 Year,6753,6653,0,0,0,0,0,0,0,0,15,85,0.22,0.0,0.25,0.0,0.19,0.0,0.06,0.0
district,Lumbini,Nawalparasi (Bardaghat Susta West),Total,06 Year,6808,4058,2691,0,0,0,0,0,0,1,10,48,0.15,0.0,0.08,0.0,0.22,0.0,-0.14,0.0
district,Lumbini,Nawalparasi (Bardaghat Susta West),Total,07 Year,6678,2148,4497,0,0,0,0,0,0,0,7,26,0.1,0.0,0.06,0.0,0.15,0.0,-0.09,0.0
district,Lumbini,Nawalparasi (Bardaghat Susta West),Total,08 Year,7497,1050,6413,0,0,0,0,0,0,0,11,23,0.15,0.0,0.15,0.0,0.14,0.0,0.01,0.0
district,Lumbini,Nawalparasi (Bardaghat Susta West),Total,09 Year,6199,333,5826,0,0,0,0,0,0,0,3,37,0.05,0.0,0.06,0.0,0.03,0.0,0.03,0.0
district,Lumbini,Nawalparasi (Bardaghat Susta West),Total,10 Year,7867,170,7662,0,0,0,0,0,0,0,9,26,0.11,0.0,0.07,0.0,0.16,0.0,-0.09,0.0
district,Lumbini,Nawalparasi (Bardaghat Susta West),Total,11 Year,5759,37,4714,993,0,0,0,0,0,0,5,10,0.09,0.0,0.03,0.0,0.15,0.0,-0.12,0.0
district,Lumbini,Nawalparasi (Bardaghat Susta West),Total,12 Year,7639,21,4459,3136,0,0,0,0,0,0,8,15,0.1,0.0,0.08,0.0,0.14,0.0,-0.06,0.0
district,Lumbini,Nawalparasi (Bardaghat Susta West),Total,13 Year,6684,17,2245,4405,0,0,0,0,0,0,6,11,0.09,0.0,0.06,0.0,0.12,0.0,-0.06,0.0
district,Lumbini,Nawalparasi (Bardaghat Susta West),Total,14 Year,7111,16,1363,4808,902,0,0,0,0,0,8,14,0.11,12.68,0.03,0.0,0.2,0.0,-0.17,0.0
district,Lumbini,Nawalparasi (Bardaghat Susta West),Total,15 Year,7465,25,736,4031,2322,312,0,0,0,1,12,26,0.16,35.28,0.05,3.5,0.27,4.89,-0.22,-1.39
district,Lumbini,Nawalparasi (Bardaghat Susta West),Total,16 - 19 Years,30916,41,2447,7620,9132,7235,4212,111,0,9,55,54,0.18,66.92,0.1,35.31,0.26,39.53,-0.16,-4.22
district,Lumbini,Nawalparasi (Bardaghat Susta West),Total,20 - 24 Years,36774,21,3578,7004,6803,4709,12200,1974,262,25,102,96,0.28,70.56,0.19,52.76,0.35,51.42,-0.16,1.34
district,Lumbini,Nawalparasi (Bardaghat Susta West),Total,25 - 29 Years,30798,43,4641,6280,6939,2726,6571,2426,800,34,202,136,0.66,63.19,0.39,41.14,0.89,40.25,-0.5,0.89
district,Lumbini,Nawalparasi (Bardaghat Susta West),Total,30 - 34 Years,25526,17,5274,5978,5142,2133,4100,1647,804,29,269,133,1.05,54.16,0.45,35.05,1.62,33.05,-1.17,2.0
district,Lumbini,Nawalparasi (Bardaghat Susta West),Total,35 - 39 Years,22132,26,5858,5649,4705,1639,2112,817,531,54,552,189,2.49,44.3,0.83,25.0,4.39,20.81,-3.56,4.19
district,Lumbini,Nawalparasi (Bardaghat Susta West),Total,40 - 44 Years,16679,23,5011,4177,3555,1188,1103,431,308,55,602,226,3.61,39.48,1.27,20.53,6.82,14.93,-5.55,5.6
district,Lumbini,Nawalparasi (Bardaghat Susta West),Total,45 - 49 Years,11244,17,3608,2528,2380,804,699,260,168,56,549,175,4.88,38.34,1.67,20.46,10.07,11.87,-8.4,8.59
district,Lumbini,Nawalparasi (Bardaghat Susta West),Total,50 - 54 Years,9679,9,3458,1966,1691,646,583,222,163,58,674,209,6.96,34.15,2.39,20.52,15.95,9.12,-13.56,11.4
district,Lumbini,Nawalparasi (Bardaghat Susta West),Total,55 - 59 Years,6418,21,2564,1177,965,370,393,107,70,51,508,192,7.92,29.68,2.78,17.92,20.88,6.37,-18.1,11.55
district,Lumbini,Nawalparasi (Bardaghat Susta West),Total,60 - 64 Years,4792,9,2098,779,584,276,273,103,35,47,442,146,9.22,26.52,4.07,17.56,24.09,5.03,-20.02,12.53
district,Lumbini,Nawalparasi (Bardaghat Susta West),Total,65 - 69 Years,3786,8,1786,665,432,165,175,65,29,29,323,109,8.53,22.87,4.2,13.19,25.13,4.85,-20.93,8.34
district,Lumbini,Nawalparasi (Bardaghat Susta West),Total,70 - 74 Years,2187,8,1039,335,233,97,103,33,14,24,228,73,10.43,21.95,6.75,12.73,28.77,4.11,-22.02,8.62
district,Lumbini,Nawalparasi (Bardaghat Susta West),Total,75+ Years,1795,9,837,233,163,53,78,22,8,24,273,95,15.21,18.05,12.83,8.95,27.18,9.06,-14.35,-0.11
district,Lumbini,Nawalparasi (Bardaghat Susta West),Male,Total,148877,8037,44893,33891,24600,12251,16545,4248,1990,167,1399,856,0.94,40.06,0.94,23.53,2.67,24.04,-1.73,-0.51
district,Lumbini,Nawalparasi (Bardaghat Susta West),Male,05 Year,3608,3553,0,0,0,0,0,0,0,0,9,46,0.25,0.0,0.25,0.0,0.19,0.0,0.06,0.0
district,Lumbini,Nawalparasi (Bardaghat Susta West),Male,06 Year,3597,2231,1337,0,0,0,0,0,0,1,3,25,0.08,0.0,0.08,0.0,0.22,0.0,-0.14,0.0
district,Lumbini,Nawalparasi (Bardaghat Susta West),Male,07 Year,3396,1191,2185,0,0,0,0,0,0,0,2,18,0.06,0.0,0.06,0.0,0.15,0.0,-0.09,0.0
district,Lumbini,Nawalparasi (Bardaghat Susta West),Male,08 Year,4005,626,3367,0,0,0,0,0,0,0,6,6,0.15,0.0,0.15,0.0,0.14,0.0,0.01,0.0
district,Lumbini,Nawalparasi (Bardaghat Susta West),Male,09 Year,3222,179,3023,0,0,0,0,0,0,0,2,18,0.06,0.0,0.06,0.0,0.03,0.0,0.03,0.0
district,Lumbini,Nawalparasi (Bardaghat Susta West),Male,10 Year,4139,89,4031,0,0,0,0,0,0,0,3,16,0.07,0.0,0.07,0.0,0.16,0.0,-0.09,0.0
district,Lumbini,Nawalparasi (Bardaghat Susta West),Male,11 Year,3038,20,2533,476,0,0,0,0,0,0,1,8,0.03,0.0,0.03,0.0,0.15,0.0,-0.12,0.0
district,Lumbini,Nawalparasi (Bardaghat Susta West),Male,12 Year,3999,10,2417,1559,0,0,0,0,0,0,3,10,0.08,0.0,0.08,0.0,0.14,0.0,-0.06,0.0
district,Lumbini,Nawalparasi (Bardaghat Susta West),Male,13 Year,3295,13,1154,2119,0,0,0,0,0,0,2,7,0.06,0.0,0.06,0.0,0.12,0.0,-0.06,0.0
district,Lumbini,Nawalparasi (Bardaghat Susta West),Male,14 Year,3572,6,727,2453,379,0,0,0,0,0,1,6,0.03,10.61,0.03,0.0,0.2,0.0,-0.17,0.0
district,Lumbini,Nawalparasi (Bardaghat Susta West),Male,15 Year,3801,9,385,2181,1076,133,0,0,0,1,2,14,0.05,31.81,0.05,3.5,0.27,4.89,-0.22,-1.39
district,Lumbini,Nawalparasi (Bardaghat Susta West),Male,16 - 19 Years,15701,22,1256,4155,4674,3527,1966,51,0,4,16,30,0.1,65.08,0.1,35.31,0.26,39.53,-0.16,-4.22
district,Lumbini,Nawalparasi (Bardaghat Susta West),Male,20 - 24 Years,17569,5,1701,3451,3056,2473,5893,791,112,12,34,41,0.19,70.15,0.19,52.76,0.35,51.42,-0.16,1.34
district,Lumbini,Nawalparasi (Bardaghat Susta West),Male,25 - 29 Years,14249,15,2137,3073,3053,1399,2946,1121,396,12,55,42,0.39,62.57,0.39,41.14,0.89,40.25,-0.5,0.89
district,Lumbini,Nawalparasi (Bardaghat Susta West),Male,30 - 34 Years,12414,7,2443,3085,2414,1119,1957,834,441,12,56,46,0.45,54.49,0.45,35.05,1.62,33.05,-1.17,2.0
district,Lumbini,Nawalparasi (Bardaghat Susta West),Male,35 - 39 Years,11785,10,2939,3132,2597,979,1155,458,354,13,98,50,0.83,47.03,0.83,25.0,4.39,20.81,-3.56,4.19
district,Lumbini,Nawalparasi (Bardaghat Susta West),Male,40 - 44 Years,9651,9,2714,2486,2251,717,720,292,252,17,123,70,1.27,43.85,1.27,20.53,6.82,14.93,-5.55,5.6
district,Lumbini,Nawalparasi (Bardaghat Susta West),Male,45 - 49 Years,6946,10,2040,1619,1667,564,505,207,145,14,116,59,1.67,44.46,1.67,20.46,10.07,11.87,-8.4,8.59
district,Lumbini,Nawalparasi (Bardaghat Susta West),Male,50 - 54 Years,6412,5,2128,1395,1337,501,480,190,145,12,153,66,2.39,41.38,2.39,20.52,15.95,9.12,-13.56,11.4
district,Lumbini,Nawalparasi (Bardaghat Susta West),Male,55 - 59 Years,4598,8,1784,951,830,311,353,97,63,14,128,59,2.78,35.97,2.78,17.92,20.88,6.37,-18.1,11.55
district,Lumbini,Nawalparasi (Bardaghat Susta West),Male,60 - 64 Years,3559,6,1539,658,512,245,248,98,34,15,145,59,4.07,31.95,4.07,17.56,24.09,5.03,-20.02,12.53
district,Lumbini,Nawalparasi (Bardaghat Susta West),Male,65 - 69 Years,3002,5,1437,585,390,146,163,59,28,11,126,52,4.2,26.18,4.2,13.19,25.13,4.85,-20.93,8.34
district,Lumbini,Nawalparasi (Bardaghat Susta West),Male,70 - 74 Years,1822,2,891,304,215,91,97,32,12,11,123,44,6.75,24.53,6.75,12.73,28.77,4.11,-22.02,8.62
district,Lumbini,Nawalparasi (Bardaghat Susta West),Male,75+ Years,1497,6,725,209,149,46,62,18,8,18,192,64,12.83,18.9,12.83,8.95,27.18,9.06,-14.35,-0.11
district,Lumbini,Nawalparasi (Bardaghat Susta West),Female,Total,130309,6743,37912,27873,21348,10102,16057,3970,1202,330,3474,1298,2.67,40.43,0.94,23.53,2.67,24.04,-1.73,-0.51
district,Lumbini,Nawalparasi (Bardaghat Susta West),Female,05 Year,3145,3100,0,0,0,0,0,0,0,0,6,39,0.19,0.0,0.25,0.0,0.19,0.0,0.06,0.0
district,Lumbini,Nawalparasi (Bardaghat Susta West),Female,06 Year,3211,1827,1354,0,0,0,0,0,0,0,7,23,0.22,0.0,0.08,0.0,0.22,0.0,-0.14,0.0
district,Lumbini,Nawalparasi (Bardaghat Susta West),Female,07 Year,3282,957,2312,0,0,0,0,0,0,0,5,8,0.15,0.0,0.06,0.0,0.15,0.0,-0.09,0.0
district,Lumbini,Nawalparasi (Bardaghat Susta West),Female,08 Year,3492,424,3046,0,0,0,0,0,0,0,5,17,0.14,0.0,0.15,0.0,0.14,0.0,0.01,0.0
district,Lumbini,Nawalparasi (Bardaghat Susta West),Female,09 Year,2977,154,2803,0,0,0,0,0,0,0,1,19,0.03,0.0,0.06,0.0,0.03,0.0,0.03,0.0
district,Lumbini,Nawalparasi (Bardaghat Susta West),Female,10 Year,3728,81,3631,0,0,0,0,0,0,0,6,10,0.16,0.0,0.07,0.0,0.16,0.0,-0.09,0.0
district,Lumbini,Nawalparasi (Bardaghat Susta West),Female,11 Year,2721,17,2181,517,0,0,0,0,0,0,4,2,0.15,0.0,0.03,0.0,0.15,0.0,-0.12,0.0
district,Lumbini,Nawalparasi (Bardaghat Susta West),Female,12 Year,3640,11,2042,1577,0,0,0,0,0,0,5,5,0.14,0.0,0.08,0.0,0.14,0.0,-0.06,0.0
district,Lumbini,Nawalparasi (Bardaghat Susta West),Female,13 Year,3389,4,1091,2286,0,0,0,0,0,0,4,4,0.12,0.0,0.06,0.0,0.12,0.0,-0.06,0.0
district,Lumbini,Nawalparasi (Bardaghat Susta West),Female,14 Year,3539,10,636,2355,523,0,0,0,0,0,7,8,0.2,14.78,0.03,0.0,0.2,0.0,-0.17,0.0
district,Lumbini,Nawalparasi (Bardaghat Susta West),Female,15 Year,3664,16,351,1850,1246,179,0,0,0,0,10,12,0.27,38.89,0.05,3.5,0.27,4.89,-0.22,-1.39
district,Lumbini,Nawalparasi (Bardaghat Susta West),Female,16 - 19 Years,15215,19,1191,3465,4458,3708,2246,60,0,5,39,24,0.26,68.83,0.1,35.31,0.26,39.53,-0.16,-4.22
district,Lumbini,Nawalparasi (Bardaghat Susta West),Female,20 - 24 Years,19205,16,1877,3553,3747,2236,6307,1183,150,13,68,55,0.35,70.93,0.19,52.76,0.35,51.42,-0.16,1.34
district,Lumbini,Nawalparasi (Bardaghat Susta West),Female,25 - 29 Years,16549,28,2504,3207,3886,1327,3625,1305,404,22,147,94,0.89,63.73,0.39,41.14,0.89,40.25,-0.5,0.89
district,Lumbini,Nawalparasi (Bardaghat Susta West),Female,30 - 34 Years,13112,10,2831,2893,2728,1014,2143,813,363,17,213,87,1.62,53.85,0.45,35.05,1.62,33.05,-1.17,2.0
district,Lumbini,Nawalparasi (Bardaghat Susta West),Female,35 - 39 Years,10347,16,2919,2517,2108,660,957,359,177,41,454,139,4.39,41.18,0.83,25.0,4.39,20.81,-3.56,4.19
district,Lumbini,Nawalparasi (Bardaghat Susta West),Female,40 - 44 Years,7028,14,2297,1691,1304,471,383,139,56,38,479,156,6.82,33.48,1.27,20.53,6.82,14.93,-5.55,5.6
district,Lumbini,Nawalparasi (Bardaghat Susta West),Female,45 - 49 Years,4298,7,1568,909,713,240,194,53,23,42,433,116,10.07,28.46,1.67,20.46,10.07,11.87,-8.4,8.59
district,Lumbini,Nawalparasi (Bardaghat Susta West),Female,50 - 54 Years,3267,4,1330,571,354,145,103,32,18,46,521,143,15.95,19.96,2.39,20.52,15.95,9.12,-13.56,11.4
district,Lumbini,Nawalparasi (Bardaghat Susta West),Female,55 - 59 Years,1820,13,780,226,135,59,40,10,7,37,380,133,20.88,13.79,2.78,17.92,20.88,6.37,-18.1,11.55
district,Lumbini,Nawalparasi (Bardaghat Susta West),Female,60 - 64 Years,1233,3,559,121,72,31,25,5,1,32,297,87,24.09,10.87,4.07,17.56,24.09,5.03,-20.02,12.53
district,Lumbini,Nawalparasi (Bardaghat Susta West),Female,65 - 69 Years,784,3,349,80,42,19,12,6,1,18,197,57,25.13,10.2,4.2,13.19,25.13,4.85,-20.93,8.34
district,Lumbini,Nawalparasi (Bardaghat Susta West),Female,70 - 74 Years,365,6,148,31,18,6,6,1,2,13,105,29,28.77,9.04,6.75,12.73,28.77,4.11,-22.02,8.62
district,Lumbini,Nawalparasi (Bardaghat Susta West),Female,75+ Years,298,3,112,24,14,7,16,4,0,6,81,31,27.18,13.76,12.83,8.95,27.18,9.06,-14.35,-0.11
district,Lumbini,Rupandehi,Total,Total,840058,40615,232039,174591,130963,78493,112595,37778,16248,620,9141,6975,1.09,44.77,0.66,28.99,1.57,29.39,-0.91,-0.4
district,Lumbini,Rupandehi,Total,05 Year,19264,18788,0,0,0,0,0,0,0,1,31,444,0.16,0.0,0.11,0.0,0.22,0.0,-0.11,0.0
district,Lumbini,Rupandehi,Total,06 Year,20183,11254,8709,0,0,0,0,0,0,6,24,190,0.12,0.0,0.12,0.0,0.11,0.0,0.01,0.0
district,Lumbini,Rupandehi,Total,07 Year,19342,5399,13785,0,0,0,0,0,0,3,23,132,0.12,0.0,0.1,0.0,0.14,0.0,-0.04,0.0
district,Lumbini,Rupandehi,Total,08 Year,22664,2762,19773,0,0,0,0,0,0,5,17,107,0.08,0.0,0.08,0.0,0.07,0.0,0.01,0.0
district,Lumbini,Rupandehi,Total,09 Year,17991,876,17020,0,0,0,0,0,0,2,4,89,0.02,0.0,0.01,0.0,0.04,0.0,-0.03,0.0
district,Lumbini,Rupandehi,Total,10 Year,24282,531,23646,0,0,0,0,0,0,2,13,90,0.05,0.0,0.08,0.0,0.03,0.0,0.05,0.0
district,Lumbini,Rupandehi,Total,11 Year,16811,127,13163,3462,0,0,0,0,0,2,4,53,0.02,0.0,0.02,0.0,0.03,0.0,-0.01,0.0
district,Lumbini,Rupandehi,Total,12 Year,23690,135,12913,10555,0,0,0,0,0,2,7,78,0.03,0.0,0.02,0.0,0.04,0.0,-0.02,0.0
district,Lumbini,Rupandehi,Total,13 Year,20331,39,6150,14076,0,0,0,0,0,2,2,62,0.01,0.0,0.01,0.0,0.01,0.0,0.0,0.0
district,Lumbini,Rupandehi,Total,14 Year,21829,34,4197,14368,3164,0,0,0,0,2,4,60,0.02,14.49,0.03,0.0,0.01,0.0,0.02,0.0
district,Lumbini,Rupandehi,Total,15 Year,22401,35,2302,11274,7260,1420,0,0,0,2,13,95,0.06,38.75,0.04,5.18,0.07,7.52,-0.03,-2.34
district,Lumbini,Rupandehi,Total,16 - 19 Years,93264,104,7127,20647,24136,25086,15237,544,0,26,116,241,0.12,69.7,0.1,42.58,0.15,45.14,-0.05,-2.56
district,Lumbini,Rupandehi,Total,20 - 24 Years,108044,66,10075,17560,17601,12806,40038,8254,960,53,274,357,0.25,73.73,0.23,57.6,0.28,57.28,-0.05,0.32
district,Lumbini,Rupandehi,Total,25 - 29 Years,89902,71,12389,16512,17428,8424,20455,10311,3498,28,395,391,0.44,66.87,0.31,47.13,0.55,47.79,-0.24,-0.66
district,Lumbini,Rupandehi,Total,30 - 34 Years,75561,68,13413,14855,13378,7274,14068,7340,4199,38,492,436,0.65,61.22,0.37,43.37,0.91,43.66,-0.54,-0.29
district,Lumbini,Rupandehi,Total,35 - 39 Years,67526,55,15092,15467,13699,6840,8156,3984,2910,55,756,512,1.12,52.7,0.53,33.29,1.76,31.48,-1.23,1.81
district,Lumbini,Rupandehi,Total,40 - 44 Years,52440,53,12364,12046,11811,5621,5049,2355,1706,48,881,506,1.68,50.61,0.68,30.03,2.92,25.7,-2.24,4.33
district,Lumbini,Rupandehi,Total,45 - 49 Years,36690,45,9265,7615,8319,4002,3338,1574,1132,57,871,472,2.37,50.05,0.91,31.02,4.48,22.15,-3.57,8.87
district,Lumbini,Rupandehi,Total,50 - 54 Years,30311,35,9018,5904,6041,3013,2546,1260,759,67,1127,541,3.72,44.93,1.2,29.59,7.96,17.27,-6.76,12.32
district,Lumbini,Rupandehi,Total,55 - 59 Years,19768,32,6611,3719,3395,1690,1454,844,431,57,1052,483,5.32,39.53,1.85,26.59,12.48,13.62,-10.63,12.97
district,Lumbini,Rupandehi,Total,60 - 64 Years,15309,40,5915,2687,2092,1058,1038,573,303,55,1027,521,6.71,33.08,2.67,23.77,15.89,9.52,-13.22,14.25
district,Lumbini,Rupandehi,Total,65 - 69 Years,10792,31,4362,1969,1422,656,613,391,188,32,728,400,6.75,30.3,3.23,19.99,16.65,9.05,-13.42,10.94
district,Lumbini,Rupandehi,Total,70 - 74 Years,6452,15,2645,1109,749,369,357,217,98,29,537,327,8.32,27.74,5.64,18.18,17.82,8.87,-12.18,9.31
district,Lumbini,Rupandehi,Total,75+ Years,5211,20,2105,766,468,234,246,131,64,46,743,388,14.26,21.93,12.62,14.14,21.8,7.52,-9.18,6.62
district,Lumbini,Rupandehi,Male,Total,445335,22088,121865,95303,70757,42393,57217,19567,9941,198,2925,3081,0.66,44.88,0.66,28.99,1.57,29.39,-0.91,-0.4
district,Lumbini,Rupandehi,Male,05 Year,10191,9945,0,0,0,0,0,0,0,1,11,234,0.11,0.0,0.11,0.0,0.22,0.0,-0.11,0.0
district,Lumbini,Rupandehi,Male,06 Year,10556,6185,4253,0,0,0,0,0,0,5,13,100,0.12,0.0,0.12,0.0,0.11,0.0,0.01,0.0
district,Lumbini,Rupandehi,Male,07 Year,10139,3056,7008,0,0,0,0,0,0,1,10,64,0.1,0.0,0.1,0.0,0.14,0.0,-0.04,0.0
district,Lumbini,Rupandehi,Male,08 Year,12071,1641,10366,0,0,0,0,0,0,3,10,51,0.08,0.0,0.08,0.0,0.07,0.0,0.01,0.0
district,Lumbini,Rupandehi,Male,09 Year,9530,493,8982,0,0,0,0,0,0,1,1,53,0.01,0.0,0.01,0.0,0.04,0.0,-0.03,0.0
district,Lumbini,Rupandehi,Male,10 Year,12845,287,12507,0,0,0,0,0,0,0,10,41,0.08,0.0,0.08,0.0,0.03,0.0,0.05,0.0
district,Lumbini,Rupandehi,Male,11 Year,8920,70,7170,1659,0,0,0,0,0,1,2,18,0.02,0.0,0.02,0.0,0.03,0.0,-0.01,0.0
district,Lumbini,Rupandehi,Male,12 Year,12459,79,7075,5258,0,0,0,0,0,0,3,44,0.02,0.0,0.02,0.0,0.04,0.0,-0.02,0.0
district,Lumbini,Rupandehi,Male,13 Year,10444,23,3345,7047,0,0,0,0,0,0,1,28,0.01,0.0,0.01,0.0,0.01,0.0,0.0,0.0
district,Lumbini,Rupandehi,Male,14 Year,11301,20,2312,7483,1450,0,0,0,0,1,3,32,0.03,12.83,0.03,0.0,0.01,0.0,0.02,0.0
district,Lumbini,Rupandehi,Male,15 Year,11328,22,1166,6003,3498,587,0,0,0,0,5,47,0.04,36.06,0.04,5.18,0.07,7.52,-0.03,-2.34
district,Lumbini,Rupandehi,Male,16 - 19 Years,48049,58,3413,11127,12809,12912,7319,227,0,9,50,125,0.1,69.24,0.1,42.58,0.15,45.14,-0.05,-2.56
district,Lumbini,Rupandehi,Male,20 - 24 Years,52834,27,4522,8969,8584,7196,19400,3410,427,13,122,164,0.23,73.85,0.23,57.6,0.28,57.28,-0.05,0.32
district,Lumbini,Rupandehi,Male,25 - 29 Years,42246,28,5465,8474,8060,4130,9471,4661,1650,8,131,168,0.31,66.21,0.31,47.13,0.55,47.79,-0.24,-0.66
district,Lumbini,Rupandehi,Male,30 - 34 Years,36546,27,6151,7876,6335,3448,6574,3586,2241,11,137,160,0.37,60.7,0.37,43.37,0.91,43.66,-0.54,-0.29
district,Lumbini,Rupandehi,Male,35 - 39 Years,35025,10,7440,8527,6972,3399,4336,2101,1824,13,184,219,0.53,53.2,0.53,33.29,1.76,31.48,-1.23,1.81
district,Lumbini,Rupandehi,Male,40 - 44 Years,28977,19,6436,6792,6620,3000,2939,1524,1238,10,197,202,0.68,52.87,0.68,30.03,2.92,25.7,-2.24,4.33
district,Lumbini,Rupandehi,Male,45 - 49 Years,21638,25,4698,4489,5339,2478,2170,1140,924,11,196,168,0.91,55.69,0.91,31.02,4.48,22.15,-3.57,8.87
district,Lumbini,Rupandehi,Male,50 - 54 Years,19019,14,4817,3782,4355,2045,1915,1018,650,14,228,181,1.2,52.49,1.2,29.59,7.96,17.27,-6.76,12.32
district,Lumbini,Rupandehi,Male,55 - 59 Years,13308,5,3986,2657,2712,1262,1144,738,395,16,246,147,1.85,46.97,1.85,26.59,12.48,13.62,-10.63,12.97
district,Lumbini,Rupandehi,Male,60 - 64 Years,10633,14,3868,2013,1717,864,880,508,275,13,284,197,2.67,39.91,2.67,23.77,15.89,9.52,-13.22,14.25
district,Lumbini,Rupandehi,Male,65 - 69 Years,7964,19,3097,1569,1234,548,537,341,166,15,257,181,3.23,35.48,3.23,19.99,16.65,9.05,-13.42,10.94
district,Lumbini,Rupandehi,Male,70 - 74 Years,5032,7,2041,926,658,319,313,193,90,15,284,186,5.64,31.26,5.64,18.18,17.82,8.87,-12.18,9.31
district,Lumbini,Rupandehi,Male,75+ Years,4280,14,1747,652,414,205,219,120,61,37,540,271,12.62,23.81,12.62,14.14,21.8,7.52,-9.18,6.62
district,Lumbini,Rupandehi,Female,Total,394723,18527,110174,79288,60206,36100,55378,18211,6307,422,6216,3894,1.57,44.64,0.66,28.99,1.57,29.39,-0.91,-0.4
district,Lumbini,Rupandehi,Female,05 Year,9073,8843,0,0,0,0,0,0,0,0,20,210,0.22,0.0,0.11,0.0,0.22,0.0,-0.11,0.0
district,Lumbini,Rupandehi,Female,06 Year,9627,5069,4456,0,0,0,0,0,0,1,11,90,0.11,0.0,0.12,0.0,0.11,0.0,0.01,0.0
district,Lumbini,Rupandehi,Female,07 Year,9203,2343,6777,0,0,0,0,0,0,2,13,68,0.14,0.0,0.1,0.0,0.14,0.0,-0.04,0.0
district,Lumbini,Rupandehi,Female,08 Year,10593,1121,9407,0,0,0,0,0,0,2,7,56,0.07,0.0,0.08,0.0,0.07,0.0,0.01,0.0
district,Lumbini,Rupandehi,Female,09 Year,8461,383,8038,0,0,0,0,0,0,1,3,36,0.04,0.0,0.01,0.0,0.04,0.0,-0.03,0.0
district,Lumbini,Rupandehi,Female,10 Year,11437,244,11139,0,0,0,0,0,0,2,3,49,0.03,0.0,0.08,0.0,0.03,0.0,0.05,0.0
district,Lumbini,Rupandehi,Female,11 Year,7891,57,5993,1803,0,0,0,0,0,1,2,35,0.03,0.0,0.02,0.0,0.03,0.0,-0.01,0.0
district,Lumbini,Rupandehi,Female,12 Year,11231,56,5838,5297,0,0,0,0,0,2,4,34,0.04,0.0,0.02,0.0,0.04,0.0,-0.02,0.0
district,Lumbini,Rupandehi,Female,13 Year,9887,16,2805,7029,0,0,0,0,0,2,1,34,0.01,0.0,0.01,0.0,0.01,0.0,0.0,0.0
district,Lumbini,Rupandehi,Female,14 Year,10528,14,1885,6885,1714,0,0,0,0,1,1,28,0.01,16.28,0.03,0.0,0.01,0.0,0.02,0.0
district,Lumbini,Rupandehi,Female,15 Year,11073,13,1136,5271,3762,833,0,0,0,2,8,48,0.07,41.5,0.04,5.18,0.07,7.52,-0.03,-2.34
district,Lumbini,Rupandehi,Female,16 - 19 Years,45215,46,3714,9520,11327,12174,7918,317,0,17,66,116,0.15,70.19,0.1,42.58,0.15,45.14,-0.05,-2.56
district,Lumbini,Rupandehi,Female,20 - 24 Years,55210,39,5553,8591,9017,5610,20638,4844,533,40,152,193,0.28,73.61,0.23,57.6,0.28,57.28,-0.05,0.32
district,Lumbini,Rupandehi,Female,25 - 29 Years,47656,43,6924,8038,9368,4294,10984,5650,1848,20,264,223,0.55,67.45,0.31,47.13,0.55,47.79,-0.24,-0.66
district,Lumbini,Rupandehi,Female,30 - 34 Years,39015,41,7262,6979,7043,3826,7494,3754,1958,27,355,276,0.91,61.71,0.37,43.37,0.91,43.66,-0.54,-0.29
district,Lumbini,Rupandehi,Female,35 - 39 Years,32501,45,7652,6940,6727,3441,3820,1883,1086,42,572,293,1.76,52.17,0.53,33.29,1.76,31.48,-1.23,1.81
district,Lumbini,Rupandehi,Female,40 - 44 Years,23463,34,5928,5254,5191,2621,2110,831,468,38,684,304,2.92,47.82,0.68,30.03,2.92,25.7,-2.24,4.33
district,Lumbini,Rupandehi,Female,45 - 49 Years,15052,20,4567,3126,2980,1524,1168,434,208,46,675,304,4.48,41.95,0.91,31.02,4.48,22.15,-3.57,8.87
district,Lumbini,Rupandehi,Female,50 - 54 Years,11292,21,4201,2122,1686,968,631,242,109,53,899,360,7.96,32.2,1.2,29.59,7.96,17.27,-6.76,12.32
district,Lumbini,Rupandehi,Female,55 - 59 Years,6460,27,2625,1062,683,428,310,106,36,41,806,336,12.48,24.2,1.85,26.59,12.48,13.62,-10.63,12.97
district,Lumbini,Rupandehi,Female,60 - 64 Years,4676,26,2047,674,375,194,158,65,28,42,743,324,15.89,17.54,2.67,23.77,15.89,9.52,-13.22,14.25
district,Lumbini,Rupandehi,Female,65 - 69 Years,2828,12,1265,400,188,108,76,50,22,17,471,219,16.65,15.7,3.23,19.99,16.65,9.05,-13.42,10.94
district,Lumbini,Rupandehi,Female,70 - 74 Years,1420,8,604,183,91,50,44,24,8,14,253,141,17.82,15.28,5.64,18.18,17.82,8.87,-12.18,9.31
district,Lumbini,Rupandehi,Female,75+ Years,931,6,358,114,54,29,27,11,3,9,203,117,21.8,13.32,12.62,14.14,21.8,7.52,-9.18,6.62
district,Lumbini,Kapilbastu,Total,Total,446190,27754,169751,97930,65888,26818,35410,10228,4337,185,4863,3026,1.09,31.98,0.69,17.63,1.56,16.72,-0.87,0.91
district,Lumbini,Kapilbastu,Total,05 Year,13598,13333,0,0,0,0,0,0,0,2,8,255,0.06,0.0,0.07,0.0,0.05,0.0,0.02,0.0
district,Lumbini,Kapilbastu,Total,06 Year,13903,6046,7695,0,0,0,0,0,0,0,10,152,0.07,0.0,0.11,0.0,0.03,0.0,0.08,0.0
district,Lumbini,Kapilbastu,Total,07 Year,13328,3521,9698,0,0,0,0,0,0,2,13,94,0.1,0.0,0.09,0.0,0.11,0.0,-0.02,0.0
district,Lumbini,Kapilbastu,Total,08 Year,17187,2382,14664,0,0,0,0,0,0,3,29,109,0.17,0.0,0.17,0.0,0.17,0.0,0.0,0.0
district,Lumbini,Kapilbastu,Total,09 Year,11568,835,10661,0,0,0,0,0,0,1,6,65,0.05,0.0,0.03,0.0,0.07,0.0,-0.04,0.0
district,Lumbini,Kapilbastu,Total,10 Year,18284,639,17524,0,0,0,0,0,0,0,23,98,0.13,0.0,0.07,0.0,0.18,0.0,-0.11,0.0
district,Lumbini,Kapilbastu,Total,11 Year,10758,172,8676,1865,0,0,0,0,0,0,13,32,0.12,0.0,0.07,0.0,0.18,0.0,-0.11,0.0
district,Lumbini,Kapilbastu,Total,12 Year,17489,139,11119,6164,0,0,0,0,0,0,25,42,0.14,0.0,0.08,0.0,0.22,0.0,-0.14,0.0
district,Lumbini,Kapilbastu,Total,13 Year,13636,47,6159,7369,0,0,0,0,0,0,17,44,0.12,0.0,0.04,0.0,0.2,0.0,-0.16,0.0
district,Lumbini,Kapilbastu,Total,14 Year,14727,45,4688,8378,1562,0,0,0,0,0,17,37,0.12,10.61,0.0,0.0,0.23,0.0,-0.23,0.0
district,Lumbini,Kapilbastu,Total,15 Year,15283,43,3191,7935,3542,487,0,0,0,2,27,56,0.18,26.36,0.04,2.72,0.32,3.66,-0.28,-0.94
district,Lumbini,Kapilbastu,Total,16 - 19 Years,55507,82,9177,16727,15257,8940,4817,169,0,4,166,168,0.3,52.58,0.16,23.88,0.43,26.29,-0.27,-2.41
district,Lumbini,Kapilbastu,Total,20 - 24 Years,55547,49,10251,11783,12569,5182,12197,2523,474,19,303,197,0.55,59.31,0.31,37.73,0.77,35.68,-0.46,2.05
district,Lumbini,Kapilbastu,Total,25 - 29 Years,44173,74,10363,9583,9708,3338,6776,2743,1024,13,338,213,0.77,53.4,0.49,31.82,1.04,31.03,-0.55,0.79
district,Lumbini,Kapilbastu,Total,30 - 34 Years,32898,55,9563,7429,5776,2540,4168,1761,956,16,429,205,1.3,46.21,0.73,29.15,1.94,28.09,-1.21,1.06
district,Lumbini,Kapilbastu,Total,35 - 39 Years,27924,43,9120,6646,5259,1970,2390,1083,661,16,502,234,1.8,40.69,0.84,22.54,3.13,20.91,-2.29,1.63
district,Lumbini,Kapilbastu,Total,40 - 44 Years,20414,41,6912,4739,3963,1528,1497,571,402,21,547,193,2.68,39.0,1.19,20.99,5.08,17.31,-3.89,3.68
district,Lumbini,Kapilbastu,Total,45 - 49 Years,14429,40,5084,2878,2975,991,1096,443,278,17,482,145,3.34,40.08,1.41,21.76,7.1,14.96,-5.69,6.8
district,Lumbini,Kapilbastu,Total,50 - 54 Years,11531,38,4397,2145,2000,771,937,331,214,16,508,174,4.41,36.88,1.9,22.9,10.29,11.63,-8.39,11.27
district,Lumbini,Kapilbastu,Total,55 - 59 Years,7971,31,3385,1512,1242,387,574,200,118,13,386,123,4.84,31.63,2.0,18.54,13.25,8.68,-11.25,9.86
district,Lumbini,Kapilbastu,Total,60 - 64 Years,5845,28,2627,1020,777,276,401,166,93,7,339,111,5.8,29.31,2.88,18.94,14.8,6.98,-11.92,11.96
district,Lumbini,Kapilbastu,Total,65 - 69 Years,4856,21,2252,866,630,217,285,132,60,8,270,115,5.56,27.27,3.54,16.22,13.5,6.7,-9.96,9.52
district,Lumbini,Kapilbastu,Total,70 - 74 Years,3104,25,1497,546,386,113,169,58,34,9,188,79,6.06,24.48,4.43,13.37,13.19,6.25,-8.76,7.12
district,Lumbini,Kapilbastu,Total,75+ Years,2230,25,1048,345,242,78,103,48,23,16,217,85,9.73,22.15,8.91,12.28,13.59,6.67,-4.68,5.61
district,Lumbini,Kapilbastu,Male,Total,240939,14906,88537,54378,37498,14536,19151,5861,2926,78,1656,1412,0.69,33.19,0.69,17.63,1.56,16.72,-0.87,0.91
district,Lumbini,Kapilbastu,Male,05 Year,7080,6957,0,0,0,0,0,0,0,1,5,117,0.07,0.0,0.07,0.0,0.05,0.0,0.02,0.0
district,Lumbini,Kapilbastu,Male,06 Year,7183,3326,3778,0,0,0,0,0,0,0,8,71,0.11,0.0,0.11,0.0,0.03,0.0,0.08,0.0
district,Lumbini,Kapilbastu,Male,07 Year,6700,1926,4716,0,0,0,0,0,0,2,6,50,0.09,0.0,0.09,0.0,0.11,0.0,-0.02,0.0
district,Lumbini,Kapilbastu,Male,08 Year,8743,1371,7298,0,0,0,0,0,0,2,15,57,0.17,0.0,0.17,0.0,0.17,0.0,0.0,0.0
district,Lumbini,Kapilbastu,Male,09 Year,5973,472,5471,0,0,0,0,0,0,0,2,28,0.03,0.0,0.03,0.0,0.07,0.0,-0.04,0.0
district,Lumbini,Kapilbastu,Male,10 Year,9590,361,9171,0,0,0,0,0,0,0,7,51,0.07,0.0,0.07,0.0,0.18,0.0,-0.11,0.0
district,Lumbini,Kapilbastu,Male,11 Year,5632,108,4615,893,0,0,0,0,0,0,4,12,0.07,0.0,0.07,0.0,0.18,0.0,-0.11,0.0
district,Lumbini,Kapilbastu,Male,12 Year,9166,71,6035,3028,0,0,0,0,0,0,7,25,0.08,0.0,0.08,0.0,0.22,0.0,-0.14,0.0
district,Lumbini,Kapilbastu,Male,13 Year,6676,29,3161,3463,0,0,0,0,0,0,3,20,0.04,0.0,0.04,0.0,0.2,0.0,-0.16,0.0
district,Lumbini,Kapilbastu,Male,14 Year,7321,28,2456,4153,668,0,0,0,0,0,0,16,0.0,9.12,0.0,0.0,0.23,0.0,-0.23,0.0
district,Lumbini,Kapilbastu,Male,15 Year,7682,20,1597,4181,1646,209,0,0,0,0,3,26,0.04,24.15,0.04,2.72,0.32,3.66,-0.28,-0.94
district,Lumbini,Kapilbastu,Male,16 - 19 Years,27621,46,4109,8814,7940,4315,2229,52,0,1,45,70,0.16,52.63,0.16,23.88,0.43,26.29,-0.27,-2.41
district,Lumbini,Kapilbastu,Male,20 - 24 Years,27152,26,4364,6042,6299,2709,6104,1198,234,6,84,86,0.31,60.93,0.31,37.73,0.77,35.68,-0.46,2.05
district,Lumbini,Kapilbastu,Male,25 - 29 Years,22058,30,4665,5180,4960,1713,3294,1436,576,5,107,92,0.49,54.31,0.49,31.82,1.04,31.03,-0.55,0.79
district,Lumbini,Kapilbastu,Male,30 - 34 Years,17283,17,4451,4329,3217,1292,2200,956,590,8,126,97,0.73,47.76,0.73,29.15,1.94,28.09,-1.21,1.06
district,Lumbini,Kapilbastu,Male,35 - 39 Years,16233,19,4887,4200,3230,1108,1385,675,491,3,136,99,0.84,42.44,0.84,22.54,3.13,20.91,-2.29,1.63
district,Lumbini,Kapilbastu,Male,40 - 44 Years,12604,12,3934,3068,2717,951,991,391,313,3,150,74,1.19,42.55,1.19,20.99,5.08,17.31,-3.89,3.68
district,Lumbini,Kapilbastu,Male,45 - 49 Years,9543,17,3013,1986,2248,697,805,342,233,6,135,61,1.41,45.32,1.41,21.76,7.1,14.96,-5.69,6.8
district,Lumbini,Kapilbastu,Male,50 - 54 Years,8091,8,2772,1567,1648,618,766,276,193,6,154,83,1.9,43.27,1.9,22.9,10.29,11.63,-8.39,11.27
district,Lumbini,Kapilbastu,Male,55 - 59 Years,5956,11,2385,1168,1106,329,493,177,105,7,119,56,2.0,37.11,2.0,18.54,13.25,8.68,-11.25,9.86
district,Lumbini,Kapilbastu,Male,60 - 64 Years,4413,9,1887,815,688,240,371,140,85,3,127,48,2.88,34.53,2.88,18.94,14.8,6.98,-11.92,11.96
district,Lumbini,Kapilbastu,Male,65 - 69 Years,3871,10,1719,742,570,193,263,119,53,5,137,60,3.54,30.95,3.54,16.22,13.5,6.7,-9.96,9.52
district,Lumbini,Kapilbastu,Male,70 - 74 Years,2528,15,1197,455,347,95,158,54,31,7,112,57,4.43,27.1,4.43,13.37,13.19,6.25,-8.76,7.12
district,Lumbini,Kapilbastu,Male,75+ Years,1840,17,856,294,214,67,92,45,22,13,164,56,8.91,23.91,8.91,12.28,13.59,6.67,-4.68,5.61
district,Lumbini,Kapilbastu,Female,Total,205251,12848,81214,43552,28390,12282,16259,4367,1411,107,3207,1614,1.56,30.55,0.69,17.63,1.56,16.72,-0.87,0.91
district,Lumbini,Kapilbastu,Female,05 Year,6518,6376,0,0,0,0,0,0,0,1,3,138,0.05,0.0,0.07,0.0,0.05,0.0,0.02,0.0
district,Lumbini,Kapilbastu,Female,06 Year,6720,2720,3917,0,0,0,0,0,0,0,2,81,0.03,0.0,0.11,0.0,0.03,0.0,0.08,0.0
district,Lumbini,Kapilbastu,Female,07 Year,6628,1595,4982,0,0,0,0,0,0,0,7,44,0.11,0.0,0.09,0.0,0.11,0.0,-0.02,0.0
district,Lumbini,Kapilbastu,Female,08 Year,8444,1011,7366,0,0,0,0,0,0,1,14,52,0.17,0.0,0.17,0.0,0.17,0.0,0.0,0.0
district,Lumbini,Kapilbastu,Female,09 Year,5595,363,5190,0,0,0,0,0,0,1,4,37,0.07,0.0,0.03,0.0,0.07,0.0,-0.04,0.0
district,Lumbini,Kapilbastu,Female,10 Year,8694,278,8353,0,0,0,0,0,0,0,16,47,0.18,0.0,0.07,0.0,0.18,0.0,-0.11,0.0
district,Lumbini,Kapilbastu,Female,11 Year,5126,64,4061,972,0,0,0,0,0,0,9,20,0.18,0.0,0.07,0.0,0.18,0.0,-0.11,0.0
district,Lumbini,Kapilbastu,Female,12 Year,8323,68,5084,3136,0,0,0,0,0,0,18,17,0.22,0.0,0.08,0.0,0.22,0.0,-0.14,0.0
district,Lumbini,Kapilbastu,Female,13 Year,6960,18,2998,3906,0,0,0,0,0,0,14,24,0.2,0.0,0.04,0.0,0.2,0.0,-0.16,0.0
district,Lumbini,Kapilbastu,Female,14 Year,7406,17,2232,4225,894,0,0,0,0,0,17,21,0.23,12.07,0.0,0.0,0.23,0.0,-0.23,0.0
district,Lumbini,Kapilbastu,Female,15 Year,7601,23,1594,3754,1896,278,0,0,0,2,24,30,0.32,28.6,0.04,2.72,0.32,3.66,-0.28,-0.94
district,Lumbini,Kapilbastu,Female,16 - 19 Years,27886,36,5068,7913,7317,4625,2588,117,0,3,121,98,0.43,52.52,0.16,23.88,0.43,26.29,-0.27,-2.41
district,Lumbini,Kapilbastu,Female,20 - 24 Years,28395,23,5887,5741,6270,2473,6093,1325,240,13,219,111,0.77,57.76,0.31,37.73,0.77,35.68,-0.46,2.05
district,Lumbini,Kapilbastu,Female,25 - 29 Years,22115,44,5698,4403,4748,1625,3482,1307,448,8,231,121,1.04,52.5,0.49,31.82,1.04,31.03,-0.55,0.79
district,Lumbini,Kapilbastu,Female,30 - 34 Years,15615,38,5112,3100,2559,1248,1968,805,366,8,303,108,1.94,44.48,0.73,29.15,1.94,28.09,-1.21,1.06
district,Lumbini,Kapilbastu,Female,35 - 39 Years,11691,24,4233,2446,2029,862,1005,408,170,13,366,135,3.13,38.27,0.84,22.54,3.13,20.91,-2.29,1.63
district,Lumbini,Kapilbastu,Female,40 - 44 Years,7810,29,2978,1671,1246,577,506,180,89,18,397,119,5.08,33.27,1.19,20.99,5.08,17.31,-3.89,3.68
district,Lumbini,Kapilbastu,Female,45 - 49 Years,4886,23,2071,892,727,294,291,101,45,11,347,84,7.1,29.84,1.41,21.76,7.1,14.96,-5.69,6.8
district,Lumbini,Kapilbastu,Female,50 - 54 Years,3440,30,1625,578,352,153,171,55,21,10,354,91,10.29,21.86,1.9,22.9,10.29,11.63,-8.39,11.27
district,Lumbini,Kapilbastu,Female,55 - 59 Years,2015,20,1000,344,136,58,81,23,13,6,267,67,13.25,15.43,2.0,18.54,13.25,8.68,-11.25,9.86
district,Lumbini,Kapilbastu,Female,60 - 64 Years,1432,19,740,205,89,36,30,26,8,4,212,63,14.8,13.2,2.88,18.94,14.8,6.98,-11.92,11.96
district,Lumbini,Kapilbastu,Female,65 - 69 Years,985,11,533,124,60,24,22,13,7,3,133,55,13.5,12.79,3.54,16.22,13.5,6.7,-9.96,9.52
district,Lumbini,Kapilbastu,Female,70 - 74 Years,576,10,300,91,39,18,11,4,3,2,76,22,13.19,13.02,4.43,13.37,13.19,6.25,-8.76,7.12
district,Lumbini,Kapilbastu,Female,75+ Years,390,8,192,51,28,11,11,3,1,3,53,29,13.59,13.85,8.91,12.28,13.59,6.67,-4.68,5.61
district,Lumbini,Dang,Total,Total,505374,21433,147316,112872,84965,40255,57674,17318,7587,489,10624,4841,2.1,41.12,1.42,24.1,2.81,24.52,-1.39,-0.42
district,Lumbini,Dang,Total,05 Year,11334,11118,0,0,0,0,0,0,0,0,39,177,0.34,0.0,0.32,0.0,0.37,0.0,-0.05,0.0
district,Lumbini,Dang,Total,06 Year,12180,5922,6144,0,0,0,0,0,0,0,24,90,0.2,0.0,0.19,0.0,0.2,0.0,-0.01,0.0
district,Lumbini,Dang,Total,07 Year,12137,2540,9519,0,0,0,0,0,0,0,19,59,0.16,0.0,0.16,0.0,0.15,0.0,0.01,0.0
district,Lumbini,Dang,Total,08 Year,13099,846,12167,0,0,0,0,0,0,0,7,79,0.05,0.0,0.03,0.0,0.08,0.0,-0.05,0.0
district,Lumbini,Dang,Total,09 Year,12240,225,11942,0,0,0,0,0,0,0,4,69,0.03,0.0,0.02,0.0,0.05,0.0,-0.03,0.0
district,Lumbini,Dang,Total,10 Year,13368,80,13210,0,0,0,0,0,0,0,5,73,0.04,0.0,0.06,0.0,0.02,0.0,0.04,0.0
district,Lumbini,Dang,Total,11 Year,11743,33,8893,2785,0,0,0,0,0,0,1,31,0.01,0.0,0.02,0.0,0.0,0.0,0.02,0.0
district,Lumbini,Dang,Total,12 Year,14129,32,6467,7583,0,0,0,0,0,0,4,43,0.03,0.0,0.03,0.0,0.03,0.0,0.0,0.0
district,Lumbini,Dang,Total,13 Year,13332,26,2846,10418,0,0,0,0,0,0,4,38,0.03,0.0,0.05,0.0,0.01,0.0,0.04,0.0
district,Lumbini,Dang,Total,14 Year,14444,13,1612,9962,2811,0,0,0,0,0,6,40,0.04,19.46,0.08,0.0,0.0,0.0,0.08,0.0
district,Lumbini,Dang,Total,15 Year,14479,27,926,6780,5748,928,0,0,0,0,6,64,0.04,46.11,0.06,5.49,0.03,7.3,0.03,-1.81
district,Lumbini,Dang,Total,16 - 19 Years,58014,54,3566,11560,17278,14744,10226,388,0,2,53,143,0.09,73.49,0.09,41.2,0.09,46.08,0.0,-4.88
district,Lumbini,Dang,Total,20 - 24 Years,66311,43,5958,13143,14531,7324,19574,4660,638,24,213,203,0.32,70.47,0.26,48.26,0.37,48.77,-0.11,-0.51
district,Lumbini,Dang,Total,25 - 29 Years,58639,60,8682,12941,14617,5141,10564,4194,1701,20,437,282,0.75,61.76,0.48,38.06,0.95,35.9,-0.47,2.16
district,Lumbini,Dang,Total,30 - 34 Years,46897,49,10935,10954,7956,3466,7309,3115,1772,44,905,392,1.93,50.36,0.85,36.25,2.85,30.98,-2.0,5.27
district,Lumbini,Dang,Total,35 - 39 Years,38511,69,11340,9754,6418,2452,3581,1655,1191,62,1455,534,3.78,39.72,1.51,26.68,6.02,19.47,-4.51,7.21
district,Lumbini,Dang,Total,40 - 44 Years,29927,67,9332,6716,5410,2025,2286,1034,810,81,1618,548,5.41,38.64,2.21,24.17,9.33,16.14,-7.12,8.03
district,Lumbini,Dang,Total,45 - 49 Years,21085,52,7055,3844,3905,1422,1485,767,536,71,1449,499,6.87,38.49,3.26,23.31,12.6,14.67,-9.34,8.64
district,Lumbini,Dang,Total,50 - 54 Years,16632,66,5800,2643,2716,1202,1236,654,454,57,1360,444,8.18,37.65,3.89,25.44,16.48,13.34,-12.59,12.1
district,Lumbini,Dang,Total,55 - 59 Years,9732,39,3655,1376,1560,659,618,327,216,38,940,304,9.66,34.73,5.63,22.05,19.51,10.52,-13.88,11.53
district,Lumbini,Dang,Total,60 - 64 Years,7365,27,3051,1046,986,422,379,253,121,33,821,226,11.15,29.34,7.76,18.74,20.72,8.1,-12.96,10.64
district,Lumbini,Dang,Total,65 - 69 Years,4787,25,2081,706,525,250,205,140,80,33,529,213,11.05,25.07,8.84,16.71,18.45,5.36,-9.61,11.35
district,Lumbini,Dang,Total,70 - 74 Years,2905,11,1276,411,331,132,111,86,34,13,363,137,12.5,23.89,10.85,13.76,19.29,7.26,-8.44,6.5
district,Lumbini,Dang,Total,75+ Years,2084,9,859,250,173,88,100,45,34,11,362,153,17.37,21.11,16.51,13.56,21.51,9.22,-5.0,4.34
district,Lumbini,Dang,Male,Total,256749,11359,77286,57904,42494,20740,27312,8875,4955,161,3648,2015,1.42,40.65,1.42,24.1,2.81,24.52,-1.39,-0.42
district,Lumbini,Dang,Male,05 Year,5936,5828,0,0,0,0,0,0,0,0,19,89,0.32,0.0,0.32,0.0,0.37,0.0,-0.05,0.0
district,Lumbini,Dang,Male,06 Year,6314,3185,3071,0,0,0,0,0,0,0,12,46,0.19,0.0,0.19,0.0,0.2,0.0,-0.01,0.0
district,Lumbini,Dang,Male,07 Year,6262,1427,4799,0,0,0,0,0,0,0,10,26,0.16,0.0,0.16,0.0,0.15,0.0,0.01,0.0
district,Lumbini,Dang,Male,08 Year,6928,486,6399,0,0,0,0,0,0,0,2,41,0.03,0.0,0.03,0.0,0.08,0.0,-0.05,0.0
district,Lumbini,Dang,Male,09 Year,6393,128,6230,0,0,0,0,0,0,0,1,34,0.02,0.0,0.02,0.0,0.05,0.0,-0.03,0.0
district,Lumbini,Dang,Male,10 Year,6995,38,6918,0,0,0,0,0,0,0,4,35,0.06,0.0,0.06,0.0,0.02,0.0,0.04,0.0
district,Lumbini,Dang,Male,11 Year,6086,18,4761,1288,0,0,0,0,0,0,1,18,0.02,0.0,0.02,0.0,0.0,0.0,0.02,0.0
district,Lumbini,Dang,Male,12 Year,7365,15,3669,3656,0,0,0,0,0,0,2,23,0.03,0.0,0.03,0.0,0.03,0.0,0.0,0.0
district,Lumbini,Dang,Male,13 Year,6664,16,1627,5002,0,0,0,0,0,0,3,16,0.05,0.0,0.05,0.0,0.01,0.0,0.04,0.0
district,Lumbini,Dang,Male,14 Year,7306,7,910,5084,1281,0,0,0,0,0,6,18,0.08,17.53,0.08,0.0,0.0,0.0,0.08,0.0
district,Lumbini,Dang,Male,15 Year,7139,11,543,3508,2640,392,0,0,0,0,4,41,0.06,42.47,0.06,5.49,0.03,7.3,0.03,-1.81
district,Lumbini,Dang,Male,16 - 19 Years,28179,25,1942,6221,8287,6939,4513,159,0,1,25,67,0.09,70.61,0.09,41.2,0.09,46.08,0.0,-4.88
district,Lumbini,Dang,Male,20 - 24 Years,28513,14,2743,6090,5746,3258,8385,1844,274,10,75,74,0.26,68.41,0.26,48.26,0.37,48.77,-0.11,-0.51
district,Lumbini,Dang,Male,25 - 29 Years,25468,19,3730,5784,6021,2454,4461,1877,900,9,121,92,0.48,61.7,0.48,38.06,0.95,35.9,-0.47,2.16
district,Lumbini,Dang,Male,30 - 34 Years,21539,12,4472,5068,3858,1846,3402,1518,1041,6,183,133,0.85,54.16,0.85,36.25,2.85,30.98,-2.0,5.27
district,Lumbini,Dang,Male,35 - 39 Years,19163,18,4996,5035,3536,1458,1905,936,813,12,290,164,1.51,45.13,1.51,26.68,6.02,19.47,-4.51,7.21
district,Lumbini,Dang,Male,40 - 44 Years,16497,15,4746,3873,3342,1283,1422,655,628,19,365,149,2.21,44.43,2.21,24.17,9.33,16.14,-7.12,8.03
district,Lumbini,Dang,Male,45 - 49 Years,12931,18,3964,2573,2754,961,1036,567,450,18,422,168,3.26,44.61,3.26,23.31,12.6,14.67,-9.34,8.64
district,Lumbini,Dang,Male,50 - 54 Years,10971,21,3643,1828,2050,872,974,542,403,17,427,194,3.89,44.13,3.89,25.44,16.48,13.34,-12.59,12.1
district,Lumbini,Dang,Male,55 - 59 Years,6908,21,2534,1032,1251,519,519,292,193,19,389,139,5.63,40.16,5.63,22.05,19.51,10.52,-13.88,11.53
district,Lumbini,Dang,Male,60 - 64 Years,5439,16,2238,777,832,348,328,228,115,15,422,120,7.76,34.03,7.76,18.74,20.72,8.1,-12.96,10.64
district,Lumbini,Dang,Male,65 - 69 Years,3687,13,1592,544,449,220,188,133,75,16,326,131,8.84,28.89,8.84,16.71,18.45,5.36,-9.61,11.35
district,Lumbini,Dang,Male,70 - 74 Years,2340,3,1046,325,294,117,94,80,31,11,254,85,10.85,26.32,10.85,13.76,19.29,7.26,-8.44,6.5
district,Lumbini,Dang,Male,75+ Years,1726,5,713,216,153,73,85,44,32,8,285,112,16.51,22.42,16.51,13.56,21.51,9.22,-5.0,4.34
district,Lumbini,Dang,Female,Total,248625,10074,70030,54968,42471,19515,30362,8443,2632,328,6976,2826,2.81,41.6,1.42,24.1,2.81,24.52,-1.39,-0.42
district,Lumbini,Dang,Female,05 Year,5398,5290,0,0,0,0,0,0,0,0,20,88,0.37,0.0,0.32,0.0,0.37,0.0,-0.05,0.0
district,Lumbini,Dang,Female,06 Year,5866,2737,3073,0,0,0,0,0,0,0,12,44,0.2,0.0,0.19,0.0,0.2,0.0,-0.01,0.0
district,Lumbini,Dang,Female,07 Year,5875,1113,4720,0,0,0,0,0,0,0,9,33,0.15,0.0,0.16,0.0,0.15,0.0,0.01,0.0
district,Lumbini,Dang,Female,08 Year,6171,360,5768,0,0,0,0,0,0,0,5,38,0.08,0.0,0.03,0.0,0.08,0.0,-0.05,0.0
district,Lumbini,Dang,Female,09 Year,5847,97,5712,0,0,0,0,0,0,0,3,35,0.05,0.0,0.02,0.0,0.05,0.0,-0.03,0.0
district,Lumbini,Dang,Female,10 Year,6373,42,6292,0,0,0,0,0,0,0,1,38,0.02,0.0,0.06,0.0,0.02,0.0,0.04,0.0
district,Lumbini,Dang,Female,11 Year,5657,15,4132,1497,0,0,0,0,0,0,0,13,0.0,0.0,0.02,0.0,0.0,0.0,0.02,0.0
district,Lumbini,Dang,Female,12 Year,6764,17,2798,3927,0,0,0,0,0,0,2,20,0.03,0.0,0.03,0.0,0.03,0.0,0.0,0.0
district,Lumbini,Dang,Female,13 Year,6668,10,1219,5416,0,0,0,0,0,0,1,22,0.01,0.0,0.05,0.0,0.01,0.0,0.04,0.0
district,Lumbini,Dang,Female,14 Year,7138,6,702,4878,1530,0,0,0,0,0,0,22,0.0,21.43,0.08,0.0,0.0,0.0,0.08,0.0
district,Lumbini,Dang,Female,15 Year,7340,16,383,3272,3108,536,0,0,0,0,2,23,0.03,49.65,0.06,5.49,0.03,7.3,0.03,-1.81
district,Lumbini,Dang,Female,16 - 19 Years,29835,29,1624,5339,8991,7805,5713,229,0,1,28,76,0.09,76.21,0.09,41.2,0.09,46.08,0.0,-4.88
district,Lumbini,Dang,Female,20 - 24 Years,37798,29,3215,7053,8785,4066,11189,2816,364,14,138,129,0.37,72.01,0.26,48.26,0.37,48.77,-0.11,-0.51
district,Lumbini,Dang,Female,25 - 29 Years,33171,41,4952,7157,8596,2687,6103,2317,801,11,316,190,0.95,61.81,0.48,38.06,0.95,35.9,-0.47,2.16
district,Lumbini,Dang,Female,30 - 34 Years,25358,37,6463,5886,4098,1620,3907,1597,731,38,722,259,2.85,47.14,0.85,36.25,2.85,30.98,-2.0,5.27
district,Lumbini,Dang,Female,35 - 39 Years,19348,51,6344,4719,2882,994,1676,719,378,50,1165,370,6.02,34.37,1.51,26.68,6.02,19.47,-4.51,7.21
district,Lumbini,Dang,Female,40 - 44 Years,13430,52,4586,2843,2068,742,864,379,182,62,1253,399,9.33,31.53,2.21,24.17,9.33,16.14,-7.12,8.03
district,Lumbini,Dang,Female,45 - 49 Years,8154,34,3091,1271,1151,461,449,200,86,53,1027,331,12.6,28.78,3.26,23.31,12.6,14.67,-9.34,8.64
district,Lumbini,Dang,Female,50 - 54 Years,5661,45,2157,815,666,330,262,112,51,40,933,250,16.48,25.1,3.89,25.44,16.48,13.34,-12.59,12.1
district,Lumbini,Dang,Female,55 - 59 Years,2824,18,1121,344,309,140,99,35,23,19,551,165,19.51,21.46,5.63,22.05,19.51,10.52,-13.88,11.53
district,Lumbini,Dang,Female,60 - 64 Years,1926,11,813,269,154,74,51,25,6,18,399,106,20.72,16.1,7.76,18.74,20.72,8.1,-12.96,10.64
district,Lumbini,Dang,Female,65 - 69 Years,1100,12,489,162,76,30,17,7,5,17,203,82,18.45,12.27,8.84,16.71,18.45,5.36,-9.61,11.35
district,Lumbini,Dang,Female,70 - 74 Years,565,8,230,86,37,15,17,6,3,2,109,52,19.29,13.81,10.85,13.76,19.29,7.26,-8.44,6.5
district,Lumbini,Dang,Female,75+ Years,358,4,146,34,20,15,15,1,2,3,77,41,21.51,14.8,16.51,13.56,21.51,9.22,-5.0,4.34
district,Lumbini,Banke,Total,Total,405480,21366,126566,81454,63609,32708,45956,15486,6498,663,7390,3784,1.82,40.51,1.2,24.38,2.52,25.31,-1.32,-0.93
district,Lumbini,Banke,Total,05 Year,10579,10322,0,0,0,0,0,0,0,5,40,212,0.38,0.0,0.37,0.0,0.39,0.0,-0.02,0.0
district,Lumbini,Banke,Total,06 Year,10837,5255,5403,0,0,0,0,0,0,5,42,132,0.39,0.0,0.35,0.0,0.43,0.0,-0.08,0.0
district,Lumbini,Banke,Total,07 Year,10756,2735,7885,0,0,0,0,0,0,9,43,84,0.4,0.0,0.41,0.0,0.39,0.0,0.02,0.0
district,Lumbini,Banke,Total,08 Year,12500,1369,10983,0,0,0,0,0,0,5,50,93,0.4,0.0,0.45,0.0,0.34,0.0,0.11,0.0
district,Lumbini,Banke,Total,09 Year,10633,543,9959,0,0,0,0,0,0,5,28,98,0.26,0.0,0.25,0.0,0.28,0.0,-0.03,0.0
district,Lumbini,Banke,Total,10 Year,12831,282,12389,0,0,0,0,0,0,15,48,97,0.37,0.0,0.37,0.0,0.38,0.0,-0.01,0.0
district,Lumbini,Banke,Total,11 Year,9714,103,7464,2072,0,0,0,0,0,17,23,35,0.24,0.0,0.26,0.0,0.21,0.0,0.05,0.0
district,Lumbini,Banke,Total,12 Year,12955,92,7159,5590,0,0,0,0,0,15,33,66,0.25,0.0,0.19,0.0,0.33,0.0,-0.14,0.0
district,Lumbini,Banke,Total,13 Year,11304,45,3643,7528,0,0,0,0,0,11,28,49,0.25,0.0,0.16,0.0,0.34,0.0,-0.18,0.0
district,Lumbini,Banke,Total,14 Year,11648,38,2612,6938,1978,0,0,0,0,10,34,38,0.29,16.98,0.27,0.0,0.32,0.0,-0.05,0.0
district,Lumbini,Banke,Total,15 Year,12058,39,1886,5299,3951,749,0,0,0,13,42,79,0.35,38.98,0.34,5.72,0.36,6.72,-0.02,-1.0
district,Lumbini,Banke,Total,16 - 19 Years,46036,88,5613,9595,12289,10915,6914,207,0,63,180,172,0.39,65.87,0.31,36.45,0.48,42.0,-0.17,-5.55
district,Lumbini,Banke,Total,20 - 24 Years,52844,40,6957,9067,11053,6060,15104,3479,415,70,371,228,0.7,68.34,0.54,46.35,0.85,48.38,-0.31,-2.03
district,Lumbini,Banke,Total,25 - 29 Years,44492,53,7312,8457,10159,4107,8550,3880,1204,52,481,237,1.08,62.71,0.78,39.47,1.35,40.23,-0.57,-0.76
district,Lumbini,Banke,Total,30 - 34 Years,35652,51,7586,7277,6295,3184,5872,2843,1515,64,695,270,1.95,55.28,1.06,38.26,2.8,37.01,-1.74,1.25
district,Lumbini,Banke,Total,35 - 39 Years,30307,44,7546,6748,5615,2463,3366,1872,1204,64,1022,363,3.37,47.91,1.58,31.56,5.45,26.86,-3.87,4.7
district,Lumbini,Banke,Total,40 - 44 Years,22488,61,6021,4721,4267,1850,2254,1100,819,56,995,344,4.42,45.76,2.31,28.89,7.41,23.81,-5.1,5.08
district,Lumbini,Banke,Total,45 - 49 Years,15021,30,4335,2753,3016,1182,1364,723,498,38,801,281,5.33,45.16,2.47,27.46,9.92,21.26,-7.45,6.2
district,Lumbini,Banke,Total,50 - 54 Years,12145,58,3886,2123,2130,939,1054,556,356,37,750,256,6.18,41.46,2.82,27.14,12.81,17.56,-9.99,9.58
district,Lumbini,Banke,Total,55 - 59 Years,7520,31,2596,1211,1251,543,617,312,192,31,564,172,7.5,38.76,3.94,24.19,16.15,17.11,-12.21,7.08
district,Lumbini,Banke,Total,60 - 64 Years,5251,37,2070,831,697,330,380,213,116,29,406,142,7.73,33.06,4.29,22.19,16.37,13.76,-12.08,8.43
district,Lumbini,Banke,Total,65 - 69 Years,3674,22,1461,602,449,197,245,159,81,17,303,138,8.25,30.78,6.54,20.7,13.1,12.47,-6.56,8.23
district,Lumbini,Banke,Total,70 - 74 Years,2492,20,1069,380,283,125,132,88,61,17,225,92,9.03,27.65,5.92,18.24,19.18,9.93,-13.26,8.31
district,Lumbini,Banke,Total,75+ Years,1743,8,731,262,176,64,104,54,37,15,186,106,10.67,24.96,10.2,16.02,12.54,10.26,-2.34,5.76
district,Lumbini,Banke,Male,Total,214560,11747,67757,44298,33905,17141,22660,8331,4188,268,2582,1683,1.2,40.19,1.2,24.38,2.52,25.31,-1.32,-0.93
district,Lumbini,Banke,Male,05 Year,5698,5561,0,0,0,0,0,0,0,2,21,114,0.37,0.0,0.37,0.0,0.39,0.0,-0.02,0.0
district,Lumbini,Banke,Male,06 Year,5668,2904,2679,0,0,0,0,0,0,4,20,61,0.35,0.0,0.35,0.0,0.43,0.0,-0.08,0.0
district,Lumbini,Banke,Male,07 Year,5666,1590,4013,0,0,0,0,0,0,5,23,35,0.41,0.0,0.41,0.0,0.39,0.0,0.02,0.0
district,Lumbini,Banke,Male,08 Year,6680,810,5792,0,0,0,0,0,0,1,30,47,0.45,0.0,0.45,0.0,0.34,0.0,0.11,0.0
district,Lumbini,Banke,Male,09 Year,5611,317,5237,0,0,0,0,0,0,1,14,42,0.25,0.0,0.25,0.0,0.28,0.0,-0.03,0.0
district,Lumbini,Banke,Male,10 Year,6825,156,6583,0,0,0,0,0,0,7,25,54,0.37,0.0,0.37,0.0,0.38,0.0,-0.01,0.0
district,Lumbini,Banke,Male,11 Year,5035,55,3949,991,0,0,0,0,0,5,13,22,0.26,0.0,0.26,0.0,0.21,0.0,0.05,0.0
district,Lumbini,Banke,Male,12 Year,6867,48,3945,2815,0,0,0,0,0,5,13,41,0.19,0.0,0.19,0.0,0.33,0.0,-0.14,0.0
district,Lumbini,Banke,Male,13 Year,5786,30,1972,3746,0,0,0,0,0,4,9,25,0.16,0.0,0.16,0.0,0.34,0.0,-0.18,0.0
district,Lumbini,Banke,Male,14 Year,5943,15,1362,3653,875,0,0,0,0,5,16,17,0.27,14.72,0.27,0.0,0.32,0.0,-0.05,0.0
district,Lumbini,Banke,Male,15 Year,6152,24,976,2822,1923,352,0,0,0,3,21,31,0.34,36.98,0.34,5.72,0.36,6.72,-0.02,-1.0
district,Lumbini,Banke,Male,16 - 19 Years,23441,43,2923,5435,6319,5256,3189,100,0,30,72,74,0.31,63.41,0.31,36.45,0.48,42.0,-0.17,-5.55
district,Lumbini,Banke,Male,20 - 24 Years,24959,19,3384,4700,5030,2935,6897,1547,189,28,134,96,0.54,66.5,0.54,46.35,0.85,48.38,-0.31,-2.03
district,Lumbini,Banke,Male,25 - 29 Years,20849,19,3485,4203,4637,1985,3834,1796,614,20,163,93,0.78,61.71,0.78,39.47,1.35,40.23,-0.57,-0.76
district,Lumbini,Banke,Male,30 - 34 Years,17501,23,3542,3690,3239,1609,2770,1452,865,26,186,99,1.06,56.77,1.06,38.26,2.8,37.01,-1.74,1.25
district,Lumbini,Banke,Male,35 - 39 Years,16295,18,3809,3657,3255,1447,1863,1037,795,18,258,138,1.58,51.53,1.58,31.56,5.45,26.86,-3.87,4.7
district,Lumbini,Banke,Male,40 - 44 Years,13166,22,3358,2845,2689,1097,1337,742,627,17,304,128,2.31,49.31,2.31,28.89,7.41,23.81,-5.1,5.08
district,Lumbini,Banke,Male,45 - 49 Years,9253,9,2542,1747,2070,752,890,523,376,15,229,100,2.47,49.83,2.47,27.46,9.92,21.26,-7.45,6.2
district,Lumbini,Banke,Male,50 - 54 Years,8063,19,2432,1475,1602,696,754,434,304,15,227,105,2.82,47.0,2.82,27.14,12.81,17.56,-9.99,9.58
district,Lumbini,Banke,Male,55 - 59 Years,5328,17,1829,926,960,412,452,261,164,12,210,85,3.94,42.21,3.94,24.19,16.15,17.11,-12.21,7.08
district,Lumbini,Banke,Male,60 - 64 Years,3754,16,1457,630,573,264,292,178,99,12,161,72,4.29,37.45,4.29,22.19,16.37,13.76,-12.08,8.43
district,Lumbini,Banke,Male,65 - 69 Years,2720,10,1084,448,351,166,196,133,68,8,178,78,6.54,33.6,6.54,20.7,13.1,12.47,-6.56,8.23
district,Lumbini,Banke,Male,70 - 74 Years,1908,17,829,307,234,112,105,78,53,11,113,49,5.92,30.5,5.92,18.24,19.18,9.93,-13.26,8.31
district,Lumbini,Banke,Male,75+ Years,1392,5,575,208,148,58,81,50,34,14,142,77,10.2,26.65,10.2,16.02,12.54,10.26,-2.34,5.76
district,Lumbini,Banke,Female,Total,190920,9619,58809,37156,29704,15567,23296,7155,2310,395,4808,2101,2.52,40.87,1.2,24.38,2.52,25.31,-1.32,-0.93
district,Lumbini,Banke,Female,05 Year,4881,4761,0,0,0,0,0,0,0,3,19,98,0.39,0.0,0.37,0.0,0.39,0.0,-0.02,0.0
district,Lumbini,Banke,Female,06 Year,5169,2351,2724,0,0,0,0,0,0,1,22,71,0.43,0.0,0.35,0.0,0.43,0.0,-0.08,0.0
district,Lumbini,Banke,Female,07 Year,5090,1145,3872,0,0,0,0,0,0,4,20,49,0.39,0.0,0.41,0.0,0.39,0.0,0.02,0.0
district,Lumbini,Banke,Female,08 Year,5820,559,5191,0,0,0,0,0,0,4,20,46,0.34,0.0,0.45,0.0,0.34,0.0,0.11,0.0
district,Lumbini,Banke,Female,09 Year,5022,226,4722,0,0,0,0,0,0,4,14,56,0.28,0.0,0.25,0.0,0.28,0.0,-0.03,0.0
district,Lumbini,Banke,Female,10 Year,6006,126,5806,0,0,0,0,0,0,8,23,43,0.38,0.0,0.37,0.0,0.38,0.0,-0.01,0.0
district,Lumbini,Banke,Female,11 Year,4679,48,3515,1081,0,0,0,0,0,12,10,13,0.21,0.0,0.26,0.0,0.21,0.0,0.05,0.0
district,Lumbini,Banke,Female,12 Year,6088,44,3214,2775,0,0,0,0,0,10,20,25,0.33,0.0,0.19,0.0,0.33,0.0,-0.14,0.0
district,Lumbini,Banke,Female,13 Year,5518,15,1671,3782,0,0,0,0,0,7,19,24,0.34,0.0,0.16,0.0,0.34,0.0,-0.18,0.0
district,Lumbini,Banke,Female,14 Year,5705,23,1250,3285,1103,0,0,0,0,5,18,21,0.32,19.33,0.27,0.0,0.32,0.0,-0.05,0.0
district,Lumbini,Banke,Female,15 Year,5906,15,910,2477,2028,397,0,0,0,10,21,48,0.36,41.06,0.34,5.72,0.36,6.72,-0.02,-1.0
district,Lumbini,Banke,Female,16 - 19 Years,22595,45,2690,4160,5970,5659,3725,107,0,33,108,98,0.48,68.43,0.31,36.45,0.48,42.0,-0.17,-5.55
district,Lumbini,Banke,Female,20 - 24 Years,27885,21,3573,4367,6023,3125,8207,1932,226,42,237,132,0.85,69.98,0.54,46.35,0.85,48.38,-0.31,-2.03
district,Lumbini,Banke,Female,25 - 29 Years,23643,34,3827,4254,5522,2122,4716,2084,590,32,318,144,1.35,63.59,0.78,39.47,1.35,40.23,-0.57,-0.76
district,Lumbini,Banke,Female,30 - 34 Years,18151,28,4044,3587,3056,1575,3102,1391,650,38,509,171,2.8,53.85,1.06,38.26,2.8,37.01,-1.74,1.25
district,Lumbini,Banke,Female,35 - 39 Years,14012,26,3737,3091,2360,1016,1503,835,409,46,764,225,5.45,43.7,1.58,31.56,5.45,26.86,-3.87,4.7
district,Lumbini,Banke,Female,40 - 44 Years,9322,39,2663,1876,1578,753,917,358,192,39,691,216,7.41,40.74,2.31,28.89,7.41,23.81,-5.1,5.08
district,Lumbini,Banke,Female,45 - 49 Years,5768,21,1793,1006,946,430,474,200,122,23,572,181,9.92,37.66,2.47,27.46,9.92,21.26,-7.45,6.2
district,Lumbini,Banke,Female,50 - 54 Years,4082,39,1454,648,528,243,300,122,52,22,523,151,12.81,30.5,2.82,27.14,12.81,17.56,-9.99,9.58
district,Lumbini,Banke,Female,55 - 59 Years,2192,14,767,285,291,131,165,51,28,19,354,87,16.15,30.38,3.94,24.19,16.15,17.11,-12.21,7.08
district,Lumbini,Banke,Female,60 - 64 Years,1497,21,613,201,124,66,88,35,17,17,245,70,16.37,22.04,4.29,22.19,16.37,13.76,-12.08,8.43
district,Lumbini,Banke,Female,65 - 69 Years,954,12,377,154,98,31,49,26,13,9,125,60,13.1,22.75,6.54,20.7,13.1,12.47,-6.56,8.23
district,Lumbini,Banke,Female,70 - 74 Years,584,3,240,73,49,13,27,10,8,6,112,43,19.18,18.32,5.92,18.24,19.18,9.93,-13.26,8.31
district,Lumbini,Banke,Female,75+ Years,351,3,156,54,28,6,23,4,3,1,44,29,12.54,18.23,10.2,16.02,12.54,10.26,-2.34,5.76
district,Lumbini,Bardiya,Total,Total,327838,13287,92317,75871,55325,25925,29552,7768,3275,683,20314,3521,6.2,37.17,3.62,19.94,8.79,20.64,-5.17,-0.7
district,Lumbini,Bardiya,Total,05 Year,7451,7342,0,0,0,0,0,0,0,1,22,86,0.3,0.0,0.37,0.0,0.22,0.0,0.15,0.0
district,Lumbini,Bardiya,Total,06 Year,7778,3333,4370,0,0,0,0,0,0,0,16,59,0.21,0.0,0.2,0.0,0.21,0.0,-0.01,0.0
district,Lumbini,Bardiya,Total,07 Year,7793,1467,6280,0,0,0,0,0,0,0,9,37,0.12,0.0,0.15,0.0,0.08,0.0,0.07,0.0
district,Lumbini,Bardiya,Total,08 Year,8189,517,7640,0,0,0,0,0,0,0,7,25,0.09,0.0,0.12,0.0,0.05,0.0,0.07,0.0
district,Lumbini,Bardiya,Total,09 Year,7541,163,7337,0,0,0,0,0,0,0,8,33,0.11,0.0,0.08,0.0,0.14,0.0,-0.06,0.0
district,Lumbini,Bardiya,Total,10 Year,8469,62,8382,0,0,0,0,0,0,0,3,22,0.04,0.0,0.05,0.0,0.02,0.0,0.03,0.0
district,Lumbini,Bardiya,Total,11 Year,7417,26,5411,1958,0,0,0,0,0,0,3,19,0.04,0.0,0.0,0.0,0.08,0.0,-0.08,0.0
district,Lumbini,Bardiya,Total,12 Year,9076,26,4085,4938,0,0,0,0,0,0,11,16,0.12,0.0,0.15,0.0,0.09,0.0,0.06,0.0
district,Lumbini,Bardiya,Total,13 Year,8650,17,2131,6477,0,0,0,0,0,0,4,21,0.05,0.0,0.07,0.0,0.02,0.0,0.05,0.0
district,Lumbini,Bardiya,Total,14 Year,9155,7,1188,6099,1826,0,0,0,0,0,11,24,0.12,19.95,0.09,0.0,0.15,0.0,-0.06,0.0
district,Lumbini,Bardiya,Total,15 Year,9509,19,793,4519,3498,636,0,0,0,0,6,38,0.06,43.47,0.04,5.14,0.08,8.12,-0.04,-2.98
district,Lumbini,Bardiya,Total,16 - 19 Years,35308,44,2584,8450,10671,9022,4267,135,0,3,51,81,0.14,68.24,0.14,34.54,0.15,41.14,-0.01,-6.6
district,Lumbini,Bardiya,Total,20 - 24 Years,43819,24,3975,10419,11119,5897,9944,1849,243,18,200,131,0.46,66.3,0.29,39.37,0.58,42.08,-0.29,-2.71
district,Lumbini,Bardiya,Total,25 - 29 Years,40442,39,5645,10303,10668,3674,6451,2088,754,28,589,203,1.46,58.44,0.7,33.77,2.04,30.76,-1.34,3.01
district,Lumbini,Bardiya,Total,30 - 34 Years,30856,42,6667,7331,5584,2512,4257,1562,869,50,1704,278,5.52,47.91,1.75,33.85,8.81,26.3,-7.06,7.55
district,Lumbini,Bardiya,Total,35 - 39 Years,25423,27,6907,5784,3743,1367,1916,902,551,127,3649,450,14.35,33.35,4.94,22.5,23.73,14.78,-18.79,7.72
district,Lumbini,Bardiya,Total,40 - 44 Years,18190,30,5000,3507,2827,977,1002,467,361,110,3471,438,19.08,30.97,7.99,19.22,32.55,10.84,-24.56,8.38
district,Lumbini,Bardiya,Total,45 - 49 Years,12910,35,3826,2099,1904,654,646,307,212,96,2737,394,21.2,28.84,10.18,17.45,37.72,9.06,-27.54,8.39
district,Lumbini,Bardiya,Total,50 - 54 Years,11680,25,3580,1735,1564,537,505,214,139,93,2921,367,25.01,25.33,12.26,15.45,45.92,6.19,-33.66,9.26
district,Lumbini,Bardiya,Total,55 - 59 Years,7201,15,2324,996,914,271,248,96,80,60,1918,279,26.64,22.34,15.14,12.28,52.05,3.84,-36.91,8.44
district,Lumbini,Bardiya,Total,60 - 64 Years,4518,7,1680,544,483,166,143,66,23,36,1180,190,26.12,19.5,16.01,11.4,49.34,2.85,-33.33,8.55
district,Lumbini,Bardiya,Total,65 - 69 Years,3161,9,1279,374,280,109,81,47,22,26,785,149,24.83,17.05,16.6,9.99,48.41,3.06,-31.81,6.93
district,Lumbini,Bardiya,Total,70 - 74 Years,1918,5,750,207,144,66,48,22,15,17,552,92,28.78,15.38,23.33,9.31,50.0,2.3,-26.67,7.01
district,Lumbini,Bardiya,Total,75+ Years,1384,6,483,131,100,37,44,13,6,18,457,89,33.02,14.45,30.79,8.07,44.16,3.03,-13.37,5.04
district,Lumbini,Bardiya,Male,Total,164447,7058,50219,39893,26959,13109,13600,3968,2118,207,5960,1356,3.62,36.34,3.62,19.94,8.79,20.64,-5.17,-0.7
district,Lumbini,Bardiya,Male,05 Year,3829,3773,0,0,0,0,0,0,0,0,14,42,0.37,0.0,0.37,0.0,0.22,0.0,0.15,0.0
district,Lumbini,Bardiya,Male,06 Year,4045,1845,2160,0,0,0,0,0,0,0,8,32,0.2,0.0,0.2,0.0,0.21,0.0,-0.01,0.0
district,Lumbini,Bardiya,Male,07 Year,4061,848,3187,0,0,0,0,0,0,0,6,20,0.15,0.0,0.15,0.0,0.08,0.0,0.07,0.0
district,Lumbini,Bardiya,Male,08 Year,4265,291,3956,0,0,0,0,0,0,0,5,13,0.12,0.0,0.12,0.0,0.05,0.0,0.07,0.0
district,Lumbini,Bardiya,Male,09 Year,3900,94,3784,0,0,0,0,0,0,0,3,19,0.08,0.0,0.08,0.0,0.14,0.0,-0.06,0.0
district,Lumbini,Bardiya,Male,10 Year,4423,40,4367,0,0,0,0,0,0,0,2,14,0.05,0.0,0.05,0.0,0.02,0.0,0.03,0.0
district,Lumbini,Bardiya,Male,11 Year,3809,10,2859,928,0,0,0,0,0,0,0,12,0.0,0.0,0.0,0.0,0.08,0.0,-0.08,0.0
district,Lumbini,Bardiya,Male,12 Year,4653,12,2324,2300,0,0,0,0,0,0,7,10,0.15,0.0,0.15,0.0,0.09,0.0,0.06,0.0
district,Lumbini,Bardiya,Male,13 Year,4352,9,1227,3102,0,0,0,0,0,0,3,11,0.07,0.0,0.07,0.0,0.02,0.0,0.05,0.0
district,Lumbini,Bardiya,Male,14 Year,4535,5,661,3093,758,0,0,0,0,0,4,14,0.09,16.71,0.09,0.0,0.15,0.0,-0.06,0.0
district,Lumbini,Bardiya,Male,15 Year,4572,8,421,2365,1527,235,0,0,0,0,2,14,0.04,38.54,0.04,5.14,0.08,8.12,-0.04,-2.98
district,Lumbini,Bardiya,Male,16 - 19 Years,16712,27,1372,4566,4913,4014,1713,46,0,2,23,36,0.14,63.94,0.14,34.54,0.15,41.14,-0.01,-6.6
district,Lumbini,Bardiya,Male,20 - 24 Years,18610,10,1894,4975,4293,2614,3873,736,103,9,54,49,0.29,62.43,0.29,39.37,0.58,42.08,-0.29,-2.71
district,Lumbini,Bardiya,Male,25 - 29 Years,17530,17,2504,4559,4336,1843,2763,944,370,6,122,66,0.7,58.51,0.7,33.77,2.04,30.76,-1.34,3.01
district,Lumbini,Bardiya,Male,30 - 34 Years,14364,12,2907,3526,2715,1397,2136,780,549,13,251,78,1.75,52.75,1.75,33.85,8.81,26.3,-7.06,7.55
district,Lumbini,Bardiya,Male,35 - 39 Years,12682,4,3505,3354,2207,856,1100,520,377,22,626,111,4.94,39.9,4.94,22.5,23.73,14.78,-18.79,7.72
district,Lumbini,Bardiya,Male,40 - 44 Years,9976,7,2891,2351,1870,671,652,314,280,23,797,120,7.99,37.96,7.99,19.22,32.55,10.84,-24.56,8.38
district,Lumbini,Bardiya,Male,45 - 49 Years,7743,11,2464,1549,1415,462,485,222,182,24,788,141,10.18,35.72,10.18,17.45,37.72,9.06,-27.54,8.39
district,Lumbini,Bardiya,Male,50 - 54 Years,7257,11,2493,1331,1254,426,394,182,119,26,890,131,12.26,32.73,12.26,15.45,45.92,6.19,-33.66,9.26
district,Lumbini,Bardiya,Male,55 - 59 Years,4959,5,1811,853,793,237,210,87,75,24,751,113,15.14,28.27,15.14,12.28,52.05,3.84,-36.91,8.44
district,Lumbini,Bardiya,Male,60 - 64 Years,3148,3,1308,444,424,152,124,62,21,18,504,88,16.01,24.87,16.01,11.4,49.34,2.85,-33.33,8.55
district,Lumbini,Bardiya,Male,65 - 69 Years,2343,8,1068,301,242,100,68,44,22,14,389,87,16.6,20.32,16.6,9.99,48.41,3.06,-31.81,6.93
district,Lumbini,Bardiya,Male,70 - 74 Years,1526,5,648,177,123,66,41,20,15,11,356,64,23.33,17.37,23.33,9.31,50.0,2.3,-26.67,7.01
district,Lumbini,Bardiya,Male,75+ Years,1153,3,408,119,89,36,41,11,5,15,355,71,30.79,15.78,30.79,8.07,44.16,3.03,-13.37,5.04
district,Lumbini,Bardiya,Female,Total,163391,6229,42098,35978,28366,12816,15952,3800,1157,476,14354,2165,8.79,38.0,3.62,19.94,8.79,20.64,-5.17,-0.7
district,Lumbini,Bardiya,Female,05 Year,3622,3569,0,0,0,0,0,0,0,1,8,44,0.22,0.0,0.37,0.0,0.22,0.0,0.15,0.0
district,Lumbini,Bardiya,Female,06 Year,3733,1488,2210,0,0,0,0,0,0,0,8,27,0.21,0.0,0.2,0.0,0.21,0.0,-0.01,0.0
district,Lumbini,Bardiya,Female,07 Year,3732,619,3093,0,0,0,0,0,0,0,3,17,0.08,0.0,0.15,0.0,0.08,0.0,0.07,0.0
district,Lumbini,Bardiya,Female,08 Year,3924,226,3684,0,0,0,0,0,0,0,2,12,0.05,0.0,0.12,0.0,0.05,0.0,0.07,0.0
district,Lumbini,Bardiya,Female,09 Year,3641,69,3553,0,0,0,0,0,0,0,5,14,0.14,0.0,0.08,0.0,0.14,0.0,-0.06,0.0
district,Lumbini,Bardiya,Female,10 Year,4046,22,4015,0,0,0,0,0,0,0,1,8,0.02,0.0,0.05,0.0,0.02,0.0,0.03,0.0
district,Lumbini,Bardiya,Female,11 Year,3608,16,2552,1030,0,0,0,0,0,0,3,7,0.08,0.0,0.0,0.0,0.08,0.0,-0.08,0.0
district,Lumbini,Bardiya,Female,12 Year,4423,14,1761,2638,0,0,0,0,0,0,4,6,0.09,0.0,0.15,0.0,0.09,0.0,0.06,0.0
district,Lumbini,Bardiya,Female,13 Year,4298,8,904,3375,0,0,0,0,0,0,1,10,0.02,0.0,0.07,0.0,0.02,0.0,0.05,0.0
district,Lumbini,Bardiya,Female,14 Year,4620,2,527,3006,1068,0,0,0,0,0,7,10,0.15,23.12,0.09,0.0,0.15,0.0,-0.06,0.0
district,Lumbini,Bardiya,Female,15 Year,4937,11,372,2154,1971,401,0,0,0,0,4,24,0.08,48.05,0.04,5.14,0.08,8.12,-0.04,-2.98
district,Lumbini,Bardiya,Female,16 - 19 Years,18596,17,1212,3884,5758,5008,2554,89,0,1,28,45,0.15,72.11,0.14,34.54,0.15,41.14,-0.01,-6.6
district,Lumbini,Bardiya,Female,20 - 24 Years,25209,14,2081,5444,6826,3283,6071,1113,140,9,146,82,0.58,69.15,0.29,39.37,0.58,42.08,-0.29,-2.71
district,Lumbini,Bardiya,Female,25 - 29 Years,22912,22,3141,5744,6332,1831,3688,1144,384,22,467,137,2.04,58.39,0.7,33.77,2.04,30.76,-1.34,3.01
district,Lumbini,Bardiya,Female,30 - 34 Years,16492,30,3760,3805,2869,1115,2121,782,320,37,1453,200,8.81,43.7,1.75,33.85,8.81,26.3,-7.06,7.55
district,Lumbini,Bardiya,Female,35 - 39 Years,12741,23,3402,2430,1536,511,816,382,174,105,3023,339,23.73,26.83,4.94,22.5,23.73,14.78,-18.79,7.72
district,Lumbini,Bardiya,Female,40 - 44 Years,8214,23,2109,1156,957,306,350,153,81,87,2674,318,32.55,22.49,7.99,19.22,32.55,10.84,-24.56,8.38
district,Lumbini,Bardiya,Female,45 - 49 Years,5167,24,1362,550,489,192,161,85,30,72,1949,253,37.72,18.52,10.18,17.45,37.72,9.06,-27.54,8.39
district,Lumbini,Bardiya,Female,50 - 54 Years,4423,14,1087,404,310,111,111,32,20,67,2031,236,45.92,13.2,12.26,15.45,45.92,6.19,-33.66,9.26
district,Lumbini,Bardiya,Female,55 - 59 Years,2242,10,513,143,121,34,38,9,5,36,1167,166,52.05,9.23,15.14,12.28,52.05,3.84,-36.91,8.44
district,Lumbini,Bardiya,Female,60 - 64 Years,1370,4,372,100,59,14,19,4,2,18,676,102,49.34,7.15,16.01,11.4,49.34,2.85,-33.33,8.55
district,Lumbini,Bardiya,Female,65 - 69 Years,818,1,211,73,38,9,13,3,0,12,396,62,48.41,7.7,16.6,9.99,48.41,3.06,-31.81,6.93
district,Lumbini,Bardiya,Female,70 - 74 Years,392,0,102,30,21,0,7,2,0,6,196,28,50.0,7.65,23.33,9.31,50.0,2.3,-26.67,7.01
district,Lumbini,Bardiya,Female,75+ Years,231,3,75,12,11,1,3,2,1,3,102,18,44.16,7.79,30.79,8.07,44.16,3.03,-13.37,5.04
province,Karnali,,Total,Total,1163317,50022,359821,250096,193598,93364,139011,31397,12925,518,20935,11630,1.8,40.43,1.14,24.52,2.54,22.96,-1.4,1.56
province,Karnali,,Total,05 Year,31428,30453,0,0,0,0,0,0,0,0,55,920,0.18,0.0,0.2,0.0,0.15,0.0,0.05,0.0
province,Karnali,,Total,06 Year,33685,10188,23001,0,0,0,0,0,0,0,57,439,0.17,0.0,0.18,0.0,0.16,0.0,0.02,0.0
province,Karnali,,Total,07 Year,33382,4673,28388,0,0,0,0,0,0,0,32,289,0.1,0.0,0.09,0.0,0.1,0.0,-0.01,0.0
province,Karnali,,Total,08 Year,38143,2227,35629,0,0,0,0,0,0,1,25,261,0.07,0.0,0.04,0.0,0.09,0.0,-0.05,0.0
province,Karnali,,Total,09 Year,35825,851,34695,0,0,0,0,0,0,0,27,252,0.08,0.0,0.07,0.0,0.08,0.0,-0.01,0.0
province,Karnali,,Total,10 Year,41237,334,40680,0,0,0,0,0,0,0,7,216,0.02,0.0,0.03,0.0,0.0,0.0,0.03,0.0
province,Karnali,,Total,11 Year,34520,131,24352,9878,0,0,0,0,0,0,18,141,0.05,0.0,0.05,0.0,0.06,0.0,-0.01,0.0
province,Karnali,,Total,12 Year,44756,82,20141,24363,0,0,0,0,0,1,16,153,0.04,0.0,0.04,0.0,0.03,0.0,0.01,0.0
province,Karnali,,Total,13 Year,41867,63,10071,31588,0,0,0,0,0,1,18,126,0.04,0.0,0.05,0.0,0.03,0.0,0.02,0.0
province,Karnali,,Total,14 Year,43866,34,5437,28044,10188,0,0,0,0,1,19,143,0.04,23.23,0.05,0.0,0.04,0.0,0.01,0.0
province,Karnali,,Total,15 Year,42384,55,2606,18843,17696,2987,0,0,0,2,20,175,0.05,48.8,0.04,6.77,0.06,7.32,-0.02,-0.55
province,Karnali,,Total,16 - 19 Years,150931,110,8185,30080,51025,38243,22062,581,0,8,197,440,0.13,74.15,0.14,39.18,0.12,41.43,0.02,-2.25
province,Karnali,,Total,20 - 24 Years,163806,90,11341,26711,41810,23167,51457,7265,768,29,546,622,0.33,75.98,0.29,51.88,0.37,49.22,-0.08,2.66
province,Karnali,,Total,25 - 29 Years,119066,79,14178,21336,29755,11568,29338,8390,2680,33,962,747,0.81,68.64,0.51,47.26,1.1,40.1,-0.59,7.16
province,Karnali,,Total,30 - 34 Years,85983,80,19613,17316,12732,5791,17405,6865,3478,36,1848,819,2.15,53.81,0.96,44.25,3.49,33.08,-2.53,11.17
province,Karnali,,Total,35 - 39 Years,67611,112,20144,15032,9718,4214,8181,3787,2555,74,2762,1032,4.09,42.09,1.58,32.21,7.37,21.81,-5.79,10.4
province,Karnali,,Total,40 - 44 Years,48833,119,16877,9797,6861,2595,4667,2070,1561,75,3141,1070,6.43,36.36,2.23,26.66,13.11,15.37,-10.88,11.29
province,Karnali,,Total,45 - 49 Years,34415,91,12867,6328,4955,1709,2495,1115,894,66,2915,980,8.47,32.45,3.28,21.69,19.03,10.66,-15.75,11.03
province,Karnali,,Total,50 - 54 Years,27857,74,11150,4705,3910,1366,1792,751,589,61,2594,865,9.31,30.18,4.03,18.78,23.1,9.28,-19.07,9.5
province,Karnali,,Total,55 - 59 Years,17267,44,7387,2650,2403,785,863,306,230,41,1906,652,11.04,26.57,5.67,14.64,29.57,5.77,-23.9,8.87
province,Karnali,,Total,60 - 64 Years,11460,50,5452,1517,1360,489,371,141,95,28,1510,447,13.18,21.43,8.14,10.78,32.17,4.99,-24.03,5.79
province,Karnali,,Total,65 - 69 Years,7407,38,3878,990,657,237,196,71,39,27,962,312,12.99,16.2,8.78,7.54,32.84,6.34,-24.06,1.2
province,Karnali,,Total,70 - 74 Years,4519,23,2318,611,349,122,96,31,23,16,670,260,14.83,13.74,12.02,6.21,28.55,5.08,-16.53,1.13
province,Karnali,,Total,75+ Years,3069,21,1431,307,179,91,88,24,13,18,628,269,20.46,12.87,19.14,6.13,26.44,11.15,-7.3,-5.02
province,Karnali,,Male,Total,614971,26345,190724,133536,101139,49764,73349,18519,9172,211,7026,5186,1.14,40.97,1.14,24.52,2.54,22.96,-1.4,1.56
province,Karnali,,Male,05 Year,16333,15823,0,0,0,0,0,0,0,0,33,477,0.2,0.0,0.2,0.0,0.15,0.0,0.05,0.0
province,Karnali,,Male,06 Year,17340,5533,11558,0,0,0,0,0,0,0,31,218,0.18,0.0,0.18,0.0,0.16,0.0,0.02,0.0
province,Karnali,,Male,07 Year,16871,2569,14147,0,0,0,0,0,0,0,15,140,0.09,0.0,0.09,0.0,0.1,0.0,-0.01,0.0
province,Karnali,,Male,08 Year,19772,1251,18380,0,0,0,0,0,0,1,8,132,0.04,0.0,0.04,0.0,0.09,0.0,-0.05,0.0
province,Karnali,,Male,09 Year,18365,473,17756,0,0,0,0,0,0,0,13,123,0.07,0.0,0.07,0.0,0.08,0.0,-0.01,0.0
province,Karnali,,Male,10 Year,21209,190,20903,0,0,0,0,0,0,0,7,109,0.03,0.0,0.03,0.0,0.0,0.0,0.03,0.0
province,Karnali,,Male,11 Year,17438,70,12450,4838,0,0,0,0,0,0,8,72,0.05,0.0,0.05,0.0,0.06,0.0,-0.01,0.0
province,Karnali,,Male,12 Year,23064,35,10607,12340,0,0,0,0,0,1,9,72,0.04,0.0,0.04,0.0,0.03,0.0,0.01,0.0
province,Karnali,,Male,13 Year,21018,31,5227,15694,0,0,0,0,0,1,11,54,0.05,0.0,0.05,0.0,0.03,0.0,0.02,0.0
province,Karnali,,Male,14 Year,21897,21,2801,14069,4924,0,0,0,0,0,11,71,0.05,22.49,0.05,0.0,0.04,0.0,0.01,0.0
province,Karnali,,Male,15 Year,20884,24,1301,9482,8576,1413,0,0,0,1,8,79,0.04,47.83,0.04,6.77,0.06,7.32,-0.02,-0.55
province,Karnali,,Male,16 - 19 Years,73198,47,4175,15159,24824,18254,10181,246,0,5,100,207,0.14,73.1,0.14,39.18,0.12,41.43,0.02,-2.25
province,Karnali,,Male,20 - 24 Years,76419,33,5144,12689,18386,11356,24408,3499,384,19,222,279,0.29,75.94,0.29,51.88,0.37,49.22,-0.08,2.66
province,Karnali,,Male,25 - 29 Years,59123,25,5990,10069,14469,6416,15441,4490,1594,16,302,311,0.51,71.73,0.51,47.26,1.1,40.1,-0.59,7.16
province,Karnali,,Male,30 - 34 Years,45645,21,8592,9068,7024,3604,10143,4141,2308,17,439,288,0.96,59.63,0.96,44.25,3.49,33.08,-2.53,11.17
province,Karnali,,Male,35 - 39 Years,38378,27,9657,9079,6258,2855,5106,2498,1902,22,608,366,1.58,48.51,1.58,32.21,7.37,21.81,-5.79,10.4
province,Karnali,,Male,40 - 44 Years,29984,30,9180,6767,4974,1865,3291,1552,1287,22,669,347,2.23,43.25,2.23,26.66,13.11,15.37,-10.88,11.29
province,Karnali,,Male,45 - 49 Years,23072,20,8031,4913,3950,1370,1930,911,793,19,756,379,3.28,38.81,3.28,21.69,19.03,10.66,-15.75,11.03
province,Karnali,,Male,50 - 54 Years,20138,24,7870,3942,3309,1113,1479,655,535,23,811,377,4.03,35.21,4.03,18.78,23.1,9.28,-19.07,9.5
province,Karnali,,Male,55 - 59 Years,13388,19,5838,2325,2150,693,766,287,214,14,759,323,5.67,30.7,5.67,14.64,29.57,5.77,-23.9,8.87
province,Karnali,,Male,60 - 64 Years,9057,24,4489,1359,1220,433,331,125,87,11,737,241,8.14,24.25,8.14,10.78,32.17,4.99,-24.03,5.79
province,Karnali,,Male,65 - 69 Years,6113,22,3368,905,613,204,156,64,37,15,537,192,8.78,17.57,8.78,7.54,32.84,6.34,-24.06,1.2
province,Karnali,,Male,70 - 74 Years,3752,18,2019,562,308,110,76,28,19,9,451,152,12.02,14.42,12.02,6.21,28.55,5.08,-16.53,1.13
province,Karnali,,Male,75+ Years,2513,15,1241,276,154,78,41,23,12,15,481,177,19.14,12.26,19.14,6.13,26.44,11.15,-7.3,-5.02
province,Karnali,,Female,Total,548346,23677,169097,116560,92459,43600,65662,12878,3753,307,13909,6444,2.54,39.82,1.14,24.52,2.54,22.96,-1.4,1.56
province,Karnali,,Female,05 Year,15095,14630,0,0,0,0,0,0,0,0,22,443,0.15,0.0,0.2,0.0,0.15,0.0,0.05,0.0
province,Karnali,,Female,06 Year,16345,4655,11443,0,0,0,0,0,0,0,26,221,0.16,0.0,0.18,0.0,0.16,0.0,0.02,0.0
province,Karnali,,Female,07 Year,16511,2104,14241,0,0,0,0,0,0,0,17,149,0.1,0.0,0.09,0.0,0.1,0.0,-0.01,0.0
province,Karnali,,Female,08 Year,18371,976,17249,0,0,0,0,0,0,0,17,129,0.09,0.0,0.04,0.0,0.09,0.0,-0.05,0.0
province,Karnali,,Female,09 Year,17460,378,16939,0,0,0,0,0,0,0,14,129,0.08,0.0,0.07,0.0,0.08,0.0,-0.01,0.0
province,Karnali,,Female,10 Year,20028,144,19777,0,0,0,0,0,0,0,0,107,0.0,0.0,0.03,0.0,0.0,0.0,0.03,0.0
province,Karnali,,Female,11 Year,17082,61,11902,5040,0,0,0,0,0,0,10,69,0.06,0.0,0.05,0.0,0.06,0.0,-0.01,0.0
province,Karnali,,Female,12 Year,21692,47,9534,12023,0,0,0,0,0,0,7,81,0.03,0.0,0.04,0.0,0.03,0.0,0.01,0.0
province,Karnali,,Female,13 Year,20849,32,4844,15894,0,0,0,0,0,0,7,72,0.03,0.0,0.05,0.0,0.03,0.0,0.02,0.0
province,Karnali,,Female,14 Year,21969,13,2636,13975,5264,0,0,0,0,1,8,72,0.04,23.96,0.05,0.0,0.04,0.0,0.01,0.0
province,Karnali,,Female,15 Year,21500,31,1305,9361,9120,1574,0,0,0,1,12,96,0.06,49.74,0.04,6.77,0.06,7.32,-0.02,-0.55
province,Karnali,,Female,16 - 19 Years,77733,63,4010,14921,26201,19989,11881,335,0,3,97,233,0.12,75.14,0.14,39.18,0.12,41.43,0.02,-2.25
province,Karnali,,Female,20 - 24 Years,87387,57,6197,14022,23424,11811,27049,3766,384,10,324,343,0.37,76.02,0.29,51.88,0.37,49.22,-0.08,2.66
province,Karnali,,Female,25 - 29 Years,59943,54,8188,11267,15286,5152,13897,3900,1086,17,660,436,1.1,65.6,0.51,47.26,1.1,40.1,-0.59,7.16
province,Karnali,,Female,30 - 34 Years,40338,59,11021,8248,5708,2187,7262,2724,1170,19,1409,531,3.49,47.23,0.96,44.25,3.49,33.08,-2.53,11.17
province,Karnali,,Female,35 - 39 Years,29233,85,10487,5953,3460,1359,3075,1289,653,52,2154,666,7.37,33.65,1.58,32.21,7.37,21.81,-5.79,10.4
province,Karnali,,Female,40 - 44 Years,18849,89,7697,3030,1887,730,1376,518,274,53,2472,723,13.11,25.39,2.23,26.66,13.11,15.37,-10.88,11.29
province,Karnali,,Female,45 - 49 Years,11343,71,4836,1415,1005,339,565,204,101,47,2159,601,19.03,19.52,3.28,21.69,19.03,10.66,-15.75,11.03
province,Karnali,,Female,50 - 54 Years,7719,50,3280,763,601,253,313,96,54,38,1783,488,23.1,17.06,4.03,18.78,23.1,9.28,-19.07,9.5
province,Karnali,,Female,55 - 59 Years,3879,25,1549,325,253,92,97,19,16,27,1147,329,29.57,12.3,5.67,14.64,29.57,5.77,-23.9,8.87
province,Karnali,,Female,60 - 64 Years,2403,26,963,158,140,56,40,16,8,17,773,206,32.17,10.82,8.14,10.78,32.17,4.99,-24.03,5.79
province,Karnali,,Female,65 - 69 Years,1294,16,510,85,44,33,40,7,2,12,425,120,32.84,9.74,8.78,7.54,32.84,6.34,-24.06,1.2
province,Karnali,,Female,70 - 74 Years,767,5,299,49,41,12,20,3,4,7,219,108,28.55,10.43,12.02,6.21,28.55,5.08,-16.53,1.13
province,Karnali,,Female,75+ Years,556,6,190,31,25,13,47,1,1,3,147,92,26.44,15.65,19.14,6.13,26.44,11.15,-7.3,-5.02
district,Karnali,Dolpa,Total,Total,26649,1203,9439,4842,3693,1998,3770,640,259,3,395,407,1.48,38.88,1.29,27.95,1.73,21.3,-0.44,6.65
district,Karnali,Dolpa,Total,05 Year,715,681,0,0,0,0,0,0,0,0,1,33,0.14,0.0,0.27,0.0,0.0,0.0,0.27,0.0
district,Karnali,Dolpa,Total,06 Year,823,237,570,0,0,0,0,0,0,0,0,16,0.0,0.0,0.0,0.0,0.0,0.0,0.0,0.0
district,Karnali,Dolpa,Total,07 Year,816,126,671,0,0,0,0,0,0,0,2,17,0.25,0.0,0.5,0.0,0.0,0.0,0.5,0.0
district,Karnali,Dolpa,Total,08 Year,1053,72,966,0,0,0,0,0,0,0,1,14,0.09,0.0,0.0,0.0,0.19,0.0,-0.19,0.0
district,Karnali,Dolpa,Total,09 Year,862,38,804,0,0,0,0,0,0,0,1,19,0.12,0.0,0.22,0.0,0.0,0.0,0.22,0.0
district,Karnali,Dolpa,Total,10 Year,998,11,967,0,0,0,0,0,0,0,1,19,0.1,0.0,0.19,0.0,0.0,0.0,0.19,0.0
district,Karnali,Dolpa,Total,11 Year,773,3,554,206,0,0,0,0,0,0,2,8,0.26,0.0,0.52,0.0,0.0,0.0,0.52,0.0
district,Karnali,Dolpa,Total,12 Year,1083,3,549,516,0,0,0,0,0,0,4,11,0.37,0.0,0.37,0.0,0.36,0.0,0.01,0.0
district,Karnali,Dolpa,Total,13 Year,1049,2,361,667,0,0,0,0,0,0,2,17,0.19,0.0,0.19,0.0,0.19,0.0,0.0,0.0
district,Karnali,Dolpa,Total,14 Year,988,2,175,543,254,0,0,0,0,0,1,13,0.1,25.71,0.0,0.0,0.19,0.0,-0.19,0.0
district,Karnali,Dolpa,Total,15 Year,957,1,125,370,408,46,0,0,0,0,3,4,0.31,47.44,0.21,4.84,0.41,4.77,-0.2,0.07
district,Karnali,Dolpa,Total,16 - 19 Years,3463,6,394,662,1134,704,490,8,0,0,28,37,0.81,67.46,0.76,35.76,0.86,33.68,-0.1,2.08
district,Karnali,Dolpa,Total,20 - 24 Years,3657,4,489,433,630,538,1352,131,19,1,30,30,0.82,73.01,0.89,58.26,0.74,53.07,0.15,5.19
district,Karnali,Dolpa,Total,25 - 29 Years,2952,4,553,387,485,270,894,194,73,0,53,39,1.8,64.91,1.42,54.16,2.3,40.83,-0.88,13.33
district,Karnali,Dolpa,Total,30 - 34 Years,1923,3,532,320,207,130,462,134,63,0,41,31,2.13,51.79,1.43,45.19,3.45,33.18,-2.02,12.01
district,Karnali,Dolpa,Total,35 - 39 Years,1466,3,479,257,176,122,224,90,48,0,43,24,2.93,45.02,1.97,36.59,5.09,25.0,-3.12,11.59
district,Karnali,Dolpa,Total,40 - 44 Years,976,3,348,160,144,67,123,44,24,0,41,22,4.2,41.19,2.66,31.02,7.69,16.05,-5.03,14.97
district,Karnali,Dolpa,Total,45 - 49 Years,719,1,273,121,104,34,86,16,15,0,55,14,7.65,35.47,5.17,23.56,14.21,14.21,-9.04,9.35
district,Karnali,Dolpa,Total,50 - 54 Years,571,1,231,83,60,41,85,15,8,2,30,15,5.25,36.6,2.29,28.83,14.93,17.16,-12.64,11.67
district,Karnali,Dolpa,Total,55 - 59 Years,348,1,172,49,32,30,26,5,7,0,18,8,5.17,28.74,4.49,22.85,7.41,8.64,-2.92,14.21
district,Karnali,Dolpa,Total,60 - 64 Years,214,1,106,28,32,8,16,2,1,0,17,3,7.94,27.57,5.77,15.38,13.79,5.17,-8.02,10.21
district,Karnali,Dolpa,Total,65 - 69 Years,147,0,75,16,20,6,9,1,0,0,15,5,10.2,24.49,8.77,8.77,15.15,18.18,-6.38,-9.41
district,Karnali,Dolpa,Total,70 - 74 Years,66,0,30,18,5,2,1,0,1,0,3,6,4.55,13.64,2.04,8.16,11.76,0.0,-9.72,8.16
district,Karnali,Dolpa,Total,75+ Years,30,0,15,6,2,0,2,0,0,0,3,2,10.0,13.33,8.7,0.0,14.29,28.57,-5.59,-28.57
district,Karnali,Dolpa,Male,Total,14896,617,4843,2746,2150,1252,2290,428,194,3,192,181,1.29,42.39,1.29,27.95,1.73,21.3,-0.44,6.65
district,Karnali,Dolpa,Male,05 Year,373,356,0,0,0,0,0,0,0,0,1,16,0.27,0.0,0.27,0.0,0.0,0.0,0.27,0.0
district,Karnali,Dolpa,Male,06 Year,408,127,276,0,0,0,0,0,0,0,0,5,0.0,0.0,0.0,0.0,0.0,0.0,0.0,0.0
district,Karnali,Dolpa,Male,07 Year,404,60,333,0,0,0,0,0,0,0,2,9,0.5,0.0,0.5,0.0,0.0,0.0,0.5,0.0
district,Karnali,Dolpa,Male,08 Year,522,33,482,0,0,0,0,0,0,0,0,7,0.0,0.0,0.0,0.0,0.19,0.0,-0.19,0.0
district,Karnali,Dolpa,Male,09 Year,464,22,429,0,0,0,0,0,0,0,1,12,0.22,0.0,0.22,0.0,0.0,0.0,0.22,0.0
district,Karnali,Dolpa,Male,10 Year,513,6,499,0,0,0,0,0,0,0,1,7,0.19,0.0,0.19,0.0,0.0,0.0,0.19,0.0
district,Karnali,Dolpa,Male,11 Year,382,2,278,98,0,0,0,0,0,0,2,2,0.52,0.0,0.52,0.0,0.0,0.0,0.52,0.0
district,Karnali,Dolpa,Male,12 Year,534,2,264,258,0,0,0,0,0,0,2,8,0.37,0.0,0.37,0.0,0.36,0.0,0.01,0.0
district,Karnali,Dolpa,Male,13 Year,515,2,184,322,0,0,0,0,0,0,1,6,0.19,0.0,0.19,0.0,0.19,0.0,0.0,0.0
district,Karnali,Dolpa,Male,14 Year,471,0,70,282,112,0,0,0,0,0,0,7,0.0,23.78,0.0,0.0,0.19,0.0,-0.19,0.0
district,Karnali,Dolpa,Male,15 Year,475,0,54,183,212,23,0,0,0,0,1,2,0.21,49.47,0.21,4.84,0.41,4.77,-0.2,0.07
district,Karnali,Dolpa,Male,16 - 19 Years,1714,1,152,339,579,371,238,4,0,0,13,17,0.76,69.54,0.76,35.76,0.86,33.68,-0.1,2.08
district,Karnali,Dolpa,Male,20 - 24 Years,1912,1,207,227,334,309,721,74,10,1,17,11,0.89,75.73,0.89,58.26,0.74,53.07,0.15,5.19
district,Karnali,Dolpa,Male,25 - 29 Years,1693,1,240,214,283,177,573,120,47,0,24,14,1.42,70.88,1.42,54.16,2.3,40.83,-0.88,13.33
district,Karnali,Dolpa,Male,30 - 34 Years,1257,1,280,230,147,110,313,100,45,0,18,13,1.43,56.88,1.43,45.19,3.45,33.18,-2.02,12.01
district,Karnali,Dolpa,Male,35 - 39 Years,1014,2,273,193,142,99,167,64,41,0,20,13,1.97,50.59,1.97,36.59,5.09,25.0,-3.12,11.59
district,Karnali,Dolpa,Male,40 - 44 Years,677,0,203,121,117,56,99,34,21,0,18,8,2.66,48.3,2.66,31.02,7.69,16.05,-5.03,14.97
district,Karnali,Dolpa,Male,45 - 49 Years,522,0,177,108,85,26,70,12,15,0,27,2,5.17,39.85,5.17,23.56,14.21,14.21,-9.04,9.35
district,Karnali,Dolpa,Male,50 - 54 Years,437,1,164,72,56,37,69,13,7,2,10,6,2.29,41.65,2.29,28.83,14.93,17.16,-12.64,11.67
district,Karnali,Dolpa,Male,55 - 59 Years,267,0,121,41,27,29,22,4,6,0,12,5,4.49,32.96,4.49,22.85,7.41,8.64,-2.92,14.21
district,Karnali,Dolpa,Male,60 - 64 Years,156,0,69,20,32,8,13,2,1,0,9,2,5.77,35.9,5.77,15.38,13.79,5.17,-8.02,10.21
district,Karnali,Dolpa,Male,65 - 69 Years,114,0,56,16,18,5,4,1,0,0,10,4,8.77,24.56,8.77,8.77,15.15,18.18,-6.38,-9.41
district,Karnali,Dolpa,Male,70 - 74 Years,49,0,19,17,4,2,1,0,1,0,1,4,2.04,16.33,2.04,8.16,11.76,0.0,-9.72,8.16
district,Karnali,Dolpa,Male,75+ Years,23,0,13,5,2,0,0,0,0,0,2,1,8.7,8.7,8.7,0.0,14.29,28.57,-5.59,-28.57
district,Karnali,Dolpa,Female,Total,11753,586,4596,2096,1543,746,1480,212,65,0,203,226,1.73,34.43,1.29,27.95,1.73,21.3,-0.44,6.65
district,Karnali,Dolpa,Female,05 Year,342,325,0,0,0,0,0,0,0,0,0,17,0.0,0.0,0.27,0.0,0.0,0.0,0.27,0.0
district,Karnali,Dolpa,Female,06 Year,415,110,294,0,0,0,0,0,0,0,0,11,0.0,0.0,0.0,0.0,0.0,0.0,0.0,0.0
district,Karnali,Dolpa,Female,07 Year,412,66,338,0,0,0,0,0,0,0,0,8,0.0,0.0,0.5,0.0,0.0,0.0,0.5,0.0
district,Karnali,Dolpa,Female,08 Year,531,39,484,0,0,0,0,0,0,0,1,7,0.19,0.0,0.0,0.0,0.19,0.0,-0.19,0.0
district,Karnali,Dolpa,Female,09 Year,398,16,375,0,0,0,0,0,0,0,0,7,0.0,0.0,0.22,0.0,0.0,0.0,0.22,0.0
district,Karnali,Dolpa,Female,10 Year,485,5,468,0,0,0,0,0,0,0,0,12,0.0,0.0,0.19,0.0,0.0,0.0,0.19,0.0
district,Karnali,Dolpa,Female,11 Year,391,1,276,108,0,0,0,0,0,0,0,6,0.0,0.0,0.52,0.0,0.0,0.0,0.52,0.0
district,Karnali,Dolpa,Female,12 Year,549,1,285,258,0,0,0,0,0,0,2,3,0.36,0.0,0.37,0.0,0.36,0.0,0.01,0.0
district,Karnali,Dolpa,Female,13 Year,534,0,177,345,0,0,0,0,0,0,1,11,0.19,0.0,0.19,0.0,0.19,0.0,0.0,0.0
district,Karnali,Dolpa,Female,14 Year,517,2,105,261,142,0,0,0,0,0,1,6,0.19,27.47,0.0,0.0,0.19,0.0,-0.19,0.0
district,Karnali,Dolpa,Female,15 Year,482,1,71,187,196,23,0,0,0,0,2,2,0.41,45.44,0.21,4.84,0.41,4.77,-0.2,0.07
district,Karnali,Dolpa,Female,16 - 19 Years,1749,5,242,323,555,333,252,4,0,0,15,20,0.86,65.41,0.76,35.76,0.86,33.68,-0.1,2.08
district,Karnali,Dolpa,Female,20 - 24 Years,1745,3,282,206,296,229,631,57,9,0,13,19,0.74,70.03,0.89,58.26,0.74,53.07,0.15,5.19
district,Karnali,Dolpa,Female,25 - 29 Years,1259,3,313,173,202,93,321,74,26,0,29,25,2.3,56.87,1.42,54.16,2.3,40.83,-0.88,13.33
district,Karnali,Dolpa,Female,30 - 34 Years,666,2,252,90,60,20,149,34,18,0,23,18,3.45,42.19,1.43,45.19,3.45,33.18,-2.02,12.01
district,Karnali,Dolpa,Female,35 - 39 Years,452,1,206,64,34,23,57,26,7,0,23,11,5.09,32.52,1.97,36.59,5.09,25.0,-3.12,11.59
district,Karnali,Dolpa,Female,40 - 44 Years,299,3,145,39,27,11,24,10,3,0,23,14,7.69,25.08,2.66,31.02,7.69,16.05,-5.03,14.97
district,Karnali,Dolpa,Female,45 - 49 Years,197,1,96,13,19,8,16,4,0,0,28,12,14.21,23.86,5.17,23.56,14.21,14.21,-9.04,9.35
district,Karnali,Dolpa,Female,50 - 54 Years,134,0,67,11,4,4,16,2,1,0,20,9,14.93,20.15,2.29,28.83,14.93,17.16,-12.64,11.67
district,Karnali,Dolpa,Female,55 - 59 Years,81,1,51,8,5,1,4,1,1,0,6,3,7.41,14.81,4.49,22.85,7.41,8.64,-2.92,14.21
district,Karnali,Dolpa,Female,60 - 64 Years,58,1,37,8,0,0,3,0,0,0,8,1,13.79,5.17,5.77,15.38,13.79,5.17,-8.02,10.21
district,Karnali,Dolpa,Female,65 - 69 Years,33,0,19,0,2,1,5,0,0,0,5,1,15.15,24.24,8.77,8.77,15.15,18.18,-6.38,-9.41
district,Karnali,Dolpa,Female,70 - 74 Years,17,0,11,1,1,0,0,0,0,0,2,2,11.76,5.88,2.04,8.16,11.76,0.0,-9.72,8.16
district,Karnali,Dolpa,Female,75+ Years,7,0,2,1,0,0,2,0,0,0,1,1,14.29,28.57,8.7,0.0,14.29,28.57,-5.59,-28.57
district,Karnali,Mugu,Total,Total,39525,2254,13446,7964,6485,3068,4374,850,258,6,393,427,0.99,38.04,0.94,24.14,1.06,18.33,-0.12,5.81
district,Karnali,Mugu,Total,05 Year,1249,1219,0,0,0,0,0,0,0,0,6,24,0.48,0.0,0.47,0.0,0.49,0.0,-0.02,0.0
district,Karnali,Mugu,Total,06 Year,1554,519,1001,0,0,0,0,0,0,0,15,19,0.97,0.0,0.88,0.0,1.06,0.0,-0.18,0.0
district,Karnali,Mugu,Total,07 Year,1498,234,1242,0,0,0,0,0,0,0,4,18,0.27,0.0,0.26,0.0,0.27,0.0,-0.01,0.0
district,Karnali,Mugu,Total,08 Year,1611,137,1456,0,0,0,0,0,0,0,6,12,0.37,0.0,0.12,0.0,0.63,0.0,-0.51,0.0
district,Karnali,Mugu,Total,09 Year,1631,70,1542,0,0,0,0,0,0,0,6,13,0.37,0.0,0.45,0.0,0.27,0.0,0.18,0.0
district,Karnali,Mugu,Total,10 Year,1853,27,1816,0,0,0,0,0,0,0,2,8,0.11,0.0,0.21,0.0,0.0,0.0,0.21,0.0
district,Karnali,Mugu,Total,11 Year,1420,13,1105,296,0,0,0,0,0,0,1,5,0.07,0.0,0.14,0.0,0.0,0.0,0.14,0.0
district,Karnali,Mugu,Total,12 Year,1892,9,1100,776,0,0,0,0,0,0,1,6,0.05,0.0,0.0,0.0,0.11,0.0,-0.11,0.0
district,Karnali,Mugu,Total,13 Year,1731,7,692,1028,0,0,0,0,0,0,1,3,0.06,0.0,0.11,0.0,0.0,0.0,0.11,0.0
district,Karnali,Mugu,Total,14 Year,1640,3,334,1071,226,0,0,0,0,0,1,5,0.06,13.78,0.12,0.0,0.0,0.0,0.12,0.0
district,Karnali,Mugu,Total,15 Year,1473,1,129,841,453,46,0,0,0,0,1,2,0.07,33.88,0.14,3.11,0.0,3.14,0.14,-0.03
district,Karnali,Mugu,Total,16 - 19 Years,5068,4,311,1354,1854,1025,494,5,0,0,12,9,0.24,66.65,0.2,30.75,0.27,29.43,-0.07,1.32
district,Karnali,Mugu,Total,20 - 24 Years,5674,3,319,754,1750,991,1616,162,12,1,30,36,0.53,79.86,0.66,51.08,0.39,46.91,0.27,4.17
district,Karnali,Mugu,Total,25 - 29 Years,3589,0,368,481,930,441,986,239,55,1,47,41,1.31,73.86,0.82,53.61,2.07,39.13,-1.25,14.48
district,Karnali,Mugu,Total,30 - 34 Years,2298,2,426,332,385,213,601,177,64,1,53,44,2.31,62.66,1.23,50.0,4.88,36.09,-3.65,13.91
district,Karnali,Mugu,Total,35 - 39 Years,1605,2,373,306,248,135,285,111,53,1,45,46,2.8,51.84,1.99,39.3,5.26,27.57,-3.27,11.73
district,Karnali,Mugu,Total,40 - 44 Years,1127,0,297,221,180,67,171,82,35,0,40,34,3.55,47.47,2.02,33.74,9.36,22.98,-7.34,10.76
district,Karnali,Mugu,Total,45 - 49 Years,879,0,262,175,152,66,105,39,22,0,29,29,3.3,43.69,1.92,28.32,10.14,16.89,-8.22,11.43
district,Karnali,Mugu,Total,50 - 54 Years,631,1,202,129,131,34,59,23,11,1,22,18,3.49,40.89,3.53,19.85,3.26,21.74,0.27,-1.89
district,Karnali,Mugu,Total,55 - 59 Years,488,2,190,95,82,18,37,9,5,0,27,23,5.53,30.94,4.3,14.25,17.39,13.04,-13.09,1.21
district,Karnali,Mugu,Total,60 - 64 Years,280,0,112,55,44,17,7,2,1,0,23,19,8.21,25.36,6.25,10.0,20.0,7.5,-13.75,2.5
district,Karnali,Mugu,Total,65 - 69 Years,151,1,71,28,20,11,5,0,0,1,11,3,7.28,23.84,5.8,9.42,23.08,23.08,-17.28,-13.66
district,Karnali,Mugu,Total,70 - 74 Years,125,0,71,17,23,3,3,1,0,0,6,1,4.8,24.0,5.71,5.71,0.0,5.0,5.71,0.71
district,Karnali,Mugu,Total,75+ Years,58,0,27,5,7,1,5,0,0,0,4,9,6.9,22.41,8.7,6.52,0.0,25.0,8.7,-18.48
district,Karnali,Mugu,Male,Total,22445,1202,7200,4425,3747,1823,2767,610,219,3,212,237,0.94,40.84,0.94,24.14,1.06,18.33,-0.12,5.81
district,Karnali,Mugu,Male,05 Year,640,629,0,0,0,0,0,0,0,0,3,8,0.47,0.0,0.47,0.0,0.49,0.0,-0.02,0.0
district,Karnali,Mugu,Male,06 Year,799,282,503,0,0,0,0,0,0,0,7,7,0.88,0.0,0.88,0.0,1.06,0.0,-0.18,0.0
district,Karnali,Mugu,Male,07 Year,755,121,621,0,0,0,0,0,0,0,2,11,0.26,0.0,0.26,0.0,0.27,0.0,-0.01,0.0
district,Karnali,Mugu,Male,08 Year,818,84,727,0,0,0,0,0,0,0,1,6,0.12,0.0,0.12,0.0,0.63,0.0,-0.51,0.0
district,Karnali,Mugu,Male,09 Year,884,45,827,0,0,0,0,0,0,0,4,8,0.45,0.0,0.45,0.0,0.27,0.0,0.18,0.0
district,Karnali,Mugu,Male,10 Year,938,17,913,0,0,0,0,0,0,0,2,6,0.21,0.0,0.21,0.0,0.0,0.0,0.21,0.0
district,Karnali,Mugu,Male,11 Year,727,8,560,155,0,0,0,0,0,0,1,3,0.14,0.0,0.14,0.0,0.0,0.0,0.14,0.0
district,Karnali,Mugu,Male,12 Year,976,1,581,388,0,0,0,0,0,0,0,6,0.0,0.0,0.0,0.0,0.11,0.0,-0.11,0.0
district,Karnali,Mugu,Male,13 Year,890,5,346,536,0,0,0,0,0,0,1,2,0.11,0.0,0.11,0.0,0.0,0.0,0.11,0.0
district,Karnali,Mugu,Male,14 Year,849,2,188,539,116,0,0,0,0,0,1,3,0.12,13.66,0.12,0.0,0.0,0.0,0.12,0.0
district,Karnali,Mugu,Male,15 Year,708,0,61,391,232,22,0,0,0,0,1,1,0.14,35.88,0.14,3.11,0.0,3.14,0.14,-0.03
district,Karnali,Mugu,Male,16 - 19 Years,2452,1,139,652,896,509,242,3,0,0,5,5,0.2,67.29,0.2,30.75,0.27,29.43,-0.07,1.32
district,Karnali,Mugu,Male,20 - 24 Years,2862,2,136,358,867,510,853,90,9,0,19,18,0.66,81.38,0.66,51.08,0.39,46.91,0.27,4.17
district,Karnali,Mugu,Male,25 - 29 Years,2186,0,149,245,578,315,659,157,41,0,18,24,0.82,80.05,0.82,53.61,2.07,39.13,-1.25,14.48
district,Karnali,Mugu,Male,30 - 34 Years,1622,0,224,253,290,165,451,136,59,0,20,24,1.23,67.88,1.23,50.0,4.88,36.09,-3.65,13.91
district,Karnali,Mugu,Male,35 - 39 Years,1206,1,241,243,200,109,227,93,45,1,24,22,1.99,55.89,1.99,39.3,5.26,27.57,-3.27,11.73
district,Karnali,Mugu,Male,40 - 44 Years,892,0,202,202,154,60,142,69,30,0,18,15,2.02,51.01,2.02,33.74,9.36,22.98,-7.34,10.76
district,Karnali,Mugu,Male,45 - 49 Years,731,0,210,149,134,62,91,34,20,0,14,17,1.92,46.65,1.92,28.32,10.14,16.89,-8.22,11.43
district,Karnali,Mugu,Male,50 - 54 Years,539,1,166,119,117,30,51,17,9,1,19,9,3.53,41.56,3.53,19.85,3.26,21.74,0.27,-1.89
district,Karnali,Mugu,Male,55 - 59 Years,442,2,166,93,79,15,35,8,5,0,19,20,4.3,32.13,4.3,14.25,17.39,13.04,-13.09,1.21
district,Karnali,Mugu,Male,60 - 64 Years,240,0,93,55,39,14,7,2,1,0,15,14,6.25,26.25,6.25,10.0,20.0,7.5,-13.75,2.5
district,Karnali,Mugu,Male,65 - 69 Years,138,1,66,28,19,9,4,0,0,1,8,2,5.8,23.19,5.8,9.42,23.08,23.08,-17.28,-13.66
district,Karnali,Mugu,Male,70 - 74 Years,105,0,58,14,20,2,3,1,0,0,6,1,5.71,24.76,5.71,5.71,0.0,5.0,5.71,0.71
district,Karnali,Mugu,Male,75+ Years,46,0,23,5,6,1,2,0,0,0,4,5,8.7,19.57,8.7,6.52,0.0,25.0,8.7,-18.48
district,Karnali,Mugu,Female,Total,17080,1052,6246,3539,2738,1245,1607,240,39,3,181,190,1.06,34.36,0.94,24.14,1.06,18.33,-0.12,5.81
district,Karnali,Mugu,Female,05 Year,609,590,0,0,0,0,0,0,0,0,3,16,0.49,0.0,0.47,0.0,0.49,0.0,-0.02,0.0
district,Karnali,Mugu,Female,06 Year,755,237,498,0,0,0,0,0,0,0,8,12,1.06,0.0,0.88,0.0,1.06,0.0,-0.18,0.0
district,Karnali,Mugu,Female,07 Year,743,113,621,0,0,0,0,0,0,0,2,7,0.27,0.0,0.26,0.0,0.27,0.0,-0.01,0.0
district,Karnali,Mugu,Female,08 Year,793,53,729,0,0,0,0,0,0,0,5,6,0.63,0.0,0.12,0.0,0.63,0.0,-0.51,0.0
district,Karnali,Mugu,Female,09 Year,747,25,715,0,0,0,0,0,0,0,2,5,0.27,0.0,0.45,0.0,0.27,0.0,0.18,0.0
district,Karnali,Mugu,Female,10 Year,915,10,903,0,0,0,0,0,0,0,0,2,0.0,0.0,0.21,0.0,0.0,0.0,0.21,0.0
district,Karnali,Mugu,Female,11 Year,693,5,545,141,0,0,0,0,0,0,0,2,0.0,0.0,0.14,0.0,0.0,0.0,0.14,0.0
district,Karnali,Mugu,Female,12 Year,916,8,519,388,0,0,0,0,0,0,1,0,0.11,0.0,0.0,0.0,0.11,0.0,-0.11,0.0
district,Karnali,Mugu,Female,13 Year,841,2,346,492,0,0,0,0,0,0,0,1,0.0,0.0,0.11,0.0,0.0,0.0,0.11,0.0
district,Karnali,Mugu,Female,14 Year,791,1,146,532,110,0,0,0,0,0,0,2,0.0,13.91,0.12,0.0,0.0,0.0,0.12,0.0
district,Karnali,Mugu,Female,15 Year,765,1,68,450,221,24,0,0,0,0,0,1,0.0,32.03,0.14,3.11,0.0,3.14,0.14,-0.03
district,Karnali,Mugu,Female,16 - 19 Years,2616,3,172,702,958,516,252,2,0,0,7,4,0.27,66.06,0.2,30.75,0.27,29.43,-0.07,1.32
district,Karnali,Mugu,Female,20 - 24 Years,2812,1,183,396,883,481,763,72,3,1,11,18,0.39,78.31,0.66,51.08,0.39,46.91,0.27,4.17
district,Karnali,Mugu,Female,25 - 29 Years,1403,0,219,236,352,126,327,82,14,1,29,17,2.07,64.22,0.82,53.61,2.07,39.13,-1.25,14.48
district,Karnali,Mugu,Female,30 - 34 Years,676,2,202,79,95,48,150,41,5,1,33,20,4.88,50.15,1.23,50.0,4.88,36.09,-3.65,13.91
district,Karnali,Mugu,Female,35 - 39 Years,399,1,132,63,48,26,58,18,8,0,21,24,5.26,39.6,1.99,39.3,5.26,27.57,-3.27,11.73
district,Karnali,Mugu,Female,40 - 44 Years,235,0,95,19,26,7,29,13,5,0,22,19,9.36,34.04,2.02,33.74,9.36,22.98,-7.34,10.76
district,Karnali,Mugu,Female,45 - 49 Years,148,0,52,26,18,4,14,5,2,0,15,12,10.14,29.05,1.92,28.32,10.14,16.89,-8.22,11.43
district,Karnali,Mugu,Female,50 - 54 Years,92,0,36,10,14,4,8,6,2,0,3,9,3.26,36.96,3.53,19.85,3.26,21.74,0.27,-1.89
district,Karnali,Mugu,Female,55 - 59 Years,46,0,24,2,3,3,2,1,0,0,8,3,17.39,19.57,4.3,14.25,17.39,13.04,-13.09,1.21
district,Karnali,Mugu,Female,60 - 64 Years,40,0,19,0,5,3,0,0,0,0,8,5,20.0,20.0,6.25,10.0,20.0,7.5,-13.75,2.5
district,Karnali,Mugu,Female,65 - 69 Years,13,0,5,0,1,2,1,0,0,0,3,1,23.08,30.77,5.8,9.42,23.08,23.08,-17.28,-13.66
district,Karnali,Mugu,Female,70 - 74 Years,20,0,13,3,3,1,0,0,0,0,0,0,0.0,20.0,5.71,5.71,0.0,5.0,5.71,0.71
district,Karnali,Mugu,Female,75+ Years,12,0,4,0,1,0,3,0,0,0,0,4,0.0,33.33,8.7,6.52,0.0,25.0,8.7,-18.48
district,Karnali,Humla,Total,Total,31837,1989,10492,6219,4614,2452,3943,784,310,15,761,258,2.39,38.02,2.15,26.51,2.72,19.48,-0.57,7.03
district,Karnali,Humla,Total,05 Year,1031,1012,0,0,0,0,0,0,0,0,0,19,0.0,0.0,0.0,0.0,0.0,0.0,0.0,0.0
district,Karnali,Humla,Total,06 Year,1136,412,706,0,0,0,0,0,0,0,1,17,0.09,0.0,0.18,0.0,0.0,0.0,0.18,0.0
district,Karnali,Humla,Total,07 Year,1103,265,823,0,0,0,0,0,0,0,2,13,0.18,0.0,0.0,0.0,0.35,0.0,-0.35,0.0
district,Karnali,Humla,Total,08 Year,1259,146,1106,0,0,0,0,0,0,0,0,7,0.0,0.0,0.0,0.0,0.0,0.0,0.0,0.0
district,Karnali,Humla,Total,09 Year,1292,61,1220,0,0,0,0,0,0,0,0,11,0.0,0.0,0.0,0.0,0.0,0.0,0.0,0.0
district,Karnali,Humla,Total,10 Year,1489,42,1436,0,0,0,0,0,0,0,0,11,0.0,0.0,0.0,0.0,0.0,0.0,0.0,0.0
district,Karnali,Humla,Total,11 Year,1089,23,833,225,0,0,0,0,0,0,1,7,0.09,0.0,0.18,0.0,0.0,0.0,0.18,0.0
district,Karnali,Humla,Total,12 Year,1505,11,869,619,0,0,0,0,0,0,4,2,0.27,0.0,0.39,0.0,0.14,0.0,0.25,0.0
district,Karnali,Humla,Total,13 Year,1450,3,514,929,0,0,0,0,0,1,1,2,0.07,0.0,0.14,0.0,0.0,0.0,0.14,0.0
district,Karnali,Humla,Total,14 Year,1487,1,317,899,266,0,0,0,0,0,2,2,0.13,17.89,0.0,0.0,0.27,0.0,-0.27,0.0
district,Karnali,Humla,Total,15 Year,1274,2,136,608,481,38,0,0,0,1,1,7,0.08,40.74,0.0,3.67,0.15,2.37,-0.15,1.3
district,Karnali,Humla,Total,16 - 19 Years,3764,1,247,880,1542,736,315,4,0,3,27,9,0.72,69.0,0.93,28.42,0.51,27.66,0.42,0.76
district,Karnali,Humla,Total,20 - 24 Years,3808,1,264,412,763,850,1294,135,12,2,67,8,1.76,80.2,1.97,62.29,1.53,57.85,0.44,4.44
district,Karnali,Humla,Total,25 - 29 Years,2959,4,300,366,527,364,997,238,62,1,79,21,2.67,73.94,1.65,60.0,4.28,50.0,-2.63,10.0
district,Karnali,Humla,Total,30 - 34 Years,2111,3,340,341,277,177,591,172,72,1,114,23,5.4,61.06,2.94,52.73,10.97,37.09,-8.03,15.64
district,Karnali,Humla,Total,35 - 39 Years,1740,1,348,311,239,115,376,120,79,3,120,28,6.9,53.39,3.64,42.9,17.02,29.55,-13.38,13.35
district,Karnali,Humla,Total,40 - 44 Years,1009,0,231,198,127,63,182,55,36,0,101,16,10.01,45.89,6.59,37.06,23.41,18.54,-16.82,18.52
district,Karnali,Humla,Total,45 - 49 Years,751,1,197,139,139,32,95,37,27,1,69,14,9.19,43.94,6.51,27.52,21.17,16.06,-14.66,11.46
district,Karnali,Humla,Total,50 - 54 Years,587,0,192,114,111,31,51,14,14,1,50,9,8.52,37.65,6.82,19.3,20.27,14.86,-13.45,4.44
district,Karnali,Humla,Total,55 - 59 Years,407,0,162,74,64,22,24,4,4,0,43,10,10.57,28.99,7.24,13.09,35.42,14.58,-28.18,-1.49
district,Karnali,Humla,Total,60 - 64 Years,276,0,106,50,45,16,11,2,2,0,39,5,14.13,27.54,10.78,11.64,31.82,9.09,-21.04,2.55
district,Karnali,Humla,Total,65 - 69 Years,152,0,70,29,19,4,1,3,0,0,18,8,11.84,17.76,9.29,5.71,41.67,0.0,-32.38,5.71
district,Karnali,Humla,Total,70 - 74 Years,91,0,44,13,9,1,5,0,0,0,12,7,13.19,16.48,11.39,6.33,25.0,8.33,-13.61,-2.0
district,Karnali,Humla,Total,75+ Years,67,0,31,12,5,3,1,0,2,1,10,2,14.93,16.42,16.95,6.78,0.0,25.0,16.95,-18.22
district,Karnali,Humla,Male,Total,18321,1068,5609,3535,2713,1496,2511,596,253,11,394,135,2.15,41.31,2.15,26.51,2.72,19.48,-0.57,7.03
district,Karnali,Humla,Male,05 Year,554,545,0,0,0,0,0,0,0,0,0,9,0.0,0.0,0.0,0.0,0.0,0.0,0.0,0.0
district,Karnali,Humla,Male,06 Year,555,210,338,0,0,0,0,0,0,0,1,6,0.18,0.0,0.18,0.0,0.0,0.0,0.18,0.0
district,Karnali,Humla,Male,07 Year,531,140,383,0,0,0,0,0,0,0,0,8,0.0,0.0,0.0,0.0,0.35,0.0,-0.35,0.0
district,Karnali,Humla,Male,08 Year,673,80,592,0,0,0,0,0,0,0,0,1,0.0,0.0,0.0,0.0,0.0,0.0,0.0,0.0
district,Karnali,Humla,Male,09 Year,657,32,621,0,0,0,0,0,0,0,0,4,0.0,0.0,0.0,0.0,0.0,0.0,0.0,0.0
district,Karnali,Humla,Male,10 Year,748,26,718,0,0,0,0,0,0,0,0,4,0.0,0.0,0.0,0.0,0.0,0.0,0.0,0.0
district,Karnali,Humla,Male,11 Year,557,15,422,114,0,0,0,0,0,0,1,5,0.18,0.0,0.18,0.0,0.0,0.0,0.18,0.0
district,Karnali,Humla,Male,12 Year,776,9,440,323,0,0,0,0,0,0,3,1,0.39,0.0,0.39,0.0,0.14,0.0,0.25,0.0
district,Karnali,Humla,Male,13 Year,740,3,258,476,0,0,0,0,0,1,1,1,0.14,0.0,0.14,0.0,0.0,0.0,0.14,0.0
district,Karnali,Humla,Male,14 Year,734,0,156,446,130,0,0,0,0,0,0,2,0.0,17.71,0.0,0.0,0.27,0.0,-0.27,0.0
district,Karnali,Humla,Male,15 Year,600,1,58,259,254,22,0,0,0,1,0,5,0.0,46.0,0.0,3.67,0.15,2.37,-0.15,1.3
district,Karnali,Humla,Male,16 - 19 Years,1819,0,117,420,739,368,147,2,0,3,17,6,0.93,69.05,0.93,28.42,0.51,27.66,0.42,0.76
district,Karnali,Humla,Male,20 - 24 Years,1981,1,111,201,389,464,683,79,8,1,39,5,1.97,81.93,1.97,62.29,1.53,57.85,0.44,4.44
district,Karnali,Humla,Male,25 - 29 Years,1815,3,134,222,327,248,619,176,46,1,30,9,1.65,78.02,1.65,60.0,4.28,50.0,-2.63,10.0
district,Karnali,Humla,Male,30 - 34 Years,1464,1,192,254,196,142,441,133,56,0,43,6,2.94,66.12,2.94,52.73,10.97,37.09,-8.03,15.64
district,Karnali,Humla,Male,35 - 39 Years,1317,1,239,250,197,94,303,103,65,2,48,15,3.64,57.86,3.64,42.9,17.02,29.55,-13.38,13.35
district,Karnali,Humla,Male,40 - 44 Years,804,0,156,175,112,59,154,49,36,0,53,10,6.59,51.0,6.59,37.06,23.41,18.54,-16.82,18.52
district,Karnali,Humla,Male,45 - 49 Years,614,1,142,125,128,29,80,35,25,0,40,9,6.51,48.37,6.51,27.52,21.17,16.06,-14.66,11.46
district,Karnali,Humla,Male,50 - 54 Years,513,0,163,103,105,30,47,11,11,1,35,7,6.82,39.77,6.82,19.3,20.27,14.86,-13.45,4.44
district,Karnali,Humla,Male,55 - 59 Years,359,0,147,69,62,19,22,3,3,0,26,8,7.24,30.36,7.24,13.09,35.42,14.58,-28.18,-1.49
district,Karnali,Humla,Male,60 - 64 Years,232,0,90,47,41,13,10,2,2,0,25,2,10.78,29.31,10.78,11.64,31.82,9.09,-21.04,2.55
district,Karnali,Humla,Male,65 - 69 Years,140,0,65,28,19,4,1,3,0,0,13,7,9.29,19.29,9.29,5.71,41.67,0.0,-32.38,5.71
district,Karnali,Humla,Male,70 - 74 Years,79,0,39,13,9,1,4,0,0,0,9,4,11.39,17.72,11.39,6.33,25.0,8.33,-13.61,-2.0
district,Karnali,Humla,Male,75+ Years,59,0,28,10,5,3,0,0,1,1,10,1,16.95,15.25,16.95,6.78,0.0,25.0,16.95,-18.22
district,Karnali,Humla,Female,Total,13516,921,4883,2684,1901,956,1432,188,57,4,367,123,2.72,33.55,2.15,26.51,2.72,19.48,-0.57,7.03
district,Karnali,Humla,Female,05 Year,477,467,0,0,0,0,0,0,0,0,0,10,0.0,0.0,0.0,0.0,0.0,0.0,0.0,0.0
district,Karnali,Humla,Female,06 Year,581,202,368,0,0,0,0,0,0,0,0,11,0.0,0.0,0.18,0.0,0.0,0.0,0.18,0.0
district,Karnali,Humla,Female,07 Year,572,125,440,0,0,0,0,0,0,0,2,5,0.35,0.0,0.0,0.0,0.35,0.0,-0.35,0.0
district,Karnali,Humla,Female,08 Year,586,66,514,0,0,0,0,0,0,0,0,6,0.0,0.0,0.0,0.0,0.0,0.0,0.0,0.0
district,Karnali,Humla,Female,09 Year,635,29,599,0,0,0,0,0,0,0,0,7,0.0,0.0,0.0,0.0,0.0,0.0,0.0,0.0
district,Karnali,Humla,Female,10 Year,741,16,718,0,0,0,0,0,0,0,0,7,0.0,0.0,0.0,0.0,0.0,0.0,0.0,0.0
district,Karnali,Humla,Female,11 Year,532,8,411,111,0,0,0,0,0,0,0,2,0.0,0.0,0.18,0.0,0.0,0.0,0.18,0.0
district,Karnali,Humla,Female,12 Year,729,2,429,296,0,0,0,0,0,0,1,1,0.14,0.0,0.39,0.0,0.14,0.0,0.25,0.0
district,Karnali,Humla,Female,13 Year,710,0,256,453,0,0,0,0,0,0,0,1,0.0,0.0,0.14,0.0,0.0,0.0,0.14,0.0
district,Karnali,Humla,Female,14 Year,753,1,161,453,136,0,0,0,0,0,2,0,0.27,18.06,0.0,0.0,0.27,0.0,-0.27,0.0
district,Karnali,Humla,Female,15 Year,674,1,78,349,227,16,0,0,0,0,1,2,0.15,36.05,0.0,3.67,0.15,2.37,-0.15,1.3
district,Karnali,Humla,Female,16 - 19 Years,1945,1,130,460,803,368,168,2,0,0,10,3,0.51,68.95,0.93,28.42,0.51,27.66,0.42,0.76
district,Karnali,Humla,Female,20 - 24 Years,1827,0,153,211,374,386,611,56,4,1,28,3,1.53,78.33,1.97,62.29,1.53,57.85,0.44,4.44
district,Karnali,Humla,Female,25 - 29 Years,1144,1,166,144,200,116,378,62,16,0,49,12,4.28,67.48,1.65,60.0,4.28,50.0,-2.63,10.0
district,Karnali,Humla,Female,30 - 34 Years,647,2,148,87,81,35,150,39,16,1,71,17,10.97,49.61,2.94,52.73,10.97,37.09,-8.03,15.64
district,Karnali,Humla,Female,35 - 39 Years,423,0,109,61,42,21,73,17,14,1,72,13,17.02,39.48,3.64,42.9,17.02,29.55,-13.38,13.35
district,Karnali,Humla,Female,40 - 44 Years,205,0,75,23,15,4,28,6,0,0,48,6,23.41,25.85,6.59,37.06,23.41,18.54,-16.82,18.52
district,Karnali,Humla,Female,45 - 49 Years,137,0,55,14,11,3,15,2,2,1,29,5,21.17,24.09,6.51,27.52,21.17,16.06,-14.66,11.46
district,Karnali,Humla,Female,50 - 54 Years,74,0,29,11,6,1,4,3,3,0,15,2,20.27,22.97,6.82,19.3,20.27,14.86,-13.45,4.44
district,Karnali,Humla,Female,55 - 59 Years,48,0,15,5,2,3,2,1,1,0,17,2,35.42,18.75,7.24,13.09,35.42,14.58,-28.18,-1.49
district,Karnali,Humla,Female,60 - 64 Years,44,0,16,3,4,3,1,0,0,0,14,3,31.82,18.18,10.78,11.64,31.82,9.09,-21.04,2.55
district,Karnali,Humla,Female,65 - 69 Years,12,0,5,1,0,0,0,0,0,0,5,1,41.67,0.0,9.29,5.71,41.67,0.0,-32.38,5.71
district,Karnali,Humla,Female,70 - 74 Years,12,0,5,0,0,0,1,0,0,0,3,3,25.0,8.33,11.39,6.33,25.0,8.33,-13.61,-2.0
district,Karnali,Humla,Female,75+ Years,8,0,3,2,0,0,1,0,1,0,0,1,0.0,25.0,16.95,6.78,0.0,25.0,16.95,-18.22
district,Karnali,Jumla,Total,Total,76653,4373,23275,15010,11606,7428,8868,2432,905,11,1486,1259,1.94,40.75,1.22,27.69,2.84,23.01,-1.62,4.68
district,Karnali,Jumla,Total,05 Year,2090,2000,0,0,0,0,0,0,0,0,2,88,0.1,0.0,0.19,0.0,0.0,0.0,0.19,0.0
district,Karnali,Jumla,Total,06 Year,2323,961,1320,0,0,0,0,0,0,0,4,38,0.17,0.0,0.17,0.0,0.18,0.0,-0.01,0.0
district,Karnali,Jumla,Total,07 Year,2220,593,1599,0,0,0,0,0,0,0,2,26,0.09,0.0,0.17,0.0,0.0,0.0,0.17,0.0
district,Karnali,Jumla,Total,08 Year,2766,401,2333,0,0,0,0,0,0,0,1,31,0.04,0.0,0.0,0.0,0.07,0.0,-0.07,0.0
district,Karnali,Jumla,Total,09 Year,2360,199,2128,0,0,0,0,0,0,0,4,29,0.17,0.0,0.08,0.0,0.26,0.0,-0.18,0.0
district,Karnali,Jumla,Total,10 Year,2990,86,2880,0,0,0,0,0,0,0,0,24,0.0,0.0,0.0,0.0,0.0,0.0,0.0,0.0
district,Karnali,Jumla,Total,11 Year,2274,23,1809,424,0,0,0,0,0,0,1,17,0.04,0.0,0.09,0.0,0.0,0.0,0.09,0.0
district,Karnali,Jumla,Total,12 Year,3214,14,1814,1354,0,0,0,0,0,0,2,30,0.06,0.0,0.0,0.0,0.12,0.0,-0.12,0.0
district,Karnali,Jumla,Total,13 Year,2921,10,969,1927,0,0,0,0,0,0,1,14,0.03,0.0,0.0,0.0,0.07,0.0,-0.07,0.0
district,Karnali,Jumla,Total,14 Year,2972,4,549,1836,560,0,0,0,0,0,3,20,0.1,18.84,0.14,0.0,0.06,0.0,0.08,0.0
district,Karnali,Jumla,Total,15 Year,2923,6,224,1468,1073,126,0,0,0,0,2,24,0.07,41.02,0.0,4.22,0.14,4.4,-0.14,-0.18
district,Karnali,Jumla,Total,16 - 19 Years,10485,18,666,2285,3566,2390,1439,40,0,1,14,66,0.13,70.91,0.14,37.02,0.13,36.79,0.01,0.23
district,Karnali,Jumla,Total,20 - 24 Years,11277,10,859,1496,2517,2233,3403,519,54,0,57,129,0.51,77.38,0.34,57.96,0.66,52.24,-0.32,5.72
district,Karnali,Jumla,Total,25 - 29 Years,7549,9,950,1107,1422,1120,1882,644,188,1,115,111,1.52,69.63,0.7,54.63,2.62,45.68,-1.92,8.95
district,Karnali,Jumla,Total,30 - 34 Years,5157,8,1068,756,638,540,1025,571,239,1,204,107,3.96,58.43,1.53,50.75,8.13,37.96,-6.6,12.79
district,Karnali,Jumla,Total,35 - 39 Years,3796,10,964,672,489,379,455,303,196,2,219,107,5.77,48.0,2.56,39.57,12.94,25.19,-10.38,14.38
district,Karnali,Jumla,Total,40 - 44 Years,2652,6,820,485,350,188,252,149,110,2,203,87,7.65,39.56,3.03,30.9,18.35,15.86,-15.32,15.04
district,Karnali,Jumla,Total,45 - 49 Years,2125,2,621,419,315,176,184,105,53,2,153,95,7.2,39.2,2.75,27.14,20.72,15.97,-17.97,11.17
district,Karnali,Jumla,Total,50 - 54 Years,1596,3,543,302,236,97,107,50,39,0,152,67,9.52,33.15,4.2,20.66,28.01,10.36,-23.81,10.3
district,Karnali,Jumla,Total,55 - 59 Years,1149,4,409,197,188,75,67,31,14,1,113,50,9.83,32.64,5.54,18.46,27.19,7.46,-21.65,11.0
district,Karnali,Jumla,Total,60 - 64 Years,780,2,293,125,124,54,31,8,7,0,94,42,12.05,28.72,7.68,13.92,29.68,8.39,-22.0,5.53
district,Karnali,Jumla,Total,65 - 69 Years,473,0,206,70,65,28,16,3,2,0,58,25,12.26,24.1,8.42,10.2,30.86,11.11,-22.44,-0.91
district,Karnali,Jumla,Total,70 - 74 Years,371,2,178,59,43,16,2,6,2,1,46,16,12.4,18.6,9.12,7.23,32.08,5.66,-22.96,1.57
district,Karnali,Jumla,Total,75+ Years,190,2,73,28,20,6,5,3,1,0,36,16,18.95,18.42,17.22,7.95,25.64,7.69,-8.42,0.26
district,Karnali,Jumla,Male,Total,42686,2279,12400,8355,6678,4361,5112,1628,717,7,522,627,1.22,43.33,1.22,27.69,2.84,23.01,-1.62,4.68
district,Karnali,Jumla,Male,05 Year,1078,1035,0,0,0,0,0,0,0,0,2,41,0.19,0.0,0.19,0.0,0.0,0.0,0.19,0.0
district,Karnali,Jumla,Male,06 Year,1206,505,678,0,0,0,0,0,0,0,2,21,0.17,0.0,0.17,0.0,0.18,0.0,-0.01,0.0
district,Karnali,Jumla,Male,07 Year,1153,322,822,0,0,0,0,0,0,0,2,7,0.17,0.0,0.17,0.0,0.0,0.0,0.17,0.0
district,Karnali,Jumla,Male,08 Year,1419,208,1196,0,0,0,0,0,0,0,0,15,0.0,0.0,0.0,0.0,0.07,0.0,-0.07,0.0
district,Karnali,Jumla,Male,09 Year,1215,108,1091,0,0,0,0,0,0,0,1,15,0.08,0.0,0.08,0.0,0.26,0.0,-0.18,0.0
district,Karnali,Jumla,Male,10 Year,1534,49,1474,0,0,0,0,0,0,0,0,11,0.0,0.0,0.0,0.0,0.0,0.0,0.0,0.0
district,Karnali,Jumla,Male,11 Year,1146,11,907,217,0,0,0,0,0,0,1,10,0.09,0.0,0.09,0.0,0.0,0.0,0.09,0.0
district,Karnali,Jumla,Male,12 Year,1602,3,895,693,0,0,0,0,0,0,0,11,0.0,0.0,0.0,0.0,0.12,0.0,-0.12,0.0
district,Karnali,Jumla,Male,13 Year,1475,4,470,995,0,0,0,0,0,0,0,6,0.0,0.0,0.0,0.0,0.07,0.0,-0.07,0.0
district,Karnali,Jumla,Male,14 Year,1428,1,244,897,276,0,0,0,0,0,2,8,0.14,19.33,0.14,0.0,0.06,0.0,0.08,0.0
district,Karnali,Jumla,Male,15 Year,1468,2,113,740,539,62,0,0,0,0,0,12,0.0,40.94,0.0,4.22,0.14,4.4,-0.14,-0.18
district,Karnali,Jumla,Male,16 - 19 Years,5116,7,296,1102,1781,1184,698,12,0,0,7,29,0.14,71.83,0.14,37.02,0.13,36.79,0.01,0.23
district,Karnali,Jumla,Male,20 - 24 Years,5557,4,337,679,1234,1177,1721,288,35,0,19,63,0.34,80.17,0.34,57.96,0.66,52.24,-0.32,5.72
district,Karnali,Jumla,Male,25 - 29 Years,4309,2,412,593,859,707,1131,391,125,1,30,58,0.7,74.56,0.7,54.63,2.62,45.68,-1.92,8.95
district,Karnali,Jumla,Male,30 - 34 Years,3263,4,565,485,456,388,690,403,175,1,50,46,1.53,64.73,1.53,50.75,8.13,37.96,-6.6,12.79
district,Karnali,Jumla,Male,35 - 39 Years,2621,3,573,507,372,299,330,233,175,1,67,61,2.56,53.76,2.56,39.57,12.94,25.19,-10.38,14.38
district,Karnali,Jumla,Male,40 - 44 Years,1851,2,531,376,279,153,200,123,96,1,56,34,3.03,45.98,3.03,30.9,18.35,15.86,-15.32,15.04
district,Karnali,Jumla,Male,45 - 49 Years,1599,2,432,366,262,150,146,89,49,2,44,57,2.75,43.53,2.75,27.14,20.72,15.97,-17.97,11.17
district,Karnali,Jumla,Male,50 - 54 Years,1239,0,418,268,207,85,93,41,37,0,52,38,4.2,37.37,4.2,20.66,28.01,10.36,-23.81,10.3
district,Karnali,Jumla,Male,55 - 59 Years,921,3,317,176,178,67,60,29,14,1,51,25,5.54,37.79,5.54,18.46,27.19,7.46,-21.65,11.0
district,Karnali,Jumla,Male,60 - 64 Years,625,0,235,116,114,45,28,8,6,0,48,25,7.68,32.16,7.68,13.92,29.68,8.39,-22.0,5.53
district,Karnali,Jumla,Male,65 - 69 Years,392,0,178,66,61,24,11,3,2,0,33,14,8.42,25.77,8.42,10.2,30.86,11.11,-22.44,-0.91
district,Karnali,Jumla,Male,70 - 74 Years,318,2,155,56,42,15,1,5,2,0,29,11,9.12,20.44,9.12,7.23,32.08,5.66,-22.96,1.57
district,Karnali,Jumla,Male,75+ Years,151,2,61,23,18,5,3,3,1,0,26,9,17.22,19.87,17.22,7.95,25.64,7.69,-8.42,0.26
district,Karnali,Jumla,Female,Total,33967,2094,10875,6655,4928,3067,3756,804,188,4,964,632,2.84,37.52,1.22,27.69,2.84,23.01,-1.62,4.68
district,Karnali,Jumla,Female,05 Year,1012,965,0,0,0,0,0,0,0,0,0,47,0.0,0.0,0.19,0.0,0.0,0.0,0.19,0.0
district,Karnali,Jumla,Female,06 Year,1117,456,642,0,0,0,0,0,0,0,2,17,0.18,0.0,0.17,0.0,0.18,0.0,-0.01,0.0
district,Karnali,Jumla,Female,07 Year,1067,271,777,0,0,0,0,0,0,0,0,19,0.0,0.0,0.17,0.0,0.0,0.0,0.17,0.0
district,Karnali,Jumla,Female,08 Year,1347,193,1137,0,0,0,0,0,0,0,1,16,0.07,0.0,0.0,0.0,0.07,0.0,-0.07,0.0
district,Karnali,Jumla,Female,09 Year,1145,91,1037,0,0,0,0,0,0,0,3,14,0.26,0.0,0.08,0.0,0.26,0.0,-0.18,0.0
district,Karnali,Jumla,Female,10 Year,1456,37,1406,0,0,0,0,0,0,0,0,13,0.0,0.0,0.0,0.0,0.0,0.0,0.0,0.0
district,Karnali,Jumla,Female,11 Year,1128,12,902,207,0,0,0,0,0,0,0,7,0.0,0.0,0.09,0.0,0.0,0.0,0.09,0.0
district,Karnali,Jumla,Female,12 Year,1612,11,919,661,0,0,0,0,0,0,2,19,0.12,0.0,0.0,0.0,0.12,0.0,-0.12,0.0
district,Karnali,Jumla,Female,13 Year,1446,6,499,932,0,0,0,0,0,0,1,8,0.07,0.0,0.0,0.0,0.07,0.0,-0.07,0.0
district,Karnali,Jumla,Female,14 Year,1544,3,305,939,284,0,0,0,0,0,1,12,0.06,18.39,0.14,0.0,0.06,0.0,0.08,0.0
district,Karnali,Jumla,Female,15 Year,1455,4,111,728,534,64,0,0,0,0,2,12,0.14,41.1,0.0,4.22,0.14,4.4,-0.14,-0.18
district,Karnali,Jumla,Female,16 - 19 Years,5369,11,370,1183,1785,1206,741,28,0,1,7,37,0.13,70.03,0.14,37.02,0.13,36.79,0.01,0.23
district,Karnali,Jumla,Female,20 - 24 Years,5720,6,522,817,1283,1056,1682,231,19,0,38,66,0.66,74.67,0.34,57.96,0.66,52.24,-0.32,5.72
district,Karnali,Jumla,Female,25 - 29 Years,3240,7,538,514,563,413,751,253,63,0,85,53,2.62,63.06,0.7,54.63,2.62,45.68,-1.92,8.95
district,Karnali,Jumla,Female,30 - 34 Years,1894,4,503,271,182,152,335,168,64,0,154,61,8.13,47.57,1.53,50.75,8.13,37.96,-6.6,12.79
district,Karnali,Jumla,Female,35 - 39 Years,1175,7,391,165,117,80,125,70,21,1,152,46,12.94,35.15,2.56,39.57,12.94,25.19,-10.38,14.38
district,Karnali,Jumla,Female,40 - 44 Years,801,4,289,109,71,35,52,26,14,1,147,53,18.35,24.72,3.03,30.9,18.35,15.86,-15.32,15.04
district,Karnali,Jumla,Female,45 - 49 Years,526,0,189,53,53,26,38,16,4,0,109,38,20.72,26.05,2.75,27.14,20.72,15.97,-17.97,11.17
district,Karnali,Jumla,Female,50 - 54 Years,357,3,125,34,29,12,14,9,2,0,100,29,28.01,18.49,4.2,20.66,28.01,10.36,-23.81,10.3
district,Karnali,Jumla,Female,55 - 59 Years,228,1,92,21,10,8,7,2,0,0,62,25,27.19,11.84,5.54,18.46,27.19,7.46,-21.65,11.0
district,Karnali,Jumla,Female,60 - 64 Years,155,2,58,9,10,9,3,0,1,0,46,17,29.68,14.84,7.68,13.92,29.68,8.39,-22.0,5.53
district,Karnali,Jumla,Female,65 - 69 Years,81,0,28,4,4,4,5,0,0,0,25,11,30.86,16.05,8.42,10.2,30.86,11.11,-22.44,-0.91
district,Karnali,Jumla,Female,70 - 74 Years,53,0,23,3,1,1,1,1,0,1,17,5,32.08,7.55,9.12,7.23,32.08,5.66,-22.96,1.57
district,Karnali,Jumla,Female,75+ Years,39,0,12,5,2,1,2,0,0,0,10,7,25.64,12.82,17.22,7.95,25.64,7.69,-8.42,0.26
district,Karnali,Kalikot,Total,Total,94039,4021,28548,18820,15591,7823,14111,2091,685,17,1457,875,1.55,42.86,1.13,27.79,2.05,24.49,-0.92,3.3
district,Karnali,Kalikot,Total,05 Year,2860,2742,0,0,0,0,0,0,0,0,6,112,0.21,0.0,0.13,0.0,0.3,0.0,-0.17,0.0
district,Karnali,Kalikot,Total,06 Year,3156,689,2410,0,0,0,0,0,0,0,9,48,0.29,0.0,0.25,0.0,0.33,0.0,-0.08,0.0
district,Karnali,Kalikot,Total,07 Year,2954,289,2648,0,0,0,0,0,0,0,1,16,0.03,0.0,0.07,0.0,0.0,0.0,0.07,0.0
district,Karnali,Kalikot,Total,08 Year,3613,135,3456,0,0,0,0,0,0,0,4,18,0.11,0.0,0.11,0.0,0.11,0.0,0.0,0.0
district,Karnali,Kalikot,Total,09 Year,3331,56,3263,0,0,0,0,0,0,0,3,9,0.09,0.0,0.12,0.0,0.06,0.0,0.06,0.0
district,Karnali,Kalikot,Total,10 Year,4142,19,4106,0,0,0,0,0,0,0,1,16,0.02,0.0,0.05,0.0,0.0,0.0,0.05,0.0
district,Karnali,Kalikot,Total,11 Year,3261,14,2335,904,0,0,0,0,0,0,1,7,0.03,0.0,0.06,0.0,0.0,0.0,0.06,0.0
district,Karnali,Kalikot,Total,12 Year,4534,6,2156,2359,0,0,0,0,0,0,1,12,0.02,0.0,0.04,0.0,0.0,0.0,0.04,0.0
district,Karnali,Kalikot,Total,13 Year,3973,9,1065,2892,0,0,0,0,0,0,1,6,0.03,0.0,0.0,0.0,0.05,0.0,-0.05,0.0
district,Karnali,Kalikot,Total,14 Year,4269,3,569,2728,959,0,0,0,0,0,1,9,0.02,22.46,0.05,0.0,0.0,0.0,0.05,0.0
district,Karnali,Kalikot,Total,15 Year,3915,2,231,1838,1658,177,0,0,0,0,0,9,0.0,46.87,0.0,4.38,0.0,4.65,0.0,-0.27
district,Karnali,Kalikot,Total,16 - 19 Years,13619,15,542,2658,5192,3189,1936,36,0,1,8,42,0.06,76.02,0.06,37.61,0.06,38.16,0.0,-0.55
district,Karnali,Kalikot,Total,20 - 24 Years,14130,7,540,1456,3443,2558,5517,487,46,0,37,39,0.26,85.29,0.15,62.95,0.37,59.06,-0.22,3.89
district,Karnali,Kalikot,Total,25 - 29 Years,8877,6,674,1037,1958,1007,3294,607,150,0,78,66,0.88,79.04,0.28,61.16,1.62,51.77,-1.34,9.39
district,Karnali,Kalikot,Total,30 - 34 Years,5323,5,906,725,782,327,1669,446,207,1,181,74,3.4,64.46,1.24,55.93,6.94,39.66,-5.7,16.27
district,Karnali,Kalikot,Total,35 - 39 Years,3719,4,850,706,533,185,760,250,121,4,234,72,6.29,49.72,2.41,39.29,15.55,26.09,-13.14,13.2
district,Karnali,Kalikot,Total,40 - 44 Years,2453,4,682,451,315,107,442,125,72,3,193,59,7.87,43.25,3.57,35.81,18.9,16.57,-15.33,19.24
district,Karnali,Kalikot,Total,45 - 49 Years,1781,7,536,334,237,102,215,67,37,0,178,68,9.99,36.95,5.29,26.84,22.85,14.88,-17.56,11.96
district,Karnali,Kalikot,Total,50 - 54 Years,1460,2,475,287,193,70,158,46,31,4,144,50,9.86,34.11,5.39,22.93,27.84,12.71,-22.45,10.22
district,Karnali,Kalikot,Total,55 - 59 Years,1126,0,425,187,156,45,75,15,14,1,137,71,12.17,27.09,8.08,13.82,32.97,10.27,-24.89,3.55
district,Karnali,Kalikot,Total,60 - 64 Years,669,2,265,119,89,31,20,7,3,1,109,23,16.29,22.42,10.05,9.51,44.26,7.38,-34.21,2.13
district,Karnali,Kalikot,Total,65 - 69 Years,438,1,213,66,48,14,15,2,1,1,56,21,12.79,18.26,11.2,6.77,24.07,11.11,-12.87,-4.34
district,Karnali,Kalikot,Total,70 - 74 Years,277,4,124,50,18,8,6,2,3,0,45,17,16.25,13.36,15.81,7.26,18.6,4.65,-2.79,2.61
district,Karnali,Kalikot,Total,75+ Years,159,0,77,23,10,3,4,1,0,1,29,11,18.24,11.32,16.18,4.41,30.43,8.7,-14.25,-4.29
district,Karnali,Kalikot,Male,Total,50937,2145,15077,10226,8304,4128,8056,1418,552,10,575,446,1.13,44.09,1.13,27.79,2.05,24.49,-0.92,3.3
district,Karnali,Kalikot,Male,05 Year,1515,1461,0,0,0,0,0,0,0,0,2,52,0.13,0.0,0.13,0.0,0.3,0.0,-0.17,0.0
district,Karnali,Kalikot,Male,06 Year,1622,384,1209,0,0,0,0,0,0,0,4,25,0.25,0.0,0.25,0.0,0.33,0.0,-0.08,0.0
district,Karnali,Kalikot,Male,07 Year,1469,156,1300,0,0,0,0,0,0,0,1,12,0.07,0.0,0.07,0.0,0.0,0.0,0.07,0.0
district,Karnali,Kalikot,Male,08 Year,1861,67,1782,0,0,0,0,0,0,0,2,10,0.11,0.0,0.11,0.0,0.11,0.0,0.0,0.0
district,Karnali,Kalikot,Male,09 Year,1682,30,1645,0,0,0,0,0,0,0,2,5,0.12,0.0,0.12,0.0,0.06,0.0,0.06,0.0
district,Karnali,Kalikot,Male,10 Year,2161,10,2137,0,0,0,0,0,0,0,1,13,0.05,0.0,0.05,0.0,0.0,0.0,0.05,0.0
district,Karnali,Kalikot,Male,11 Year,1659,7,1185,463,0,0,0,0,0,0,1,3,0.06,0.0,0.06,0.0,0.0,0.0,0.06,0.0
district,Karnali,Kalikot,Male,12 Year,2341,1,1099,1234,0,0,0,0,0,0,1,6,0.04,0.0,0.04,0.0,0.0,0.0,0.04,0.0
district,Karnali,Kalikot,Male,13 Year,2012,3,516,1491,0,0,0,0,0,0,0,2,0.0,0.0,0.0,0.0,0.05,0.0,-0.05,0.0
district,Karnali,Kalikot,Male,14 Year,2122,3,286,1355,474,0,0,0,0,0,1,3,0.05,22.34,0.05,0.0,0.0,0.0,0.05,0.0
district,Karnali,Kalikot,Male,15 Year,1894,2,99,888,815,83,0,0,0,0,0,7,0.0,47.41,0.0,4.38,0.0,4.65,0.0,-0.27
district,Karnali,Kalikot,Male,16 - 19 Years,6523,6,255,1240,2541,1553,884,16,0,1,4,23,0.06,76.56,0.06,37.61,0.06,38.16,0.0,-0.55
district,Karnali,Kalikot,Male,20 - 24 Years,6748,3,224,693,1549,1237,2718,262,31,0,10,21,0.15,85.91,0.15,62.95,0.37,59.06,-0.22,3.89
district,Karnali,Kalikot,Male,25 - 29 Years,4923,0,248,536,1090,551,1966,388,106,0,14,24,0.28,83.3,0.28,61.16,1.62,51.77,-1.34,9.39
district,Karnali,Kalikot,Male,30 - 34 Years,3306,2,437,439,509,224,1155,308,162,0,41,29,1.24,71.32,1.24,55.93,6.94,39.66,-5.7,16.27
district,Karnali,Kalikot,Male,35 - 39 Years,2619,0,524,549,419,152,566,208,103,2,63,33,2.41,55.29,2.41,39.29,15.55,26.09,-13.14,13.2
district,Karnali,Kalikot,Male,40 - 44 Years,1765,1,425,370,248,90,366,110,66,1,63,25,3.57,49.86,3.57,35.81,18.9,16.57,-15.33,19.24
district,Karnali,Kalikot,Male,45 - 49 Years,1304,4,370,292,192,87,171,58,34,0,69,27,5.29,41.56,5.29,26.84,22.85,14.88,-17.56,11.96
district,Karnali,Kalikot,Male,50 - 54 Years,1169,1,377,258,170,63,133,42,30,3,63,29,5.39,37.47,5.39,22.93,27.84,12.71,-22.45,10.22
district,Karnali,Kalikot,Male,55 - 59 Years,941,0,368,176,146,41,62,14,13,1,76,44,8.08,29.33,8.08,13.82,32.97,10.27,-24.89,3.55
district,Karnali,Kalikot,Male,60 - 64 Years,547,1,227,110,85,25,17,7,3,1,55,16,10.05,25.05,10.05,9.51,44.26,7.38,-34.21,2.13
district,Karnali,Kalikot,Male,65 - 69 Years,384,1,191,61,45,12,11,2,1,0,43,17,11.2,18.49,11.2,6.77,24.07,11.11,-12.87,-4.34
district,Karnali,Kalikot,Male,70 - 74 Years,234,2,105,48,12,7,5,2,3,0,37,13,15.81,12.39,15.81,7.26,18.6,4.65,-2.79,2.61
district,Karnali,Kalikot,Male,75+ Years,136,0,68,23,9,3,2,1,0,1,22,7,16.18,11.03,16.18,4.41,30.43,8.7,-14.25,-4.29
district,Karnali,Kalikot,Female,Total,43102,1876,13471,8594,7287,3695,6055,673,133,7,882,429,2.05,41.4,1.13,27.79,2.05,24.49,-0.92,3.3
district,Karnali,Kalikot,Female,05 Year,1345,1281,0,0,0,0,0,0,0,0,4,60,0.3,0.0,0.13,0.0,0.3,0.0,-0.17,0.0
district,Karnali,Kalikot,Female,06 Year,1534,305,1201,0,0,0,0,0,0,0,5,23,0.33,0.0,0.25,0.0,0.33,0.0,-0.08,0.0
district,Karnali,Kalikot,Female,07 Year,1485,133,1348,0,0,0,0,0,0,0,0,4,0.0,0.0,0.07,0.0,0.0,0.0,0.07,0.0
district,Karnali,Kalikot,Female,08 Year,1752,68,1674,0,0,0,0,0,0,0,2,8,0.11,0.0,0.11,0.0,0.11,0.0,0.0,0.0
district,Karnali,Kalikot,Female,09 Year,1649,26,1618,0,0,0,0,0,0,0,1,4,0.06,0.0,0.12,0.0,0.06,0.0,0.06,0.0
district,Karnali,Kalikot,Female,10 Year,1981,9,1969,0,0,0,0,0,0,0,0,3,0.0,0.0,0.05,0.0,0.0,0.0,0.05,0.0
district,Karnali,Kalikot,Female,11 Year,1602,7,1150,441,0,0,0,0,0,0,0,4,0.0,0.0,0.06,0.0,0.0,0.0,0.06,0.0
district,Karnali,Kalikot,Female,12 Year,2193,5,1057,1125,0,0,0,0,0,0,0,6,0.0,0.0,0.04,0.0,0.0,0.0,0.04,0.0
district,Karnali,Kalikot,Female,13 Year,1961,6,549,1401,0,0,0,0,0,0,1,4,0.05,0.0,0.0,0.0,0.05,0.0,-0.05,0.0
district,Karnali,Kalikot,Female,14 Year,2147,0,283,1373,485,0,0,0,0,0,0,6,0.0,22.59,0.05,0.0,0.0,0.0,0.05,0.0
district,Karnali,Kalikot,Female,15 Year,2021,0,132,950,843,94,0,0,0,0,0,2,0.0,46.36,0.0,4.38,0.0,4.65,0.0,-0.27
district,Karnali,Kalikot,Female,16 - 19 Years,7096,9,287,1418,2651,1636,1052,20,0,0,4,19,0.06,75.52,0.06,37.61,0.06,38.16,0.0,-0.55
district,Karnali,Kalikot,Female,20 - 24 Years,7382,4,316,763,1894,1321,2799,225,15,0,27,18,0.37,84.72,0.15,62.95,0.37,59.06,-0.22,3.89
district,Karnali,Kalikot,Female,25 - 29 Years,3954,6,426,501,868,456,1328,219,44,0,64,42,1.62,73.72,0.28,61.16,1.62,51.77,-1.34,9.39
district,Karnali,Kalikot,Female,30 - 34 Years,2017,3,469,286,273,103,514,138,45,1,140,45,6.94,53.2,1.24,55.93,6.94,39.66,-5.7,16.27
district,Karnali,Kalikot,Female,35 - 39 Years,1100,4,326,157,114,33,194,42,18,2,171,39,15.55,36.45,2.41,39.29,15.55,26.09,-13.14,13.2
district,Karnali,Kalikot,Female,40 - 44 Years,688,3,257,81,67,17,76,15,6,2,130,34,18.9,26.31,3.57,35.81,18.9,16.57,-15.33,19.24
district,Karnali,Kalikot,Female,45 - 49 Years,477,3,166,42,45,15,44,9,3,0,109,41,22.85,24.32,5.29,26.84,22.85,14.88,-17.56,11.96
district,Karnali,Kalikot,Female,50 - 54 Years,291,1,98,29,23,7,25,4,1,1,81,21,27.84,20.62,5.39,22.93,27.84,12.71,-22.45,10.22
district,Karnali,Kalikot,Female,55 - 59 Years,185,0,57,11,10,4,13,1,1,0,61,27,32.97,15.68,8.08,13.82,32.97,10.27,-24.89,3.55
district,Karnali,Kalikot,Female,60 - 64 Years,122,1,38,9,4,6,3,0,0,0,54,7,44.26,10.66,10.05,9.51,44.26,7.38,-34.21,2.13
district,Karnali,Kalikot,Female,65 - 69 Years,54,0,22,5,3,2,4,0,0,1,13,4,24.07,16.67,11.2,6.77,24.07,11.11,-12.87,-4.34
district,Karnali,Kalikot,Female,70 - 74 Years,43,2,19,2,6,1,1,0,0,0,8,4,18.6,18.6,15.81,7.26,18.6,4.65,-2.79,2.61
district,Karnali,Kalikot,Female,75+ Years,23,0,9,0,1,0,2,0,0,0,7,4,30.43,13.04,16.18,4.41,30.43,8.7,-14.25,-4.29
district,Karnali,Dailekh,Total,Total,171000,6694,54890,38187,30903,11166,18555,4252,1778,59,3040,1476,1.78,38.98,1.24,21.43,2.36,20.34,-1.12,1.09
district,Karnali,Dailekh,Total,05 Year,4957,4814,0,0,0,0,0,0,0,0,14,129,0.28,0.0,0.31,0.0,0.25,0.0,0.06,0.0
district,Karnali,Dailekh,Total,06 Year,5082,1027,3995,0,0,0,0,0,0,0,10,50,0.2,0.0,0.23,0.0,0.16,0.0,0.07,0.0
district,Karnali,Dailekh,Total,07 Year,5103,390,4666,0,0,0,0,0,0,0,8,39,0.16,0.0,0.12,0.0,0.2,0.0,-0.08,0.0
district,Karnali,Dailekh,Total,08 Year,5801,192,5565,0,0,0,0,0,0,0,5,39,0.09,0.0,0.14,0.0,0.03,0.0,0.11,0.0
district,Karnali,Dailekh,Total,09 Year,5431,70,5322,0,0,0,0,0,0,0,4,35,0.07,0.0,0.0,0.0,0.15,0.0,-0.15,0.0
district,Karnali,Dailekh,Total,10 Year,6387,26,6333,0,0,0,0,0,0,0,2,26,0.03,0.0,0.06,0.0,0.0,0.0,0.06,0.0
district,Karnali,Dailekh,Total,11 Year,5244,10,3523,1677,0,0,0,0,0,0,5,29,0.1,0.0,0.04,0.0,0.15,0.0,-0.11,0.0
district,Karnali,Dailekh,Total,12 Year,7039,14,2925,4079,0,0,0,0,0,1,0,20,0.0,0.0,0.0,0.0,0.0,0.0,0.0,0.0
district,Karnali,Dailekh,Total,13 Year,6304,10,1457,4812,0,0,0,0,0,0,5,20,0.08,0.0,0.13,0.0,0.03,0.0,0.1,0.0
district,Karnali,Dailekh,Total,14 Year,6768,4,804,4248,1688,0,0,0,0,0,4,20,0.06,24.94,0.06,0.0,0.06,0.0,0.0,0.0
district,Karnali,Dailekh,Total,15 Year,6491,7,441,2838,2751,415,0,0,0,0,7,32,0.11,48.78,0.09,5.95,0.12,6.81,-0.03,-0.86
district,Karnali,Dailekh,Total,16 - 19 Years,22557,13,1387,4702,7850,4985,3396,123,0,0,38,63,0.17,72.5,0.17,36.46,0.17,38.82,0.0,-2.36
district,Karnali,Dailekh,Total,20 - 24 Years,23932,15,1933,4520,6959,2628,6461,1113,127,4,93,79,0.39,72.24,0.31,44.39,0.46,42.15,-0.15,2.24
district,Karnali,Dailekh,Total,25 - 29 Years,17036,15,2154,3236,4955,1298,3709,1058,400,5,128,78,0.75,67.03,0.57,41.65,0.92,34.47,-0.35,7.18
district,Karnali,Dailekh,Total,30 - 34 Years,11419,11,2588,2215,1944,620,2362,881,454,2,245,97,2.15,54.83,1.02,43.3,3.41,31.62,-2.39,11.68
district,Karnali,Dailekh,Total,35 - 39 Years,8778,19,2637,1852,1433,395,1119,484,328,8,384,119,4.37,42.82,1.81,30.13,7.41,22.19,-5.6,7.94
district,Karnali,Dailekh,Total,40 - 44 Years,6680,18,2272,1310,1076,279,666,274,201,9,439,136,6.57,37.37,2.56,25.17,13.13,14.86,-10.57,10.31
district,Karnali,Dailekh,Total,45 - 49 Years,4905,9,1820,938,770,188,336,147,130,5,443,119,9.03,32.03,3.33,20.26,19.92,8.83,-16.59,11.43
district,Karnali,Dailekh,Total,50 - 54 Years,4285,6,1738,785,638,159,282,109,89,10,371,98,8.66,29.8,3.94,17.42,20.99,8.35,-17.05,9.07
district,Karnali,Dailekh,Total,55 - 59 Years,2566,7,1124,396,412,86,124,33,30,7,271,76,10.56,26.7,5.79,12.23,27.58,4.98,-21.79,7.25
district,Karnali,Dailekh,Total,60 - 64 Years,1808,5,898,247,245,61,57,19,9,5,202,60,11.17,21.63,8.02,8.9,25.54,4.31,-17.52,4.59
district,Karnali,Dailekh,Total,65 - 69 Years,1155,7,637,154,102,27,21,6,7,2,156,36,13.51,14.11,10.61,5.31,32.05,5.13,-21.44,0.18
district,Karnali,Dailekh,Total,70 - 74 Years,731,2,410,103,47,14,11,3,3,1,107,30,14.64,10.67,11.62,4.09,30.0,5.0,-18.38,-0.91
district,Karnali,Dailekh,Total,75+ Years,541,3,261,75,33,11,11,2,0,0,99,46,18.3,10.54,17.57,4.12,22.5,6.25,-4.93,-2.13
district,Karnali,Dailekh,Male,Total,89035,3456,28574,20306,15864,5656,9634,2495,1298,15,1107,630,1.24,39.25,1.24,21.43,2.36,20.34,-1.12,1.09
district,Karnali,Dailekh,Male,05 Year,2560,2483,0,0,0,0,0,0,0,0,8,69,0.31,0.0,0.31,0.0,0.25,0.0,0.06,0.0
district,Karnali,Dailekh,Male,06 Year,2608,552,2021,0,0,0,0,0,0,0,6,29,0.23,0.0,0.23,0.0,0.16,0.0,0.07,0.0
district,Karnali,Dailekh,Male,07 Year,2550,217,2312,0,0,0,0,0,0,0,3,18,0.12,0.0,0.12,0.0,0.2,0.0,-0.08,0.0
district,Karnali,Dailekh,Male,08 Year,2936,104,2807,0,0,0,0,0,0,0,4,21,0.14,0.0,0.14,0.0,0.03,0.0,0.11,0.0
district,Karnali,Dailekh,Male,09 Year,2718,32,2669,0,0,0,0,0,0,0,0,17,0.0,0.0,0.0,0.0,0.15,0.0,-0.15,0.0
district,Karnali,Dailekh,Male,10 Year,3303,15,3275,0,0,0,0,0,0,0,2,11,0.06,0.0,0.06,0.0,0.0,0.0,0.06,0.0
district,Karnali,Dailekh,Male,11 Year,2594,2,1751,829,0,0,0,0,0,0,1,11,0.04,0.0,0.04,0.0,0.15,0.0,-0.11,0.0
district,Karnali,Dailekh,Male,12 Year,3644,8,1518,2107,0,0,0,0,0,1,0,10,0.0,0.0,0.0,0.0,0.0,0.0,0.0,0.0
district,Karnali,Dailekh,Male,13 Year,3078,4,733,2328,0,0,0,0,0,0,4,9,0.13,0.0,0.13,0.0,0.03,0.0,0.1,0.0
district,Karnali,Dailekh,Male,14 Year,3298,2,416,2049,822,0,0,0,0,0,2,7,0.06,24.92,0.06,0.0,0.06,0.0,0.0,0.0
district,Karnali,Dailekh,Male,15 Year,3160,3,216,1441,1292,188,0,0,0,0,3,17,0.09,46.84,0.09,5.95,0.12,6.81,-0.03,-0.86
district,Karnali,Dailekh,Male,16 - 19 Years,10742,4,695,2294,3784,2299,1563,55,0,0,18,30,0.17,71.69,0.17,36.46,0.17,38.82,0.0,-2.36
district,Karnali,Dailekh,Male,20 - 24 Years,10766,2,817,2154,2946,1213,2962,541,63,2,33,33,0.31,71.75,0.31,44.39,0.46,42.15,-0.15,2.24
district,Karnali,Dailekh,Male,25 - 29 Years,8252,6,853,1516,2361,681,1917,568,271,2,47,30,0.57,70.26,0.57,41.65,0.92,34.47,-0.35,7.18
district,Karnali,Dailekh,Male,30 - 34 Years,6049,4,1076,1230,1030,371,1388,548,312,0,62,28,1.02,60.32,1.02,43.3,3.41,31.62,-2.39,11.68
district,Karnali,Dailekh,Male,35 - 39 Years,4759,3,1163,1153,890,247,650,297,240,1,86,29,1.81,48.83,1.81,30.13,7.41,22.19,-5.6,7.94
district,Karnali,Dailekh,Male,40 - 44 Years,4143,3,1206,944,804,195,469,211,168,2,106,35,2.56,44.58,2.56,25.17,13.13,14.86,-10.57,10.31
district,Karnali,Dailekh,Male,45 - 49 Years,3218,0,1095,712,610,154,264,118,116,1,107,41,3.33,39.22,3.33,20.26,19.92,8.83,-16.59,11.43
district,Karnali,Dailekh,Male,50 - 54 Years,3099,2,1173,661,559,127,231,101,81,1,122,41,3.94,35.46,3.94,17.42,20.99,8.35,-17.05,9.07
district,Karnali,Dailekh,Male,55 - 59 Years,2004,2,876,347,373,77,110,29,29,2,116,43,5.79,30.84,5.79,12.23,27.58,4.98,-21.79,7.25
district,Karnali,Dailekh,Male,60 - 64 Years,1483,1,746,223,229,59,47,17,9,2,119,31,8.02,24.34,8.02,8.9,25.54,4.31,-17.52,4.59
district,Karnali,Dailekh,Male,65 - 69 Years,999,3,571,146,96,24,17,5,7,1,106,23,10.61,14.91,10.61,5.31,32.05,5.13,-21.44,0.18
district,Karnali,Dailekh,Male,70 - 74 Years,611,2,355,100,41,12,8,3,2,0,71,17,11.62,10.8,11.62,4.09,30.0,5.0,-18.38,-0.91
district,Karnali,Dailekh,Male,75+ Years,461,2,230,72,27,9,8,2,0,0,81,30,17.57,9.98,17.57,4.12,22.5,6.25,-4.93,-2.13
district,Karnali,Dailekh,Female,Total,81965,3238,26316,17881,15039,5510,8921,1757,480,44,1933,846,2.36,38.68,1.24,21.43,2.36,20.34,-1.12,1.09
district,Karnali,Dailekh,Female,05 Year,2397,2331,0,0,0,0,0,0,0,0,6,60,0.25,0.0,0.31,0.0,0.25,0.0,0.06,0.0
district,Karnali,Dailekh,Female,06 Year,2474,475,1974,0,0,0,0,0,0,0,4,21,0.16,0.0,0.23,0.0,0.16,0.0,0.07,0.0
district,Karnali,Dailekh,Female,07 Year,2553,173,2354,0,0,0,0,0,0,0,5,21,0.2,0.0,0.12,0.0,0.2,0.0,-0.08,0.0
district,Karnali,Dailekh,Female,08 Year,2865,88,2758,0,0,0,0,0,0,0,1,18,0.03,0.0,0.14,0.0,0.03,0.0,0.11,0.0
district,Karnali,Dailekh,Female,09 Year,2713,38,2653,0,0,0,0,0,0,0,4,18,0.15,0.0,0.0,0.0,0.15,0.0,-0.15,0.0
district,Karnali,Dailekh,Female,10 Year,3084,11,3058,0,0,0,0,0,0,0,0,15,0.0,0.0,0.06,0.0,0.0,0.0,0.06,0.0
district,Karnali,Dailekh,Female,11 Year,2650,8,1772,848,0,0,0,0,0,0,4,18,0.15,0.0,0.04,0.0,0.15,0.0,-0.11,0.0
district,Karnali,Dailekh,Female,12 Year,3395,6,1407,1972,0,0,0,0,0,0,0,10,0.0,0.0,0.0,0.0,0.0,0.0,0.0,0.0
district,Karnali,Dailekh,Female,13 Year,3226,6,724,2484,0,0,0,0,0,0,1,11,0.03,0.0,0.13,0.0,0.03,0.0,0.1,0.0
district,Karnali,Dailekh,Female,14 Year,3470,2,388,2199,866,0,0,0,0,0,2,13,0.06,24.96,0.06,0.0,0.06,0.0,0.0,0.0
district,Karnali,Dailekh,Female,15 Year,3331,4,225,1397,1459,227,0,0,0,0,4,15,0.12,50.62,0.09,5.95,0.12,6.81,-0.03,-0.86
district,Karnali,Dailekh,Female,16 - 19 Years,11815,9,692,2408,4066,2686,1833,68,0,0,20,33,0.17,73.24,0.17,36.46,0.17,38.82,0.0,-2.36
district,Karnali,Dailekh,Female,20 - 24 Years,13166,13,1116,2366,4013,1415,3499,572,64,2,60,46,0.46,72.63,0.31,44.39,0.46,42.15,-0.15,2.24
district,Karnali,Dailekh,Female,25 - 29 Years,8784,9,1301,1720,2594,617,1792,490,129,3,81,48,0.92,64.0,0.57,41.65,0.92,34.47,-0.35,7.18
district,Karnali,Dailekh,Female,30 - 34 Years,5370,7,1512,985,914,249,974,333,142,2,183,69,3.41,48.64,1.02,43.3,3.41,31.62,-2.39,11.68
district,Karnali,Dailekh,Female,35 - 39 Years,4019,16,1474,699,543,148,469,187,88,7,298,90,7.41,35.71,1.81,30.13,7.41,22.19,-5.6,7.94
district,Karnali,Dailekh,Female,40 - 44 Years,2537,15,1066,366,272,84,197,63,33,7,333,101,13.13,25.58,2.56,25.17,13.13,14.86,-10.57,10.31
district,Karnali,Dailekh,Female,45 - 49 Years,1687,9,725,226,160,34,72,29,14,4,336,78,19.92,18.32,3.33,20.26,19.92,8.83,-16.59,11.43
district,Karnali,Dailekh,Female,50 - 54 Years,1186,4,565,124,79,32,51,8,8,9,249,57,20.99,15.01,3.94,17.42,20.99,8.35,-17.05,9.07
district,Karnali,Dailekh,Female,55 - 59 Years,562,5,248,49,39,9,14,4,1,5,155,33,27.58,11.92,5.79,12.23,27.58,4.98,-21.79,7.25
district,Karnali,Dailekh,Female,60 - 64 Years,325,4,152,24,16,2,10,2,0,3,83,29,25.54,9.23,8.02,8.9,25.54,4.31,-17.52,4.59
district,Karnali,Dailekh,Female,65 - 69 Years,156,4,66,8,6,3,4,1,0,1,50,13,32.05,8.97,10.61,5.31,32.05,5.13,-21.44,0.18
district,Karnali,Dailekh,Female,70 - 74 Years,120,0,55,3,6,2,3,0,1,1,36,13,30.0,10.0,11.62,4.09,30.0,5.0,-18.38,-0.91
district,Karnali,Dailekh,Female,75+ Years,80,1,31,3,6,2,3,0,0,0,18,16,22.5,13.75,17.57,4.12,22.5,6.25,-4.93,-2.13
district,Karnali,Jajarkot,Total,Total,127328,5773,41079,26350,20685,9557,16696,2840,905,121,2275,1047,1.79,39.81,1.43,24.63,2.19,22.35,-0.76,2.28
district,Karnali,Jajarkot,Total,05 Year,3943,3821,0,0,0,0,0,0,0,0,4,118,0.1,0.0,0.1,0.0,0.1,0.0,0.0,0.0
district,Karnali,Jajarkot,Total,06 Year,4063,1000,3011,0,0,0,0,0,0,0,4,48,0.1,0.0,0.05,0.0,0.15,0.0,-0.1,0.0
district,Karnali,Jajarkot,Total,07 Year,4065,451,3576,0,0,0,0,0,0,0,4,34,0.1,0.0,0.15,0.0,0.05,0.0,0.1,0.0
district,Karnali,Jajarkot,Total,08 Year,4855,248,4577,0,0,0,0,0,0,1,4,25,0.08,0.0,0.0,0.0,0.17,0.0,-0.17,0.0
district,Karnali,Jajarkot,Total,09 Year,4562,88,4459,0,0,0,0,0,0,0,1,14,0.02,0.0,0.04,0.0,0.0,0.0,0.04,0.0
district,Karnali,Jajarkot,Total,10 Year,5252,40,5183,0,0,0,0,0,0,0,0,29,0.0,0.0,0.0,0.0,0.0,0.0,0.0,0.0
district,Karnali,Jajarkot,Total,11 Year,4453,16,3168,1251,0,0,0,0,0,0,0,18,0.0,0.0,0.0,0.0,0.0,0.0,0.0,0.0
district,Karnali,Jajarkot,Total,12 Year,5642,4,2556,3070,0,0,0,0,0,0,0,12,0.0,0.0,0.0,0.0,0.0,0.0,0.0,0.0
district,Karnali,Jajarkot,Total,13 Year,5222,5,1285,3918,0,0,0,0,0,0,1,13,0.02,0.0,0.04,0.0,0.0,0.0,0.04,0.0
district,Karnali,Jajarkot,Total,14 Year,5213,2,649,3317,1229,0,0,0,0,0,2,14,0.04,23.58,0.08,0.0,0.0,0.0,0.08,0.0
district,Karnali,Jajarkot,Total,15 Year,5141,9,307,2318,2213,278,0,0,0,1,4,11,0.08,48.45,0.08,5.03,0.08,5.76,0.0,-0.73
district,Karnali,Jajarkot,Total,16 - 19 Years,17623,15,875,3706,6207,4128,2596,47,0,1,13,35,0.07,73.64,0.06,37.46,0.09,39.35,-0.03,-1.89
district,Karnali,Jajarkot,Total,20 - 24 Years,18063,9,1033,2503,4562,2623,6554,615,45,2,66,51,0.37,79.72,0.32,55.41,0.41,53.56,-0.09,1.85
district,Karnali,Jajarkot,Total,25 - 29 Years,12182,5,1264,1761,3117,1255,3611,747,191,9,143,79,1.17,73.23,0.89,50.97,1.49,43.95,-0.6,7.02
district,Karnali,Jajarkot,Total,30 - 34 Years,7891,11,1806,1261,1156,449,1969,629,265,11,259,75,3.28,56.62,1.8,47.78,5.24,34.29,-3.44,13.49
district,Karnali,Jajarkot,Total,35 - 39 Years,6144,8,1881,1191,701,313,944,423,187,30,362,104,5.89,41.8,2.73,35.49,10.65,22.69,-7.92,12.8
district,Karnali,Jajarkot,Total,40 - 44 Years,4207,13,1589,692,463,185,477,201,107,24,355,101,8.44,34.06,3.95,27.93,17.0,13.75,-13.05,14.18
district,Karnali,Jajarkot,Total,45 - 49 Years,2986,9,1167,498,367,114,252,93,67,11,324,84,10.85,29.91,7.05,20.16,20.28,11.31,-13.23,8.85
district,Karnali,Jajarkot,Total,50 - 54 Years,2289,4,978,350,300,100,144,54,30,10,257,62,11.23,27.44,7.28,15.63,24.34,10.0,-17.06,5.63
district,Karnali,Jajarkot,Total,55 - 59 Years,1453,2,645,237,183,46,78,19,11,7,181,44,12.46,23.19,8.35,11.68,29.64,6.07,-21.29,5.61
district,Karnali,Jajarkot,Total,60 - 64 Years,916,4,458,113,106,32,32,7,1,4,135,24,14.74,19.43,11.11,8.81,29.78,3.93,-18.67,4.88
district,Karnali,Jajarkot,Total,65 - 69 Years,633,5,340,97,47,19,15,4,1,7,80,18,12.64,13.59,11.09,6.28,21.74,5.43,-10.65,0.85
district,Karnali,Jajarkot,Total,70 - 74 Years,324,2,163,49,23,7,14,0,0,2,45,19,13.89,13.58,11.76,6.25,25.0,7.69,-13.24,-1.44
district,Karnali,Jajarkot,Total,75+ Years,206,2,109,18,11,8,10,1,0,1,31,15,15.05,14.56,15.76,6.06,12.2,21.95,3.56,-15.89
district,Karnali,Jajarkot,Male,Total,67813,2929,21923,13969,10753,5050,9108,1817,724,50,969,521,1.43,40.48,1.43,24.63,2.19,22.35,-0.76,2.28
district,Karnali,Jajarkot,Male,05 Year,1994,1927,0,0,0,0,0,0,0,0,2,65,0.1,0.0,0.1,0.0,0.1,0.0,0.0,0.0
district,Karnali,Jajarkot,Male,06 Year,2056,528,1502,0,0,0,0,0,0,0,1,25,0.05,0.0,0.05,0.0,0.15,0.0,-0.1,0.0
district,Karnali,Jajarkot,Male,07 Year,1966,208,1741,0,0,0,0,0,0,0,3,14,0.15,0.0,0.15,0.0,0.05,0.0,0.1,0.0
district,Karnali,Jajarkot,Male,08 Year,2534,143,2377,0,0,0,0,0,0,1,0,13,0.0,0.0,0.0,0.0,0.17,0.0,-0.17,0.0
district,Karnali,Jajarkot,Male,09 Year,2340,47,2284,0,0,0,0,0,0,0,1,8,0.04,0.0,0.04,0.0,0.0,0.0,0.04,0.0
district,Karnali,Jajarkot,Male,10 Year,2558,20,2524,0,0,0,0,0,0,0,0,14,0.0,0.0,0.0,0.0,0.0,0.0,0.0,0.0
district,Karnali,Jajarkot,Male,11 Year,2204,9,1586,603,0,0,0,0,0,0,0,6,0.0,0.0,0.0,0.0,0.0,0.0,0.0,0.0
district,Karnali,Jajarkot,Male,12 Year,2902,3,1343,1549,0,0,0,0,0,0,0,7,0.0,0.0,0.0,0.0,0.0,0.0,0.0,0.0
district,Karnali,Jajarkot,Male,13 Year,2595,4,687,1898,0,0,0,0,0,0,1,5,0.04,0.0,0.04,0.0,0.0,0.0,0.04,0.0
district,Karnali,Jajarkot,Male,14 Year,2604,1,348,1645,603,0,0,0,0,0,2,5,0.08,23.16,0.08,0.0,0.0,0.0,0.08,0.0
district,Karnali,Jajarkot,Male,15 Year,2485,3,143,1152,1055,125,0,0,0,0,2,5,0.08,47.48,0.08,5.03,0.08,5.76,0.0,-0.73
district,Karnali,Jajarkot,Male,16 - 19 Years,8647,8,475,1927,2972,1961,1251,27,0,0,5,21,0.06,71.83,0.06,37.46,0.09,39.35,-0.03,-1.89
district,Karnali,Jajarkot,Male,20 - 24 Years,8786,1,490,1244,2132,1341,3199,300,28,1,28,22,0.32,79.67,0.32,55.41,0.41,53.56,-0.09,1.85
district,Karnali,Jajarkot,Male,25 - 29 Years,6416,1,554,889,1607,714,1972,456,128,2,57,36,0.89,76.01,0.89,50.97,1.49,43.95,-0.6,7.02
district,Karnali,Jajarkot,Male,30 - 34 Years,4496,3,877,674,678,281,1250,417,200,8,81,27,1.8,62.86,1.8,47.78,5.24,34.29,-3.44,13.49
district,Karnali,Jajarkot,Male,35 - 39 Years,3694,3,1002,755,465,214,632,301,164,11,101,46,2.73,48.08,2.73,35.49,10.65,22.69,-7.92,12.8
district,Karnali,Jajarkot,Male,40 - 44 Years,2760,3,979,490,352,137,371,162,101,10,109,46,3.95,40.69,3.95,27.93,17.0,13.75,-13.05,14.18
district,Karnali,Jajarkot,Male,45 - 49 Years,2128,4,788,399,313,97,193,77,62,4,150,41,7.05,34.87,7.05,20.16,20.28,11.31,-13.23,8.85
district,Karnali,Jajarkot,Male,50 - 54 Years,1759,3,764,297,250,82,116,48,29,4,128,38,7.28,29.85,7.28,15.63,24.34,10.0,-17.06,5.63
district,Karnali,Jajarkot,Male,55 - 59 Years,1173,1,533,210,163,37,71,19,10,3,98,28,8.35,25.58,8.35,11.68,29.64,6.07,-21.29,5.61
district,Karnali,Jajarkot,Male,60 - 64 Years,738,1,385,96,93,30,29,5,1,2,82,14,11.11,21.41,11.11,8.81,29.78,3.93,-18.67,4.88
district,Karnali,Jajarkot,Male,65 - 69 Years,541,5,298,83,43,18,11,4,1,4,60,14,11.09,14.23,11.09,6.28,21.74,5.43,-10.65,0.85
district,Karnali,Jajarkot,Male,70 - 74 Years,272,2,146,43,21,6,11,0,0,0,32,11,11.76,13.97,11.76,6.25,25.0,7.69,-13.24,-1.44
district,Karnali,Jajarkot,Male,75+ Years,165,1,97,15,6,7,2,1,0,0,26,10,15.76,9.7,15.76,6.06,12.2,21.95,3.56,-15.89
district,Karnali,Jajarkot,Female,Total,59515,2844,19156,12381,9932,4507,7588,1023,181,71,1306,526,2.19,39.03,1.43,24.63,2.19,22.35,-0.76,2.28
district,Karnali,Jajarkot,Female,05 Year,1949,1894,0,0,0,0,0,0,0,0,2,53,0.1,0.0,0.1,0.0,0.1,0.0,0.0,0.0
district,Karnali,Jajarkot,Female,06 Year,2007,472,1509,0,0,0,0,0,0,0,3,23,0.15,0.0,0.05,0.0,0.15,0.0,-0.1,0.0
district,Karnali,Jajarkot,Female,07 Year,2099,243,1835,0,0,0,0,0,0,0,1,20,0.05,0.0,0.15,0.0,0.05,0.0,0.1,0.0
district,Karnali,Jajarkot,Female,08 Year,2321,105,2200,0,0,0,0,0,0,0,4,12,0.17,0.0,0.0,0.0,0.17,0.0,-0.17,0.0
district,Karnali,Jajarkot,Female,09 Year,2222,41,2175,0,0,0,0,0,0,0,0,6,0.0,0.0,0.04,0.0,0.0,0.0,0.04,0.0
district,Karnali,Jajarkot,Female,10 Year,2694,20,2659,0,0,0,0,0,0,0,0,15,0.0,0.0,0.0,0.0,0.0,0.0,0.0,0.0
district,Karnali,Jajarkot,Female,11 Year,2249,7,1582,648,0,0,0,0,0,0,0,12,0.0,0.0,0.0,0.0,0.0,0.0,0.0,0.0
district,Karnali,Jajarkot,Female,12 Year,2740,1,1213,1521,0,0,0,0,0,0,0,5,0.0,0.0,0.0,0.0,0.0,0.0,0.0,0.0
district,Karnali,Jajarkot,Female,13 Year,2627,1,598,2020,0,0,0,0,0,0,0,8,0.0,0.0,0.04,0.0,0.0,0.0,0.04,0.0
district,Karnali,Jajarkot,Female,14 Year,2609,1,301,1672,626,0,0,0,0,0,0,9,0.0,23.99,0.08,0.0,0.0,0.0,0.08,0.0
district,Karnali,Jajarkot,Female,15 Year,2656,6,164,1166,1158,153,0,0,0,1,2,6,0.08,49.36,0.08,5.03,0.08,5.76,0.0,-0.73
district,Karnali,Jajarkot,Female,16 - 19 Years,8976,7,400,1779,3235,2167,1345,20,0,1,8,14,0.09,75.39,0.06,37.46,0.09,39.35,-0.03,-1.89
district,Karnali,Jajarkot,Female,20 - 24 Years,9277,8,543,1259,2430,1282,3355,315,17,1,38,29,0.41,79.76,0.32,55.41,0.41,53.56,-0.09,1.85
district,Karnali,Jajarkot,Female,25 - 29 Years,5766,4,710,872,1510,541,1639,291,63,7,86,43,1.49,70.14,0.89,50.97,1.49,43.95,-0.6,7.02
district,Karnali,Jajarkot,Female,30 - 34 Years,3395,8,929,587,478,168,719,212,65,3,178,48,5.24,48.37,1.8,47.78,5.24,34.29,-3.44,13.49
district,Karnali,Jajarkot,Female,35 - 39 Years,2450,5,879,436,236,99,312,122,23,19,261,58,10.65,32.33,2.73,35.49,10.65,22.69,-7.92,12.8
district,Karnali,Jajarkot,Female,40 - 44 Years,1447,10,610,202,111,48,106,39,6,14,246,55,17.0,21.42,3.95,27.93,17.0,13.75,-13.05,14.18
district,Karnali,Jajarkot,Female,45 - 49 Years,858,5,379,99,54,17,59,16,5,7,174,43,20.28,17.6,7.05,20.16,20.28,11.31,-13.23,8.85
district,Karnali,Jajarkot,Female,50 - 54 Years,530,1,214,53,50,18,28,6,1,6,129,24,24.34,19.43,7.28,15.63,24.34,10.0,-17.06,5.63
district,Karnali,Jajarkot,Female,55 - 59 Years,280,1,112,27,20,9,7,0,1,4,83,16,29.64,13.21,8.35,11.68,29.64,6.07,-21.29,5.61
district,Karnali,Jajarkot,Female,60 - 64 Years,178,3,73,17,13,2,3,2,0,2,53,10,29.78,11.24,11.11,8.81,29.78,3.93,-18.67,4.88
district,Karnali,Jajarkot,Female,65 - 69 Years,92,0,42,14,4,1,4,0,0,3,20,4,21.74,9.78,11.09,6.28,21.74,5.43,-10.65,0.85
district,Karnali,Jajarkot,Female,70 - 74 Years,52,0,17,6,2,1,3,0,0,2,13,8,25.0,11.54,11.76,6.25,25.0,7.69,-13.24,-1.44
district,Karnali,Jajarkot,Female,75+ Years,41,1,12,3,5,1,8,0,0,1,5,5,12.2,34.15,15.76,6.06,12.2,21.95,3.56,-15.89
district,Karnali,Rukum (West),Total,Total,114087,4582,34081,23396,19197,8429,16474,3885,1431,48,1580,984,1.38,43.31,0.84,26.4,1.99,26.58,-1.15,-0.18
district,Karnali,Rukum (West),Total,05 Year,3080,2995,0,0,0,0,0,0,0,0,6,79,0.19,0.0,0.18,0.0,0.21,0.0,-0.03,0.0
district,Karnali,Rukum (West),Total,06 Year,3277,870,2354,0,0,0,0,0,0,0,2,51,0.06,0.0,0.06,0.0,0.06,0.0,0.0,0.0
district,Karnali,Rukum (West),Total,07 Year,3233,369,2834,0,0,0,0,0,0,0,1,29,0.03,0.0,0.0,0.0,0.06,0.0,-0.06,0.0
district,Karnali,Rukum (West),Total,08 Year,3706,171,3508,0,0,0,0,0,0,0,2,25,0.05,0.0,0.05,0.0,0.06,0.0,-0.01,0.0
district,Karnali,Rukum (West),Total,09 Year,3361,57,3262,0,0,0,0,0,0,0,3,39,0.09,0.0,0.06,0.0,0.12,0.0,-0.06,0.0
district,Karnali,Rukum (West),Total,10 Year,4018,16,3977,0,0,0,0,0,0,0,0,25,0.0,0.0,0.0,0.0,0.0,0.0,0.0,0.0
district,Karnali,Rukum (West),Total,11 Year,3384,7,2316,1047,0,0,0,0,0,0,1,13,0.03,0.0,0.0,0.0,0.06,0.0,-0.06,0.0
district,Karnali,Rukum (West),Total,12 Year,4334,2,1844,2467,0,0,0,0,0,0,0,21,0.0,0.0,0.0,0.0,0.0,0.0,0.0,0.0
district,Karnali,Rukum (West),Total,13 Year,3945,2,853,3078,0,0,0,0,0,0,2,10,0.05,0.0,0.0,0.0,0.1,0.0,-0.1,0.0
district,Karnali,Rukum (West),Total,14 Year,4399,3,518,2746,1118,0,0,0,0,0,0,14,0.0,25.41,0.0,0.0,0.0,0.0,0.0,0.0
district,Karnali,Rukum (West),Total,15 Year,4279,2,233,1763,1954,302,0,0,0,0,1,24,0.02,52.72,0.05,7.07,0.0,7.04,0.05,0.03
district,Karnali,Rukum (West),Total,16 - 19 Years,15331,2,713,2827,5498,3687,2520,46,0,0,12,26,0.08,76.65,0.07,37.91,0.09,43.43,-0.02,-5.52
district,Karnali,Rukum (West),Total,20 - 24 Years,17186,3,957,2321,4105,2144,6622,855,100,2,40,37,0.23,80.45,0.2,57.43,0.26,55.82,-0.06,1.61
district,Karnali,Rukum (West),Total,25 - 29 Years,12126,12,1263,1841,2778,1096,3679,1043,283,4,71,56,0.59,73.22,0.37,53.0,0.79,47.77,-0.42,5.23
district,Karnali,Rukum (West),Total,30 - 34 Years,8934,8,2036,1556,1313,476,1958,997,386,7,141,56,1.58,57.42,0.57,47.02,2.72,37.87,-2.15,9.15
district,Karnali,Rukum (West),Total,35 - 39 Years,6393,16,1993,1441,781,319,755,469,282,5,236,96,3.69,40.76,1.45,32.05,6.82,23.65,-5.37,8.4
district,Karnali,Rukum (West),Total,40 - 44 Years,4430,14,1651,868,519,147,435,234,188,7,268,99,6.05,34.38,1.86,26.78,13.26,15.59,-11.4,11.19
district,Karnali,Rukum (West),Total,45 - 49 Years,3048,15,1160,592,452,95,198,116,99,4,239,78,7.84,31.5,2.74,19.63,19.38,9.96,-16.64,9.67
district,Karnali,Rukum (West),Total,50 - 54 Years,2358,8,945,406,339,84,165,86,59,7,198,61,8.4,31.09,3.23,18.88,23.74,10.27,-20.51,8.61
district,Karnali,Rukum (West),Total,55 - 59 Years,1348,5,623,199,166,39,81,23,29,4,128,51,9.5,25.07,5.45,14.71,27.53,4.05,-22.08,10.66
district,Karnali,Rukum (West),Total,60 - 64 Years,864,2,472,109,98,25,26,8,3,2,87,32,10.07,18.52,6.5,7.77,26.28,4.49,-19.78,3.28
district,Karnali,Rukum (West),Total,65 - 69 Years,554,2,292,86,47,10,20,6,2,3,64,22,11.55,15.34,8.42,7.34,27.47,4.4,-19.05,2.94
district,Karnali,Rukum (West),Total,70 - 74 Years,308,1,176,30,26,4,6,1,0,0,46,18,14.94,12.01,12.88,3.41,27.27,4.55,-14.39,-1.14
district,Karnali,Rukum (West),Total,75+ Years,191,0,101,19,3,1,9,1,0,3,32,22,16.75,7.33,16.0,2.0,19.51,19.51,-3.51,-17.51
district,Karnali,Rukum (West),Male,Total,59827,2424,18181,12481,9969,4338,8206,2206,1044,19,501,458,0.84,43.06,0.84,26.4,1.99,26.58,-1.15,-0.18
district,Karnali,Rukum (West),Male,05 Year,1622,1572,0,0,0,0,0,0,0,0,3,47,0.18,0.0,0.18,0.0,0.21,0.0,-0.03,0.0
district,Karnali,Rukum (West),Male,06 Year,1702,469,1207,0,0,0,0,0,0,0,1,25,0.06,0.0,0.06,0.0,0.06,0.0,0.0,0.0
district,Karnali,Rukum (West),Male,07 Year,1614,207,1396,0,0,0,0,0,0,0,0,11,0.0,0.0,0.0,0.0,0.06,0.0,-0.06,0.0
district,Karnali,Rukum (West),Male,08 Year,1954,101,1839,0,0,0,0,0,0,0,1,13,0.05,0.0,0.05,0.0,0.06,0.0,-0.01,0.0
district,Karnali,Rukum (West),Male,09 Year,1688,35,1632,0,0,0,0,0,0,0,1,20,0.06,0.0,0.06,0.0,0.12,0.0,-0.06,0.0
district,Karnali,Rukum (West),Male,10 Year,2099,8,2078,0,0,0,0,0,0,0,0,13,0.0,0.0,0.0,0.0,0.0,0.0,0.0,0.0
district,Karnali,Rukum (West),Male,11 Year,1674,6,1164,496,0,0,0,0,0,0,0,8,0.0,0.0,0.0,0.0,0.06,0.0,-0.06,0.0
district,Karnali,Rukum (West),Male,12 Year,2242,0,1003,1233,0,0,0,0,0,0,0,6,0.0,0.0,0.0,0.0,0.0,0.0,0.0,0.0
district,Karnali,Rukum (West),Male,13 Year,1971,1,447,1517,0,0,0,0,0,0,0,6,0.0,0.0,0.0,0.0,0.1,0.0,-0.1,0.0
district,Karnali,Rukum (West),Male,14 Year,2171,2,266,1354,539,0,0,0,0,0,0,10,0.0,24.83,0.0,0.0,0.0,0.0,0.0,0.0
district,Karnali,Rukum (West),Male,15 Year,2093,2,113,865,955,148,0,0,0,0,1,9,0.05,52.7,0.05,7.07,0.0,7.04,0.05,0.03
district,Karnali,Rukum (West),Male,16 - 19 Years,7336,2,390,1462,2685,1667,1095,19,0,0,5,11,0.07,74.51,0.07,37.91,0.09,43.43,-0.02,-5.52
district,Karnali,Rukum (West),Male,20 - 24 Years,7924,0,422,1087,1827,1023,3064,416,48,2,16,19,0.2,80.49,0.2,57.43,0.26,55.82,-0.06,1.61
district,Karnali,Rukum (West),Male,25 - 29 Years,5904,4,528,860,1338,622,1813,517,177,3,22,20,0.37,75.66,0.37,53.0,0.79,47.77,-0.42,5.23
district,Karnali,Rukum (West),Male,30 - 34 Years,4743,1,891,842,736,311,1083,566,270,2,27,14,0.57,62.53,0.57,47.02,2.72,37.87,-2.15,9.15
district,Karnali,Rukum (West),Male,35 - 39 Years,3725,3,1037,903,500,235,448,299,212,0,54,34,1.45,45.48,1.45,32.05,6.82,23.65,-5.37,8.4
district,Karnali,Rukum (West),Male,40 - 44 Years,2801,2,921,639,393,115,299,178,158,2,52,42,1.86,40.81,1.86,26.78,13.26,15.59,-11.4,11.19
district,Karnali,Rukum (West),Male,45 - 49 Years,2114,3,749,476,382,78,150,99,88,1,58,30,2.74,37.7,2.74,19.63,19.38,9.96,-16.64,9.67
district,Karnali,Rukum (West),Male,50 - 54 Years,1764,1,692,342,304,70,130,76,57,3,57,32,3.23,36.11,3.23,18.88,23.74,10.27,-20.51,8.61
district,Karnali,Rukum (West),Male,55 - 59 Years,1101,2,511,183,154,35,75,23,29,2,60,27,5.45,28.7,5.45,14.71,27.53,4.05,-22.08,10.66
district,Karnali,Rukum (West),Male,60 - 64 Years,708,1,403,100,84,21,25,6,3,0,46,19,6.5,19.63,6.5,7.77,26.28,4.49,-19.78,3.28
district,Karnali,Rukum (West),Male,65 - 69 Years,463,1,246,81,46,9,18,5,2,1,39,15,8.42,17.28,8.42,7.34,27.47,4.4,-19.05,2.94
district,Karnali,Rukum (West),Male,70 - 74 Years,264,1,160,26,23,3,5,1,0,0,34,11,12.88,12.12,12.88,3.41,27.27,4.55,-14.39,-1.14
district,Karnali,Rukum (West),Male,75+ Years,150,0,86,15,3,1,1,1,0,3,24,16,16.0,4.0,16.0,2.0,19.51,19.51,-3.51,-17.51
district,Karnali,Rukum (West),Female,Total,54260,2158,15900,10915,9228,4091,8268,1679,387,29,1079,526,1.99,43.59,0.84,26.4,1.99,26.58,-1.15,-0.18
district,Karnali,Rukum (West),Female,05 Year,1458,1423,0,0,0,0,0,0,0,0,3,32,0.21,0.0,0.18,0.0,0.21,0.0,-0.03,0.0
district,Karnali,Rukum (West),Female,06 Year,1575,401,1147,0,0,0,0,0,0,0,1,26,0.06,0.0,0.06,0.0,0.06,0.0,0.0,0.0
district,Karnali,Rukum (West),Female,07 Year,1619,162,1438,0,0,0,0,0,0,0,1,18,0.06,0.0,0.0,0.0,0.06,0.0,-0.06,0.0
district,Karnali,Rukum (West),Female,08 Year,1752,70,1669,0,0,0,0,0,0,0,1,12,0.06,0.0,0.05,0.0,0.06,0.0,-0.01,0.0
district,Karnali,Rukum (West),Female,09 Year,1673,22,1630,0,0,0,0,0,0,0,2,19,0.12,0.0,0.06,0.0,0.12,0.0,-0.06,0.0
district,Karnali,Rukum (West),Female,10 Year,1919,8,1899,0,0,0,0,0,0,0,0,12,0.0,0.0,0.0,0.0,0.0,0.0,0.0,0.0
district,Karnali,Rukum (West),Female,11 Year,1710,1,1152,551,0,0,0,0,0,0,1,5,0.06,0.0,0.0,0.0,0.06,0.0,-0.06,0.0
district,Karnali,Rukum (West),Female,12 Year,2092,2,841,1234,0,0,0,0,0,0,0,15,0.0,0.0,0.0,0.0,0.0,0.0,0.0,0.0
district,Karnali,Rukum (West),Female,13 Year,1974,1,406,1561,0,0,0,0,0,0,2,4,0.1,0.0,0.0,0.0,0.1,0.0,-0.1,0.0
district,Karnali,Rukum (West),Female,14 Year,2228,1,252,1392,579,0,0,0,0,0,0,4,0.0,25.99,0.0,0.0,0.0,0.0,0.0,0.0
district,Karnali,Rukum (West),Female,15 Year,2186,0,120,898,999,154,0,0,0,0,0,15,0.0,52.74,0.05,7.07,0.0,7.04,0.05,0.03
district,Karnali,Rukum (West),Female,16 - 19 Years,7995,0,323,1365,2813,2020,1425,27,0,0,7,15,0.09,78.61,0.07,37.91,0.09,43.43,-0.02,-5.52
district,Karnali,Rukum (West),Female,20 - 24 Years,9262,3,535,1234,2278,1121,3558,439,52,0,24,18,0.26,80.41,0.2,57.43,0.26,55.82,-0.06,1.61
district,Karnali,Rukum (West),Female,25 - 29 Years,6222,8,735,981,1440,474,1866,526,106,1,49,36,0.79,70.91,0.37,53.0,0.79,47.77,-0.42,5.23
district,Karnali,Rukum (West),Female,30 - 34 Years,4191,7,1145,714,577,165,875,431,116,5,114,42,2.72,51.63,0.57,47.02,2.72,37.87,-2.15,9.15
district,Karnali,Rukum (West),Female,35 - 39 Years,2668,13,956,538,281,84,307,170,70,5,182,62,6.82,34.18,1.45,32.05,6.82,23.65,-5.37,8.4
district,Karnali,Rukum (West),Female,40 - 44 Years,1629,12,730,229,126,32,136,56,30,5,216,57,13.26,23.33,1.86,26.78,13.26,15.59,-11.4,11.19
district,Karnali,Rukum (West),Female,45 - 49 Years,934,12,411,116,70,17,48,17,11,3,181,48,19.38,17.45,2.74,19.63,19.38,9.96,-16.64,9.67
district,Karnali,Rukum (West),Female,50 - 54 Years,594,7,253,64,35,14,35,10,2,4,141,29,23.74,16.16,3.23,18.88,23.74,10.27,-20.51,8.61
district,Karnali,Rukum (West),Female,55 - 59 Years,247,3,112,16,12,4,6,0,0,2,68,24,27.53,8.91,5.45,14.71,27.53,4.05,-22.08,10.66
district,Karnali,Rukum (West),Female,60 - 64 Years,156,1,69,9,14,4,1,2,0,2,41,13,26.28,13.46,6.5,7.77,26.28,4.49,-19.78,3.28
district,Karnali,Rukum (West),Female,65 - 69 Years,91,1,46,5,1,1,2,1,0,2,25,7,27.47,5.49,8.42,7.34,27.47,4.4,-19.05,2.94
district,Karnali,Rukum (West),Female,70 - 74 Years,44,0,16,4,3,1,1,0,0,0,12,7,27.27,11.36,12.88,3.41,27.27,4.55,-14.39,-1.14
district,Karnali,Rukum (West),Female,75+ Years,41,0,15,4,0,0,8,0,0,0,8,6,19.51,19.51,16.0,2.0,19.51,19.51,-3.51,-17.51
district,Karnali,Salyan,Total,Total,167957,6175,52015,39268,32282,10931,17150,3427,1372,19,3617,1701,2.15,38.8,1.09,19.42,3.32,19.75,-2.23,-0.33
district,Karnali,Salyan,Total,05 Year,4256,4107,0,0,0,0,0,0,0,0,7,142,0.16,0.0,0.27,0.0,0.05,0.0,0.22,0.0
district,Karnali,Salyan,Total,06 Year,4461,1200,3174,0,0,0,0,0,0,0,3,84,0.07,0.0,0.13,0.0,0.0,0.0,0.13,0.0
district,Karnali,Salyan,Total,07 Year,4485,491,3946,0,0,0,0,0,0,0,2,46,0.04,0.0,0.0,0.0,0.09,0.0,-0.09,0.0
district,Karnali,Salyan,Total,08 Year,4803,169,4602,0,0,0,0,0,0,0,1,31,0.02,0.0,0.0,0.0,0.04,0.0,-0.04,0.0
district,Karnali,Salyan,Total,09 Year,4509,54,4413,0,0,0,0,0,0,0,1,41,0.02,0.0,0.0,0.0,0.04,0.0,-0.04,0.0
district,Karnali,Salyan,Total,10 Year,5047,16,5007,0,0,0,0,0,0,0,0,24,0.0,0.0,0.0,0.0,0.0,0.0,0.0,0.0
district,Karnali,Salyan,Total,11 Year,4415,4,2890,1509,0,0,0,0,0,0,0,12,0.0,0.0,0.0,0.0,0.0,0.0,0.0,0.0
district,Karnali,Salyan,Total,12 Year,5717,5,2134,3556,0,0,0,0,0,0,1,21,0.02,0.0,0.03,0.0,0.0,0.0,0.03,0.0
district,Karnali,Salyan,Total,13 Year,5496,4,990,4485,0,0,0,0,0,0,1,16,0.02,0.0,0.04,0.0,0.0,0.0,0.04,0.0
district,Karnali,Salyan,Total,14 Year,5905,5,534,3821,1528,0,0,0,0,0,1,16,0.02,25.88,0.03,0.0,0.0,0.0,0.03,0.0
district,Karnali,Salyan,Total,15 Year,6021,6,284,2560,2695,449,0,0,0,0,0,27,0.0,52.22,0.0,6.96,0.0,7.95,0.0,-0.99
district,Karnali,Salyan,Total,16 - 19 Years,21922,15,1153,4486,7855,5125,3153,73,0,1,21,40,0.1,73.93,0.1,34.96,0.09,41.06,0.01,-6.1
district,Karnali,Salyan,Total,20 - 24 Years,24670,13,1912,5344,7498,2497,6391,804,109,0,45,57,0.18,70.12,0.11,40.53,0.24,39.05,-0.13,1.48
district,Karnali,Salyan,Total,25 - 29 Years,18102,5,2439,4071,5942,1044,3217,893,300,1,111,79,0.61,62.95,0.26,31.98,0.93,28.47,-0.67,3.51
district,Karnali,Salyan,Total,30 - 34 Years,13016,9,3671,2911,2163,573,2147,778,379,2,281,102,2.16,46.4,0.66,33.42,3.66,26.14,-3.0,7.28
district,Karnali,Salyan,Total,35 - 39 Years,10261,13,3657,2460,1496,406,927,385,241,0,533,143,5.19,33.67,1.3,22.4,9.75,15.23,-8.45,7.17
district,Karnali,Salyan,Total,40 - 44 Years,7881,14,3104,1541,1175,287,568,218,147,4,637,186,8.08,30.39,1.71,18.81,17.46,10.59,-15.75,8.22
district,Karnali,Salyan,Total,45 - 49 Years,5629,16,2472,953,731,193,333,128,98,5,538,162,9.56,26.35,2.73,16.48,23.12,7.16,-20.39,9.32
district,Karnali,Salyan,Total,50 - 54 Years,4580,9,2072,706,592,187,222,87,63,5,483,154,10.55,25.13,3.41,14.33,29.81,6.46,-26.4,7.87
district,Karnali,Salyan,Total,55 - 59 Years,2672,1,1294,393,299,86,104,42,19,1,328,105,12.28,20.58,5.63,11.12,34.58,3.59,-28.95,7.53
district,Karnali,Salyan,Total,60 - 64 Years,1809,9,966,222,183,46,34,9,9,0,256,75,14.15,15.53,8.35,6.09,38.51,2.59,-30.16,3.5
district,Karnali,Salyan,Total,65 - 69 Years,1233,4,728,147,70,28,23,6,3,0,164,60,13.3,10.54,9.22,4.8,35.42,5.21,-26.2,-0.41
district,Karnali,Salyan,Total,70 - 74 Years,668,2,367,75,41,8,15,1,3,0,103,53,15.42,10.18,13.03,3.52,29.0,7.0,-15.97,-3.48
district,Karnali,Salyan,Total,75+ Years,399,4,206,28,14,2,16,3,1,0,100,25,25.06,9.02,22.92,3.72,40.0,18.0,-17.08,-14.28
district,Karnali,Salyan,Male,Total,87866,3256,28378,21201,16334,5563,8569,1974,955,6,957,673,1.09,38.01,1.09,19.42,3.32,19.75,-2.23,-0.33
district,Karnali,Salyan,Male,05 Year,2215,2130,0,0,0,0,0,0,0,0,6,79,0.27,0.0,0.27,0.0,0.05,0.0,0.22,0.0
district,Karnali,Salyan,Male,06 Year,2281,656,1583,0,0,0,0,0,0,0,3,39,0.13,0.0,0.13,0.0,0.0,0.0,0.13,0.0
district,Karnali,Salyan,Male,07 Year,2238,263,1950,0,0,0,0,0,0,0,0,25,0.0,0.0,0.0,0.0,0.09,0.0,-0.09,0.0
district,Karnali,Salyan,Male,08 Year,2487,111,2358,0,0,0,0,0,0,0,0,18,0.0,0.0,0.0,0.0,0.04,0.0,-0.04,0.0
district,Karnali,Salyan,Male,09 Year,2280,27,2236,0,0,0,0,0,0,0,0,17,0.0,0.0,0.0,0.0,0.04,0.0,-0.04,0.0
district,Karnali,Salyan,Male,10 Year,2594,11,2573,0,0,0,0,0,0,0,0,10,0.0,0.0,0.0,0.0,0.0,0.0,0.0,0.0
district,Karnali,Salyan,Male,11 Year,2248,2,1522,717,0,0,0,0,0,0,0,7,0.0,0.0,0.0,0.0,0.0,0.0,0.0,0.0
district,Karnali,Salyan,Male,12 Year,2942,3,1154,1776,0,0,0,0,0,0,1,8,0.03,0.0,0.03,0.0,0.0,0.0,0.03,0.0
district,Karnali,Salyan,Male,13 Year,2737,2,540,2189,0,0,0,0,0,0,1,5,0.04,0.0,0.04,0.0,0.0,0.0,0.04,0.0
district,Karnali,Salyan,Male,14 Year,2998,5,297,1965,721,0,0,0,0,0,1,9,0.03,24.05,0.03,0.0,0.0,0.0,0.03,0.0
district,Karnali,Salyan,Male,15 Year,2989,3,162,1336,1268,208,0,0,0,0,0,12,0.0,49.38,0.0,6.96,0.0,7.95,0.0,-0.99
district,Karnali,Salyan,Male,16 - 19 Years,10669,9,660,2430,3814,2303,1398,29,0,0,11,15,0.1,70.71,0.1,34.96,0.09,41.06,0.01,-6.1
district,Karnali,Salyan,Male,20 - 24 Years,11317,5,965,2642,3078,1179,2991,369,48,0,13,27,0.11,67.73,0.11,40.53,0.24,39.05,-0.13,1.48
district,Karnali,Salyan,Male,25 - 29 Years,8566,3,1084,1938,2750,558,1552,457,172,0,22,30,0.26,64.08,0.26,31.98,0.93,28.47,-0.67,3.51
district,Karnali,Salyan,Male,30 - 34 Years,6520,2,1608,1516,1141,361,1099,469,250,1,43,30,0.66,50.92,0.66,33.42,3.66,26.14,-3.0,7.28
district,Karnali,Salyan,Male,35 - 39 Years,5532,2,1725,1475,986,267,539,246,187,0,72,33,1.3,40.22,1.3,22.4,9.75,15.23,-8.45,7.17
district,Karnali,Salyan,Male,40 - 44 Years,4690,5,1728,1065,887,215,374,167,126,1,80,42,1.71,37.72,1.71,18.81,17.46,10.59,-15.75,8.22
district,Karnali,Salyan,Male,45 - 49 Years,3743,2,1613,758,598,162,259,108,88,1,102,52,2.73,32.46,2.73,16.48,23.12,7.16,-20.39,9.32
district,Karnali,Salyan,Male,50 - 54 Years,3342,4,1553,602,537,155,196,73,55,3,114,50,3.41,30.4,3.41,14.33,29.81,6.46,-26.4,7.87
district,Karnali,Salyan,Male,55 - 59 Years,2059,0,1060,351,269,80,92,40,17,0,116,34,5.63,24.19,5.63,11.12,34.58,3.59,-28.95,7.53
district,Karnali,Salyan,Male,60 - 64 Years,1461,5,823,208,172,42,33,8,6,0,122,42,8.35,17.86,8.35,6.09,38.51,2.59,-30.16,3.5
district,Karnali,Salyan,Male,65 - 69 Years,1041,2,655,137,65,23,19,5,3,0,96,36,9.22,11.05,9.22,4.8,35.42,5.21,-26.2,-0.41
district,Karnali,Salyan,Male,70 - 74 Years,568,1,338,69,34,8,10,0,2,0,74,32,13.03,9.51,13.03,3.52,29.0,7.0,-15.97,-3.48
district,Karnali,Salyan,Male,75+ Years,349,3,191,27,14,2,7,3,1,0,80,21,22.92,7.74,22.92,3.72,40.0,18.0,-17.08,-14.28
district,Karnali,Salyan,Female,Total,80091,2919,23637,18067,15948,5368,8581,1453,417,13,2660,1028,3.32,39.66,1.09,19.42,3.32,19.75,-2.23,-0.33
district,Karnali,Salyan,Female,05 Year,2041,1977,0,0,0,0,0,0,0,0,1,63,0.05,0.0,0.27,0.0,0.05,0.0,0.22,0.0
district,Karnali,Salyan,Female,06 Year,2180,544,1591,0,0,0,0,0,0,0,0,45,0.0,0.0,0.13,0.0,0.0,0.0,0.13,0.0
district,Karnali,Salyan,Female,07 Year,2247,228,1996,0,0,0,0,0,0,0,2,21,0.09,0.0,0.0,0.0,0.09,0.0,-0.09,0.0
district,Karnali,Salyan,Female,08 Year,2316,58,2244,0,0,0,0,0,0,0,1,13,0.04,0.0,0.0,0.0,0.04,0.0,-0.04,0.0
district,Karnali,Salyan,Female,09 Year,2229,27,2177,0,0,0,0,0,0,0,1,24,0.04,0.0,0.0,0.0,0.04,0.0,-0.04,0.0
district,Karnali,Salyan,Female,10 Year,2453,5,2434,0,0,0,0,0,0,0,0,14,0.0,0.0,0.0,0.0,0.0,0.0,0.0,0.0
district,Karnali,Salyan,Female,11 Year,2167,2,1368,792,0,0,0,0,0,0,0,5,0.0,0.0,0.0,0.0,0.0,0.0,0.0,0.0
district,Karnali,Salyan,Female,12 Year,2775,2,980,1780,0,0,0,0,0,0,0,13,0.0,0.0,0.03,0.0,0.0,0.0,0.03,0.0
district,Karnali,Salyan,Female,13 Year,2759,2,450,2296,0,0,0,0,0,0,0,11,0.0,0.0,0.04,0.0,0.0,0.0,0.04,0.0
district,Karnali,Salyan,Female,14 Year,2907,0,237,1856,807,0,0,0,0,0,0,7,0.0,27.76,0.03,0.0,0.0,0.0,0.03,0.0
district,Karnali,Salyan,Female,15 Year,3032,3,122,1224,1427,241,0,0,0,0,0,15,0.0,55.01,0.0,6.96,0.0,7.95,0.0,-0.99
district,Karnali,Salyan,Female,16 - 19 Years,11253,6,493,2056,4041,2822,1755,44,0,1,10,25,0.09,76.98,0.1,34.96,0.09,41.06,0.01,-6.1
district,Karnali,Salyan,Female,20 - 24 Years,13353,8,947,2702,4420,1318,3400,435,61,0,32,30,0.24,72.15,0.11,40.53,0.24,39.05,-0.13,1.48
district,Karnali,Salyan,Female,25 - 29 Years,9536,2,1355,2133,3192,486,1665,436,128,1,89,49,0.93,61.94,0.26,31.98,0.93,28.47,-0.67,3.51
district,Karnali,Salyan,Female,30 - 34 Years,6496,7,2063,1395,1022,212,1048,309,129,1,238,72,3.66,41.87,0.66,33.42,3.66,26.14,-3.0,7.28
district,Karnali,Salyan,Female,35 - 39 Years,4729,11,1932,985,510,139,388,139,54,0,461,110,9.75,26.01,1.3,22.4,9.75,15.23,-8.45,7.17
district,Karnali,Salyan,Female,40 - 44 Years,3191,9,1376,476,288,72,194,51,21,3,557,144,17.46,19.62,1.71,18.81,17.46,10.59,-15.75,8.22
district,Karnali,Salyan,Female,45 - 49 Years,1886,14,859,195,133,31,74,20,10,4,436,110,23.12,14.21,2.73,16.48,23.12,7.16,-20.39,9.32
district,Karnali,Salyan,Female,50 - 54 Years,1238,5,519,104,55,32,26,14,8,2,369,104,29.81,10.9,3.41,14.33,29.81,6.46,-26.4,7.87
district,Karnali,Salyan,Female,55 - 59 Years,613,1,234,42,30,6,12,2,2,1,212,71,34.58,8.48,5.63,11.12,34.58,3.59,-28.95,7.53
district,Karnali,Salyan,Female,60 - 64 Years,348,4,143,14,11,4,1,1,3,0,134,33,38.51,5.75,8.35,6.09,38.51,2.59,-30.16,3.5
district,Karnali,Salyan,Female,65 - 69 Years,192,2,73,10,5,5,4,1,0,0,68,24,35.42,7.81,9.22,4.8,35.42,5.21,-26.2,-0.41
district,Karnali,Salyan,Female,70 - 74 Years,100,1,29,6,7,0,5,1,1,0,29,21,29.0,14.0,13.03,3.52,29.0,7.0,-15.97,-3.48
district,Karnali,Salyan,Female,75+ Years,50,1,15,1,0,0,9,0,0,0,20,4,40.0,18.0,22.92,3.72,40.0,18.0,-17.08,-14.28
district,Karnali,Surkhet,Total,Total,314242,12958,92556,70040,48542,30512,35070,10196,5022,219,5931,3196,1.89,41.16,0.99,25.91,2.83,25.5,-1.84,0.41
district,Karnali,Surkhet,Total,05 Year,7247,7062,0,0,0,0,0,0,0,0,9,176,0.12,0.0,0.16,0.0,0.09,0.0,0.07,0.0
district,Karnali,Surkhet,Total,06 Year,7810,3273,4460,0,0,0,0,0,0,0,9,68,0.12,0.0,0.15,0.0,0.08,0.0,0.07,0.0
district,Karnali,Surkhet,Total,07 Year,7905,1465,6383,0,0,0,0,0,0,0,6,51,0.08,0.0,0.05,0.0,0.11,0.0,-0.06,0.0
district,Karnali,Surkhet,Total,08 Year,8676,556,8060,0,0,0,0,0,0,0,1,59,0.01,0.0,0.0,0.0,0.02,0.0,-0.02,0.0
district,Karnali,Surkhet,Total,09 Year,8486,158,8282,0,0,0,0,0,0,0,4,42,0.05,0.0,0.07,0.0,0.02,0.0,0.05,0.0
district,Karnali,Surkhet,Total,10 Year,9061,51,8975,0,0,0,0,0,0,0,1,34,0.01,0.0,0.02,0.0,0.0,0.0,0.02,0.0
district,Karnali,Surkhet,Total,11 Year,8207,18,5819,2339,0,0,0,0,0,0,6,25,0.07,0.0,0.02,0.0,0.13,0.0,-0.11,0.0
district,Karnali,Surkhet,Total,12 Year,9796,14,4194,5567,0,0,0,0,0,0,3,18,0.03,0.0,0.04,0.0,0.02,0.0,0.02,0.0
district,Karnali,Surkhet,Total,13 Year,9776,11,1885,7852,0,0,0,0,0,0,3,25,0.03,0.0,0.04,0.0,0.02,0.0,0.02,0.0
district,Karnali,Surkhet,Total,14 Year,10225,7,988,6835,2360,0,0,0,0,1,4,30,0.04,23.08,0.04,0.0,0.04,0.0,0.0,0.0
district,Karnali,Surkhet,Total,15 Year,9910,19,496,4239,4010,1110,0,0,0,0,1,35,0.01,51.66,0.0,10.61,0.02,11.8,-0.02,-1.19
district,Karnali,Surkhet,Total,16 - 19 Years,37099,21,1897,6520,10327,12274,5723,199,0,1,24,113,0.06,76.88,0.08,48.31,0.05,49.75,0.03,-1.44
district,Karnali,Surkhet,Total,20 - 24 Years,41409,25,3035,7472,9583,6105,12247,2444,244,17,81,156,0.2,73.95,0.15,51.62,0.23,50.16,-0.08,1.46
district,Karnali,Surkhet,Total,25 - 29 Years,33694,19,4213,7049,7641,3673,7069,2727,978,11,137,177,0.41,65.55,0.25,45.31,0.53,40.91,-0.28,4.4
district,Karnali,Surkhet,Total,30 - 34 Years,27911,20,6240,6899,3867,2286,4621,2080,1349,10,329,210,1.18,50.89,0.42,41.5,1.84,33.18,-1.42,8.32
district,Karnali,Surkhet,Total,35 - 39 Years,23709,36,6962,5836,3622,1845,2336,1152,1020,21,586,293,2.47,42.07,0.61,31.17,4.34,22.39,-3.73,8.78
district,Karnali,Surkhet,Total,40 - 44 Years,17418,47,5883,3871,2512,1205,1351,688,641,26,864,330,4.96,36.73,1.19,26.41,9.59,17.26,-8.4,9.15
district,Karnali,Surkhet,Total,45 - 49 Years,11592,31,4359,2159,1688,709,691,367,346,38,887,317,7.65,32.79,2.04,22.65,16.51,11.24,-14.47,11.41
district,Karnali,Surkhet,Total,50 - 54 Years,9500,40,3774,1543,1310,563,519,267,245,21,887,331,9.34,30.57,3.36,20.69,20.97,9.15,-17.61,11.54
district,Karnali,Surkhet,Total,55 - 59 Years,5710,22,2343,823,821,338,247,125,97,20,660,214,11.56,28.51,4.49,17.37,29.89,5.73,-25.4,11.64
district,Karnali,Surkhet,Total,60 - 64 Years,3844,25,1776,449,394,199,137,77,59,16,548,164,14.26,22.53,7.53,14.68,33.98,5.22,-26.45,9.46
district,Karnali,Surkhet,Total,65 - 69 Years,2471,18,1246,297,219,90,71,40,23,13,340,114,13.76,17.93,6.79,10.15,37.02,5.44,-30.23,4.71
district,Karnali,Surkhet,Total,70 - 74 Years,1558,10,755,197,114,59,33,17,11,12,257,93,16.5,15.02,12.62,8.55,32.35,4.25,-19.73,4.3
district,Karnali,Surkhet,Total,75+ Years,1228,10,531,93,74,56,25,13,9,12,284,121,23.13,14.41,21.17,8.63,30.59,7.45,-9.42,1.18
district,Karnali,Surkhet,Male,Total,161145,6969,48539,36292,24627,16097,17096,5347,3216,87,1597,1278,0.99,41.19,0.99,25.91,2.83,25.5,-1.84,0.41
district,Karnali,Surkhet,Male,05 Year,3782,3685,0,0,0,0,0,0,0,0,6,91,0.16,0.0,0.16,0.0,0.09,0.0,0.07,0.0
district,Karnali,Surkhet,Male,06 Year,4103,1820,2241,0,0,0,0,0,0,0,6,36,0.15,0.0,0.15,0.0,0.08,0.0,0.07,0.0
district,Karnali,Surkhet,Male,07 Year,4191,875,3289,0,0,0,0,0,0,0,2,25,0.05,0.0,0.05,0.0,0.11,0.0,-0.06,0.0
district,Karnali,Surkhet,Male,08 Year,4568,320,4220,0,0,0,0,0,0,0,0,28,0.0,0.0,0.0,0.0,0.02,0.0,-0.02,0.0
district,Karnali,Surkhet,Male,09 Year,4437,95,4322,0,0,0,0,0,0,0,3,17,0.07,0.0,0.07,0.0,0.02,0.0,0.05,0.0
district,Karnali,Surkhet,Male,10 Year,4761,28,4712,0,0,0,0,0,0,0,1,20,0.02,0.0,0.02,0.0,0.0,0.0,0.02,0.0
district,Karnali,Surkhet,Male,11 Year,4247,8,3075,1146,0,0,0,0,0,0,1,17,0.02,0.0,0.02,0.0,0.13,0.0,-0.11,0.0
district,Karnali,Surkhet,Male,12 Year,5105,5,2310,2779,0,0,0,0,0,0,2,9,0.04,0.0,0.04,0.0,0.02,0.0,0.02,0.0
district,Karnali,Surkhet,Male,13 Year,5005,3,1046,3942,0,0,0,0,0,0,2,12,0.04,0.0,0.04,0.0,0.02,0.0,0.02,0.0
district,Karnali,Surkhet,Male,14 Year,5222,5,530,3537,1131,0,0,0,0,0,2,17,0.04,21.66,0.04,0.0,0.04,0.0,0.0,0.0
district,Karnali,Surkhet,Male,15 Year,5012,8,282,2227,1954,532,0,0,0,0,0,9,0.0,49.6,0.0,10.61,0.02,11.8,-0.02,-1.19
district,Karnali,Surkhet,Male,16 - 19 Years,18180,9,996,3293,5033,6039,2665,79,0,1,15,50,0.08,76.0,0.08,48.31,0.05,49.75,0.03,-1.44
district,Karnali,Surkhet,Male,20 - 24 Years,18566,14,1435,3404,4030,2903,5496,1080,104,12,28,60,0.15,73.32,0.15,51.62,0.23,50.16,-0.08,1.46
district,Karnali,Surkhet,Male,25 - 29 Years,15059,5,1788,3056,3276,1843,3239,1260,481,7,38,66,0.25,67.06,0.25,45.31,0.53,40.91,-0.28,4.4
district,Karnali,Surkhet,Male,30 - 34 Years,12925,3,2442,3145,1841,1251,2273,1061,779,5,54,71,0.42,55.74,0.42,41.5,1.84,33.18,-1.42,8.32
district,Karnali,Surkhet,Male,35 - 39 Years,11891,9,2880,3051,2087,1139,1244,654,670,4,73,80,0.61,48.73,0.61,31.17,4.34,22.39,-3.73,8.78
district,Karnali,Surkhet,Male,40 - 44 Years,9601,14,2829,2385,1628,785,817,449,485,5,114,90,1.19,43.37,1.19,26.41,9.59,17.26,-8.4,9.15
district,Karnali,Surkhet,Male,45 - 49 Years,7099,4,2455,1528,1246,525,506,281,296,10,145,103,2.04,40.2,2.04,22.65,16.51,11.24,-14.47,11.41
district,Karnali,Surkhet,Male,50 - 54 Years,6277,11,2400,1220,1004,434,413,233,219,5,211,127,3.36,36.69,3.36,20.69,20.97,9.15,-17.61,11.54
district,Karnali,Surkhet,Male,55 - 59 Years,4121,9,1739,679,699,293,217,118,88,5,185,89,4.49,34.34,4.49,17.37,29.89,5.73,-25.4,11.64
district,Karnali,Surkhet,Male,60 - 64 Years,2867,15,1418,384,331,176,122,68,55,6,216,76,7.53,26.23,7.53,14.68,33.98,5.22,-26.45,9.46
district,Karnali,Surkhet,Male,65 - 69 Years,1901,9,1042,259,201,76,60,36,21,8,129,60,6.79,20.73,6.79,10.15,37.02,5.44,-30.23,4.71
district,Karnali,Surkhet,Male,70 - 74 Years,1252,8,644,176,102,54,28,16,9,9,158,48,12.62,16.69,12.62,8.55,32.35,4.25,-19.73,4.3
district,Karnali,Surkhet,Male,75+ Years,973,7,444,81,64,47,16,12,9,10,206,77,21.17,15.21,21.17,8.63,30.59,7.45,-9.42,1.18
district,Karnali,Surkhet,Female,Total,153097,5989,44017,33748,23915,14415,17974,4849,1806,132,4334,1918,2.83,41.12,0.99,25.91,2.83,25.5,-1.84,0.41
district,Karnali,Surkhet,Female,05 Year,3465,3377,0,0,0,0,0,0,0,0,3,85,0.09,0.0,0.16,0.0,0.09,0.0,0.07,0.0
district,Karnali,Surkhet,Female,06 Year,3707,1453,2219,0,0,0,0,0,0,0,3,32,0.08,0.0,0.15,0.0,0.08,0.0,0.07,0.0
district,Karnali,Surkhet,Female,07 Year,3714,590,3094,0,0,0,0,0,0,0,4,26,0.11,0.0,0.05,0.0,0.11,0.0,-0.06,0.0
district,Karnali,Surkhet,Female,08 Year,4108,236,3840,0,0,0,0,0,0,0,1,31,0.02,0.0,0.0,0.0,0.02,0.0,-0.02,0.0
district,Karnali,Surkhet,Female,09 Year,4049,63,3960,0,0,0,0,0,0,0,1,25,0.02,0.0,0.07,0.0,0.02,0.0,0.05,0.0
district,Karnali,Surkhet,Female,10 Year,4300,23,4263,0,0,0,0,0,0,0,0,14,0.0,0.0,0.02,0.0,0.0,0.0,0.02,0.0
district,Karnali,Surkhet,Female,11 Year,3960,10,2744,1193,0,0,0,0,0,0,5,8,0.13,0.0,0.02,0.0,0.13,0.0,-0.11,0.0
district,Karnali,Surkhet,Female,12 Year,4691,9,1884,2788,0,0,0,0,0,0,1,9,0.02,0.0,0.04,0.0,0.02,0.0,0.02,0.0
district,Karnali,Surkhet,Female,13 Year,4771,8,839,3910,0,0,0,0,0,0,1,13,0.02,0.0,0.04,0.0,0.02,0.0,0.02,0.0
district,Karnali,Surkhet,Female,14 Year,5003,2,458,3298,1229,0,0,0,0,1,2,13,0.04,24.57,0.04,0.0,0.04,0.0,0.0,0.0
district,Karnali,Surkhet,Female,15 Year,4898,11,214,2012,2056,578,0,0,0,0,1,26,0.02,53.78,0.0,10.61,0.02,11.8,-0.02,-1.19
district,Karnali,Surkhet,Female,16 - 19 Years,18919,12,901,3227,5294,6235,3058,120,0,0,9,63,0.05,77.74,0.08,48.31,0.05,49.75,0.03,-1.44
district,Karnali,Surkhet,Female,20 - 24 Years,22843,11,1600,4068,5553,3202,6751,1364,140,5,53,96,0.23,74.46,0.15,51.62,0.23,50.16,-0.08,1.46
district,Karnali,Surkhet,Female,25 - 29 Years,18635,14,2425,3993,4365,1830,3830,1467,497,4,99,111,0.53,64.34,0.25,45.31,0.53,40.91,-0.28,4.4
district,Karnali,Surkhet,Female,30 - 34 Years,14986,17,3798,3754,2026,1035,2348,1019,570,5,275,139,1.84,46.7,0.42,41.5,1.84,33.18,-1.42,8.32
district,Karnali,Surkhet,Female,35 - 39 Years,11818,27,4082,2785,1535,706,1092,498,350,17,513,213,4.34,35.38,0.61,31.17,4.34,22.39,-3.73,8.78
district,Karnali,Surkhet,Female,40 - 44 Years,7817,33,3054,1486,884,420,534,239,156,21,750,240,9.59,28.57,1.19,26.41,9.59,17.26,-8.4,9.15
district,Karnali,Surkhet,Female,45 - 49 Years,4493,27,1904,631,442,184,185,86,50,28,742,214,16.51,21.08,2.04,22.65,16.51,11.24,-14.47,11.41
district,Karnali,Surkhet,Female,50 - 54 Years,3223,29,1374,323,306,129,106,34,26,16,676,204,20.97,18.65,3.36,20.69,20.97,9.15,-17.61,11.54
district,Karnali,Surkhet,Female,55 - 59 Years,1589,13,604,144,122,45,30,7,9,15,475,125,29.89,13.4,4.49,17.37,29.89,5.73,-25.4,11.64
district,Karnali,Surkhet,Female,60 - 64 Years,977,10,358,65,63,23,15,9,4,10,332,88,33.98,11.67,7.53,14.68,33.98,5.22,-26.45,9.46
district,Karnali,Surkhet,Female,65 - 69 Years,570,9,204,38,18,14,11,4,2,5,211,54,37.02,8.6,6.79,10.15,37.02,5.44,-30.23,4.71
district,Karnali,Surkhet,Female,70 - 74 Years,306,2,111,21,12,5,5,1,2,3,99,45,32.35,8.17,12.62,8.55,32.35,4.25,-19.73,4.3
district,Karnali,Surkhet,Female,75+ Years,255,3,87,12,10,9,9,1,0,2,78,44,30.59,11.37,21.17,8.63,30.59,7.45,-9.42,1.18
province,Sudurpaschim,,Total,Total,1886442,88751,578406,403275,318433,128352,210266,59968,31322,1486,49712,16471,2.64,39.67,1.47,23.26,3.9,22.28,-2.43,0.98
province,Sudurpaschim,,Total,05 Year,46312,45465,0,0,0,0,0,0,0,0,33,814,0.07,0.0,0.06,0.0,0.09,0.0,-0.03,0.0
province,Sudurpaschim,,Total,06 Year,50612,21915,28250,0,0,0,0,0,0,0,32,415,0.06,0.0,0.06,0.0,0.07,0.0,-0.01,0.0
province,Sudurpaschim,,Total,07 Year,50270,11127,38865,0,0,0,0,0,0,1,26,251,0.05,0.0,0.03,0.0,0.08,0.0,-0.05,0.0
province,Sudurpaschim,,Total,08 Year,58198,5138,52747,0,0,0,0,0,0,0,25,288,0.04,0.0,0.05,0.0,0.04,0.0,0.01,0.0
province,Sudurpaschim,,Total,09 Year,52470,1725,50430,0,0,0,0,0,0,0,21,294,0.04,0.0,0.04,0.0,0.04,0.0,0.0,0.0
province,Sudurpaschim,,Total,10 Year,65591,736,64589,0,0,0,0,0,0,2,20,244,0.03,0.0,0.04,0.0,0.02,0.0,0.02,0.0
province,Sudurpaschim,,Total,11 Year,53005,218,41457,11197,0,0,0,0,0,0,11,122,0.02,0.0,0.03,0.0,0.02,0.0,0.01,0.0
province,Sudurpaschim,,Total,12 Year,71410,192,37853,33192,0,0,0,0,0,0,17,156,0.02,0.0,0.01,0.0,0.03,0.0,-0.02,0.0
province,Sudurpaschim,,Total,13 Year,63660,105,18616,44792,0,0,0,0,0,3,20,124,0.03,0.0,0.03,0.0,0.03,0.0,0.0,0.0
province,Sudurpaschim,,Total,14 Year,67611,65,9965,46033,11378,0,0,0,0,1,33,136,0.05,16.83,0.05,0.0,0.05,0.0,0.0,0.0
province,Sudurpaschim,,Total,15 Year,66464,91,4311,35040,23510,3236,0,0,0,1,31,244,0.05,40.24,0.04,4.66,0.06,5.07,-0.02,-0.41
province,Sudurpaschim,,Total,16 - 19 Years,227203,222,11652,49305,79404,52553,32088,1209,0,26,234,510,0.1,72.73,0.1,36.7,0.11,38.76,-0.01,-2.06
province,Sudurpaschim,,Total,20 - 24 Years,250729,173,18859,40560,65791,30562,74016,16137,2838,74,1000,719,0.4,75.52,0.29,50.82,0.48,48.1,-0.19,2.72
province,Sudurpaschim,,Total,25 - 29 Years,193763,209,26454,34486,49009,15119,42603,15089,7464,89,2290,951,1.18,66.72,0.57,45.19,1.71,38.22,-1.14,6.97
province,Sudurpaschim,,Total,30 - 34 Years,150122,209,32625,30670,25058,8794,27385,11654,7739,155,4590,1243,3.06,53.71,1.0,41.97,5.09,32.1,-4.09,9.87
province,Sudurpaschim,,Total,35 - 39 Years,121330,213,32240,26700,20432,6144,13856,6686,5486,214,7541,1818,6.22,43.36,2.04,31.67,11.32,20.22,-9.28,11.45
province,Sudurpaschim,,Total,40 - 44 Years,88114,242,26653,16834,14363,4176,8360,3766,3485,249,8152,1834,9.25,38.76,3.1,27.48,18.84,14.62,-15.74,12.86
province,Sudurpaschim,,Total,45 - 49 Years,61934,189,21186,11116,9635,2427,4789,2157,1831,178,6858,1568,11.07,33.65,4.35,22.26,23.75,10.22,-19.4,12.04
province,Sudurpaschim,,Total,50 - 54 Years,53054,164,19531,9052,7887,2085,3426,1586,1280,176,6450,1417,12.16,30.66,5.01,19.5,29.22,6.92,-24.21,12.58
province,Sudurpaschim,,Total,55 - 59 Years,33750,109,13447,5609,5101,1300,1692,702,537,116,4118,1019,12.2,27.65,6.08,14.91,31.28,5.14,-25.2,9.77
province,Sudurpaschim,,Total,60 - 64 Years,23706,95,10406,3450,3272,873,994,444,323,65,3010,774,12.7,24.91,7.04,12.92,32.99,4.63,-25.95,8.29
province,Sudurpaschim,,Total,65 - 69 Years,16786,62,8076,2520,1830,583,511,266,172,48,2158,560,12.86,20.03,8.35,10.32,32.72,3.87,-24.37,6.45
province,Sudurpaschim,,Total,70 - 74 Years,11248,44,5597,1585,1087,316,303,160,107,40,1528,481,13.58,17.54,9.85,8.59,32.37,4.29,-22.52,4.3
province,Sudurpaschim,,Total,75+ Years,9100,43,4597,1134,676,184,243,112,60,48,1514,489,16.64,14.01,14.12,6.73,31.49,5.69,-17.37,1.04
province,Sudurpaschim,,Male,Total,983707,47498,306114,213642,165903,66484,107678,33551,21106,488,14489,6754,1.47,40.13,1.47,23.26,3.9,22.28,-2.43,0.98
province,Sudurpaschim,,Male,05 Year,24275,23857,0,0,0,0,0,0,0,0,14,404,0.06,0.0,0.06,0.0,0.09,0.0,-0.03,0.0
province,Sudurpaschim,,Male,06 Year,26520,12091,14201,0,0,0,0,0,0,0,16,212,0.06,0.0,0.06,0.0,0.07,0.0,-0.01,0.0
province,Sudurpaschim,,Male,07 Year,26041,6209,19695,0,0,0,0,0,0,1,7,129,0.03,0.0,0.03,0.0,0.08,0.0,-0.05,0.0
province,Sudurpaschim,,Male,08 Year,30441,2922,27367,0,0,0,0,0,0,0,15,137,0.05,0.0,0.05,0.0,0.04,0.0,0.01,0.0
province,Sudurpaschim,,Male,09 Year,27176,958,26051,0,0,0,0,0,0,0,10,157,0.04,0.0,0.04,0.0,0.04,0.0,0.0,0.0
province,Sudurpaschim,,Male,10 Year,33918,386,33377,0,0,0,0,0,0,1,14,140,0.04,0.0,0.04,0.0,0.02,0.0,0.02,0.0
province,Sudurpaschim,,Male,11 Year,27388,124,21600,5592,0,0,0,0,0,0,7,65,0.03,0.0,0.03,0.0,0.02,0.0,0.01,0.0
province,Sudurpaschim,,Male,12 Year,36798,100,19895,16721,0,0,0,0,0,0,5,77,0.01,0.0,0.01,0.0,0.03,0.0,-0.02,0.0
province,Sudurpaschim,,Male,13 Year,31834,57,9421,22277,0,0,0,0,0,2,11,66,0.03,0.0,0.03,0.0,0.03,0.0,0.0,0.0
province,Sudurpaschim,,Male,14 Year,33755,35,5080,23116,5442,0,0,0,0,1,17,64,0.05,16.12,0.05,0.0,0.05,0.0,0.0,0.0
province,Sudurpaschim,,Male,15 Year,32724,49,2183,17561,11273,1524,0,0,0,1,12,121,0.04,39.11,0.04,4.66,0.06,5.07,-0.02,-0.41
province,Sudurpaschim,,Male,16 - 19 Years,107034,96,5606,23948,37752,24131,14658,489,0,11,102,241,0.1,71.97,0.1,36.7,0.11,38.76,-0.01,-2.06
province,Sudurpaschim,,Male,20 - 24 Years,108556,68,7567,17850,27294,14313,32481,7054,1317,37,318,257,0.29,75.96,0.29,50.82,0.48,48.1,-0.19,2.72
province,Sudurpaschim,,Male,25 - 29 Years,89297,64,10315,15525,22182,7843,21051,7458,3999,34,505,321,0.57,70.03,0.57,45.19,1.71,38.22,-1.14,6.97
province,Sudurpaschim,,Male,30 - 34 Years,74733,54,13264,15596,13312,4959,14890,6606,4914,38,750,350,1.0,59.79,1.0,41.97,5.09,32.1,-4.09,9.87
province,Sudurpaschim,,Male,35 - 39 Years,66723,63,14960,15764,12899,4087,8613,4358,4070,43,1360,506,2.04,51.0,2.04,31.67,11.32,20.22,-9.28,11.45
province,Sudurpaschim,,Male,40 - 44 Years,53685,65,14475,11585,10509,3047,5970,2827,2911,64,1666,566,3.1,47.06,3.1,27.48,18.84,14.62,-15.74,12.86
province,Sudurpaschim,,Male,45 - 49 Years,40476,66,13068,8294,7685,1882,3756,1766,1606,39,1761,553,4.35,41.25,4.35,22.26,23.75,10.22,-19.4,12.04
province,Sudurpaschim,,Male,50 - 54 Years,37398,56,13536,7341,6692,1735,2957,1430,1171,53,1875,552,5.01,37.4,5.01,19.5,29.22,6.92,-24.21,12.58
province,Sudurpaschim,,Male,55 - 59 Years,25546,46,10283,4778,4582,1172,1485,647,505,39,1552,457,6.08,32.85,6.08,14.91,31.28,5.14,-25.2,9.77
province,Sudurpaschim,,Male,60 - 64 Years,18541,46,8387,2954,3007,794,890,413,298,25,1306,421,7.04,29.14,7.04,12.92,32.99,4.63,-25.95,8.29
province,Sudurpaschim,,Male,65 - 69 Years,13684,31,6824,2257,1667,539,456,253,164,31,1143,319,8.35,22.5,8.35,10.32,32.72,3.87,-24.37,6.45
province,Sudurpaschim,,Male,70 - 74 Years,9382,22,4865,1452,987,288,274,148,96,27,924,299,9.85,19.11,9.85,8.59,32.37,4.29,-22.52,4.3
province,Sudurpaschim,,Male,75+ Years,7782,33,4094,1031,620,170,197,102,55,41,1099,340,14.12,14.7,14.12,6.73,31.49,5.69,-17.37,1.04
province,Sudurpaschim,,Female,Total,902735,41253,272292,189633,152530,61868,102588,26417,10216,998,35223,9717,3.9,39.17,1.47,23.26,3.9,22.28,-2.43,0.98
province,Sudurpaschim,,Female,05 Year,22037,21608,0,0,0,0,0,0,0,0,19,410,0.09,0.0,0.06,0.0,0.09,0.0,-0.03,0.0
province,Sudurpaschim,,Female,06 Year,24092,9824,14049,0,0,0,0,0,0,0,16,203,0.07,0.0,0.06,0.0,0.07,0.0,-0.01,0.0
province,Sudurpaschim,,Female,07 Year,24229,4918,19170,0,0,0,0,0,0,0,19,122,0.08,0.0,0.03,0.0,0.08,0.0,-0.05,0.0
province,Sudurpaschim,,Female,08 Year,27757,2216,25380,0,0,0,0,0,0,0,10,151,0.04,0.0,0.05,0.0,0.04,0.0,0.01,0.0
province,Sudurpaschim,,Female,09 Year,25294,767,24379,0,0,0,0,0,0,0,11,137,0.04,0.0,0.04,0.0,0.04,0.0,0.0,0.0
province,Sudurpaschim,,Female,10 Year,31673,350,31212,0,0,0,0,0,0,1,6,104,0.02,0.0,0.04,0.0,0.02,0.0,0.02,0.0
province,Sudurpaschim,,Female,11 Year,25617,94,19857,5605,0,0,0,0,0,0,4,57,0.02,0.0,0.03,0.0,0.02,0.0,0.01,0.0
province,Sudurpaschim,,Female,12 Year,34612,92,17958,16471,0,0,0,0,0,0,12,79,0.03,0.0,0.01,0.0,0.03,0.0,-0.02,0.0
province,Sudurpaschim,,Female,13 Year,31826,48,9195,22515,0,0,0,0,0,1,9,58,0.03,0.0,0.03,0.0,0.03,0.0,0.0,0.0
province,Sudurpaschim,,Female,14 Year,33856,30,4885,22917,5936,0,0,0,0,0,16,72,0.05,17.53,0.05,0.0,0.05,0.0,0.0,0.0
province,Sudurpaschim,,Female,15 Year,33740,42,2128,17479,12237,1712,0,0,0,0,19,123,0.06,41.34,0.04,4.66,0.06,5.07,-0.02,-0.41
province,Sudurpaschim,,Female,16 - 19 Years,120169,126,6046,25357,41652,28422,17430,720,0,15,132,269,0.11,73.42,0.1,36.7,0.11,38.76,-0.01,-2.06
province,Sudurpaschim,,Female,20 - 24 Years,142173,105,11292,22710,38497,16249,41535,9083,1521,37,682,462,0.48,75.18,0.29,50.82,0.48,48.1,-0.19,2.72
province,Sudurpaschim,,Female,25 - 29 Years,104466,145,16139,18961,26827,7276,21552,7631,3465,55,1785,630,1.71,63.9,0.57,45.19,1.71,38.22,-1.14,6.97
province,Sudurpaschim,,Female,30 - 34 Years,75389,155,19361,15074,11746,3835,12495,5048,2825,117,3840,893,5.09,47.68,1.0,41.97,5.09,32.1,-4.09,9.87
province,Sudurpaschim,,Female,35 - 39 Years,54607,150,17280,10936,7533,2057,5243,2328,1416,171,6181,1312,11.32,34.02,2.04,31.67,11.32,20.22,-9.28,11.45
province,Sudurpaschim,,Female,40 - 44 Years,34429,177,12178,5249,3854,1129,2390,939,574,185,6486,1268,18.84,25.81,3.1,27.48,18.84,14.62,-15.74,12.86
province,Sudurpaschim,,Female,45 - 49 Years,21458,123,8118,2822,1950,545,1033,391,225,139,5097,1015,23.75,19.31,4.35,22.26,23.75,10.22,-19.4,12.04
province,Sudurpaschim,,Female,50 - 54 Years,15656,108,5995,1711,1195,350,469,156,109,123,4575,865,29.22,14.56,5.01,19.5,29.22,6.92,-24.21,12.58
province,Sudurpaschim,,Female,55 - 59 Years,8204,63,3164,831,519,128,207,55,32,77,2566,562,31.28,11.47,6.08,14.91,31.28,5.14,-25.2,9.77
province,Sudurpaschim,,Female,60 - 64 Years,5165,49,2019,496,265,79,104,31,25,40,1704,353,32.99,9.76,7.04,12.92,32.99,4.63,-25.95,8.29
province,Sudurpaschim,,Female,65 - 69 Years,3102,31,1252,263,163,44,55,13,8,17,1015,241,32.72,9.12,8.35,10.32,32.72,3.87,-24.37,6.45
province,Sudurpaschim,,Female,70 - 74 Years,1866,22,732,133,100,28,29,12,11,13,604,182,32.37,9.65,9.85,8.59,32.37,4.29,-22.52,4.3
province,Sudurpaschim,,Female,75+ Years,1318,10,503,103,56,14,46,10,5,7,415,149,31.49,9.94,14.12,6.73,31.49,5.69,-17.37,1.04
district,Sudurpaschim,Bajura,Total,Total,88386,4330,29489,18737,15179,5040,9674,2374,1021,53,1679,810,1.9,37.66,1.37,21.67,2.52,19.12,-1.15,2.55
district,Sudurpaschim,Bajura,Total,05 Year,2617,2550,0,0,0,0,0,0,0,0,2,65,0.08,0.0,0.08,0.0,0.08,0.0,0.0,0.0
district,Sudurpaschim,Bajura,Total,06 Year,2985,902,2043,0,0,0,0,0,0,0,1,39,0.03,0.0,0.06,0.0,0.0,0.0,0.06,0.0
district,Sudurpaschim,Bajura,Total,07 Year,2831,418,2389,0,0,0,0,0,0,0,0,24,0.0,0.0,0.0,0.0,0.0,0.0,0.0,0.0
district,Sudurpaschim,Bajura,Total,08 Year,3376,225,3120,0,0,0,0,0,0,0,3,28,0.09,0.0,0.12,0.0,0.06,0.0,0.06,0.0
district,Sudurpaschim,Bajura,Total,09 Year,2999,75,2896,0,0,0,0,0,0,0,3,25,0.1,0.0,0.19,0.0,0.0,0.0,0.19,0.0
district,Sudurpaschim,Bajura,Total,10 Year,3903,36,3825,0,0,0,0,0,0,0,0,42,0.0,0.0,0.0,0.0,0.0,0.0,0.0,0.0
district,Sudurpaschim,Bajura,Total,11 Year,2891,9,2227,642,0,0,0,0,0,0,1,12,0.03,0.0,0.07,0.0,0.0,0.0,0.07,0.0
district,Sudurpaschim,Bajura,Total,12 Year,4422,9,2198,2193,0,0,0,0,0,0,1,21,0.02,0.0,0.0,0.0,0.05,0.0,-0.05,0.0
district,Sudurpaschim,Bajura,Total,13 Year,3730,8,1127,2586,0,0,0,0,0,0,2,7,0.05,0.0,0.11,0.0,0.0,0.0,0.11,0.0
district,Sudurpaschim,Bajura,Total,14 Year,3867,3,612,2512,719,0,0,0,0,0,5,16,0.13,18.59,0.22,0.0,0.05,0.0,0.17,0.0
district,Sudurpaschim,Bajura,Total,15 Year,3687,2,257,1864,1432,111,0,0,0,0,1,20,0.03,41.85,0.06,3.05,0.0,2.97,0.06,0.08
district,Sudurpaschim,Bajura,Total,16 - 19 Years,11681,12,581,2675,4600,2208,1509,47,0,1,18,30,0.15,71.6,0.13,31.2,0.18,33.1,-0.05,-1.9
district,Sudurpaschim,Bajura,Total,20 - 24 Years,11997,6,782,1631,3498,1454,3664,741,101,2,72,46,0.6,78.84,0.53,51.82,0.66,47.9,-0.13,3.92
district,Sudurpaschim,Bajura,Total,25 - 29 Years,7499,11,916,1111,1944,536,1899,622,279,3,128,50,1.71,70.41,0.9,49.3,2.69,38.63,-1.79,10.67
district,Sudurpaschim,Bajura,Total,30 - 34 Years,4984,14,1093,837,810,228,1068,436,253,8,192,45,3.85,56.08,2.13,44.93,6.37,32.38,-4.24,12.55
district,Sudurpaschim,Bajura,Total,35 - 39 Years,4384,11,1261,880,689,187,602,251,174,6,254,69,5.79,43.41,2.45,31.98,12.03,19.69,-9.58,12.29
district,Sudurpaschim,Bajura,Total,40 - 44 Years,3041,8,998,513,466,112,387,128,108,9,237,75,7.79,39.49,3.32,28.69,16.98,14.87,-13.66,13.82
district,Sudurpaschim,Bajura,Total,45 - 49 Years,2343,9,871,401,335,64,225,73,55,9,231,70,9.86,32.1,4.68,20.6,22.57,10.91,-17.89,9.69
district,Sudurpaschim,Bajura,Total,50 - 54 Years,1964,5,772,346,282,60,173,54,32,3,196,41,9.98,30.6,5.37,18.94,26.03,6.85,-20.66,12.09
district,Sudurpaschim,Bajura,Total,55 - 59 Years,1259,8,547,235,166,40,84,17,12,6,119,25,9.45,25.34,6.21,13.67,25.35,4.69,-19.14,8.98
district,Sudurpaschim,Bajura,Total,60 - 64 Years,807,5,385,137,130,17,32,3,3,2,74,19,9.17,22.92,7.02,7.02,21.14,5.69,-14.12,1.33
district,Sudurpaschim,Bajura,Total,65 - 69 Years,485,1,247,83,56,12,12,0,2,2,54,16,11.13,16.91,7.21,5.53,34.78,4.35,-27.57,1.18
district,Sudurpaschim,Bajura,Total,70 - 74 Years,374,2,198,64,32,6,12,2,1,2,40,15,10.7,14.17,7.64,5.1,26.67,8.33,-19.03,-3.23
district,Sudurpaschim,Bajura,Total,75+ Years,260,1,144,27,20,5,7,0,1,0,45,10,17.31,12.69,15.18,4.02,30.56,11.11,-15.38,-7.09
district,Sudurpaschim,Bajura,Male,Total,47511,2205,15706,9997,8251,2652,5405,1459,779,21,650,386,1.37,39.04,1.37,21.67,2.52,19.12,-1.15,2.55
district,Sudurpaschim,Bajura,Male,05 Year,1287,1257,0,0,0,0,0,0,0,0,1,29,0.08,0.0,0.08,0.0,0.08,0.0,0.0,0.0
district,Sudurpaschim,Bajura,Male,06 Year,1573,493,1061,0,0,0,0,0,0,0,1,18,0.06,0.0,0.06,0.0,0.0,0.0,0.06,0.0
district,Sudurpaschim,Bajura,Male,07 Year,1375,219,1144,0,0,0,0,0,0,0,0,12,0.0,0.0,0.0,0.0,0.0,0.0,0.0,0.0
district,Sudurpaschim,Bajura,Male,08 Year,1702,119,1568,0,0,0,0,0,0,0,2,13,0.12,0.0,0.12,0.0,0.06,0.0,0.06,0.0
district,Sudurpaschim,Bajura,Male,09 Year,1551,46,1491,0,0,0,0,0,0,0,3,11,0.19,0.0,0.19,0.0,0.0,0.0,0.19,0.0
district,Sudurpaschim,Bajura,Male,10 Year,2039,18,1996,0,0,0,0,0,0,0,0,25,0.0,0.0,0.0,0.0,0.0,0.0,0.0,0.0
district,Sudurpaschim,Bajura,Male,11 Year,1511,4,1145,355,0,0,0,0,0,0,1,6,0.07,0.0,0.07,0.0,0.0,0.0,0.07,0.0
district,Sudurpaschim,Bajura,Male,12 Year,2254,4,1129,1114,0,0,0,0,0,0,0,7,0.0,0.0,0.0,0.0,0.05,0.0,-0.05,0.0
district,Sudurpaschim,Bajura,Male,13 Year,1892,5,582,1297,0,0,0,0,0,0,2,6,0.11,0.0,0.11,0.0,0.0,0.0,0.11,0.0
district,Sudurpaschim,Bajura,Male,14 Year,1816,2,279,1188,340,0,0,0,0,0,4,3,0.22,18.72,0.22,0.0,0.05,0.0,0.17,0.0
district,Sudurpaschim,Bajura,Male,15 Year,1803,1,123,906,708,55,0,0,0,0,1,9,0.06,42.32,0.06,3.05,0.0,2.97,0.06,0.08
district,Sudurpaschim,Bajura,Male,16 - 19 Years,5410,5,272,1241,2185,989,682,17,0,1,7,11,0.13,71.59,0.13,31.2,0.18,33.1,-0.05,-1.9
district,Sudurpaschim,Bajura,Male,20 - 24 Years,5448,2,327,679,1570,700,1715,351,57,2,29,16,0.53,80.64,0.53,51.82,0.66,47.9,-0.13,3.92
district,Sudurpaschim,Bajura,Male,25 - 29 Years,4116,3,385,526,1115,321,1125,396,187,2,37,19,0.9,76.38,0.9,49.3,2.69,38.63,-1.79,10.67
district,Sudurpaschim,Bajura,Male,30 - 34 Years,2958,5,495,505,533,162,694,280,193,2,63,26,2.13,62.95,2.13,44.93,6.37,32.38,-4.24,12.55
district,Sudurpaschim,Bajura,Male,35 - 39 Years,2855,2,696,636,510,153,434,179,147,1,70,27,2.45,49.84,2.45,31.98,12.03,19.69,-9.58,12.29
district,Sudurpaschim,Bajura,Male,40 - 44 Years,2046,2,562,410,378,92,292,107,96,2,68,37,3.32,47.17,3.32,28.69,16.98,14.87,-13.66,13.82
district,Sudurpaschim,Bajura,Male,45 - 49 Years,1665,4,584,332,288,54,178,62,49,2,78,34,4.68,37.9,4.68,20.6,22.57,10.91,-17.89,9.69
district,Sudurpaschim,Bajura,Male,50 - 54 Years,1526,2,568,306,257,54,156,47,32,1,82,21,5.37,35.78,5.37,18.94,26.03,6.85,-20.66,12.09
district,Sudurpaschim,Bajura,Male,55 - 59 Years,1046,5,440,220,154,35,80,16,12,3,65,16,6.21,28.39,6.21,13.67,25.35,4.69,-19.14,8.98
district,Sudurpaschim,Bajura,Male,60 - 64 Years,684,3,329,123,118,16,27,3,2,1,48,14,7.02,24.27,7.02,7.02,21.14,5.69,-14.12,1.33
district,Sudurpaschim,Bajura,Male,65 - 69 Years,416,1,226,75,51,12,9,0,2,2,30,8,7.21,17.79,7.21,5.53,34.78,4.35,-27.57,1.18
district,Sudurpaschim,Bajura,Male,70 - 74 Years,314,2,172,61,26,6,8,1,1,2,24,11,7.64,13.38,7.64,5.1,26.67,8.33,-19.03,-3.23
district,Sudurpaschim,Bajura,Male,75+ Years,224,1,132,23,18,3,5,0,1,0,34,7,15.18,12.05,15.18,4.02,30.56,11.11,-15.38,-7.09
district,Sudurpaschim,Bajura,Female,Total,40875,2125,13783,8740,6928,2388,4269,915,242,32,1029,424,2.52,36.07,1.37,21.67,2.52,19.12,-1.15,2.55
district,Sudurpaschim,Bajura,Female,05 Year,1330,1293,0,0,0,0,0,0,0,0,1,36,0.08,0.0,0.08,0.0,0.08,0.0,0.0,0.0
district,Sudurpaschim,Bajura,Female,06 Year,1412,409,982,0,0,0,0,0,0,0,0,21,0.0,0.0,0.06,0.0,0.0,0.0,0.06,0.0
district,Sudurpaschim,Bajura,Female,07 Year,1456,199,1245,0,0,0,0,0,0,0,0,12,0.0,0.0,0.0,0.0,0.0,0.0,0.0,0.0
district,Sudurpaschim,Bajura,Female,08 Year,1674,106,1552,0,0,0,0,0,0,0,1,15,0.06,0.0,0.12,0.0,0.06,0.0,0.06,0.0
district,Sudurpaschim,Bajura,Female,09 Year,1448,29,1405,0,0,0,0,0,0,0,0,14,0.0,0.0,0.19,0.0,0.0,0.0,0.19,0.0
district,Sudurpaschim,Bajura,Female,10 Year,1864,18,1829,0,0,0,0,0,0,0,0,17,0.0,0.0,0.0,0.0,0.0,0.0,0.0,0.0
district,Sudurpaschim,Bajura,Female,11 Year,1380,5,1082,287,0,0,0,0,0,0,0,6,0.0,0.0,0.07,0.0,0.0,0.0,0.07,0.0
district,Sudurpaschim,Bajura,Female,12 Year,2168,5,1069,1079,0,0,0,0,0,0,1,14,0.05,0.0,0.0,0.0,0.05,0.0,-0.05,0.0
district,Sudurpaschim,Bajura,Female,13 Year,1838,3,545,1289,0,0,0,0,0,0,0,1,0.0,0.0,0.11,0.0,0.0,0.0,0.11,0.0
district,Sudurpaschim,Bajura,Female,14 Year,2051,1,333,1324,379,0,0,0,0,0,1,13,0.05,18.48,0.22,0.0,0.05,0.0,0.17,0.0
district,Sudurpaschim,Bajura,Female,15 Year,1884,1,134,958,724,56,0,0,0,0,0,11,0.0,41.4,0.06,3.05,0.0,2.97,0.06,0.08
district,Sudurpaschim,Bajura,Female,16 - 19 Years,6271,7,309,1434,2415,1219,827,30,0,0,11,19,0.18,71.62,0.13,31.2,0.18,33.1,-0.05,-1.9
district,Sudurpaschim,Bajura,Female,20 - 24 Years,6549,4,455,952,1928,754,1949,390,44,0,43,30,0.66,77.34,0.53,51.82,0.66,47.9,-0.13,3.92
district,Sudurpaschim,Bajura,Female,25 - 29 Years,3383,8,531,585,829,215,774,226,92,1,91,31,2.69,63.14,0.9,49.3,2.69,38.63,-1.79,10.67
district,Sudurpaschim,Bajura,Female,30 - 34 Years,2026,9,598,332,277,66,374,156,60,6,129,19,6.37,46.05,2.13,44.93,6.37,32.38,-4.24,12.55
district,Sudurpaschim,Bajura,Female,35 - 39 Years,1529,9,565,244,179,34,168,72,27,5,184,42,12.03,31.39,2.45,31.98,12.03,19.69,-9.58,12.29
district,Sudurpaschim,Bajura,Female,40 - 44 Years,995,6,436,103,88,20,95,21,12,7,169,38,16.98,23.72,3.32,28.69,16.98,14.87,-13.66,13.82
district,Sudurpaschim,Bajura,Female,45 - 49 Years,678,5,287,69,47,10,47,11,6,7,153,36,22.57,17.85,4.68,20.6,22.57,10.91,-17.89,9.69
district,Sudurpaschim,Bajura,Female,50 - 54 Years,438,3,204,40,25,6,17,7,0,2,114,20,26.03,12.56,5.37,18.94,26.03,6.85,-20.66,12.09
district,Sudurpaschim,Bajura,Female,55 - 59 Years,213,3,107,15,12,5,4,1,0,3,54,9,25.35,10.33,6.21,13.67,25.35,4.69,-19.14,8.98
district,Sudurpaschim,Bajura,Female,60 - 64 Years,123,2,56,14,12,1,5,0,1,1,26,5,21.14,15.45,7.02,7.02,21.14,5.69,-14.12,1.33
district,Sudurpaschim,Bajura,Female,65 - 69 Years,69,0,21,8,5,0,3,0,0,0,24,8,34.78,11.59,7.21,5.53,34.78,4.35,-27.57,1.18
district,Sudurpaschim,Bajura,Female,70 - 74 Years,60,0,26,3,6,0,4,1,0,0,16,4,26.67,18.33,7.64,5.1,26.67,8.33,-19.03,-3.23
district,Sudurpaschim,Bajura,Female,75+ Years,36,0,12,4,2,2,2,0,0,0,11,3,30.56,16.67,15.18,4.02,30.56,11.11,-15.38,-7.09
district,Sudurpaschim,Bajhang,Total,Total,120814,5878,42061,25870,19107,6421,13605,3308,1864,24,1774,902,1.47,36.67,0.83,22.29,2.22,19.17,-1.39,3.12
district,Sudurpaschim,Bajhang,Total,05 Year,3416,3357,0,0,0,0,0,0,0,0,1,58,0.03,0.0,0.06,0.0,0.0,0.0,0.06,0.0
district,Sudurpaschim,Bajhang,Total,06 Year,4113,1303,2776,0,0,0,0,0,0,0,2,32,0.05,0.0,0.1,0.0,0.0,0.0,0.1,0.0
district,Sudurpaschim,Bajhang,Total,07 Year,3886,559,3294,0,0,0,0,0,0,0,4,29,0.1,0.0,0.0,0.0,0.21,0.0,-0.21,0.0
district,Sudurpaschim,Bajhang,Total,08 Year,4962,326,4609,0,0,0,0,0,0,0,3,24,0.06,0.0,0.0,0.0,0.12,0.0,-0.12,0.0
district,Sudurpaschim,Bajhang,Total,09 Year,4131,124,3984,0,0,0,0,0,0,0,2,21,0.05,0.0,0.0,0.0,0.1,0.0,-0.1,0.0
district,Sudurpaschim,Bajhang,Total,10 Year,5884,63,5796,0,0,0,0,0,0,0,2,23,0.03,0.0,0.03,0.0,0.03,0.0,0.0,0.0
district,Sudurpaschim,Bajhang,Total,11 Year,3986,10,3113,854,0,0,0,0,0,0,0,9,0.0,0.0,0.0,0.0,0.0,0.0,0.0,0.0
district,Sudurpaschim,Bajhang,Total,12 Year,6256,17,3492,2731,0,0,0,0,0,0,1,15,0.02,0.0,0.0,0.0,0.03,0.0,-0.03,0.0
district,Sudurpaschim,Bajhang,Total,13 Year,5135,5,1698,3421,0,0,0,0,0,0,1,10,0.02,0.0,0.0,0.0,0.04,0.0,-0.04,0.0
district,Sudurpaschim,Bajhang,Total,14 Year,5507,4,1010,3621,857,0,0,0,0,0,3,12,0.05,15.56,0.07,0.0,0.04,0.0,0.03,0.0
district,Sudurpaschim,Bajhang,Total,15 Year,5089,7,381,2717,1837,134,0,0,0,0,1,12,0.02,38.73,0.0,2.76,0.04,2.51,-0.04,0.25
district,Sudurpaschim,Bajhang,Total,16 - 19 Years,16679,13,906,4122,6530,3006,2001,59,0,0,13,29,0.08,69.52,0.08,30.79,0.08,30.03,0.0,0.76
district,Sudurpaschim,Bajhang,Total,20 - 24 Years,15532,13,1033,2322,4132,1796,5138,845,152,2,55,44,0.35,77.67,0.24,53.39,0.45,49.13,-0.21,4.26
district,Sudurpaschim,Bajhang,Total,25 - 29 Years,9592,10,1198,1391,2187,621,2834,774,392,3,124,58,1.29,70.98,0.47,52.87,2.25,42.73,-1.78,10.14
district,Sudurpaschim,Bajhang,Total,30 - 34 Years,6660,13,1475,1007,881,251,1561,713,464,4,221,70,3.32,58.11,1.1,49.35,6.81,37.82,-5.71,11.53
district,Sudurpaschim,Bajhang,Total,35 - 39 Years,5371,12,1544,1002,715,163,776,425,392,4,254,84,4.73,46.01,1.35,36.03,11.84,25.69,-10.49,10.34
district,Sudurpaschim,Bajhang,Total,40 - 44 Years,4124,12,1358,731,540,132,491,208,256,4,297,95,7.2,39.45,2.4,30.71,19.42,15.29,-17.02,15.42
district,Sudurpaschim,Bajhang,Total,45 - 49 Years,2958,11,1081,559,426,92,297,116,93,3,212,68,7.17,34.62,2.43,23.07,22.59,10.94,-20.16,12.13
district,Sudurpaschim,Bajhang,Total,50 - 54 Years,2762,7,1033,530,436,84,255,99,72,3,181,62,6.55,34.25,2.76,21.29,23.02,6.19,-20.26,15.1
district,Sudurpaschim,Bajhang,Total,55 - 59 Years,1709,3,732,336,219,61,148,32,16,0,119,43,6.96,27.85,3.31,16.57,27.2,6.51,-23.89,10.06
district,Sudurpaschim,Bajhang,Total,60 - 64 Years,1188,4,520,220,169,31,60,20,19,1,106,38,8.92,25.17,5.64,11.49,27.53,7.87,-21.89,3.62
district,Sudurpaschim,Bajhang,Total,65 - 69 Years,885,3,462,148,116,27,24,6,3,0,73,23,8.25,19.89,5.03,7.47,31.19,1.83,-26.16,5.64
district,Sudurpaschim,Bajhang,Total,70 - 74 Years,553,0,321,90,40,12,10,4,1,0,52,23,9.4,12.12,7.35,4.69,25.4,6.35,-18.05,-1.66
district,Sudurpaschim,Bajhang,Total,75+ Years,436,2,245,68,22,11,10,7,4,0,47,20,10.78,12.39,7.57,7.83,33.96,3.77,-26.39,4.06
district,Sudurpaschim,Bajhang,Male,Total,65443,3071,22298,14090,10442,3367,7623,2116,1479,9,544,404,0.83,38.24,0.83,22.29,2.22,19.17,-1.39,3.12
district,Sudurpaschim,Bajhang,Male,05 Year,1816,1788,0,0,0,0,0,0,0,0,1,27,0.06,0.0,0.06,0.0,0.0,0.0,0.06,0.0
district,Sudurpaschim,Bajhang,Male,06 Year,2105,660,1428,0,0,0,0,0,0,0,2,15,0.1,0.0,0.1,0.0,0.0,0.0,0.1,0.0
district,Sudurpaschim,Bajhang,Male,07 Year,1945,300,1633,0,0,0,0,0,0,0,0,12,0.0,0.0,0.0,0.0,0.21,0.0,-0.21,0.0
district,Sudurpaschim,Bajhang,Male,08 Year,2509,174,2323,0,0,0,0,0,0,0,0,12,0.0,0.0,0.0,0.0,0.12,0.0,-0.12,0.0
district,Sudurpaschim,Bajhang,Male,09 Year,2073,65,2000,0,0,0,0,0,0,0,0,8,0.0,0.0,0.0,0.0,0.1,0.0,-0.1,0.0
district,Sudurpaschim,Bajhang,Male,10 Year,2957,20,2919,0,0,0,0,0,0,0,1,17,0.03,0.0,0.03,0.0,0.03,0.0,0.0,0.0
district,Sudurpaschim,Bajhang,Male,11 Year,2021,6,1552,457,0,0,0,0,0,0,0,6,0.0,0.0,0.0,0.0,0.0,0.0,0.0,0.0
district,Sudurpaschim,Bajhang,Male,12 Year,3189,7,1736,1437,0,0,0,0,0,0,0,9,0.0,0.0,0.0,0.0,0.03,0.0,-0.03,0.0
district,Sudurpaschim,Bajhang,Male,13 Year,2588,4,807,1771,0,0,0,0,0,0,0,6,0.0,0.0,0.0,0.0,0.04,0.0,-0.04,0.0
district,Sudurpaschim,Bajhang,Male,14 Year,2714,4,460,1801,441,0,0,0,0,0,2,6,0.07,16.25,0.07,0.0,0.04,0.0,0.03,0.0
district,Sudurpaschim,Bajhang,Male,15 Year,2462,3,170,1287,928,68,0,0,0,0,0,6,0.0,40.45,0.0,2.76,0.04,2.51,-0.04,0.25
district,Sudurpaschim,Bajhang,Male,16 - 19 Years,7577,6,381,1788,3048,1408,905,20,0,0,6,15,0.08,71.02,0.08,30.79,0.08,30.03,0.0,0.76
district,Sudurpaschim,Bajhang,Male,20 - 24 Years,7048,5,384,994,1865,838,2438,402,85,1,17,19,0.24,79.85,0.24,53.39,0.45,49.13,-0.21,4.26
district,Sudurpaschim,Bajhang,Male,25 - 29 Years,5148,4,439,705,1235,365,1632,467,258,1,24,18,0.47,76.86,0.47,52.87,2.25,42.73,-1.78,10.14
district,Sudurpaschim,Bajhang,Male,30 - 34 Years,4077,5,695,695,608,166,990,486,370,1,45,16,1.1,64.26,1.1,49.35,6.81,37.82,-5.71,11.53
district,Sudurpaschim,Bajhang,Male,35 - 39 Years,3639,4,919,783,548,129,535,310,337,0,49,25,1.35,51.09,1.35,36.03,11.84,25.69,-10.49,10.34
district,Sudurpaschim,Bajhang,Male,40 - 44 Years,2960,3,896,598,444,104,402,172,231,2,71,37,2.4,45.71,2.4,30.71,19.42,15.29,-17.02,15.42
district,Sudurpaschim,Bajhang,Male,45 - 49 Years,2263,4,786,485,381,76,255,102,89,1,55,29,2.43,39.9,2.43,23.07,22.59,10.94,-20.16,12.13
district,Sudurpaschim,Bajhang,Male,50 - 54 Years,2245,3,785,476,412,77,237,93,71,2,62,27,2.76,39.64,2.76,21.29,23.02,6.19,-20.26,15.1
district,Sudurpaschim,Bajhang,Male,55 - 59 Years,1448,2,613,319,206,58,137,29,16,0,48,20,3.31,30.8,3.31,16.57,27.2,6.51,-23.89,10.06
district,Sudurpaschim,Bajhang,Male,60 - 64 Years,1010,1,447,208,157,30,52,19,15,1,57,23,5.64,27.03,5.64,11.49,27.53,7.87,-21.89,3.62
district,Sudurpaschim,Bajhang,Male,65 - 69 Years,776,2,410,138,110,26,23,6,3,0,39,19,5.03,21.65,5.03,7.47,31.19,1.83,-26.16,5.64
district,Sudurpaschim,Bajhang,Male,70 - 74 Years,490,0,290,85,39,12,7,4,0,0,36,17,7.35,12.65,7.35,4.69,25.4,6.35,-18.05,-1.66
district,Sudurpaschim,Bajhang,Male,75+ Years,383,1,225,63,20,10,10,6,4,0,29,15,7.57,13.05,7.57,7.83,33.96,3.77,-26.39,4.06
district,Sudurpaschim,Bajhang,Female,Total,55371,2807,19763,11780,8665,3054,5982,1192,385,15,1230,498,2.22,34.82,0.83,22.29,2.22,19.17,-1.39,3.12
district,Sudurpaschim,Bajhang,Female,05 Year,1600,1569,0,0,0,0,0,0,0,0,0,31,0.0,0.0,0.06,0.0,0.0,0.0,0.06,0.0
district,Sudurpaschim,Bajhang,Female,06 Year,2008,643,1348,0,0,0,0,0,0,0,0,17,0.0,0.0,0.1,0.0,0.0,0.0,0.1,0.0
district,Sudurpaschim,Bajhang,Female,07 Year,1941,259,1661,0,0,0,0,0,0,0,4,17,0.21,0.0,0.0,0.0,0.21,0.0,-0.21,0.0
district,Sudurpaschim,Bajhang,Female,08 Year,2453,152,2286,0,0,0,0,0,0,0,3,12,0.12,0.0,0.0,0.0,0.12,0.0,-0.12,0.0
district,Sudurpaschim,Bajhang,Female,09 Year,2058,59,1984,0,0,0,0,0,0,0,2,13,0.1,0.0,0.0,0.0,0.1,0.0,-0.1,0.0
district,Sudurpaschim,Bajhang,Female,10 Year,2927,43,2877,0,0,0,0,0,0,0,1,6,0.03,0.0,0.03,0.0,0.03,0.0,0.0,0.0
district,Sudurpaschim,Bajhang,Female,11 Year,1965,4,1561,397,0,0,0,0,0,0,0,3,0.0,0.0,0.0,0.0,0.0,0.0,0.0,0.0
district,Sudurpaschim,Bajhang,Female,12 Year,3067,10,1756,1294,0,0,0,0,0,0,1,6,0.03,0.0,0.0,0.0,0.03,0.0,-0.03,0.0
district,Sudurpaschim,Bajhang,Female,13 Year,2547,1,891,1650,0,0,0,0,0,0,1,4,0.04,0.0,0.0,0.0,0.04,0.0,-0.04,0.0
district,Sudurpaschim,Bajhang,Female,14 Year,2793,0,550,1820,416,0,0,0,0,0,1,6,0.04,14.89,0.07,0.0,0.04,0.0,0.03,0.0
district,Sudurpaschim,Bajhang,Female,15 Year,2627,4,211,1430,909,66,0,0,0,0,1,6,0.04,37.11,0.0,2.76,0.04,2.51,-0.04,0.25
district,Sudurpaschim,Bajhang,Female,16 - 19 Years,9102,7,525,2334,3482,1598,1096,39,0,0,7,14,0.08,68.28,0.08,30.79,0.08,30.03,0.0,0.76
district,Sudurpaschim,Bajhang,Female,20 - 24 Years,8484,8,649,1328,2267,958,2700,443,67,1,38,25,0.45,75.85,0.24,53.39,0.45,49.13,-0.21,4.26
district,Sudurpaschim,Bajhang,Female,25 - 29 Years,4444,6,759,686,952,256,1202,307,134,2,100,40,2.25,64.15,0.47,52.87,2.25,42.73,-1.78,10.14
district,Sudurpaschim,Bajhang,Female,30 - 34 Years,2583,8,780,312,273,85,571,227,94,3,176,54,6.81,48.39,1.1,49.35,6.81,37.82,-5.71,11.53
district,Sudurpaschim,Bajhang,Female,35 - 39 Years,1732,8,625,219,167,34,241,115,55,4,205,59,11.84,35.33,1.35,36.03,11.84,25.69,-10.49,10.34
district,Sudurpaschim,Bajhang,Female,40 - 44 Years,1164,9,462,133,96,28,89,36,25,2,226,58,19.42,23.54,2.4,30.71,19.42,15.29,-17.02,15.42
district,Sudurpaschim,Bajhang,Female,45 - 49 Years,695,7,295,74,45,16,42,14,4,2,157,39,22.59,17.41,2.43,23.07,22.59,10.94,-20.16,12.13
district,Sudurpaschim,Bajhang,Female,50 - 54 Years,517,4,248,54,24,7,18,6,1,1,119,35,23.02,10.83,2.76,21.29,23.02,6.19,-20.26,15.1
district,Sudurpaschim,Bajhang,Female,55 - 59 Years,261,1,119,17,13,3,11,3,0,0,71,23,27.2,11.49,3.31,16.57,27.2,6.51,-23.89,10.06
district,Sudurpaschim,Bajhang,Female,60 - 64 Years,178,3,73,12,12,1,8,1,4,0,49,15,27.53,14.61,5.64,11.49,27.53,7.87,-21.89,3.62
district,Sudurpaschim,Bajhang,Female,65 - 69 Years,109,1,52,10,6,1,1,0,0,0,34,4,31.19,7.34,5.03,7.47,31.19,1.83,-26.16,5.64
district,Sudurpaschim,Bajhang,Female,70 - 74 Years,63,0,31,5,1,0,3,0,1,0,16,6,25.4,7.94,7.35,4.69,25.4,6.35,-18.05,-1.66
district,Sudurpaschim,Bajhang,Female,75+ Years,53,1,20,5,2,1,0,1,0,0,18,5,33.96,7.55,7.57,7.83,33.96,3.77,-26.39,4.06
district,Sudurpaschim,Darchula,Total,Total,95410,4010,29278,20621,17268,6150,11461,2675,1669,20,1672,586,1.75,41.11,0.94,24.22,2.69,21.61,-1.75,2.61
district,Sudurpaschim,Darchula,Total,05 Year,2315,2287,0,0,0,0,0,0,0,0,0,28,0.0,0.0,0.0,0.0,0.0,0.0,0.0,0.0
district,Sudurpaschim,Darchula,Total,06 Year,2457,832,1611,0,0,0,0,0,0,0,3,11,0.12,0.0,0.24,0.0,0.0,0.0,0.24,0.0
district,Sudurpaschim,Darchula,Total,07 Year,2373,429,1933,0,0,0,0,0,0,0,1,10,0.04,0.0,0.0,0.0,0.09,0.0,-0.09,0.0
district,Sudurpaschim,Darchula,Total,08 Year,2961,232,2719,0,0,0,0,0,0,0,2,8,0.07,0.0,0.07,0.0,0.07,0.0,0.0,0.0
district,Sudurpaschim,Darchula,Total,09 Year,2416,75,2333,0,0,0,0,0,0,0,1,7,0.04,0.0,0.08,0.0,0.0,0.0,0.08,0.0
district,Sudurpaschim,Darchula,Total,10 Year,3333,36,3291,0,0,0,0,0,0,0,1,5,0.03,0.0,0.06,0.0,0.0,0.0,0.06,0.0
district,Sudurpaschim,Darchula,Total,11 Year,2629,13,1895,713,0,0,0,0,0,0,0,8,0.0,0.0,0.0,0.0,0.0,0.0,0.0,0.0
district,Sudurpaschim,Darchula,Total,12 Year,3603,11,1668,1919,0,0,0,0,0,0,0,5,0.0,0.0,0.0,0.0,0.0,0.0,0.0,0.0
district,Sudurpaschim,Darchula,Total,13 Year,3152,7,768,2374,0,0,0,0,0,0,0,3,0.0,0.0,0.0,0.0,0.0,0.0,0.0,0.0
district,Sudurpaschim,Darchula,Total,14 Year,3371,7,380,2224,757,0,0,0,0,0,0,3,0.0,22.46,0.0,0.0,0.0,0.0,0.0,0.0
district,Sudurpaschim,Darchula,Total,15 Year,3350,2,105,1660,1330,235,0,0,0,0,1,17,0.03,46.72,0.06,6.32,0.0,7.71,0.06,-1.39
district,Sudurpaschim,Darchula,Total,16 - 19 Years,11102,5,402,2005,3889,2897,1815,48,0,0,6,35,0.05,77.9,0.04,42.48,0.07,43.25,-0.03,-0.77
district,Sudurpaschim,Darchula,Total,20 - 24 Years,11758,9,746,1893,3350,1389,3590,579,127,1,43,31,0.37,76.84,0.25,50.43,0.46,46.67,-0.21,3.76
district,Sudurpaschim,Darchula,Total,25 - 29 Years,8951,9,1088,1494,2458,521,2229,686,334,1,92,39,1.03,69.58,0.53,47.97,1.51,36.51,-0.98,11.46
district,Sudurpaschim,Darchula,Total,30 - 34 Years,7259,5,1627,1570,1237,277,1410,535,392,1,162,43,2.23,53.05,0.81,42.58,3.71,29.19,-2.9,13.39
district,Sudurpaschim,Darchula,Total,35 - 39 Years,6340,13,1616,1432,1293,268,844,319,270,4,224,57,3.53,47.22,1.42,30.95,6.16,21.7,-4.74,9.25
district,Sudurpaschim,Darchula,Total,40 - 44 Years,5038,6,1485,912,992,219,687,199,223,0,265,50,5.26,46.05,1.47,32.17,11.51,16.77,-10.04,15.4
district,Sudurpaschim,Darchula,Total,45 - 49 Years,3787,8,1251,721,682,140,420,149,151,3,202,60,5.33,40.72,1.26,28.13,13.69,11.59,-12.43,16.54
district,Sudurpaschim,Darchula,Total,50 - 54 Years,3049,7,1154,610,518,88,237,87,92,1,210,45,6.89,33.52,2.68,20.12,18.56,6.56,-15.88,13.56
district,Sudurpaschim,Darchula,Total,55 - 59 Years,2117,7,906,427,319,50,134,35,43,2,155,39,7.32,27.44,3.3,14.17,22.17,5.76,-18.87,8.41
district,Sudurpaschim,Darchula,Total,60 - 64 Years,1466,3,776,226,219,28,49,18,22,1,97,27,6.62,22.92,3.32,9.3,21.76,1.91,-18.44,7.39
district,Sudurpaschim,Darchula,Total,65 - 69 Years,1219,3,710,224,114,21,16,10,7,1,97,16,7.96,13.78,5.38,4.89,21.43,2.04,-16.05,2.85
district,Sudurpaschim,Darchula,Total,70 - 74 Years,741,0,437,125,71,12,15,7,6,2,52,14,7.02,14.98,4.71,5.02,21.15,7.69,-16.44,-2.67
district,Sudurpaschim,Darchula,Total,75+ Years,623,4,377,92,39,5,15,3,2,3,58,25,9.31,10.27,7.54,3.31,21.52,8.86,-13.98,-5.55
district,Sudurpaschim,Darchula,Male,Total,51278,2029,15148,11076,9874,3294,6352,1567,1204,8,484,242,0.94,43.47,0.94,24.22,2.69,21.61,-1.75,2.61
district,Sudurpaschim,Darchula,Male,05 Year,1145,1131,0,0,0,0,0,0,0,0,0,14,0.0,0.0,0.0,0.0,0.0,0.0,0.0,0.0
district,Sudurpaschim,Darchula,Male,06 Year,1228,440,779,0,0,0,0,0,0,0,3,6,0.24,0.0,0.24,0.0,0.0,0.0,0.24,0.0
district,Sudurpaschim,Darchula,Male,07 Year,1206,235,962,0,0,0,0,0,0,0,0,9,0.0,0.0,0.0,0.0,0.09,0.0,-0.09,0.0
district,Sudurpaschim,Darchula,Male,08 Year,1494,122,1368,0,0,0,0,0,0,0,1,3,0.07,0.0,0.07,0.0,0.07,0.0,0.0,0.0
district,Sudurpaschim,Darchula,Male,09 Year,1248,37,1206,0,0,0,0,0,0,0,1,4,0.08,0.0,0.08,0.0,0.0,0.0,0.08,0.0
district,Sudurpaschim,Darchula,Male,10 Year,1773,18,1750,0,0,0,0,0,0,0,1,4,0.06,0.0,0.06,0.0,0.0,0.0,0.06,0.0
district,Sudurpaschim,Darchula,Male,11 Year,1306,8,940,354,0,0,0,0,0,0,0,4,0.0,0.0,0.0,0.0,0.0,0.0,0.0,0.0
district,Sudurpaschim,Darchula,Male,12 Year,1814,7,831,973,0,0,0,0,0,0,0,3,0.0,0.0,0.0,0.0,0.0,0.0,0.0,0.0
district,Sudurpaschim,Darchula,Male,13 Year,1523,3,354,1166,0,0,0,0,0,0,0,0,0.0,0.0,0.0,0.0,0.0,0.0,0.0,0.0
district,Sudurpaschim,Darchula,Male,14 Year,1667,2,203,1075,387,0,0,0,0,0,0,0,0.0,23.22,0.0,0.0,0.0,0.0,0.0,0.0
district,Sudurpaschim,Darchula,Male,15 Year,1677,2,54,819,686,106,0,0,0,0,1,9,0.06,47.23,0.06,6.32,0.0,7.71,0.06,-1.39
district,Sudurpaschim,Darchula,Male,16 - 19 Years,5356,1,192,928,1943,1367,883,25,0,0,2,15,0.04,78.75,0.04,42.48,0.07,43.25,-0.03,-0.77
district,Sudurpaschim,Darchula,Male,20 - 24 Years,5251,3,281,798,1499,677,1655,254,62,1,13,8,0.25,78.98,0.25,50.43,0.46,46.67,-0.21,3.76
district,Sudurpaschim,Darchula,Male,25 - 29 Years,4380,3,350,640,1244,297,1255,361,188,0,23,19,0.53,76.37,0.53,47.97,1.51,36.51,-0.98,11.46
district,Sudurpaschim,Darchula,Male,30 - 34 Years,3699,0,569,798,714,184,816,296,279,0,30,13,0.81,61.88,0.81,42.58,3.71,29.19,-2.9,13.39
district,Sudurpaschim,Darchula,Male,35 - 39 Years,3515,5,616,857,879,182,485,213,208,0,50,20,1.42,55.96,1.42,30.95,6.16,21.7,-4.74,9.25
district,Sudurpaschim,Darchula,Male,40 - 44 Years,3136,0,671,621,776,174,519,139,177,0,46,13,1.47,56.92,1.47,32.17,11.51,16.77,-10.04,15.4
district,Sudurpaschim,Darchula,Male,45 - 49 Years,2545,1,663,535,580,123,329,128,136,0,32,18,1.26,50.92,1.26,28.13,13.69,11.59,-12.43,16.54
district,Sudurpaschim,Darchula,Male,50 - 54 Years,2241,3,744,507,459,78,214,81,78,1,60,16,2.68,40.61,2.68,20.12,18.56,6.56,-15.88,13.56
district,Sudurpaschim,Darchula,Male,55 - 59 Years,1666,3,680,376,301,44,117,34,41,0,55,15,3.3,32.23,3.3,14.17,22.17,5.76,-18.87,8.41
district,Sudurpaschim,Darchula,Male,60 - 64 Years,1204,1,625,209,202,28,46,17,21,1,40,14,3.32,26.08,3.32,9.3,21.76,1.91,-18.44,7.39
district,Sudurpaschim,Darchula,Male,65 - 69 Years,1023,0,589,211,108,21,13,9,7,1,55,9,5.38,15.44,5.38,4.89,21.43,2.04,-16.05,2.85
district,Sudurpaschim,Darchula,Male,70 - 74 Years,637,0,383,121,61,9,11,7,5,1,30,9,4.71,14.6,4.71,5.02,21.15,7.69,-16.44,-2.67
district,Sudurpaschim,Darchula,Male,75+ Years,544,4,338,88,35,4,9,3,2,3,41,17,7.54,9.74,7.54,3.31,21.52,8.86,-13.98,-5.55
district,Sudurpaschim,Darchula,Female,Total,44132,1981,14130,9545,7394,2856,5109,1108,465,12,1188,344,2.69,38.37,0.94,24.22,2.69,21.61,-1.75,2.61
district,Sudurpaschim,Darchula,Female,05 Year,1170,1156,0,0,0,0,0,0,0,0,0,14,0.0,0.0,0.0,0.0,0.0,0.0,0.0,0.0
district,Sudurpaschim,Darchula,Female,06 Year,1229,392,832,0,0,0,0,0,0,0,0,5,0.0,0.0,0.24,0.0,0.0,0.0,0.24,0.0
district,Sudurpaschim,Darchula,Female,07 Year,1167,194,971,0,0,0,0,0,0,0,1,1,0.09,0.0,0.0,0.0,0.09,0.0,-0.09,0.0
district,Sudurpaschim,Darchula,Female,08 Year,1467,110,1351,0,0,0,0,0,0,0,1,5,0.07,0.0,0.07,0.0,0.07,0.0,0.0,0.0
district,Sudurpaschim,Darchula,Female,09 Year,1168,38,1127,0,0,0,0,0,0,0,0,3,0.0,0.0,0.08,0.0,0.0,0.0,0.08,0.0
district,Sudurpaschim,Darchula,Female,10 Year,1560,18,1541,0,0,0,0,0,0,0,0,1,0.0,0.0,0.06,0.0,0.0,0.0,0.06,0.0
district,Sudurpaschim,Darchula,Female,11 Year,1323,5,955,359,0,0,0,0,0,0,0,4,0.0,0.0,0.0,0.0,0.0,0.0,0.0,0.0
district,Sudurpaschim,Darchula,Female,12 Year,1789,4,837,946,0,0,0,0,0,0,0,2,0.0,0.0,0.0,0.0,0.0,0.0,0.0,0.0
district,Sudurpaschim,Darchula,Female,13 Year,1629,4,414,1208,0,0,0,0,0,0,0,3,0.0,0.0,0.0,0.0,0.0,0.0,0.0,0.0
district,Sudurpaschim,Darchula,Female,14 Year,1704,5,177,1149,370,0,0,0,0,0,0,3,0.0,21.71,0.0,0.0,0.0,0.0,0.0,0.0
district,Sudurpaschim,Darchula,Female,15 Year,1673,0,51,841,644,129,0,0,0,0,0,8,0.0,46.2,0.06,6.32,0.0,7.71,0.06,-1.39
district,Sudurpaschim,Darchula,Female,16 - 19 Years,5746,4,210,1077,1946,1530,932,23,0,0,4,20,0.07,77.11,0.04,42.48,0.07,43.25,-0.03,-0.77
district,Sudurpaschim,Darchula,Female,20 - 24 Years,6507,6,465,1095,1851,712,1935,325,65,0,30,23,0.46,75.12,0.25,50.43,0.46,46.67,-0.21,3.76
district,Sudurpaschim,Darchula,Female,25 - 29 Years,4571,6,738,854,1214,224,974,325,146,1,69,20,1.51,63.07,0.53,47.97,1.51,36.51,-0.98,11.46
district,Sudurpaschim,Darchula,Female,30 - 34 Years,3560,5,1058,772,523,93,594,239,113,1,132,30,3.71,43.88,0.81,42.58,3.71,29.19,-2.9,13.39
district,Sudurpaschim,Darchula,Female,35 - 39 Years,2825,8,1000,575,414,86,359,106,62,4,174,37,6.16,36.35,1.42,30.95,6.16,21.7,-4.74,9.25
district,Sudurpaschim,Darchula,Female,40 - 44 Years,1902,6,814,291,216,45,168,60,46,0,219,37,11.51,28.13,1.47,32.17,11.51,16.77,-10.04,15.4
district,Sudurpaschim,Darchula,Female,45 - 49 Years,1242,7,588,186,102,17,91,21,15,3,170,42,13.69,19.81,1.26,28.13,13.69,11.59,-12.43,16.54
district,Sudurpaschim,Darchula,Female,50 - 54 Years,808,4,410,103,59,10,23,6,14,0,150,29,18.56,13.86,2.68,20.12,18.56,6.56,-15.88,13.56
district,Sudurpaschim,Darchula,Female,55 - 59 Years,451,4,226,51,18,6,17,1,2,2,100,24,22.17,9.76,3.3,14.17,22.17,5.76,-18.87,8.41
district,Sudurpaschim,Darchula,Female,60 - 64 Years,262,2,151,17,17,0,3,1,1,0,57,13,21.76,8.4,3.32,9.3,21.76,1.91,-18.44,7.39
district,Sudurpaschim,Darchula,Female,65 - 69 Years,196,3,121,13,6,0,3,1,0,0,42,7,21.43,5.1,5.38,4.89,21.43,2.04,-16.05,2.85
district,Sudurpaschim,Darchula,Female,70 - 74 Years,104,0,54,4,10,3,4,0,1,1,22,5,21.15,17.31,4.71,5.02,21.15,7.69,-16.44,-2.67
district,Sudurpaschim,Darchula,Female,75+ Years,79,0,39,4,4,1,6,0,0,0,17,8,21.52,13.92,7.54,3.31,21.52,8.86,-13.98,-5.55
district,Sudurpaschim,Baitadi,Total,Total,169459,6363,56061,35456,30627,9347,20541,3612,2385,83,3480,1504,2.05,39.25,1.08,22.11,3.14,20.13,-2.06,1.98
district,Sudurpaschim,Baitadi,Total,05 Year,4219,4119,0,0,0,0,0,0,0,0,4,96,0.09,0.0,0.09,0.0,0.1,0.0,-0.01,0.0
district,Sudurpaschim,Baitadi,Total,06 Year,4552,1176,3300,0,0,0,0,0,0,0,5,71,0.11,0.0,0.04,0.0,0.18,0.0,-0.14,0.0
district,Sudurpaschim,Baitadi,Total,07 Year,4163,432,3703,0,0,0,0,0,0,0,0,28,0.0,0.0,0.0,0.0,0.0,0.0,0.0,0.0
district,Sudurpaschim,Baitadi,Total,08 Year,5521,254,5227,0,0,0,0,0,0,0,1,39,0.02,0.0,0.04,0.0,0.0,0.0,0.04,0.0
district,Sudurpaschim,Baitadi,Total,09 Year,4725,86,4601,0,0,0,0,0,0,0,1,37,0.02,0.0,0.0,0.0,0.04,0.0,-0.04,0.0
district,Sudurpaschim,Baitadi,Total,10 Year,6762,49,6682,0,0,0,0,0,0,0,0,31,0.0,0.0,0.0,0.0,0.0,0.0,0.0,0.0
district,Sudurpaschim,Baitadi,Total,11 Year,4773,17,3396,1344,0,0,0,0,0,0,1,15,0.02,0.0,0.04,0.0,0.0,0.0,0.04,0.0
district,Sudurpaschim,Baitadi,Total,12 Year,6955,13,3154,3764,0,0,0,0,0,0,2,22,0.03,0.0,0.03,0.0,0.03,0.0,0.0,0.0
district,Sudurpaschim,Baitadi,Total,13 Year,5917,7,1461,4432,0,0,0,0,0,0,1,16,0.02,0.0,0.03,0.0,0.0,0.0,0.03,0.0
district,Sudurpaschim,Baitadi,Total,14 Year,6362,2,839,4140,1363,0,0,0,0,0,3,15,0.05,21.42,0.06,0.0,0.03,0.0,0.03,0.0
district,Sudurpaschim,Baitadi,Total,15 Year,6171,4,309,2886,2600,350,0,0,0,0,2,20,0.03,47.8,0.03,5.45,0.03,5.88,0.0,-0.43
district,Sudurpaschim,Baitadi,Total,16 - 19 Years,20873,13,676,3742,7947,4817,3545,85,0,0,11,37,0.05,78.54,0.05,41.41,0.05,39.62,0.0,1.79
district,Sudurpaschim,Baitadi,Total,20 - 24 Years,21723,11,1277,2767,6644,2138,7447,1049,250,3,83,54,0.38,80.69,0.26,53.46,0.47,47.7,-0.21,5.76
district,Sudurpaschim,Baitadi,Total,25 - 29 Years,15129,14,2099,2371,4082,771,4222,852,499,1,161,57,1.06,68.91,0.53,48.65,1.54,35.89,-1.01,12.76
district,Sudurpaschim,Baitadi,Total,30 - 34 Years,11781,25,3037,2474,1920,381,2368,664,550,5,272,85,2.31,49.94,0.85,40.83,3.9,25.82,-3.05,15.01
district,Sudurpaschim,Baitadi,Total,35 - 39 Years,9599,23,3060,2094,1694,279,1177,363,381,10,399,119,4.16,40.57,1.55,28.63,7.37,15.89,-5.82,12.74
district,Sudurpaschim,Baitadi,Total,40 - 44 Years,7792,23,2825,1552,1236,202,742,263,297,15,492,145,6.31,35.16,1.86,24.65,13.59,10.55,-11.73,14.1
district,Sudurpaschim,Baitadi,Total,45 - 49 Years,5945,24,2461,1104,944,117,377,136,161,18,468,135,7.87,29.18,2.79,17.24,17.58,5.78,-14.79,11.46
district,Sudurpaschim,Baitadi,Total,50 - 54 Years,5404,22,2371,942,786,98,335,107,129,8,471,135,8.72,26.92,2.79,15.94,23.59,3.44,-20.8,12.5
district,Sudurpaschim,Baitadi,Total,55 - 59 Years,3887,17,1765,711,602,86,158,52,70,9,323,94,8.31,24.9,3.2,11.37,25.53,2.81,-22.33,8.56
district,Sudurpaschim,Baitadi,Total,60 - 64 Years,2759,11,1397,423,376,44,84,17,26,4,272,105,9.86,19.83,4.38,7.36,29.13,2.13,-24.75,5.23
district,Sudurpaschim,Baitadi,Total,65 - 69 Years,1983,11,1067,347,209,33,50,11,16,3,181,55,9.13,16.09,4.65,6.43,30.09,1.43,-25.44,5.0
district,Sudurpaschim,Baitadi,Total,70 - 74 Years,1337,9,722,219,138,21,19,9,4,4,152,40,11.37,14.29,6.98,4.38,33.79,1.83,-26.81,2.55
district,Sudurpaschim,Baitadi,Total,75+ Years,1127,1,632,144,86,10,17,4,2,3,175,53,15.53,10.56,11.6,2.69,34.18,4.08,-22.58,-1.39
district,Sudurpaschim,Baitadi,Male,Total,89444,3309,28824,19287,16670,4835,10935,2186,1818,20,970,590,1.08,40.75,1.08,22.11,3.14,20.13,-2.06,1.98
district,Sudurpaschim,Baitadi,Male,05 Year,2183,2132,0,0,0,0,0,0,0,0,2,49,0.09,0.0,0.09,0.0,0.1,0.0,-0.01,0.0
district,Sudurpaschim,Baitadi,Male,06 Year,2333,641,1659,0,0,0,0,0,0,0,1,32,0.04,0.0,0.04,0.0,0.18,0.0,-0.14,0.0
district,Sudurpaschim,Baitadi,Male,07 Year,2140,240,1889,0,0,0,0,0,0,0,0,11,0.0,0.0,0.0,0.0,0.0,0.0,0.0,0.0
district,Sudurpaschim,Baitadi,Male,08 Year,2823,146,2654,0,0,0,0,0,0,0,1,22,0.04,0.0,0.04,0.0,0.0,0.0,0.04,0.0
district,Sudurpaschim,Baitadi,Male,09 Year,2402,47,2334,0,0,0,0,0,0,0,0,21,0.0,0.0,0.0,0.0,0.04,0.0,-0.04,0.0
district,Sudurpaschim,Baitadi,Male,10 Year,3448,28,3404,0,0,0,0,0,0,0,0,16,0.0,0.0,0.0,0.0,0.0,0.0,0.0,0.0
district,Sudurpaschim,Baitadi,Male,11 Year,2452,11,1728,701,0,0,0,0,0,0,1,11,0.04,0.0,0.04,0.0,0.0,0.0,0.04,0.0
district,Sudurpaschim,Baitadi,Male,12 Year,3564,6,1572,1975,0,0,0,0,0,0,1,10,0.03,0.0,0.03,0.0,0.03,0.0,0.0,0.0
district,Sudurpaschim,Baitadi,Male,13 Year,2944,3,659,2274,0,0,0,0,0,0,1,7,0.03,0.0,0.03,0.0,0.0,0.0,0.03,0.0
district,Sudurpaschim,Baitadi,Male,14 Year,3143,1,371,2062,699,0,0,0,0,0,2,8,0.06,22.24,0.06,0.0,0.03,0.0,0.03,0.0
district,Sudurpaschim,Baitadi,Male,15 Year,3027,4,159,1372,1311,165,0,0,0,0,1,15,0.03,48.76,0.03,5.45,0.03,5.88,0.0,-0.43
district,Sudurpaschim,Baitadi,Male,16 - 19 Years,9893,6,292,1678,3796,2341,1716,40,0,0,5,19,0.05,79.78,0.05,41.41,0.05,39.62,0.0,1.79
district,Sudurpaschim,Baitadi,Male,20 - 24 Years,9066,3,381,1060,2734,934,3345,448,120,2,24,15,0.26,83.62,0.26,53.46,0.47,47.7,-0.21,5.76
district,Sudurpaschim,Baitadi,Male,25 - 29 Years,7161,4,637,1032,1948,425,2268,475,316,0,38,18,0.53,75.86,0.53,48.65,1.54,35.89,-1.01,12.76
district,Sudurpaschim,Baitadi,Male,30 - 34 Years,6138,3,1092,1344,1118,228,1431,433,414,0,52,23,0.85,59.04,0.85,40.83,3.9,25.82,-3.05,15.01
district,Sudurpaschim,Baitadi,Male,35 - 39 Years,5295,2,1172,1297,1195,206,732,269,309,3,82,28,1.55,51.2,1.55,28.63,7.37,15.89,-5.82,12.74
district,Sudurpaschim,Baitadi,Male,40 - 44 Years,4835,5,1392,1134,986,169,544,210,269,1,90,35,1.86,45.05,1.86,24.65,13.59,10.55,-11.73,14.1
district,Sudurpaschim,Baitadi,Male,45 - 49 Years,3903,7,1390,859,819,92,307,122,152,0,109,46,2.79,38.23,2.79,17.24,17.58,5.78,-14.79,11.46
district,Sudurpaschim,Baitadi,Male,50 - 54 Years,3865,3,1573,808,714,91,299,99,127,2,108,41,2.79,34.41,2.79,15.94,23.59,3.44,-20.8,12.5
district,Sudurpaschim,Baitadi,Male,55 - 59 Years,2998,7,1291,644,580,80,146,50,65,2,96,37,3.2,30.72,3.2,11.37,25.53,2.81,-22.33,8.56
district,Sudurpaschim,Baitadi,Male,60 - 64 Years,2148,4,1102,376,361,44,73,17,24,1,94,52,4.38,24.16,4.38,7.36,29.13,2.13,-24.75,5.23
district,Sudurpaschim,Baitadi,Male,65 - 69 Years,1634,3,897,323,202,33,45,11,16,3,76,25,4.65,18.79,4.65,6.43,30.09,1.43,-25.44,5.0
district,Sudurpaschim,Baitadi,Male,70 - 74 Years,1118,3,623,211,130,19,17,9,4,3,78,21,6.98,16.01,6.98,4.38,33.79,1.83,-26.81,2.55
district,Sudurpaschim,Baitadi,Male,75+ Years,931,0,553,137,77,8,12,3,2,3,108,28,11.6,10.96,11.6,2.69,34.18,4.08,-22.58,-1.39
district,Sudurpaschim,Baitadi,Female,Total,80015,3054,27237,16169,13957,4512,9606,1426,567,63,2510,914,3.14,37.58,1.08,22.11,3.14,20.13,-2.06,1.98
district,Sudurpaschim,Baitadi,Female,05 Year,2036,1987,0,0,0,0,0,0,0,0,2,47,0.1,0.0,0.09,0.0,0.1,0.0,-0.01,0.0
district,Sudurpaschim,Baitadi,Female,06 Year,2219,535,1641,0,0,0,0,0,0,0,4,39,0.18,0.0,0.04,0.0,0.18,0.0,-0.14,0.0
district,Sudurpaschim,Baitadi,Female,07 Year,2023,192,1814,0,0,0,0,0,0,0,0,17,0.0,0.0,0.0,0.0,0.0,0.0,0.0,0.0
district,Sudurpaschim,Baitadi,Female,08 Year,2698,108,2573,0,0,0,0,0,0,0,0,17,0.0,0.0,0.04,0.0,0.0,0.0,0.04,0.0
district,Sudurpaschim,Baitadi,Female,09 Year,2323,39,2267,0,0,0,0,0,0,0,1,16,0.04,0.0,0.0,0.0,0.04,0.0,-0.04,0.0
district,Sudurpaschim,Baitadi,Female,10 Year,3314,21,3278,0,0,0,0,0,0,0,0,15,0.0,0.0,0.0,0.0,0.0,0.0,0.0,0.0
district,Sudurpaschim,Baitadi,Female,11 Year,2321,6,1668,643,0,0,0,0,0,0,0,4,0.0,0.0,0.04,0.0,0.0,0.0,0.04,0.0
district,Sudurpaschim,Baitadi,Female,12 Year,3391,7,1582,1789,0,0,0,0,0,0,1,12,0.03,0.0,0.03,0.0,0.03,0.0,0.0,0.0
district,Sudurpaschim,Baitadi,Female,13 Year,2973,4,802,2158,0,0,0,0,0,0,0,9,0.0,0.0,0.03,0.0,0.0,0.0,0.03,0.0
district,Sudurpaschim,Baitadi,Female,14 Year,3219,1,468,2078,664,0,0,0,0,0,1,7,0.03,20.63,0.06,0.0,0.03,0.0,0.03,0.0
district,Sudurpaschim,Baitadi,Female,15 Year,3144,0,150,1514,1289,185,0,0,0,0,1,5,0.03,46.88,0.03,5.45,0.03,5.88,0.0,-0.43
district,Sudurpaschim,Baitadi,Female,16 - 19 Years,10980,7,384,2064,4151,2476,1829,45,0,0,6,18,0.05,77.42,0.05,41.41,0.05,39.62,0.0,1.79
district,Sudurpaschim,Baitadi,Female,20 - 24 Years,12657,8,896,1707,3910,1204,4102,601,130,1,59,39,0.47,78.59,0.26,53.46,0.47,47.7,-0.21,5.76
district,Sudurpaschim,Baitadi,Female,25 - 29 Years,7968,10,1462,1339,2134,346,1954,377,183,1,123,39,1.54,62.68,0.53,48.65,1.54,35.89,-1.01,12.76
district,Sudurpaschim,Baitadi,Female,30 - 34 Years,5643,22,1945,1130,802,153,937,231,136,5,220,62,3.9,40.03,0.85,40.83,3.9,25.82,-3.05,15.01
district,Sudurpaschim,Baitadi,Female,35 - 39 Years,4304,21,1888,797,499,73,445,94,72,7,317,91,7.37,27.49,1.55,28.63,7.37,15.89,-5.82,12.74
district,Sudurpaschim,Baitadi,Female,40 - 44 Years,2957,18,1433,418,250,33,198,53,28,14,402,110,13.59,19.01,1.86,24.65,13.59,10.55,-11.73,14.1
district,Sudurpaschim,Baitadi,Female,45 - 49 Years,2042,17,1071,245,125,25,70,14,9,18,359,89,17.58,11.9,2.79,17.24,17.58,5.78,-14.79,11.46
district,Sudurpaschim,Baitadi,Female,50 - 54 Years,1539,19,798,134,72,7,36,8,2,6,363,94,23.59,8.12,2.79,15.94,23.59,3.44,-20.8,12.5
district,Sudurpaschim,Baitadi,Female,55 - 59 Years,889,10,474,67,22,6,12,2,5,7,227,57,25.53,5.29,3.2,11.37,25.53,2.81,-22.33,8.56
district,Sudurpaschim,Baitadi,Female,60 - 64 Years,611,7,295,47,15,0,11,0,2,3,178,53,29.13,4.58,4.38,7.36,29.13,2.13,-24.75,5.23
district,Sudurpaschim,Baitadi,Female,65 - 69 Years,349,8,170,24,7,0,5,0,0,0,105,30,30.09,3.44,4.65,6.43,30.09,1.43,-25.44,5.0
district,Sudurpaschim,Baitadi,Female,70 - 74 Years,219,6,99,8,8,2,2,0,0,1,74,19,33.79,5.48,6.98,4.38,33.79,1.83,-26.81,2.55
district,Sudurpaschim,Baitadi,Female,75+ Years,196,1,79,7,9,2,5,1,0,0,67,25,34.18,8.67,11.6,2.69,34.18,4.08,-22.58,-1.39
district,Sudurpaschim,Dadeldhura,Total,Total,99935,3981,32471,23193,16947,6582,9813,2303,1571,23,2589,462,2.59,37.24,1.08,20.84,4.28,19.66,-3.2,1.18
district,Sudurpaschim,Dadeldhura,Total,05 Year,2419,2389,0,0,0,0,0,0,0,0,1,29,0.04,0.0,0.08,0.0,0.0,0.0,0.08,0.0
district,Sudurpaschim,Dadeldhura,Total,06 Year,2659,895,1744,0,0,0,0,0,0,0,2,18,0.08,0.0,0.0,0.0,0.17,0.0,-0.17,0.0
district,Sudurpaschim,Dadeldhura,Total,07 Year,2597,390,2200,0,0,0,0,0,0,0,1,6,0.04,0.0,0.0,0.0,0.08,0.0,-0.08,0.0
district,Sudurpaschim,Dadeldhura,Total,08 Year,3134,163,2966,0,0,0,0,0,0,0,1,4,0.03,0.0,0.0,0.0,0.07,0.0,-0.07,0.0
district,Sudurpaschim,Dadeldhura,Total,09 Year,2759,37,2712,0,0,0,0,0,0,0,1,9,0.04,0.0,0.07,0.0,0.0,0.0,0.07,0.0
district,Sudurpaschim,Dadeldhura,Total,10 Year,3329,11,3315,0,0,0,0,0,0,0,0,3,0.0,0.0,0.0,0.0,0.0,0.0,0.0,0.0
district,Sudurpaschim,Dadeldhura,Total,11 Year,2714,4,2010,698,0,0,0,0,0,0,0,2,0.0,0.0,0.0,0.0,0.0,0.0,0.0,0.0
district,Sudurpaschim,Dadeldhura,Total,12 Year,3684,6,1782,1892,0,0,0,0,0,0,1,3,0.03,0.0,0.0,0.0,0.06,0.0,-0.06,0.0
district,Sudurpaschim,Dadeldhura,Total,13 Year,3246,2,824,2415,0,0,0,0,0,0,1,4,0.03,0.0,0.0,0.0,0.06,0.0,-0.06,0.0
district,Sudurpaschim,Dadeldhura,Total,14 Year,3562,4,437,2438,678,0,0,0,0,0,1,4,0.03,19.03,0.0,0.0,0.06,0.0,-0.06,0.0
district,Sudurpaschim,Dadeldhura,Total,15 Year,3556,4,221,1832,1285,208,0,0,0,0,0,6,0.0,41.99,0.0,6.2,0.0,5.5,0.0,0.7
district,Sudurpaschim,Dadeldhura,Total,16 - 19 Years,11755,8,576,2724,4149,2808,1427,44,0,0,7,12,0.06,71.7,0.06,35.83,0.06,36.9,0.0,-1.07
district,Sudurpaschim,Dadeldhura,Total,20 - 24 Years,13074,9,1099,2610,3482,1571,3552,549,140,2,40,20,0.31,71.09,0.2,47.07,0.38,42.59,-0.18,4.48
district,Sudurpaschim,Dadeldhura,Total,25 - 29 Years,9881,3,1496,2106,2487,725,1980,597,384,2,79,22,0.8,62.47,0.45,42.54,1.09,32.94,-0.64,9.6
district,Sudurpaschim,Dadeldhura,Total,30 - 34 Years,7767,8,1969,1762,1257,388,1299,455,404,1,198,26,2.55,48.96,0.76,39.05,4.42,26.24,-3.66,12.81
district,Sudurpaschim,Dadeldhura,Total,35 - 39 Years,6359,12,1834,1532,1085,293,651,296,280,1,331,44,5.21,40.97,1.01,28.86,10.55,17.59,-9.54,11.27
district,Sudurpaschim,Dadeldhura,Total,40 - 44 Years,4599,8,1542,952,750,176,392,164,173,2,383,57,8.33,35.99,1.22,24.32,21.12,11.32,-19.9,13.0
district,Sudurpaschim,Dadeldhura,Total,45 - 49 Years,3671,8,1445,709,543,111,195,104,106,2,409,39,11.14,28.85,2.48,17.75,29.68,6.16,-27.2,11.59
district,Sudurpaschim,Dadeldhura,Total,50 - 54 Years,3283,8,1327,604,493,117,181,59,51,5,387,51,11.79,27.44,2.63,15.97,35.21,3.36,-32.58,12.61
district,Sudurpaschim,Dadeldhura,Total,55 - 59 Years,2070,4,941,368,319,73,61,20,17,2,231,34,11.16,23.67,4.0,10.12,39.29,0.95,-35.29,9.17
district,Sudurpaschim,Dadeldhura,Total,60 - 64 Years,1571,4,779,244,204,59,36,5,7,2,208,23,13.24,19.8,5.61,7.97,40.76,2.64,-35.15,5.33
district,Sudurpaschim,Dadeldhura,Total,65 - 69 Years,1043,1,598,145,117,28,16,6,3,2,115,12,11.03,16.3,6.38,5.69,35.76,1.82,-29.38,3.87
district,Sudurpaschim,Dadeldhura,Total,70 - 74 Years,667,0,362,104,65,19,10,2,3,0,88,14,13.19,14.84,8.73,5.76,40.43,1.06,-31.7,4.7
district,Sudurpaschim,Dadeldhura,Total,75+ Years,536,3,292,58,33,6,13,2,3,2,104,20,19.4,10.63,15.56,3.78,39.53,8.14,-23.97,-4.36
district,Sudurpaschim,Dadeldhura,Male,Total,52824,2133,17226,12507,9186,3407,5073,1394,1133,9,573,183,1.08,38.23,1.08,20.84,4.28,19.66,-3.2,1.18
district,Sudurpaschim,Dadeldhura,Male,05 Year,1263,1244,0,0,0,0,0,0,0,0,1,18,0.08,0.0,0.08,0.0,0.0,0.0,0.08,0.0
district,Sudurpaschim,Dadeldhura,Male,06 Year,1465,514,945,0,0,0,0,0,0,0,0,6,0.0,0.0,0.0,0.0,0.17,0.0,-0.17,0.0
district,Sudurpaschim,Dadeldhura,Male,07 Year,1360,219,1139,0,0,0,0,0,0,0,0,2,0.0,0.0,0.0,0.0,0.08,0.0,-0.08,0.0
district,Sudurpaschim,Dadeldhura,Male,08 Year,1625,90,1534,0,0,0,0,0,0,0,0,1,0.0,0.0,0.0,0.0,0.07,0.0,-0.07,0.0
district,Sudurpaschim,Dadeldhura,Male,09 Year,1433,21,1406,0,0,0,0,0,0,0,1,5,0.07,0.0,0.07,0.0,0.0,0.0,0.07,0.0
district,Sudurpaschim,Dadeldhura,Male,10 Year,1694,4,1689,0,0,0,0,0,0,0,0,1,0.0,0.0,0.0,0.0,0.0,0.0,0.0,0.0
district,Sudurpaschim,Dadeldhura,Male,11 Year,1392,1,1035,355,0,0,0,0,0,0,0,1,0.0,0.0,0.0,0.0,0.0,0.0,0.0,0.0
district,Sudurpaschim,Dadeldhura,Male,12 Year,1884,4,922,957,0,0,0,0,0,0,0,1,0.0,0.0,0.0,0.0,0.06,0.0,-0.06,0.0
district,Sudurpaschim,Dadeldhura,Male,13 Year,1633,1,424,1205,0,0,0,0,0,0,0,3,0.0,0.0,0.0,0.0,0.06,0.0,-0.06,0.0
district,Sudurpaschim,Dadeldhura,Male,14 Year,1813,2,218,1249,343,0,0,0,0,0,0,1,0.0,18.92,0.0,0.0,0.06,0.0,-0.06,0.0
district,Sudurpaschim,Dadeldhura,Male,15 Year,1775,3,96,933,631,110,0,0,0,0,0,2,0.0,41.75,0.0,6.2,0.0,5.5,0.0,0.7
district,Sudurpaschim,Dadeldhura,Male,16 - 19 Years,5440,4,266,1297,1915,1252,677,20,0,0,3,6,0.06,71.03,0.06,35.83,0.06,36.9,0.0,-1.07
district,Sudurpaschim,Dadeldhura,Male,20 - 24 Years,5432,5,374,1033,1442,685,1538,267,67,2,11,8,0.2,73.62,0.2,47.07,0.38,42.59,-0.18,4.48
district,Sudurpaschim,Dadeldhura,Male,25 - 29 Years,4490,1,536,871,1141,378,975,321,236,1,20,10,0.45,67.95,0.45,42.54,1.09,32.94,-0.64,9.6
district,Sudurpaschim,Dadeldhura,Male,30 - 34 Years,3964,1,712,936,729,242,747,274,285,1,30,7,0.76,57.44,0.76,39.05,4.42,26.24,-3.66,12.81
district,Sudurpaschim,Dadeldhura,Male,35 - 39 Years,3562,3,741,979,767,220,395,200,213,0,36,8,1.01,50.39,1.01,28.86,10.55,17.59,-9.54,11.27
district,Sudurpaschim,Dadeldhura,Male,40 - 44 Years,2956,1,847,736,601,144,288,134,153,0,36,16,1.22,44.65,1.22,24.32,21.12,11.32,-19.9,13.0
district,Sudurpaschim,Dadeldhura,Male,45 - 49 Years,2502,4,913,595,474,94,162,90,98,0,62,10,2.48,36.69,2.48,17.75,29.68,6.16,-27.2,11.59
district,Sudurpaschim,Dadeldhura,Male,50 - 54 Years,2360,3,930,514,454,110,163,55,49,1,62,19,2.63,35.21,2.63,15.97,35.21,3.36,-32.58,12.61
district,Sudurpaschim,Dadeldhura,Male,55 - 59 Years,1650,2,762,333,299,71,60,20,16,1,66,20,4.0,28.24,4.0,10.12,39.29,0.95,-35.29,9.17
district,Sudurpaschim,Dadeldhura,Male,60 - 64 Years,1230,2,627,229,193,51,36,4,7,0,69,12,5.61,23.66,5.61,7.97,40.76,2.64,-35.15,5.33
district,Sudurpaschim,Dadeldhura,Male,65 - 69 Years,878,1,523,137,106,25,16,6,3,1,56,4,6.38,17.77,6.38,5.69,35.76,1.82,-29.38,3.87
district,Sudurpaschim,Dadeldhura,Male,70 - 74 Years,573,0,322,98,61,19,9,2,3,0,50,9,8.73,16.4,8.73,5.76,40.43,1.06,-31.7,4.7
district,Sudurpaschim,Dadeldhura,Male,75+ Years,450,3,265,50,30,6,7,1,3,2,70,13,15.56,10.44,15.56,3.78,39.53,8.14,-23.97,-4.36
district,Sudurpaschim,Dadeldhura,Female,Total,47111,1848,15245,10686,7761,3175,4740,909,438,14,2016,279,4.28,36.13,1.08,20.84,4.28,19.66,-3.2,1.18
district,Sudurpaschim,Dadeldhura,Female,05 Year,1156,1145,0,0,0,0,0,0,0,0,0,11,0.0,0.0,0.08,0.0,0.0,0.0,0.08,0.0
district,Sudurpaschim,Dadeldhura,Female,06 Year,1194,381,799,0,0,0,0,0,0,0,2,12,0.17,0.0,0.0,0.0,0.17,0.0,-0.17,0.0
district,Sudurpaschim,Dadeldhura,Female,07 Year,1237,171,1061,0,0,0,0,0,0,0,1,4,0.08,0.0,0.0,0.0,0.08,0.0,-0.08,0.0
district,Sudurpaschim,Dadeldhura,Female,08 Year,1509,73,1432,0,0,0,0,0,0,0,1,3,0.07,0.0,0.0,0.0,0.07,0.0,-0.07,0.0
district,Sudurpaschim,Dadeldhura,Female,09 Year,1326,16,1306,0,0,0,0,0,0,0,0,4,0.0,0.0,0.07,0.0,0.0,0.0,0.07,0.0
district,Sudurpaschim,Dadeldhura,Female,10 Year,1635,7,1626,0,0,0,0,0,0,0,0,2,0.0,0.0,0.0,0.0,0.0,0.0,0.0,0.0
district,Sudurpaschim,Dadeldhura,Female,11 Year,1322,3,975,343,0,0,0,0,0,0,0,1,0.0,0.0,0.0,0.0,0.0,0.0,0.0,0.0
district,Sudurpaschim,Dadeldhura,Female,12 Year,1800,2,860,935,0,0,0,0,0,0,1,2,0.06,0.0,0.0,0.0,0.06,0.0,-0.06,0.0
district,Sudurpaschim,Dadeldhura,Female,13 Year,1613,1,400,1210,0,0,0,0,0,0,1,1,0.06,0.0,0.0,0.0,0.06,0.0,-0.06,0.0
district,Sudurpaschim,Dadeldhura,Female,14 Year,1749,2,219,1189,335,0,0,0,0,0,1,3,0.06,19.15,0.0,0.0,0.06,0.0,-0.06,0.0
district,Sudurpaschim,Dadeldhura,Female,15 Year,1781,1,125,899,654,98,0,0,0,0,0,4,0.0,42.22,0.0,6.2,0.0,5.5,0.0,0.7
district,Sudurpaschim,Dadeldhura,Female,16 - 19 Years,6315,4,310,1427,2234,1556,750,24,0,0,4,6,0.06,72.27,0.06,35.83,0.06,36.9,0.0,-1.07
district,Sudurpaschim,Dadeldhura,Female,20 - 24 Years,7642,4,725,1577,2040,886,2014,282,73,0,29,12,0.38,69.29,0.2,47.07,0.38,42.59,-0.18,4.48
district,Sudurpaschim,Dadeldhura,Female,25 - 29 Years,5391,2,960,1235,1346,347,1005,276,148,1,59,12,1.09,57.91,0.45,42.54,1.09,32.94,-0.64,9.6
district,Sudurpaschim,Dadeldhura,Female,30 - 34 Years,3803,7,1257,826,528,146,552,181,119,0,168,19,4.42,40.13,0.76,39.05,4.42,26.24,-3.66,12.81
district,Sudurpaschim,Dadeldhura,Female,35 - 39 Years,2797,9,1093,553,318,73,256,96,67,1,295,36,10.55,28.96,1.01,28.86,10.55,17.59,-9.54,11.27
district,Sudurpaschim,Dadeldhura,Female,40 - 44 Years,1643,7,695,216,149,32,104,30,20,2,347,41,21.12,20.39,1.22,24.32,21.12,11.32,-19.9,13.0
district,Sudurpaschim,Dadeldhura,Female,45 - 49 Years,1169,4,532,114,69,17,33,14,8,2,347,29,29.68,12.06,2.48,17.75,29.68,6.16,-27.2,11.59
district,Sudurpaschim,Dadeldhura,Female,50 - 54 Years,923,5,397,90,39,7,18,4,2,4,325,32,35.21,7.58,2.63,15.97,35.21,3.36,-32.58,12.61
district,Sudurpaschim,Dadeldhura,Female,55 - 59 Years,420,2,179,35,20,2,1,0,1,1,165,14,39.29,5.71,4.0,10.12,39.29,0.95,-35.29,9.17
district,Sudurpaschim,Dadeldhura,Female,60 - 64 Years,341,2,152,15,11,8,0,1,0,2,139,11,40.76,5.87,5.61,7.97,40.76,2.64,-35.15,5.33
district,Sudurpaschim,Dadeldhura,Female,65 - 69 Years,165,0,75,8,11,3,0,0,0,1,59,8,35.76,8.48,6.38,5.69,35.76,1.82,-29.38,3.87
district,Sudurpaschim,Dadeldhura,Female,70 - 74 Years,94,0,40,6,4,0,1,0,0,0,38,5,40.43,5.32,8.73,5.76,40.43,1.06,-31.7,4.7
district,Sudurpaschim,Dadeldhura,Female,75+ Years,86,0,27,8,3,0,6,1,0,0,34,7,39.53,11.63,15.56,3.78,39.53,8.14,-23.97,-4.36
district,Sudurpaschim,Doti,Total,Total,130467,7206,49857,30031,18683,7573,10475,2509,1463,77,1629,964,1.25,31.2,0.75,18.94,1.8,14.61,-1.05,4.33
district,Sudurpaschim,Doti,Total,05 Year,4024,3953,0,0,0,0,0,0,0,0,2,69,0.05,0.0,0.0,0.0,0.1,0.0,-0.1,0.0
district,Sudurpaschim,Doti,Total,06 Year,4418,1615,2767,0,0,0,0,0,0,0,4,32,0.09,0.0,0.13,0.0,0.05,0.0,0.08,0.0
district,Sudurpaschim,Doti,Total,07 Year,4393,823,3548,0,0,0,0,0,0,0,2,20,0.05,0.0,0.04,0.0,0.05,0.0,-0.01,0.0
district,Sudurpaschim,Doti,Total,08 Year,5056,443,4591,0,0,0,0,0,0,0,3,19,0.06,0.0,0.08,0.0,0.04,0.0,0.04,0.0
district,Sudurpaschim,Doti,Total,09 Year,4630,154,4445,0,0,0,0,0,0,0,4,27,0.09,0.0,0.0,0.0,0.18,0.0,-0.18,0.0
district,Sudurpaschim,Doti,Total,10 Year,5845,63,5759,0,0,0,0,0,0,0,3,20,0.05,0.0,0.07,0.0,0.03,0.0,0.04,0.0
district,Sudurpaschim,Doti,Total,11 Year,4640,29,3810,794,0,0,0,0,0,0,1,6,0.02,0.0,0.0,0.0,0.04,0.0,-0.04,0.0
district,Sudurpaschim,Doti,Total,12 Year,6345,10,3849,2479,0,0,0,0,0,0,2,5,0.03,0.0,0.0,0.0,0.07,0.0,-0.07,0.0
district,Sudurpaschim,Doti,Total,13 Year,5280,9,2065,3195,0,0,0,0,0,0,1,10,0.02,0.0,0.04,0.0,0.0,0.0,0.04,0.0
district,Sudurpaschim,Doti,Total,14 Year,5563,5,1172,3685,686,0,0,0,0,0,3,12,0.05,12.33,0.04,0.0,0.07,0.0,-0.03,0.0
district,Sudurpaschim,Doti,Total,15 Year,5592,9,573,3321,1527,136,0,0,0,0,5,21,0.09,29.74,0.04,2.71,0.14,2.17,-0.1,0.54
district,Sudurpaschim,Doti,Total,16 - 19 Years,16527,12,1391,4861,5739,2887,1547,27,0,2,20,41,0.12,61.72,0.09,29.32,0.15,25.01,-0.06,4.31
district,Sudurpaschim,Doti,Total,20 - 24 Years,16901,5,2296,3563,4106,2127,3887,682,117,3,68,47,0.4,64.61,0.27,48.29,0.5,34.25,-0.23,14.04
district,Sudurpaschim,Doti,Total,25 - 29 Years,11552,9,2261,2431,2748,900,2124,580,342,8,100,49,0.87,57.95,0.34,42.46,1.32,27.02,-0.98,15.44
district,Sudurpaschim,Doti,Total,30 - 34 Years,8365,10,2376,1755,1089,508,1398,559,423,7,179,61,2.14,47.54,0.78,41.62,3.69,26.4,-2.91,15.22
district,Sudurpaschim,Doti,Total,35 - 39 Years,6028,13,2004,1314,852,366,608,275,257,7,231,101,3.83,39.12,1.21,30.3,8.03,16.46,-6.82,13.84
district,Sudurpaschim,Doti,Total,40 - 44 Years,4479,13,1721,840,590,242,397,168,155,13,244,96,5.45,34.65,2.01,25.63,12.04,13.53,-10.03,12.1
district,Sudurpaschim,Doti,Total,45 - 49 Years,3310,5,1436,610,423,126,236,93,89,20,189,83,5.71,29.21,1.8,19.14,15.84,9.44,-14.04,9.7
district,Sudurpaschim,Doti,Total,50 - 54 Years,2736,6,1249,461,381,118,136,67,48,8,184,78,6.73,27.41,2.46,15.11,21.12,8.0,-18.66,7.11
district,Sudurpaschim,Doti,Total,55 - 59 Years,1668,6,779,276,244,67,77,19,15,2,130,53,7.79,25.3,4.19,11.7,23.62,6.15,-19.43,5.55
district,Sudurpaschim,Doti,Total,60 - 64 Years,1249,7,673,178,138,46,32,21,11,2,88,53,7.05,19.86,4.63,9.35,20.53,5.79,-15.9,3.56
district,Sudurpaschim,Doti,Total,65 - 69 Years,832,6,452,125,97,27,16,13,4,0,74,18,8.89,18.87,6.38,6.66,25.23,10.81,-18.85,-4.15
district,Sudurpaschim,Doti,Total,70 - 74 Years,592,0,371,78,43,17,8,2,1,1,45,26,7.6,11.99,6.05,3.91,17.5,10.0,-11.45,-6.09
district,Sudurpaschim,Doti,Total,75+ Years,442,1,269,65,20,6,9,3,1,4,47,17,10.63,8.82,9.67,4.07,18.37,6.12,-8.7,-2.05
district,Sudurpaschim,Doti,Male,Total,68386,3841,25509,15499,9607,4314,5836,1672,1128,26,511,443,0.75,32.98,0.75,18.94,1.8,14.61,-1.05,4.33
district,Sudurpaschim,Doti,Male,05 Year,2114,2078,0,0,0,0,0,0,0,0,0,36,0.0,0.0,0.0,0.0,0.1,0.0,-0.1,0.0
district,Sudurpaschim,Doti,Male,06 Year,2262,875,1368,0,0,0,0,0,0,0,3,16,0.13,0.0,0.13,0.0,0.05,0.0,0.08,0.0
district,Sudurpaschim,Doti,Male,07 Year,2231,461,1761,0,0,0,0,0,0,0,1,8,0.04,0.0,0.04,0.0,0.05,0.0,-0.01,0.0
district,Sudurpaschim,Doti,Male,08 Year,2648,241,2399,0,0,0,0,0,0,0,2,6,0.08,0.0,0.08,0.0,0.04,0.0,0.04,0.0
district,Sudurpaschim,Doti,Male,09 Year,2362,86,2262,0,0,0,0,0,0,0,0,14,0.0,0.0,0.0,0.0,0.18,0.0,-0.18,0.0
district,Sudurpaschim,Doti,Male,10 Year,2974,35,2924,0,0,0,0,0,0,0,2,13,0.07,0.0,0.07,0.0,0.03,0.0,0.04,0.0
district,Sudurpaschim,Doti,Male,11 Year,2381,20,1957,399,0,0,0,0,0,0,0,5,0.0,0.0,0.0,0.0,0.04,0.0,-0.04,0.0
district,Sudurpaschim,Doti,Male,12 Year,3298,5,1987,1302,0,0,0,0,0,0,0,4,0.0,0.0,0.0,0.0,0.07,0.0,-0.07,0.0
district,Sudurpaschim,Doti,Male,13 Year,2639,5,993,1635,0,0,0,0,0,0,1,5,0.04,0.0,0.04,0.0,0.0,0.0,0.04,0.0
district,Sudurpaschim,Doti,Male,14 Year,2842,3,567,1893,373,0,0,0,0,0,1,5,0.04,13.12,0.04,0.0,0.07,0.0,-0.03,0.0
district,Sudurpaschim,Doti,Male,15 Year,2730,6,235,1586,815,74,0,0,0,0,1,13,0.04,32.56,0.04,2.71,0.14,2.17,-0.1,0.54
district,Sudurpaschim,Doti,Male,16 - 19 Years,7606,5,541,2128,2673,1449,771,10,0,1,7,21,0.09,64.46,0.09,29.32,0.15,25.01,-0.06,4.31
district,Sudurpaschim,Doti,Male,20 - 24 Years,7296,2,704,1409,1622,1133,1948,373,69,1,20,15,0.27,70.52,0.27,48.29,0.5,34.25,-0.23,14.04
district,Sudurpaschim,Doti,Male,25 - 29 Years,5341,2,741,1068,1224,533,1149,357,229,5,18,15,0.34,65.38,0.34,42.46,1.32,27.02,-0.98,15.44
district,Sudurpaschim,Doti,Male,30 - 34 Years,4464,1,960,958,627,313,840,387,318,3,35,22,0.78,55.67,0.78,41.62,3.69,26.4,-2.91,15.22
district,Sudurpaschim,Doti,Male,35 - 39 Years,3713,2,978,925,606,286,403,216,220,4,45,28,1.21,46.62,1.21,30.3,8.03,16.46,-6.82,13.84
district,Sudurpaschim,Doti,Male,40 - 44 Years,2942,1,990,637,465,194,277,140,143,2,59,34,2.01,41.43,2.01,25.63,12.04,13.53,-10.03,12.1
district,Sudurpaschim,Doti,Male,45 - 49 Years,2388,0,982,506,360,99,204,78,76,6,43,34,1.8,34.21,1.8,19.14,15.84,9.44,-14.04,9.7
district,Sudurpaschim,Doti,Male,50 - 54 Years,2111,4,959,406,335,99,115,61,44,0,52,36,2.46,30.98,2.46,15.11,21.12,8.0,-18.66,7.11
district,Sudurpaschim,Doti,Male,55 - 59 Years,1359,2,633,244,231,55,72,17,15,0,57,33,4.19,28.7,4.19,11.7,23.62,6.15,-19.43,5.55
district,Sudurpaschim,Doti,Male,60 - 64 Years,1059,3,585,156,130,44,29,17,9,1,49,36,4.63,21.62,4.63,9.35,20.53,5.79,-15.9,3.56
district,Sudurpaschim,Doti,Male,65 - 69 Years,721,3,404,118,89,18,14,12,4,0,46,13,6.38,19.0,6.38,6.66,25.23,10.81,-18.85,-4.15
district,Sudurpaschim,Doti,Male,70 - 74 Years,512,0,332,69,41,11,7,1,1,0,31,19,6.05,11.91,6.05,3.91,17.5,10.0,-11.45,-6.09
district,Sudurpaschim,Doti,Male,75+ Years,393,1,247,60,16,6,7,3,0,3,38,12,9.67,8.14,9.67,4.07,18.37,6.12,-8.7,-2.05
district,Sudurpaschim,Doti,Female,Total,62081,3365,24348,14532,9076,3259,4639,837,335,51,1118,521,1.8,29.23,0.75,18.94,1.8,14.61,-1.05,4.33
district,Sudurpaschim,Doti,Female,05 Year,1910,1875,0,0,0,0,0,0,0,0,2,33,0.1,0.0,0.0,0.0,0.1,0.0,-0.1,0.0
district,Sudurpaschim,Doti,Female,06 Year,2156,740,1399,0,0,0,0,0,0,0,1,16,0.05,0.0,0.13,0.0,0.05,0.0,0.08,0.0
district,Sudurpaschim,Doti,Female,07 Year,2162,362,1787,0,0,0,0,0,0,0,1,12,0.05,0.0,0.04,0.0,0.05,0.0,-0.01,0.0
district,Sudurpaschim,Doti,Female,08 Year,2408,202,2192,0,0,0,0,0,0,0,1,13,0.04,0.0,0.08,0.0,0.04,0.0,0.04,0.0
district,Sudurpaschim,Doti,Female,09 Year,2268,68,2183,0,0,0,0,0,0,0,4,13,0.18,0.0,0.0,0.0,0.18,0.0,-0.18,0.0
district,Sudurpaschim,Doti,Female,10 Year,2871,28,2835,0,0,0,0,0,0,0,1,7,0.03,0.0,0.07,0.0,0.03,0.0,0.04,0.0
district,Sudurpaschim,Doti,Female,11 Year,2259,9,1853,395,0,0,0,0,0,0,1,1,0.04,0.0,0.0,0.0,0.04,0.0,-0.04,0.0
district,Sudurpaschim,Doti,Female,12 Year,3047,5,1862,1177,0,0,0,0,0,0,2,1,0.07,0.0,0.0,0.0,0.07,0.0,-0.07,0.0
district,Sudurpaschim,Doti,Female,13 Year,2641,4,1072,1560,0,0,0,0,0,0,0,5,0.0,0.0,0.04,0.0,0.0,0.0,0.04,0.0
district,Sudurpaschim,Doti,Female,14 Year,2721,2,605,1792,313,0,0,0,0,0,2,7,0.07,11.5,0.04,0.0,0.07,0.0,-0.03,0.0
district,Sudurpaschim,Doti,Female,15 Year,2862,3,338,1735,712,62,0,0,0,0,4,8,0.14,27.04,0.04,2.71,0.14,2.17,-0.1,0.54
district,Sudurpaschim,Doti,Female,16 - 19 Years,8921,7,850,2733,3066,1438,776,17,0,1,13,20,0.15,59.38,0.09,29.32,0.15,25.01,-0.06,4.31
district,Sudurpaschim,Doti,Female,20 - 24 Years,9605,3,1592,2154,2484,994,1939,309,48,2,48,32,0.5,60.11,0.27,48.29,0.5,34.25,-0.23,14.04
district,Sudurpaschim,Doti,Female,25 - 29 Years,6211,7,1520,1363,1524,367,975,223,113,3,82,34,1.32,51.55,0.34,42.46,1.32,27.02,-0.98,15.44
district,Sudurpaschim,Doti,Female,30 - 34 Years,3901,9,1416,797,462,195,558,172,105,4,144,39,3.69,38.25,0.78,41.62,3.69,26.4,-2.91,15.22
district,Sudurpaschim,Doti,Female,35 - 39 Years,2315,11,1026,389,246,80,205,59,37,3,186,73,8.03,27.08,1.21,30.3,8.03,16.46,-6.82,13.84
district,Sudurpaschim,Doti,Female,40 - 44 Years,1537,12,731,203,125,48,120,28,12,11,185,62,12.04,21.67,2.01,25.63,12.04,13.53,-10.03,12.1
district,Sudurpaschim,Doti,Female,45 - 49 Years,922,5,454,104,63,27,32,15,13,14,146,49,15.84,16.27,1.8,19.14,15.84,9.44,-14.04,9.7
district,Sudurpaschim,Doti,Female,50 - 54 Years,625,2,290,55,46,19,21,6,4,8,132,42,21.12,15.36,2.46,15.11,21.12,8.0,-18.66,7.11
district,Sudurpaschim,Doti,Female,55 - 59 Years,309,4,146,32,13,12,5,2,0,2,73,20,23.62,10.36,4.19,11.7,23.62,6.15,-19.43,5.55
district,Sudurpaschim,Doti,Female,60 - 64 Years,190,4,88,22,8,2,3,4,2,1,39,17,20.53,10.0,4.63,9.35,20.53,5.79,-15.9,3.56
district,Sudurpaschim,Doti,Female,65 - 69 Years,111,3,48,7,8,9,2,1,0,0,28,5,25.23,18.02,6.38,6.66,25.23,10.81,-18.85,-4.15
district,Sudurpaschim,Doti,Female,70 - 74 Years,80,0,39,9,2,6,1,1,0,1,14,7,17.5,12.5,6.05,3.91,17.5,10.0,-11.45,-6.09
district,Sudurpaschim,Doti,Female,75+ Years,49,0,22,5,4,0,2,0,1,1,9,5,18.37,14.29,9.67,4.07,18.37,6.12,-8.7,-2.05
district,Sudurpaschim,Achham,Total,Total,149534,8029,53850,31646,23063,8502,13035,3283,1419,103,5237,1367,3.5,32.97,2.27,19.3,4.82,15.68,-2.55,3.62
district,Sudurpaschim,Achham,Total,05 Year,4577,4489,0,0,0,0,0,0,0,0,5,83,0.11,0.0,0.04,0.0,0.18,0.0,-0.14,0.0
district,Sudurpaschim,Achham,Total,06 Year,5229,1734,3455,0,0,0,0,0,0,0,2,38,0.04,0.0,0.08,0.0,0.0,0.0,0.08,0.0
district,Sudurpaschim,Achham,Total,07 Year,5285,864,4397,0,0,0,0,0,0,0,4,20,0.08,0.0,0.0,0.0,0.15,0.0,-0.15,0.0
district,Sudurpaschim,Achham,Total,08 Year,5818,457,5335,0,0,0,0,0,0,0,4,22,0.07,0.0,0.1,0.0,0.03,0.0,0.07,0.0
district,Sudurpaschim,Achham,Total,09 Year,5523,187,5315,0,0,0,0,0,0,0,1,20,0.02,0.0,0.04,0.0,0.0,0.0,0.04,0.0
district,Sudurpaschim,Achham,Total,10 Year,6419,67,6337,0,0,0,0,0,0,0,2,13,0.03,0.0,0.06,0.0,0.0,0.0,0.06,0.0
district,Sudurpaschim,Achham,Total,11 Year,5741,22,4534,1175,0,0,0,0,0,0,1,9,0.02,0.0,0.0,0.0,0.03,0.0,-0.03,0.0
district,Sudurpaschim,Achham,Total,12 Year,7470,32,4217,3207,0,0,0,0,0,0,3,11,0.04,0.0,0.03,0.0,0.05,0.0,-0.02,0.0
district,Sudurpaschim,Achham,Total,13 Year,6457,9,2108,4334,0,0,0,0,0,0,1,5,0.02,0.0,0.0,0.0,0.03,0.0,-0.03,0.0
district,Sudurpaschim,Achham,Total,14 Year,6727,8,1309,4405,993,0,0,0,0,0,5,7,0.07,14.76,0.03,0.0,0.12,0.0,-0.09,0.0
district,Sudurpaschim,Achham,Total,15 Year,6329,13,590,3452,2037,225,0,0,0,0,3,9,0.05,35.74,0.07,3.21,0.03,3.87,0.04,-0.66
district,Sudurpaschim,Achham,Total,16 - 19 Years,19289,29,1411,4971,7192,3708,1843,42,0,2,55,36,0.29,66.28,0.2,28.87,0.35,29.09,-0.15,-0.22
district,Sudurpaschim,Achham,Total,20 - 24 Years,18413,11,1824,3199,5215,2353,4712,746,103,5,173,72,0.94,71.3,0.6,46.61,1.2,40.2,-0.6,6.41
district,Sudurpaschim,Achham,Total,25 - 29 Years,12198,13,1781,1996,3358,890,2674,794,265,10,333,84,2.73,65.43,1.18,45.01,4.24,30.96,-3.06,14.05
district,Sudurpaschim,Achham,Total,30 - 34 Years,8761,11,2063,1321,1296,468,1788,698,384,14,597,121,6.81,52.89,2.15,45.68,12.32,29.16,-10.17,16.52
district,Sudurpaschim,Achham,Total,35 - 39 Years,7070,9,1973,1131,932,289,960,485,305,16,820,150,11.6,42.02,4.32,36.14,22.5,17.91,-18.18,18.23
district,Sudurpaschim,Achham,Total,40 - 44 Years,5032,21,1626,762,654,179,462,268,171,18,722,149,14.35,34.46,5.08,28.14,29.85,10.3,-24.77,17.84
district,Sudurpaschim,Achham,Total,45 - 49 Years,3823,14,1378,536,501,131,260,118,93,10,654,128,17.11,28.85,7.8,20.57,35.8,6.06,-28.0,14.51
district,Sudurpaschim,Achham,Total,50 - 54 Years,3232,8,1280,410,371,106,203,80,55,8,597,114,18.47,25.22,9.66,17.73,39.17,4.35,-29.51,13.38
district,Sudurpaschim,Achham,Total,55 - 59 Years,2147,12,941,258,244,71,72,35,28,7,404,75,18.82,20.96,11.61,11.97,43.6,1.45,-31.99,10.52
district,Sudurpaschim,Achham,Total,60 - 64 Years,1506,8,722,177,142,39,30,9,6,5,311,57,20.65,15.01,14.41,6.62,44.55,1.6,-30.14,5.02
district,Sudurpaschim,Achham,Total,65 - 69 Years,1081,4,545,159,60,19,12,4,5,3,211,59,19.52,9.25,14.88,3.69,41.71,3.74,-26.83,-0.05
district,Sudurpaschim,Achham,Total,70 - 74 Years,750,3,366,86,38,17,9,1,2,2,172,54,22.93,8.93,19.37,4.47,37.67,1.37,-18.3,3.1
district,Sudurpaschim,Achham,Total,75+ Years,657,4,343,67,30,7,10,3,2,3,157,31,23.9,7.91,21.58,2.88,36.63,5.94,-15.05,-3.06
district,Sudurpaschim,Achham,Male,Total,77077,4145,27538,16396,11819,4446,7118,2171,1142,31,1747,524,2.27,34.64,2.27,19.3,4.82,15.68,-2.55,3.62
district,Sudurpaschim,Achham,Male,05 Year,2355,2318,0,0,0,0,0,0,0,0,1,36,0.04,0.0,0.04,0.0,0.18,0.0,-0.14,0.0
district,Sudurpaschim,Achham,Male,06 Year,2666,916,1730,0,0,0,0,0,0,0,2,18,0.08,0.0,0.08,0.0,0.0,0.0,0.08,0.0
district,Sudurpaschim,Achham,Male,07 Year,2662,450,2207,0,0,0,0,0,0,0,0,5,0.0,0.0,0.0,0.0,0.15,0.0,-0.15,0.0
district,Sudurpaschim,Achham,Male,08 Year,2934,232,2689,0,0,0,0,0,0,0,3,10,0.1,0.0,0.1,0.0,0.03,0.0,0.07,0.0
district,Sudurpaschim,Achham,Male,09 Year,2748,102,2632,0,0,0,0,0,0,0,1,13,0.04,0.0,0.04,0.0,0.0,0.0,0.04,0.0
district,Sudurpaschim,Achham,Male,10 Year,3187,32,3146,0,0,0,0,0,0,0,2,7,0.06,0.0,0.06,0.0,0.0,0.0,0.06,0.0
district,Sudurpaschim,Achham,Male,11 Year,2818,12,2220,584,0,0,0,0,0,0,0,2,0.0,0.0,0.0,0.0,0.03,0.0,-0.03,0.0
district,Sudurpaschim,Achham,Male,12 Year,3817,14,2147,1650,0,0,0,0,0,0,1,5,0.03,0.0,0.03,0.0,0.05,0.0,-0.02,0.0
district,Sudurpaschim,Achham,Male,13 Year,3089,2,991,2094,0,0,0,0,0,0,0,2,0.0,0.0,0.0,0.0,0.03,0.0,-0.03,0.0
district,Sudurpaschim,Achham,Male,14 Year,3319,3,611,2209,493,0,0,0,0,0,1,2,0.03,14.85,0.03,0.0,0.12,0.0,-0.09,0.0
district,Sudurpaschim,Achham,Male,15 Year,3025,5,251,1678,989,97,0,0,0,0,2,3,0.07,35.9,0.07,3.21,0.03,3.87,0.04,-0.66
district,Sudurpaschim,Achham,Male,16 - 19 Years,8575,14,590,2205,3255,1639,819,18,0,2,17,16,0.2,66.83,0.2,28.87,0.35,29.09,-0.15,-0.22
district,Sudurpaschim,Achham,Male,20 - 24 Years,7999,5,696,1328,2165,1161,2147,366,54,1,48,28,0.6,73.67,0.6,46.61,1.2,40.2,-0.6,6.41
district,Sudurpaschim,Achham,Male,25 - 29 Years,6023,6,644,942,1630,518,1504,498,191,1,71,18,1.18,72.07,1.18,45.01,4.24,30.96,-3.06,14.05
district,Sudurpaschim,Achham,Male,30 - 34 Years,4742,4,838,791,810,306,1107,463,290,3,102,28,2.15,62.76,2.15,45.68,12.32,29.16,-10.17,16.52
district,Sudurpaschim,Achham,Male,35 - 39 Years,4239,5,954,815,711,221,672,372,267,3,183,36,4.32,52.91,4.32,36.14,22.5,17.91,-18.18,18.23
district,Sudurpaschim,Achham,Male,40 - 44 Years,3149,4,929,591,526,146,356,226,158,4,160,49,5.08,44.84,5.08,28.14,29.85,10.3,-24.77,17.84
district,Sudurpaschim,Achham,Male,45 - 49 Years,2552,4,888,455,438,115,216,105,89,2,199,41,7.8,37.74,7.8,20.57,35.8,6.06,-28.0,14.51
district,Sudurpaschim,Achham,Male,50 - 54 Years,2267,1,912,361,330,96,181,72,53,3,219,39,9.66,32.29,9.66,17.73,39.17,4.35,-29.51,13.38
district,Sudurpaschim,Achham,Male,55 - 59 Years,1663,4,763,236,223,70,67,34,28,3,193,42,11.61,25.38,11.61,11.97,43.6,1.45,-31.99,10.52
district,Sudurpaschim,Achham,Male,60 - 64 Years,1194,5,606,163,137,37,28,9,5,4,172,28,14.41,18.09,14.41,6.62,44.55,1.6,-30.14,5.02
district,Sudurpaschim,Achham,Male,65 - 69 Years,894,2,480,150,55,16,8,4,5,1,133,40,14.88,9.84,14.88,3.69,41.71,3.74,-26.83,-0.05
district,Sudurpaschim,Achham,Male,70 - 74 Years,604,2,309,81,32,17,8,1,1,2,117,34,19.37,9.77,19.37,4.47,37.67,1.37,-18.3,3.1
district,Sudurpaschim,Achham,Male,75+ Years,556,3,305,63,25,7,5,3,1,2,120,22,21.58,7.37,21.58,2.88,36.63,5.94,-15.05,-3.06
district,Sudurpaschim,Achham,Female,Total,72457,3884,26312,15250,11244,4056,5917,1112,277,72,3490,843,4.82,31.2,2.27,19.3,4.82,15.68,-2.55,3.62
district,Sudurpaschim,Achham,Female,05 Year,2222,2171,0,0,0,0,0,0,0,0,4,47,0.18,0.0,0.04,0.0,0.18,0.0,-0.14,0.0
district,Sudurpaschim,Achham,Female,06 Year,2563,818,1725,0,0,0,0,0,0,0,0,20,0.0,0.0,0.08,0.0,0.0,0.0,0.08,0.0
district,Sudurpaschim,Achham,Female,07 Year,2623,414,2190,0,0,0,0,0,0,0,4,15,0.15,0.0,0.0,0.0,0.15,0.0,-0.15,0.0
district,Sudurpaschim,Achham,Female,08 Year,2884,225,2646,0,0,0,0,0,0,0,1,12,0.03,0.0,0.1,0.0,0.03,0.0,0.07,0.0
district,Sudurpaschim,Achham,Female,09 Year,2775,85,2683,0,0,0,0,0,0,0,0,7,0.0,0.0,0.04,0.0,0.0,0.0,0.04,0.0
district,Sudurpaschim,Achham,Female,10 Year,3232,35,3191,0,0,0,0,0,0,0,0,6,0.0,0.0,0.06,0.0,0.0,0.0,0.06,0.0
district,Sudurpaschim,Achham,Female,11 Year,2923,10,2314,591,0,0,0,0,0,0,1,7,0.03,0.0,0.0,0.0,0.03,0.0,-0.03,0.0
district,Sudurpaschim,Achham,Female,12 Year,3653,18,2070,1557,0,0,0,0,0,0,2,6,0.05,0.0,0.03,0.0,0.05,0.0,-0.02,0.0
district,Sudurpaschim,Achham,Female,13 Year,3368,7,1117,2240,0,0,0,0,0,0,1,3,0.03,0.0,0.0,0.0,0.03,0.0,-0.03,0.0
district,Sudurpaschim,Achham,Female,14 Year,3408,5,698,2196,500,0,0,0,0,0,4,5,0.12,14.67,0.03,0.0,0.12,0.0,-0.09,0.0
district,Sudurpaschim,Achham,Female,15 Year,3304,8,339,1774,1048,128,0,0,0,0,1,6,0.03,35.59,0.07,3.21,0.03,3.87,0.04,-0.66
district,Sudurpaschim,Achham,Female,16 - 19 Years,10714,15,821,2766,3937,2069,1024,24,0,0,38,20,0.35,65.84,0.2,28.87,0.35,29.09,-0.15,-0.22
district,Sudurpaschim,Achham,Female,20 - 24 Years,10414,6,1128,1871,3050,1192,2565,380,49,4,125,44,1.2,69.48,0.6,46.61,1.2,40.2,-0.6,6.41
district,Sudurpaschim,Achham,Female,25 - 29 Years,6175,7,1137,1054,1728,372,1170,296,74,9,262,66,4.24,58.95,1.18,45.01,4.24,30.96,-3.06,14.05
district,Sudurpaschim,Achham,Female,30 - 34 Years,4019,7,1225,530,486,162,681,235,94,11,495,93,12.32,41.25,2.15,45.68,12.32,29.16,-10.17,16.52
district,Sudurpaschim,Achham,Female,35 - 39 Years,2831,4,1019,316,221,68,288,113,38,13,637,114,22.5,25.72,4.32,36.14,22.5,17.91,-18.18,18.23
district,Sudurpaschim,Achham,Female,40 - 44 Years,1883,17,697,171,128,33,106,42,13,14,562,100,29.85,17.1,5.08,28.14,29.85,10.3,-24.77,17.84
district,Sudurpaschim,Achham,Female,45 - 49 Years,1271,10,490,81,63,16,44,13,4,8,455,87,35.8,11.01,7.8,20.57,35.8,6.06,-28.0,14.51
district,Sudurpaschim,Achham,Female,50 - 54 Years,965,7,368,49,41,10,22,8,2,5,378,75,39.17,8.6,9.66,17.73,39.17,4.35,-29.51,13.38
district,Sudurpaschim,Achham,Female,55 - 59 Years,484,8,178,22,21,1,5,1,0,4,211,33,43.6,5.79,11.61,11.97,43.6,1.45,-31.99,10.52
district,Sudurpaschim,Achham,Female,60 - 64 Years,312,3,116,14,5,2,2,0,1,1,139,29,44.55,3.21,14.41,6.62,44.55,1.6,-30.14,5.02
district,Sudurpaschim,Achham,Female,65 - 69 Years,187,2,65,9,5,3,4,0,0,2,78,19,41.71,6.42,14.88,3.69,41.71,3.74,-26.83,-0.05
district,Sudurpaschim,Achham,Female,70 - 74 Years,146,1,57,5,6,0,1,0,1,0,55,20,37.67,5.48,19.37,4.47,37.67,1.37,-18.3,3.1
district,Sudurpaschim,Achham,Female,75+ Years,101,1,38,4,5,0,5,0,1,1,37,9,36.63,10.89,21.58,2.88,36.63,5.94,-15.05,-3.06
district,Sudurpaschim,Kailali,Total,Total,652601,31434,179643,135411,114584,46816,76359,27106,12684,712,21363,6489,3.27,42.53,1.86,24.89,4.8,25.06,-2.94,-0.17
district,Sudurpaschim,Kailali,Total,05 Year,14436,14148,0,0,0,0,0,0,0,0,12,276,0.08,0.0,0.05,0.0,0.12,0.0,-0.07,0.0
district,Sudurpaschim,Kailali,Total,06 Year,15507,8553,6833,0,0,0,0,0,0,0,5,116,0.03,0.0,0.02,0.0,0.04,0.0,-0.02,0.0
district,Sudurpaschim,Kailali,Total,07 Year,15830,4662,11082,0,0,0,0,0,0,0,11,75,0.07,0.0,0.06,0.0,0.08,0.0,-0.02,0.0
district,Sudurpaschim,Kailali,Total,08 Year,17478,2019,15355,0,0,0,0,0,0,0,3,101,0.02,0.0,0.03,0.0,0.0,0.0,0.03,0.0
district,Sudurpaschim,Kailali,Total,09 Year,16201,724,15364,0,0,0,0,0,0,0,4,109,0.02,0.0,0.02,0.0,0.03,0.0,-0.01,0.0
district,Sudurpaschim,Kailali,Total,10 Year,19023,270,18676,0,0,0,0,0,0,1,8,68,0.04,0.0,0.04,0.0,0.04,0.0,0.0,0.0
district,Sudurpaschim,Kailali,Total,11 Year,16263,87,13035,3101,0,0,0,0,0,0,5,35,0.03,0.0,0.04,0.0,0.03,0.0,0.01,0.0
district,Sudurpaschim,Kailali,Total,12 Year,20826,70,11203,9498,0,0,0,0,0,0,6,49,0.03,0.0,0.03,0.0,0.03,0.0,0.0,0.0
district,Sudurpaschim,Kailali,Total,13 Year,19598,37,5749,13753,0,0,0,0,0,3,11,45,0.06,0.0,0.06,0.0,0.05,0.0,0.01,0.0
district,Sudurpaschim,Kailali,Total,14 Year,20640,23,2789,14388,3387,0,0,0,0,1,9,43,0.04,16.41,0.05,0.0,0.04,0.0,0.01,0.0
district,Sudurpaschim,Kailali,Total,15 Year,20742,37,1311,10965,7300,1022,0,0,0,0,15,92,0.07,40.12,0.06,4.63,0.09,5.21,-0.03,-0.58
district,Sudurpaschim,Kailali,Total,16 - 19 Years,75653,83,3887,15919,25313,17853,11706,625,0,16,77,174,0.1,73.36,0.1,37.22,0.1,42.37,0.0,-5.15
district,Sudurpaschim,Kailali,Total,20 - 24 Years,90821,83,6362,14983,23050,10834,25916,7751,1227,41,338,236,0.37,75.73,0.3,50.15,0.43,50.51,-0.13,-0.36
district,Sudurpaschim,Kailali,Total,25 - 29 Years,77063,87,10023,13849,19803,6380,15645,6804,3201,40,862,369,1.12,67.26,0.57,43.51,1.58,39.93,-1.01,3.58
district,Sudurpaschim,Kailali,Total,30 - 34 Years,61116,90,12186,12116,11223,3847,10691,5199,3223,82,1932,527,3.16,55.93,0.94,41.45,5.26,33.89,-4.32,7.56
district,Sudurpaschim,Kailali,Total,35 - 39 Years,48268,84,11980,10346,8473,2454,5311,2936,2209,108,3555,812,7.37,44.3,2.41,31.4,13.21,21.25,-10.8,10.15
district,Sudurpaschim,Kailali,Total,40 - 44 Years,33060,107,9099,6098,5603,1600,2898,1598,1314,113,3856,774,11.66,39.36,4.45,27.25,22.48,15.16,-18.03,12.09
district,Sudurpaschim,Kailali,Total,45 - 49 Years,21656,71,6753,3596,3472,860,1608,816,615,66,3139,660,14.49,34.04,6.56,21.79,28.28,11.42,-21.72,10.37
district,Sudurpaschim,Kailali,Total,50 - 54 Years,18191,67,5996,2817,2799,786,1138,635,470,89,2799,595,15.39,32.04,7.22,20.3,32.82,8.86,-25.6,11.44
district,Sudurpaschim,Kailali,Total,55 - 59 Years,11045,34,3937,1592,1793,445,601,295,180,56,1682,430,15.23,30.0,8.22,16.52,33.52,6.6,-25.3,9.92
district,Sudurpaschim,Kailali,Total,60 - 64 Years,7423,37,2834,968,1124,325,390,200,112,27,1125,281,15.16,28.98,8.51,16.33,35.45,6.23,-26.94,10.1
district,Sudurpaschim,Kailali,Total,65 - 69 Years,5414,22,2316,687,627,228,232,118,69,25,848,242,15.66,23.53,10.59,13.75,34.74,5.19,-24.15,8.56
district,Sudurpaschim,Kailali,Total,70 - 74 Years,3552,21,1609,428,380,118,130,70,38,21,561,176,15.79,20.72,11.53,11.15,35.61,4.77,-24.08,6.38
district,Sudurpaschim,Kailali,Total,75+ Years,2795,18,1264,307,237,64,93,59,26,23,500,204,17.89,17.14,15.84,9.42,29.21,4.44,-13.37,4.98
district,Sudurpaschim,Kailali,Male,Total,338542,17048,97537,71793,58754,24162,37843,14348,7913,246,6288,2610,1.86,42.25,1.86,24.89,4.8,25.06,-2.94,-0.17
district,Sudurpaschim,Kailali,Male,05 Year,7585,7447,0,0,0,0,0,0,0,0,4,134,0.05,0.0,0.05,0.0,0.12,0.0,-0.07,0.0
district,Sudurpaschim,Kailali,Male,06 Year,8191,4782,3339,0,0,0,0,0,0,0,2,68,0.02,0.0,0.02,0.0,0.04,0.0,-0.02,0.0
district,Sudurpaschim,Kailali,Male,07 Year,8374,2638,5688,0,0,0,0,0,0,0,5,43,0.06,0.0,0.06,0.0,0.08,0.0,-0.02,0.0
district,Sudurpaschim,Kailali,Male,08 Year,9346,1178,8113,0,0,0,0,0,0,0,3,52,0.03,0.0,0.03,0.0,0.0,0.0,0.03,0.0
district,Sudurpaschim,Kailali,Male,09 Year,8560,400,8099,0,0,0,0,0,0,0,2,59,0.02,0.0,0.02,0.0,0.03,0.0,-0.01,0.0
district,Sudurpaschim,Kailali,Male,10 Year,9950,152,9756,0,0,0,0,0,0,1,4,37,0.04,0.0,0.04,0.0,0.04,0.0,0.0,0.0
district,Sudurpaschim,Kailali,Male,11 Year,8546,48,6979,1499,0,0,0,0,0,0,3,17,0.04,0.0,0.04,0.0,0.03,0.0,0.01,0.0
district,Sudurpaschim,Kailali,Male,12 Year,10765,44,6060,4634,0,0,0,0,0,0,3,24,0.03,0.0,0.03,0.0,0.03,0.0,0.0,0.0
district,Sudurpaschim,Kailali,Male,13 Year,9866,24,3092,6718,0,0,0,0,0,2,6,24,0.06,0.0,0.06,0.0,0.05,0.0,0.01,0.0
district,Sudurpaschim,Kailali,Male,14 Year,10434,11,1569,7299,1524,0,0,0,0,1,5,25,0.05,14.61,0.05,0.0,0.04,0.0,0.01,0.0
district,Sudurpaschim,Kailali,Male,15 Year,10271,16,756,5640,3331,476,0,0,0,0,6,46,0.06,37.07,0.06,4.63,0.09,5.21,-0.03,-0.58
district,Sudurpaschim,Kailali,Male,16 - 19 Years,36319,39,2093,8345,12191,8060,5209,250,0,5,37,90,0.1,70.79,0.1,37.22,0.1,42.37,0.0,-5.15
district,Sudurpaschim,Kailali,Male,20 - 24 Years,40185,34,2889,7204,9676,5151,11174,3283,544,20,122,88,0.3,74.23,0.3,50.15,0.43,50.51,-0.13,-0.36
district,Sudurpaschim,Kailali,Male,25 - 29 Years,35197,22,4381,6415,8719,3267,7305,3131,1610,20,199,128,0.57,68.28,0.57,43.51,1.58,39.93,-1.01,3.58
district,Sudurpaschim,Kailali,Male,30 - 34 Years,29709,26,5218,5982,5718,2159,5492,2823,1841,19,280,151,0.94,60.7,0.94,41.45,5.26,33.89,-4.32,7.56
district,Sudurpaschim,Kailali,Male,35 - 39 Years,26133,32,5935,5901,5193,1592,3267,1819,1529,22,631,212,2.41,51.28,2.41,31.4,13.21,21.25,-10.8,10.15
district,Sudurpaschim,Kailali,Male,40 - 44 Years,19832,33,5217,4095,3930,1153,2036,1152,1063,37,882,234,4.45,47.07,4.45,27.25,22.48,15.16,-18.03,12.09
district,Sudurpaschim,Kailali,Male,45 - 49 Years,13747,32,4387,2586,2592,643,1196,641,516,16,902,236,6.56,40.65,6.56,21.79,28.28,11.42,-21.72,10.37
district,Sudurpaschim,Kailali,Male,50 - 54 Years,12389,25,4255,2200,2237,614,919,566,416,28,895,234,7.22,38.36,7.22,20.3,32.82,8.86,-25.6,11.44
district,Sudurpaschim,Kailali,Male,55 - 59 Years,7984,15,2985,1277,1534,392,495,267,165,15,656,183,8.22,35.73,8.22,16.52,33.52,6.6,-25.3,9.92
district,Sudurpaschim,Kailali,Male,60 - 64 Years,5592,17,2265,766,996,282,342,184,105,11,476,148,8.51,34.14,8.51,16.33,35.45,6.23,-26.94,10.1
district,Sudurpaschim,Kailali,Male,65 - 69 Years,4277,11,1940,589,551,209,201,114,64,16,453,129,10.59,26.63,10.59,13.75,34.74,5.19,-24.15,8.56
district,Sudurpaschim,Kailali,Male,70 - 74 Years,2923,9,1412,378,342,105,122,64,35,13,337,106,11.53,22.85,11.53,11.15,35.61,4.77,-24.08,6.38
district,Sudurpaschim,Kailali,Male,75+ Years,2367,13,1109,265,220,59,85,54,25,20,375,142,15.84,18.72,15.84,9.42,29.21,4.44,-13.37,4.98
district,Sudurpaschim,Kailali,Female,Total,314059,14386,82106,63618,55830,22654,38516,12758,4771,466,15075,3879,4.8,42.84,1.86,24.89,4.8,25.06,-2.94,-0.17
district,Sudurpaschim,Kailali,Female,05 Year,6851,6701,0,0,0,0,0,0,0,0,8,142,0.12,0.0,0.05,0.0,0.12,0.0,-0.07,0.0
district,Sudurpaschim,Kailali,Female,06 Year,7316,3771,3494,0,0,0,0,0,0,0,3,48,0.04,0.0,0.02,0.0,0.04,0.0,-0.02,0.0
district,Sudurpaschim,Kailali,Female,07 Year,7456,2024,5394,0,0,0,0,0,0,0,6,32,0.08,0.0,0.06,0.0,0.08,0.0,-0.02,0.0
district,Sudurpaschim,Kailali,Female,08 Year,8132,841,7242,0,0,0,0,0,0,0,0,49,0.0,0.0,0.03,0.0,0.0,0.0,0.03,0.0
district,Sudurpaschim,Kailali,Female,09 Year,7641,324,7265,0,0,0,0,0,0,0,2,50,0.03,0.0,0.02,0.0,0.03,0.0,-0.01,0.0
district,Sudurpaschim,Kailali,Female,10 Year,9073,118,8920,0,0,0,0,0,0,0,4,31,0.04,0.0,0.04,0.0,0.04,0.0,0.0,0.0
district,Sudurpaschim,Kailali,Female,11 Year,7717,39,6056,1602,0,0,0,0,0,0,2,18,0.03,0.0,0.04,0.0,0.03,0.0,0.01,0.0
district,Sudurpaschim,Kailali,Female,12 Year,10061,26,5143,4864,0,0,0,0,0,0,3,25,0.03,0.0,0.03,0.0,0.03,0.0,0.0,0.0
district,Sudurpaschim,Kailali,Female,13 Year,9732,13,2657,7035,0,0,0,0,0,1,5,21,0.05,0.0,0.06,0.0,0.05,0.0,0.01,0.0
district,Sudurpaschim,Kailali,Female,14 Year,10206,12,1220,7089,1863,0,0,0,0,0,4,18,0.04,18.25,0.05,0.0,0.04,0.0,0.01,0.0
district,Sudurpaschim,Kailali,Female,15 Year,10471,21,555,5325,3969,546,0,0,0,0,9,46,0.09,43.12,0.06,4.63,0.09,5.21,-0.03,-0.58
district,Sudurpaschim,Kailali,Female,16 - 19 Years,39334,44,1794,7574,13122,9793,6497,375,0,11,40,84,0.1,75.73,0.1,37.22,0.1,42.37,0.0,-5.15
district,Sudurpaschim,Kailali,Female,20 - 24 Years,50636,49,3473,7779,13374,5683,14742,4468,683,21,216,148,0.43,76.92,0.3,50.15,0.43,50.51,-0.13,-0.36
district,Sudurpaschim,Kailali,Female,25 - 29 Years,41866,65,5642,7434,11084,3113,8340,3673,1591,20,663,241,1.58,66.4,0.57,43.51,1.58,39.93,-1.01,3.58
district,Sudurpaschim,Kailali,Female,30 - 34 Years,31407,64,6968,6134,5505,1688,5199,2376,1382,63,1652,376,5.26,51.42,0.94,41.45,5.26,33.89,-4.32,7.56
district,Sudurpaschim,Kailali,Female,35 - 39 Years,22135,52,6045,4445,3280,862,2044,1117,680,86,2924,600,13.21,36.07,2.41,31.4,13.21,21.25,-10.8,10.15
district,Sudurpaschim,Kailali,Female,40 - 44 Years,13228,74,3882,2003,1673,447,862,446,251,76,2974,540,22.48,27.81,4.45,27.25,22.48,15.16,-18.03,12.09
district,Sudurpaschim,Kailali,Female,45 - 49 Years,7909,39,2366,1010,880,217,412,175,99,50,2237,424,28.28,22.54,6.56,21.79,28.28,11.42,-21.72,10.37
district,Sudurpaschim,Kailali,Female,50 - 54 Years,5802,42,1741,617,562,172,219,69,54,61,1904,361,32.82,18.55,7.22,20.3,32.82,8.86,-25.6,11.44
district,Sudurpaschim,Kailali,Female,55 - 59 Years,3061,19,952,315,259,53,106,28,15,41,1026,247,33.52,15.06,8.22,16.52,33.52,6.6,-25.3,9.92
district,Sudurpaschim,Kailali,Female,60 - 64 Years,1831,20,569,202,128,43,48,16,7,16,649,133,35.45,13.22,8.51,16.33,35.45,6.23,-26.94,10.1
district,Sudurpaschim,Kailali,Female,65 - 69 Years,1137,11,376,98,76,19,31,4,5,9,395,113,34.74,11.87,10.59,13.75,34.74,5.19,-24.15,8.56
district,Sudurpaschim,Kailali,Female,70 - 74 Years,629,12,197,50,38,13,8,6,3,8,224,70,35.61,10.81,11.53,11.15,35.61,4.77,-24.08,6.38
district,Sudurpaschim,Kailali,Female,75+ Years,428,5,155,42,17,5,8,5,1,3,125,62,29.21,8.41,15.84,9.42,29.21,4.44,-13.37,4.98
district,Sudurpaschim,Kanchanpur,Total,Total,379836,17520,105696,82310,62975,31921,45303,12798,7246,391,10289,3387,2.71,42.19,1.41,25.18,4.05,26.05,-2.64,-0.87
district,Sudurpaschim,Kanchanpur,Total,05 Year,8289,8173,0,0,0,0,0,0,0,0,6,110,0.07,0.0,0.09,0.0,0.05,0.0,0.04,0.0
district,Sudurpaschim,Kanchanpur,Total,06 Year,8692,4905,3721,0,0,0,0,0,0,0,8,58,0.09,0.0,0.04,0.0,0.15,0.0,-0.11,0.0
district,Sudurpaschim,Kanchanpur,Total,07 Year,8912,2550,6319,0,0,0,0,0,0,1,3,39,0.03,0.0,0.02,0.0,0.05,0.0,-0.03,0.0
district,Sudurpaschim,Kanchanpur,Total,08 Year,9892,1019,8825,0,0,0,0,0,0,0,5,43,0.05,0.0,0.06,0.0,0.04,0.0,0.02,0.0
district,Sudurpaschim,Kanchanpur,Total,09 Year,9086,263,8780,0,0,0,0,0,0,0,4,39,0.04,0.0,0.04,0.0,0.05,0.0,-0.01,0.0
district,Sudurpaschim,Kanchanpur,Total,10 Year,11093,141,10908,0,0,0,0,0,0,1,4,39,0.04,0.0,0.07,0.0,0.0,0.0,0.07,0.0
district,Sudurpaschim,Kanchanpur,Total,11 Year,9368,27,7437,1876,0,0,0,0,0,0,2,26,0.02,0.0,0.04,0.0,0.0,0.0,0.04,0.0
district,Sudurpaschim,Kanchanpur,Total,12 Year,11849,24,6290,5509,0,0,0,0,0,0,1,25,0.01,0.0,0.0,0.0,0.02,0.0,-0.02,0.0
district,Sudurpaschim,Kanchanpur,Total,13 Year,11145,21,2816,8282,0,0,0,0,0,0,2,24,0.02,0.0,0.02,0.0,0.02,0.0,0.0,0.0
district,Sudurpaschim,Kanchanpur,Total,14 Year,12012,9,1417,8620,1938,0,0,0,0,0,4,24,0.03,16.13,0.03,0.0,0.03,0.0,0.0,0.0
district,Sudurpaschim,Kanchanpur,Total,15 Year,11948,13,564,6343,4162,815,0,0,0,1,3,47,0.03,41.66,0.0,6.26,0.05,7.37,-0.05,-1.11
district,Sudurpaschim,Kanchanpur,Total,16 - 19 Years,43644,47,1822,8286,14045,12369,6695,232,0,5,27,116,0.06,76.39,0.09,41.76,0.04,46.45,0.05,-4.69
district,Sudurpaschim,Kanchanpur,Total,20 - 24 Years,50510,26,3440,7592,12314,6900,16110,3195,621,15,128,169,0.25,77.49,0.16,53.4,0.32,52.91,-0.16,0.49
district,Sudurpaschim,Kanchanpur,Total,25 - 29 Years,41898,53,5592,7737,9942,3775,8996,3380,1768,21,411,223,0.98,66.5,0.43,44.8,1.37,41.32,-0.94,3.48
district,Sudurpaschim,Kanchanpur,Total,30 - 34 Years,33429,33,6799,7828,5345,2446,5802,2395,1646,33,837,265,2.5,52.75,0.75,40.45,3.92,33.77,-3.17,6.68
district,Sudurpaschim,Kanchanpur,Total,35 - 39 Years,27911,36,6968,6969,4699,1845,2927,1336,1218,58,1473,382,5.28,43.08,1.55,32.01,8.9,20.64,-7.35,11.37
district,Sudurpaschim,Kanchanpur,Total,40 - 44 Years,20949,44,5999,4474,3532,1314,1904,770,788,75,1656,393,7.9,39.66,2.15,27.86,15.37,16.24,-13.22,11.62
district,Sudurpaschim,Kanchanpur,Total,45 - 49 Years,14441,39,4510,2880,2309,786,1171,552,468,47,1354,325,9.38,36.6,3.15,26.19,19.4,11.63,-16.25,14.56
district,Sudurpaschim,Kanchanpur,Total,50 - 54 Years,12433,34,4349,2332,1821,628,768,398,331,51,1425,296,11.46,31.74,3.99,21.99,26.99,6.91,-23.0,15.08
district,Sudurpaschim,Kanchanpur,Total,55 - 59 Years,7848,18,2899,1406,1195,407,357,197,156,32,955,226,12.17,29.46,5.51,17.53,30.2,5.29,-24.69,12.24
district,Sudurpaschim,Kanchanpur,Total,60 - 64 Years,5737,16,2320,877,770,284,281,151,117,21,729,171,12.71,27.94,6.81,17.47,32.5,4.63,-25.69,12.84
district,Sudurpaschim,Kanchanpur,Total,65 - 69 Years,3844,11,1679,602,434,188,133,98,63,12,505,119,13.14,23.83,8.32,14.91,32.09,3.21,-23.77,11.7
district,Sudurpaschim,Kanchanpur,Total,70 - 74 Years,2682,9,1211,391,280,94,90,63,51,8,366,119,13.65,21.55,10.0,12.66,30.79,3.82,-20.79,8.84
district,Sudurpaschim,Kanchanpur,Total,75+ Years,2224,9,1031,306,189,70,69,31,19,10,381,109,17.13,17.0,14.68,8.79,33.45,6.55,-18.77,2.24
district,Sudurpaschim,Kanchanpur,Male,Total,193202,9717,56328,42997,31300,16007,21493,6638,4510,118,2722,1372,1.41,41.38,1.41,25.18,4.05,26.05,-2.64,-0.87
district,Sudurpaschim,Kanchanpur,Male,05 Year,4527,4462,0,0,0,0,0,0,0,0,4,61,0.09,0.0,0.09,0.0,0.05,0.0,0.04,0.0
district,Sudurpaschim,Kanchanpur,Male,06 Year,4697,2770,1892,0,0,0,0,0,0,0,2,33,0.04,0.0,0.04,0.0,0.15,0.0,-0.11,0.0
district,Sudurpaschim,Kanchanpur,Male,07 Year,4748,1447,3272,0,0,0,0,0,0,1,1,27,0.02,0.0,0.02,0.0,0.05,0.0,-0.03,0.0
district,Sudurpaschim,Kanchanpur,Male,08 Year,5360,620,4719,0,0,0,0,0,0,0,3,18,0.06,0.0,0.06,0.0,0.04,0.0,0.02,0.0
district,Sudurpaschim,Kanchanpur,Male,09 Year,4799,154,4621,0,0,0,0,0,0,0,2,22,0.04,0.0,0.04,0.0,0.05,0.0,-0.01,0.0
district,Sudurpaschim,Kanchanpur,Male,10 Year,5896,79,5793,0,0,0,0,0,0,0,4,20,0.07,0.0,0.07,0.0,0.0,0.0,0.07,0.0
district,Sudurpaschim,Kanchanpur,Male,11 Year,4961,14,4044,888,0,0,0,0,0,0,2,13,0.04,0.0,0.04,0.0,0.0,0.0,0.04,0.0
district,Sudurpaschim,Kanchanpur,Male,12 Year,6213,9,3511,2679,0,0,0,0,0,0,0,14,0.0,0.0,0.0,0.0,0.02,0.0,-0.02,0.0
district,Sudurpaschim,Kanchanpur,Male,13 Year,5660,10,1519,4117,0,0,0,0,0,0,1,13,0.02,0.0,0.02,0.0,0.02,0.0,0.0,0.0
district,Sudurpaschim,Kanchanpur,Male,14 Year,6007,7,802,4340,842,0,0,0,0,0,2,14,0.03,14.02,0.03,0.0,0.03,0.0,0.0,0.0
district,Sudurpaschim,Kanchanpur,Male,15 Year,5954,9,339,3340,1874,373,0,0,0,1,0,18,0.0,37.74,0.0,6.26,0.05,7.37,-0.05,-1.11
district,Sudurpaschim,Kanchanpur,Male,16 - 19 Years,20858,16,979,4338,6746,5626,2996,89,0,2,18,48,0.09,74.11,0.09,41.76,0.04,46.45,0.05,-4.69
district,Sudurpaschim,Kanchanpur,Male,20 - 24 Years,20831,9,1531,3345,4721,3034,6521,1310,259,7,34,60,0.16,76.06,0.16,53.4,0.32,52.91,-0.16,0.49
district,Sudurpaschim,Kanchanpur,Male,25 - 29 Years,17441,19,2202,3326,3926,1739,3838,1452,784,4,75,76,0.43,67.31,0.43,44.8,1.37,41.32,-0.94,3.48
district,Sudurpaschim,Kanchanpur,Male,30 - 34 Years,14982,9,2685,3587,2455,1199,2773,1164,924,9,113,64,0.75,56.83,0.75,40.45,3.92,33.77,-3.17,6.68
district,Sudurpaschim,Kanchanpur,Male,35 - 39 Years,13772,8,2949,3571,2490,1098,1690,780,840,10,214,122,1.55,50.09,1.55,32.01,8.9,20.64,-7.35,11.37
district,Sudurpaschim,Kanchanpur,Male,40 - 44 Years,11829,16,2971,2763,2403,871,1256,547,621,16,254,111,2.15,48.17,2.15,27.86,15.37,16.24,-13.22,11.62
district,Sudurpaschim,Kanchanpur,Male,45 - 49 Years,8911,10,2475,1941,1753,586,909,438,401,12,281,105,3.15,45.86,3.15,26.19,19.4,11.63,-16.25,14.56
district,Sudurpaschim,Kanchanpur,Male,50 - 54 Years,8394,12,2810,1763,1494,516,673,356,301,15,335,119,3.99,39.79,3.99,21.99,26.99,6.91,-23.0,15.08
district,Sudurpaschim,Kanchanpur,Male,55 - 59 Years,5732,6,2116,1129,1054,367,311,180,147,15,316,91,5.51,35.92,5.51,17.53,30.2,5.29,-24.69,12.24
district,Sudurpaschim,Kanchanpur,Male,60 - 64 Years,4420,10,1801,724,713,262,257,143,110,5,301,94,6.81,33.6,6.81,17.47,32.5,4.63,-25.69,12.84
district,Sudurpaschim,Kanchanpur,Male,65 - 69 Years,3065,8,1355,516,395,179,127,91,60,7,255,72,8.32,27.8,8.32,14.91,32.09,3.21,-23.77,11.7
district,Sudurpaschim,Kanchanpur,Male,70 - 74 Years,2211,6,1022,348,255,90,85,59,46,6,221,73,10.0,24.2,10.0,12.66,30.79,3.82,-20.79,8.84
district,Sudurpaschim,Kanchanpur,Male,75+ Years,1934,7,920,282,179,67,57,29,17,8,284,84,14.68,18.05,14.68,8.79,33.45,6.55,-18.77,2.24
district,Sudurpaschim,Kanchanpur,Female,Total,186634,7803,49368,39313,31675,15914,23810,6160,2736,273,7567,2015,4.05,43.02,1.41,25.18,4.05,26.05,-2.64,-0.87
district,Sudurpaschim,Kanchanpur,Female,05 Year,3762,3711,0,0,0,0,0,0,0,0,2,49,0.05,0.0,0.09,0.0,0.05,0.0,0.04,0.0
district,Sudurpaschim,Kanchanpur,Female,06 Year,3995,2135,1829,0,0,0,0,0,0,0,6,25,0.15,0.0,0.04,0.0,0.15,0.0,-0.11,0.0
district,Sudurpaschim,Kanchanpur,Female,07 Year,4164,1103,3047,0,0,0,0,0,0,0,2,12,0.05,0.0,0.02,0.0,0.05,0.0,-0.03,0.0
district,Sudurpaschim,Kanchanpur,Female,08 Year,4532,399,4106,0,0,0,0,0,0,0,2,25,0.04,0.0,0.06,0.0,0.04,0.0,0.02,0.0
district,Sudurpaschim,Kanchanpur,Female,09 Year,4287,109,4159,0,0,0,0,0,0,0,2,17,0.05,0.0,0.04,0.0,0.05,0.0,-0.01,0.0
district,Sudurpaschim,Kanchanpur,Female,10 Year,5197,62,5115,0,0,0,0,0,0,1,0,19,0.0,0.0,0.07,0.0,0.0,0.0,0.07,0.0
district,Sudurpaschim,Kanchanpur,Female,11 Year,4407,13,3393,988,0,0,0,0,0,0,0,13,0.0,0.0,0.04,0.0,0.0,0.0,0.04,0.0
district,Sudurpaschim,Kanchanpur,Female,12 Year,5636,15,2779,2830,0,0,0,0,0,0,1,11,0.02,0.0,0.0,0.0,0.02,0.0,-0.02,0.0
district,Sudurpaschim,Kanchanpur,Female,13 Year,5485,11,1297,4165,0,0,0,0,0,0,1,11,0.02,0.0,0.02,0.0,0.02,0.0,0.0,0.0
district,Sudurpaschim,Kanchanpur,Female,14 Year,6005,2,615,4280,1096,0,0,0,0,0,2,10,0.03,18.25,0.03,0.0,0.03,0.0,0.0,0.0
district,Sudurpaschim,Kanchanpur,Female,15 Year,5994,4,225,3003,2288,442,0,0,0,0,3,29,0.05,45.55,0.0,6.26,0.05,7.37,-0.05,-1.11
district,Sudurpaschim,Kanchanpur,Female,16 - 19 Years,22786,31,843,3948,7299,6743,3699,143,0,3,9,68,0.04,78.49,0.09,41.76,0.04,46.45,0.05,-4.69
district,Sudurpaschim,Kanchanpur,Female,20 - 24 Years,29679,17,1909,4247,7593,3866,9589,1885,362,8,94,109,0.32,78.49,0.16,53.4,0.32,52.91,-0.16,0.49
district,Sudurpaschim,Kanchanpur,Female,25 - 29 Years,24457,34,3390,4411,6016,2036,5158,1928,984,17,336,147,1.37,65.92,0.43,44.8,1.37,41.32,-0.94,3.48
district,Sudurpaschim,Kanchanpur,Female,30 - 34 Years,18447,24,4114,4241,2890,1247,3029,1231,722,24,724,201,3.92,49.43,0.75,40.45,3.92,33.77,-3.17,6.68
district,Sudurpaschim,Kanchanpur,Female,35 - 39 Years,14139,28,4019,3398,2209,747,1237,556,378,48,1259,260,8.9,36.26,1.55,32.01,8.9,20.64,-7.35,11.37
district,Sudurpaschim,Kanchanpur,Female,40 - 44 Years,9120,28,3028,1711,1129,443,648,223,167,59,1402,282,15.37,28.62,2.15,27.86,15.37,16.24,-13.22,11.62
district,Sudurpaschim,Kanchanpur,Female,45 - 49 Years,5530,29,2035,939,556,200,262,114,67,35,1073,220,19.4,21.68,3.15,26.19,19.4,11.63,-16.25,14.56
district,Sudurpaschim,Kanchanpur,Female,50 - 54 Years,4039,22,1539,569,327,112,95,42,30,36,1090,177,26.99,15.0,3.99,21.99,26.99,6.91,-23.0,15.08
district,Sudurpaschim,Kanchanpur,Female,55 - 59 Years,2116,12,783,277,141,40,46,17,9,17,639,135,30.2,11.96,5.51,17.53,30.2,5.29,-24.69,12.24
district,Sudurpaschim,Kanchanpur,Female,60 - 64 Years,1317,6,519,153,57,22,24,8,7,16,428,77,32.5,8.96,6.81,17.47,32.5,4.63,-25.69,12.84
district,Sudurpaschim,Kanchanpur,Female,65 - 69 Years,779,3,324,86,39,9,6,7,3,5,250,47,32.09,8.22,8.32,14.91,32.09,3.21,-23.77,11.7
district,Sudurpaschim,Kanchanpur,Female,70 - 74 Years,471,3,189,43,25,4,5,4,5,2,145,46,30.79,9.13,10.0,12.66,30.79,3.82,-20.79,8.84
district,Sudurpaschim,Kanchanpur,Female,75+ Years,290,2,111,24,10,3,12,2,2,2,97,25,33.45,10.0,14.68,8.79,33.45,6.55,-18.77,2.24
