geo_level,province,district,sex,age_group,rowtotal,a_readwrite,b_readonly,c_noreadwrite,d_notstd,literacy_rate,literacy_rate_male,literacy_rate_female,literacy_rate_gap_pts
national,Nepal,,Total,Total,26725295,20377980,114331,6223061,9923,76.25,83.55,69.37,14.18
national,Nepal,,Total,05 Year,568365,465615,7990,91618,3142,81.92,82.01,81.82,0.19
national,Nepal,,Total,06 Year,562745,499890,6313,55555,987,88.83,89.0,88.65,0.35
national,Nepal,,Total,07 Year,534278,494401,4245,35157,475,92.54,92.73,92.33,0.4
national,Nepal,,Total,08 Year,599728,560722,3287,35365,354,93.5,93.73,93.24,0.49
national,Nepal,,Total,09 Year,501311,482323,1594,17166,228,96.21,96.38,96.03,0.35
national,Nepal,,Total,10 Year,646772,616198,843,29584,147,95.27,95.48,95.04,0.44
national,Nepal,,Total,11 Year,475016,463365,298,11247,106,97.55,97.68,97.41,0.27
national,Nepal,,Total,12 Year,638817,614104,389,24193,131,96.13,96.36,95.88,0.48
national,Nepal,,Total,13 Year,556890,541018,253,15524,95,97.15,97.37,96.92,0.45
national,Nepal,,Total,14 Year,592370,573167,234,18881,88,96.76,97.09,96.42,0.67
national,Nepal,,Total,15 Year,607128,582538,241,24259,90,95.95,96.32,95.57,0.75
national,Nepal,,Total,16 - 19 Years,2359276,2246160,1102,111606,408,95.21,95.82,94.58,1.24
national,Nepal,,Total,20 - 24 Years,2783060,2564877,2034,215568,581,92.16,94.31,90.27,4.04
national,Nepal,,Total,25 - 29 Years,2459349,2159437,3587,295832,493,87.81,92.02,84.27,7.75
national,Nepal,,Total,30 - 34 Years,2147712,1757013,5918,384504,277,81.81,89.21,75.61,13.6
national,Nepal,,Total,35 - 39 Years,2041492,1521409,9073,510780,230,74.52,85.23,65.44,19.79
national,Nepal,,Total,40 - 44 Years,1747832,1198188,10381,539039,224,68.55,81.01,57.33,23.68
national,Nepal,,Total,45 - 49 Years,1436040,873772,10205,551847,216,60.85,76.19,46.75,29.44
national,Nepal,,Total,50 - 54 Years,1413852,753958,11773,647883,238,53.33,70.43,36.91,33.52
national,Nepal,,Total,55 - 59 Years,1075944,487507,9663,578571,203,45.31,62.85,27.8,35.05
national,Nepal,,Total,60 - 64 Years,955604,362880,8456,584005,263,37.97,55.73,21.07,34.66
national,Nepal,,Total,65 - 69 Years,771618,257075,6265,508009,269,33.32,50.67,16.5,34.17
national,Nepal,,Total,70 - 74 Years,609370,160392,4575,444119,284,26.32,42.71,11.24,31.47
national,Nepal,,Total,75+ Years,640726,141971,5612,492749,394,22.16,37.05,8.53,28.52
national,Nepal,,Male,Total,12963026,10830886,43921,2083529,4690,83.55,83.55,69.37,14.18
national,Nepal,,Male,05 Year,299149,245332,4321,47865,1631,82.01,82.01,81.82,0.19
national,Nepal,,Male,06 Year,294386,261992,3284,28595,515,89.0,89.0,88.65,0.35
national,Nepal,,Male,07 Year,276257,256169,2219,17605,264,92.73,92.73,92.33,0.4
national,Nepal,,Male,08 Year,313330,293689,1747,17723,171,93.73,93.73,93.24,0.49
national,Nepal,,Male,09 Year,260283,250858,825,8481,119,96.38,96.38,96.03,0.35
national,Nepal,,Male,10 Year,338785,323486,457,14764,78,95.48,95.48,95.04,0.44
national,Nepal,,Male,11 Year,246281,240561,160,5493,67,97.68,97.68,97.41,0.27
national,Nepal,,Male,12 Year,330149,318148,191,11738,72,96.36,96.36,95.88,0.48
national,Nepal,,Male,13 Year,281718,274316,120,7226,56,97.37,97.37,96.92,0.45
national,Nepal,,Male,14 Year,299021,290309,118,8554,40,97.09,97.09,96.42,0.67
national,Nepal,,Male,15 Year,305750,294505,114,11086,45,96.32,96.32,95.57,0.75
national,Nepal,,Male,16 - 19 Years,1188773,1139117,525,48932,199,95.82,95.82,94.58,1.24
national,Nepal,,Male,20 - 24 Years,1301018,1227012,771,72964,271,94.31,94.31,90.27,4.04
national,Nepal,,Male,25 - 29 Years,1122242,1032649,1071,88287,235,92.02,92.02,84.27,7.75
national,Nepal,,Male,30 - 34 Years,978976,873356,1599,103895,126,89.21,89.21,75.61,13.6
national,Nepal,,Male,35 - 39 Years,936931,798578,2280,135985,88,85.23,85.23,65.44,19.79
national,Nepal,,Male,40 - 44 Years,828493,671151,2617,154643,82,81.01,81.01,57.33,23.68
national,Nepal,,Male,45 - 49 Years,687525,523814,2725,160874,112,76.19,76.19,46.75,29.44
national,Nepal,,Male,50 - 54 Years,692494,487731,3486,201195,82,70.43,70.43,36.91,33.52
national,Nepal,,Male,55 - 59 Years,537558,337837,3310,196348,63,62.85,62.85,27.8,35.05
national,Nepal,,Male,60 - 64 Years,465962,259697,3276,202904,85,55.73,55.73,21.07,34.66
national,Nepal,,Male,65 - 69 Years,379689,192388,2822,184391,88,50.67,50.67,16.5,34.17
national,Nepal,,Male,70 - 74 Years,292054,124741,2411,164827,75,42.71,42.71,11.24,31.47
national,Nepal,,Male,75+ Years,306202,113450,3472,189154,126,37.05,37.05,8.53,28.52
national,Nepal,,Female,Total,13762269,9547094,70410,4139532,5233,69.37,83.55,69.37,14.18
national,Nepal,,Female,05 Year,269216,220283,3669,43753,1511,81.82,82.01,81.82,0.19
national,Nepal,,Female,06 Year,268359,237898,3029,26960,472,88.65,89.0,88.65,0.35
national,Nepal,,Female,07 Year,258021,238232,2026,17552,211,92.33,92.73,92.33,0.4
national,Nepal,,Female,08 Year,286398,267033,1540,17642,183,93.24,93.73,93.24,0.49
national,Nepal,,Female,09 Year,241028,231465,769,8685,109,96.03,96.38,96.03,0.35
national,Nepal,,Female,10 Year,307987,292712,386,14820,69,95.04,95.48,95.04,0.44
national,Nepal,,Female,11 Year,228735,222804,138,5754,39,97.41,97.68,97.41,0.27
national,Nepal,,Female,12 Year,308668,295956,198,12455,59,95.88,96.36,95.88,0.48
national,Nepal,,Female,13 Year,275172,266702,133,8298,39,96.92,97.37,96.92,0.45
national,Nepal,,Female,14 Year,293349,282858,116,10327,48,96.42,97.09,96.42,0.67
national,Nepal,,Female,15 Year,301378,288033,127,13173,45,95.57,96.32,95.57,0.75
national,Nepal,,Female,16 - 19 Years,1170503,1107043,577,62674,209,94.58,95.82,94.58,1.24
national,Nepal,,Female,20 - 24 Years,1482042,1337865,1263,142604,310,90.27,94.31,90.27,4.04
national,Nepal,,Female,25 - 29 Years,1337107,1126788,2516,207545,258,84.27,92.02,84.27,7.75
national,Nepal,,Female,30 - 34 Years,1168736,883657,4319,280609,151,75.61,89.21,75.61,13.6
national,Nepal,,Female,35 - 39 Years,1104561,722831,6793,374795,142,65.44,85.23,65.44,19.79
national,Nepal,,Female,40 - 44 Years,919339,527037,7764,384396,142,57.33,81.01,57.33,23.68
national,Nepal,,Female,45 - 49 Years,748515,349958,7480,390973,104,46.75,76.19,46.75,29.44
national,Nepal,,Female,50 - 54 Years,721358,266227,8287,446688,156,36.91,70.43,36.91,33.52
national,Nepal,,Female,55 - 59 Years,538386,149670,6353,382223,140,27.8,62.85,27.8,35.05
national,Nepal,,Female,60 - 64 Years,489642,103183,5180,381101,178,21.07,55.73,21.07,34.66
national,Nepal,,Female,65 - 69 Years,391929,64687,3443,323618,181,16.5,50.67,16.5,34.17
national,Nepal,,Female,70 - 74 Years,317316,35651,2164,279292,209,11.24,42.71,11.24,31.47
national,Nepal,,Female,75+ Years,334524,28521,2140,303595,268,8.53,37.05,8.53,28.52
province,Koshi,,Total,Total,4578440,3648225,11469,918528,218,79.68,86.12,73.63,12.49
province,Koshi,,Total,05 Year,89653,79161,785,9622,85,88.3,88.07,88.54,-0.47
province,Koshi,,Total,06 Year,90344,84519,600,5208,17,93.55,93.5,93.61,-0.11
province,Koshi,,Total,07 Year,90648,86967,313,3358,10,95.94,95.86,96.02,-0.16
province,Koshi,,Total,08 Year,94981,91925,219,2832,5,96.78,96.81,96.75,0.06
province,Koshi,,Total,09 Year,85720,84061,100,1551,8,98.06,98.04,98.09,-0.05
province,Koshi,,Total,10 Year,96503,94516,33,1950,4,97.94,97.89,98.0,-0.11
province,Koshi,,Total,11 Year,79626,78583,16,1025,2,98.69,98.67,98.72,-0.05
province,Koshi,,Total,12 Year,95323,93542,15,1765,1,98.13,98.07,98.19,-0.12
province,Koshi,,Total,13 Year,90277,88823,20,1428,6,98.39,98.41,98.36,0.05
province,Koshi,,Total,14 Year,93329,91787,16,1525,1,98.35,98.27,98.42,-0.15
province,Koshi,,Total,15 Year,96925,94933,15,1975,2,97.94,97.96,97.93,0.03
province,Koshi,,Total,16 - 19 Years,384955,374817,84,10048,6,97.37,97.55,97.18,0.37
province,Koshi,,Total,20 - 24 Years,451234,430101,152,20967,14,95.32,96.31,94.45,1.86
province,Koshi,,Total,25 - 29 Years,414446,383801,267,30371,7,92.61,94.53,91.0,3.53
province,Koshi,,Total,30 - 34 Years,368650,326869,432,41346,3,88.67,92.6,85.34,7.26
province,Koshi,,Total,35 - 39 Years,355201,294449,717,60032,3,82.9,89.72,77.03,12.69
province,Koshi,,Total,40 - 44 Years,313769,240927,883,71958,1,76.78,86.05,68.32,17.73
province,Koshi,,Total,45 - 49 Years,258216,173962,979,83273,2,67.37,80.65,54.94,25.71
province,Koshi,,Total,50 - 54 Years,265648,156528,1264,107847,9,58.92,75.34,43.09,32.25
province,Koshi,,Total,55 - 59 Years,206528,102685,1173,102666,4,49.72,67.98,31.74,36.24
province,Koshi,,Total,60 - 64 Years,183593,77541,1112,104928,12,42.24,60.68,24.42,36.26
province,Koshi,,Total,65 - 69 Years,144070,54357,846,88862,5,37.73,56.37,19.61,36.76
province,Koshi,,Total,70 - 74 Years,107228,33390,617,73217,4,31.14,49.48,13.54,35.94
province,Koshi,,Total,75+ Years,121573,29981,811,90774,7,24.66,41.14,9.1,32.04
province,Koshi,,Male,Total,2218709,1910756,4793,303064,96,86.12,86.12,73.63,12.49
province,Koshi,,Male,05 Year,46348,40820,402,5083,43,88.07,88.07,88.54,-0.47
province,Koshi,,Male,06 Year,46591,43563,310,2709,9,93.5,93.5,93.61,-0.11
province,Koshi,,Male,07 Year,46224,44311,155,1754,4,95.86,95.86,96.02,-0.16
province,Koshi,,Male,08 Year,48741,47187,118,1432,4,96.81,96.81,96.75,0.06
province,Koshi,,Male,09 Year,43670,42815,57,796,2,98.04,98.04,98.09,-0.05
province,Koshi,,Male,10 Year,49853,48801,16,1034,2,97.89,97.89,98.0,-0.11
province,Koshi,,Male,11 Year,40767,40223,8,534,2,98.67,98.67,98.72,-0.05
province,Koshi,,Male,12 Year,48573,47637,11,924,1,98.07,98.07,98.19,-0.12
province,Koshi,,Male,13 Year,45418,44698,11,706,3,98.41,98.41,98.36,0.05
province,Koshi,,Male,14 Year,46934,46123,10,801,0,98.27,98.27,98.42,-0.15
province,Koshi,,Male,15 Year,48740,47746,9,984,1,97.96,97.96,97.93,0.03
province,Koshi,,Male,16 - 19 Years,193975,189224,38,4710,3,97.55,97.55,97.18,0.37
province,Koshi,,Male,20 - 24 Years,210760,202978,62,7713,7,96.31,96.31,94.45,1.86
province,Koshi,,Male,25 - 29 Years,188651,178331,100,10216,4,94.53,94.53,91.0,3.53
province,Koshi,,Male,30 - 34 Years,168852,156365,149,12338,0,92.6,92.6,85.34,7.26
province,Koshi,,Male,35 - 39 Years,164216,147330,199,16685,2,89.72,89.72,77.03,12.69
province,Koshi,,Male,40 - 44 Years,149827,128925,248,20653,1,86.05,86.05,68.32,17.73
province,Koshi,,Male,45 - 49 Years,124887,100717,298,23872,0,80.65,80.65,54.94,25.71
province,Koshi,,Male,50 - 54 Years,130429,98263,397,31766,3,75.34,75.34,43.09,32.25
province,Koshi,,Male,55 - 59 Years,102458,69653,435,32370,0,67.98,67.98,31.74,36.24
province,Koshi,,Male,60 - 64 Years,90215,54741,451,35022,1,60.68,60.68,24.42,36.26
province,Koshi,,Male,65 - 69 Years,71011,40030,418,30562,1,56.37,56.37,19.61,36.76
province,Koshi,,Male,70 - 74 Years,52509,25980,334,26194,1,49.48,49.48,13.54,35.94
province,Koshi,,Male,75+ Years,59060,24295,557,34206,2,41.14,41.14,9.1,32.04
province,Koshi,,Female,Total,2359731,1737469,6676,615464,122,73.63,86.12,73.63,12.49
province,Koshi,,Female,05 Year,43305,38341,383,4539,42,88.54,88.07,88.54,-0.47
province,Koshi,,Female,06 Year,43753,40956,290,2499,8,93.61,93.5,93.61,-0.11
province,Koshi,,Female,07 Year,44424,42656,158,1604,6,96.02,95.86,96.02,-0.16
province,Koshi,,Female,08 Year,46240,44738,101,1400,1,96.75,96.81,96.75,0.06
province,Koshi,,Female,09 Year,42050,41246,43,755,6,98.09,98.04,98.09,-0.05
province,Koshi,,Female,10 Year,46650,45715,17,916,2,98.0,97.89,98.0,-0.11
province,Koshi,,Female,11 Year,38859,38360,8,491,0,98.72,98.67,98.72,-0.05
province,Koshi,,Female,12 Year,46750,45905,4,841,0,98.19,98.07,98.19,-0.12
province,Koshi,,Female,13 Year,44859,44125,9,722,3,98.36,98.41,98.36,0.05
province,Koshi,,Female,14 Year,46395,45664,6,724,1,98.42,98.27,98.42,-0.15
province,Koshi,,Female,15 Year,48185,47187,6,991,1,97.93,97.96,97.93,0.03
province,Koshi,,Female,16 - 19 Years,190980,185593,46,5338,3,97.18,97.55,97.18,0.37
province,Koshi,,Female,20 - 24 Years,240474,227123,90,13254,7,94.45,96.31,94.45,1.86
province,Koshi,,Female,25 - 29 Years,225795,205470,167,20155,3,91.0,94.53,91.0,3.53
province,Koshi,,Female,30 - 34 Years,199798,170504,283,29008,3,85.34,92.6,85.34,7.26
province,Koshi,,Female,35 - 39 Years,190985,147119,518,43347,1,77.03,89.72,77.03,12.69
province,Koshi,,Female,40 - 44 Years,163942,112002,635,51305,0,68.32,86.05,68.32,17.73
province,Koshi,,Female,45 - 49 Years,133329,73245,681,59401,2,54.94,80.65,54.94,25.71
province,Koshi,,Female,50 - 54 Years,135219,58265,867,76081,6,43.09,75.34,43.09,32.25
province,Koshi,,Female,55 - 59 Years,104070,33032,738,70296,4,31.74,67.98,31.74,36.24
province,Koshi,,Female,60 - 64 Years,93378,22800,661,69906,11,24.42,60.68,24.42,36.26
province,Koshi,,Female,65 - 69 Years,73059,14327,428,58300,4,19.61,56.37,19.61,36.76
province,Koshi,,Female,70 - 74 Years,54719,7410,283,47023,3,13.54,49.48,13.54,35.94
province,Koshi,,Female,75+ Years,62513,5686,254,56568,5,9.1,41.14,9.1,32.04
district,Koshi,Taplejung,Total,Total,110370,90733,341,19295,1,82.21,88.18,76.16,12.02
district,Koshi,Taplejung,Total,05 Year,2270,1993,27,250,0,87.8,88.19,87.39,0.8
district,Koshi,Taplejung,Total,06 Year,2445,2293,16,136,0,93.78,93.2,94.41,-1.21
district,Koshi,Taplejung,Total,07 Year,2442,2380,8,54,0,97.46,96.92,98.01,-1.09
district,Koshi,Taplejung,Total,08 Year,2275,2217,7,51,0,97.45,96.93,97.97,-1.04
district,Koshi,Taplejung,Total,09 Year,2284,2255,1,28,0,98.73,98.78,98.68,0.1
district,Koshi,Taplejung,Total,10 Year,2191,2168,0,23,0,98.95,98.78,99.11,-0.33
district,Koshi,Taplejung,Total,11 Year,2038,2024,0,14,0,99.31,99.22,99.41,-0.19
district,Koshi,Taplejung,Total,12 Year,2386,2363,0,23,0,99.04,98.89,99.18,-0.29
district,Koshi,Taplejung,Total,13 Year,2429,2405,0,24,0,99.01,98.84,99.18,-0.34
district,Koshi,Taplejung,Total,14 Year,2549,2524,0,25,0,99.02,98.68,99.37,-0.69
district,Koshi,Taplejung,Total,15 Year,2617,2580,1,36,0,98.59,98.77,98.41,0.36
district,Koshi,Taplejung,Total,16 - 19 Years,10463,10304,4,155,0,98.48,98.34,98.62,-0.28
district,Koshi,Taplejung,Total,20 - 24 Years,11921,11653,1,267,0,97.75,97.73,97.77,-0.04
district,Koshi,Taplejung,Total,25 - 29 Years,10523,10107,7,409,0,96.05,96.82,95.22,1.6
district,Koshi,Taplejung,Total,30 - 34 Years,8365,7764,11,590,0,92.82,95.26,90.27,4.99
district,Koshi,Taplejung,Total,35 - 39 Years,7206,6214,14,978,0,86.23,91.35,81.11,10.24
district,Koshi,Taplejung,Total,40 - 44 Years,6468,5183,31,1254,0,80.13,89.13,71.38,17.75
district,Koshi,Taplejung,Total,45 - 49 Years,5473,3777,28,1668,0,69.01,84.2,55.01,29.19
district,Koshi,Taplejung,Total,50 - 54 Years,6200,3743,50,2407,0,60.37,77.81,42.4,35.41
district,Koshi,Taplejung,Total,55 - 59 Years,4984,2425,44,2515,0,48.66,69.3,28.06,41.24
district,Koshi,Taplejung,Total,60 - 64 Years,4388,1858,34,2495,1,42.34,62.92,19.45,43.47
district,Koshi,Taplejung,Total,65 - 69 Years,3240,1153,18,2069,0,35.59,55.97,15.1,40.87
district,Koshi,Taplejung,Total,70 - 74 Years,2441,725,22,1694,0,29.7,49.51,9.71,39.8
district,Koshi,Taplejung,Total,75+ Years,2772,625,17,2130,0,22.55,38.85,6.15,32.7
district,Koshi,Taplejung,Male,Total,55530,48965,162,6403,0,88.18,88.18,76.16,12.02
district,Koshi,Taplejung,Male,05 Year,1152,1016,10,126,0,88.19,88.19,87.39,0.8
district,Koshi,Taplejung,Male,06 Year,1264,1178,10,76,0,93.2,93.2,94.41,-1.21
district,Koshi,Taplejung,Male,07 Year,1235,1197,6,32,0,96.92,96.92,98.01,-1.09
district,Koshi,Taplejung,Male,08 Year,1140,1105,3,32,0,96.93,96.93,97.97,-1.04
district,Koshi,Taplejung,Male,09 Year,1149,1135,1,13,0,98.78,98.78,98.68,0.1
district,Koshi,Taplejung,Male,10 Year,1062,1049,0,13,0,98.78,98.78,99.11,-0.33
district,Koshi,Taplejung,Male,11 Year,1020,1012,0,8,0,99.22,99.22,99.41,-0.19
district,Koshi,Taplejung,Male,12 Year,1170,1157,0,13,0,98.89,98.89,99.18,-0.29
district,Koshi,Taplejung,Male,13 Year,1208,1194,0,14,0,98.84,98.84,99.18,-0.34
district,Koshi,Taplejung,Male,14 Year,1285,1268,0,17,0,98.68,98.68,99.37,-0.69
district,Koshi,Taplejung,Male,15 Year,1297,1281,1,15,0,98.77,98.77,98.41,0.36
district,Koshi,Taplejung,Male,16 - 19 Years,5246,5159,3,84,0,98.34,98.34,98.62,-0.28
district,Koshi,Taplejung,Male,20 - 24 Years,5989,5853,0,136,0,97.73,97.73,97.77,-0.04
district,Koshi,Taplejung,Male,25 - 29 Years,5441,5268,5,168,0,96.82,96.82,95.22,1.6
district,Koshi,Taplejung,Male,30 - 34 Years,4263,4061,5,197,0,95.26,95.26,90.27,4.99
district,Koshi,Taplejung,Male,35 - 39 Years,3606,3294,7,305,0,91.35,91.35,81.11,10.24
district,Koshi,Taplejung,Male,40 - 44 Years,3191,2844,11,336,0,89.13,89.13,71.38,17.75
district,Koshi,Taplejung,Male,45 - 49 Years,2626,2211,14,401,0,84.2,84.2,55.01,29.19
district,Koshi,Taplejung,Male,50 - 54 Years,3146,2448,12,686,0,77.81,77.81,42.4,35.41
district,Koshi,Taplejung,Male,55 - 59 Years,2489,1725,23,741,0,69.3,69.3,28.06,41.24
district,Koshi,Taplejung,Male,60 - 64 Years,2311,1454,16,841,0,62.92,62.92,19.45,43.47
district,Koshi,Taplejung,Male,65 - 69 Years,1624,909,8,707,0,55.97,55.97,15.1,40.87
district,Koshi,Taplejung,Male,70 - 74 Years,1226,607,13,606,0,49.51,49.51,9.71,39.8
district,Koshi,Taplejung,Male,75+ Years,1390,540,14,836,0,38.85,38.85,6.15,32.7
district,Koshi,Taplejung,Female,Total,54840,41768,179,12892,1,76.16,88.18,76.16,12.02
district,Koshi,Taplejung,Female,05 Year,1118,977,17,124,0,87.39,88.19,87.39,0.8
district,Koshi,Taplejung,Female,06 Year,1181,1115,6,60,0,94.41,93.2,94.41,-1.21
district,Koshi,Taplejung,Female,07 Year,1207,1183,2,22,0,98.01,96.92,98.01,-1.09
district,Koshi,Taplejung,Female,08 Year,1135,1112,4,19,0,97.97,96.93,97.97,-1.04
district,Koshi,Taplejung,Female,09 Year,1135,1120,0,15,0,98.68,98.78,98.68,0.1
district,Koshi,Taplejung,Female,10 Year,1129,1119,0,10,0,99.11,98.78,99.11,-0.33
district,Koshi,Taplejung,Female,11 Year,1018,1012,0,6,0,99.41,99.22,99.41,-0.19
district,Koshi,Taplejung,Female,12 Year,1216,1206,0,10,0,99.18,98.89,99.18,-0.29
district,Koshi,Taplejung,Female,13 Year,1221,1211,0,10,0,99.18,98.84,99.18,-0.34
district,Koshi,Taplejung,Female,14 Year,1264,1256,0,8,0,99.37,98.68,99.37,-0.69
district,Koshi,Taplejung,Female,15 Year,1320,1299,0,21,0,98.41,98.77,98.41,0.36
district,Koshi,Taplejung,Female,16 - 19 Years,5217,5145,1,71,0,98.62,98.34,98.62,-0.28
district,Koshi,Taplejung,Female,20 - 24 Years,5932,5800,1,131,0,97.77,97.73,97.77,-0.04
district,Koshi,Taplejung,Female,25 - 29 Years,5082,4839,2,241,0,95.22,96.82,95.22,1.6
district,Koshi,Taplejung,Female,30 - 34 Years,4102,3703,6,393,0,90.27,95.26,90.27,4.99
district,Koshi,Taplejung,Female,35 - 39 Years,3600,2920,7,673,0,81.11,91.35,81.11,10.24
district,Koshi,Taplejung,Female,40 - 44 Years,3277,2339,20,918,0,71.38,89.13,71.38,17.75
district,Koshi,Taplejung,Female,45 - 49 Years,2847,1566,14,1267,0,55.01,84.2,55.01,29.19
district,Koshi,Taplejung,Female,50 - 54 Years,3054,1295,38,1721,0,42.4,77.81,42.4,35.41
district,Koshi,Taplejung,Female,55 - 59 Years,2495,700,21,1774,0,28.06,69.3,28.06,41.24
district,Koshi,Taplejung,Female,60 - 64 Years,2077,404,18,1654,1,19.45,62.92,19.45,43.47
district,Koshi,Taplejung,Female,65 - 69 Years,1616,244,10,1362,0,15.1,55.97,15.1,40.87
district,Koshi,Taplejung,Female,70 - 74 Years,1215,118,9,1088,0,9.71,49.51,9.71,39.8
district,Koshi,Taplejung,Female,75+ Years,1382,85,3,1294,0,6.15,38.85,6.15,32.7
district,Koshi,Sankhuwasabha,Total,Total,146105,116449,279,29368,9,79.7,86.4,72.94,13.46
district,Koshi,Sankhuwasabha,Total,05 Year,3094,2786,30,275,3,90.05,89.66,90.44,-0.78
district,Koshi,Sankhuwasabha,Total,06 Year,3017,2887,12,118,0,95.69,95.38,96.04,-0.66
district,Koshi,Sankhuwasabha,Total,07 Year,3027,2950,4,73,0,97.46,97.1,97.83,-0.73
district,Koshi,Sankhuwasabha,Total,08 Year,3207,3160,1,45,1,98.53,98.54,98.53,0.01
district,Koshi,Sankhuwasabha,Total,09 Year,2894,2864,2,28,0,98.96,98.95,98.98,-0.03
district,Koshi,Sankhuwasabha,Total,10 Year,3173,3143,0,29,1,99.05,98.79,99.34,-0.55
district,Koshi,Sankhuwasabha,Total,11 Year,2885,2863,0,22,0,99.24,99.08,99.39,-0.31
district,Koshi,Sankhuwasabha,Total,12 Year,3104,3075,1,28,0,99.07,99.03,99.1,-0.07
district,Koshi,Sankhuwasabha,Total,13 Year,3135,3106,0,29,0,99.07,99.11,99.04,0.07
district,Koshi,Sankhuwasabha,Total,14 Year,3223,3195,0,28,0,99.13,99.05,99.22,-0.17
district,Koshi,Sankhuwasabha,Total,15 Year,3344,3304,0,40,0,98.8,98.68,98.93,-0.25
district,Koshi,Sankhuwasabha,Total,16 - 19 Years,12568,12362,0,206,0,98.36,98.33,98.39,-0.06
district,Koshi,Sankhuwasabha,Total,20 - 24 Years,13874,13444,1,427,2,96.9,97.22,96.59,0.63
district,Koshi,Sankhuwasabha,Total,25 - 29 Years,13227,12540,4,683,0,94.81,96.06,93.51,2.55
district,Koshi,Sankhuwasabha,Total,30 - 34 Years,11484,10345,10,1129,0,90.08,93.58,86.41,7.17
district,Koshi,Sankhuwasabha,Total,35 - 39 Years,10531,8871,15,1645,0,84.24,90.89,77.46,13.43
district,Koshi,Sankhuwasabha,Total,40 - 44 Years,9151,7120,27,2004,0,77.81,88.04,67.61,20.43
district,Koshi,Sankhuwasabha,Total,45 - 49 Years,7474,5028,25,2421,0,67.27,82.29,52.47,29.82
district,Koshi,Sankhuwasabha,Total,50 - 54 Years,7995,4654,32,3307,2,58.21,76.78,39.33,37.45
district,Koshi,Sankhuwasabha,Total,55 - 59 Years,6507,3111,37,3359,0,47.81,68.54,27.9,40.64
district,Koshi,Sankhuwasabha,Total,60 - 64 Years,6475,2381,25,4069,0,36.77,55.74,18.66,37.08
district,Koshi,Sankhuwasabha,Total,65 - 69 Years,4909,1603,19,3287,0,32.65,49.94,15.61,34.33
district,Koshi,Sankhuwasabha,Total,70 - 74 Years,3612,905,17,2690,0,25.06,42.21,9.0,33.21
district,Koshi,Sankhuwasabha,Total,75+ Years,4195,752,17,3426,0,17.93,31.52,5.67,25.85
district,Koshi,Sankhuwasabha,Male,Total,73380,63403,130,9840,7,86.4,86.4,72.94,13.46
district,Koshi,Sankhuwasabha,Male,05 Year,1567,1405,17,143,2,89.66,89.66,90.44,-0.78
district,Koshi,Sankhuwasabha,Male,06 Year,1603,1529,6,68,0,95.38,95.38,96.04,-0.66
district,Koshi,Sankhuwasabha,Male,07 Year,1550,1505,1,44,0,97.1,97.1,97.83,-0.73
district,Koshi,Sankhuwasabha,Male,08 Year,1643,1619,1,22,1,98.54,98.54,98.53,0.01
district,Koshi,Sankhuwasabha,Male,09 Year,1520,1504,2,14,0,98.95,98.95,98.98,-0.03
district,Koshi,Sankhuwasabha,Male,10 Year,1650,1630,0,19,1,98.79,98.79,99.34,-0.55
district,Koshi,Sankhuwasabha,Male,11 Year,1410,1397,0,13,0,99.08,99.08,99.39,-0.31
district,Koshi,Sankhuwasabha,Male,12 Year,1546,1531,0,15,0,99.03,99.03,99.1,-0.07
district,Koshi,Sankhuwasabha,Male,13 Year,1579,1565,0,14,0,99.11,99.11,99.04,0.07
district,Koshi,Sankhuwasabha,Male,14 Year,1684,1668,0,16,0,99.05,99.05,99.22,-0.17
district,Koshi,Sankhuwasabha,Male,15 Year,1662,1640,0,22,0,98.68,98.68,98.93,-0.25
district,Koshi,Sankhuwasabha,Male,16 - 19 Years,6401,6294,0,107,0,98.33,98.33,98.39,-0.06
district,Koshi,Sankhuwasabha,Male,20 - 24 Years,6830,6640,0,188,2,97.22,97.22,96.59,0.63
district,Koshi,Sankhuwasabha,Male,25 - 29 Years,6708,6444,3,261,0,96.06,96.06,93.51,2.55
district,Koshi,Sankhuwasabha,Male,30 - 34 Years,5884,5506,3,375,0,93.58,93.58,86.41,7.17
district,Koshi,Sankhuwasabha,Male,35 - 39 Years,5313,4829,4,480,0,90.89,90.89,77.46,13.43
district,Koshi,Sankhuwasabha,Male,40 - 44 Years,4566,4020,5,541,0,88.04,88.04,67.61,20.43
district,Koshi,Sankhuwasabha,Male,45 - 49 Years,3710,3053,5,652,0,82.29,82.29,52.47,29.82
district,Koshi,Sankhuwasabha,Male,50 - 54 Years,4031,3095,14,921,1,76.78,76.78,39.33,37.45
district,Koshi,Sankhuwasabha,Male,55 - 59 Years,3188,2185,16,987,0,68.54,68.54,27.9,40.64
district,Koshi,Sankhuwasabha,Male,60 - 64 Years,3163,1763,15,1385,0,55.74,55.74,18.66,37.08
district,Koshi,Sankhuwasabha,Male,65 - 69 Years,2437,1217,14,1206,0,49.94,49.94,15.61,34.33
district,Koshi,Sankhuwasabha,Male,70 - 74 Years,1746,737,10,999,0,42.21,42.21,9.0,33.21
district,Koshi,Sankhuwasabha,Male,75+ Years,1989,627,14,1348,0,31.52,31.52,5.67,25.85
district,Koshi,Sankhuwasabha,Female,Total,72725,53046,149,19528,2,72.94,86.4,72.94,13.46
district,Koshi,Sankhuwasabha,Female,05 Year,1527,1381,13,132,1,90.44,89.66,90.44,-0.78
district,Koshi,Sankhuwasabha,Female,06 Year,1414,1358,6,50,0,96.04,95.38,96.04,-0.66
district,Koshi,Sankhuwasabha,Female,07 Year,1477,1445,3,29,0,97.83,97.1,97.83,-0.73
district,Koshi,Sankhuwasabha,Female,08 Year,1564,1541,0,23,0,98.53,98.54,98.53,0.01
district,Koshi,Sankhuwasabha,Female,09 Year,1374,1360,0,14,0,98.98,98.95,98.98,-0.03
district,Koshi,Sankhuwasabha,Female,10 Year,1523,1513,0,10,0,99.34,98.79,99.34,-0.55
district,Koshi,Sankhuwasabha,Female,11 Year,1475,1466,0,9,0,99.39,99.08,99.39,-0.31
district,Koshi,Sankhuwasabha,Female,12 Year,1558,1544,1,13,0,99.1,99.03,99.1,-0.07
district,Koshi,Sankhuwasabha,Female,13 Year,1556,1541,0,15,0,99.04,99.11,99.04,0.07
district,Koshi,Sankhuwasabha,Female,14 Year,1539,1527,0,12,0,99.22,99.05,99.22,-0.17
district,Koshi,Sankhuwasabha,Female,15 Year,1682,1664,0,18,0,98.93,98.68,98.93,-0.25
district,Koshi,Sankhuwasabha,Female,16 - 19 Years,6167,6068,0,99,0,98.39,98.33,98.39,-0.06
district,Koshi,Sankhuwasabha,Female,20 - 24 Years,7044,6804,1,239,0,96.59,97.22,96.59,0.63
district,Koshi,Sankhuwasabha,Female,25 - 29 Years,6519,6096,1,422,0,93.51,96.06,93.51,2.55
district,Koshi,Sankhuwasabha,Female,30 - 34 Years,5600,4839,7,754,0,86.41,93.58,86.41,7.17
district,Koshi,Sankhuwasabha,Female,35 - 39 Years,5218,4042,11,1165,0,77.46,90.89,77.46,13.43
district,Koshi,Sankhuwasabha,Female,40 - 44 Years,4585,3100,22,1463,0,67.61,88.04,67.61,20.43
district,Koshi,Sankhuwasabha,Female,45 - 49 Years,3764,1975,20,1769,0,52.47,82.29,52.47,29.82
district,Koshi,Sankhuwasabha,Female,50 - 54 Years,3964,1559,18,2386,1,39.33,76.78,39.33,37.45
district,Koshi,Sankhuwasabha,Female,55 - 59 Years,3319,926,21,2372,0,27.9,68.54,27.9,40.64
district,Koshi,Sankhuwasabha,Female,60 - 64 Years,3312,618,10,2684,0,18.66,55.74,18.66,37.08
district,Koshi,Sankhuwasabha,Female,65 - 69 Years,2472,386,5,2081,0,15.61,49.94,15.61,34.33
district,Koshi,Sankhuwasabha,Female,70 - 74 Years,1866,168,7,1691,0,9.0,42.21,9.0,33.21
district,Koshi,Sankhuwasabha,Female,75+ Years,2206,125,3,2078,0,5.67,31.52,5.67,25.85
district,Koshi,Solukhumbu,Total,Total,96528,74274,487,21765,2,76.95,84.31,69.52,14.79
district,Koshi,Solukhumbu,Total,05 Year,1770,1538,43,188,1,86.89,86.25,87.54,-1.29
district,Koshi,Solukhumbu,Total,06 Year,1908,1789,30,89,0,93.76,94.28,93.22,1.06
district,Koshi,Solukhumbu,Total,07 Year,1835,1770,17,48,0,96.46,96.44,96.47,-0.03
district,Koshi,Solukhumbu,Total,08 Year,1951,1917,9,25,0,98.26,98.31,98.2,0.11
district,Koshi,Solukhumbu,Total,09 Year,1901,1875,8,18,0,98.63,98.29,99.01,-0.72
district,Koshi,Solukhumbu,Total,10 Year,1971,1953,1,17,0,99.09,98.62,99.58,-0.96
district,Koshi,Solukhumbu,Total,11 Year,1846,1834,0,12,0,99.35,99.33,99.37,-0.04
district,Koshi,Solukhumbu,Total,12 Year,2298,2281,2,15,0,99.26,99.06,99.47,-0.41
district,Koshi,Solukhumbu,Total,13 Year,2101,2083,1,17,0,99.14,99.08,99.21,-0.13
district,Koshi,Solukhumbu,Total,14 Year,2157,2129,1,27,0,98.7,98.83,98.58,0.25
district,Koshi,Solukhumbu,Total,15 Year,2219,2189,1,29,0,98.65,98.5,98.8,-0.3
district,Koshi,Solukhumbu,Total,16 - 19 Years,8242,8133,5,104,0,98.68,98.58,98.78,-0.2
district,Koshi,Solukhumbu,Total,20 - 24 Years,9747,9463,9,275,0,97.09,97.53,96.64,0.89
district,Koshi,Solukhumbu,Total,25 - 29 Years,8872,8309,21,542,0,93.65,95.53,91.61,3.92
district,Koshi,Solukhumbu,Total,30 - 34 Years,7451,6572,25,854,0,88.2,92.98,83.23,9.75
district,Koshi,Solukhumbu,Total,35 - 39 Years,6811,5485,35,1291,0,80.53,89.39,71.59,17.8
district,Koshi,Solukhumbu,Total,40 - 44 Years,5786,4058,50,1678,0,70.13,83.56,57.41,26.15
district,Koshi,Solukhumbu,Total,45 - 49 Years,4752,2845,56,1850,1,59.87,76.63,44.22,32.41
district,Koshi,Solukhumbu,Total,50 - 54 Years,5727,2884,49,2794,0,50.36,69.89,31.63,38.26
district,Koshi,Solukhumbu,Total,55 - 59 Years,4483,1830,47,2606,0,40.82,60.54,22.04,38.5
district,Koshi,Solukhumbu,Total,60 - 64 Years,4091,1379,28,2684,0,33.71,51.92,15.7,36.22
district,Koshi,Solukhumbu,Total,65 - 69 Years,3206,935,23,2248,0,29.16,46.44,11.63,34.81
district,Koshi,Solukhumbu,Total,70 - 74 Years,2443,551,13,1879,0,22.55,39.11,7.88,31.23
district,Koshi,Solukhumbu,Total,75+ Years,2960,472,13,2475,0,15.95,28.51,4.3,24.21
district,Koshi,Solukhumbu,Male,Total,48441,40842,213,7386,0,84.31,84.31,69.52,14.79
district,Koshi,Solukhumbu,Male,05 Year,887,765,22,100,0,86.25,86.25,87.54,-1.29
district,Koshi,Solukhumbu,Male,06 Year,979,923,13,43,0,94.28,94.28,93.22,1.06
district,Koshi,Solukhumbu,Male,07 Year,900,868,9,23,0,96.44,96.44,96.47,-0.03
district,Koshi,Solukhumbu,Male,08 Year,1062,1044,5,13,0,98.31,98.31,98.2,0.11
district,Koshi,Solukhumbu,Male,09 Year,992,975,5,12,0,98.29,98.29,99.01,-0.72
district,Koshi,Solukhumbu,Male,10 Year,1014,1000,1,13,0,98.62,98.62,99.58,-0.96
district,Koshi,Solukhumbu,Male,11 Year,900,894,0,6,0,99.33,99.33,99.37,-0.04
district,Koshi,Solukhumbu,Male,12 Year,1168,1157,2,9,0,99.06,99.06,99.47,-0.41
district,Koshi,Solukhumbu,Male,13 Year,1090,1080,1,9,0,99.08,99.08,99.21,-0.13
district,Koshi,Solukhumbu,Male,14 Year,1030,1018,1,11,0,98.83,98.83,98.58,0.25
district,Koshi,Solukhumbu,Male,15 Year,1132,1115,1,16,0,98.5,98.5,98.8,-0.3
district,Koshi,Solukhumbu,Male,16 - 19 Years,4216,4156,3,57,0,98.58,98.58,98.78,-0.2
district,Koshi,Solukhumbu,Male,20 - 24 Years,4900,4779,5,116,0,97.53,97.53,96.64,0.89
district,Koshi,Solukhumbu,Male,25 - 29 Years,4627,4420,8,199,0,95.53,95.53,91.61,3.92
district,Koshi,Solukhumbu,Male,30 - 34 Years,3802,3535,8,259,0,92.98,92.98,83.23,9.75
district,Koshi,Solukhumbu,Male,35 - 39 Years,3421,3058,6,357,0,89.39,89.39,71.59,17.8
district,Koshi,Solukhumbu,Male,40 - 44 Years,2816,2353,11,452,0,83.56,83.56,57.41,26.15
district,Koshi,Solukhumbu,Male,45 - 49 Years,2294,1758,20,516,0,76.63,76.63,44.22,32.41
district,Koshi,Solukhumbu,Male,50 - 54 Years,2803,1959,23,821,0,69.89,69.89,31.63,38.26
district,Koshi,Solukhumbu,Male,55 - 59 Years,2187,1324,23,840,0,60.54,60.54,22.04,38.5
district,Koshi,Solukhumbu,Male,60 - 64 Years,2034,1056,15,963,0,51.92,51.92,15.7,36.22
district,Koshi,Solukhumbu,Male,65 - 69 Years,1615,750,13,852,0,46.44,46.44,11.63,34.81
district,Koshi,Solukhumbu,Male,70 - 74 Years,1148,449,7,692,0,39.11,39.11,7.88,31.23
district,Koshi,Solukhumbu,Male,75+ Years,1424,406,11,1007,0,28.51,28.51,4.3,24.21
district,Koshi,Solukhumbu,Female,Total,48087,33432,274,14379,2,69.52,84.31,69.52,14.79
district,Koshi,Solukhumbu,Female,05 Year,883,773,21,88,1,87.54,86.25,87.54,-1.29
district,Koshi,Solukhumbu,Female,06 Year,929,866,17,46,0,93.22,94.28,93.22,1.06
district,Koshi,Solukhumbu,Female,07 Year,935,902,8,25,0,96.47,96.44,96.47,-0.03
district,Koshi,Solukhumbu,Female,08 Year,889,873,4,12,0,98.2,98.31,98.2,0.11
district,Koshi,Solukhumbu,Female,09 Year,909,900,3,6,0,99.01,98.29,99.01,-0.72
district,Koshi,Solukhumbu,Female,10 Year,957,953,0,4,0,99.58,98.62,99.58,-0.96
district,Koshi,Solukhumbu,Female,11 Year,946,940,0,6,0,99.37,99.33,99.37,-0.04
district,Koshi,Solukhumbu,Female,12 Year,1130,1124,0,6,0,99.47,99.06,99.47,-0.41
district,Koshi,Solukhumbu,Female,13 Year,1011,1003,0,8,0,99.21,99.08,99.21,-0.13
district,Koshi,Solukhumbu,Female,14 Year,1127,1111,0,16,0,98.58,98.83,98.58,0.25
district,Koshi,Solukhumbu,Female,15 Year,1087,1074,0,13,0,98.8,98.5,98.8,-0.3
district,Koshi,Solukhumbu,Female,16 - 19 Years,4026,3977,2,47,0,98.78,98.58,98.78,-0.2
district,Koshi,Solukhumbu,Female,20 - 24 Years,4847,4684,4,159,0,96.64,97.53,96.64,0.89
district,Koshi,Solukhumbu,Female,25 - 29 Years,4245,3889,13,343,0,91.61,95.53,91.61,3.92
district,Koshi,Solukhumbu,Female,30 - 34 Years,3649,3037,17,595,0,83.23,92.98,83.23,9.75
district,Koshi,Solukhumbu,Female,35 - 39 Years,3390,2427,29,934,0,71.59,89.39,71.59,17.8
district,Koshi,Solukhumbu,Female,40 - 44 Years,2970,1705,39,1226,0,57.41,83.56,57.41,26.15
district,Koshi,Solukhumbu,Female,45 - 49 Years,2458,1087,36,1334,1,44.22,76.63,44.22,32.41
district,Koshi,Solukhumbu,Female,50 - 54 Years,2924,925,26,1973,0,31.63,69.89,31.63,38.26
district,Koshi,Solukhumbu,Female,55 - 59 Years,2296,506,24,1766,0,22.04,60.54,22.04,38.5
district,Koshi,Solukhumbu,Female,60 - 64 Years,2057,323,13,1721,0,15.7,51.92,15.7,36.22
district,Koshi,Solukhumbu,Female,65 - 69 Years,1591,185,10,1396,0,11.63,46.44,11.63,34.81
district,Koshi,Solukhumbu,Female,70 - 74 Years,1295,102,6,1187,0,7.88,39.11,7.88,31.23
district,Koshi,Solukhumbu,Female,75+ Years,1536,66,2,1468,0,4.3,28.51,4.3,24.21
district,Koshi,Okhaldhunga,Total,Total,129593,95752,339,33498,4,73.89,81.6,66.6,15.0
district,Koshi,Okhaldhunga,Total,05 Year,2146,1918,7,220,1,89.38,88.1,90.7,-2.6
district,Koshi,Okhaldhunga,Total,06 Year,2366,2266,14,86,0,95.77,95.44,96.09,-0.65
district,Koshi,Okhaldhunga,Total,07 Year,2230,2171,5,54,0,97.35,97.36,97.35,0.01
district,Koshi,Okhaldhunga,Total,08 Year,2404,2366,5,32,1,98.42,98.4,98.43,-0.03
district,Koshi,Okhaldhunga,Total,09 Year,2311,2280,0,31,0,98.66,98.78,98.54,0.24
district,Koshi,Okhaldhunga,Total,10 Year,2621,2573,3,45,0,98.17,97.86,98.52,-0.66
district,Koshi,Okhaldhunga,Total,11 Year,2228,2205,0,23,0,98.97,98.75,99.18,-0.43
district,Koshi,Okhaldhunga,Total,12 Year,2848,2819,0,29,0,98.98,98.7,99.28,-0.58
district,Koshi,Okhaldhunga,Total,13 Year,2763,2723,0,40,0,98.55,98.22,98.87,-0.65
district,Koshi,Okhaldhunga,Total,14 Year,2976,2948,1,27,0,99.06,99.08,99.04,0.04
district,Koshi,Okhaldhunga,Total,15 Year,3066,3024,1,41,0,98.63,98.49,98.77,-0.28
district,Koshi,Okhaldhunga,Total,16 - 19 Years,11701,11508,3,190,0,98.35,98.22,98.48,-0.26
district,Koshi,Okhaldhunga,Total,20 - 24 Years,12841,12329,6,506,0,96.01,97.16,94.94,2.22
district,Koshi,Okhaldhunga,Total,25 - 29 Years,11030,10193,12,825,0,92.41,94.69,90.24,4.45
district,Koshi,Okhaldhunga,Total,30 - 34 Years,8974,7552,16,1405,1,84.15,90.09,78.52,11.57
district,Koshi,Okhaldhunga,Total,35 - 39 Years,8171,6257,34,1880,0,76.58,86.98,67.28,19.7
district,Koshi,Okhaldhunga,Total,40 - 44 Years,7533,5021,34,2478,0,66.65,80.87,54.38,26.49
district,Koshi,Okhaldhunga,Total,45 - 49 Years,6791,3897,32,2862,0,57.38,74.72,42.3,32.42
district,Koshi,Okhaldhunga,Total,50 - 54 Years,8332,4188,42,4102,0,50.26,67.71,33.8,33.91
district,Koshi,Okhaldhunga,Total,55 - 59 Years,6504,2653,39,3812,0,40.79,59.3,23.22,36.08
district,Koshi,Okhaldhunga,Total,60 - 64 Years,6111,1955,32,4124,0,31.99,48.56,16.56,32.0
district,Koshi,Okhaldhunga,Total,65 - 69 Years,4717,1278,19,3419,1,27.09,42.91,12.82,30.09
district,Koshi,Okhaldhunga,Total,70 - 74 Years,3838,845,18,2975,0,22.02,37.69,7.96,29.73
district,Koshi,Okhaldhunga,Total,75+ Years,5091,783,16,4292,0,15.38,27.97,4.19,23.78
district,Koshi,Okhaldhunga,Male,Total,62954,51373,129,11450,2,81.6,81.6,66.6,15.0
district,Koshi,Okhaldhunga,Male,05 Year,1092,962,3,126,1,88.1,88.1,90.7,-2.6
district,Koshi,Okhaldhunga,Male,06 Year,1163,1110,6,47,0,95.44,95.44,96.09,-0.65
district,Koshi,Okhaldhunga,Male,07 Year,1098,1069,3,26,0,97.36,97.36,97.35,0.01
district,Koshi,Okhaldhunga,Male,08 Year,1190,1171,3,15,1,98.4,98.4,98.43,-0.03
district,Koshi,Okhaldhunga,Male,09 Year,1146,1132,0,14,0,98.78,98.78,98.54,0.24
district,Koshi,Okhaldhunga,Male,10 Year,1405,1375,1,29,0,97.86,97.86,98.52,-0.66
district,Koshi,Okhaldhunga,Male,11 Year,1124,1110,0,14,0,98.75,98.75,99.18,-0.43
district,Koshi,Okhaldhunga,Male,12 Year,1464,1445,0,19,0,98.7,98.7,99.28,-0.58
district,Koshi,Okhaldhunga,Male,13 Year,1346,1322,0,24,0,98.22,98.22,98.87,-0.65
district,Koshi,Okhaldhunga,Male,14 Year,1515,1501,0,14,0,99.08,99.08,99.04,0.04
district,Koshi,Okhaldhunga,Male,15 Year,1522,1499,0,23,0,98.49,98.49,98.77,-0.28
district,Koshi,Okhaldhunga,Male,16 - 19 Years,5797,5694,1,102,0,98.22,98.22,98.48,-0.26
district,Koshi,Okhaldhunga,Male,20 - 24 Years,6225,6048,2,175,0,97.16,97.16,94.94,2.22
district,Koshi,Okhaldhunga,Male,25 - 29 Years,5385,5099,5,281,0,94.69,94.69,90.24,4.45
district,Koshi,Okhaldhunga,Male,30 - 34 Years,4369,3936,5,428,0,90.09,90.09,78.52,11.57
district,Koshi,Okhaldhunga,Male,35 - 39 Years,3856,3354,7,495,0,86.98,86.98,67.28,19.7
district,Koshi,Okhaldhunga,Male,40 - 44 Years,3491,2823,10,658,0,80.87,80.87,54.38,26.49
district,Koshi,Okhaldhunga,Male,45 - 49 Years,3160,2361,6,793,0,74.72,74.72,42.3,32.42
district,Koshi,Okhaldhunga,Male,50 - 54 Years,4045,2739,15,1291,0,67.71,67.71,33.8,33.91
district,Koshi,Okhaldhunga,Male,55 - 59 Years,3167,1878,10,1279,0,59.3,59.3,23.22,36.08
district,Koshi,Okhaldhunga,Male,60 - 64 Years,2947,1431,17,1499,0,48.56,48.56,16.56,32.0
district,Koshi,Okhaldhunga,Male,65 - 69 Years,2237,960,12,1265,0,42.91,42.91,12.82,30.09
district,Koshi,Okhaldhunga,Male,70 - 74 Years,1815,684,9,1122,0,37.69,37.69,7.96,29.73
district,Koshi,Okhaldhunga,Male,75+ Years,2395,670,14,1711,0,27.97,27.97,4.19,23.78
district,Koshi,Okhaldhunga,Female,Total,66639,44379,210,22048,2,66.6,81.6,66.6,15.0
district,Koshi,Okhaldhunga,Female,05 Year,1054,956,4,94,0,90.7,88.1,90.7,-2.6
district,Koshi,Okhaldhunga,Female,06 Year,1203,1156,8,39,0,96.09,95.44,96.09,-0.65
district,Koshi,Okhaldhunga,Female,07 Year,1132,1102,2,28,0,97.35,97.36,97.35,0.01
district,Koshi,Okhaldhunga,Female,08 Year,1214,1195,2,17,0,98.43,98.4,98.43,-0.03
district,Koshi,Okhaldhunga,Female,09 Year,1165,1148,0,17,0,98.54,98.78,98.54,0.24
district,Koshi,Okhaldhunga,Female,10 Year,1216,1198,2,16,0,98.52,97.86,98.52,-0.66
district,Koshi,Okhaldhunga,Female,11 Year,1104,1095,0,9,0,99.18,98.75,99.18,-0.43
district,Koshi,Okhaldhunga,Female,12 Year,1384,1374,0,10,0,99.28,98.7,99.28,-0.58
district,Koshi,Okhaldhunga,Female,13 Year,1417,1401,0,16,0,98.87,98.22,98.87,-0.65
district,Koshi,Okhaldhunga,Female,14 Year,1461,1447,1,13,0,99.04,99.08,99.04,0.04
district,Koshi,Okhaldhunga,Female,15 Year,1544,1525,1,18,0,98.77,98.49,98.77,-0.28
district,Koshi,Okhaldhunga,Female,16 - 19 Years,5904,5814,2,88,0,98.48,98.22,98.48,-0.26
district,Koshi,Okhaldhunga,Female,20 - 24 Years,6616,6281,4,331,0,94.94,97.16,94.94,2.22
district,Koshi,Okhaldhunga,Female,25 - 29 Years,5645,5094,7,544,0,90.24,94.69,90.24,4.45
district,Koshi,Okhaldhunga,Female,30 - 34 Years,4605,3616,11,977,1,78.52,90.09,78.52,11.57
district,Koshi,Okhaldhunga,Female,35 - 39 Years,4315,2903,27,1385,0,67.28,86.98,67.28,19.7
district,Koshi,Okhaldhunga,Female,40 - 44 Years,4042,2198,24,1820,0,54.38,80.87,54.38,26.49
district,Koshi,Okhaldhunga,Female,45 - 49 Years,3631,1536,26,2069,0,42.3,74.72,42.3,32.42
district,Koshi,Okhaldhunga,Female,50 - 54 Years,4287,1449,27,2811,0,33.8,67.71,33.8,33.91
district,Koshi,Okhaldhunga,Female,55 - 59 Years,3337,775,29,2533,0,23.22,59.3,23.22,36.08
district,Koshi,Okhaldhunga,Female,60 - 64 Years,3164,524,15,2625,0,16.56,48.56,16.56,32.0
district,Koshi,Okhaldhunga,Female,65 - 69 Years,2480,318,7,2154,1,12.82,42.91,12.82,30.09
district,Koshi,Okhaldhunga,Female,70 - 74 Years,2023,161,9,1853,0,7.96,37.69,7.96,29.73
district,Koshi,Okhaldhunga,Female,75+ Years,2696,113,2,2581,0,4.19,27.97,4.19,23.78
district,Koshi,Khotang,Total,Total,160882,122248,511,38120,3,75.99,83.64,68.56,15.08
district,Koshi,Khotang,Total,05 Year,3294,2878,29,386,1,87.37,87.48,87.26,0.22
district,Koshi,Khotang,Total,06 Year,3334,3135,16,183,0,94.03,93.56,94.52,-0.96
district,Koshi,Khotang,Total,07 Year,3241,3141,8,92,0,96.91,96.8,97.03,-0.23
district,Koshi,Khotang,Total,08 Year,3361,3260,2,99,0,96.99,96.46,97.54,-1.08
district,Koshi,Khotang,Total,09 Year,3324,3271,4,49,0,98.41,98.24,98.57,-0.33
district,Koshi,Khotang,Total,10 Year,3440,3391,3,46,0,98.58,98.32,98.83,-0.51
district,Koshi,Khotang,Total,11 Year,3164,3128,0,36,0,98.86,98.88,98.85,0.03
district,Koshi,Khotang,Total,12 Year,3854,3811,0,43,0,98.88,98.97,98.8,0.17
district,Koshi,Khotang,Total,13 Year,3664,3615,0,48,1,98.66,98.59,98.74,-0.15
district,Koshi,Khotang,Total,14 Year,3905,3849,0,56,0,98.57,98.47,98.67,-0.2
district,Koshi,Khotang,Total,15 Year,3989,3928,1,60,0,98.47,98.09,98.85,-0.76
district,Koshi,Khotang,Total,16 - 19 Years,15185,14920,5,260,0,98.25,98.12,98.39,-0.27
district,Koshi,Khotang,Total,20 - 24 Years,15690,15174,6,510,0,96.71,96.88,96.56,0.32
district,Koshi,Khotang,Total,25 - 29 Years,13367,12605,12,750,0,94.3,96.25,92.37,3.88
district,Koshi,Khotang,Total,30 - 34 Years,10595,9420,21,1154,0,88.91,93.22,84.49,8.73
district,Koshi,Khotang,Total,35 - 39 Years,9623,7806,27,1790,0,81.12,90.6,72.21,18.39
district,Koshi,Khotang,Total,40 - 44 Years,8659,6150,42,2467,0,71.02,85.51,58.11,27.4
district,Koshi,Khotang,Total,45 - 49 Years,8009,4610,57,3342,0,57.56,76.97,40.61,36.36
district,Koshi,Khotang,Total,50 - 54 Years,9690,4679,62,4948,1,48.29,69.52,29.05,40.47
district,Koshi,Khotang,Total,55 - 59 Years,8130,3285,58,4787,0,40.41,62.3,19.79,42.51
district,Koshi,Khotang,Total,60 - 64 Years,7334,2481,35,4818,0,33.83,53.46,14.46,39.0
district,Koshi,Khotang,Total,65 - 69 Years,5665,1675,42,3948,0,29.57,47.94,11.35,36.59
district,Koshi,Khotang,Total,70 - 74 Years,4518,1094,43,3381,0,24.21,41.41,7.79,33.62
district,Koshi,Khotang,Total,75+ Years,5847,942,38,4867,0,16.11,28.05,4.17,23.88
district,Koshi,Khotang,Male,Total,79196,66242,242,12711,1,83.64,83.64,68.56,15.08
district,Koshi,Khotang,Male,05 Year,1669,1460,16,192,1,87.48,87.48,87.26,0.22
district,Koshi,Khotang,Male,06 Year,1709,1599,6,104,0,93.56,93.56,94.52,-0.96
district,Koshi,Khotang,Male,07 Year,1627,1575,6,46,0,96.8,96.8,97.03,-0.23
district,Koshi,Khotang,Male,08 Year,1693,1633,1,59,0,96.46,96.46,97.54,-1.08
district,Koshi,Khotang,Male,09 Year,1651,1622,1,28,0,98.24,98.24,98.57,-0.33
district,Koshi,Khotang,Male,10 Year,1731,1702,1,28,0,98.32,98.32,98.83,-0.51
district,Koshi,Khotang,Male,11 Year,1604,1586,0,18,0,98.88,98.88,98.85,0.03
district,Koshi,Khotang,Male,12 Year,1846,1827,0,19,0,98.97,98.97,98.8,0.17
district,Koshi,Khotang,Male,13 Year,1838,1812,0,26,0,98.59,98.59,98.74,-0.15
district,Koshi,Khotang,Male,14 Year,1956,1926,0,30,0,98.47,98.47,98.67,-0.2
district,Koshi,Khotang,Male,15 Year,1988,1950,1,37,0,98.09,98.09,98.85,-0.76
district,Koshi,Khotang,Male,16 - 19 Years,7593,7450,2,141,0,98.12,98.12,98.39,-0.27
district,Koshi,Khotang,Male,20 - 24 Years,7649,7410,2,237,0,96.88,96.88,96.56,0.32
district,Koshi,Khotang,Male,25 - 29 Years,6660,6410,5,245,0,96.25,96.25,92.37,3.88
district,Koshi,Khotang,Male,30 - 34 Years,5367,5003,5,359,0,93.22,93.22,84.49,8.73
district,Koshi,Khotang,Male,35 - 39 Years,4661,4223,3,435,0,90.6,90.6,72.21,18.39
district,Koshi,Khotang,Male,40 - 44 Years,4080,3489,11,580,0,85.51,85.51,58.11,27.4
district,Koshi,Khotang,Male,45 - 49 Years,3734,2874,16,844,0,76.97,76.97,40.61,36.36
district,Koshi,Khotang,Male,50 - 54 Years,4606,3202,29,1375,0,69.52,69.52,29.05,40.47
district,Koshi,Khotang,Male,55 - 59 Years,3942,2456,28,1458,0,62.3,62.3,19.79,42.51
district,Koshi,Khotang,Male,60 - 64 Years,3642,1947,15,1680,0,53.46,53.46,14.46,39.0
district,Koshi,Khotang,Male,65 - 69 Years,2820,1352,29,1439,0,47.94,47.94,11.35,36.59
district,Koshi,Khotang,Male,70 - 74 Years,2207,914,33,1260,0,41.41,41.41,7.79,33.62
district,Koshi,Khotang,Male,75+ Years,2923,820,32,2071,0,28.05,28.05,4.17,23.88
district,Koshi,Khotang,Female,Total,81686,56006,269,25409,2,68.56,83.64,68.56,15.08
district,Koshi,Khotang,Female,05 Year,1625,1418,13,194,0,87.26,87.48,87.26,0.22
district,Koshi,Khotang,Female,06 Year,1625,1536,10,79,0,94.52,93.56,94.52,-0.96
district,Koshi,Khotang,Female,07 Year,1614,1566,2,46,0,97.03,96.8,97.03,-0.23
district,Koshi,Khotang,Female,08 Year,1668,1627,1,40,0,97.54,96.46,97.54,-1.08
district,Koshi,Khotang,Female,09 Year,1673,1649,3,21,0,98.57,98.24,98.57,-0.33
district,Koshi,Khotang,Female,10 Year,1709,1689,2,18,0,98.83,98.32,98.83,-0.51
district,Koshi,Khotang,Female,11 Year,1560,1542,0,18,0,98.85,98.88,98.85,0.03
district,Koshi,Khotang,Female,12 Year,2008,1984,0,24,0,98.8,98.97,98.8,0.17
district,Koshi,Khotang,Female,13 Year,1826,1803,0,22,1,98.74,98.59,98.74,-0.15
district,Koshi,Khotang,Female,14 Year,1949,1923,0,26,0,98.67,98.47,98.67,-0.2
district,Koshi,Khotang,Female,15 Year,2001,1978,0,23,0,98.85,98.09,98.85,-0.76
district,Koshi,Khotang,Female,16 - 19 Years,7592,7470,3,119,0,98.39,98.12,98.39,-0.27
district,Koshi,Khotang,Female,20 - 24 Years,8041,7764,4,273,0,96.56,96.88,96.56,0.32
district,Koshi,Khotang,Female,25 - 29 Years,6707,6195,7,505,0,92.37,96.25,92.37,3.88
district,Koshi,Khotang,Female,30 - 34 Years,5228,4417,16,795,0,84.49,93.22,84.49,8.73
district,Koshi,Khotang,Female,35 - 39 Years,4962,3583,24,1355,0,72.21,90.6,72.21,18.39
district,Koshi,Khotang,Female,40 - 44 Years,4579,2661,31,1887,0,58.11,85.51,58.11,27.4
district,Koshi,Khotang,Female,45 - 49 Years,4275,1736,41,2498,0,40.61,76.97,40.61,36.36
district,Koshi,Khotang,Female,50 - 54 Years,5084,1477,33,3573,1,29.05,69.52,29.05,40.47
district,Koshi,Khotang,Female,55 - 59 Years,4188,829,30,3329,0,19.79,62.3,19.79,42.51
district,Koshi,Khotang,Female,60 - 64 Years,3692,534,20,3138,0,14.46,53.46,14.46,39.0
district,Koshi,Khotang,Female,65 - 69 Years,2845,323,13,2509,0,11.35,47.94,11.35,36.59
district,Koshi,Khotang,Female,70 - 74 Years,2311,180,10,2121,0,7.79,41.41,7.79,33.62
district,Koshi,Khotang,Female,75+ Years,2924,122,6,2796,0,4.17,28.05,4.17,23.88
district,Koshi,Bhojpur,Total,Total,145695,114914,886,29890,5,78.87,86.09,71.84,14.25
district,Koshi,Bhojpur,Total,05 Year,2844,2526,58,257,3,88.82,87.71,89.88,-2.17
district,Koshi,Bhojpur,Total,06 Year,2988,2851,19,117,1,95.41,95.36,95.47,-0.11
district,Koshi,Bhojpur,Total,07 Year,2795,2737,11,47,0,97.92,97.84,98.0,-0.16
district,Koshi,Bhojpur,Total,08 Year,3036,2990,11,35,0,98.48,98.25,98.73,-0.48
district,Koshi,Bhojpur,Total,09 Year,2777,2744,2,31,0,98.81,98.93,98.69,0.24
district,Koshi,Bhojpur,Total,10 Year,2957,2929,2,26,0,99.05,98.86,99.25,-0.39
district,Koshi,Bhojpur,Total,11 Year,2892,2876,2,14,0,99.45,99.58,99.32,0.26
district,Koshi,Bhojpur,Total,12 Year,3247,3225,0,22,0,99.32,99.34,99.3,0.04
district,Koshi,Bhojpur,Total,13 Year,3253,3232,1,20,0,99.35,99.33,99.38,-0.05
district,Koshi,Bhojpur,Total,14 Year,3252,3227,0,25,0,99.23,99.27,99.19,0.08
district,Koshi,Bhojpur,Total,15 Year,3269,3235,1,33,0,98.96,98.71,99.21,-0.5
district,Koshi,Bhojpur,Total,16 - 19 Years,12832,12662,5,164,1,98.68,98.69,98.66,0.03
district,Koshi,Bhojpur,Total,20 - 24 Years,13679,13339,11,329,0,97.51,97.73,97.31,0.42
district,Koshi,Bhojpur,Total,25 - 29 Years,12388,11861,5,522,0,95.75,96.47,95.0,1.47
district,Koshi,Bhojpur,Total,30 - 34 Years,10409,9546,34,829,0,91.71,95.2,88.21,6.99
district,Koshi,Bhojpur,Total,35 - 39 Years,9452,8118,65,1269,0,85.89,93.13,78.99,14.14
district,Koshi,Bhojpur,Total,40 - 44 Years,8496,6579,92,1825,0,77.44,88.69,67.39,21.3
district,Koshi,Bhojpur,Total,45 - 49 Years,7783,5125,87,2571,0,65.85,81.41,51.42,29.99
district,Koshi,Bhojpur,Total,50 - 54 Years,8857,5008,133,3716,0,56.54,76.75,38.02,38.73
district,Koshi,Bhojpur,Total,55 - 59 Years,7583,3562,96,3925,0,46.97,66.98,28.05,38.93
district,Koshi,Bhojpur,Total,60 - 64 Years,6908,2628,91,4189,0,38.04,56.59,20.01,36.58
district,Koshi,Bhojpur,Total,65 - 69 Years,4991,1770,68,3153,0,35.46,54.29,17.66,36.63
district,Koshi,Bhojpur,Total,70 - 74 Years,3934,1070,51,2813,0,27.2,45.25,10.81,34.44
district,Koshi,Bhojpur,Total,75+ Years,5073,1074,41,3958,0,21.17,35.73,6.72,29.01
district,Koshi,Bhojpur,Male,Total,71909,61905,354,9648,2,86.09,86.09,71.84,14.25
district,Koshi,Bhojpur,Male,05 Year,1391,1220,29,141,1,87.71,87.71,89.88,-2.17
district,Koshi,Bhojpur,Male,06 Year,1530,1459,12,58,1,95.36,95.36,95.47,-0.11
district,Koshi,Bhojpur,Male,07 Year,1343,1314,7,22,0,97.84,97.84,98.0,-0.16
district,Koshi,Bhojpur,Male,08 Year,1542,1515,7,20,0,98.25,98.25,98.73,-0.48
district,Koshi,Bhojpur,Male,09 Year,1406,1391,1,14,0,98.93,98.93,98.69,0.24
district,Koshi,Bhojpur,Male,10 Year,1485,1468,1,16,0,98.86,98.86,99.25,-0.39
district,Koshi,Bhojpur,Male,11 Year,1426,1420,1,5,0,99.58,99.58,99.32,0.26
district,Koshi,Bhojpur,Male,12 Year,1677,1666,0,11,0,99.34,99.34,99.3,0.04
district,Koshi,Bhojpur,Male,13 Year,1631,1620,1,10,0,99.33,99.33,99.38,-0.05
district,Koshi,Bhojpur,Male,14 Year,1646,1634,0,12,0,99.27,99.27,99.19,0.08
district,Koshi,Bhojpur,Male,15 Year,1632,1611,1,20,0,98.71,98.71,99.21,-0.5
district,Koshi,Bhojpur,Male,16 - 19 Years,6546,6460,3,83,0,98.69,98.69,98.66,0.03
district,Koshi,Bhojpur,Male,20 - 24 Years,6640,6489,7,144,0,97.73,97.73,97.31,0.42
district,Koshi,Bhojpur,Male,25 - 29 Years,6290,6068,1,221,0,96.47,96.47,95.0,1.47
district,Koshi,Bhojpur,Male,30 - 34 Years,5210,4960,10,240,0,95.2,95.2,88.21,6.99
district,Koshi,Bhojpur,Male,35 - 39 Years,4611,4294,20,297,0,93.13,93.13,78.99,14.14
district,Koshi,Bhojpur,Male,40 - 44 Years,4007,3554,18,435,0,88.69,88.69,67.39,21.3
district,Koshi,Bhojpur,Male,45 - 49 Years,3744,3048,22,674,0,81.41,81.41,51.42,29.99
district,Koshi,Bhojpur,Male,50 - 54 Years,4236,3251,39,946,0,76.75,76.75,38.02,38.73
district,Koshi,Bhojpur,Male,55 - 59 Years,3686,2469,35,1182,0,66.98,66.98,28.05,38.93
district,Koshi,Bhojpur,Male,60 - 64 Years,3405,1927,40,1438,0,56.59,56.59,20.01,36.58
district,Koshi,Bhojpur,Male,65 - 69 Years,2426,1317,37,1072,0,54.29,54.29,17.66,36.63
district,Koshi,Bhojpur,Male,70 - 74 Years,1872,847,28,997,0,45.25,45.25,10.81,34.44
district,Koshi,Bhojpur,Male,75+ Years,2527,903,34,1590,0,35.73,35.73,6.72,29.01
district,Koshi,Bhojpur,Female,Total,73786,53009,532,20242,3,71.84,86.09,71.84,14.25
district,Koshi,Bhojpur,Female,05 Year,1453,1306,29,116,2,89.88,87.71,89.88,-2.17
district,Koshi,Bhojpur,Female,06 Year,1458,1392,7,59,0,95.47,95.36,95.47,-0.11
district,Koshi,Bhojpur,Female,07 Year,1452,1423,4,25,0,98.0,97.84,98.0,-0.16
district,Koshi,Bhojpur,Female,08 Year,1494,1475,4,15,0,98.73,98.25,98.73,-0.48
district,Koshi,Bhojpur,Female,09 Year,1371,1353,1,17,0,98.69,98.93,98.69,0.24
district,Koshi,Bhojpur,Female,10 Year,1472,1461,1,10,0,99.25,98.86,99.25,-0.39
district,Koshi,Bhojpur,Female,11 Year,1466,1456,1,9,0,99.32,99.58,99.32,0.26
district,Koshi,Bhojpur,Female,12 Year,1570,1559,0,11,0,99.3,99.34,99.3,0.04
district,Koshi,Bhojpur,Female,13 Year,1622,1612,0,10,0,99.38,99.33,99.38,-0.05
district,Koshi,Bhojpur,Female,14 Year,1606,1593,0,13,0,99.19,99.27,99.19,0.08
district,Koshi,Bhojpur,Female,15 Year,1637,1624,0,13,0,99.21,98.71,99.21,-0.5
district,Koshi,Bhojpur,Female,16 - 19 Years,6286,6202,2,81,1,98.66,98.69,98.66,0.03
district,Koshi,Bhojpur,Female,20 - 24 Years,7039,6850,4,185,0,97.31,97.73,97.31,0.42
district,Koshi,Bhojpur,Female,25 - 29 Years,6098,5793,4,301,0,95.0,96.47,95.0,1.47
district,Koshi,Bhojpur,Female,30 - 34 Years,5199,4586,24,589,0,88.21,95.2,88.21,6.99
district,Koshi,Bhojpur,Female,35 - 39 Years,4841,3824,45,972,0,78.99,93.13,78.99,14.14
district,Koshi,Bhojpur,Female,40 - 44 Years,4489,3025,74,1390,0,67.39,88.69,67.39,21.3
district,Koshi,Bhojpur,Female,45 - 49 Years,4039,2077,65,1897,0,51.42,81.41,51.42,29.99
district,Koshi,Bhojpur,Female,50 - 54 Years,4621,1757,94,2770,0,38.02,76.75,38.02,38.73
district,Koshi,Bhojpur,Female,55 - 59 Years,3897,1093,61,2743,0,28.05,66.98,28.05,38.93
district,Koshi,Bhojpur,Female,60 - 64 Years,3503,701,51,2751,0,20.01,56.59,20.01,36.58
district,Koshi,Bhojpur,Female,65 - 69 Years,2565,453,31,2081,0,17.66,54.29,17.66,36.63
district,Koshi,Bhojpur,Female,70 - 74 Years,2062,223,23,1816,0,10.81,45.25,10.81,34.44
district,Koshi,Bhojpur,Female,75+ Years,2546,171,7,2368,0,6.72,35.73,6.72,29.01
district,Koshi,Dhankuta,Total,Total,139893,113816,474,25596,7,81.36,88.18,74.85,13.33
district,Koshi,Dhankuta,Total,05 Year,2572,2357,23,185,7,91.64,91.37,91.94,-0.57
district,Koshi,Dhankuta,Total,06 Year,2534,2436,13,85,0,96.13,95.37,96.96,-1.59
district,Koshi,Dhankuta,Total,07 Year,2580,2532,12,36,0,98.14,97.9,98.4,-0.5
district,Koshi,Dhankuta,Total,08 Year,2676,2647,2,27,0,98.92,99.13,98.68,0.45
district,Koshi,Dhankuta,Total,09 Year,2464,2438,3,23,0,98.94,98.87,99.02,-0.15
district,Koshi,Dhankuta,Total,10 Year,2733,2717,0,16,0,99.41,99.22,99.62,-0.4
district,Koshi,Dhankuta,Total,11 Year,2347,2333,0,14,0,99.4,99.59,99.21,0.38
district,Koshi,Dhankuta,Total,12 Year,2678,2666,0,12,0,99.55,99.49,99.62,-0.13
district,Koshi,Dhankuta,Total,13 Year,2702,2690,1,11,0,99.56,99.55,99.56,-0.01
district,Koshi,Dhankuta,Total,14 Year,2864,2850,0,14,0,99.51,99.59,99.43,0.16
district,Koshi,Dhankuta,Total,15 Year,2878,2860,0,18,0,99.37,99.38,99.37,0.01
district,Koshi,Dhankuta,Total,16 - 19 Years,11468,11382,1,85,0,99.25,99.28,99.22,0.06
district,Koshi,Dhankuta,Total,20 - 24 Years,13496,13322,2,172,0,98.71,98.77,98.66,0.11
district,Koshi,Dhankuta,Total,25 - 29 Years,12248,11938,17,293,0,97.47,98.05,96.92,1.13
district,Koshi,Dhankuta,Total,30 - 34 Years,10877,10350,17,510,0,95.15,96.96,93.53,3.43
district,Koshi,Dhankuta,Total,35 - 39 Years,10309,9451,21,837,0,91.68,95.59,88.0,7.59
district,Koshi,Dhankuta,Total,40 - 44 Years,9324,7773,32,1519,0,83.37,92.4,75.71,16.69
district,Koshi,Dhankuta,Total,45 - 49 Years,8054,5678,68,2308,0,70.5,84.9,57.67,27.23
district,Koshi,Dhankuta,Total,50 - 54 Years,8720,5256,57,3407,0,60.28,78.52,42.99,35.53
district,Koshi,Dhankuta,Total,55 - 59 Years,7249,3553,65,3631,0,49.01,71.24,28.84,42.4
district,Koshi,Dhankuta,Total,60 - 64 Years,6402,2758,57,3587,0,43.08,63.02,23.22,39.8
district,Koshi,Dhankuta,Total,65 - 69 Years,4912,1800,35,3077,0,36.64,56.0,18.29,37.71
district,Koshi,Dhankuta,Total,70 - 74 Years,3454,1136,23,2295,0,32.89,51.99,13.61,38.38
district,Koshi,Dhankuta,Total,75+ Years,4352,893,25,3434,0,20.52,36.72,5.57,31.15
district,Koshi,Dhankuta,Male,Total,68325,60248,179,7895,3,88.18,88.18,74.85,13.33
district,Koshi,Dhankuta,Male,05 Year,1332,1217,15,97,3,91.37,91.37,91.94,-0.57
district,Koshi,Dhankuta,Male,06 Year,1318,1257,7,54,0,95.37,95.37,96.96,-1.59
district,Koshi,Dhankuta,Male,07 Year,1332,1304,7,21,0,97.9,97.9,98.4,-0.5
district,Koshi,Dhankuta,Male,08 Year,1384,1372,0,12,0,99.13,99.13,98.68,0.45
district,Koshi,Dhankuta,Male,09 Year,1242,1228,3,11,0,98.87,98.87,99.02,-0.15
district,Koshi,Dhankuta,Male,10 Year,1404,1393,0,11,0,99.22,99.22,99.62,-0.4
district,Koshi,Dhankuta,Male,11 Year,1209,1204,0,5,0,99.59,99.59,99.21,0.38
district,Koshi,Dhankuta,Male,12 Year,1363,1356,0,7,0,99.49,99.49,99.62,-0.13
district,Koshi,Dhankuta,Male,13 Year,1333,1327,1,5,0,99.55,99.55,99.56,-0.01
district,Koshi,Dhankuta,Male,14 Year,1449,1443,0,6,0,99.59,99.59,99.43,0.16
district,Koshi,Dhankuta,Male,15 Year,1457,1448,0,9,0,99.38,99.38,99.37,0.01
district,Koshi,Dhankuta,Male,16 - 19 Years,5715,5674,0,41,0,99.28,99.28,99.22,0.06
district,Koshi,Dhankuta,Male,20 - 24 Years,6505,6425,1,79,0,98.77,98.77,98.66,0.11
district,Koshi,Dhankuta,Male,25 - 29 Years,5959,5843,7,109,0,98.05,98.05,96.92,1.13
district,Koshi,Dhankuta,Male,30 - 34 Years,5158,5001,7,150,0,96.96,96.96,93.53,3.43
district,Koshi,Dhankuta,Male,35 - 39 Years,4993,4773,7,213,0,95.59,95.59,88.0,7.59
district,Koshi,Dhankuta,Male,40 - 44 Years,4277,3952,6,319,0,92.4,92.4,75.71,16.69
district,Koshi,Dhankuta,Male,45 - 49 Years,3795,3222,15,558,0,84.9,84.9,57.67,27.23
district,Koshi,Dhankuta,Male,50 - 54 Years,4242,3331,13,898,0,78.52,78.52,42.99,35.53
district,Koshi,Dhankuta,Male,55 - 59 Years,3449,2457,19,973,0,71.24,71.24,28.84,42.4
district,Koshi,Dhankuta,Male,60 - 64 Years,3194,2013,20,1161,0,63.02,63.02,23.22,39.8
district,Koshi,Dhankuta,Male,65 - 69 Years,2391,1339,19,1033,0,56.0,56.0,18.29,37.71
district,Koshi,Dhankuta,Male,70 - 74 Years,1735,902,16,817,0,51.99,51.99,13.61,38.38
district,Koshi,Dhankuta,Male,75+ Years,2089,767,16,1306,0,36.72,36.72,5.57,31.15
district,Koshi,Dhankuta,Female,Total,71568,53568,295,17701,4,74.85,88.18,74.85,13.33
district,Koshi,Dhankuta,Female,05 Year,1240,1140,8,88,4,91.94,91.37,91.94,-0.57
district,Koshi,Dhankuta,Female,06 Year,1216,1179,6,31,0,96.96,95.37,96.96,-1.59
district,Koshi,Dhankuta,Female,07 Year,1248,1228,5,15,0,98.4,97.9,98.4,-0.5
district,Koshi,Dhankuta,Female,08 Year,1292,1275,2,15,0,98.68,99.13,98.68,0.45
district,Koshi,Dhankuta,Female,09 Year,1222,1210,0,12,0,99.02,98.87,99.02,-0.15
district,Koshi,Dhankuta,Female,10 Year,1329,1324,0,5,0,99.62,99.22,99.62,-0.4
district,Koshi,Dhankuta,Female,11 Year,1138,1129,0,9,0,99.21,99.59,99.21,0.38
district,Koshi,Dhankuta,Female,12 Year,1315,1310,0,5,0,99.62,99.49,99.62,-0.13
district,Koshi,Dhankuta,Female,13 Year,1369,1363,0,6,0,99.56,99.55,99.56,-0.01
district,Koshi,Dhankuta,Female,14 Year,1415,1407,0,8,0,99.43,99.59,99.43,0.16
district,Koshi,Dhankuta,Female,15 Year,1421,1412,0,9,0,99.37,99.38,99.37,0.01
district,Koshi,Dhankuta,Female,16 - 19 Years,5753,5708,1,44,0,99.22,99.28,99.22,0.06
district,Koshi,Dhankuta,Female,20 - 24 Years,6991,6897,1,93,0,98.66,98.77,98.66,0.11
district,Koshi,Dhankuta,Female,25 - 29 Years,6289,6095,10,184,0,96.92,98.05,96.92,1.13
district,Koshi,Dhankuta,Female,30 - 34 Years,5719,5349,10,360,0,93.53,96.96,93.53,3.43
district,Koshi,Dhankuta,Female,35 - 39 Years,5316,4678,14,624,0,88.0,95.59,88.0,7.59
district,Koshi,Dhankuta,Female,40 - 44 Years,5047,3821,26,1200,0,75.71,92.4,75.71,16.69
district,Koshi,Dhankuta,Female,45 - 49 Years,4259,2456,53,1750,0,57.67,84.9,57.67,27.23
district,Koshi,Dhankuta,Female,50 - 54 Years,4478,1925,44,2509,0,42.99,78.52,42.99,35.53
district,Koshi,Dhankuta,Female,55 - 59 Years,3800,1096,46,2658,0,28.84,71.24,28.84,42.4
district,Koshi,Dhankuta,Female,60 - 64 Years,3208,745,37,2426,0,23.22,63.02,23.22,39.8
district,Koshi,Dhankuta,Female,65 - 69 Years,2521,461,16,2044,0,18.29,56.0,18.29,37.71
district,Koshi,Dhankuta,Female,70 - 74 Years,1719,234,7,1478,0,13.61,51.99,13.61,38.38
district,Koshi,Dhankuta,Female,75+ Years,2263,126,9,2128,0,5.57,36.72,5.57,31.15
district,Koshi,Terhathum,Total,Total,81982,67178,268,14531,5,81.94,89.25,74.96,14.29
district,Koshi,Terhathum,Total,05 Year,1646,1446,26,171,3,87.85,86.57,89.21,-2.64
district,Koshi,Terhathum,Total,06 Year,1615,1531,18,66,0,94.8,94.85,94.75,0.1
district,Koshi,Terhathum,Total,07 Year,1676,1635,11,30,0,97.55,97.66,97.45,0.21
district,Koshi,Terhathum,Total,08 Year,1616,1586,4,26,0,98.14,98.04,98.24,-0.2
district,Koshi,Terhathum,Total,09 Year,1574,1552,3,19,0,98.6,98.75,98.44,0.31
district,Koshi,Terhathum,Total,10 Year,1612,1595,0,17,0,98.95,99.03,98.85,0.18
district,Koshi,Terhathum,Total,11 Year,1415,1406,0,8,1,99.36,99.16,99.57,-0.41
district,Koshi,Terhathum,Total,12 Year,1578,1563,0,15,0,99.05,99.03,99.07,-0.04
district,Koshi,Terhathum,Total,13 Year,1558,1545,0,12,1,99.17,98.74,99.61,-0.87
district,Koshi,Terhathum,Total,14 Year,1687,1676,1,10,0,99.35,99.27,99.42,-0.15
district,Koshi,Terhathum,Total,15 Year,1780,1765,0,15,0,99.16,98.81,99.53,-0.72
district,Koshi,Terhathum,Total,16 - 19 Years,7100,7040,3,57,0,99.15,99.06,99.25,-0.19
district,Koshi,Terhathum,Total,20 - 24 Years,8018,7875,2,141,0,98.22,98.48,97.98,0.5
district,Koshi,Terhathum,Total,25 - 29 Years,7065,6861,13,191,0,97.11,97.31,96.93,0.38
district,Koshi,Terhathum,Total,30 - 34 Years,6275,5974,6,295,0,95.2,96.98,93.49,3.49
district,Koshi,Terhathum,Total,35 - 39 Years,5706,5190,12,504,0,90.96,94.98,87.16,7.82
district,Koshi,Terhathum,Total,40 - 44 Years,5093,4323,13,757,0,84.88,92.51,78.01,14.5
district,Koshi,Terhathum,Total,45 - 49 Years,4383,3139,21,1223,0,71.62,88.4,57.96,30.44
district,Koshi,Terhathum,Total,50 - 54 Years,5095,3314,20,1761,0,65.04,84.08,47.41,36.67
district,Koshi,Terhathum,Total,55 - 59 Years,4131,2140,34,1957,0,51.8,75.39,29.94,45.45
district,Koshi,Terhathum,Total,60 - 64 Years,3906,1681,33,2192,0,43.04,65.32,20.1,45.22
district,Koshi,Terhathum,Total,65 - 69 Years,2770,1040,14,1716,0,37.55,60.85,15.68,45.17
district,Koshi,Terhathum,Total,70 - 74 Years,2052,636,14,1402,0,30.99,54.59,9.88,44.71
district,Koshi,Terhathum,Total,75+ Years,2631,665,20,1946,0,25.28,45.31,6.36,38.95
district,Koshi,Terhathum,Male,Total,40046,35742,120,4180,4,89.25,89.25,74.96,14.29
district,Koshi,Terhathum,Male,05 Year,849,735,13,99,2,86.57,86.57,89.21,-2.64
district,Koshi,Terhathum,Male,06 Year,815,773,8,34,0,94.85,94.85,94.75,0.1
district,Koshi,Terhathum,Male,07 Year,853,833,4,16,0,97.66,97.66,97.45,0.21
district,Koshi,Terhathum,Male,08 Year,766,751,2,13,0,98.04,98.04,98.24,-0.2
district,Koshi,Terhathum,Male,09 Year,803,793,1,9,0,98.75,98.75,98.44,0.31
district,Koshi,Terhathum,Male,10 Year,828,820,0,8,0,99.03,99.03,98.85,0.18
district,Koshi,Terhathum,Male,11 Year,712,706,0,5,1,99.16,99.16,99.57,-0.41
district,Koshi,Terhathum,Male,12 Year,825,817,0,8,0,99.03,99.03,99.07,-0.04
district,Koshi,Terhathum,Male,13 Year,791,781,0,9,1,98.74,98.74,99.61,-0.87
district,Koshi,Terhathum,Male,14 Year,819,813,0,6,0,99.27,99.27,99.42,-0.15
district,Koshi,Terhathum,Male,15 Year,924,913,0,11,0,98.81,98.81,99.53,-0.72
district,Koshi,Terhathum,Male,16 - 19 Years,3627,3593,2,32,0,99.06,99.06,99.25,-0.19
district,Koshi,Terhathum,Male,20 - 24 Years,3814,3756,0,58,0,98.48,98.48,97.98,0.5
district,Koshi,Terhathum,Male,25 - 29 Years,3380,3289,6,85,0,97.31,97.31,96.93,0.38
district,Koshi,Terhathum,Male,30 - 34 Years,3082,2989,3,90,0,96.98,96.98,93.49,3.49
district,Koshi,Terhathum,Male,35 - 39 Years,2771,2632,1,138,0,94.98,94.98,87.16,7.82
district,Koshi,Terhathum,Male,40 - 44 Years,2415,2234,3,178,0,92.51,92.51,78.01,14.5
district,Koshi,Terhathum,Male,45 - 49 Years,1966,1738,2,226,0,88.4,88.4,57.96,30.44
district,Koshi,Terhathum,Male,50 - 54 Years,2450,2060,7,383,0,84.08,84.08,47.41,36.67
district,Koshi,Terhathum,Male,55 - 59 Years,1987,1498,11,478,0,75.39,75.39,29.94,45.45
district,Koshi,Terhathum,Male,60 - 64 Years,1981,1294,21,666,0,65.32,65.32,20.1,45.22
district,Koshi,Terhathum,Male,65 - 69 Years,1341,816,9,516,0,60.85,60.85,15.68,45.17
district,Koshi,Terhathum,Male,70 - 74 Years,969,529,11,429,0,54.59,54.59,9.88,44.71
district,Koshi,Terhathum,Male,75+ Years,1278,579,16,683,0,45.31,45.31,6.36,38.95
district,Koshi,Terhathum,Female,Total,41936,31436,148,10351,1,74.96,89.25,74.96,14.29
district,Koshi,Terhathum,Female,05 Year,797,711,13,72,1,89.21,86.57,89.21,-2.64
district,Koshi,Terhathum,Female,06 Year,800,758,10,32,0,94.75,94.85,94.75,0.1
district,Koshi,Terhathum,Female,07 Year,823,802,7,14,0,97.45,97.66,97.45,0.21
district,Koshi,Terhathum,Female,08 Year,850,835,2,13,0,98.24,98.04,98.24,-0.2
district,Koshi,Terhathum,Female,09 Year,771,759,2,10,0,98.44,98.75,98.44,0.31
district,Koshi,Terhathum,Female,10 Year,784,775,0,9,0,98.85,99.03,98.85,0.18
district,Koshi,Terhathum,Female,11 Year,703,700,0,3,0,99.57,99.16,99.57,-0.41
district,Koshi,Terhathum,Female,12 Year,753,746,0,7,0,99.07,99.03,99.07,-0.04
district,Koshi,Terhathum,Female,13 Year,767,764,0,3,0,99.61,98.74,99.61,-0.87
district,Koshi,Terhathum,Female,14 Year,868,863,1,4,0,99.42,99.27,99.42,-0.15
district,Koshi,Terhathum,Female,15 Year,856,852,0,4,0,99.53,98.81,99.53,-0.72
district,Koshi,Terhathum,Female,16 - 19 Years,3473,3447,1,25,0,99.25,99.06,99.25,-0.19
district,Koshi,Terhathum,Female,20 - 24 Years,4204,4119,2,83,0,97.98,98.48,97.98,0.5
district,Koshi,Terhathum,Female,25 - 29 Years,3685,3572,7,106,0,96.93,97.31,96.93,0.38
district,Koshi,Terhathum,Female,30 - 34 Years,3193,2985,3,205,0,93.49,96.98,93.49,3.49
district,Koshi,Terhathum,Female,35 - 39 Years,2935,2558,11,366,0,87.16,94.98,87.16,7.82
district,Koshi,Terhathum,Female,40 - 44 Years,2678,2089,10,579,0,78.01,92.51,78.01,14.5
district,Koshi,Terhathum,Female,45 - 49 Years,2417,1401,19,997,0,57.96,88.4,57.96,30.44
district,Koshi,Terhathum,Female,50 - 54 Years,2645,1254,13,1378,0,47.41,84.08,47.41,36.67
district,Koshi,Terhathum,Female,55 - 59 Years,2144,642,23,1479,0,29.94,75.39,29.94,45.45
district,Koshi,Terhathum,Female,60 - 64 Years,1925,387,12,1526,0,20.1,65.32,20.1,45.22
district,Koshi,Terhathum,Female,65 - 69 Years,1429,224,5,1200,0,15.68,60.85,15.68,45.17
district,Koshi,Terhathum,Female,70 - 74 Years,1083,107,3,973,0,9.88,54.59,9.88,44.71
district,Koshi,Terhathum,Female,75+ Years,1353,86,4,1263,0,6.36,45.31,6.36,38.95
district,Koshi,Panchthar,Total,Total,158424,130362,305,27748,9,82.29,88.68,76.0,12.68
district,Koshi,Panchthar,Total,05 Year,3204,2887,22,292,3,90.11,88.79,91.46,-2.67
district,Koshi,Panchthar,Total,06 Year,3271,3133,29,108,1,95.78,95.5,96.08,-0.58
district,Koshi,Panchthar,Total,07 Year,3198,3150,7,40,1,98.5,98.28,98.73,-0.45
district,Koshi,Panchthar,Total,08 Year,3116,3066,7,43,0,98.4,98.33,98.46,-0.13
district,Koshi,Panchthar,Total,09 Year,3010,2988,2,20,0,99.27,99.08,99.46,-0.38
district,Koshi,Panchthar,Total,10 Year,2994,2983,0,11,0,99.63,99.6,99.67,-0.07
district,Koshi,Panchthar,Total,11 Year,2837,2819,0,18,0,99.37,99.35,99.38,-0.03
district,Koshi,Panchthar,Total,12 Year,3041,3027,0,14,0,99.54,99.49,99.59,-0.1
district,Koshi,Panchthar,Total,13 Year,3242,3224,0,17,1,99.44,99.57,99.32,0.25
district,Koshi,Panchthar,Total,14 Year,3435,3418,0,17,0,99.51,99.82,99.19,0.63
district,Koshi,Panchthar,Total,15 Year,3524,3502,1,21,0,99.38,99.21,99.54,-0.33
district,Koshi,Panchthar,Total,16 - 19 Years,14125,14000,2,123,0,99.12,98.95,99.29,-0.34
district,Koshi,Panchthar,Total,20 - 24 Years,16413,16206,1,206,0,98.74,98.85,98.63,0.22
district,Koshi,Panchthar,Total,25 - 29 Years,14719,14388,4,327,0,97.75,97.98,97.53,0.45
district,Koshi,Panchthar,Total,30 - 34 Years,12303,11753,7,543,0,95.53,96.82,94.24,2.58
district,Koshi,Panchthar,Total,35 - 39 Years,10929,9969,14,946,0,91.22,95.66,86.98,8.68
district,Koshi,Panchthar,Total,40 - 44 Years,9345,7739,25,1581,0,82.81,91.76,74.76,17.0
district,Koshi,Panchthar,Total,45 - 49 Years,8089,5678,19,2391,1,70.19,85.37,56.94,28.43
district,Koshi,Panchthar,Total,50 - 54 Years,9404,5610,40,3754,0,59.66,79.49,41.35,38.14
district,Koshi,Panchthar,Total,55 - 59 Years,7978,4014,26,3938,0,50.31,72.77,28.36,44.41
district,Koshi,Panchthar,Total,60 - 64 Years,7097,2912,34,4149,2,41.03,61.06,20.75,40.31
district,Koshi,Panchthar,Total,65 - 69 Years,5170,1877,24,3269,0,36.31,56.2,15.48,40.72
district,Koshi,Panchthar,Total,70 - 74 Years,3557,1040,20,2497,0,29.24,49.01,9.77,39.24
district,Koshi,Panchthar,Total,75+ Years,4423,979,21,3423,0,22.13,37.39,6.2,31.19
district,Koshi,Panchthar,Male,Total,78552,69656,129,8763,4,88.68,88.68,76.0,12.68
district,Koshi,Panchthar,Male,05 Year,1623,1441,12,168,2,88.79,88.79,91.46,-2.67
district,Koshi,Panchthar,Male,06 Year,1665,1590,16,58,1,95.5,95.5,96.08,-0.58
district,Koshi,Panchthar,Male,07 Year,1629,1601,4,24,0,98.28,98.28,98.73,-0.45
district,Koshi,Panchthar,Male,08 Year,1555,1529,4,22,0,98.33,98.33,98.46,-0.13
district,Koshi,Panchthar,Male,09 Year,1522,1508,0,14,0,99.08,99.08,99.46,-0.38
district,Koshi,Panchthar,Male,10 Year,1488,1482,0,6,0,99.6,99.6,99.67,-0.07
district,Koshi,Panchthar,Male,11 Year,1385,1376,0,9,0,99.35,99.35,99.38,-0.03
district,Koshi,Panchthar,Male,12 Year,1562,1554,0,8,0,99.49,99.49,99.59,-0.1
district,Koshi,Panchthar,Male,13 Year,1618,1611,0,6,1,99.57,99.57,99.32,0.25
district,Koshi,Panchthar,Male,14 Year,1713,1710,0,3,0,99.82,99.82,99.19,0.63
district,Koshi,Panchthar,Male,15 Year,1779,1765,1,13,0,99.21,99.21,99.54,-0.33
district,Koshi,Panchthar,Male,16 - 19 Years,7208,7132,0,76,0,98.95,98.95,99.29,-0.34
district,Koshi,Panchthar,Male,20 - 24 Years,8107,8014,0,93,0,98.85,98.85,98.63,0.22
district,Koshi,Panchthar,Male,25 - 29 Years,7313,7165,2,146,0,97.98,97.98,97.53,0.45
district,Koshi,Panchthar,Male,30 - 34 Years,6159,5963,5,191,0,96.82,96.82,94.24,2.58
district,Koshi,Panchthar,Male,35 - 39 Years,5328,5097,2,229,0,95.66,95.66,86.98,8.68
district,Koshi,Panchthar,Male,40 - 44 Years,4429,4064,9,356,0,91.76,91.76,74.76,17.0
district,Koshi,Panchthar,Male,45 - 49 Years,3772,3220,7,545,0,85.37,85.37,56.94,28.43
district,Koshi,Panchthar,Male,50 - 54 Years,4514,3588,8,918,0,79.49,79.49,41.35,38.14
district,Koshi,Panchthar,Male,55 - 59 Years,3944,2870,9,1065,0,72.77,72.77,28.36,44.41
district,Koshi,Panchthar,Male,60 - 64 Years,3570,2180,15,1375,0,61.06,61.06,20.75,40.31
district,Koshi,Panchthar,Male,65 - 69 Years,2644,1486,14,1144,0,56.2,56.2,15.48,40.72
district,Koshi,Panchthar,Male,70 - 74 Years,1765,865,9,891,0,49.01,49.01,9.77,39.24
district,Koshi,Panchthar,Male,75+ Years,2260,845,12,1403,0,37.39,37.39,6.2,31.19
district,Koshi,Panchthar,Female,Total,79872,60706,176,18985,5,76.0,88.68,76.0,12.68
district,Koshi,Panchthar,Female,05 Year,1581,1446,10,124,1,91.46,88.79,91.46,-2.67
district,Koshi,Panchthar,Female,06 Year,1606,1543,13,50,0,96.08,95.5,96.08,-0.58
district,Koshi,Panchthar,Female,07 Year,1569,1549,3,16,1,98.73,98.28,98.73,-0.45
district,Koshi,Panchthar,Female,08 Year,1561,1537,3,21,0,98.46,98.33,98.46,-0.13
district,Koshi,Panchthar,Female,09 Year,1488,1480,2,6,0,99.46,99.08,99.46,-0.38
district,Koshi,Panchthar,Female,10 Year,1506,1501,0,5,0,99.67,99.6,99.67,-0.07
district,Koshi,Panchthar,Female,11 Year,1452,1443,0,9,0,99.38,99.35,99.38,-0.03
district,Koshi,Panchthar,Female,12 Year,1479,1473,0,6,0,99.59,99.49,99.59,-0.1
district,Koshi,Panchthar,Female,13 Year,1624,1613,0,11,0,99.32,99.57,99.32,0.25
district,Koshi,Panchthar,Female,14 Year,1722,1708,0,14,0,99.19,99.82,99.19,0.63
district,Koshi,Panchthar,Female,15 Year,1745,1737,0,8,0,99.54,99.21,99.54,-0.33
district,Koshi,Panchthar,Female,16 - 19 Years,6917,6868,2,47,0,99.29,98.95,99.29,-0.34
district,Koshi,Panchthar,Female,20 - 24 Years,8306,8192,1,113,0,98.63,98.85,98.63,0.22
district,Koshi,Panchthar,Female,25 - 29 Years,7406,7223,2,181,0,97.53,97.98,97.53,0.45
district,Koshi,Panchthar,Female,30 - 34 Years,6144,5790,2,352,0,94.24,96.82,94.24,2.58
district,Koshi,Panchthar,Female,35 - 39 Years,5601,4872,12,717,0,86.98,95.66,86.98,8.68
district,Koshi,Panchthar,Female,40 - 44 Years,4916,3675,16,1225,0,74.76,91.76,74.76,17.0
district,Koshi,Panchthar,Female,45 - 49 Years,4317,2458,12,1846,1,56.94,85.37,56.94,28.43
district,Koshi,Panchthar,Female,50 - 54 Years,4890,2022,32,2836,0,41.35,79.49,41.35,38.14
district,Koshi,Panchthar,Female,55 - 59 Years,4034,1144,17,2873,0,28.36,72.77,28.36,44.41
district,Koshi,Panchthar,Female,60 - 64 Years,3527,732,19,2774,2,20.75,61.06,20.75,40.31
district,Koshi,Panchthar,Female,65 - 69 Years,2526,391,10,2125,0,15.48,56.2,15.48,40.72
district,Koshi,Panchthar,Female,70 - 74 Years,1792,175,11,1606,0,9.77,49.01,9.77,39.24
district,Koshi,Panchthar,Female,75+ Years,2163,134,9,2020,0,6.2,37.39,6.2,31.19
district,Koshi,Ilam,Total,Total,261492,218008,586,42894,4,83.37,88.66,78.13,10.53
district,Koshi,Ilam,Total,05 Year,4127,3837,29,260,1,92.97,92.94,93.01,-0.07
district,Koshi,Ilam,Total,06 Year,4297,4153,19,125,0,96.65,96.56,96.74,-0.18
district,Koshi,Ilam,Total,07 Year,4255,4182,8,65,0,98.28,98.09,98.49,-0.4
district,Koshi,Ilam,Total,08 Year,4307,4242,10,55,0,98.49,98.66,98.31,0.35
district,Koshi,Ilam,Total,09 Year,4328,4281,3,44,0,98.91,98.84,99.0,-0.16
district,Koshi,Ilam,Total,10 Year,4217,4186,0,31,0,99.26,99.27,99.26,0.01
district,Koshi,Ilam,Total,11 Year,3666,3632,1,33,0,99.07,98.91,99.25,-0.34
district,Koshi,Ilam,Total,12 Year,4294,4264,0,30,0,99.3,99.25,99.35,-0.1
district,Koshi,Ilam,Total,13 Year,4392,4365,1,26,0,99.39,99.21,99.57,-0.36
district,Koshi,Ilam,Total,14 Year,4736,4700,0,36,0,99.24,99.19,99.29,-0.1
district,Koshi,Ilam,Total,15 Year,5037,4996,0,41,0,99.19,99.16,99.21,-0.05
district,Koshi,Ilam,Total,16 - 19 Years,20819,20641,0,178,0,99.15,98.97,99.32,-0.35
district,Koshi,Ilam,Total,20 - 24 Years,25018,24666,2,350,0,98.59,98.44,98.73,-0.29
district,Koshi,Ilam,Total,25 - 29 Years,24637,24108,3,526,0,97.85,97.99,97.72,0.27
district,Koshi,Ilam,Total,30 - 34 Years,22466,21690,9,767,0,96.55,97.41,95.68,1.73
district,Koshi,Ilam,Total,35 - 39 Years,20841,19439,23,1379,0,93.27,95.87,90.82,5.05
district,Koshi,Ilam,Total,40 - 44 Years,18789,16489,49,2251,0,87.76,93.46,82.55,10.91
district,Koshi,Ilam,Total,45 - 49 Years,15155,11805,49,3301,0,77.9,88.28,68.26,20.02
district,Koshi,Ilam,Total,50 - 54 Years,16702,10988,79,5634,1,65.79,80.84,51.12,29.72
district,Koshi,Ilam,Total,55 - 59 Years,13550,7577,61,5911,1,55.92,75.05,36.77,38.28
district,Koshi,Ilam,Total,60 - 64 Years,12162,5684,86,6392,0,46.74,64.06,27.69,36.37
district,Koshi,Ilam,Total,65 - 69 Years,9569,3846,66,5656,1,40.19,58.41,21.0,37.41
district,Koshi,Ilam,Total,70 - 74 Years,6550,2248,31,4271,0,34.32,51.79,15.12,36.67
district,Koshi,Ilam,Total,75+ Years,7578,1989,57,5532,0,26.25,41.27,8.79,32.48
district,Koshi,Ilam,Male,Total,130192,115427,260,14504,1,88.66,88.66,78.13,10.53
district,Koshi,Ilam,Male,05 Year,2110,1961,13,135,1,92.94,92.94,93.01,-0.07
district,Koshi,Ilam,Male,06 Year,2208,2132,7,69,0,96.56,96.56,96.74,-0.18
district,Koshi,Ilam,Male,07 Year,2201,2159,4,38,0,98.09,98.09,98.49,-0.4
district,Koshi,Ilam,Male,08 Year,2233,2203,7,23,0,98.66,98.66,98.31,0.35
district,Koshi,Ilam,Male,09 Year,2232,2206,2,24,0,98.84,98.84,99.0,-0.16
district,Koshi,Ilam,Male,10 Year,2191,2175,0,16,0,99.27,99.27,99.26,0.01
district,Koshi,Ilam,Male,11 Year,1922,1901,1,20,0,98.91,98.91,99.25,-0.34
district,Koshi,Ilam,Male,12 Year,2134,2118,0,16,0,99.25,99.25,99.35,-0.1
district,Koshi,Ilam,Male,13 Year,2286,2268,1,17,0,99.21,99.21,99.57,-0.36
district,Koshi,Ilam,Male,14 Year,2336,2317,0,19,0,99.19,99.19,99.29,-0.1
district,Koshi,Ilam,Male,15 Year,2505,2484,0,21,0,99.16,99.16,99.21,-0.05
district,Koshi,Ilam,Male,16 - 19 Years,10473,10365,0,108,0,98.97,98.97,99.32,-0.35
district,Koshi,Ilam,Male,20 - 24 Years,12057,11869,1,187,0,98.44,98.44,98.73,-0.29
district,Koshi,Ilam,Male,25 - 29 Years,11852,11614,2,236,0,97.99,97.99,97.72,0.27
district,Koshi,Ilam,Male,30 - 34 Years,11251,10960,6,285,0,97.41,97.41,95.68,1.73
district,Koshi,Ilam,Male,35 - 39 Years,10134,9715,6,413,0,95.87,95.87,90.82,5.05
district,Koshi,Ilam,Male,40 - 44 Years,8974,8387,13,574,0,93.46,93.46,82.55,10.91
district,Koshi,Ilam,Male,45 - 49 Years,7294,6439,14,841,0,88.28,88.28,68.26,20.02
district,Koshi,Ilam,Male,50 - 54 Years,8242,6663,28,1551,0,80.84,80.84,51.12,29.72
district,Koshi,Ilam,Male,55 - 59 Years,6778,5087,24,1667,0,75.05,75.05,36.77,38.28
district,Koshi,Ilam,Male,60 - 64 Years,6369,4080,41,2248,0,64.06,64.06,27.69,36.37
district,Koshi,Ilam,Male,65 - 69 Years,4908,2867,28,2013,0,58.41,58.41,21.0,37.41
district,Koshi,Ilam,Male,70 - 74 Years,3429,1776,18,1635,0,51.79,51.79,15.12,36.67
district,Koshi,Ilam,Male,75+ Years,4073,1681,44,2348,0,41.27,41.27,8.79,32.48
district,Koshi,Ilam,Female,Total,131300,102581,326,28390,3,78.13,88.66,78.13,10.53
district,Koshi,Ilam,Female,05 Year,2017,1876,16,125,0,93.01,92.94,93.01,-0.07
district,Koshi,Ilam,Female,06 Year,2089,2021,12,56,0,96.74,96.56,96.74,-0.18
district,Koshi,Ilam,Female,07 Year,2054,2023,4,27,0,98.49,98.09,98.49,-0.4
district,Koshi,Ilam,Female,08 Year,2074,2039,3,32,0,98.31,98.66,98.31,0.35
district,Koshi,Ilam,Female,09 Year,2096,2075,1,20,0,99.0,98.84,99.0,-0.16
district,Koshi,Ilam,Female,10 Year,2026,2011,0,15,0,99.26,99.27,99.26,0.01
district,Koshi,Ilam,Female,11 Year,1744,1731,0,13,0,99.25,98.91,99.25,-0.34
district,Koshi,Ilam,Female,12 Year,2160,2146,0,14,0,99.35,99.25,99.35,-0.1
district,Koshi,Ilam,Female,13 Year,2106,2097,0,9,0,99.57,99.21,99.57,-0.36
district,Koshi,Ilam,Female,14 Year,2400,2383,0,17,0,99.29,99.19,99.29,-0.1
district,Koshi,Ilam,Female,15 Year,2532,2512,0,20,0,99.21,99.16,99.21,-0.05
district,Koshi,Ilam,Female,16 - 19 Years,10346,10276,0,70,0,99.32,98.97,99.32,-0.35
district,Koshi,Ilam,Female,20 - 24 Years,12961,12797,1,163,0,98.73,98.44,98.73,-0.29
district,Koshi,Ilam,Female,25 - 29 Years,12785,12494,1,290,0,97.72,97.99,97.72,0.27
district,Koshi,Ilam,Female,30 - 34 Years,11215,10730,3,482,0,95.68,97.41,95.68,1.73
district,Koshi,Ilam,Female,35 - 39 Years,10707,9724,17,966,0,90.82,95.87,90.82,5.05
district,Koshi,Ilam,Female,40 - 44 Years,9815,8102,36,1677,0,82.55,93.46,82.55,10.91
district,Koshi,Ilam,Female,45 - 49 Years,7861,5366,35,2460,0,68.26,88.28,68.26,20.02
district,Koshi,Ilam,Female,50 - 54 Years,8460,4325,51,4083,1,51.12,80.84,51.12,29.72
district,Koshi,Ilam,Female,55 - 59 Years,6772,2490,37,4244,1,36.77,75.05,36.77,38.28
district,Koshi,Ilam,Female,60 - 64 Years,5793,1604,45,4144,0,27.69,64.06,27.69,36.37
district,Koshi,Ilam,Female,65 - 69 Years,4661,979,38,3643,1,21.0,58.41,21.0,37.41
district,Koshi,Ilam,Female,70 - 74 Years,3121,472,13,2636,0,15.12,51.79,15.12,36.67
district,Koshi,Ilam,Female,75+ Years,3505,308,13,3184,0,8.79,41.27,8.79,32.48
district,Koshi,Jhapa,Total,Total,925015,766219,2450,156299,47,82.83,88.57,77.62,10.95
district,Koshi,Jhapa,Total,05 Year,17256,15794,185,1259,18,91.53,91.46,91.61,-0.15
district,Koshi,Jhapa,Total,06 Year,17896,17022,174,697,3,95.12,95.02,95.22,-0.2
district,Koshi,Jhapa,Total,07 Year,17690,17247,81,362,0,97.5,97.36,97.64,-0.28
district,Koshi,Jhapa,Total,08 Year,18455,18130,62,263,0,98.24,98.25,98.22,0.03
district,Koshi,Jhapa,Total,09 Year,16976,16797,24,154,1,98.95,98.93,98.96,-0.03
district,Koshi,Jhapa,Total,10 Year,18765,18571,6,188,0,98.97,99.04,98.89,0.15
district,Koshi,Jhapa,Total,11 Year,16295,16182,4,109,0,99.31,99.24,99.38,-0.14
district,Koshi,Jhapa,Total,12 Year,18242,18087,3,152,0,99.15,99.13,99.17,-0.04
district,Koshi,Jhapa,Total,13 Year,17616,17453,4,156,3,99.07,99.07,99.08,-0.01
district,Koshi,Jhapa,Total,14 Year,17808,17635,5,168,0,99.03,98.89,99.17,-0.28
district,Koshi,Jhapa,Total,15 Year,18750,18530,4,215,1,98.83,98.65,99.01,-0.36
district,Koshi,Jhapa,Total,16 - 19 Years,74561,73325,19,1215,2,98.34,98.44,98.24,0.2
district,Koshi,Jhapa,Total,20 - 24 Years,85420,82706,25,2684,5,96.82,97.38,96.36,1.02
district,Koshi,Jhapa,Total,25 - 29 Years,80245,75803,49,4391,2,94.46,95.75,93.52,2.23
district,Koshi,Jhapa,Total,30 - 34 Years,76793,69991,82,6719,1,91.14,94.12,88.91,5.21
district,Koshi,Jhapa,Total,35 - 39 Years,76496,66673,127,9696,0,87.16,92.01,83.24,8.77
district,Koshi,Jhapa,Total,40 - 44 Years,69996,57898,143,11955,0,82.72,89.55,76.55,13.0
district,Koshi,Jhapa,Total,45 - 49 Years,55853,41857,146,13850,0,74.94,85.08,65.37,19.71
district,Koshi,Jhapa,Total,50 - 54 Years,55422,36854,242,18323,3,66.5,80.51,52.8,27.71
district,Koshi,Jhapa,Total,55 - 59 Years,41388,23600,256,17530,2,57.02,73.7,40.55,33.15
district,Koshi,Jhapa,Total,60 - 64 Years,35887,17662,234,17991,0,49.22,67.87,31.66,36.21
district,Koshi,Jhapa,Total,65 - 69 Years,29092,12751,186,16154,1,43.83,63.44,25.44,38.0
district,Koshi,Jhapa,Total,70 - 74 Years,21960,7966,151,13842,1,36.28,55.94,17.5,38.44
district,Koshi,Jhapa,Total,75+ Years,26153,7685,238,18226,4,29.38,48.13,11.4,36.73
district,Koshi,Jhapa,Male,Total,440501,390143,1043,49299,16,88.57,88.57,77.62,10.95
district,Koshi,Jhapa,Male,05 Year,9047,8274,100,665,8,91.46,91.46,91.61,-0.15
district,Koshi,Jhapa,Male,06 Year,9361,8895,95,369,2,95.02,95.02,95.22,-0.2
district,Koshi,Jhapa,Male,07 Year,9143,8902,39,202,0,97.36,97.36,97.64,-0.28
district,Koshi,Jhapa,Male,08 Year,9499,9333,30,136,0,98.25,98.25,98.22,0.03
district,Koshi,Jhapa,Male,09 Year,8715,8622,15,78,0,98.93,98.93,98.96,-0.03
district,Koshi,Jhapa,Male,10 Year,9763,9669,4,90,0,99.04,99.04,98.89,0.15
district,Koshi,Jhapa,Male,11 Year,8373,8309,2,62,0,99.24,99.24,99.38,-0.14
district,Koshi,Jhapa,Male,12 Year,9347,9266,3,78,0,99.13,99.13,99.17,-0.04
district,Koshi,Jhapa,Male,13 Year,8918,8835,1,81,1,99.07,99.07,99.08,-0.01
district,Koshi,Jhapa,Male,14 Year,8912,8813,5,94,0,98.89,98.89,99.17,-0.28
district,Koshi,Jhapa,Male,15 Year,9373,9246,2,125,0,98.65,98.65,99.01,-0.36
district,Koshi,Jhapa,Male,16 - 19 Years,37072,36495,7,569,1,98.44,98.44,98.24,0.2
district,Koshi,Jhapa,Male,20 - 24 Years,38644,37632,14,996,2,97.38,97.38,96.36,1.02
district,Koshi,Jhapa,Male,25 - 29 Years,33984,32539,13,1432,0,95.75,95.75,93.52,2.23
district,Koshi,Jhapa,Male,30 - 34 Years,32879,30946,25,1908,0,94.12,94.12,88.91,5.21
district,Koshi,Jhapa,Male,35 - 39 Years,34172,31441,37,2694,0,92.01,92.01,83.24,8.77
district,Koshi,Jhapa,Male,40 - 44 Years,33210,29739,48,3423,0,89.55,89.55,76.55,13.0
district,Koshi,Jhapa,Male,45 - 49 Years,27116,23071,46,3999,0,85.08,85.08,65.37,19.71
district,Koshi,Jhapa,Male,50 - 54 Years,27392,22053,80,5258,1,80.51,80.51,52.8,27.71
district,Koshi,Jhapa,Male,55 - 59 Years,20567,15158,90,5319,0,73.7,73.7,40.55,33.15
district,Koshi,Jhapa,Male,60 - 64 Years,17402,11810,80,5512,0,67.87,67.87,31.66,36.21
district,Koshi,Jhapa,Male,65 - 69 Years,14080,8932,77,5071,0,63.44,63.44,25.44,38.0
district,Koshi,Jhapa,Male,70 - 74 Years,10726,6000,69,4657,0,55.94,55.94,17.5,38.44
district,Koshi,Jhapa,Male,75+ Years,12806,6163,161,6481,1,48.13,48.13,11.4,36.73
district,Koshi,Jhapa,Female,Total,484514,376076,1407,107000,31,77.62,88.57,77.62,10.95
district,Koshi,Jhapa,Female,05 Year,8209,7520,85,594,10,91.61,91.46,91.61,-0.15
district,Koshi,Jhapa,Female,06 Year,8535,8127,79,328,1,95.22,95.02,95.22,-0.2
district,Koshi,Jhapa,Female,07 Year,8547,8345,42,160,0,97.64,97.36,97.64,-0.28
district,Koshi,Jhapa,Female,08 Year,8956,8797,32,127,0,98.22,98.25,98.22,0.03
district,Koshi,Jhapa,Female,09 Year,8261,8175,9,76,1,98.96,98.93,98.96,-0.03
district,Koshi,Jhapa,Female,10 Year,9002,8902,2,98,0,98.89,99.04,98.89,0.15
district,Koshi,Jhapa,Female,11 Year,7922,7873,2,47,0,99.38,99.24,99.38,-0.14
district,Koshi,Jhapa,Female,12 Year,8895,8821,0,74,0,99.17,99.13,99.17,-0.04
district,Koshi,Jhapa,Female,13 Year,8698,8618,3,75,2,99.08,99.07,99.08,-0.01
district,Koshi,Jhapa,Female,14 Year,8896,8822,0,74,0,99.17,98.89,99.17,-0.28
district,Koshi,Jhapa,Female,15 Year,9377,9284,2,90,1,99.01,98.65,99.01,-0.36
district,Koshi,Jhapa,Female,16 - 19 Years,37489,36830,12,646,1,98.24,98.44,98.24,0.2
district,Koshi,Jhapa,Female,20 - 24 Years,46776,45074,11,1688,3,96.36,97.38,96.36,1.02
district,Koshi,Jhapa,Female,25 - 29 Years,46261,43264,36,2959,2,93.52,95.75,93.52,2.23
district,Koshi,Jhapa,Female,30 - 34 Years,43914,39045,57,4811,1,88.91,94.12,88.91,5.21
district,Koshi,Jhapa,Female,35 - 39 Years,42324,35232,90,7002,0,83.24,92.01,83.24,8.77
district,Koshi,Jhapa,Female,40 - 44 Years,36786,28159,95,8532,0,76.55,89.55,76.55,13.0
district,Koshi,Jhapa,Female,45 - 49 Years,28737,18786,100,9851,0,65.37,85.08,65.37,19.71
district,Koshi,Jhapa,Female,50 - 54 Years,28030,14801,162,13065,2,52.8,80.51,52.8,27.71
district,Koshi,Jhapa,Female,55 - 59 Years,20821,8442,166,12211,2,40.55,73.7,40.55,33.15
district,Koshi,Jhapa,Female,60 - 64 Years,18485,5852,154,12479,0,31.66,67.87,31.66,36.21
district,Koshi,Jhapa,Female,65 - 69 Years,15012,3819,109,11083,1,25.44,63.44,25.44,38.0
district,Koshi,Jhapa,Female,70 - 74 Years,11234,1966,82,9185,1,17.5,55.94,17.5,38.44
district,Koshi,Jhapa,Female,75+ Years,13347,1522,77,11745,3,11.4,48.13,11.4,36.73
district,Koshi,Morang,Total,Total,1060535,833733,2143,224566,93,78.61,85.1,72.56,12.54
district,Koshi,Morang,Total,05 Year,21007,18138,168,2666,35,86.34,86.38,86.3,0.08
district,Koshi,Morang,Total,06 Year,20553,18946,114,1484,9,92.18,92.25,92.11,0.14
district,Koshi,Morang,Total,07 Year,20886,19705,69,1105,7,94.35,94.38,94.31,0.07
district,Koshi,Morang,Total,08 Year,22304,21269,48,984,3,95.36,95.43,95.29,0.14
district,Koshi,Morang,Total,09 Year,19144,18632,20,486,6,97.33,97.13,97.53,-0.4
district,Koshi,Morang,Total,10 Year,23172,22471,13,685,3,96.97,96.98,96.97,0.01
district,Koshi,Morang,Total,11 Year,17523,17203,5,314,1,98.17,98.32,98.02,0.3
district,Koshi,Morang,Total,12 Year,22307,21702,3,601,1,97.29,97.38,97.19,0.19
district,Koshi,Morang,Total,13 Year,19984,19547,6,431,0,97.81,97.98,97.65,0.33
district,Koshi,Morang,Total,14 Year,20684,20206,3,474,1,97.69,97.74,97.63,0.11
district,Koshi,Morang,Total,15 Year,21414,20830,4,579,1,97.27,97.55,96.99,0.56
district,Koshi,Morang,Total,16 - 19 Years,87654,84351,18,3283,2,96.23,96.79,95.66,1.13
district,Koshi,Morang,Total,20 - 24 Years,105176,98390,48,6733,5,93.55,95.22,92.11,3.11
district,Koshi,Morang,Total,25 - 29 Years,96679,87041,52,9582,4,90.03,92.5,88.05,4.45
district,Koshi,Morang,Total,30 - 34 Years,85924,73716,74,12133,1,85.79,90.55,81.94,8.61
district,Koshi,Morang,Total,35 - 39 Years,86977,69362,143,17470,2,79.75,87.24,73.53,13.71
district,Koshi,Morang,Total,40 - 44 Years,76377,56785,157,19434,1,74.35,83.17,66.07,17.1
district,Koshi,Morang,Total,45 - 49 Years,62064,41001,183,20880,0,66.06,78.47,53.93,24.54
district,Koshi,Morang,Total,50 - 54 Years,60191,35233,209,24749,0,58.54,74.03,43.64,30.39
district,Koshi,Morang,Total,55 - 59 Years,46806,23148,186,23471,1,49.46,66.46,32.59,33.87
district,Koshi,Morang,Total,60 - 64 Years,41290,17817,200,23271,2,43.15,60.98,26.27,34.71
district,Koshi,Morang,Total,65 - 69 Years,33051,13113,167,19769,2,39.68,58.24,21.39,36.85
district,Koshi,Morang,Total,70 - 74 Years,24282,8045,93,16141,3,33.13,50.77,15.64,35.13
district,Koshi,Morang,Total,75+ Years,25086,7082,160,17841,3,28.23,46.19,11.73,34.46
district,Koshi,Morang,Male,Total,512069,435789,905,75331,44,85.1,85.1,72.56,12.54
district,Koshi,Morang,Male,05 Year,10975,9480,87,1391,17,86.38,86.38,86.3,0.08
district,Koshi,Morang,Male,06 Year,10521,9706,60,751,4,92.25,92.25,92.11,0.14
district,Koshi,Morang,Male,07 Year,10614,10017,35,559,3,94.38,94.38,94.31,0.07
district,Koshi,Morang,Male,08 Year,11499,10973,26,498,2,95.43,95.43,95.29,0.14
district,Koshi,Morang,Male,09 Year,9672,9394,12,264,2,97.13,97.13,97.53,-0.4
district,Koshi,Morang,Male,10 Year,12013,11650,4,358,1,96.98,96.98,96.97,0.01
district,Koshi,Morang,Male,11 Year,9148,8994,2,151,1,98.32,98.32,98.02,0.3
district,Koshi,Morang,Male,12 Year,11481,11180,3,297,1,97.38,97.38,97.19,0.19
district,Koshi,Morang,Male,13 Year,9992,9790,3,199,0,97.98,97.98,97.65,0.33
district,Koshi,Morang,Male,14 Year,10454,10218,2,234,0,97.74,97.74,97.63,0.11
district,Koshi,Morang,Male,15 Year,10794,10530,1,262,1,97.55,97.55,96.99,0.56
district,Koshi,Morang,Male,16 - 19 Years,44350,42927,6,1416,1,96.79,96.79,95.66,1.13
district,Koshi,Morang,Male,20 - 24 Years,48644,46317,22,2303,2,95.22,95.22,92.11,3.11
district,Koshi,Morang,Male,25 - 29 Years,42964,39743,20,3198,3,92.5,92.5,88.05,4.45
district,Koshi,Morang,Male,30 - 34 Years,38441,34808,23,3610,0,90.55,90.55,81.94,8.61
district,Koshi,Morang,Male,35 - 39 Years,39446,34412,50,4982,2,87.24,87.24,73.53,13.71
district,Koshi,Morang,Male,40 - 44 Years,36987,30761,57,6168,1,83.17,83.17,66.07,17.1
district,Koshi,Morang,Male,45 - 49 Years,30690,24081,63,6546,0,78.47,78.47,53.93,24.54
district,Koshi,Morang,Male,50 - 54 Years,29495,21836,64,7595,0,74.03,74.03,43.64,30.39
district,Koshi,Morang,Male,55 - 59 Years,23308,15490,70,7748,0,66.46,66.46,32.59,33.87
district,Koshi,Morang,Male,60 - 64 Years,20079,12245,75,7759,0,60.98,60.98,26.27,34.71
district,Koshi,Morang,Male,65 - 69 Years,16400,9551,83,6765,1,58.24,58.24,21.39,36.85
district,Koshi,Morang,Male,70 - 74 Years,12091,6138,48,5904,1,50.77,50.77,15.64,35.13
district,Koshi,Morang,Male,75+ Years,12011,5548,89,6373,1,46.19,46.19,11.73,34.46
district,Koshi,Morang,Female,Total,548466,397944,1238,149235,49,72.56,85.1,72.56,12.54
district,Koshi,Morang,Female,05 Year,10032,8658,81,1275,18,86.3,86.38,86.3,0.08
district,Koshi,Morang,Female,06 Year,10032,9240,54,733,5,92.11,92.25,92.11,0.14
district,Koshi,Morang,Female,07 Year,10272,9688,34,546,4,94.31,94.38,94.31,0.07
district,Koshi,Morang,Female,08 Year,10805,10296,22,486,1,95.29,95.43,95.29,0.14
district,Koshi,Morang,Female,09 Year,9472,9238,8,222,4,97.53,97.13,97.53,-0.4
district,Koshi,Morang,Female,10 Year,11159,10821,9,327,2,96.97,96.98,96.97,0.01
district,Koshi,Morang,Female,11 Year,8375,8209,3,163,0,98.02,98.32,98.02,0.3
district,Koshi,Morang,Female,12 Year,10826,10522,0,304,0,97.19,97.38,97.19,0.19
district,Koshi,Morang,Female,13 Year,9992,9757,3,232,0,97.65,97.98,97.65,0.33
district,Koshi,Morang,Female,14 Year,10230,9988,1,240,1,97.63,97.74,97.63,0.11
district,Koshi,Morang,Female,15 Year,10620,10300,3,317,0,96.99,97.55,96.99,0.56
district,Koshi,Morang,Female,16 - 19 Years,43304,41424,12,1867,1,95.66,96.79,95.66,1.13
district,Koshi,Morang,Female,20 - 24 Years,56532,52073,26,4430,3,92.11,95.22,92.11,3.11
district,Koshi,Morang,Female,25 - 29 Years,53715,47298,32,6384,1,88.05,92.5,88.05,4.45
district,Koshi,Morang,Female,30 - 34 Years,47483,38908,51,8523,1,81.94,90.55,81.94,8.61
district,Koshi,Morang,Female,35 - 39 Years,47531,34950,93,12488,0,73.53,87.24,73.53,13.71
district,Koshi,Morang,Female,40 - 44 Years,39390,26024,100,13266,0,66.07,83.17,66.07,17.1
district,Koshi,Morang,Female,45 - 49 Years,31374,16920,120,14334,0,53.93,78.47,53.93,24.54
district,Koshi,Morang,Female,50 - 54 Years,30696,13397,145,17154,0,43.64,74.03,43.64,30.39
district,Koshi,Morang,Female,55 - 59 Years,23498,7658,116,15723,1,32.59,66.46,32.59,33.87
district,Koshi,Morang,Female,60 - 64 Years,21211,5572,125,15512,2,26.27,60.98,26.27,34.71
district,Koshi,Morang,Female,65 - 69 Years,16651,3562,84,13004,1,21.39,58.24,21.39,36.85
district,Koshi,Morang,Female,70 - 74 Years,12191,1907,45,10237,2,15.64,50.77,15.64,35.13
district,Koshi,Morang,Female,75+ Years,13075,1534,71,11468,2,11.73,46.19,11.73,34.46
district,Koshi,Sunsari,Total,Total,848936,662997,1631,184286,22,78.1,84.62,72.06,12.56
district,Koshi,Sunsari,Total,05 Year,18221,15540,97,2577,7,85.29,85.18,85.4,-0.22
district,Koshi,Sunsari,Total,06 Year,17451,15817,89,1542,3,90.64,90.68,90.59,0.09
district,Koshi,Sunsari,Total,07 Year,18271,17091,53,1125,2,93.54,93.57,93.51,0.06
district,Koshi,Sunsari,Total,08 Year,19426,18398,37,991,0,94.71,95.0,94.4,0.6
district,Koshi,Sunsari,Total,09 Year,16144,15598,25,520,1,96.62,96.85,96.38,0.47
district,Koshi,Sunsari,Total,10 Year,19644,18899,3,742,0,96.21,96.17,96.24,-0.07
district,Koshi,Sunsari,Total,11 Year,14291,13956,2,333,0,97.66,97.64,97.68,-0.04
district,Koshi,Sunsari,Total,12 Year,18050,17397,5,648,0,96.38,96.29,96.48,-0.19
district,Koshi,Sunsari,Total,13 Year,16464,15970,6,488,0,97.0,97.0,97.0,0.0
district,Koshi,Sunsari,Total,14 Year,16699,16187,5,507,0,96.93,96.75,97.12,-0.37
district,Koshi,Sunsari,Total,15 Year,17389,16690,0,699,0,95.98,96.21,95.74,0.47
district,Koshi,Sunsari,Total,16 - 19 Years,69897,66558,10,3329,0,95.22,95.62,94.81,0.81
district,Koshi,Sunsari,Total,20 - 24 Years,88382,81308,27,7047,0,92.0,93.76,90.51,3.25
district,Koshi,Sunsari,Total,25 - 29 Years,81790,72374,58,9357,1,88.49,91.6,86.04,5.56
district,Koshi,Sunsari,Total,30 - 34 Years,72068,60751,84,11233,0,84.3,89.4,80.2,9.2
district,Koshi,Sunsari,Total,35 - 39 Years,69214,53629,120,15465,0,77.48,85.75,70.6,15.15
district,Koshi,Sunsari,Total,40 - 44 Years,59453,42671,122,16660,0,71.77,81.87,62.41,19.46
district,Koshi,Sunsari,Total,45 - 49 Years,47790,30181,120,17489,0,63.15,76.8,50.36,26.44
district,Koshi,Sunsari,Total,50 - 54 Years,45555,25634,168,19751,2,56.27,72.08,40.69,31.39
district,Koshi,Sunsari,Total,55 - 59 Years,34255,16519,159,17577,0,48.22,64.76,31.26,33.5
district,Koshi,Sunsari,Total,60 - 64 Years,30005,12601,151,17247,6,42.0,59.78,25.16,34.62
district,Koshi,Sunsari,Total,65 - 69 Years,23632,8913,113,14606,0,37.72,55.85,20.15,35.7
district,Koshi,Sunsari,Total,70 - 74 Years,17488,5548,80,11860,0,31.72,50.24,14.45,35.79
district,Koshi,Sunsari,Total,75+ Years,17357,4767,97,12493,0,27.46,46.4,11.31,35.09
district,Koshi,Sunsari,Male,Total,408260,345456,629,62166,9,84.62,84.62,72.06,12.56
district,Koshi,Sunsari,Male,05 Year,9463,8061,47,1351,4,85.18,85.18,85.4,-0.22
district,Koshi,Sunsari,Male,06 Year,8927,8095,48,783,1,90.68,90.68,90.59,0.09
district,Koshi,Sunsari,Male,07 Year,9346,8745,22,578,1,93.57,93.57,93.51,0.06
district,Koshi,Sunsari,Male,08 Year,10035,9533,21,481,0,95.0,95.0,94.4,0.6
district,Koshi,Sunsari,Male,09 Year,8212,7953,11,248,0,96.85,96.85,96.38,0.47
district,Koshi,Sunsari,Male,10 Year,10270,9877,3,390,0,96.17,96.17,96.24,-0.07
district,Koshi,Sunsari,Male,11 Year,7404,7229,1,174,0,97.64,97.64,97.68,-0.04
district,Koshi,Sunsari,Male,12 Year,9243,8900,2,341,0,96.29,96.29,96.48,-0.19
district,Koshi,Sunsari,Male,13 Year,8295,8046,3,246,0,97.0,97.0,97.0,0.0
district,Koshi,Sunsari,Male,14 Year,8491,8215,2,274,0,96.75,96.75,97.12,-0.37
district,Koshi,Sunsari,Male,15 Year,8813,8479,0,334,0,96.21,96.21,95.74,0.47
district,Koshi,Sunsari,Male,16 - 19 Years,35627,34067,4,1556,0,95.62,95.62,94.81,0.81
district,Koshi,Sunsari,Male,20 - 24 Years,40308,37794,5,2509,0,93.76,93.76,90.51,3.25
district,Koshi,Sunsari,Male,25 - 29 Years,35937,32920,19,2997,1,91.6,91.6,86.04,5.56
district,Koshi,Sunsari,Male,30 - 34 Years,32089,28689,35,3365,0,89.4,89.4,80.2,9.2
district,Koshi,Sunsari,Male,35 - 39 Years,31463,26978,35,4450,0,85.75,85.75,70.6,15.15
district,Koshi,Sunsari,Male,40 - 44 Years,28603,23417,34,5152,0,81.87,81.87,62.41,19.46
district,Koshi,Sunsari,Male,45 - 49 Years,23125,17760,39,5326,0,76.8,76.8,50.36,26.44
district,Koshi,Sunsari,Male,50 - 54 Years,22611,16298,42,6270,1,72.08,72.08,40.69,31.39
district,Koshi,Sunsari,Male,55 - 59 Years,17347,11234,51,6062,0,64.76,64.76,31.26,33.5
district,Koshi,Sunsari,Male,60 - 64 Years,14589,8722,53,5813,1,59.78,59.78,25.16,34.62
district,Koshi,Sunsari,Male,65 - 69 Years,11630,6495,51,5084,0,55.85,55.85,20.15,35.7
district,Koshi,Sunsari,Male,70 - 74 Years,8441,4241,40,4160,0,50.24,50.24,14.45,35.79
district,Koshi,Sunsari,Male,75+ Years,7991,3708,61,4222,0,46.4,46.4,11.31,35.09
district,Koshi,Sunsari,Female,Total,440676,317541,1002,122120,13,72.06,84.62,72.06,12.56
district,Koshi,Sunsari,Female,05 Year,8758,7479,50,1226,3,85.4,85.18,85.4,-0.22
district,Koshi,Sunsari,Female,06 Year,8524,7722,41,759,2,90.59,90.68,90.59,0.09
district,Koshi,Sunsari,Female,07 Year,8925,8346,31,547,1,93.51,93.57,93.51,0.06
district,Koshi,Sunsari,Female,08 Year,9391,8865,16,510,0,94.4,95.0,94.4,0.6
district,Koshi,Sunsari,Female,09 Year,7932,7645,14,272,1,96.38,96.85,96.38,0.47
district,Koshi,Sunsari,Female,10 Year,9374,9022,0,352,0,96.24,96.17,96.24,-0.07
district,Koshi,Sunsari,Female,11 Year,6887,6727,1,159,0,97.68,97.64,97.68,-0.04
district,Koshi,Sunsari,Female,12 Year,8807,8497,3,307,0,96.48,96.29,96.48,-0.19
district,Koshi,Sunsari,Female,13 Year,8169,7924,3,242,0,97.0,97.0,97.0,0.0
district,Koshi,Sunsari,Female,14 Year,8208,7972,3,233,0,97.12,96.75,97.12,-0.37
district,Koshi,Sunsari,Female,15 Year,8576,8211,0,365,0,95.74,96.21,95.74,0.47
district,Koshi,Sunsari,Female,16 - 19 Years,34270,32491,6,1773,0,94.81,95.62,94.81,0.81
district,Koshi,Sunsari,Female,20 - 24 Years,48074,43514,22,4538,0,90.51,93.76,90.51,3.25
district,Koshi,Sunsari,Female,25 - 29 Years,45853,39454,39,6360,0,86.04,91.6,86.04,5.56
district,Koshi,Sunsari,Female,30 - 34 Years,39979,32062,49,7868,0,80.2,89.4,80.2,9.2
district,Koshi,Sunsari,Female,35 - 39 Years,37751,26651,85,11015,0,70.6,85.75,70.6,15.15
district,Koshi,Sunsari,Female,40 - 44 Years,30850,19254,88,11508,0,62.41,81.87,62.41,19.46
district,Koshi,Sunsari,Female,45 - 49 Years,24665,12421,81,12163,0,50.36,76.8,50.36,26.44
district,Koshi,Sunsari,Female,50 - 54 Years,22944,9336,126,13481,1,40.69,72.08,40.69,31.39
district,Koshi,Sunsari,Female,55 - 59 Years,16908,5285,108,11515,0,31.26,64.76,31.26,33.5
district,Koshi,Sunsari,Female,60 - 64 Years,15416,3879,98,11434,5,25.16,59.78,25.16,34.62
district,Koshi,Sunsari,Female,65 - 69 Years,12002,2418,62,9522,0,20.15,55.85,20.15,35.7
district,Koshi,Sunsari,Female,70 - 74 Years,9047,1307,40,7700,0,14.45,50.24,14.45,35.79
district,Koshi,Sunsari,Female,75+ Years,9366,1059,36,8271,0,11.31,46.4,11.31,35.09
district,Koshi,Udayapur,Total,Total,312990,241542,769,70672,7,77.17,84.07,70.87,13.2
district,Koshi,Udayapur,Total,05 Year,6202,5523,41,636,2,89.05,88.47,89.67,-1.2
district,Koshi,Udayapur,Total,06 Year,6669,6260,37,372,0,93.87,94.02,93.7,0.32
district,Koshi,Udayapur,Total,07 Year,6522,6276,19,227,0,96.23,96.09,96.37,-0.28
district,Koshi,Udayapur,Total,08 Year,6847,6677,14,156,0,97.52,97.31,97.73,-0.42
district,Koshi,Udayapur,Total,09 Year,6589,6486,3,100,0,98.44,98.36,98.52,-0.16
district,Koshi,Udayapur,Total,10 Year,7013,6937,2,74,0,98.92,98.93,98.9,0.03
district,Koshi,Udayapur,Total,11 Year,6199,6122,2,75,0,98.76,98.56,98.96,-0.4
district,Koshi,Udayapur,Total,12 Year,7396,7262,1,133,0,98.19,97.76,98.63,-0.87
district,Koshi,Udayapur,Total,13 Year,6974,6865,0,109,0,98.44,98.68,98.19,0.49
district,Koshi,Udayapur,Total,14 Year,7354,7243,0,111,0,98.49,98.22,98.76,-0.54
district,Koshi,Udayapur,Total,15 Year,7649,7500,1,148,0,98.05,98.01,98.1,-0.09
district,Koshi,Udayapur,Total,16 - 19 Years,28340,27631,9,699,1,97.5,97.55,97.45,0.1
district,Koshi,Udayapur,Total,20 - 24 Years,31559,30226,11,1320,2,95.78,96.57,95.11,1.46
district,Koshi,Udayapur,Total,25 - 29 Years,27656,25673,10,1973,0,92.83,94.72,91.35,3.37
district,Koshi,Udayapur,Total,30 - 34 Years,24666,21445,36,3185,0,86.94,91.83,83.07,8.76
district,Koshi,Udayapur,Total,35 - 39 Years,22935,17985,67,4882,1,78.42,88.4,70.07,18.33
district,Koshi,Udayapur,Total,40 - 44 Years,19299,13138,66,6095,0,68.08,83.0,55.62,27.38
district,Koshi,Udayapur,Total,45 - 49 Years,16546,9341,88,7117,0,56.45,74.81,39.84,34.97
district,Koshi,Udayapur,Total,50 - 54 Years,17758,8483,81,9194,0,47.77,66.62,30.0,36.62
district,Koshi,Udayapur,Total,55 - 59 Years,12980,5268,65,7647,0,40.59,59.54,22.04,37.5
district,Koshi,Udayapur,Total,60 - 64 Years,11537,3744,72,7720,1,32.45,50.99,15.4,35.59
district,Koshi,Udayapur,Total,65 - 69 Years,9146,2603,52,6491,0,28.46,45.74,12.03,33.71
district,Koshi,Udayapur,Total,70 - 74 Years,7099,1581,41,5477,0,22.27,38.66,7.71,30.95
district,Koshi,Udayapur,Total,75+ Years,8055,1273,51,6731,0,15.8,26.59,5.66,20.93
district,Koshi,Udayapur,Male,Total,149354,125565,298,23488,3,84.07,84.07,70.87,13.2
district,Koshi,Udayapur,Male,05 Year,3191,2823,18,349,1,88.47,88.47,89.67,-1.2
district,Koshi,Udayapur,Male,06 Year,3528,3317,16,195,0,94.02,94.02,93.7,0.32
district,Koshi,Udayapur,Male,07 Year,3353,3222,8,123,0,96.09,96.09,96.37,-0.28
district,Koshi,Udayapur,Male,08 Year,3500,3406,8,86,0,97.31,97.31,97.73,-0.42
district,Koshi,Udayapur,Male,09 Year,3408,3352,3,53,0,98.36,98.36,98.52,-0.16
district,Koshi,Udayapur,Male,10 Year,3549,3511,1,37,0,98.93,98.93,98.9,0.03
district,Koshi,Udayapur,Male,11 Year,3130,3085,1,44,0,98.56,98.56,98.96,-0.4
district,Koshi,Udayapur,Male,12 Year,3747,3663,1,83,0,97.76,97.76,98.63,-0.87
district,Koshi,Udayapur,Male,13 Year,3493,3447,0,46,0,98.68,98.68,98.19,0.49
district,Koshi,Udayapur,Male,14 Year,3644,3579,0,65,0,98.22,98.22,98.76,-0.54
district,Koshi,Udayapur,Male,15 Year,3862,3785,1,76,0,98.01,98.01,98.1,-0.09
district,Koshi,Udayapur,Male,16 - 19 Years,14104,13758,7,338,1,97.55,97.55,97.45,0.1
district,Koshi,Udayapur,Male,20 - 24 Years,14448,13952,3,492,1,96.57,96.57,95.11,1.46
district,Koshi,Udayapur,Male,25 - 29 Years,12151,11509,4,638,0,94.72,94.72,91.35,3.37
district,Koshi,Udayapur,Male,30 - 34 Years,10898,10008,9,881,0,91.83,91.83,83.07,8.76
district,Koshi,Udayapur,Male,35 - 39 Years,10441,9230,14,1197,0,88.4,88.4,70.07,18.33
district,Koshi,Udayapur,Male,40 - 44 Years,8781,7288,12,1481,0,83.0,83.0,55.62,27.38
district,Koshi,Udayapur,Male,45 - 49 Years,7861,5881,29,1951,0,74.81,74.81,39.84,34.97
district,Koshi,Udayapur,Male,50 - 54 Years,8616,5740,23,2853,0,66.62,66.62,30.0,36.62
district,Koshi,Udayapur,Male,55 - 59 Years,6419,3822,26,2571,0,59.54,59.54,22.04,37.5
district,Koshi,Udayapur,Male,60 - 64 Years,5529,2819,28,2682,0,50.99,50.99,15.4,35.59
district,Koshi,Udayapur,Male,65 - 69 Years,4458,2039,24,2395,0,45.74,45.74,12.03,33.71
district,Koshi,Udayapur,Male,70 - 74 Years,3339,1291,23,2025,0,38.66,38.66,7.71,30.95
district,Koshi,Udayapur,Male,75+ Years,3904,1038,39,2827,0,26.59,26.59,5.66,20.93
district,Koshi,Udayapur,Female,Total,163636,115977,471,47184,4,70.87,84.07,70.87,13.2
district,Koshi,Udayapur,Female,05 Year,3011,2700,23,287,1,89.67,88.47,89.67,-1.2
district,Koshi,Udayapur,Female,06 Year,3141,2943,21,177,0,93.7,94.02,93.7,0.32
district,Koshi,Udayapur,Female,07 Year,3169,3054,11,104,0,96.37,96.09,96.37,-0.28
district,Koshi,Udayapur,Female,08 Year,3347,3271,6,70,0,97.73,97.31,97.73,-0.42
district,Koshi,Udayapur,Female,09 Year,3181,3134,0,47,0,98.52,98.36,98.52,-0.16
district,Koshi,Udayapur,Female,10 Year,3464,3426,1,37,0,98.9,98.93,98.9,0.03
district,Koshi,Udayapur,Female,11 Year,3069,3037,1,31,0,98.96,98.56,98.96,-0.4
district,Koshi,Udayapur,Female,12 Year,3649,3599,0,50,0,98.63,97.76,98.63,-0.87
district,Koshi,Udayapur,Female,13 Year,3481,3418,0,63,0,98.19,98.68,98.19,0.49
district,Koshi,Udayapur,Female,14 Year,3710,3664,0,46,0,98.76,98.22,98.76,-0.54
district,Koshi,Udayapur,Female,15 Year,3787,3715,0,72,0,98.1,98.01,98.1,-0.09
district,Koshi,Udayapur,Female,16 - 19 Years,14236,13873,2,361,0,97.45,97.55,97.45,0.1
district,Koshi,Udayapur,Female,20 - 24 Years,17111,16274,8,828,1,95.11,96.57,95.11,1.46
district,Koshi,Udayapur,Female,25 - 29 Years,15505,14164,6,1335,0,91.35,94.72,91.35,3.37
district,Koshi,Udayapur,Female,30 - 34 Years,13768,11437,27,2304,0,83.07,91.83,83.07,8.76
district,Koshi,Udayapur,Female,35 - 39 Years,12494,8755,53,3685,1,70.07,88.4,70.07,18.33
district,Koshi,Udayapur,Female,40 - 44 Years,10518,5850,54,4614,0,55.62,83.0,55.62,27.38
district,Koshi,Udayapur,Female,45 - 49 Years,8685,3460,59,5166,0,39.84,74.81,39.84,34.97
district,Koshi,Udayapur,Female,50 - 54 Years,9142,2743,58,6341,0,30.0,66.62,30.0,36.62
district,Koshi,Udayapur,Female,55 - 59 Years,6561,1446,39,5076,0,22.04,59.54,22.04,37.5
district,Koshi,Udayapur,Female,60 - 64 Years,6008,925,44,5038,1,15.4,50.99,15.4,35.59
district,Koshi,Udayapur,Female,65 - 69 Years,4688,564,28,4096,0,12.03,45.74,12.03,33.71
district,Koshi,Udayapur,Female,70 - 74 Years,3760,290,18,3452,0,7.71,38.66,7.71,30.95
district,Koshi,Udayapur,Female,75+ Years,4151,235,12,3904,0,5.66,26.59,5.66,20.93
province,Madhesh,,Total,Total,5473478,3477413,14231,1981166,668,63.53,72.45,54.7,17.75
province,Madhesh,,Total,05 Year,158775,111954,2110,44486,225,70.51,71.02,69.93,1.09
province,Madhesh,,Total,06 Year,147062,115582,1872,29528,80,78.59,79.22,77.9,1.32
province,Madhesh,,Total,07 Year,132108,110568,1320,20182,38,83.7,84.34,83.01,1.33
province,Madhesh,,Total,08 Year,163321,139022,1179,23090,30,85.12,85.8,84.38,1.42
province,Madhesh,,Total,09 Year,102199,91282,505,10392,20,89.32,90.03,88.56,1.47
province,Madhesh,,Total,10 Year,184973,162878,344,21742,9,88.06,88.82,87.21,1.61
province,Madhesh,,Total,11 Year,92282,85058,93,7127,4,92.17,92.84,91.44,1.4
province,Madhesh,,Total,12 Year,164093,146575,144,17365,9,89.32,90.24,88.35,1.89
province,Madhesh,,Total,13 Year,113751,103457,74,10215,5,90.95,91.97,89.91,2.06
province,Madhesh,,Total,14 Year,128556,115679,74,12801,2,89.98,91.42,88.54,2.88
province,Madhesh,,Total,15 Year,132612,116148,76,16381,7,87.58,89.14,85.98,3.16
province,Madhesh,,Total,16 - 19 Years,496104,424250,321,71504,29,85.52,88.22,82.54,5.68
province,Madhesh,,Total,20 - 24 Years,568137,441066,462,126560,49,77.63,84.57,71.32,13.25
province,Madhesh,,Total,25 - 29 Years,480982,329915,619,150413,35,68.59,79.6,59.1,20.5
province,Madhesh,,Total,30 - 34 Years,402234,237109,638,164472,15,58.95,74.3,46.04,28.26
province,Madhesh,,Total,35 - 39 Years,405662,206752,818,198078,14,50.97,68.65,36.22,32.43
province,Madhesh,,Total,40 - 44 Years,325657,151752,699,173199,7,46.6,63.07,30.19,32.88
province,Madhesh,,Total,45 - 49 Years,272956,113219,592,159133,12,41.48,59.33,24.33,35.0
province,Madhesh,,Total,50 - 54 Years,250054,90873,598,158570,13,36.34,52.53,19.09,33.44
province,Madhesh,,Total,55 - 59 Years,192853,59524,471,132847,11,30.86,45.01,15.12,29.89
province,Madhesh,,Total,60 - 64 Years,173483,44942,378,128149,14,25.91,40.18,11.44,28.74
province,Madhesh,,Total,65 - 69 Years,155640,36714,372,118545,9,23.59,36.69,9.38,27.31
province,Madhesh,,Total,70 - 74 Years,129392,24967,242,104168,15,19.3,30.77,7.3,23.47
province,Madhesh,,Total,75+ Years,100592,18127,230,82219,16,18.02,28.45,6.48,21.97
province,Madhesh,,Male,Total,2722401,1972460,6859,742731,351,72.45,72.45,54.7,17.75
province,Madhesh,,Male,05 Year,84268,59850,1154,23136,128,71.02,71.02,69.93,1.09
province,Madhesh,,Male,06 Year,77286,61227,997,15023,39,79.22,79.22,77.9,1.32
province,Madhesh,,Male,07 Year,67919,57285,715,9893,26,84.34,84.34,83.01,1.33
province,Madhesh,,Male,08 Year,85023,72952,650,11404,17,85.8,85.8,84.38,1.42
province,Madhesh,,Male,09 Year,52797,47531,258,4998,10,90.03,90.03,88.56,1.47
province,Madhesh,,Male,10 Year,97423,86527,195,10696,5,88.82,88.82,87.21,1.61
province,Madhesh,,Male,11 Year,48345,44884,53,3406,2,92.84,92.84,91.44,1.4
province,Madhesh,,Male,12 Year,84652,76388,69,8190,5,90.24,90.24,88.35,1.89
province,Madhesh,,Male,13 Year,57354,52748,43,4560,3,91.97,91.97,89.91,2.06
province,Madhesh,,Male,14 Year,64478,58946,36,5495,1,91.42,91.42,88.54,2.88
province,Madhesh,,Male,15 Year,67332,60017,27,7285,3,89.14,89.14,85.98,3.16
province,Madhesh,,Male,16 - 19 Years,259953,229328,138,30474,13,88.22,88.22,82.54,5.68
province,Madhesh,,Male,20 - 24 Years,270626,228867,161,41571,27,84.57,84.57,71.32,13.25
province,Madhesh,,Male,25 - 29 Years,222693,177274,201,45202,16,79.6,79.6,59.1,20.5
province,Madhesh,,Male,30 - 34 Years,183710,136490,206,47005,9,74.3,74.3,46.04,28.26
province,Madhesh,,Male,35 - 39 Years,184460,126635,291,57526,8,68.65,68.65,36.22,32.43
province,Madhesh,,Male,40 - 44 Years,162490,102488,264,59736,2,63.07,63.07,30.19,32.88
province,Madhesh,,Male,45 - 49 Years,133759,79355,222,54176,6,59.33,59.33,24.33,35.0
province,Madhesh,,Male,50 - 54 Years,128977,67758,255,60960,4,52.53,52.53,19.09,33.44
province,Madhesh,,Male,55 - 59 Years,101572,45722,229,55617,4,45.01,45.01,15.12,29.89
province,Madhesh,,Male,60 - 64 Years,87346,35092,204,52040,10,40.18,40.18,11.44,28.74
province,Madhesh,,Male,65 - 69 Years,80973,29713,203,51054,3,36.69,36.69,9.38,27.31
province,Madhesh,,Male,70 - 74 Years,66137,20351,139,45644,3,30.77,30.77,7.3,23.47
province,Madhesh,,Male,75+ Years,52828,15032,149,37640,7,28.45,28.45,6.48,21.97
province,Madhesh,,Female,Total,2751077,1504953,7372,1238435,317,54.7,72.45,54.7,17.75
province,Madhesh,,Female,05 Year,74507,52104,956,21350,97,69.93,71.02,69.93,1.09
province,Madhesh,,Female,06 Year,69776,54355,875,14505,41,77.9,79.22,77.9,1.32
province,Madhesh,,Female,07 Year,64189,53283,605,10289,12,83.01,84.34,83.01,1.33
province,Madhesh,,Female,08 Year,78298,66070,529,11686,13,84.38,85.8,84.38,1.42
province,Madhesh,,Female,09 Year,49402,43751,247,5394,10,88.56,90.03,88.56,1.47
province,Madhesh,,Female,10 Year,87550,76351,149,11046,4,87.21,88.82,87.21,1.61
province,Madhesh,,Female,11 Year,43937,40174,40,3721,2,91.44,92.84,91.44,1.4
province,Madhesh,,Female,12 Year,79441,70187,75,9175,4,88.35,90.24,88.35,1.89
province,Madhesh,,Female,13 Year,56397,50709,31,5655,2,89.91,91.97,89.91,2.06
province,Madhesh,,Female,14 Year,64078,56733,38,7306,1,88.54,91.42,88.54,2.88
province,Madhesh,,Female,15 Year,65280,56131,49,9096,4,85.98,89.14,85.98,3.16
province,Madhesh,,Female,16 - 19 Years,236151,194922,183,41030,16,82.54,88.22,82.54,5.68
province,Madhesh,,Female,20 - 24 Years,297511,212199,301,84989,22,71.32,84.57,71.32,13.25
province,Madhesh,,Female,25 - 29 Years,258289,152641,418,105211,19,59.1,79.6,59.1,20.5
province,Madhesh,,Female,30 - 34 Years,218524,100619,432,117467,6,46.04,74.3,46.04,28.26
province,Madhesh,,Female,35 - 39 Years,221202,80117,527,140552,6,36.22,68.65,36.22,32.43
province,Madhesh,,Female,40 - 44 Years,163167,49264,435,113463,5,30.19,63.07,30.19,32.88
province,Madhesh,,Female,45 - 49 Years,139197,33864,370,104957,6,24.33,59.33,24.33,35.0
province,Madhesh,,Female,50 - 54 Years,121077,23115,343,97610,9,19.09,52.53,19.09,33.44
province,Madhesh,,Female,55 - 59 Years,91281,13802,242,77230,7,15.12,45.01,15.12,29.89
province,Madhesh,,Female,60 - 64 Years,86137,9850,174,76109,4,11.44,40.18,11.44,28.74
province,Madhesh,,Female,65 - 69 Years,74667,7001,169,67491,6,9.38,36.69,9.38,27.31
province,Madhesh,,Female,70 - 74 Years,63255,4616,103,58524,12,7.3,30.77,7.3,23.47
province,Madhesh,,Female,75+ Years,47764,3095,81,44579,9,6.48,28.45,6.48,21.97
district,Madhesh,Saptari,Total,Total,639351,432802,1621,204885,43,67.69,78.19,57.49,20.7
district,Madhesh,Saptari,Total,05 Year,16320,12349,222,3735,14,75.67,76.08,75.19,0.89
district,Madhesh,Saptari,Total,06 Year,14092,11723,191,2174,4,83.19,83.09,83.3,-0.21
district,Madhesh,Saptari,Total,07 Year,14783,12905,143,1731,4,87.3,88.1,86.44,1.66
district,Madhesh,Saptari,Total,08 Year,16479,14814,79,1584,2,89.9,90.6,89.11,1.49
district,Madhesh,Saptari,Total,09 Year,10863,10164,44,654,1,93.57,94.03,93.07,0.96
district,Madhesh,Saptari,Total,10 Year,18778,17448,19,1310,1,92.92,93.52,92.24,1.28
district,Madhesh,Saptari,Total,11 Year,9561,9124,9,428,0,95.43,95.5,95.34,0.16
district,Madhesh,Saptari,Total,12 Year,17151,16116,8,1027,0,93.97,94.59,93.29,1.3
district,Madhesh,Saptari,Total,13 Year,12495,11806,3,686,0,94.49,95.34,93.61,1.73
district,Madhesh,Saptari,Total,14 Year,12951,12174,5,772,0,94.0,94.76,93.22,1.54
district,Madhesh,Saptari,Total,15 Year,14131,13073,2,1056,0,92.51,93.27,91.72,1.55
district,Madhesh,Saptari,Total,16 - 19 Years,54942,50029,22,4890,1,91.06,93.17,88.78,4.39
district,Madhesh,Saptari,Total,20 - 24 Years,67128,56477,46,10600,5,84.13,90.21,78.77,11.44
district,Madhesh,Saptari,Total,25 - 29 Years,57328,43224,70,14030,4,75.4,86.03,66.23,19.8
district,Madhesh,Saptari,Total,30 - 34 Years,47913,31402,88,16423,0,65.54,81.66,52.09,29.57
district,Madhesh,Saptari,Total,35 - 39 Years,49863,28539,121,21202,1,57.23,76.51,41.41,35.1
district,Madhesh,Saptari,Total,40 - 44 Years,40017,21278,102,18637,0,53.17,71.54,35.5,36.04
district,Madhesh,Saptari,Total,45 - 49 Years,33589,16497,103,16988,1,49.11,68.57,30.19,38.38
district,Madhesh,Saptari,Total,50 - 54 Years,32246,13846,85,18315,0,42.94,62.78,23.11,39.67
district,Madhesh,Saptari,Total,55 - 59 Years,25068,9319,77,15672,0,37.17,54.95,17.43,37.52
district,Madhesh,Saptari,Total,60 - 64 Years,21863,7011,49,14802,1,32.07,51.25,13.46,37.79
district,Madhesh,Saptari,Total,65 - 69 Years,20064,5971,55,14038,0,29.76,48.67,11.02,37.65
district,Madhesh,Saptari,Total,70 - 74 Years,18081,4384,45,13649,3,24.25,40.28,8.47,31.81
district,Madhesh,Saptari,Total,75+ Years,13645,3129,33,10482,1,22.93,37.83,7.07,30.76
district,Madhesh,Saptari,Male,Total,315154,246426,723,67983,22,78.19,78.19,57.49,20.7
district,Madhesh,Saptari,Male,05 Year,8693,6614,124,1949,6,76.08,76.08,75.19,0.89
district,Madhesh,Saptari,Male,06 Year,7458,6197,99,1160,2,83.09,83.09,83.3,-0.21
district,Madhesh,Saptari,Male,07 Year,7614,6708,83,819,4,88.1,88.1,86.44,1.66
district,Madhesh,Saptari,Male,08 Year,8690,7873,52,763,2,90.6,90.6,89.11,1.49
district,Madhesh,Saptari,Male,09 Year,5628,5292,27,309,0,94.03,94.03,93.07,0.96
district,Madhesh,Saptari,Male,10 Year,9930,9287,15,628,0,93.52,93.52,92.24,1.28
district,Madhesh,Saptari,Male,11 Year,5093,4864,9,220,0,95.5,95.5,95.34,0.16
district,Madhesh,Saptari,Male,12 Year,8860,8381,4,475,0,94.59,94.59,93.29,1.3
district,Madhesh,Saptari,Male,13 Year,6329,6034,1,294,0,95.34,95.34,93.61,1.73
district,Madhesh,Saptari,Male,14 Year,6560,6216,3,341,0,94.76,94.76,93.22,1.54
district,Madhesh,Saptari,Male,15 Year,7219,6733,0,486,0,93.27,93.27,91.72,1.55
district,Madhesh,Saptari,Male,16 - 19 Years,28539,26589,5,1945,0,93.17,93.17,88.78,4.39
district,Madhesh,Saptari,Male,20 - 24 Years,31478,28396,14,3064,4,90.21,90.21,78.77,11.44
district,Madhesh,Saptari,Male,25 - 29 Years,26538,22831,16,3690,1,86.03,86.03,66.23,19.8
district,Madhesh,Saptari,Male,30 - 34 Years,21791,17795,24,3972,0,81.66,81.66,52.09,29.57
district,Madhesh,Saptari,Male,35 - 39 Years,22485,17203,35,5247,0,76.51,76.51,41.41,35.1
district,Madhesh,Saptari,Male,40 - 44 Years,19622,14038,27,5557,0,71.54,71.54,35.5,36.04
district,Madhesh,Saptari,Male,45 - 49 Years,16562,11356,30,5175,1,68.57,68.57,30.19,38.38
district,Madhesh,Saptari,Male,50 - 54 Years,16116,10118,36,5962,0,62.78,62.78,23.11,39.67
district,Madhesh,Saptari,Male,55 - 59 Years,13193,7249,31,5913,0,54.95,54.95,17.43,37.52
district,Madhesh,Saptari,Male,60 - 64 Years,10765,5517,20,5227,1,51.25,51.25,13.46,37.79
district,Madhesh,Saptari,Male,65 - 69 Years,9988,4861,22,5105,0,48.67,48.67,11.02,37.65
district,Madhesh,Saptari,Male,70 - 74 Years,8967,3612,23,5331,1,40.28,40.28,8.47,31.81
district,Madhesh,Saptari,Male,75+ Years,7036,2662,23,4351,0,37.83,37.83,7.07,30.76
district,Madhesh,Saptari,Female,Total,324197,186376,898,136902,21,57.49,78.19,57.49,20.7
district,Madhesh,Saptari,Female,05 Year,7627,5735,98,1786,8,75.19,76.08,75.19,0.89
district,Madhesh,Saptari,Female,06 Year,6634,5526,92,1014,2,83.3,83.09,83.3,-0.21
district,Madhesh,Saptari,Female,07 Year,7169,6197,60,912,0,86.44,88.1,86.44,1.66
district,Madhesh,Saptari,Female,08 Year,7789,6941,27,821,0,89.11,90.6,89.11,1.49
district,Madhesh,Saptari,Female,09 Year,5235,4872,17,345,1,93.07,94.03,93.07,0.96
district,Madhesh,Saptari,Female,10 Year,8848,8161,4,682,1,92.24,93.52,92.24,1.28
district,Madhesh,Saptari,Female,11 Year,4468,4260,0,208,0,95.34,95.5,95.34,0.16
district,Madhesh,Saptari,Female,12 Year,8291,7735,4,552,0,93.29,94.59,93.29,1.3
district,Madhesh,Saptari,Female,13 Year,6166,5772,2,392,0,93.61,95.34,93.61,1.73
district,Madhesh,Saptari,Female,14 Year,6391,5958,2,431,0,93.22,94.76,93.22,1.54
district,Madhesh,Saptari,Female,15 Year,6912,6340,2,570,0,91.72,93.27,91.72,1.55
district,Madhesh,Saptari,Female,16 - 19 Years,26403,23440,17,2945,1,88.78,93.17,88.78,4.39
district,Madhesh,Saptari,Female,20 - 24 Years,35650,28081,32,7536,1,78.77,90.21,78.77,11.44
district,Madhesh,Saptari,Female,25 - 29 Years,30790,20393,54,10340,3,66.23,86.03,66.23,19.8
district,Madhesh,Saptari,Female,30 - 34 Years,26122,13607,64,12451,0,52.09,81.66,52.09,29.57
district,Madhesh,Saptari,Female,35 - 39 Years,27378,11336,86,15955,1,41.41,76.51,41.41,35.1
district,Madhesh,Saptari,Female,40 - 44 Years,20395,7240,75,13080,0,35.5,71.54,35.5,36.04
district,Madhesh,Saptari,Female,45 - 49 Years,17027,5141,73,11813,0,30.19,68.57,30.19,38.38
district,Madhesh,Saptari,Female,50 - 54 Years,16130,3728,49,12353,0,23.11,62.78,23.11,39.67
district,Madhesh,Saptari,Female,55 - 59 Years,11875,2070,46,9759,0,17.43,54.95,17.43,37.52
district,Madhesh,Saptari,Female,60 - 64 Years,11098,1494,29,9575,0,13.46,51.25,13.46,37.79
district,Madhesh,Saptari,Female,65 - 69 Years,10076,1110,33,8933,0,11.02,48.67,11.02,37.65
district,Madhesh,Saptari,Female,70 - 74 Years,9114,772,22,8318,2,8.47,40.28,8.47,31.81
district,Madhesh,Saptari,Female,75+ Years,6609,467,10,6131,1,7.07,37.83,7.07,30.76
district,Madhesh,Siraha,Total,Total,660735,430205,1976,228444,110,65.11,74.81,55.99,18.82
district,Madhesh,Siraha,Total,05 Year,20117,14478,353,5235,51,71.97,72.36,71.49,0.87
district,Madhesh,Siraha,Total,06 Year,17764,14467,205,3076,16,81.44,81.63,81.21,0.42
district,Madhesh,Siraha,Total,07 Year,16661,14352,141,2161,7,86.14,86.37,85.88,0.49
district,Madhesh,Siraha,Total,08 Year,18569,16253,118,2195,3,87.53,88.15,86.82,1.33
district,Madhesh,Siraha,Total,09 Year,12933,11830,39,1062,2,91.47,92.08,90.79,1.29
district,Madhesh,Siraha,Total,10 Year,20979,19114,32,1833,0,91.11,91.54,90.61,0.93
district,Madhesh,Siraha,Total,11 Year,11627,10971,12,643,1,94.36,95.0,93.63,1.37
district,Madhesh,Siraha,Total,12 Year,18619,17017,14,1587,1,91.4,92.09,90.61,1.48
district,Madhesh,Siraha,Total,13 Year,13762,12803,5,954,0,93.03,93.47,92.57,0.9
district,Madhesh,Siraha,Total,14 Year,14754,13650,3,1100,1,92.52,93.73,91.27,2.46
district,Madhesh,Siraha,Total,15 Year,15544,14027,6,1511,0,90.24,91.44,88.99,2.45
district,Madhesh,Siraha,Total,16 - 19 Years,57668,50709,33,6920,6,87.93,90.14,85.52,4.62
district,Madhesh,Siraha,Total,20 - 24 Years,68898,55887,52,12950,9,81.12,87.51,75.94,11.57
district,Madhesh,Siraha,Total,25 - 29 Years,57633,41853,84,15693,3,72.62,83.72,64.27,19.45
district,Madhesh,Siraha,Total,30 - 34 Years,47990,29823,91,18073,3,62.14,78.81,49.95,28.86
district,Madhesh,Siraha,Total,35 - 39 Years,49280,26297,132,22850,1,53.36,73.4,38.69,34.71
district,Madhesh,Siraha,Total,40 - 44 Years,38475,18675,113,19687,0,48.54,67.95,31.17,36.78
district,Madhesh,Siraha,Total,45 - 49 Years,33033,14056,116,18861,0,42.55,64.14,24.11,40.03
district,Madhesh,Siraha,Total,50 - 54 Years,30696,11235,120,19339,2,36.6,55.53,17.68,37.85
district,Madhesh,Siraha,Total,55 - 59 Years,24743,7447,79,17216,1,30.1,45.26,13.44,31.82
district,Madhesh,Siraha,Total,60 - 64 Years,22263,5606,70,16586,1,25.18,40.8,10.1,30.7
district,Madhesh,Siraha,Total,65 - 69 Years,20286,4685,69,15532,0,23.09,37.07,8.54,28.53
district,Madhesh,Siraha,Total,70 - 74 Years,16351,2960,52,13338,1,18.1,29.71,5.99,23.72
district,Madhesh,Siraha,Total,75+ Years,12090,2010,37,10042,1,16.63,27.31,5.13,22.18
district,Madhesh,Siraha,Male,Total,320175,239514,905,79701,55,74.81,74.81,55.99,18.82
district,Madhesh,Siraha,Male,05 Year,11073,8012,196,2831,34,72.36,72.36,71.49,0.87
district,Madhesh,Siraha,Male,06 Year,9620,7853,110,1651,6,81.63,81.63,81.21,0.42
district,Madhesh,Siraha,Male,07 Year,8783,7586,80,1112,5,86.37,86.37,85.88,0.49
district,Madhesh,Siraha,Male,08 Year,9874,8704,70,1099,1,88.15,88.15,86.82,1.33
district,Madhesh,Siraha,Male,09 Year,6828,6287,23,518,0,92.08,92.08,90.79,1.29
district,Madhesh,Siraha,Male,10 Year,11235,10285,15,935,0,91.54,91.54,90.61,0.93
district,Madhesh,Siraha,Male,11 Year,6144,5837,5,301,1,95.0,95.0,93.63,1.37
district,Madhesh,Siraha,Male,12 Year,9865,9085,10,770,0,92.09,92.09,90.61,1.48
district,Madhesh,Siraha,Male,13 Year,7042,6582,3,457,0,93.47,93.47,92.57,0.9
district,Madhesh,Siraha,Male,14 Year,7477,7008,2,466,1,93.73,93.73,91.27,2.46
district,Madhesh,Siraha,Male,15 Year,7930,7251,4,675,0,91.44,91.44,88.99,2.45
district,Madhesh,Siraha,Male,16 - 19 Years,30069,27105,15,2947,2,90.14,90.14,85.52,4.62
district,Madhesh,Siraha,Male,20 - 24 Years,30807,26960,15,3830,2,87.51,87.51,75.94,11.57
district,Madhesh,Siraha,Male,25 - 29 Years,24737,20710,26,4000,1,83.72,83.72,64.27,19.45
district,Madhesh,Siraha,Male,30 - 34 Years,20275,15979,26,4269,1,78.81,78.81,49.95,28.86
district,Madhesh,Siraha,Male,35 - 39 Years,20833,15291,41,5501,0,73.4,73.4,38.69,34.71
district,Madhesh,Siraha,Male,40 - 44 Years,18165,12344,30,5791,0,67.95,67.95,31.17,36.78
district,Madhesh,Siraha,Male,45 - 49 Years,15214,9759,28,5427,0,64.14,64.14,24.11,40.03
district,Madhesh,Siraha,Male,50 - 54 Years,15348,8522,46,6780,0,55.53,55.53,17.68,37.85
district,Madhesh,Siraha,Male,55 - 59 Years,12953,5863,40,7049,1,45.26,45.26,13.44,31.82
district,Madhesh,Siraha,Male,60 - 64 Years,10935,4462,32,6441,0,40.8,40.8,10.1,30.7
district,Madhesh,Siraha,Male,65 - 69 Years,10351,3837,37,6477,0,37.07,37.07,8.54,28.53
district,Madhesh,Siraha,Male,70 - 74 Years,8352,2481,28,5843,0,29.71,29.71,5.99,23.72
district,Madhesh,Siraha,Male,75+ Years,6265,1711,23,4531,0,27.31,27.31,5.13,22.18
district,Madhesh,Siraha,Female,Total,340560,190691,1071,148743,55,55.99,74.81,55.99,18.82
district,Madhesh,Siraha,Female,05 Year,9044,6466,157,2404,17,71.49,72.36,71.49,0.87
district,Madhesh,Siraha,Female,06 Year,8144,6614,95,1425,10,81.21,81.63,81.21,0.42
district,Madhesh,Siraha,Female,07 Year,7878,6766,61,1049,2,85.88,86.37,85.88,0.49
district,Madhesh,Siraha,Female,08 Year,8695,7549,48,1096,2,86.82,88.15,86.82,1.33
district,Madhesh,Siraha,Female,09 Year,6105,5543,16,544,2,90.79,92.08,90.79,1.29
district,Madhesh,Siraha,Female,10 Year,9744,8829,17,898,0,90.61,91.54,90.61,0.93
district,Madhesh,Siraha,Female,11 Year,5483,5134,7,342,0,93.63,95.0,93.63,1.37
district,Madhesh,Siraha,Female,12 Year,8754,7932,4,817,1,90.61,92.09,90.61,1.48
district,Madhesh,Siraha,Female,13 Year,6720,6221,2,497,0,92.57,93.47,92.57,0.9
district,Madhesh,Siraha,Female,14 Year,7277,6642,1,634,0,91.27,93.73,91.27,2.46
district,Madhesh,Siraha,Female,15 Year,7614,6776,2,836,0,88.99,91.44,88.99,2.45
district,Madhesh,Siraha,Female,16 - 19 Years,27599,23604,18,3973,4,85.52,90.14,85.52,4.62
district,Madhesh,Siraha,Female,20 - 24 Years,38091,28927,37,9120,7,75.94,87.51,75.94,11.57
district,Madhesh,Siraha,Female,25 - 29 Years,32896,21143,58,11693,2,64.27,83.72,64.27,19.45
district,Madhesh,Siraha,Female,30 - 34 Years,27715,13844,65,13804,2,49.95,78.81,49.95,28.86
district,Madhesh,Siraha,Female,35 - 39 Years,28447,11006,91,17349,1,38.69,73.4,38.69,34.71
district,Madhesh,Siraha,Female,40 - 44 Years,20310,6331,83,13896,0,31.17,67.95,31.17,36.78
district,Madhesh,Siraha,Female,45 - 49 Years,17819,4297,88,13434,0,24.11,64.14,24.11,40.03
district,Madhesh,Siraha,Female,50 - 54 Years,15348,2713,74,12559,2,17.68,55.53,17.68,37.85
district,Madhesh,Siraha,Female,55 - 59 Years,11790,1584,39,10167,0,13.44,45.26,13.44,31.82
district,Madhesh,Siraha,Female,60 - 64 Years,11328,1144,38,10145,1,10.1,40.8,10.1,30.7
district,Madhesh,Siraha,Female,65 - 69 Years,9935,848,32,9055,0,8.54,37.07,8.54,28.53
district,Madhesh,Siraha,Female,70 - 74 Years,7999,479,24,7495,1,5.99,29.71,5.99,23.72
district,Madhesh,Siraha,Female,75+ Years,5825,299,14,5511,1,5.13,27.31,5.13,22.18
district,Madhesh,Dhanusa,Total,Total,772010,503476,1600,266797,137,65.22,74.58,56.31,18.27
district,Madhesh,Dhanusa,Total,05 Year,23164,16822,248,6046,48,72.62,73.3,71.8,1.5
district,Madhesh,Dhanusa,Total,06 Year,20591,16790,213,3571,17,81.54,82.06,80.94,1.12
district,Madhesh,Dhanusa,Total,07 Year,19455,16884,181,2376,14,86.78,87.18,86.36,0.82
district,Madhesh,Dhanusa,Total,08 Year,22028,19424,155,2441,8,88.18,88.59,87.71,0.88
district,Madhesh,Dhanusa,Total,09 Year,14668,13413,73,1176,6,91.44,92.09,90.72,1.37
district,Madhesh,Dhanusa,Total,10 Year,25227,22856,44,2326,1,90.6,90.89,90.27,0.62
district,Madhesh,Dhanusa,Total,11 Year,13575,12797,7,770,1,94.27,94.34,94.19,0.15
district,Madhesh,Dhanusa,Total,12 Year,22597,20711,16,1868,2,91.65,92.2,91.08,1.12
district,Madhesh,Dhanusa,Total,13 Year,15727,14599,11,1116,1,92.83,93.6,92.01,1.59
district,Madhesh,Dhanusa,Total,14 Year,17203,15891,6,1306,0,92.37,93.6,91.08,2.52
district,Madhesh,Dhanusa,Total,15 Year,17685,15816,4,1863,2,89.43,90.58,88.22,2.36
district,Madhesh,Dhanusa,Total,16 - 19 Years,67392,59290,20,8079,3,87.98,90.29,85.43,4.86
district,Madhesh,Dhanusa,Total,20 - 24 Years,80749,64418,43,16281,7,79.78,86.84,74.19,12.65
district,Madhesh,Dhanusa,Total,25 - 29 Years,69238,49071,68,20092,7,70.87,82.64,62.03,20.61
district,Madhesh,Dhanusa,Total,30 - 34 Years,56271,34758,71,21439,3,61.77,78.12,48.92,29.2
district,Madhesh,Dhanusa,Total,35 - 39 Years,56912,30162,81,26668,1,53.0,72.89,38.21,34.68
district,Madhesh,Dhanusa,Total,40 - 44 Years,43562,21469,53,22038,2,49.28,68.51,31.87,36.64
district,Madhesh,Dhanusa,Total,45 - 49 Years,37535,16094,62,21377,2,42.88,63.74,25.28,38.46
district,Madhesh,Dhanusa,Total,50 - 54 Years,35208,13349,64,21795,0,37.91,55.75,20.1,35.65
district,Madhesh,Dhanusa,Total,55 - 59 Years,28717,9167,49,19497,4,31.92,46.45,16.31,30.14
district,Madhesh,Dhanusa,Total,60 - 64 Years,27275,7297,47,19930,1,26.75,40.91,12.04,28.87
district,Madhesh,Dhanusa,Total,65 - 69 Years,24209,5882,42,18281,4,24.3,36.18,10.39,25.79
district,Madhesh,Dhanusa,Total,70 - 74 Years,19379,3842,24,15513,0,19.83,30.52,7.66,22.86
district,Madhesh,Dhanusa,Total,75+ Years,13643,2674,18,10948,3,19.6,30.5,7.13,23.37
district,Madhesh,Dhanusa,Male,Total,376239,280603,812,94757,67,74.58,74.58,56.31,18.27
district,Madhesh,Dhanusa,Male,05 Year,12694,9305,140,3220,29,73.3,73.3,71.8,1.5
district,Madhesh,Dhanusa,Male,06 Year,11011,9036,113,1855,7,82.06,82.06,80.94,1.12
district,Madhesh,Dhanusa,Male,07 Year,10169,8865,92,1205,7,87.18,87.18,86.36,0.82
district,Madhesh,Dhanusa,Male,08 Year,11728,10390,100,1234,4,88.59,88.59,87.71,0.88
district,Madhesh,Dhanusa,Male,09 Year,7747,7134,44,566,3,92.09,92.09,90.72,1.37
district,Madhesh,Dhanusa,Male,10 Year,13490,12261,31,1197,1,90.89,90.89,90.27,0.62
district,Madhesh,Dhanusa,Male,11 Year,7193,6786,4,403,0,94.34,94.34,94.19,0.15
district,Madhesh,Dhanusa,Male,12 Year,11624,10717,7,898,2,92.2,92.2,91.08,1.12
district,Madhesh,Dhanusa,Male,13 Year,8078,7561,8,508,1,93.6,93.6,92.01,1.59
district,Madhesh,Dhanusa,Male,14 Year,8827,8262,4,561,0,93.6,93.6,91.08,2.52
district,Madhesh,Dhanusa,Male,15 Year,9069,8215,1,852,1,90.58,90.58,88.22,2.36
district,Madhesh,Dhanusa,Male,16 - 19 Years,35346,31914,9,3422,1,90.29,90.29,85.43,4.86
district,Madhesh,Dhanusa,Male,20 - 24 Years,35643,30952,13,4675,3,86.84,86.84,74.19,12.65
district,Madhesh,Dhanusa,Male,25 - 29 Years,29703,24547,16,5137,3,82.64,82.64,62.03,20.61
district,Madhesh,Dhanusa,Male,30 - 34 Years,24762,19344,24,5393,1,78.12,78.12,48.92,29.2
district,Madhesh,Dhanusa,Male,35 - 39 Years,24264,17687,27,6549,1,72.89,72.89,38.21,34.68
district,Madhesh,Dhanusa,Male,40 - 44 Years,20701,14183,18,6499,1,68.51,68.51,31.87,36.64
district,Madhesh,Dhanusa,Male,45 - 49 Years,17175,10948,29,6198,0,63.74,63.74,25.28,38.46
district,Madhesh,Dhanusa,Male,50 - 54 Years,17594,9809,26,7759,0,55.75,55.75,20.1,35.65
district,Madhesh,Dhanusa,Male,55 - 59 Years,14875,6910,26,7938,1,46.45,46.45,16.31,30.14
district,Madhesh,Dhanusa,Male,60 - 64 Years,13898,5686,22,8190,0,40.91,40.91,12.04,28.87
district,Madhesh,Dhanusa,Male,65 - 69 Years,13054,4723,33,8298,0,36.18,36.18,10.39,25.79
district,Madhesh,Dhanusa,Male,70 - 74 Years,10316,3148,15,7153,0,30.52,30.52,7.66,22.86
district,Madhesh,Dhanusa,Male,75+ Years,7278,2220,10,5047,1,30.5,30.5,7.13,23.37
district,Madhesh,Dhanusa,Female,Total,395771,222873,788,172040,70,56.31,74.58,56.31,18.27
district,Madhesh,Dhanusa,Female,05 Year,10470,7517,108,2826,19,71.8,73.3,71.8,1.5
district,Madhesh,Dhanusa,Female,06 Year,9580,7754,100,1716,10,80.94,82.06,80.94,1.12
district,Madhesh,Dhanusa,Female,07 Year,9286,8019,89,1171,7,86.36,87.18,86.36,0.82
district,Madhesh,Dhanusa,Female,08 Year,10300,9034,55,1207,4,87.71,88.59,87.71,0.88
district,Madhesh,Dhanusa,Female,09 Year,6921,6279,29,610,3,90.72,92.09,90.72,1.37
district,Madhesh,Dhanusa,Female,10 Year,11737,10595,13,1129,0,90.27,90.89,90.27,0.62
district,Madhesh,Dhanusa,Female,11 Year,6382,6011,3,367,1,94.19,94.34,94.19,0.15
district,Madhesh,Dhanusa,Female,12 Year,10973,9994,9,970,0,91.08,92.2,91.08,1.12
district,Madhesh,Dhanusa,Female,13 Year,7649,7038,3,608,0,92.01,93.6,92.01,1.59
district,Madhesh,Dhanusa,Female,14 Year,8376,7629,2,745,0,91.08,93.6,91.08,2.52
district,Madhesh,Dhanusa,Female,15 Year,8616,7601,3,1011,1,88.22,90.58,88.22,2.36
district,Madhesh,Dhanusa,Female,16 - 19 Years,32046,27376,11,4657,2,85.43,90.29,85.43,4.86
district,Madhesh,Dhanusa,Female,20 - 24 Years,45106,33466,30,11606,4,74.19,86.84,74.19,12.65
district,Madhesh,Dhanusa,Female,25 - 29 Years,39535,24524,52,14955,4,62.03,82.64,62.03,20.61
district,Madhesh,Dhanusa,Female,30 - 34 Years,31509,15414,47,16046,2,48.92,78.12,48.92,29.2
district,Madhesh,Dhanusa,Female,35 - 39 Years,32648,12475,54,20119,0,38.21,72.89,38.21,34.68
district,Madhesh,Dhanusa,Female,40 - 44 Years,22861,7286,35,15539,1,31.87,68.51,31.87,36.64
district,Madhesh,Dhanusa,Female,45 - 49 Years,20360,5146,33,15179,2,25.28,63.74,25.28,38.46
district,Madhesh,Dhanusa,Female,50 - 54 Years,17614,3540,38,14036,0,20.1,55.75,20.1,35.65
district,Madhesh,Dhanusa,Female,55 - 59 Years,13842,2257,23,11559,3,16.31,46.45,16.31,30.14
district,Madhesh,Dhanusa,Female,60 - 64 Years,13377,1611,25,11740,1,12.04,40.91,12.04,28.87
district,Madhesh,Dhanusa,Female,65 - 69 Years,11155,1159,9,9983,4,10.39,36.18,10.39,25.79
district,Madhesh,Dhanusa,Female,70 - 74 Years,9063,694,9,8360,0,7.66,30.52,7.66,22.86
district,Madhesh,Dhanusa,Female,75+ Years,6365,454,8,5901,2,7.13,30.5,7.13,23.37
district,Madhesh,Mahottari,Total,Total,631664,377568,1868,252123,105,59.77,68.37,51.55,16.82
district,Madhesh,Mahottari,Total,05 Year,18900,12541,330,5992,37,66.35,65.83,66.93,-1.1
district,Madhesh,Mahottari,Total,06 Year,17724,13212,277,4217,18,74.54,74.93,74.13,0.8
district,Madhesh,Mahottari,Total,07 Year,15386,12313,187,2883,3,80.03,80.63,79.42,1.21
district,Madhesh,Mahottari,Total,08 Year,19232,15711,191,3324,6,81.69,82.08,81.29,0.79
district,Madhesh,Mahottari,Total,09 Year,11868,10363,85,1416,4,87.32,88.19,86.42,1.77
district,Madhesh,Mahottari,Total,10 Year,22551,19238,66,3245,2,85.31,86.07,84.5,1.57
district,Madhesh,Mahottari,Total,11 Year,11313,10234,14,1065,0,90.46,91.0,89.88,1.12
district,Madhesh,Mahottari,Total,12 Year,19603,17128,33,2441,1,87.37,88.47,86.19,2.28
district,Madhesh,Mahottari,Total,13 Year,13427,11964,13,1449,1,89.1,90.4,87.8,2.6
district,Madhesh,Mahottari,Total,14 Year,15182,13337,12,1832,1,87.85,89.49,86.25,3.24
district,Madhesh,Mahottari,Total,15 Year,15511,13293,15,2201,2,85.7,87.19,84.22,2.97
district,Madhesh,Mahottari,Total,16 - 19 Years,57911,48312,55,9540,4,83.42,86.1,80.52,5.58
district,Madhesh,Mahottari,Total,20 - 24 Years,63613,47592,61,15955,5,74.81,82.47,68.11,14.36
district,Madhesh,Mahottari,Total,25 - 29 Years,54326,34456,77,19786,7,63.42,76.09,53.39,22.7
district,Madhesh,Mahottari,Total,30 - 34 Years,45022,23814,49,21158,1,52.89,69.93,39.68,30.25
district,Madhesh,Mahottari,Total,35 - 39 Years,45653,20339,83,25231,0,44.55,63.05,30.71,32.34
district,Madhesh,Mahottari,Total,40 - 44 Years,36088,14604,61,21422,1,40.47,56.74,25.41,31.33
district,Madhesh,Mahottari,Total,45 - 49 Years,30967,11256,52,19659,0,36.35,52.98,20.7,32.28
district,Madhesh,Mahottari,Total,50 - 54 Years,28257,8813,55,19388,1,31.19,46.19,15.97,30.22
district,Madhesh,Mahottari,Total,55 - 59 Years,22652,5937,37,16674,4,26.21,38.13,13.15,24.98
district,Madhesh,Mahottari,Total,60 - 64 Years,21133,4780,37,16314,2,22.62,34.74,9.82,24.92
district,Madhesh,Mahottari,Total,65 - 69 Years,19336,3977,38,15321,0,20.57,31.13,8.51,22.62
district,Madhesh,Mahottari,Total,70 - 74 Years,15176,2565,25,12584,2,16.9,26.22,6.59,19.63
district,Madhesh,Mahottari,Total,75+ Years,10833,1789,15,9026,3,16.51,25.42,5.78,19.64
district,Madhesh,Mahottari,Male,Total,308940,211218,927,96743,52,68.37,68.37,51.55,16.82
district,Madhesh,Mahottari,Male,05 Year,9930,6537,184,3188,21,65.83,65.83,66.93,-1.1
district,Madhesh,Mahottari,Male,06 Year,9171,6872,144,2143,12,74.93,74.93,74.13,0.8
district,Madhesh,Mahottari,Male,07 Year,7763,6259,108,1393,3,80.63,80.63,79.42,1.21
district,Madhesh,Mahottari,Male,08 Year,9858,8091,101,1663,3,82.08,82.08,81.29,0.79
district,Madhesh,Mahottari,Male,09 Year,6022,5311,38,672,1,88.19,88.19,86.42,1.77
district,Madhesh,Mahottari,Male,10 Year,11651,10028,35,1586,2,86.07,86.07,84.5,1.57
district,Madhesh,Mahottari,Male,11 Year,5858,5331,7,520,0,91.0,91.0,89.88,1.12
district,Madhesh,Mahottari,Male,12 Year,10213,9035,20,1157,1,88.47,88.47,86.19,2.28
district,Madhesh,Mahottari,Male,13 Year,6729,6083,6,640,0,90.4,90.4,87.8,2.6
district,Madhesh,Mahottari,Male,14 Year,7480,6694,5,781,0,89.49,89.49,86.25,3.24
district,Madhesh,Mahottari,Male,15 Year,7742,6750,2,990,0,87.19,87.19,84.22,2.97
district,Madhesh,Mahottari,Male,16 - 19 Years,30123,25936,29,4157,1,86.1,86.1,80.52,5.58
district,Madhesh,Mahottari,Male,20 - 24 Years,29689,24485,24,5177,3,82.47,82.47,68.11,14.36
district,Madhesh,Mahottari,Male,25 - 29 Years,24016,18274,19,5722,1,76.09,76.09,53.39,22.7
district,Madhesh,Mahottari,Male,30 - 34 Years,19666,13753,18,5895,0,69.93,69.93,39.68,30.25
district,Madhesh,Mahottari,Male,35 - 39 Years,19543,12321,29,7193,0,63.05,63.05,30.71,32.34
district,Madhesh,Mahottari,Male,40 - 44 Years,17343,9841,28,7474,0,56.74,56.74,25.41,31.33
district,Madhesh,Mahottari,Male,45 - 49 Years,15014,7954,23,7037,0,52.98,52.98,20.7,32.28
district,Madhesh,Mahottari,Male,50 - 54 Years,14231,6573,28,7630,0,46.19,46.19,15.97,30.22
district,Madhesh,Mahottari,Male,55 - 59 Years,11844,4516,20,7308,0,38.13,38.13,13.15,24.98
district,Madhesh,Mahottari,Male,60 - 64 Years,10852,3770,21,7059,2,34.74,34.74,9.82,24.92
district,Madhesh,Mahottari,Male,65 - 69 Years,10310,3209,19,7082,0,31.13,31.13,8.51,22.62
district,Madhesh,Mahottari,Male,70 - 74 Years,7971,2090,14,5866,1,26.22,26.22,6.59,19.63
district,Madhesh,Mahottari,Male,75+ Years,5921,1505,5,4410,1,25.42,25.42,5.78,19.64
district,Madhesh,Mahottari,Female,Total,322724,166350,941,155380,53,51.55,68.37,51.55,16.82
district,Madhesh,Mahottari,Female,05 Year,8970,6004,146,2804,16,66.93,65.83,66.93,-1.1
district,Madhesh,Mahottari,Female,06 Year,8553,6340,133,2074,6,74.13,74.93,74.13,0.8
district,Madhesh,Mahottari,Female,07 Year,7623,6054,79,1490,0,79.42,80.63,79.42,1.21
district,Madhesh,Mahottari,Female,08 Year,9374,7620,90,1661,3,81.29,82.08,81.29,0.79
district,Madhesh,Mahottari,Female,09 Year,5846,5052,47,744,3,86.42,88.19,86.42,1.77
district,Madhesh,Mahottari,Female,10 Year,10900,9210,31,1659,0,84.5,86.07,84.5,1.57
district,Madhesh,Mahottari,Female,11 Year,5455,4903,7,545,0,89.88,91.0,89.88,1.12
district,Madhesh,Mahottari,Female,12 Year,9390,8093,13,1284,0,86.19,88.47,86.19,2.28
district,Madhesh,Mahottari,Female,13 Year,6698,5881,7,809,1,87.8,90.4,87.8,2.6
district,Madhesh,Mahottari,Female,14 Year,7702,6643,7,1051,1,86.25,89.49,86.25,3.24
district,Madhesh,Mahottari,Female,15 Year,7769,6543,13,1211,2,84.22,87.19,84.22,2.97
district,Madhesh,Mahottari,Female,16 - 19 Years,27788,22376,26,5383,3,80.52,86.1,80.52,5.58
district,Madhesh,Mahottari,Female,20 - 24 Years,33924,23107,37,10778,2,68.11,82.47,68.11,14.36
district,Madhesh,Mahottari,Female,25 - 29 Years,30310,16182,58,14064,6,53.39,76.09,53.39,22.7
district,Madhesh,Mahottari,Female,30 - 34 Years,25356,10061,31,15263,1,39.68,69.93,39.68,30.25
district,Madhesh,Mahottari,Female,35 - 39 Years,26110,8018,54,18038,0,30.71,63.05,30.71,32.34
district,Madhesh,Mahottari,Female,40 - 44 Years,18745,4763,33,13948,1,25.41,56.74,25.41,31.33
district,Madhesh,Mahottari,Female,45 - 49 Years,15953,3302,29,12622,0,20.7,52.98,20.7,32.28
district,Madhesh,Mahottari,Female,50 - 54 Years,14026,2240,27,11758,1,15.97,46.19,15.97,30.22
district,Madhesh,Mahottari,Female,55 - 59 Years,10808,1421,17,9366,4,13.15,38.13,13.15,24.98
district,Madhesh,Mahottari,Female,60 - 64 Years,10281,1010,16,9255,0,9.82,34.74,9.82,24.92
district,Madhesh,Mahottari,Female,65 - 69 Years,9026,768,19,8239,0,8.51,31.13,8.51,22.62
district,Madhesh,Mahottari,Female,70 - 74 Years,7205,475,11,6718,1,6.59,26.22,6.59,19.63
district,Madhesh,Mahottari,Female,75+ Years,4912,284,10,4616,2,5.78,25.42,5.78,19.64
district,Madhesh,Sarlahi,Total,Total,775410,467669,1477,306128,136,60.31,68.23,52.34,15.89
district,Madhesh,Sarlahi,Total,05 Year,21634,14594,212,6793,35,67.46,68.6,66.2,2.4
district,Madhesh,Sarlahi,Total,06 Year,20774,15628,209,4928,9,75.23,76.41,73.9,2.51
district,Madhesh,Sarlahi,Total,07 Year,17796,14415,132,3246,3,81.0,82.13,79.83,2.3
district,Madhesh,Sarlahi,Total,08 Year,22947,18770,143,4030,4,81.8,82.56,81.0,1.56
district,Madhesh,Sarlahi,Total,09 Year,14690,12748,60,1879,3,86.78,87.63,85.88,1.75
district,Madhesh,Sarlahi,Total,10 Year,26587,22401,43,4141,2,84.26,85.21,83.22,1.99
district,Madhesh,Sarlahi,Total,11 Year,13356,12013,13,1329,1,89.94,90.93,88.88,2.05
district,Madhesh,Sarlahi,Total,12 Year,23645,20355,11,3277,2,86.09,87.03,85.09,1.94
district,Madhesh,Sarlahi,Total,13 Year,16439,14603,9,1824,3,88.83,89.96,87.68,2.28
district,Madhesh,Sarlahi,Total,14 Year,19012,16558,8,2446,0,87.09,89.37,84.86,4.51
district,Madhesh,Sarlahi,Total,15 Year,19016,16147,8,2859,2,84.91,86.97,82.76,4.21
district,Madhesh,Sarlahi,Total,16 - 19 Years,72330,59696,24,12602,8,82.53,85.54,79.23,6.31
district,Madhesh,Sarlahi,Total,20 - 24 Years,81782,60377,53,21347,5,73.83,80.72,67.21,13.51
district,Madhesh,Sarlahi,Total,25 - 29 Years,68197,43240,63,24889,5,63.4,73.96,53.76,20.2
district,Madhesh,Sarlahi,Total,30 - 34 Years,56400,30532,60,25803,5,54.13,67.34,42.5,24.84
district,Madhesh,Sarlahi,Total,35 - 39 Years,56341,26537,59,29735,10,47.1,61.87,34.36,27.51
district,Madhesh,Sarlahi,Total,40 - 44 Years,46801,20032,72,26694,3,42.8,56.35,28.76,27.59
district,Madhesh,Sarlahi,Total,45 - 49 Years,38248,14454,48,23738,8,37.79,52.28,23.35,28.93
district,Madhesh,Sarlahi,Total,50 - 54 Years,35021,11653,59,23302,7,33.27,46.67,18.3,28.37
district,Madhesh,Sarlahi,Total,55 - 59 Years,26825,7428,47,19349,1,27.69,39.98,14.3,25.68
district,Madhesh,Sarlahi,Total,60 - 64 Years,24455,5591,45,18811,8,22.86,34.87,10.34,24.53
district,Madhesh,Sarlahi,Total,65 - 69 Years,20430,4260,38,16130,2,20.85,31.97,8.7,23.27
district,Madhesh,Sarlahi,Total,70 - 74 Years,17745,3173,26,14543,3,17.88,28.06,7.53,20.53
district,Madhesh,Sarlahi,Total,75+ Years,14939,2464,35,12433,7,16.49,26.0,6.36,19.64
district,Madhesh,Sarlahi,Male,Total,389149,265511,760,122799,79,68.23,68.23,52.34,15.89
district,Madhesh,Sarlahi,Male,05 Year,11352,7787,117,3433,15,68.6,68.6,66.2,2.4
district,Madhesh,Sarlahi,Male,06 Year,10989,8397,116,2470,6,76.41,76.41,73.9,2.51
district,Madhesh,Sarlahi,Male,07 Year,9067,7447,75,1543,2,82.13,82.13,79.83,2.3
district,Madhesh,Sarlahi,Male,08 Year,11754,9704,82,1965,3,82.56,82.56,81.0,1.56
district,Madhesh,Sarlahi,Male,09 Year,7551,6617,33,898,3,87.63,87.63,85.88,1.75
district,Madhesh,Sarlahi,Male,10 Year,13839,11792,25,2022,0,85.21,85.21,83.22,1.99
district,Madhesh,Sarlahi,Male,11 Year,6947,6317,8,622,0,90.93,90.93,88.88,2.05
district,Madhesh,Sarlahi,Male,12 Year,12086,10519,4,1562,1,87.03,87.03,85.09,1.94
district,Madhesh,Sarlahi,Male,13 Year,8307,7473,8,824,2,89.96,89.96,87.68,2.28
district,Madhesh,Sarlahi,Male,14 Year,9402,8403,1,998,0,89.37,89.37,84.86,4.51
district,Madhesh,Sarlahi,Male,15 Year,9723,8456,2,1263,2,86.97,86.97,82.76,4.21
district,Madhesh,Sarlahi,Male,16 - 19 Years,37824,32356,8,5456,4,85.54,85.54,79.23,6.31
district,Madhesh,Sarlahi,Male,20 - 24 Years,40053,32330,19,7700,4,80.72,80.72,67.21,13.51
district,Madhesh,Sarlahi,Male,25 - 29 Years,32558,24079,21,8455,3,73.96,73.96,53.76,20.2
district,Madhesh,Sarlahi,Male,30 - 34 Years,26415,17788,19,8604,4,67.34,67.34,42.5,24.84
district,Madhesh,Sarlahi,Male,35 - 39 Years,26097,16146,25,9919,7,61.87,61.87,34.36,27.51
district,Madhesh,Sarlahi,Male,40 - 44 Years,23816,13421,34,10360,1,56.35,56.35,28.76,27.59
district,Madhesh,Sarlahi,Male,45 - 49 Years,19091,9981,22,9083,5,52.28,52.28,23.35,28.93
district,Madhesh,Sarlahi,Male,50 - 54 Years,18487,8628,29,9827,3,46.67,46.67,18.3,28.37
district,Madhesh,Sarlahi,Male,55 - 59 Years,13990,5593,26,8370,1,39.98,39.98,14.3,25.68
district,Madhesh,Sarlahi,Male,60 - 64 Years,12482,4353,30,8093,6,34.87,34.87,10.34,24.53
district,Madhesh,Sarlahi,Male,65 - 69 Years,10665,3410,17,7236,2,31.97,31.97,8.7,23.27
district,Madhesh,Sarlahi,Male,70 - 74 Years,8945,2510,15,6419,1,28.06,28.06,7.53,20.53
district,Madhesh,Sarlahi,Male,75+ Years,7709,2004,24,5677,4,26.0,26.0,6.36,19.64
district,Madhesh,Sarlahi,Female,Total,386261,202158,717,183329,57,52.34,68.23,52.34,15.89
district,Madhesh,Sarlahi,Female,05 Year,10282,6807,95,3360,20,66.2,68.6,66.2,2.4
district,Madhesh,Sarlahi,Female,06 Year,9785,7231,93,2458,3,73.9,76.41,73.9,2.51
district,Madhesh,Sarlahi,Female,07 Year,8729,6968,57,1703,1,79.83,82.13,79.83,2.3
district,Madhesh,Sarlahi,Female,08 Year,11193,9066,61,2065,1,81.0,82.56,81.0,1.56
district,Madhesh,Sarlahi,Female,09 Year,7139,6131,27,981,0,85.88,87.63,85.88,1.75
district,Madhesh,Sarlahi,Female,10 Year,12748,10609,18,2119,2,83.22,85.21,83.22,1.99
district,Madhesh,Sarlahi,Female,11 Year,6409,5696,5,707,1,88.88,90.93,88.88,2.05
district,Madhesh,Sarlahi,Female,12 Year,11559,9836,7,1715,1,85.09,87.03,85.09,1.94
district,Madhesh,Sarlahi,Female,13 Year,8132,7130,1,1000,1,87.68,89.96,87.68,2.28
district,Madhesh,Sarlahi,Female,14 Year,9610,8155,7,1448,0,84.86,89.37,84.86,4.51
district,Madhesh,Sarlahi,Female,15 Year,9293,7691,6,1596,0,82.76,86.97,82.76,4.21
district,Madhesh,Sarlahi,Female,16 - 19 Years,34506,27340,16,7146,4,79.23,85.54,79.23,6.31
district,Madhesh,Sarlahi,Female,20 - 24 Years,41729,28047,34,13647,1,67.21,80.72,67.21,13.51
district,Madhesh,Sarlahi,Female,25 - 29 Years,35639,19161,42,16434,2,53.76,73.96,53.76,20.2
district,Madhesh,Sarlahi,Female,30 - 34 Years,29985,12744,41,17199,1,42.5,67.34,42.5,24.84
district,Madhesh,Sarlahi,Female,35 - 39 Years,30244,10391,34,19816,3,34.36,61.87,34.36,27.51
district,Madhesh,Sarlahi,Female,40 - 44 Years,22985,6611,38,16334,2,28.76,56.35,28.76,27.59
district,Madhesh,Sarlahi,Female,45 - 49 Years,19157,4473,26,14655,3,23.35,52.28,23.35,28.93
district,Madhesh,Sarlahi,Female,50 - 54 Years,16534,3025,30,13475,4,18.3,46.67,18.3,28.37
district,Madhesh,Sarlahi,Female,55 - 59 Years,12835,1835,21,10979,0,14.3,39.98,14.3,25.68
district,Madhesh,Sarlahi,Female,60 - 64 Years,11973,1238,15,10718,2,10.34,34.87,10.34,24.53
district,Madhesh,Sarlahi,Female,65 - 69 Years,9765,850,21,8894,0,8.7,31.97,8.7,23.27
district,Madhesh,Sarlahi,Female,70 - 74 Years,8800,663,11,8124,2,7.53,28.06,7.53,20.53
district,Madhesh,Sarlahi,Female,75+ Years,7230,460,11,6756,3,6.36,26.0,6.36,19.64
district,Madhesh,Rautahat,Total,Total,716200,413631,2387,300155,27,57.75,66.02,49.48,16.54
district,Madhesh,Rautahat,Total,05 Year,23833,15714,321,7791,7,65.93,66.72,65.12,1.6
district,Madhesh,Rautahat,Total,06 Year,22452,16369,347,5733,3,72.91,73.77,72.0,1.77
district,Madhesh,Rautahat,Total,07 Year,18579,14449,243,3886,1,77.77,78.7,76.82,1.88
district,Madhesh,Rautahat,Total,08 Year,25075,19708,223,5143,1,78.6,79.47,77.7,1.77
district,Madhesh,Rautahat,Total,09 Year,14197,11836,89,2272,0,83.37,84.07,82.63,1.44
district,Madhesh,Rautahat,Total,10 Year,27852,22822,62,4966,2,81.94,83.31,80.47,2.84
district,Madhesh,Rautahat,Total,11 Year,12344,10713,24,1607,0,86.79,88.23,85.21,3.02
district,Madhesh,Rautahat,Total,12 Year,23837,19809,31,3996,1,83.1,84.75,81.39,3.36
district,Madhesh,Rautahat,Total,13 Year,15365,12996,20,2349,0,84.58,86.46,82.71,3.75
district,Madhesh,Rautahat,Total,14 Year,18015,15053,20,2942,0,83.56,85.31,81.86,3.45
district,Madhesh,Rautahat,Total,15 Year,18381,14715,22,3644,0,80.06,82.99,77.16,5.83
district,Madhesh,Rautahat,Total,16 - 19 Years,67590,52083,96,15408,3,77.06,81.39,72.4,8.99
district,Madhesh,Rautahat,Total,20 - 24 Years,75268,51188,112,23965,3,68.01,76.91,59.45,17.46
district,Madhesh,Rautahat,Total,25 - 29 Years,60380,36052,115,24210,3,59.71,71.71,48.65,23.06
district,Madhesh,Rautahat,Total,30 - 34 Years,49547,24905,100,24542,0,50.27,65.65,36.97,28.68
district,Madhesh,Rautahat,Total,35 - 39 Years,49676,20987,117,28572,0,42.25,58.14,28.31,29.83
district,Madhesh,Rautahat,Total,40 - 44 Years,41288,15849,101,25338,0,38.39,52.59,23.55,29.04
district,Madhesh,Rautahat,Total,45 - 49 Years,33797,11715,61,22021,0,34.66,50.21,19.16,31.05
district,Madhesh,Rautahat,Total,50 - 54 Years,30221,9071,77,21072,1,30.02,42.79,15.48,27.31
district,Madhesh,Rautahat,Total,55 - 59 Years,22247,5806,62,16379,0,26.1,37.45,12.84,24.61
district,Madhesh,Rautahat,Total,60 - 64 Years,19005,4080,45,14880,0,21.47,33.08,9.86,23.22
district,Madhesh,Rautahat,Total,65 - 69 Years,17814,3338,45,14430,1,18.74,29.92,7.23,22.69
district,Madhesh,Rautahat,Total,70 - 74 Years,15925,2489,19,13416,1,15.63,25.21,6.15,19.06
district,Madhesh,Rautahat,Total,75+ Years,13512,1884,35,11593,0,13.94,22.06,5.16,16.9
district,Madhesh,Rautahat,Male,Total,358335,236557,1158,120602,18,66.02,66.02,49.48,16.54
district,Madhesh,Rautahat,Male,05 Year,12189,8132,167,3884,6,66.72,66.72,65.12,1.6
district,Madhesh,Rautahat,Male,06 Year,11485,8473,187,2823,2,73.77,73.77,72.0,1.77
district,Madhesh,Rautahat,Male,07 Year,9381,7383,118,1879,1,78.7,78.7,76.82,1.88
district,Madhesh,Rautahat,Male,08 Year,12711,10101,110,2499,1,79.47,79.47,77.7,1.77
district,Madhesh,Rautahat,Male,09 Year,7307,6143,46,1118,0,84.07,84.07,82.63,1.44
district,Madhesh,Rautahat,Male,10 Year,14430,12021,25,2382,2,83.31,83.31,80.47,2.84
district,Madhesh,Rautahat,Male,11 Year,6442,5684,12,746,0,88.23,88.23,85.21,3.02
district,Madhesh,Rautahat,Male,12 Year,12139,10288,10,1840,1,84.75,84.75,81.39,3.36
district,Madhesh,Rautahat,Male,13 Year,7672,6633,11,1028,0,86.46,86.46,82.71,3.75
district,Madhesh,Rautahat,Male,14 Year,8864,7562,10,1292,0,85.31,85.31,81.86,3.45
district,Madhesh,Rautahat,Male,15 Year,9139,7584,11,1544,0,82.99,82.99,77.16,5.83
district,Madhesh,Rautahat,Male,16 - 19 Years,35033,28512,37,6482,2,81.39,81.39,72.4,8.99
district,Madhesh,Rautahat,Male,20 - 24 Years,36893,28374,49,8469,1,76.91,76.91,59.45,17.46
district,Madhesh,Rautahat,Male,25 - 29 Years,28954,20764,42,8146,2,71.71,71.71,48.65,23.06
district,Madhesh,Rautahat,Male,30 - 34 Years,22971,15080,43,7848,0,65.65,65.65,36.97,28.68
district,Madhesh,Rautahat,Male,35 - 39 Years,23207,13493,53,9661,0,58.14,58.14,28.31,29.83
district,Madhesh,Rautahat,Male,40 - 44 Years,21092,11093,44,9955,0,52.59,52.59,23.55,29.04
district,Madhesh,Rautahat,Male,45 - 49 Years,16876,8473,28,8375,0,50.21,50.21,19.16,31.05
district,Madhesh,Rautahat,Male,50 - 54 Years,16085,6883,32,9170,0,42.79,42.79,15.48,27.31
district,Madhesh,Rautahat,Male,55 - 59 Years,11988,4489,33,7466,0,37.45,37.45,12.84,24.61
district,Madhesh,Rautahat,Male,60 - 64 Years,9500,3143,31,6326,0,33.08,33.08,9.86,23.22
district,Madhesh,Rautahat,Male,65 - 69 Years,9033,2703,26,6304,0,29.92,29.92,7.23,22.69
district,Madhesh,Rautahat,Male,70 - 74 Years,7923,1997,13,5913,0,25.21,25.21,6.15,19.06
district,Madhesh,Rautahat,Male,75+ Years,7021,1549,20,5452,0,22.06,22.06,5.16,16.9
district,Madhesh,Rautahat,Female,Total,357865,177074,1229,179553,9,49.48,66.02,49.48,16.54
district,Madhesh,Rautahat,Female,05 Year,11644,7582,154,3907,1,65.12,66.72,65.12,1.6
district,Madhesh,Rautahat,Female,06 Year,10967,7896,160,2910,1,72.0,73.77,72.0,1.77
district,Madhesh,Rautahat,Female,07 Year,9198,7066,125,2007,0,76.82,78.7,76.82,1.88
district,Madhesh,Rautahat,Female,08 Year,12364,9607,113,2644,0,77.7,79.47,77.7,1.77
district,Madhesh,Rautahat,Female,09 Year,6890,5693,43,1154,0,82.63,84.07,82.63,1.44
district,Madhesh,Rautahat,Female,10 Year,13422,10801,37,2584,0,80.47,83.31,80.47,2.84
district,Madhesh,Rautahat,Female,11 Year,5902,5029,12,861,0,85.21,88.23,85.21,3.02
district,Madhesh,Rautahat,Female,12 Year,11698,9521,21,2156,0,81.39,84.75,81.39,3.36
district,Madhesh,Rautahat,Female,13 Year,7693,6363,9,1321,0,82.71,86.46,82.71,3.75
district,Madhesh,Rautahat,Female,14 Year,9151,7491,10,1650,0,81.86,85.31,81.86,3.45
district,Madhesh,Rautahat,Female,15 Year,9242,7131,11,2100,0,77.16,82.99,77.16,5.83
district,Madhesh,Rautahat,Female,16 - 19 Years,32557,23571,59,8926,1,72.4,81.39,72.4,8.99
district,Madhesh,Rautahat,Female,20 - 24 Years,38375,22814,63,15496,2,59.45,76.91,59.45,17.46
district,Madhesh,Rautahat,Female,25 - 29 Years,31426,15288,73,16064,1,48.65,71.71,48.65,23.06
district,Madhesh,Rautahat,Female,30 - 34 Years,26576,9825,57,16694,0,36.97,65.65,36.97,28.68
district,Madhesh,Rautahat,Female,35 - 39 Years,26469,7494,64,18911,0,28.31,58.14,28.31,29.83
district,Madhesh,Rautahat,Female,40 - 44 Years,20196,4756,57,15383,0,23.55,52.59,23.55,29.04
district,Madhesh,Rautahat,Female,45 - 49 Years,16921,3242,33,13646,0,19.16,50.21,19.16,31.05
district,Madhesh,Rautahat,Female,50 - 54 Years,14136,2188,45,11902,1,15.48,42.79,15.48,27.31
district,Madhesh,Rautahat,Female,55 - 59 Years,10259,1317,29,8913,0,12.84,37.45,12.84,24.61
district,Madhesh,Rautahat,Female,60 - 64 Years,9505,937,14,8554,0,9.86,33.08,9.86,23.22
district,Madhesh,Rautahat,Female,65 - 69 Years,8781,635,19,8126,1,7.23,29.92,7.23,22.69
district,Madhesh,Rautahat,Female,70 - 74 Years,8002,492,6,7503,1,6.15,25.21,6.15,19.06
district,Madhesh,Rautahat,Female,75+ Years,6491,335,15,6141,0,5.16,22.06,5.16,16.9
district,Madhesh,Bara,Total,Total,685509,442431,1565,241491,22,64.54,73.14,55.63,17.51
district,Madhesh,Bara,Total,05 Year,19120,13710,185,5222,3,71.71,71.41,72.03,-0.62
district,Madhesh,Bara,Total,06 Year,18136,14575,161,3399,1,80.37,81.11,79.56,1.55
district,Madhesh,Bara,Total,07 Year,15904,13410,124,2368,2,84.32,84.86,83.74,1.12
district,Madhesh,Bara,Total,08 Year,20901,18109,124,2668,0,86.64,87.47,85.75,1.72
district,Madhesh,Bara,Total,09 Year,12437,11176,52,1209,0,89.86,90.61,89.07,1.54
district,Madhesh,Bara,Total,10 Year,23277,20743,33,2501,0,89.11,89.59,88.57,1.02
district,Madhesh,Bara,Total,11 Year,11056,10229,7,820,0,92.52,93.47,91.48,1.99
district,Madhesh,Bara,Total,12 Year,20809,18813,13,1982,1,90.41,91.2,89.57,1.63
district,Madhesh,Bara,Total,13 Year,13993,12845,6,1142,0,91.8,92.56,91.03,1.53
district,Madhesh,Bara,Total,14 Year,16569,15107,8,1454,0,91.18,92.27,90.06,2.21
district,Madhesh,Bara,Total,15 Year,17512,15470,9,2032,1,88.34,89.73,86.9,2.83
district,Madhesh,Bara,Total,16 - 19 Years,63409,54761,35,8613,0,86.36,88.92,83.49,5.43
district,Madhesh,Bara,Total,20 - 24 Years,71399,55821,51,15523,4,78.18,85.04,71.31,13.73
district,Madhesh,Bara,Total,25 - 29 Years,61330,43062,67,18199,2,70.21,79.95,60.8,19.15
district,Madhesh,Bara,Total,30 - 34 Years,52562,31625,89,20846,2,60.17,74.77,46.78,27.99
district,Madhesh,Bara,Total,35 - 39 Years,51987,27105,120,24762,0,52.14,69.11,36.27,32.84
district,Madhesh,Bara,Total,40 - 44 Years,42340,20108,100,22132,0,47.49,63.35,30.14,33.21
district,Madhesh,Bara,Total,45 - 49 Years,34634,14158,78,20397,1,40.88,58.58,22.65,35.93
district,Madhesh,Bara,Total,50 - 54 Years,31477,11289,80,20107,1,35.86,51.45,18.16,33.29
district,Madhesh,Bara,Total,55 - 59 Years,22558,6896,62,15599,1,30.57,45.52,13.71,31.81
district,Madhesh,Bara,Total,60 - 64 Years,19729,4843,51,14835,0,24.55,38.71,10.4,28.31
district,Madhesh,Bara,Total,65 - 69 Years,17663,3982,45,13636,0,22.54,35.92,7.99,27.93
district,Madhesh,Bara,Total,70 - 74 Years,14576,2643,31,11899,3,18.13,29.5,6.5,23.0
district,Madhesh,Bara,Total,75+ Years,12131,1951,34,10146,0,16.08,25.28,5.77,19.51
district,Madhesh,Bara,Male,Total,348877,255170,728,92969,10,73.14,73.14,55.63,17.51
district,Madhesh,Bara,Male,05 Year,10068,7190,96,2780,2,71.41,71.41,72.03,-0.62
district,Madhesh,Bara,Male,06 Year,9439,7656,79,1704,0,81.11,81.11,79.56,1.55
district,Madhesh,Bara,Male,07 Year,8210,6967,61,1181,1,84.86,84.86,83.74,1.12
district,Madhesh,Bara,Male,08 Year,10851,9491,53,1307,0,87.47,87.47,85.75,1.72
district,Madhesh,Bara,Male,09 Year,6370,5772,22,576,0,90.61,90.61,89.07,1.54
district,Madhesh,Bara,Male,10 Year,12355,11069,21,1265,0,89.59,89.59,88.57,1.02
district,Madhesh,Bara,Male,11 Year,5800,5421,4,375,0,93.47,93.47,91.48,1.99
district,Madhesh,Bara,Male,12 Year,10663,9725,7,931,0,91.2,91.2,89.57,1.63
district,Madhesh,Bara,Male,13 Year,6967,6449,3,515,0,92.56,92.56,91.03,1.53
district,Madhesh,Bara,Male,14 Year,8367,7720,3,644,0,92.27,92.27,90.06,2.21
district,Madhesh,Bara,Male,15 Year,8909,7994,3,912,0,89.73,89.73,86.9,2.83
district,Madhesh,Bara,Male,16 - 19 Years,33498,29788,16,3694,0,88.92,88.92,83.49,5.43
district,Madhesh,Bara,Male,20 - 24 Years,35731,30385,11,5334,1,85.04,85.04,71.31,13.73
district,Madhesh,Bara,Male,25 - 29 Years,30151,24105,33,6011,2,79.95,79.95,60.8,19.15
district,Madhesh,Bara,Male,30 - 34 Years,25139,18797,26,6314,2,74.77,74.77,46.78,27.99
district,Madhesh,Bara,Male,35 - 39 Years,25120,17361,43,7716,0,69.11,69.11,36.27,32.84
district,Madhesh,Bara,Male,40 - 44 Years,22123,14014,38,8071,0,63.35,63.35,30.14,33.21
district,Madhesh,Bara,Male,45 - 49 Years,17570,10293,32,7245,0,58.58,58.58,22.65,35.93
district,Madhesh,Bara,Male,50 - 54 Years,16742,8613,39,8089,1,51.45,51.45,18.16,33.29
district,Madhesh,Bara,Male,55 - 59 Years,11956,5442,28,6485,1,45.52,45.52,13.71,31.81
district,Madhesh,Bara,Male,60 - 64 Years,9857,3816,30,6011,0,38.71,38.71,10.4,28.31
district,Madhesh,Bara,Male,65 - 69 Years,9205,3306,28,5871,0,35.92,35.92,7.99,27.93
district,Madhesh,Bara,Male,70 - 74 Years,7373,2175,24,5174,0,29.5,29.5,6.5,23.0
district,Madhesh,Bara,Male,75+ Years,6413,1621,28,4764,0,25.28,25.28,5.77,19.51
district,Madhesh,Bara,Female,Total,336632,187261,837,148522,12,55.63,73.14,55.63,17.51
district,Madhesh,Bara,Female,05 Year,9052,6520,89,2442,1,72.03,71.41,72.03,-0.62
district,Madhesh,Bara,Female,06 Year,8697,6919,82,1695,1,79.56,81.11,79.56,1.55
district,Madhesh,Bara,Female,07 Year,7694,6443,63,1187,1,83.74,84.86,83.74,1.12
district,Madhesh,Bara,Female,08 Year,10050,8618,71,1361,0,85.75,87.47,85.75,1.72
district,Madhesh,Bara,Female,09 Year,6067,5404,30,633,0,89.07,90.61,89.07,1.54
district,Madhesh,Bara,Female,10 Year,10922,9674,12,1236,0,88.57,89.59,88.57,1.02
district,Madhesh,Bara,Female,11 Year,5256,4808,3,445,0,91.48,93.47,91.48,1.99
district,Madhesh,Bara,Female,12 Year,10146,9088,6,1051,1,89.57,91.2,89.57,1.63
district,Madhesh,Bara,Female,13 Year,7026,6396,3,627,0,91.03,92.56,91.03,1.53
district,Madhesh,Bara,Female,14 Year,8202,7387,5,810,0,90.06,92.27,90.06,2.21
district,Madhesh,Bara,Female,15 Year,8603,7476,6,1120,1,86.9,89.73,86.9,2.83
district,Madhesh,Bara,Female,16 - 19 Years,29911,24973,19,4919,0,83.49,88.92,83.49,5.43
district,Madhesh,Bara,Female,20 - 24 Years,35668,25436,40,10189,3,71.31,85.04,71.31,13.73
district,Madhesh,Bara,Female,25 - 29 Years,31179,18957,34,12188,0,60.8,79.95,60.8,19.15
district,Madhesh,Bara,Female,30 - 34 Years,27423,12828,63,14532,0,46.78,74.77,46.78,27.99
district,Madhesh,Bara,Female,35 - 39 Years,26867,9744,77,17046,0,36.27,69.11,36.27,32.84
district,Madhesh,Bara,Female,40 - 44 Years,20217,6094,62,14061,0,30.14,63.35,30.14,33.21
district,Madhesh,Bara,Female,45 - 49 Years,17064,3865,46,13152,1,22.65,58.58,22.65,35.93
district,Madhesh,Bara,Female,50 - 54 Years,14735,2676,41,12018,0,18.16,51.45,18.16,33.29
district,Madhesh,Bara,Female,55 - 59 Years,10602,1454,34,9114,0,13.71,45.52,13.71,31.81
district,Madhesh,Bara,Female,60 - 64 Years,9872,1027,21,8824,0,10.4,38.71,10.4,28.31
district,Madhesh,Bara,Female,65 - 69 Years,8458,676,17,7765,0,7.99,35.92,7.99,27.93
district,Madhesh,Bara,Female,70 - 74 Years,7203,468,7,6725,3,6.5,29.5,6.5,23.0
district,Madhesh,Bara,Female,75+ Years,5718,330,6,5382,0,5.77,25.28,5.77,19.51
district,Madhesh,Parsa,Total,Total,592599,409631,1737,181143,88,69.12,77.72,59.98,17.74
district,Madhesh,Parsa,Total,05 Year,15687,11746,239,3672,30,74.88,75.86,73.78,2.08
district,Madhesh,Parsa,Total,06 Year,15529,12818,269,2430,12,82.54,83.11,81.92,1.19
district,Madhesh,Parsa,Total,07 Year,13544,11840,169,1531,4,87.42,87.56,87.27,0.29
district,Madhesh,Parsa,Total,08 Year,18090,16233,146,1705,6,89.73,89.97,89.48,0.49
district,Madhesh,Parsa,Total,09 Year,10543,9752,63,724,4,92.5,93.1,91.88,1.22
district,Madhesh,Parsa,Total,10 Year,19722,18256,45,1420,1,92.57,93.24,91.8,1.44
district,Madhesh,Parsa,Total,11 Year,9450,8977,7,465,1,94.99,95.4,94.57,0.83
district,Madhesh,Parsa,Total,12 Year,17832,16626,18,1187,1,93.24,93.87,92.56,1.31
district,Madhesh,Parsa,Total,13 Year,12543,11841,7,695,0,94.4,95.23,93.58,1.65
district,Madhesh,Parsa,Total,14 Year,14870,13909,12,949,0,93.54,94.4,92.66,1.74
district,Madhesh,Parsa,Total,15 Year,14832,13607,10,1215,0,91.74,92.54,90.9,1.64
district,Madhesh,Parsa,Total,16 - 19 Years,54862,49370,36,5452,4,89.99,91.89,87.77,4.12
district,Madhesh,Parsa,Total,20 - 24 Years,59300,49306,44,9939,11,83.15,88.97,77.05,11.92
district,Madhesh,Parsa,Total,25 - 29 Years,52550,38957,75,13514,4,74.13,84.36,64.09,20.27
district,Madhesh,Parsa,Total,30 - 34 Years,46529,30250,90,16188,1,65.01,79.12,51.58,27.54
district,Madhesh,Parsa,Total,35 - 39 Years,45950,26786,105,19058,1,58.29,74.78,41.9,32.88
district,Madhesh,Parsa,Total,40 - 44 Years,37086,19737,97,17251,1,53.22,69.05,35.42,33.63
district,Madhesh,Parsa,Total,45 - 49 Years,31153,14989,72,16092,0,48.11,65.15,29.52,35.63
district,Madhesh,Parsa,Total,50 - 54 Years,26928,11617,58,15252,1,43.14,59.91,23.94,35.97
district,Madhesh,Parsa,Total,55 - 59 Years,20043,7524,58,12461,0,37.54,52.54,20.11,32.43
district,Madhesh,Parsa,Total,60 - 64 Years,17760,5734,34,11991,1,32.29,47.97,15.96,32.01
district,Madhesh,Parsa,Total,65 - 69 Years,15838,4619,40,11177,2,29.16,43.79,12.78,31.01
district,Madhesh,Parsa,Total,70 - 74 Years,12159,2911,20,9226,2,23.94,37.17,9.76,27.41
district,Madhesh,Parsa,Total,75+ Years,9799,2226,23,7549,1,22.72,33.94,10.1,23.84
district,Madhesh,Parsa,Male,Total,305532,237461,846,67177,48,77.72,77.72,59.98,17.74
district,Madhesh,Parsa,Male,05 Year,8269,6273,130,1851,15,75.86,75.86,73.78,2.08
district,Madhesh,Parsa,Male,06 Year,8113,6743,149,1217,4,83.11,83.11,81.92,1.19
district,Madhesh,Parsa,Male,07 Year,6932,6070,98,761,3,87.56,87.56,87.27,0.29
district,Madhesh,Parsa,Male,08 Year,9557,8598,82,874,3,89.97,89.97,89.48,0.49
district,Madhesh,Parsa,Male,09 Year,5344,4975,25,341,3,93.1,93.1,91.88,1.22
district,Madhesh,Parsa,Male,10 Year,10493,9784,28,681,0,93.24,93.24,91.8,1.44
district,Madhesh,Parsa,Male,11 Year,4868,4644,4,219,1,95.4,95.4,94.57,0.83
district,Madhesh,Parsa,Male,12 Year,9202,8638,7,557,0,93.87,93.87,92.56,1.31
district,Madhesh,Parsa,Male,13 Year,6230,5933,3,294,0,95.23,95.23,93.58,1.65
district,Madhesh,Parsa,Male,14 Year,7501,7081,8,412,0,94.4,94.4,92.66,1.74
district,Madhesh,Parsa,Male,15 Year,7601,7034,4,563,0,92.54,92.54,90.9,1.64
district,Madhesh,Parsa,Male,16 - 19 Years,29521,27128,19,2371,3,91.89,91.89,87.77,4.12
district,Madhesh,Parsa,Male,20 - 24 Years,30332,26985,16,3322,9,88.97,88.97,77.05,11.92
district,Madhesh,Parsa,Male,25 - 29 Years,26036,21964,28,4041,3,84.36,84.36,64.09,20.27
district,Madhesh,Parsa,Male,30 - 34 Years,22691,17954,26,4710,1,79.12,79.12,51.58,27.54
district,Madhesh,Parsa,Male,35 - 39 Years,22911,17133,38,5740,0,74.78,74.78,41.9,32.88
district,Madhesh,Parsa,Male,40 - 44 Years,19628,13554,45,6029,0,69.05,69.05,35.42,33.63
district,Madhesh,Parsa,Male,45 - 49 Years,16257,10591,30,5636,0,65.15,65.15,29.52,35.63
district,Madhesh,Parsa,Male,50 - 54 Years,14374,8612,19,5743,0,59.91,59.91,23.94,35.97
district,Madhesh,Parsa,Male,55 - 59 Years,10773,5660,25,5088,0,52.54,52.54,20.11,32.43
district,Madhesh,Parsa,Male,60 - 64 Years,9057,4345,18,4693,1,47.97,47.97,15.96,32.01
district,Madhesh,Parsa,Male,65 - 69 Years,8367,3664,21,4681,1,43.79,43.79,12.78,31.01
district,Madhesh,Parsa,Male,70 - 74 Years,6290,2338,7,3945,0,37.17,37.17,9.76,27.41
district,Madhesh,Parsa,Male,75+ Years,5185,1760,16,3408,1,33.94,33.94,10.1,23.84
district,Madhesh,Parsa,Female,Total,287067,172170,891,113966,40,59.98,77.72,59.98,17.74
district,Madhesh,Parsa,Female,05 Year,7418,5473,109,1821,15,73.78,75.86,73.78,2.08
district,Madhesh,Parsa,Female,06 Year,7416,6075,120,1213,8,81.92,83.11,81.92,1.19
district,Madhesh,Parsa,Female,07 Year,6612,5770,71,770,1,87.27,87.56,87.27,0.29
district,Madhesh,Parsa,Female,08 Year,8533,7635,64,831,3,89.48,89.97,89.48,0.49
district,Madhesh,Parsa,Female,09 Year,5199,4777,38,383,1,91.88,93.1,91.88,1.22
district,Madhesh,Parsa,Female,10 Year,9229,8472,17,739,1,91.8,93.24,91.8,1.44
district,Madhesh,Parsa,Female,11 Year,4582,4333,3,246,0,94.57,95.4,94.57,0.83
district,Madhesh,Parsa,Female,12 Year,8630,7988,11,630,1,92.56,93.87,92.56,1.31
district,Madhesh,Parsa,Female,13 Year,6313,5908,4,401,0,93.58,95.23,93.58,1.65
district,Madhesh,Parsa,Female,14 Year,7369,6828,4,537,0,92.66,94.4,92.66,1.74
district,Madhesh,Parsa,Female,15 Year,7231,6573,6,652,0,90.9,92.54,90.9,1.64
district,Madhesh,Parsa,Female,16 - 19 Years,25341,22242,17,3081,1,87.77,91.89,87.77,4.12
district,Madhesh,Parsa,Female,20 - 24 Years,28968,22321,28,6617,2,77.05,88.97,77.05,11.92
district,Madhesh,Parsa,Female,25 - 29 Years,26514,16993,47,9473,1,64.09,84.36,64.09,20.27
district,Madhesh,Parsa,Female,30 - 34 Years,23838,12296,64,11478,0,51.58,79.12,51.58,27.54
district,Madhesh,Parsa,Female,35 - 39 Years,23039,9653,67,13318,1,41.9,74.78,41.9,32.88
district,Madhesh,Parsa,Female,40 - 44 Years,17458,6183,52,11222,1,35.42,69.05,35.42,33.63
district,Madhesh,Parsa,Female,45 - 49 Years,14896,4398,42,10456,0,29.52,65.15,29.52,35.63
district,Madhesh,Parsa,Female,50 - 54 Years,12554,3005,39,9509,1,23.94,59.91,23.94,35.97
district,Madhesh,Parsa,Female,55 - 59 Years,9270,1864,33,7373,0,20.11,52.54,20.11,32.43
district,Madhesh,Parsa,Female,60 - 64 Years,8703,1389,16,7298,0,15.96,47.97,15.96,32.01
district,Madhesh,Parsa,Female,65 - 69 Years,7471,955,19,6496,1,12.78,43.79,12.78,31.01
district,Madhesh,Parsa,Female,70 - 74 Years,5869,573,13,5281,2,9.76,37.17,9.76,27.41
district,Madhesh,Parsa,Female,75+ Years,4614,466,7,4141,0,10.1,33.94,10.1,23.84
province,Bagmati,,Total,Total,5718388,4692353,20526,1005281,228,82.06,88.25,75.95,12.3
province,Bagmati,,Total,05 Year,90314,82641,962,6622,89,91.5,91.4,91.63,-0.23
province,Bagmati,,Total,06 Year,93976,89844,632,3479,21,95.6,95.53,95.68,-0.15
province,Bagmati,,Total,07 Year,88375,86154,310,1904,7,97.49,97.45,97.53,-0.08
province,Bagmati,,Total,08 Year,92928,91298,227,1400,3,98.25,98.26,98.23,0.03
province,Bagmati,,Total,09 Year,92104,90967,107,1028,2,98.77,98.77,98.76,0.01
province,Bagmati,,Total,10 Year,100817,99834,38,940,5,99.02,99.04,99.0,0.04
province,Bagmati,,Total,11 Year,88688,87969,14,704,1,99.19,99.13,99.25,-0.12
province,Bagmati,,Total,12 Year,103388,102382,23,981,2,99.03,98.97,99.09,-0.12
province,Bagmati,,Total,13 Year,100576,99735,12,829,0,99.16,99.13,99.2,-0.07
province,Bagmati,,Total,14 Year,104070,103057,19,993,1,99.03,98.95,99.11,-0.16
province,Bagmati,,Total,15 Year,108842,107575,15,1252,0,98.84,98.81,98.87,-0.06
province,Bagmati,,Total,16 - 19 Years,475128,467673,141,7305,9,98.43,98.39,98.47,-0.08
province,Bagmati,,Total,20 - 24 Years,610209,592765,277,17157,10,97.14,97.54,96.75,0.79
province,Bagmati,,Total,25 - 29 Years,571993,541295,582,30106,10,94.63,96.09,93.28,2.81
province,Bagmati,,Total,30 - 34 Years,516535,467654,1088,47789,4,90.54,94.14,87.23,6.91
province,Bagmati,,Total,35 - 39 Years,479801,409054,1661,69077,9,85.25,91.64,79.33,12.31
province,Bagmati,,Total,40 - 44 Years,423815,335446,2045,86322,2,79.15,88.32,70.52,17.8
province,Bagmati,,Total,45 - 49 Years,341815,245112,2008,94691,4,71.71,84.15,59.72,24.43
province,Bagmati,,Total,50 - 54 Years,336416,213093,2468,120854,1,63.34,78.37,48.26,30.11
province,Bagmati,,Total,55 - 59 Years,244749,134091,1993,108657,8,54.79,71.3,38.05,33.25
province,Bagmati,,Total,60 - 64 Years,212098,97940,1810,112342,6,46.18,62.84,29.95,32.89
province,Bagmati,,Total,65 - 69 Years,160866,66195,1306,93352,13,41.15,58.28,24.7,33.58
province,Bagmati,,Total,70 - 74 Years,119931,39559,1060,79304,8,32.98,50.33,17.67,32.66
province,Bagmati,,Total,75+ Years,160954,41020,1728,118193,13,25.49,41.11,12.48,28.63
province,Bagmati,,Male,Total,2837341,2504079,7841,325303,118,88.25,88.25,75.95,12.3
province,Bagmati,,Male,05 Year,48082,43945,548,3539,50,91.4,91.4,91.63,-0.23
province,Bagmati,,Male,06 Year,49777,47554,333,1876,14,95.53,95.53,95.68,-0.15
province,Bagmati,,Male,07 Year,46488,45303,166,1013,6,97.45,97.45,97.53,-0.08
province,Bagmati,,Male,08 Year,49256,48401,120,733,2,98.26,98.26,98.23,0.03
province,Bagmati,,Male,09 Year,48650,48054,59,536,1,98.77,98.77,98.76,0.01
province,Bagmati,,Male,10 Year,53659,53146,22,490,1,99.04,99.04,99.0,0.04
province,Bagmati,,Male,11 Year,46444,46041,9,393,1,99.13,99.13,99.25,-0.12
province,Bagmati,,Male,12 Year,54049,53492,15,541,1,98.97,98.97,99.09,-0.12
province,Bagmati,,Male,13 Year,52002,51549,4,449,0,99.13,99.13,99.2,-0.07
province,Bagmati,,Male,14 Year,53439,52878,14,547,0,98.95,98.95,99.11,-0.16
province,Bagmati,,Male,15 Year,56035,55367,7,661,0,98.81,98.81,98.87,-0.06
province,Bagmati,,Male,16 - 19 Years,245835,241877,85,3870,3,98.39,98.39,98.47,-0.08
province,Bagmati,,Male,20 - 24 Years,302751,295308,128,7311,4,97.54,97.54,96.75,0.79
province,Bagmati,,Male,25 - 29 Years,275104,264359,231,10506,8,96.09,96.09,93.28,2.81
province,Bagmati,,Male,30 - 34 Years,247202,232708,357,14135,2,94.14,94.14,87.23,6.91
province,Bagmati,,Male,35 - 39 Years,230882,211576,491,18814,1,91.64,91.64,79.33,12.31
province,Bagmati,,Male,40 - 44 Years,205375,181397,630,23347,1,88.32,88.32,70.52,17.8
province,Bagmati,,Male,45 - 49 Years,167748,141164,569,26013,2,84.15,84.15,59.72,24.43
province,Bagmati,,Male,50 - 54 Years,168504,132052,790,35661,1,78.37,78.37,48.26,30.11
province,Bagmati,,Male,55 - 59 Years,123202,87842,677,34680,3,71.3,71.3,38.05,33.25
province,Bagmati,,Male,60 - 64 Years,104661,65764,695,38198,4,62.84,62.84,29.95,32.89
province,Bagmati,,Male,65 - 69 Years,78818,45932,530,32351,5,58.28,58.28,24.7,33.58
province,Bagmati,,Male,70 - 74 Years,56246,28306,494,27443,3,50.33,50.33,17.67,32.66
province,Bagmati,,Male,75+ Years,73132,30064,867,42196,5,41.11,41.11,12.48,28.63
province,Bagmati,,Female,Total,2881047,2188274,12685,679978,110,75.95,88.25,75.95,12.3
province,Bagmati,,Female,05 Year,42232,38696,414,3083,39,91.63,91.4,91.63,-0.23
province,Bagmati,,Female,06 Year,44199,42290,299,1603,7,95.68,95.53,95.68,-0.15
province,Bagmati,,Female,07 Year,41887,40851,144,891,1,97.53,97.45,97.53,-0.08
province,Bagmati,,Female,08 Year,43672,42897,107,667,1,98.23,98.26,98.23,0.03
province,Bagmati,,Female,09 Year,43454,42913,48,492,1,98.76,98.77,98.76,0.01
province,Bagmati,,Female,10 Year,47158,46688,16,450,4,99.0,99.04,99.0,0.04
province,Bagmati,,Female,11 Year,42244,41928,5,311,0,99.25,99.13,99.25,-0.12
province,Bagmati,,Female,12 Year,49339,48890,8,440,1,99.09,98.97,99.09,-0.12
province,Bagmati,,Female,13 Year,48574,48186,8,380,0,99.2,99.13,99.2,-0.07
province,Bagmati,,Female,14 Year,50631,50179,5,446,1,99.11,98.95,99.11,-0.16
province,Bagmati,,Female,15 Year,52807,52208,8,591,0,98.87,98.81,98.87,-0.06
province,Bagmati,,Female,16 - 19 Years,229293,225796,56,3435,6,98.47,98.39,98.47,-0.08
province,Bagmati,,Female,20 - 24 Years,307458,297457,149,9846,6,96.75,97.54,96.75,0.79
province,Bagmati,,Female,25 - 29 Years,296889,276936,351,19600,2,93.28,96.09,93.28,2.81
province,Bagmati,,Female,30 - 34 Years,269333,234946,731,33654,2,87.23,94.14,87.23,6.91
province,Bagmati,,Female,35 - 39 Years,248919,197478,1170,50263,8,79.33,91.64,79.33,12.31
province,Bagmati,,Female,40 - 44 Years,218440,154049,1415,62975,1,70.52,88.32,70.52,17.8
province,Bagmati,,Female,45 - 49 Years,174067,103948,1439,68678,2,59.72,84.15,59.72,24.43
province,Bagmati,,Female,50 - 54 Years,167912,81041,1678,85193,0,48.26,78.37,48.26,30.11
province,Bagmati,,Female,55 - 59 Years,121547,46249,1316,73977,5,38.05,71.3,38.05,33.25
province,Bagmati,,Female,60 - 64 Years,107437,32176,1115,74144,2,29.95,62.84,29.95,32.89
province,Bagmati,,Female,65 - 69 Years,82048,20263,776,61001,8,24.7,58.28,24.7,33.58
province,Bagmati,,Female,70 - 74 Years,63685,11253,566,51861,5,17.67,50.33,17.67,32.66
province,Bagmati,,Female,75+ Years,87822,10956,861,75997,8,12.48,41.11,12.48,28.63
district,Bagmati,Dolakha,Total,Total,160858,116312,688,43848,10,72.31,81.07,64.16,16.91
district,Bagmati,Dolakha,Total,05 Year,2702,2427,32,237,6,89.82,89.11,90.61,-1.5
district,Bagmati,Dolakha,Total,06 Year,2836,2703,26,106,1,95.31,95.55,95.07,0.48
district,Bagmati,Dolakha,Total,07 Year,2628,2571,7,50,0,97.83,98.25,97.41,0.84
district,Bagmati,Dolakha,Total,08 Year,2749,2708,1,40,0,98.51,98.72,98.29,0.43
district,Bagmati,Dolakha,Total,09 Year,2845,2818,0,27,0,99.05,98.77,99.35,-0.58
district,Bagmati,Dolakha,Total,10 Year,3030,2999,0,31,0,98.98,98.82,99.14,-0.32
district,Bagmati,Dolakha,Total,11 Year,2510,2491,0,19,0,99.24,99.27,99.21,0.06
district,Bagmati,Dolakha,Total,12 Year,3267,3239,1,26,1,99.14,99.2,99.09,0.11
district,Bagmati,Dolakha,Total,13 Year,3249,3231,0,18,0,99.45,99.45,99.45,0.0
district,Bagmati,Dolakha,Total,14 Year,3251,3230,1,20,0,99.35,99.26,99.45,-0.19
district,Bagmati,Dolakha,Total,15 Year,3384,3357,0,27,0,99.2,99.27,99.14,0.13
district,Bagmati,Dolakha,Total,16 - 19 Years,13086,12928,5,151,2,98.79,98.63,98.95,-0.32
district,Bagmati,Dolakha,Total,20 - 24 Years,14768,14344,6,418,0,97.13,97.5,96.78,0.72
district,Bagmati,Dolakha,Total,25 - 29 Years,13550,12766,16,768,0,94.21,95.75,92.74,3.01
district,Bagmati,Dolakha,Total,30 - 34 Years,11722,10220,32,1470,0,87.19,93.51,81.16,12.35
district,Bagmati,Dolakha,Total,35 - 39 Years,10674,8262,56,2356,0,77.4,89.23,66.7,22.53
district,Bagmati,Dolakha,Total,40 - 44 Years,9737,6576,76,3085,0,67.54,83.99,53.35,30.64
district,Bagmati,Dolakha,Total,45 - 49 Years,8607,4942,75,3590,0,57.42,76.41,41.65,34.76
district,Bagmati,Dolakha,Total,50 - 54 Years,10265,4811,109,5345,0,46.87,68.15,28.86,39.29
district,Bagmati,Dolakha,Total,55 - 59 Years,8575,3287,72,5216,0,38.33,56.44,22.0,34.44
district,Bagmati,Dolakha,Total,60 - 64 Years,8401,2482,66,5853,0,29.54,45.94,14.05,31.89
district,Bagmati,Dolakha,Total,65 - 69 Years,6896,1876,41,4979,0,27.2,43.93,11.73,32.2
district,Bagmati,Dolakha,Total,70 - 74 Years,5146,1044,33,4069,0,20.29,35.79,6.53,29.26
district,Bagmati,Dolakha,Total,75+ Years,6980,1000,33,5947,0,14.33,27.14,3.51,23.63
district,Bagmati,Dolakha,Male,Total,77505,62832,237,14428,8,81.07,81.07,64.16,16.91
district,Bagmati,Dolakha,Male,05 Year,1414,1260,21,128,5,89.11,89.11,90.61,-1.5
district,Bagmati,Dolakha,Male,06 Year,1415,1352,16,46,1,95.55,95.55,95.07,0.48
district,Bagmati,Dolakha,Male,07 Year,1313,1290,4,19,0,98.25,98.25,97.41,0.84
district,Bagmati,Dolakha,Male,08 Year,1401,1383,1,17,0,98.72,98.72,98.29,0.43
district,Bagmati,Dolakha,Male,09 Year,1461,1443,0,18,0,98.77,98.77,99.35,-0.58
district,Bagmati,Dolakha,Male,10 Year,1525,1507,0,18,0,98.82,98.82,99.14,-0.32
district,Bagmati,Dolakha,Male,11 Year,1240,1231,0,9,0,99.27,99.27,99.21,0.06
district,Bagmati,Dolakha,Male,12 Year,1627,1614,1,11,1,99.2,99.2,99.09,0.11
district,Bagmati,Dolakha,Male,13 Year,1626,1617,0,9,0,99.45,99.45,99.45,0.0
district,Bagmati,Dolakha,Male,14 Year,1615,1603,1,11,0,99.26,99.26,99.45,-0.19
district,Bagmati,Dolakha,Male,15 Year,1644,1632,0,12,0,99.27,99.27,99.14,0.13
district,Bagmati,Dolakha,Male,16 - 19 Years,6446,6358,4,83,1,98.63,98.63,98.95,-0.32
district,Bagmati,Dolakha,Male,20 - 24 Years,7160,6981,3,176,0,97.5,97.5,96.78,0.72
district,Bagmati,Dolakha,Male,25 - 29 Years,6634,6352,3,279,0,95.75,95.75,92.74,3.01
district,Bagmati,Dolakha,Male,30 - 34 Years,5720,5349,3,368,0,93.51,93.51,81.16,12.35
district,Bagmati,Dolakha,Male,35 - 39 Years,5071,4525,10,536,0,89.23,89.23,66.7,22.53
district,Bagmati,Dolakha,Male,40 - 44 Years,4509,3787,24,698,0,83.99,83.99,53.35,30.64
district,Bagmati,Dolakha,Male,45 - 49 Years,3904,2983,17,904,0,76.41,76.41,41.65,34.76
district,Bagmati,Dolakha,Male,50 - 54 Years,4704,3206,30,1468,0,68.15,68.15,28.86,39.29
district,Bagmati,Dolakha,Male,55 - 59 Years,4066,2295,21,1750,0,56.44,56.44,22.0,34.44
district,Bagmati,Dolakha,Male,60 - 64 Years,4081,1875,24,2182,0,45.94,45.94,14.05,31.89
district,Bagmati,Dolakha,Male,65 - 69 Years,3314,1456,17,1841,0,43.93,43.93,11.73,32.2
district,Bagmati,Dolakha,Male,70 - 74 Years,2420,866,17,1537,0,35.79,35.79,6.53,29.26
district,Bagmati,Dolakha,Male,75+ Years,3195,867,20,2308,0,27.14,27.14,3.51,23.63
district,Bagmati,Dolakha,Female,Total,83353,53480,451,29420,2,64.16,81.07,64.16,16.91
district,Bagmati,Dolakha,Female,05 Year,1288,1167,11,109,1,90.61,89.11,90.61,-1.5
district,Bagmati,Dolakha,Female,06 Year,1421,1351,10,60,0,95.07,95.55,95.07,0.48
district,Bagmati,Dolakha,Female,07 Year,1315,1281,3,31,0,97.41,98.25,97.41,0.84
district,Bagmati,Dolakha,Female,08 Year,1348,1325,0,23,0,98.29,98.72,98.29,0.43
district,Bagmati,Dolakha,Female,09 Year,1384,1375,0,9,0,99.35,98.77,99.35,-0.58
district,Bagmati,Dolakha,Female,10 Year,1505,1492,0,13,0,99.14,98.82,99.14,-0.32
district,Bagmati,Dolakha,Female,11 Year,1270,1260,0,10,0,99.21,99.27,99.21,0.06
district,Bagmati,Dolakha,Female,12 Year,1640,1625,0,15,0,99.09,99.2,99.09,0.11
district,Bagmati,Dolakha,Female,13 Year,1623,1614,0,9,0,99.45,99.45,99.45,0.0
district,Bagmati,Dolakha,Female,14 Year,1636,1627,0,9,0,99.45,99.26,99.45,-0.19
district,Bagmati,Dolakha,Female,15 Year,1740,1725,0,15,0,99.14,99.27,99.14,0.13
district,Bagmati,Dolakha,Female,16 - 19 Years,6640,6570,1,68,1,98.95,98.63,98.95,-0.32
district,Bagmati,Dolakha,Female,20 - 24 Years,7608,7363,3,242,0,96.78,97.5,96.78,0.72
district,Bagmati,Dolakha,Female,25 - 29 Years,6916,6414,13,489,0,92.74,95.75,92.74,3.01
district,Bagmati,Dolakha,Female,30 - 34 Years,6002,4871,29,1102,0,81.16,93.51,81.16,12.35
district,Bagmati,Dolakha,Female,35 - 39 Years,5603,3737,46,1820,0,66.7,89.23,66.7,22.53
district,Bagmati,Dolakha,Female,40 - 44 Years,5228,2789,52,2387,0,53.35,83.99,53.35,30.64
district,Bagmati,Dolakha,Female,45 - 49 Years,4703,1959,58,2686,0,41.65,76.41,41.65,34.76
district,Bagmati,Dolakha,Female,50 - 54 Years,5561,1605,79,3877,0,28.86,68.15,28.86,39.29
district,Bagmati,Dolakha,Female,55 - 59 Years,4509,992,51,3466,0,22.0,56.44,22.0,34.44
district,Bagmati,Dolakha,Female,60 - 64 Years,4320,607,42,3671,0,14.05,45.94,14.05,31.89
district,Bagmati,Dolakha,Female,65 - 69 Years,3582,420,24,3138,0,11.73,43.93,11.73,32.2
district,Bagmati,Dolakha,Female,70 - 74 Years,2726,178,16,2532,0,6.53,35.79,6.53,29.26
district,Bagmati,Dolakha,Female,75+ Years,3785,133,13,3639,0,3.51,27.14,3.51,23.63
district,Bagmati,Sindhupalchok,Total,Total,243758,165854,767,77134,3,68.04,75.26,61.13,14.13
district,Bagmati,Sindhupalchok,Total,05 Year,4350,3879,26,445,0,89.17,89.06,89.29,-0.23
district,Bagmati,Sindhupalchok,Total,06 Year,4439,4204,26,209,0,94.71,94.53,94.89,-0.36
district,Bagmati,Sindhupalchok,Total,07 Year,3997,3882,10,105,0,97.12,96.91,97.33,-0.42
district,Bagmati,Sindhupalchok,Total,08 Year,4198,4115,5,78,0,98.02,98.19,97.86,0.33
district,Bagmati,Sindhupalchok,Total,09 Year,4169,4107,2,60,0,98.51,98.6,98.42,0.18
district,Bagmati,Sindhupalchok,Total,10 Year,4571,4504,0,67,0,98.53,98.53,98.54,-0.01
district,Bagmati,Sindhupalchok,Total,11 Year,3948,3905,0,43,0,98.91,98.78,99.04,-0.26
district,Bagmati,Sindhupalchok,Total,12 Year,5176,5125,1,50,0,99.01,98.66,99.38,-0.72
district,Bagmati,Sindhupalchok,Total,13 Year,4802,4760,0,42,0,99.13,99.06,99.18,-0.12
district,Bagmati,Sindhupalchok,Total,14 Year,4921,4878,0,43,0,99.13,99.05,99.2,-0.15
district,Bagmati,Sindhupalchok,Total,15 Year,5215,5146,0,69,0,98.68,98.52,98.82,-0.3
district,Bagmati,Sindhupalchok,Total,16 - 19 Years,19059,18703,4,352,0,98.13,97.97,98.29,-0.32
district,Bagmati,Sindhupalchok,Total,20 - 24 Years,21523,20353,11,1159,0,94.56,95.31,93.87,1.44
district,Bagmati,Sindhupalchok,Total,25 - 29 Years,20420,18169,25,2224,2,88.98,92.67,85.44,7.23
district,Bagmati,Sindhupalchok,Total,30 - 34 Years,18019,14424,53,3542,0,80.05,87.99,72.27,15.72
district,Bagmati,Sindhupalchok,Total,35 - 39 Years,17284,11803,89,5392,0,68.29,80.23,57.42,22.81
district,Bagmati,Sindhupalchok,Total,40 - 44 Years,16274,9326,89,6859,0,57.31,72.27,43.78,28.49
district,Bagmati,Sindhupalchok,Total,45 - 49 Years,14467,6882,88,7497,0,47.57,63.74,32.84,30.9
district,Bagmati,Sindhupalchok,Total,50 - 54 Years,15713,6285,79,9349,0,40.0,55.86,25.43,30.43
district,Bagmati,Sindhupalchok,Total,55 - 59 Years,12212,3994,74,8144,0,32.71,47.08,18.1,28.98
district,Bagmati,Sindhupalchok,Total,60 - 64 Years,12014,2979,60,8975,0,24.8,37.29,12.69,24.6
district,Bagmati,Sindhupalchok,Total,65 - 69 Years,9573,2128,59,7386,0,22.23,34.02,9.73,24.29
district,Bagmati,Sindhupalchok,Total,70 - 74 Years,7853,1222,33,6598,0,15.56,25.74,6.04,19.7
district,Bagmati,Sindhupalchok,Total,75+ Years,9561,1081,33,8446,1,11.31,19.05,4.1,14.95
district,Bagmati,Sindhupalchok,Male,Total,119259,89751,345,29161,2,75.26,75.26,61.13,14.13
district,Bagmati,Sindhupalchok,Male,05 Year,2231,1987,14,230,0,89.06,89.06,89.29,-0.23
district,Bagmati,Sindhupalchok,Male,06 Year,2286,2161,14,111,0,94.53,94.53,94.89,-0.36
district,Bagmati,Sindhupalchok,Male,07 Year,2009,1947,5,57,0,96.91,96.91,97.33,-0.42
district,Bagmati,Sindhupalchok,Male,08 Year,2094,2056,2,36,0,98.19,98.19,97.86,0.33
district,Bagmati,Sindhupalchok,Male,09 Year,2075,2046,0,29,0,98.6,98.6,98.42,0.18
district,Bagmati,Sindhupalchok,Male,10 Year,2309,2275,0,34,0,98.53,98.53,98.54,-0.01
district,Bagmati,Sindhupalchok,Male,11 Year,1963,1939,0,24,0,98.78,98.78,99.04,-0.26
district,Bagmati,Sindhupalchok,Male,12 Year,2605,2570,0,35,0,98.66,98.66,99.38,-0.72
district,Bagmati,Sindhupalchok,Male,13 Year,2350,2328,0,22,0,99.06,99.06,99.18,-0.12
district,Bagmati,Sindhupalchok,Male,14 Year,2420,2397,0,23,0,99.05,99.05,99.2,-0.15
district,Bagmati,Sindhupalchok,Male,15 Year,2503,2466,0,37,0,98.52,98.52,98.82,-0.3
district,Bagmati,Sindhupalchok,Male,16 - 19 Years,9372,9182,3,187,0,97.97,97.97,98.29,-0.32
district,Bagmati,Sindhupalchok,Male,20 - 24 Years,10370,9884,4,482,0,95.31,95.31,93.87,1.44
district,Bagmati,Sindhupalchok,Male,25 - 29 Years,9977,9246,8,721,2,92.67,92.67,85.44,7.23
district,Bagmati,Sindhupalchok,Male,30 - 34 Years,8916,7845,19,1052,0,87.99,87.99,72.27,15.72
district,Bagmati,Sindhupalchok,Male,35 - 39 Years,8235,6607,30,1598,0,80.23,80.23,57.42,22.81
district,Bagmati,Sindhupalchok,Male,40 - 44 Years,7727,5584,32,2111,0,72.27,72.27,43.78,28.49
district,Bagmati,Sindhupalchok,Male,45 - 49 Years,6895,4395,32,2468,0,63.74,63.74,32.84,30.9
district,Bagmati,Sindhupalchok,Male,50 - 54 Years,7523,4202,21,3300,0,55.86,55.86,25.43,30.43
district,Bagmati,Sindhupalchok,Male,55 - 59 Years,6156,2898,31,3227,0,47.08,47.08,18.1,28.98
district,Bagmati,Sindhupalchok,Male,60 - 64 Years,5913,2205,31,3677,0,37.29,37.29,12.69,24.6
district,Bagmati,Sindhupalchok,Male,65 - 69 Years,4927,1676,43,3208,0,34.02,34.02,9.73,24.29
district,Bagmati,Sindhupalchok,Male,70 - 74 Years,3795,977,29,2789,0,25.74,25.74,6.04,19.7
district,Bagmati,Sindhupalchok,Male,75+ Years,4608,878,27,3703,0,19.05,19.05,4.1,14.95
district,Bagmati,Sindhupalchok,Female,Total,124499,76103,422,47973,1,61.13,75.26,61.13,14.13
district,Bagmati,Sindhupalchok,Female,05 Year,2119,1892,12,215,0,89.29,89.06,89.29,-0.23
district,Bagmati,Sindhupalchok,Female,06 Year,2153,2043,12,98,0,94.89,94.53,94.89,-0.36
district,Bagmati,Sindhupalchok,Female,07 Year,1988,1935,5,48,0,97.33,96.91,97.33,-0.42
district,Bagmati,Sindhupalchok,Female,08 Year,2104,2059,3,42,0,97.86,98.19,97.86,0.33
district,Bagmati,Sindhupalchok,Female,09 Year,2094,2061,2,31,0,98.42,98.6,98.42,0.18
district,Bagmati,Sindhupalchok,Female,10 Year,2262,2229,0,33,0,98.54,98.53,98.54,-0.01
district,Bagmati,Sindhupalchok,Female,11 Year,1985,1966,0,19,0,99.04,98.78,99.04,-0.26
district,Bagmati,Sindhupalchok,Female,12 Year,2571,2555,1,15,0,99.38,98.66,99.38,-0.72
district,Bagmati,Sindhupalchok,Female,13 Year,2452,2432,0,20,0,99.18,99.06,99.18,-0.12
district,Bagmati,Sindhupalchok,Female,14 Year,2501,2481,0,20,0,99.2,99.05,99.2,-0.15
district,Bagmati,Sindhupalchok,Female,15 Year,2712,2680,0,32,0,98.82,98.52,98.82,-0.3
district,Bagmati,Sindhupalchok,Female,16 - 19 Years,9687,9521,1,165,0,98.29,97.97,98.29,-0.32
district,Bagmati,Sindhupalchok,Female,20 - 24 Years,11153,10469,7,677,0,93.87,95.31,93.87,1.44
district,Bagmati,Sindhupalchok,Female,25 - 29 Years,10443,8923,17,1503,0,85.44,92.67,85.44,7.23
district,Bagmati,Sindhupalchok,Female,30 - 34 Years,9103,6579,34,2490,0,72.27,87.99,72.27,15.72
district,Bagmati,Sindhupalchok,Female,35 - 39 Years,9049,5196,59,3794,0,57.42,80.23,57.42,22.81
district,Bagmati,Sindhupalchok,Female,40 - 44 Years,8547,3742,57,4748,0,43.78,72.27,43.78,28.49
district,Bagmati,Sindhupalchok,Female,45 - 49 Years,7572,2487,56,5029,0,32.84,63.74,32.84,30.9
district,Bagmati,Sindhupalchok,Female,50 - 54 Years,8190,2083,58,6049,0,25.43,55.86,25.43,30.43
district,Bagmati,Sindhupalchok,Female,55 - 59 Years,6056,1096,43,4917,0,18.1,47.08,18.1,28.98
district,Bagmati,Sindhupalchok,Female,60 - 64 Years,6101,774,29,5298,0,12.69,37.29,12.69,24.6
district,Bagmati,Sindhupalchok,Female,65 - 69 Years,4646,452,16,4178,0,9.73,34.02,9.73,24.29
district,Bagmati,Sindhupalchok,Female,70 - 74 Years,4058,245,4,3809,0,6.04,25.74,6.04,19.7
district,Bagmati,Sindhupalchok,Female,75+ Years,4953,203,6,4743,1,4.1,19.05,4.1,14.95
district,Bagmati,Rasuwa,Total,Total,42719,29732,125,12857,5,69.6,76.19,62.59,13.6
district,Bagmati,Rasuwa,Total,05 Year,883,797,4,79,3,90.26,89.68,90.91,-1.23
district,Bagmati,Rasuwa,Total,06 Year,809,781,0,28,0,96.54,96.02,97.05,-1.03
district,Bagmati,Rasuwa,Total,07 Year,741,720,0,21,0,97.17,97.75,96.63,1.12
district,Bagmati,Rasuwa,Total,08 Year,767,757,0,10,0,98.7,99.26,98.05,1.21
district,Bagmati,Rasuwa,Total,09 Year,825,811,1,13,0,98.3,99.03,97.57,1.46
district,Bagmati,Rasuwa,Total,10 Year,884,879,0,5,0,99.43,99.35,99.52,-0.17
district,Bagmati,Rasuwa,Total,11 Year,729,728,0,1,0,99.86,99.72,100.0,-0.28
district,Bagmati,Rasuwa,Total,12 Year,846,839,0,7,0,99.17,98.82,99.52,-0.7
district,Bagmati,Rasuwa,Total,13 Year,813,805,0,8,0,99.02,99.53,98.44,1.09
district,Bagmati,Rasuwa,Total,14 Year,771,769,0,2,0,99.74,99.71,99.77,-0.06
district,Bagmati,Rasuwa,Total,15 Year,797,781,1,15,0,97.99,97.75,98.24,-0.49
district,Bagmati,Rasuwa,Total,16 - 19 Years,3531,3442,4,85,0,97.48,97.9,97.08,0.82
district,Bagmati,Rasuwa,Total,20 - 24 Years,4509,4313,3,193,0,95.65,96.63,94.54,2.09
district,Bagmati,Rasuwa,Total,25 - 29 Years,4108,3678,8,422,0,89.53,93.43,85.2,8.23
district,Bagmati,Rasuwa,Total,30 - 34 Years,3601,2895,16,690,0,80.39,88.71,70.97,17.74
district,Bagmati,Rasuwa,Total,35 - 39 Years,3253,2258,21,974,0,69.41,81.56,53.29,28.27
district,Bagmati,Rasuwa,Total,40 - 44 Years,2737,1464,19,1254,0,53.49,69.2,37.44,31.76
district,Bagmati,Rasuwa,Total,45 - 49 Years,2367,1015,13,1339,0,42.88,60.14,25.76,34.38
district,Bagmati,Rasuwa,Total,50 - 54 Years,2249,766,6,1477,0,34.06,48.46,20.23,28.23
district,Bagmati,Rasuwa,Total,55 - 59 Years,1744,464,3,1277,0,26.61,39.51,12.81,26.7
district,Bagmati,Rasuwa,Total,60 - 64 Years,1780,350,12,1418,0,19.66,29.53,8.67,20.86
district,Bagmati,Rasuwa,Total,65 - 69 Years,1477,225,3,1249,0,15.23,24.34,5.58,18.76
district,Bagmati,Rasuwa,Total,70 - 74 Years,1073,102,3,967,1,9.51,16.7,2.08,14.62
district,Bagmati,Rasuwa,Total,75+ Years,1425,93,8,1323,1,6.53,11.42,1.68,9.74
district,Bagmati,Rasuwa,Male,Total,22023,16779,65,5175,4,76.19,76.19,62.59,13.6
district,Bagmati,Rasuwa,Male,05 Year,465,417,0,45,3,89.68,89.68,90.91,-1.23
district,Bagmati,Rasuwa,Male,06 Year,402,386,0,16,0,96.02,96.02,97.05,-1.03
district,Bagmati,Rasuwa,Male,07 Year,355,347,0,8,0,97.75,97.75,96.63,1.12
district,Bagmati,Rasuwa,Male,08 Year,408,405,0,3,0,99.26,99.26,98.05,1.21
district,Bagmati,Rasuwa,Male,09 Year,413,409,0,4,0,99.03,99.03,97.57,1.46
district,Bagmati,Rasuwa,Male,10 Year,464,461,0,3,0,99.35,99.35,99.52,-0.17
district,Bagmati,Rasuwa,Male,11 Year,359,358,0,1,0,99.72,99.72,100.0,-0.28
district,Bagmati,Rasuwa,Male,12 Year,425,420,0,5,0,98.82,98.82,99.52,-0.7
district,Bagmati,Rasuwa,Male,13 Year,428,426,0,2,0,99.53,99.53,98.44,1.09
district,Bagmati,Rasuwa,Male,14 Year,339,338,0,1,0,99.71,99.71,99.77,-0.06
district,Bagmati,Rasuwa,Male,15 Year,400,391,0,9,0,97.75,97.75,98.24,-0.49
district,Bagmati,Rasuwa,Male,16 - 19 Years,1715,1679,2,34,0,97.9,97.9,97.08,0.82
district,Bagmati,Rasuwa,Male,20 - 24 Years,2403,2322,1,80,0,96.63,96.63,94.54,2.09
district,Bagmati,Rasuwa,Male,25 - 29 Years,2162,2020,3,139,0,93.43,93.43,85.2,8.23
district,Bagmati,Rasuwa,Male,30 - 34 Years,1913,1697,8,208,0,88.71,88.71,70.97,17.74
district,Bagmati,Rasuwa,Male,35 - 39 Years,1855,1513,9,333,0,81.56,81.56,53.29,28.27
district,Bagmati,Rasuwa,Male,40 - 44 Years,1383,957,13,413,0,69.2,69.2,37.44,31.76
district,Bagmati,Rasuwa,Male,45 - 49 Years,1179,709,7,463,0,60.14,60.14,25.76,34.38
district,Bagmati,Rasuwa,Male,50 - 54 Years,1102,534,2,566,0,48.46,48.46,20.23,28.23
district,Bagmati,Rasuwa,Male,55 - 59 Years,901,356,3,542,0,39.51,39.51,12.81,26.7
district,Bagmati,Rasuwa,Male,60 - 64 Years,938,277,7,654,0,29.53,29.53,8.67,20.86
district,Bagmati,Rasuwa,Male,65 - 69 Years,760,185,2,573,0,24.34,24.34,5.58,18.76
district,Bagmati,Rasuwa,Male,70 - 74 Years,545,91,3,451,0,16.7,16.7,2.08,14.62
district,Bagmati,Rasuwa,Male,75+ Years,709,81,5,622,1,11.42,11.42,1.68,9.74
district,Bagmati,Rasuwa,Female,Total,20696,12953,60,7682,1,62.59,76.19,62.59,13.6
district,Bagmati,Rasuwa,Female,05 Year,418,380,4,34,0,90.91,89.68,90.91,-1.23
district,Bagmati,Rasuwa,Female,06 Year,407,395,0,12,0,97.05,96.02,97.05,-1.03
district,Bagmati,Rasuwa,Female,07 Year,386,373,0,13,0,96.63,97.75,96.63,1.12
district,Bagmati,Rasuwa,Female,08 Year,359,352,0,7,0,98.05,99.26,98.05,1.21
district,Bagmati,Rasuwa,Female,09 Year,412,402,1,9,0,97.57,99.03,97.57,1.46
district,Bagmati,Rasuwa,Female,10 Year,420,418,0,2,0,99.52,99.35,99.52,-0.17
district,Bagmati,Rasuwa,Female,11 Year,370,370,0,0,0,100.0,99.72,100.0,-0.28
district,Bagmati,Rasuwa,Female,12 Year,421,419,0,2,0,99.52,98.82,99.52,-0.7
district,Bagmati,Rasuwa,Female,13 Year,385,379,0,6,0,98.44,99.53,98.44,1.09
district,Bagmati,Rasuwa,Female,14 Year,432,431,0,1,0,99.77,99.71,99.77,-0.06
district,Bagmati,Rasuwa,Female,15 Year,397,390,1,6,0,98.24,97.75,98.24,-0.49
district,Bagmati,Rasuwa,Female,16 - 19 Years,1816,1763,2,51,0,97.08,97.9,97.08,0.82
district,Bagmati,Rasuwa,Female,20 - 24 Years,2106,1991,2,113,0,94.54,96.63,94.54,2.09
district,Bagmati,Rasuwa,Female,25 - 29 Years,1946,1658,5,283,0,85.2,93.43,85.2,8.23
district,Bagmati,Rasuwa,Female,30 - 34 Years,1688,1198,8,482,0,70.97,88.71,70.97,17.74
district,Bagmati,Rasuwa,Female,35 - 39 Years,1398,745,12,641,0,53.29,81.56,53.29,28.27
district,Bagmati,Rasuwa,Female,40 - 44 Years,1354,507,6,841,0,37.44,69.2,37.44,31.76
district,Bagmati,Rasuwa,Female,45 - 49 Years,1188,306,6,876,0,25.76,60.14,25.76,34.38
district,Bagmati,Rasuwa,Female,50 - 54 Years,1147,232,4,911,0,20.23,48.46,20.23,28.23
district,Bagmati,Rasuwa,Female,55 - 59 Years,843,108,0,735,0,12.81,39.51,12.81,26.7
district,Bagmati,Rasuwa,Female,60 - 64 Years,842,73,5,764,0,8.67,29.53,8.67,20.86
district,Bagmati,Rasuwa,Female,65 - 69 Years,717,40,1,676,0,5.58,24.34,5.58,18.76
district,Bagmati,Rasuwa,Female,70 - 74 Years,528,11,0,516,1,2.08,16.7,2.08,14.62
district,Bagmati,Rasuwa,Female,75+ Years,716,12,3,701,0,1.68,11.42,1.68,9.74
district,Bagmati,Dhading,Total,Total,301687,218424,783,82454,26,72.4,79.27,65.92,13.35
district,Bagmati,Dhading,Total,05 Year,5476,4956,40,478,2,90.5,90.38,90.64,-0.26
district,Bagmati,Dhading,Total,06 Year,5791,5433,42,313,3,93.82,93.64,94.0,-0.36
district,Bagmati,Dhading,Total,07 Year,5240,5066,15,159,0,96.68,96.25,97.13,-0.88
district,Bagmati,Dhading,Total,08 Year,5473,5355,11,106,1,97.84,97.86,97.82,0.04
district,Bagmati,Dhading,Total,09 Year,5568,5492,9,67,0,98.64,98.64,98.63,0.01
district,Bagmati,Dhading,Total,10 Year,6174,6120,3,51,0,99.13,98.93,99.34,-0.41
district,Bagmati,Dhading,Total,11 Year,5646,5594,0,52,0,99.08,99.2,98.95,0.25
district,Bagmati,Dhading,Total,12 Year,6402,6340,2,59,1,99.03,99.02,99.04,-0.02
district,Bagmati,Dhading,Total,13 Year,6212,6169,1,42,0,99.31,99.37,99.24,0.13
district,Bagmati,Dhading,Total,14 Year,6590,6532,1,56,1,99.12,98.9,99.34,-0.44
district,Bagmati,Dhading,Total,15 Year,6760,6680,0,80,0,98.82,98.78,98.85,-0.07
district,Bagmati,Dhading,Total,16 - 19 Years,25096,24652,6,435,3,98.23,98.22,98.24,-0.02
district,Bagmati,Dhading,Total,20 - 24 Years,28819,27681,17,1120,1,96.05,96.48,95.67,0.81
district,Bagmati,Dhading,Total,25 - 29 Years,26558,24451,27,2077,3,92.07,94.44,89.91,4.53
district,Bagmati,Dhading,Total,30 - 34 Years,22215,18767,49,3398,1,84.48,90.61,79.09,11.52
district,Bagmati,Dhading,Total,35 - 39 Years,21800,16523,74,5202,1,75.79,85.79,66.91,18.88
district,Bagmati,Dhading,Total,40 - 44 Years,18931,12447,77,6407,0,65.75,80.3,52.96,27.34
district,Bagmati,Dhading,Total,45 - 49 Years,15687,8431,75,7178,3,53.75,71.43,38.6,32.83
district,Bagmati,Dhading,Total,50 - 54 Years,17661,7895,82,9684,0,44.7,63.47,27.12,36.35
district,Bagmati,Dhading,Total,55 - 59 Years,14015,4771,72,9171,1,34.04,51.4,17.16,34.24
district,Bagmati,Dhading,Total,60 - 64 Years,13683,3670,64,9949,0,26.82,41.2,12.67,28.53
district,Bagmati,Dhading,Total,65 - 69 Years,10984,2482,33,8467,2,22.6,35.27,9.95,25.32
district,Bagmati,Dhading,Total,70 - 74 Years,8720,1502,34,7183,1,17.22,28.95,6.28,22.67
district,Bagmati,Dhading,Total,75+ Years,12186,1415,49,10720,2,11.61,19.36,4.0,15.36
district,Bagmati,Dhading,Male,Total,146517,116138,341,30026,12,79.27,79.27,65.92,13.35
district,Bagmati,Dhading,Male,05 Year,2901,2622,26,252,1,90.38,90.38,90.64,-0.26
district,Bagmati,Dhading,Male,06 Year,2924,2738,18,165,3,93.64,93.64,94.0,-0.36
district,Bagmati,Dhading,Male,07 Year,2694,2593,9,92,0,96.25,96.25,97.13,-0.88
district,Bagmati,Dhading,Male,08 Year,2810,2750,3,56,1,97.86,97.86,97.82,0.04
district,Bagmati,Dhading,Male,09 Year,2797,2759,7,31,0,98.64,98.64,98.63,0.01
district,Bagmati,Dhading,Male,10 Year,3165,3131,2,32,0,98.93,98.93,99.34,-0.41
district,Bagmati,Dhading,Male,11 Year,2884,2861,0,23,0,99.2,99.2,98.95,0.25
district,Bagmati,Dhading,Male,12 Year,3278,3246,1,31,0,99.02,99.02,99.04,-0.02
district,Bagmati,Dhading,Male,13 Year,3170,3150,0,20,0,99.37,99.37,99.24,0.13
district,Bagmati,Dhading,Male,14 Year,3280,3244,1,35,0,98.9,98.9,99.34,-0.44
district,Bagmati,Dhading,Male,15 Year,3363,3322,0,41,0,98.78,98.78,98.85,-0.07
district,Bagmati,Dhading,Male,16 - 19 Years,12324,12105,3,215,1,98.22,98.22,98.24,-0.02
district,Bagmati,Dhading,Male,20 - 24 Years,13561,13083,8,470,0,96.48,96.48,95.67,0.81
district,Bagmati,Dhading,Male,25 - 29 Years,12637,11935,12,688,2,94.44,94.44,89.91,4.53
district,Bagmati,Dhading,Male,30 - 34 Years,10400,9423,19,957,1,90.61,90.61,79.09,11.52
district,Bagmati,Dhading,Male,35 - 39 Years,10259,8801,22,1436,0,85.79,85.79,66.91,18.88
district,Bagmati,Dhading,Male,40 - 44 Years,8857,7112,22,1723,0,80.3,80.3,52.96,27.34
district,Bagmati,Dhading,Male,45 - 49 Years,7238,5170,23,2043,2,71.43,71.43,38.6,32.83
district,Bagmati,Dhading,Male,50 - 54 Years,8543,5422,27,3094,0,63.47,63.47,27.12,36.35
district,Bagmati,Dhading,Male,55 - 59 Years,6910,3552,27,3330,1,51.4,51.4,17.16,34.24
district,Bagmati,Dhading,Male,60 - 64 Years,6787,2796,33,3958,0,41.2,41.2,12.67,28.53
district,Bagmati,Dhading,Male,65 - 69 Years,5486,1935,18,3533,0,35.27,35.27,9.95,25.32
district,Bagmati,Dhading,Male,70 - 74 Years,4211,1219,25,2967,0,28.95,28.95,6.28,22.67
district,Bagmati,Dhading,Male,75+ Years,6038,1169,35,4834,0,19.36,19.36,4.0,15.36
district,Bagmati,Dhading,Female,Total,155170,102286,442,52428,14,65.92,79.27,65.92,13.35
district,Bagmati,Dhading,Female,05 Year,2575,2334,14,226,1,90.64,90.38,90.64,-0.26
district,Bagmati,Dhading,Female,06 Year,2867,2695,24,148,0,94.0,93.64,94.0,-0.36
district,Bagmati,Dhading,Female,07 Year,2546,2473,6,67,0,97.13,96.25,97.13,-0.88
district,Bagmati,Dhading,Female,08 Year,2663,2605,8,50,0,97.82,97.86,97.82,0.04
district,Bagmati,Dhading,Female,09 Year,2771,2733,2,36,0,98.63,98.64,98.63,0.01
district,Bagmati,Dhading,Female,10 Year,3009,2989,1,19,0,99.34,98.93,99.34,-0.41
district,Bagmati,Dhading,Female,11 Year,2762,2733,0,29,0,98.95,99.2,98.95,0.25
district,Bagmati,Dhading,Female,12 Year,3124,3094,1,28,1,99.04,99.02,99.04,-0.02
district,Bagmati,Dhading,Female,13 Year,3042,3019,1,22,0,99.24,99.37,99.24,0.13
district,Bagmati,Dhading,Female,14 Year,3310,3288,0,21,1,99.34,98.9,99.34,-0.44
district,Bagmati,Dhading,Female,15 Year,3397,3358,0,39,0,98.85,98.78,98.85,-0.07
district,Bagmati,Dhading,Female,16 - 19 Years,12772,12547,3,220,2,98.24,98.22,98.24,-0.02
district,Bagmati,Dhading,Female,20 - 24 Years,15258,14598,9,650,1,95.67,96.48,95.67,0.81
district,Bagmati,Dhading,Female,25 - 29 Years,13921,12516,15,1389,1,89.91,94.44,89.91,4.53
district,Bagmati,Dhading,Female,30 - 34 Years,11815,9344,30,2441,0,79.09,90.61,79.09,11.52
district,Bagmati,Dhading,Female,35 - 39 Years,11541,7722,52,3766,1,66.91,85.79,66.91,18.88
district,Bagmati,Dhading,Female,40 - 44 Years,10074,5335,55,4684,0,52.96,80.3,52.96,27.34
district,Bagmati,Dhading,Female,45 - 49 Years,8449,3261,52,5135,1,38.6,71.43,38.6,32.83
district,Bagmati,Dhading,Female,50 - 54 Years,9118,2473,55,6590,0,27.12,63.47,27.12,36.35
district,Bagmati,Dhading,Female,55 - 59 Years,7105,1219,45,5841,0,17.16,51.4,17.16,34.24
district,Bagmati,Dhading,Female,60 - 64 Years,6896,874,31,5991,0,12.67,41.2,12.67,28.53
district,Bagmati,Dhading,Female,65 - 69 Years,5498,547,15,4934,2,9.95,35.27,9.95,25.32
district,Bagmati,Dhading,Female,70 - 74 Years,4509,283,9,4216,1,6.28,28.95,6.28,22.67
district,Bagmati,Dhading,Female,75+ Years,6148,246,14,5886,2,4.0,19.36,4.0,15.36
district,Bagmati,Nuwakot,Total,Total,244383,168798,997,74570,18,69.07,76.9,61.64,15.26
district,Bagmati,Nuwakot,Total,05 Year,4188,3779,38,365,6,90.23,89.94,90.55,-0.61
district,Bagmati,Nuwakot,Total,06 Year,4518,4345,23,146,4,96.17,96.56,95.77,0.79
district,Bagmati,Nuwakot,Total,07 Year,4151,4059,7,85,0,97.78,97.69,97.88,-0.19
district,Bagmati,Nuwakot,Total,08 Year,4352,4295,5,52,0,98.69,98.33,99.05,-0.72
district,Bagmati,Nuwakot,Total,09 Year,4466,4411,2,53,0,98.77,98.63,98.91,-0.28
district,Bagmati,Nuwakot,Total,10 Year,4914,4865,1,47,1,99.0,99.08,98.92,0.16
district,Bagmati,Nuwakot,Total,11 Year,4264,4224,0,40,0,99.06,98.84,99.29,-0.45
district,Bagmati,Nuwakot,Total,12 Year,4932,4888,0,44,0,99.11,98.97,99.24,-0.27
district,Bagmati,Nuwakot,Total,13 Year,4748,4716,1,31,0,99.33,99.45,99.21,0.24
district,Bagmati,Nuwakot,Total,14 Year,4819,4783,0,36,0,99.25,99.08,99.42,-0.34
district,Bagmati,Nuwakot,Total,15 Year,4992,4944,0,48,0,99.04,99.1,98.98,0.12
district,Bagmati,Nuwakot,Total,16 - 19 Years,18908,18526,6,375,1,97.98,97.96,98.0,-0.04
district,Bagmati,Nuwakot,Total,20 - 24 Years,22973,21850,9,1112,2,95.11,95.87,94.39,1.48
district,Bagmati,Nuwakot,Total,25 - 29 Years,21000,18896,20,2084,0,89.98,92.99,87.3,5.69
district,Bagmati,Nuwakot,Total,30 - 34 Years,18565,15129,70,3366,0,81.49,89.56,74.13,15.43
district,Bagmati,Nuwakot,Total,35 - 39 Years,17947,12786,104,5057,0,71.24,84.43,59.05,25.38
district,Bagmati,Nuwakot,Total,40 - 44 Years,16219,9493,123,6603,0,58.53,75.55,43.32,32.23
district,Bagmati,Nuwakot,Total,45 - 49 Years,13793,6568,116,7109,0,47.62,66.83,30.57,36.26
district,Bagmati,Nuwakot,Total,50 - 54 Years,15183,5871,135,9177,0,38.67,56.15,22.06,34.09
district,Bagmati,Nuwakot,Total,55 - 59 Years,11873,3614,96,8163,0,30.44,47.27,14.0,33.27
district,Bagmati,Nuwakot,Total,60 - 64 Years,11835,2829,88,8917,1,23.9,37.53,9.98,27.55
district,Bagmati,Nuwakot,Total,65 - 69 Years,9064,1841,41,7182,0,20.31,33.34,6.83,26.51
district,Bagmati,Nuwakot,Total,70 - 74 Years,7295,1070,43,6180,2,14.67,26.32,3.81,22.51
district,Bagmati,Nuwakot,Total,75+ Years,9384,1016,69,8298,1,10.83,19.96,2.47,17.49
district,Bagmati,Nuwakot,Male,Total,119062,91556,449,27047,10,76.9,76.9,61.64,15.26
district,Bagmati,Nuwakot,Male,05 Year,2187,1967,20,195,5,89.94,89.94,90.55,-0.61
district,Bagmati,Nuwakot,Male,06 Year,2296,2217,11,67,1,96.56,96.56,95.77,0.79
district,Bagmati,Nuwakot,Male,07 Year,2076,2028,3,45,0,97.69,97.69,97.88,-0.19
district,Bagmati,Nuwakot,Male,08 Year,2152,2116,2,34,0,98.33,98.33,99.05,-0.72
district,Bagmati,Nuwakot,Male,09 Year,2258,2227,0,31,0,98.63,98.63,98.91,-0.28
district,Bagmati,Nuwakot,Male,10 Year,2507,2484,1,21,1,99.08,99.08,98.92,0.16
district,Bagmati,Nuwakot,Male,11 Year,2148,2123,0,25,0,98.84,98.84,99.29,-0.45
district,Bagmati,Nuwakot,Male,12 Year,2427,2402,0,25,0,98.97,98.97,99.24,-0.27
district,Bagmati,Nuwakot,Male,13 Year,2356,2343,0,13,0,99.45,99.45,99.21,0.24
district,Bagmati,Nuwakot,Male,14 Year,2402,2380,0,22,0,99.08,99.08,99.42,-0.34
district,Bagmati,Nuwakot,Male,15 Year,2453,2431,0,22,0,99.1,99.1,98.98,0.12
district,Bagmati,Nuwakot,Male,16 - 19 Years,9264,9075,4,185,0,97.96,97.96,98.0,-0.04
district,Bagmati,Nuwakot,Male,20 - 24 Years,11167,10706,3,458,0,95.87,95.87,94.39,1.48
district,Bagmati,Nuwakot,Male,25 - 29 Years,9894,9200,10,684,0,92.99,92.99,87.3,5.69
district,Bagmati,Nuwakot,Male,30 - 34 Years,8857,7932,21,904,0,89.56,89.56,74.13,15.43
district,Bagmati,Nuwakot,Male,35 - 39 Years,8621,7279,18,1324,0,84.43,84.43,59.05,25.38
district,Bagmati,Nuwakot,Male,40 - 44 Years,7655,5783,37,1835,0,75.55,75.55,43.32,32.23
district,Bagmati,Nuwakot,Male,45 - 49 Years,6485,4334,39,2112,0,66.83,66.83,30.57,36.26
district,Bagmati,Nuwakot,Male,50 - 54 Years,7396,4153,71,3172,0,56.15,56.15,22.06,34.09
district,Bagmati,Nuwakot,Male,55 - 59 Years,5866,2773,47,3046,0,47.27,47.27,14.0,33.27
district,Bagmati,Nuwakot,Male,60 - 64 Years,5982,2245,54,3682,1,37.53,37.53,9.98,27.55
district,Bagmati,Nuwakot,Male,65 - 69 Years,4610,1537,26,3047,0,33.34,33.34,6.83,26.51
district,Bagmati,Nuwakot,Male,70 - 74 Years,3518,926,27,2563,2,26.32,26.32,3.81,22.51
district,Bagmati,Nuwakot,Male,75+ Years,4485,895,55,3535,0,19.96,19.96,2.47,17.49
district,Bagmati,Nuwakot,Female,Total,125321,77242,548,47523,8,61.64,76.9,61.64,15.26
district,Bagmati,Nuwakot,Female,05 Year,2001,1812,18,170,1,90.55,89.94,90.55,-0.61
district,Bagmati,Nuwakot,Female,06 Year,2222,2128,12,79,3,95.77,96.56,95.77,0.79
district,Bagmati,Nuwakot,Female,07 Year,2075,2031,4,40,0,97.88,97.69,97.88,-0.19
district,Bagmati,Nuwakot,Female,08 Year,2200,2179,3,18,0,99.05,98.33,99.05,-0.72
district,Bagmati,Nuwakot,Female,09 Year,2208,2184,2,22,0,98.91,98.63,98.91,-0.28
district,Bagmati,Nuwakot,Female,10 Year,2407,2381,0,26,0,98.92,99.08,98.92,0.16
district,Bagmati,Nuwakot,Female,11 Year,2116,2101,0,15,0,99.29,98.84,99.29,-0.45
district,Bagmati,Nuwakot,Female,12 Year,2505,2486,0,19,0,99.24,98.97,99.24,-0.27
district,Bagmati,Nuwakot,Female,13 Year,2392,2373,1,18,0,99.21,99.45,99.21,0.24
district,Bagmati,Nuwakot,Female,14 Year,2417,2403,0,14,0,99.42,99.08,99.42,-0.34
district,Bagmati,Nuwakot,Female,15 Year,2539,2513,0,26,0,98.98,99.1,98.98,0.12
district,Bagmati,Nuwakot,Female,16 - 19 Years,9644,9451,2,190,1,98.0,97.96,98.0,-0.04
district,Bagmati,Nuwakot,Female,20 - 24 Years,11806,11144,6,654,2,94.39,95.87,94.39,1.48
district,Bagmati,Nuwakot,Female,25 - 29 Years,11106,9696,10,1400,0,87.3,92.99,87.3,5.69
district,Bagmati,Nuwakot,Female,30 - 34 Years,9708,7197,49,2462,0,74.13,89.56,74.13,15.43
district,Bagmati,Nuwakot,Female,35 - 39 Years,9326,5507,86,3733,0,59.05,84.43,59.05,25.38
district,Bagmati,Nuwakot,Female,40 - 44 Years,8564,3710,86,4768,0,43.32,75.55,43.32,32.23
district,Bagmati,Nuwakot,Female,45 - 49 Years,7308,2234,77,4997,0,30.57,66.83,30.57,36.26
district,Bagmati,Nuwakot,Female,50 - 54 Years,7787,1718,64,6005,0,22.06,56.15,22.06,34.09
district,Bagmati,Nuwakot,Female,55 - 59 Years,6007,841,49,5117,0,14.0,47.27,14.0,33.27
district,Bagmati,Nuwakot,Female,60 - 64 Years,5853,584,34,5235,0,9.98,37.53,9.98,27.55
district,Bagmati,Nuwakot,Female,65 - 69 Years,4454,304,15,4135,0,6.83,33.34,6.83,26.51
district,Bagmati,Nuwakot,Female,70 - 74 Years,3777,144,16,3617,0,3.81,26.32,3.81,22.51
district,Bagmati,Nuwakot,Female,75+ Years,4899,121,14,4763,1,2.47,19.96,2.47,17.49
district,Bagmati,Kathmandu,Total,Total,1926174,1718672,10097,197347,58,89.23,94.19,84.16,10.03
district,Bagmati,Kathmandu,Total,05 Year,26916,25022,456,1420,18,92.96,92.91,93.02,-0.11
district,Bagmati,Kathmandu,Total,06 Year,28120,27109,266,739,6,96.4,96.25,96.59,-0.34
district,Bagmati,Kathmandu,Total,07 Year,27128,26634,137,352,5,98.18,98.11,98.26,-0.15
district,Bagmati,Kathmandu,Total,08 Year,28632,28242,121,269,0,98.64,98.62,98.66,-0.04
district,Bagmati,Kathmandu,Total,09 Year,27316,27070,55,191,0,99.1,99.09,99.11,-0.02
district,Bagmati,Kathmandu,Total,10 Year,30064,29880,9,175,0,99.39,99.42,99.35,0.07
district,Bagmati,Kathmandu,Total,11 Year,26648,26528,6,114,0,99.55,99.52,99.58,-0.06
district,Bagmati,Kathmandu,Total,12 Year,30412,30238,8,166,0,99.43,99.46,99.39,0.07
district,Bagmati,Kathmandu,Total,13 Year,29843,29698,3,142,0,99.51,99.51,99.52,-0.01
district,Bagmati,Kathmandu,Total,14 Year,31452,31227,5,220,0,99.28,99.37,99.18,0.19
district,Bagmati,Kathmandu,Total,15 Year,32711,32447,6,258,0,99.19,99.22,99.16,0.06
district,Bagmati,Kathmandu,Total,16 - 19 Years,164316,162581,69,1665,1,98.94,98.85,99.06,-0.21
district,Bagmati,Kathmandu,Total,20 - 24 Years,226660,222580,144,3934,2,98.2,98.34,98.05,0.29
district,Bagmati,Kathmandu,Total,25 - 29 Years,215120,207417,309,7393,1,96.42,97.25,95.64,1.61
district,Bagmati,Kathmandu,Total,30 - 34 Years,195859,183539,538,11780,2,93.71,95.98,91.62,4.36
district,Bagmati,Kathmandu,Total,35 - 39 Years,177738,160772,780,16183,3,90.45,94.64,86.47,8.17
district,Bagmati,Kathmandu,Total,40 - 44 Years,154111,134101,979,19031,0,87.02,93.12,80.99,12.13
district,Bagmati,Kathmandu,Total,45 - 49 Years,118110,98216,955,18939,0,83.16,91.77,74.26,17.51
district,Bagmati,Kathmandu,Total,50 - 54 Years,107441,83949,1174,22318,0,78.13,89.76,65.6,24.16
district,Bagmati,Kathmandu,Total,55 - 59 Years,73520,53082,933,19500,5,72.2,86.7,56.73,29.97
district,Bagmati,Kathmandu,Total,60 - 64 Years,58646,38437,830,19376,3,65.54,82.73,48.62,34.11
district,Bagmati,Kathmandu,Total,65 - 69 Years,42720,26347,689,15680,4,61.67,80.87,43.29,37.58
district,Bagmati,Kathmandu,Total,70 - 74 Years,30674,16306,555,13810,3,53.16,75.89,33.56,42.33
district,Bagmati,Kathmandu,Total,75+ Years,42017,17250,1070,23692,5,41.05,65.55,22.93,42.62
district,Bagmati,Kathmandu,Male,Total,973638,917044,3607,52952,35,94.19,94.19,84.16,10.03
district,Bagmati,Kathmandu,Male,05 Year,14607,13572,260,766,9,92.91,92.91,93.02,-0.11
district,Bagmati,Kathmandu,Male,06 Year,15406,14829,143,429,5,96.25,96.25,96.59,-0.34
district,Bagmati,Kathmandu,Male,07 Year,14636,14359,75,198,4,98.11,98.11,98.26,-0.15
district,Bagmati,Kathmandu,Male,08 Year,15643,15427,64,152,0,98.62,98.62,98.66,-0.04
district,Bagmati,Kathmandu,Male,09 Year,14994,14858,28,108,0,99.09,99.09,99.11,-0.02
district,Bagmati,Kathmandu,Male,10 Year,16567,16471,6,90,0,99.42,99.42,99.35,0.07
district,Bagmati,Kathmandu,Male,11 Year,14367,14298,5,64,0,99.52,99.52,99.58,-0.06
district,Bagmati,Kathmandu,Male,12 Year,16523,16434,6,83,0,99.46,99.46,99.39,0.07
district,Bagmati,Kathmandu,Male,13 Year,16002,15924,1,77,0,99.51,99.51,99.52,-0.01
district,Bagmati,Kathmandu,Male,14 Year,16867,16761,1,105,0,99.37,99.37,99.18,0.19
district,Bagmati,Kathmandu,Male,15 Year,17563,17426,2,135,0,99.22,99.22,99.16,0.06
district,Bagmati,Kathmandu,Male,16 - 19 Years,88421,87403,44,973,1,98.85,98.85,99.06,-0.21
district,Bagmati,Kathmandu,Male,20 - 24 Years,114788,112888,67,1832,1,98.34,98.34,98.05,0.29
district,Bagmati,Kathmandu,Male,25 - 29 Years,104411,101535,130,2745,1,97.25,97.25,95.64,1.61
district,Bagmati,Kathmandu,Male,30 - 34 Years,93815,90042,188,3584,1,95.98,95.98,91.62,4.36
district,Bagmati,Kathmandu,Male,35 - 39 Years,86685,82038,251,4396,0,94.64,94.64,86.47,8.17
district,Bagmati,Kathmandu,Male,40 - 44 Years,76587,71317,298,4972,0,93.12,93.12,80.99,12.13
district,Bagmati,Kathmandu,Male,45 - 49 Years,59999,55064,253,4682,0,91.77,91.77,74.26,17.51
district,Bagmati,Kathmandu,Male,50 - 54 Years,55738,50030,362,5346,0,89.76,89.76,65.6,24.16
district,Bagmati,Kathmandu,Male,55 - 59 Years,37953,32906,290,4755,2,86.7,86.7,56.73,29.97
district,Bagmati,Kathmandu,Male,60 - 64 Years,29096,24070,262,4761,3,82.73,82.73,48.62,34.11
district,Bagmati,Kathmandu,Male,65 - 69 Years,20898,16900,229,3766,3,80.87,80.87,43.29,37.58
district,Bagmati,Kathmandu,Male,70 - 74 Years,14202,10778,205,3218,1,75.89,75.89,33.56,42.33
district,Bagmati,Kathmandu,Male,75+ Years,17870,11714,437,5715,4,65.55,65.55,22.93,42.62
district,Bagmati,Kathmandu,Female,Total,952536,801628,6490,144395,23,84.16,94.19,84.16,10.03
district,Bagmati,Kathmandu,Female,05 Year,12309,11450,196,654,9,93.02,92.91,93.02,-0.11
district,Bagmati,Kathmandu,Female,06 Year,12714,12280,123,310,1,96.59,96.25,96.59,-0.34
district,Bagmati,Kathmandu,Female,07 Year,12492,12275,62,154,1,98.26,98.11,98.26,-0.15
district,Bagmati,Kathmandu,Female,08 Year,12989,12815,57,117,0,98.66,98.62,98.66,-0.04
district,Bagmati,Kathmandu,Female,09 Year,12322,12212,27,83,0,99.11,99.09,99.11,-0.02
district,Bagmati,Kathmandu,Female,10 Year,13497,13409,3,85,0,99.35,99.42,99.35,0.07
district,Bagmati,Kathmandu,Female,11 Year,12281,12230,1,50,0,99.58,99.52,99.58,-0.06
district,Bagmati,Kathmandu,Female,12 Year,13889,13804,2,83,0,99.39,99.46,99.39,0.07
district,Bagmati,Kathmandu,Female,13 Year,13841,13774,2,65,0,99.52,99.51,99.52,-0.01
district,Bagmati,Kathmandu,Female,14 Year,14585,14466,4,115,0,99.18,99.37,99.18,0.19
district,Bagmati,Kathmandu,Female,15 Year,15148,15021,4,123,0,99.16,99.22,99.16,0.06
district,Bagmati,Kathmandu,Female,16 - 19 Years,75895,75178,25,692,0,99.06,98.85,99.06,-0.21
district,Bagmati,Kathmandu,Female,20 - 24 Years,111872,109692,77,2102,1,98.05,98.34,98.05,0.29
district,Bagmati,Kathmandu,Female,25 - 29 Years,110709,105882,179,4648,0,95.64,97.25,95.64,1.61
district,Bagmati,Kathmandu,Female,30 - 34 Years,102044,93497,350,8196,1,91.62,95.98,91.62,4.36
district,Bagmati,Kathmandu,Female,35 - 39 Years,91053,78734,529,11787,3,86.47,94.64,86.47,8.17
district,Bagmati,Kathmandu,Female,40 - 44 Years,77524,62784,681,14059,0,80.99,93.12,80.99,12.13
district,Bagmati,Kathmandu,Female,45 - 49 Years,58111,43152,702,14257,0,74.26,91.77,74.26,17.51
district,Bagmati,Kathmandu,Female,50 - 54 Years,51703,33919,812,16972,0,65.6,89.76,65.6,24.16
district,Bagmati,Kathmandu,Female,55 - 59 Years,35567,20176,643,14745,3,56.73,86.7,56.73,29.97
district,Bagmati,Kathmandu,Female,60 - 64 Years,29550,14367,568,14615,0,48.62,82.73,48.62,34.11
district,Bagmati,Kathmandu,Female,65 - 69 Years,21822,9447,460,11914,1,43.29,80.87,43.29,37.58
district,Bagmati,Kathmandu,Female,70 - 74 Years,16472,5528,350,10592,2,33.56,75.89,33.56,42.33
district,Bagmati,Kathmandu,Female,75+ Years,24147,5536,633,17977,1,22.93,65.55,22.93,42.62
district,Bagmati,Bhaktapur,Total,Total,404125,355473,633,48015,4,87.96,94.1,81.74,12.36
district,Bagmati,Bhaktapur,Total,05 Year,5991,5720,26,245,0,95.48,95.58,95.34,0.24
district,Bagmati,Bhaktapur,Total,06 Year,6246,6120,24,101,1,97.98,97.68,98.34,-0.66
district,Bagmati,Bhaktapur,Total,07 Year,5969,5891,9,69,0,98.69,98.65,98.75,-0.1
district,Bagmati,Bhaktapur,Total,08 Year,5896,5844,6,46,0,99.12,99.21,99.01,0.2
district,Bagmati,Bhaktapur,Total,09 Year,6078,6039,0,39,0,99.36,99.34,99.39,-0.05
district,Bagmati,Bhaktapur,Total,10 Year,6418,6373,2,42,1,99.3,99.38,99.19,0.19
district,Bagmati,Bhaktapur,Total,11 Year,5752,5726,0,26,0,99.55,99.58,99.5,0.08
district,Bagmati,Bhaktapur,Total,12 Year,6524,6474,0,50,0,99.23,99.04,99.45,-0.41
district,Bagmati,Bhaktapur,Total,13 Year,6180,6156,0,24,0,99.61,99.6,99.62,-0.02
district,Bagmati,Bhaktapur,Total,14 Year,6248,6213,0,35,0,99.44,99.25,99.66,-0.41
district,Bagmati,Bhaktapur,Total,15 Year,6736,6681,2,53,0,99.18,99.2,99.17,0.03
district,Bagmati,Bhaktapur,Total,16 - 19 Years,30420,30148,2,270,0,99.11,99.07,99.14,-0.07
district,Bagmati,Bhaktapur,Total,20 - 24 Years,43372,42697,3,672,0,98.44,98.71,98.17,0.54
district,Bagmati,Bhaktapur,Total,25 - 29 Years,44335,42973,8,1354,0,96.93,97.94,95.98,1.96
district,Bagmati,Bhaktapur,Total,30 - 34 Years,41770,39599,30,2141,0,94.8,96.98,92.76,4.22
district,Bagmati,Bhaktapur,Total,35 - 39 Years,38176,35195,44,2937,0,92.19,96.2,88.29,7.91
district,Bagmati,Bhaktapur,Total,40 - 44 Years,33218,29288,51,3878,1,88.17,94.94,81.65,13.29
district,Bagmati,Bhaktapur,Total,45 - 49 Years,26184,21513,77,4593,1,82.16,92.61,71.67,20.94
district,Bagmati,Bhaktapur,Total,50 - 54 Years,23972,18155,83,5734,0,75.73,90.73,60.03,30.7
district,Bagmati,Bhaktapur,Total,55 - 59 Years,16494,10889,62,5543,0,66.02,85.15,46.55,38.6
district,Bagmati,Bhaktapur,Total,60 - 64 Years,12669,7366,69,5234,0,58.14,80.18,37.33,42.85
district,Bagmati,Bhaktapur,Total,65 - 69 Years,9435,4808,40,4587,0,50.96,75.02,29.07,45.95
district,Bagmati,Bhaktapur,Total,70 - 74 Years,6554,2673,42,3839,0,40.78,67.88,19.01,48.87
district,Bagmati,Bhaktapur,Total,75+ Years,9488,2932,53,6503,0,30.9,54.1,13.21,40.89
district,Bagmati,Bhaktapur,Male,Total,203351,191363,222,11765,1,94.1,94.1,81.74,12.36
district,Bagmati,Bhaktapur,Male,05 Year,3328,3181,13,134,0,95.58,95.58,95.34,0.24
district,Bagmati,Bhaktapur,Male,06 Year,3363,3285,15,63,0,97.68,97.68,98.34,-0.66
district,Bagmati,Bhaktapur,Male,07 Year,3248,3204,7,37,0,98.65,98.65,98.75,-0.1
district,Bagmati,Bhaktapur,Male,08 Year,3276,3250,3,23,0,99.21,99.21,99.01,0.2
district,Bagmati,Bhaktapur,Male,09 Year,3312,3290,0,22,0,99.34,99.34,99.39,-0.05
district,Bagmati,Bhaktapur,Male,10 Year,3562,3540,2,20,0,99.38,99.38,99.19,0.19
district,Bagmati,Bhaktapur,Male,11 Year,3131,3118,0,13,0,99.58,99.58,99.5,0.08
district,Bagmati,Bhaktapur,Male,12 Year,3454,3421,0,33,0,99.04,99.04,99.45,-0.41
district,Bagmati,Bhaktapur,Male,13 Year,3272,3259,0,13,0,99.6,99.6,99.62,-0.02
district,Bagmati,Bhaktapur,Male,14 Year,3325,3300,0,25,0,99.25,99.25,99.66,-0.41
district,Bagmati,Bhaktapur,Male,15 Year,3613,3584,2,27,0,99.2,99.2,99.17,0.03
district,Bagmati,Bhaktapur,Male,16 - 19 Years,16162,16012,1,149,0,99.07,99.07,99.14,-0.07
district,Bagmati,Bhaktapur,Male,20 - 24 Years,22091,21806,3,282,0,98.71,98.71,98.17,0.54
district,Bagmati,Bhaktapur,Male,25 - 29 Years,21519,21075,0,444,0,97.94,97.94,95.98,1.96
district,Bagmati,Bhaktapur,Male,30 - 34 Years,20198,19588,5,605,0,96.98,96.98,92.76,4.22
district,Bagmati,Bhaktapur,Male,35 - 39 Years,18825,18110,9,706,0,96.2,96.2,88.29,7.91
district,Bagmati,Bhaktapur,Male,40 - 44 Years,16297,15472,11,813,1,94.94,94.94,81.65,13.29
district,Bagmati,Bhaktapur,Male,45 - 49 Years,13121,12151,15,955,0,92.61,92.61,71.67,20.94
district,Bagmati,Bhaktapur,Male,50 - 54 Years,12262,11125,23,1114,0,90.73,90.73,60.03,30.7
district,Bagmati,Bhaktapur,Male,55 - 59 Years,8318,7083,23,1212,0,85.15,85.15,46.55,38.6
district,Bagmati,Bhaktapur,Male,60 - 64 Years,6154,4934,23,1197,0,80.18,80.18,37.33,42.85
district,Bagmati,Bhaktapur,Male,65 - 69 Years,4495,3372,16,1107,0,75.02,75.02,29.07,45.95
district,Bagmati,Bhaktapur,Male,70 - 74 Years,2920,1982,24,914,0,67.88,67.88,19.01,48.87
district,Bagmati,Bhaktapur,Male,75+ Years,4105,2221,27,1857,0,54.1,54.1,13.21,40.89
district,Bagmati,Bhaktapur,Female,Total,200774,164110,411,36250,3,81.74,94.1,81.74,12.36
district,Bagmati,Bhaktapur,Female,05 Year,2663,2539,13,111,0,95.34,95.58,95.34,0.24
district,Bagmati,Bhaktapur,Female,06 Year,2883,2835,9,38,1,98.34,97.68,98.34,-0.66
district,Bagmati,Bhaktapur,Female,07 Year,2721,2687,2,32,0,98.75,98.65,98.75,-0.1
district,Bagmati,Bhaktapur,Female,08 Year,2620,2594,3,23,0,99.01,99.21,99.01,0.2
district,Bagmati,Bhaktapur,Female,09 Year,2766,2749,0,17,0,99.39,99.34,99.39,-0.05
district,Bagmati,Bhaktapur,Female,10 Year,2856,2833,0,22,1,99.19,99.38,99.19,0.19
district,Bagmati,Bhaktapur,Female,11 Year,2621,2608,0,13,0,99.5,99.58,99.5,0.08
district,Bagmati,Bhaktapur,Female,12 Year,3070,3053,0,17,0,99.45,99.04,99.45,-0.41
district,Bagmati,Bhaktapur,Female,13 Year,2908,2897,0,11,0,99.62,99.6,99.62,-0.02
district,Bagmati,Bhaktapur,Female,14 Year,2923,2913,0,10,0,99.66,99.25,99.66,-0.41
district,Bagmati,Bhaktapur,Female,15 Year,3123,3097,0,26,0,99.17,99.2,99.17,0.03
district,Bagmati,Bhaktapur,Female,16 - 19 Years,14258,14136,1,121,0,99.14,99.07,99.14,-0.07
district,Bagmati,Bhaktapur,Female,20 - 24 Years,21281,20891,0,390,0,98.17,98.71,98.17,0.54
district,Bagmati,Bhaktapur,Female,25 - 29 Years,22816,21898,8,910,0,95.98,97.94,95.98,1.96
district,Bagmati,Bhaktapur,Female,30 - 34 Years,21572,20011,25,1536,0,92.76,96.98,92.76,4.22
district,Bagmati,Bhaktapur,Female,35 - 39 Years,19351,17085,35,2231,0,88.29,96.2,88.29,7.91
district,Bagmati,Bhaktapur,Female,40 - 44 Years,16921,13816,40,3065,0,81.65,94.94,81.65,13.29
district,Bagmati,Bhaktapur,Female,45 - 49 Years,13063,9362,62,3638,1,71.67,92.61,71.67,20.94
district,Bagmati,Bhaktapur,Female,50 - 54 Years,11710,7030,60,4620,0,60.03,90.73,60.03,30.7
district,Bagmati,Bhaktapur,Female,55 - 59 Years,8176,3806,39,4331,0,46.55,85.15,46.55,38.6
district,Bagmati,Bhaktapur,Female,60 - 64 Years,6515,2432,46,4037,0,37.33,80.18,37.33,42.85
district,Bagmati,Bhaktapur,Female,65 - 69 Years,4940,1436,24,3480,0,29.07,75.02,29.07,45.95
district,Bagmati,Bhaktapur,Female,70 - 74 Years,3634,691,18,2925,0,19.01,67.88,19.01,48.87
district,Bagmati,Bhaktapur,Female,75+ Years,5383,711,26,4646,0,13.21,54.1,13.21,40.89
district,Bagmati,Lalitpur,Total,Total,521265,459140,938,61174,13,88.08,93.41,82.75,10.66
district,Bagmati,Lalitpur,Total,05 Year,7068,6614,43,410,1,93.58,93.42,93.76,-0.34
district,Bagmati,Lalitpur,Total,06 Year,7434,7205,24,205,0,96.92,97.4,96.38,1.02
district,Bagmati,Lalitpur,Total,07 Year,7059,6939,15,105,0,98.3,98.38,98.21,0.17
district,Bagmati,Lalitpur,Total,08 Year,7323,7235,12,76,0,98.8,98.66,98.96,-0.3
district,Bagmati,Lalitpur,Total,09 Year,7207,7147,6,54,0,99.17,99.18,99.15,0.03
district,Bagmati,Lalitpur,Total,10 Year,8025,7966,4,54,1,99.26,99.34,99.18,0.16
district,Bagmati,Lalitpur,Total,11 Year,7210,7160,1,49,0,99.31,99.24,99.39,-0.15
district,Bagmati,Lalitpur,Total,12 Year,8138,8088,4,46,0,99.39,99.35,99.42,-0.07
district,Bagmati,Lalitpur,Total,13 Year,8273,8221,0,52,0,99.37,99.21,99.55,-0.34
district,Bagmati,Lalitpur,Total,14 Year,8271,8211,2,58,0,99.27,99.22,99.33,-0.11
district,Bagmati,Lalitpur,Total,15 Year,9021,8947,0,74,0,99.18,99.23,99.13,0.1
district,Bagmati,Lalitpur,Total,16 - 19 Years,39996,39599,5,392,0,99.01,98.91,99.11,-0.2
district,Bagmati,Lalitpur,Total,20 - 24 Years,55426,54370,22,1032,2,98.09,98.29,97.89,0.4
district,Bagmati,Lalitpur,Total,25 - 29 Years,52999,51125,31,1841,2,96.46,97.38,95.6,1.78
district,Bagmati,Lalitpur,Total,30 - 34 Years,50048,47109,53,2885,1,94.13,96.32,92.06,4.26
district,Bagmati,Lalitpur,Total,35 - 39 Years,47121,42757,71,4292,1,90.74,94.83,87.02,7.81
district,Bagmati,Lalitpur,Total,40 - 44 Years,43961,38531,89,5340,1,87.65,93.22,82.28,10.94
district,Bagmati,Lalitpur,Total,45 - 49 Years,35106,29253,88,5765,0,83.33,91.75,74.85,16.9
district,Bagmati,Lalitpur,Total,50 - 54 Years,32707,25318,106,7283,0,77.41,89.14,64.98,24.16
district,Bagmati,Lalitpur,Total,55 - 59 Years,22721,16105,95,6520,1,70.88,85.19,56.08,29.11
district,Bagmati,Lalitpur,Total,60 - 64 Years,18521,11819,76,6626,0,63.81,80.29,47.93,32.36
district,Bagmati,Lalitpur,Total,65 - 69 Years,13766,8314,61,5389,2,60.4,78.8,43.16,35.64
district,Bagmati,Lalitpur,Total,70 - 74 Years,9994,5260,53,4681,0,52.63,73.42,34.57,38.85
district,Bagmati,Lalitpur,Total,75+ Years,13870,5847,77,7945,1,42.16,63.61,25.86,37.75
district,Bagmati,Lalitpur,Male,Total,260866,243668,343,16851,4,93.41,93.41,82.75,10.66
district,Bagmati,Lalitpur,Male,05 Year,3753,3506,22,225,0,93.42,93.42,93.76,-0.34
district,Bagmati,Lalitpur,Male,06 Year,3925,3823,13,89,0,97.4,97.4,96.38,1.02
district,Bagmati,Lalitpur,Male,07 Year,3767,3706,9,52,0,98.38,98.38,98.21,0.17
district,Bagmati,Lalitpur,Male,08 Year,3874,3822,8,44,0,98.66,98.66,98.96,-0.3
district,Bagmati,Lalitpur,Male,09 Year,3902,3870,4,28,0,99.18,99.18,99.15,0.03
district,Bagmati,Lalitpur,Male,10 Year,4381,4352,2,27,0,99.34,99.34,99.18,0.16
district,Bagmati,Lalitpur,Male,11 Year,3936,3906,1,29,0,99.24,99.24,99.39,-0.15
district,Bagmati,Lalitpur,Male,12 Year,4340,4312,2,26,0,99.35,99.35,99.42,-0.07
district,Bagmati,Lalitpur,Male,13 Year,4288,4254,0,34,0,99.21,99.21,99.55,-0.34
district,Bagmati,Lalitpur,Male,14 Year,4216,4183,1,32,0,99.22,99.22,99.33,-0.11
district,Bagmati,Lalitpur,Male,15 Year,4667,4631,0,36,0,99.23,99.23,99.13,0.1
district,Bagmati,Lalitpur,Male,16 - 19 Years,21051,20822,1,228,0,98.91,98.91,99.11,-0.2
district,Bagmati,Lalitpur,Male,20 - 24 Years,28268,27784,9,474,1,98.29,98.29,97.89,0.4
district,Bagmati,Lalitpur,Male,25 - 29 Years,25829,25151,11,665,2,97.38,97.38,95.6,1.78
district,Bagmati,Lalitpur,Male,30 - 34 Years,24305,23410,19,876,0,96.32,96.32,92.06,4.26
district,Bagmati,Lalitpur,Male,35 - 39 Years,22436,21277,24,1135,0,94.83,94.83,87.02,7.81
district,Bagmati,Lalitpur,Male,40 - 44 Years,21560,20099,40,1421,0,93.22,93.22,82.28,10.94
district,Bagmati,Lalitpur,Male,45 - 49 Years,17605,16153,25,1427,0,91.75,91.75,74.85,16.9
district,Bagmati,Lalitpur,Male,50 - 54 Years,16827,14999,31,1797,0,89.14,89.14,64.98,24.16
district,Bagmati,Lalitpur,Male,55 - 59 Years,11554,9843,24,1687,0,85.19,85.19,56.08,29.11
district,Bagmati,Lalitpur,Male,60 - 64 Years,9092,7300,21,1771,0,80.29,80.29,47.93,32.36
district,Bagmati,Lalitpur,Male,65 - 69 Years,6656,5245,20,1390,1,78.8,78.8,43.16,35.64
district,Bagmati,Lalitpur,Male,70 - 74 Years,4646,3411,18,1217,0,73.42,73.42,34.57,38.85
district,Bagmati,Lalitpur,Male,75+ Years,5988,3809,38,2141,0,63.61,63.61,25.86,37.75
district,Bagmati,Lalitpur,Female,Total,260399,215472,595,44323,9,82.75,93.41,82.75,10.66
district,Bagmati,Lalitpur,Female,05 Year,3315,3108,21,185,1,93.76,93.42,93.76,-0.34
district,Bagmati,Lalitpur,Female,06 Year,3509,3382,11,116,0,96.38,97.4,96.38,1.02
district,Bagmati,Lalitpur,Female,07 Year,3292,3233,6,53,0,98.21,98.38,98.21,0.17
district,Bagmati,Lalitpur,Female,08 Year,3449,3413,4,32,0,98.96,98.66,98.96,-0.3
district,Bagmati,Lalitpur,Female,09 Year,3305,3277,2,26,0,99.15,99.18,99.15,0.03
district,Bagmati,Lalitpur,Female,10 Year,3644,3614,2,27,1,99.18,99.34,99.18,0.16
district,Bagmati,Lalitpur,Female,11 Year,3274,3254,0,20,0,99.39,99.24,99.39,-0.15
district,Bagmati,Lalitpur,Female,12 Year,3798,3776,2,20,0,99.42,99.35,99.42,-0.07
district,Bagmati,Lalitpur,Female,13 Year,3985,3967,0,18,0,99.55,99.21,99.55,-0.34
district,Bagmati,Lalitpur,Female,14 Year,4055,4028,1,26,0,99.33,99.22,99.33,-0.11
district,Bagmati,Lalitpur,Female,15 Year,4354,4316,0,38,0,99.13,99.23,99.13,0.1
district,Bagmati,Lalitpur,Female,16 - 19 Years,18945,18777,4,164,0,99.11,98.91,99.11,-0.2
district,Bagmati,Lalitpur,Female,20 - 24 Years,27158,26586,13,558,1,97.89,98.29,97.89,0.4
district,Bagmati,Lalitpur,Female,25 - 29 Years,27170,25974,20,1176,0,95.6,97.38,95.6,1.78
district,Bagmati,Lalitpur,Female,30 - 34 Years,25743,23699,34,2009,1,92.06,96.32,92.06,4.26
district,Bagmati,Lalitpur,Female,35 - 39 Years,24685,21480,47,3157,1,87.02,94.83,87.02,7.81
district,Bagmati,Lalitpur,Female,40 - 44 Years,22401,18432,49,3919,1,82.28,93.22,82.28,10.94
district,Bagmati,Lalitpur,Female,45 - 49 Years,17501,13100,63,4338,0,74.85,91.75,74.85,16.9
district,Bagmati,Lalitpur,Female,50 - 54 Years,15880,10319,75,5486,0,64.98,89.14,64.98,24.16
district,Bagmati,Lalitpur,Female,55 - 59 Years,11167,6262,71,4833,1,56.08,85.19,56.08,29.11
district,Bagmati,Lalitpur,Female,60 - 64 Years,9429,4519,55,4855,0,47.93,80.29,47.93,32.36
district,Bagmati,Lalitpur,Female,65 - 69 Years,7110,3069,41,3999,1,43.16,78.8,43.16,35.64
district,Bagmati,Lalitpur,Female,70 - 74 Years,5348,1849,35,3464,0,34.57,73.42,34.57,38.85
district,Bagmati,Lalitpur,Female,75+ Years,7882,2038,39,5804,1,25.86,63.61,25.86,37.75
district,Bagmati,Kavrepalanchok,Total,Total,339440,256899,984,81552,5,75.68,84.14,67.6,16.54
district,Bagmati,Kavrepalanchok,Total,05 Year,5541,5064,32,443,2,91.39,90.52,92.38,-1.86
district,Bagmati,Kavrepalanchok,Total,06 Year,5607,5373,19,215,0,95.83,95.68,95.99,-0.31
district,Bagmati,Kavrepalanchok,Total,07 Year,4976,4841,12,123,0,97.29,97.0,97.6,-0.6
district,Bagmati,Kavrepalanchok,Total,08 Year,5548,5470,10,68,0,98.59,98.62,98.56,0.06
district,Bagmati,Kavrepalanchok,Total,09 Year,5607,5555,3,49,0,99.07,99.02,99.13,-0.11
district,Bagmati,Kavrepalanchok,Total,10 Year,5897,5860,1,36,0,99.37,99.39,99.36,0.03
district,Bagmati,Kavrepalanchok,Total,11 Year,5351,5313,2,36,0,99.29,99.22,99.36,-0.14
district,Bagmati,Kavrepalanchok,Total,12 Year,6249,6201,0,48,0,99.23,99.11,99.35,-0.24
district,Bagmati,Kavrepalanchok,Total,13 Year,6245,6194,1,50,0,99.18,99.22,99.15,0.07
district,Bagmati,Kavrepalanchok,Total,14 Year,6328,6273,3,52,0,99.13,98.97,99.29,-0.32
district,Bagmati,Kavrepalanchok,Total,15 Year,6753,6683,0,70,0,98.96,98.89,99.04,-0.15
district,Bagmati,Kavrepalanchok,Total,16 - 19 Years,26409,26036,3,370,0,98.59,98.44,98.73,-0.29
district,Bagmati,Kavrepalanchok,Total,20 - 24 Years,31811,30840,6,965,0,96.95,97.53,96.41,1.12
district,Bagmati,Kavrepalanchok,Total,25 - 29 Years,30844,29028,21,1795,0,94.11,96.1,92.26,3.84
district,Bagmati,Kavrepalanchok,Total,30 - 34 Years,28520,25469,41,3010,0,89.3,93.99,84.64,9.35
district,Bagmati,Kavrepalanchok,Total,35 - 39 Years,27554,22746,76,4731,1,82.55,91.55,73.55,18.0
district,Bagmati,Kavrepalanchok,Total,40 - 44 Years,24329,17296,105,6928,0,71.09,85.38,58.08,27.3
district,Bagmati,Kavrepalanchok,Total,45 - 49 Years,20924,12674,108,8142,0,60.57,78.85,44.41,34.44
district,Bagmati,Kavrepalanchok,Total,50 - 54 Years,21922,11144,113,10665,0,50.83,70.89,32.38,38.51
district,Bagmati,Kavrepalanchok,Total,55 - 59 Years,16860,7000,126,9734,0,41.52,62.47,21.8,40.67
district,Bagmati,Kavrepalanchok,Total,60 - 64 Years,15342,4970,112,10260,0,32.39,50.74,15.54,35.2
district,Bagmati,Kavrepalanchok,Total,65 - 69 Years,11168,3155,57,7954,2,28.25,45.93,12.02,33.91
district,Bagmati,Kavrepalanchok,Total,70 - 74 Years,8556,1862,62,6632,0,21.76,37.59,8.08,29.51
district,Bagmati,Kavrepalanchok,Total,75+ Years,11099,1852,71,9176,0,16.69,30.14,5.43,24.71
district,Bagmati,Kavrepalanchok,Male,Total,165867,139558,418,25889,2,84.14,84.14,67.6,16.54
district,Bagmati,Kavrepalanchok,Male,05 Year,2942,2663,21,257,1,90.52,90.52,92.38,-1.86
district,Bagmati,Kavrepalanchok,Male,06 Year,2964,2836,12,116,0,95.68,95.68,95.99,-0.31
district,Bagmati,Kavrepalanchok,Male,07 Year,2604,2526,7,71,0,97.0,97.0,97.6,-0.6
district,Bagmati,Kavrepalanchok,Male,08 Year,2905,2865,4,36,0,98.62,98.62,98.56,0.06
district,Bagmati,Kavrepalanchok,Male,09 Year,2855,2827,3,25,0,99.02,99.02,99.13,-0.11
district,Bagmati,Kavrepalanchok,Male,10 Year,3100,3081,1,18,0,99.39,99.39,99.36,0.03
district,Bagmati,Kavrepalanchok,Male,11 Year,2690,2669,2,19,0,99.22,99.22,99.36,-0.14
district,Bagmati,Kavrepalanchok,Male,12 Year,3161,3133,0,28,0,99.11,99.11,99.35,-0.24
district,Bagmati,Kavrepalanchok,Male,13 Year,3200,3175,0,25,0,99.22,99.22,99.15,0.07
district,Bagmati,Kavrepalanchok,Male,14 Year,3100,3068,3,29,0,98.97,98.97,99.29,-0.32
district,Bagmati,Kavrepalanchok,Male,15 Year,3323,3286,0,37,0,98.89,98.89,99.04,-0.15
district,Bagmati,Kavrepalanchok,Male,16 - 19 Years,13089,12885,2,202,0,98.44,98.44,98.73,-0.29
district,Bagmati,Kavrepalanchok,Male,20 - 24 Years,15246,14869,3,374,0,97.53,97.53,96.41,1.12
district,Bagmati,Kavrepalanchok,Male,25 - 29 Years,14881,14300,6,575,0,96.1,96.1,92.26,3.84
district,Bagmati,Kavrepalanchok,Male,30 - 34 Years,14220,13366,12,842,0,93.99,93.99,84.64,9.35
district,Bagmati,Kavrepalanchok,Male,35 - 39 Years,13778,12614,18,1145,1,91.55,91.55,73.55,18.0
district,Bagmati,Kavrepalanchok,Male,40 - 44 Years,11597,9901,28,1668,0,85.38,85.38,58.08,27.3
district,Bagmati,Kavrepalanchok,Male,45 - 49 Years,9820,7743,35,2042,0,78.85,78.85,44.41,34.44
district,Bagmati,Kavrepalanchok,Male,50 - 54 Years,10507,7448,31,3028,0,70.89,70.89,32.38,38.51
district,Bagmati,Kavrepalanchok,Male,55 - 59 Years,8173,5106,56,3011,0,62.47,62.47,21.8,40.67
district,Bagmati,Kavrepalanchok,Male,60 - 64 Years,7345,3727,56,3562,0,50.74,50.74,15.54,35.2
district,Bagmati,Kavrepalanchok,Male,65 - 69 Years,5345,2455,28,2862,0,45.93,45.93,12.02,33.91
district,Bagmati,Kavrepalanchok,Male,70 - 74 Years,3966,1491,40,2435,0,37.59,37.59,8.08,29.51
district,Bagmati,Kavrepalanchok,Male,75+ Years,5056,1524,50,3482,0,30.14,30.14,5.43,24.71
district,Bagmati,Kavrepalanchok,Female,Total,173573,117341,566,55663,3,67.6,84.14,67.6,16.54
district,Bagmati,Kavrepalanchok,Female,05 Year,2599,2401,11,186,1,92.38,90.52,92.38,-1.86
district,Bagmati,Kavrepalanchok,Female,06 Year,2643,2537,7,99,0,95.99,95.68,95.99,-0.31
district,Bagmati,Kavrepalanchok,Female,07 Year,2372,2315,5,52,0,97.6,97.0,97.6,-0.6
district,Bagmati,Kavrepalanchok,Female,08 Year,2643,2605,6,32,0,98.56,98.62,98.56,0.06
district,Bagmati,Kavrepalanchok,Female,09 Year,2752,2728,0,24,0,99.13,99.02,99.13,-0.11
district,Bagmati,Kavrepalanchok,Female,10 Year,2797,2779,0,18,0,99.36,99.39,99.36,0.03
district,Bagmati,Kavrepalanchok,Female,11 Year,2661,2644,0,17,0,99.36,99.22,99.36,-0.14
district,Bagmati,Kavrepalanchok,Female,12 Year,3088,3068,0,20,0,99.35,99.11,99.35,-0.24
district,Bagmati,Kavrepalanchok,Female,13 Year,3045,3019,1,25,0,99.15,99.22,99.15,0.07
district,Bagmati,Kavrepalanchok,Female,14 Year,3228,3205,0,23,0,99.29,98.97,99.29,-0.32
district,Bagmati,Kavrepalanchok,Female,15 Year,3430,3397,0,33,0,99.04,98.89,99.04,-0.15
district,Bagmati,Kavrepalanchok,Female,16 - 19 Years,13320,13151,1,168,0,98.73,98.44,98.73,-0.29
district,Bagmati,Kavrepalanchok,Female,20 - 24 Years,16565,15971,3,591,0,96.41,97.53,96.41,1.12
district,Bagmati,Kavrepalanchok,Female,25 - 29 Years,15963,14728,15,1220,0,92.26,96.1,92.26,3.84
district,Bagmati,Kavrepalanchok,Female,30 - 34 Years,14300,12103,29,2168,0,84.64,93.99,84.64,9.35
district,Bagmati,Kavrepalanchok,Female,35 - 39 Years,13776,10132,58,3586,0,73.55,91.55,73.55,18.0
district,Bagmati,Kavrepalanchok,Female,40 - 44 Years,12732,7395,77,5260,0,58.08,85.38,58.08,27.3
district,Bagmati,Kavrepalanchok,Female,45 - 49 Years,11104,4931,73,6100,0,44.41,78.85,44.41,34.44
district,Bagmati,Kavrepalanchok,Female,50 - 54 Years,11415,3696,82,7637,0,32.38,70.89,32.38,38.51
district,Bagmati,Kavrepalanchok,Female,55 - 59 Years,8687,1894,70,6723,0,21.8,62.47,21.8,40.67
district,Bagmati,Kavrepalanchok,Female,60 - 64 Years,7997,1243,56,6698,0,15.54,50.74,15.54,35.2
district,Bagmati,Kavrepalanchok,Female,65 - 69 Years,5823,700,29,5092,2,12.02,45.93,12.02,33.91
district,Bagmati,Kavrepalanchok,Female,70 - 74 Years,4590,371,22,4197,0,8.08,37.59,8.08,29.51
district,Bagmati,Kavrepalanchok,Female,75+ Years,6043,328,21,5694,0,5.43,30.14,5.43,24.71
district,Bagmati,Ramechhap,Total,Total,159274,108500,556,50211,7,68.12,77.87,59.41,18.46
district,Bagmati,Ramechhap,Total,05 Year,2518,2266,13,237,2,89.99,90.38,89.57,0.81
district,Bagmati,Ramechhap,Total,06 Year,2634,2522,11,101,0,95.75,95.56,95.95,-0.39
district,Bagmati,Ramechhap,Total,07 Year,2365,2298,7,60,0,97.17,97.5,96.85,0.65
district,Bagmati,Ramechhap,Total,08 Year,2715,2669,4,42,0,98.31,97.77,98.83,-1.06
district,Bagmati,Ramechhap,Total,09 Year,2613,2580,3,30,0,98.74,98.46,99.01,-0.55
district,Bagmati,Ramechhap,Total,10 Year,3035,3009,0,26,0,99.14,98.99,99.29,-0.3
district,Bagmati,Ramechhap,Total,11 Year,2700,2676,0,24,0,99.11,99.01,99.21,-0.2
district,Bagmati,Ramechhap,Total,12 Year,3337,3307,0,30,0,99.1,98.98,99.22,-0.24
district,Bagmati,Ramechhap,Total,13 Year,3368,3332,0,36,0,98.93,99.19,98.7,0.49
district,Bagmati,Ramechhap,Total,14 Year,3582,3540,2,40,0,98.83,98.65,99.0,-0.35
district,Bagmati,Ramechhap,Total,15 Year,3789,3741,1,47,0,98.73,98.79,98.69,0.1
district,Bagmati,Ramechhap,Total,16 - 19 Years,12915,12684,6,225,0,98.21,98.02,98.39,-0.37
district,Bagmati,Ramechhap,Total,20 - 24 Years,14005,13514,5,485,1,96.49,96.82,96.22,0.6
district,Bagmati,Ramechhap,Total,25 - 29 Years,11960,11052,15,892,1,92.41,94.84,90.16,4.68
district,Bagmati,Ramechhap,Total,30 - 34 Years,10448,8682,33,1733,0,83.1,91.72,75.11,16.61
district,Bagmati,Ramechhap,Total,35 - 39 Years,10032,7170,65,2796,1,71.47,86.87,58.68,28.19
district,Bagmati,Ramechhap,Total,40 - 44 Years,9429,5626,54,3749,0,59.67,78.23,44.2,34.03
district,Bagmati,Ramechhap,Total,45 - 49 Years,9157,4450,67,4640,0,48.6,70.84,30.66,40.18
district,Bagmati,Ramechhap,Total,50 - 54 Years,10850,4373,81,6396,0,40.3,61.27,22.63,38.64
district,Bagmati,Ramechhap,Total,55 - 59 Years,9004,3046,53,5904,1,33.83,53.34,16.0,37.34
district,Bagmati,Ramechhap,Total,60 - 64 Years,8743,2404,59,6280,0,27.5,43.98,11.94,32.04
district,Bagmati,Ramechhap,Total,65 - 69 Years,7042,1653,29,5359,1,23.47,39.34,9.16,30.18
district,Bagmati,Ramechhap,Total,70 - 74 Years,5555,951,28,4576,0,17.12,32.51,4.69,27.82
district,Bagmati,Ramechhap,Total,75+ Years,7478,955,20,6503,0,12.77,24.17,3.86,20.31
district,Bagmati,Ramechhap,Male,Total,75154,58526,239,16386,3,77.87,77.87,59.41,18.46
district,Bagmati,Ramechhap,Male,05 Year,1300,1175,7,117,1,90.38,90.38,89.57,0.81
district,Bagmati,Ramechhap,Male,06 Year,1351,1291,4,56,0,95.56,95.56,95.95,-0.39
district,Bagmati,Ramechhap,Male,07 Year,1159,1130,3,26,0,97.5,97.5,96.85,0.65
district,Bagmati,Ramechhap,Male,08 Year,1346,1316,4,26,0,97.77,97.77,98.83,-1.06
district,Bagmati,Ramechhap,Male,09 Year,1301,1281,2,18,0,98.46,98.46,99.01,-0.55
district,Bagmati,Ramechhap,Male,10 Year,1486,1471,0,15,0,98.99,98.99,99.29,-0.3
district,Bagmati,Ramechhap,Male,11 Year,1311,1298,0,13,0,99.01,99.01,99.21,-0.2
district,Bagmati,Ramechhap,Male,12 Year,1662,1645,0,17,0,98.98,98.98,99.22,-0.24
district,Bagmati,Ramechhap,Male,13 Year,1600,1587,0,13,0,99.19,99.19,98.7,0.49
district,Bagmati,Ramechhap,Male,14 Year,1783,1759,2,22,0,98.65,98.65,99.0,-0.35
district,Bagmati,Ramechhap,Male,15 Year,1811,1789,0,22,0,98.79,98.79,98.69,0.1
district,Bagmati,Ramechhap,Male,16 - 19 Years,6273,6149,3,121,0,98.02,98.02,98.39,-0.37
district,Bagmati,Ramechhap,Male,20 - 24 Years,6470,6264,3,202,1,96.82,96.82,96.22,0.6
district,Bagmati,Ramechhap,Male,25 - 29 Years,5740,5444,5,291,0,94.84,94.84,90.16,4.68
district,Bagmati,Ramechhap,Male,30 - 34 Years,5024,4608,9,407,0,91.72,91.72,75.11,16.61
district,Bagmati,Ramechhap,Male,35 - 39 Years,4553,3955,14,584,0,86.87,86.87,58.68,28.19
district,Bagmati,Ramechhap,Male,40 - 44 Years,4286,3353,19,914,0,78.23,78.23,44.2,34.03
district,Bagmati,Ramechhap,Male,45 - 49 Years,4088,2896,25,1167,0,70.84,70.84,30.66,40.18
district,Bagmati,Ramechhap,Male,50 - 54 Years,4963,3041,46,1876,0,61.27,61.27,22.63,38.64
district,Bagmati,Ramechhap,Male,55 - 59 Years,4299,2293,22,1984,0,53.34,53.34,16.0,37.34
district,Bagmati,Ramechhap,Male,60 - 64 Years,4245,1867,25,2353,0,43.98,43.98,11.94,32.04
district,Bagmati,Ramechhap,Male,65 - 69 Years,3340,1314,17,2008,1,39.34,39.34,9.16,30.18
district,Bagmati,Ramechhap,Male,70 - 74 Years,2482,807,14,1661,0,32.51,32.51,4.69,27.82
district,Bagmati,Ramechhap,Male,75+ Years,3281,793,15,2473,0,24.17,24.17,3.86,20.31
district,Bagmati,Ramechhap,Female,Total,84120,49974,317,33825,4,59.41,77.87,59.41,18.46
district,Bagmati,Ramechhap,Female,05 Year,1218,1091,6,120,1,89.57,90.38,89.57,0.81
district,Bagmati,Ramechhap,Female,06 Year,1283,1231,7,45,0,95.95,95.56,95.95,-0.39
district,Bagmati,Ramechhap,Female,07 Year,1206,1168,4,34,0,96.85,97.5,96.85,0.65
district,Bagmati,Ramechhap,Female,08 Year,1369,1353,0,16,0,98.83,97.77,98.83,-1.06
district,Bagmati,Ramechhap,Female,09 Year,1312,1299,1,12,0,99.01,98.46,99.01,-0.55
district,Bagmati,Ramechhap,Female,10 Year,1549,1538,0,11,0,99.29,98.99,99.29,-0.3
district,Bagmati,Ramechhap,Female,11 Year,1389,1378,0,11,0,99.21,99.01,99.21,-0.2
district,Bagmati,Ramechhap,Female,12 Year,1675,1662,0,13,0,99.22,98.98,99.22,-0.24
district,Bagmati,Ramechhap,Female,13 Year,1768,1745,0,23,0,98.7,99.19,98.7,0.49
district,Bagmati,Ramechhap,Female,14 Year,1799,1781,0,18,0,99.0,98.65,99.0,-0.35
district,Bagmati,Ramechhap,Female,15 Year,1978,1952,1,25,0,98.69,98.79,98.69,0.1
district,Bagmati,Ramechhap,Female,16 - 19 Years,6642,6535,3,104,0,98.39,98.02,98.39,-0.37
district,Bagmati,Ramechhap,Female,20 - 24 Years,7535,7250,2,283,0,96.22,96.82,96.22,0.6
district,Bagmati,Ramechhap,Female,25 - 29 Years,6220,5608,10,601,1,90.16,94.84,90.16,4.68
district,Bagmati,Ramechhap,Female,30 - 34 Years,5424,4074,24,1326,0,75.11,91.72,75.11,16.61
district,Bagmati,Ramechhap,Female,35 - 39 Years,5479,3215,51,2212,1,58.68,86.87,58.68,28.19
district,Bagmati,Ramechhap,Female,40 - 44 Years,5143,2273,35,2835,0,44.2,78.23,44.2,34.03
district,Bagmati,Ramechhap,Female,45 - 49 Years,5069,1554,42,3473,0,30.66,70.84,30.66,40.18
district,Bagmati,Ramechhap,Female,50 - 54 Years,5887,1332,35,4520,0,22.63,61.27,22.63,38.64
district,Bagmati,Ramechhap,Female,55 - 59 Years,4705,753,31,3920,1,16.0,53.34,16.0,37.34
district,Bagmati,Ramechhap,Female,60 - 64 Years,4498,537,34,3927,0,11.94,43.98,11.94,32.04
district,Bagmati,Ramechhap,Female,65 - 69 Years,3702,339,12,3351,0,9.16,39.34,9.16,30.18
district,Bagmati,Ramechhap,Female,70 - 74 Years,3073,144,14,2915,0,4.69,32.51,4.69,27.82
district,Bagmati,Ramechhap,Female,75+ Years,4197,162,5,4030,0,3.86,24.17,3.86,20.31
district,Bagmati,Sindhuli,Total,Total,275899,200269,658,74931,41,72.59,80.03,65.5,14.53
district,Bagmati,Sindhuli,Total,05 Year,5376,4604,73,671,28,85.64,85.13,86.17,-1.04
district,Bagmati,Sindhuli,Total,06 Year,5612,5147,48,413,4,91.71,90.66,92.82,-2.16
district,Bagmati,Sindhuli,Total,07 Year,5191,4943,35,211,2,95.22,95.05,95.4,-0.35
district,Bagmati,Sindhuli,Total,08 Year,5616,5430,17,167,2,96.69,96.95,96.42,0.53
district,Bagmati,Sindhuli,Total,09 Year,5575,5450,7,116,2,97.76,97.87,97.64,0.23
district,Bagmati,Sindhuli,Total,10 Year,6236,6154,2,80,0,98.69,98.62,98.75,-0.13
district,Bagmati,Sindhuli,Total,11 Year,5497,5429,3,64,1,98.76,98.57,98.97,-0.4
district,Bagmati,Sindhuli,Total,12 Year,6694,6587,0,107,0,98.4,98.27,98.53,-0.26
district,Bagmati,Sindhuli,Total,13 Year,6572,6470,0,102,0,98.45,98.03,98.87,-0.84
district,Bagmati,Sindhuli,Total,14 Year,6848,6736,2,110,0,98.36,98.08,98.64,-0.56
district,Bagmati,Sindhuli,Total,15 Year,6727,6618,0,109,0,98.38,98.26,98.5,-0.24
district,Bagmati,Sindhuli,Total,16 - 19 Years,27011,26196,4,810,1,96.98,97.37,96.6,0.77
district,Bagmati,Sindhuli,Total,20 - 24 Years,29132,27320,7,1805,0,93.78,95.5,92.17,3.33
district,Bagmati,Sindhuli,Total,25 - 29 Years,23814,20801,22,2991,0,87.35,92.39,82.76,9.63
district,Bagmati,Sindhuli,Total,30 - 34 Years,20157,15536,38,4583,0,77.07,86.48,68.44,18.04
district,Bagmati,Sindhuli,Total,35 - 39 Years,19345,13117,55,6173,0,67.81,81.07,55.86,25.21
district,Bagmati,Sindhuli,Total,40 - 44 Years,16613,9801,55,6757,0,59.0,74.92,45.11,29.81
district,Bagmati,Sindhuli,Total,45 - 49 Years,14778,7144,58,7576,0,48.34,66.42,31.24,35.18
district,Bagmati,Sindhuli,Total,50 - 54 Years,15696,6347,56,9293,0,40.44,57.29,23.56,33.73
district,Bagmati,Sindhuli,Total,55 - 59 Years,11675,3856,49,7770,0,33.03,49.05,17.32,31.73
district,Bagmati,Sindhuli,Total,60 - 64 Years,10146,2714,46,7386,0,26.75,41.35,12.58,28.77
district,Bagmati,Sindhuli,Total,65 - 69 Years,8114,1835,27,6251,1,22.62,37.55,8.62,28.93
district,Bagmati,Sindhuli,Total,70 - 74 Years,6078,1070,21,4987,0,17.6,30.04,6.26,23.78
district,Bagmati,Sindhuli,Total,75+ Years,7396,964,33,6399,0,13.03,23.57,3.72,19.85
district,Bagmati,Sindhuli,Male,Total,134612,107732,285,26573,22,80.03,80.03,65.5,14.53
district,Bagmati,Sindhuli,Male,05 Year,2723,2318,44,346,15,85.13,85.13,86.17,-1.04
district,Bagmati,Sindhuli,Male,06 Year,2868,2600,27,239,2,90.66,90.66,92.82,-2.16
district,Bagmati,Sindhuli,Male,07 Year,2627,2497,18,110,2,95.05,95.05,95.4,-0.35
district,Bagmati,Sindhuli,Male,08 Year,2819,2733,10,75,1,96.95,96.95,96.42,0.53
district,Bagmati,Sindhuli,Male,09 Year,2822,2762,5,54,1,97.87,97.87,97.64,0.23
district,Bagmati,Sindhuli,Male,10 Year,3198,3154,0,44,0,98.62,98.62,98.75,-0.13
district,Bagmati,Sindhuli,Male,11 Year,2788,2748,1,38,1,98.57,98.57,98.97,-0.4
district,Bagmati,Sindhuli,Male,12 Year,3356,3298,0,58,0,98.27,98.27,98.53,-0.26
district,Bagmati,Sindhuli,Male,13 Year,3299,3234,0,65,0,98.03,98.03,98.87,-0.84
district,Bagmati,Sindhuli,Male,14 Year,3382,3317,2,63,0,98.08,98.08,98.64,-0.56
district,Bagmati,Sindhuli,Male,15 Year,3326,3268,0,58,0,98.26,98.26,98.5,-0.24
district,Bagmati,Sindhuli,Male,16 - 19 Years,13292,12943,2,347,0,97.37,97.37,96.6,0.77
district,Bagmati,Sindhuli,Male,20 - 24 Years,14106,13471,2,633,0,95.5,95.5,92.17,3.33
district,Bagmati,Sindhuli,Male,25 - 29 Years,11347,10483,7,857,0,92.39,92.39,82.76,9.63
district,Bagmati,Sindhuli,Male,30 - 34 Years,9647,8343,11,1293,0,86.48,86.48,68.44,18.04
district,Bagmati,Sindhuli,Male,35 - 39 Years,9165,7430,13,1722,0,81.07,81.07,55.86,25.21
district,Bagmati,Sindhuli,Male,40 - 44 Years,7739,5798,14,1927,0,74.92,74.92,45.11,29.81
district,Bagmati,Sindhuli,Male,45 - 49 Years,7185,4772,25,2388,0,66.42,66.42,31.24,35.18
district,Bagmati,Sindhuli,Male,50 - 54 Years,7853,4499,21,3333,0,57.29,57.29,23.56,33.73
district,Bagmati,Sindhuli,Male,55 - 59 Years,5780,2835,20,2925,0,49.05,49.05,17.32,31.73
district,Bagmati,Sindhuli,Male,60 - 64 Years,4996,2066,19,2911,0,41.35,41.35,12.58,28.77
district,Bagmati,Sindhuli,Male,65 - 69 Years,3925,1474,15,2436,0,37.55,37.55,8.62,28.93
district,Bagmati,Sindhuli,Male,70 - 74 Years,2899,871,12,2016,0,30.04,30.04,6.26,23.78
district,Bagmati,Sindhuli,Male,75+ Years,3470,818,17,2635,0,23.57,23.57,3.72,19.85
district,Bagmati,Sindhuli,Female,Total,141287,92537,373,48358,19,65.5,80.03,65.5,14.53
district,Bagmati,Sindhuli,Female,05 Year,2653,2286,29,325,13,86.17,85.13,86.17,-1.04
district,Bagmati,Sindhuli,Female,06 Year,2744,2547,21,174,2,92.82,90.66,92.82,-2.16
district,Bagmati,Sindhuli,Female,07 Year,2564,2446,17,101,0,95.4,95.05,95.4,-0.35
district,Bagmati,Sindhuli,Female,08 Year,2797,2697,7,92,1,96.42,96.95,96.42,0.53
district,Bagmati,Sindhuli,Female,09 Year,2753,2688,2,62,1,97.64,97.87,97.64,0.23
district,Bagmati,Sindhuli,Female,10 Year,3038,3000,2,36,0,98.75,98.62,98.75,-0.13
district,Bagmati,Sindhuli,Female,11 Year,2709,2681,2,26,0,98.97,98.57,98.97,-0.4
district,Bagmati,Sindhuli,Female,12 Year,3338,3289,0,49,0,98.53,98.27,98.53,-0.26
district,Bagmati,Sindhuli,Female,13 Year,3273,3236,0,37,0,98.87,98.03,98.87,-0.84
district,Bagmati,Sindhuli,Female,14 Year,3466,3419,0,47,0,98.64,98.08,98.64,-0.56
district,Bagmati,Sindhuli,Female,15 Year,3401,3350,0,51,0,98.5,98.26,98.5,-0.24
district,Bagmati,Sindhuli,Female,16 - 19 Years,13719,13253,2,463,1,96.6,97.37,96.6,0.77
district,Bagmati,Sindhuli,Female,20 - 24 Years,15026,13849,5,1172,0,92.17,95.5,92.17,3.33
district,Bagmati,Sindhuli,Female,25 - 29 Years,12467,10318,15,2134,0,82.76,92.39,82.76,9.63
district,Bagmati,Sindhuli,Female,30 - 34 Years,10510,7193,27,3290,0,68.44,86.48,68.44,18.04
district,Bagmati,Sindhuli,Female,35 - 39 Years,10180,5687,42,4451,0,55.86,81.07,55.86,25.21
district,Bagmati,Sindhuli,Female,40 - 44 Years,8874,4003,41,4830,0,45.11,74.92,45.11,29.81
district,Bagmati,Sindhuli,Female,45 - 49 Years,7593,2372,33,5188,0,31.24,66.42,31.24,35.18
district,Bagmati,Sindhuli,Female,50 - 54 Years,7843,1848,35,5960,0,23.56,57.29,23.56,33.73
district,Bagmati,Sindhuli,Female,55 - 59 Years,5895,1021,29,4845,0,17.32,49.05,17.32,31.73
district,Bagmati,Sindhuli,Female,60 - 64 Years,5150,648,27,4475,0,12.58,41.35,12.58,28.77
district,Bagmati,Sindhuli,Female,65 - 69 Years,4189,361,12,3815,1,8.62,37.55,8.62,28.93
district,Bagmati,Sindhuli,Female,70 - 74 Years,3179,199,9,2971,0,6.26,30.04,6.26,23.78
district,Bagmati,Sindhuli,Female,75+ Years,3926,146,16,3764,0,3.72,23.57,3.72,19.85
district,Bagmati,Makwanpur,Total,Total,429414,334161,1112,94136,5,77.82,84.0,71.63,12.37
district,Bagmati,Makwanpur,Total,05 Year,7963,7119,58,784,2,89.4,89.49,89.3,0.19
district,Bagmati,Makwanpur,Total,06 Year,8241,7687,55,499,0,93.28,92.94,93.65,-0.71
district,Bagmati,Makwanpur,Total,07 Year,7646,7315,27,304,0,95.67,95.69,95.65,0.04
district,Bagmati,Makwanpur,Total,08 Year,8106,7824,22,260,0,96.52,96.65,96.38,0.27
district,Bagmati,Makwanpur,Total,09 Year,8182,7977,15,190,0,97.49,97.38,97.61,-0.23
district,Bagmati,Makwanpur,Total,10 Year,8855,8664,11,180,0,97.84,97.9,97.78,0.12
district,Bagmati,Makwanpur,Total,11 Year,7568,7443,2,123,0,98.35,98.39,98.31,0.08
district,Bagmati,Makwanpur,Total,12 Year,9109,8921,4,184,0,97.94,97.64,98.25,-0.61
district,Bagmati,Makwanpur,Total,13 Year,8577,8424,3,150,0,98.22,98.04,98.4,-0.36
district,Bagmati,Makwanpur,Total,14 Year,8816,8639,2,175,0,97.99,97.77,98.21,-0.44
district,Bagmati,Makwanpur,Total,15 Year,9385,9161,0,224,0,97.61,97.46,97.77,-0.31
district,Bagmati,Makwanpur,Total,16 - 19 Years,37662,36546,13,1103,0,97.04,97.01,97.06,-0.05
district,Bagmati,Makwanpur,Total,20 - 24 Years,46592,44362,16,2213,1,95.21,95.94,94.49,1.45
district,Bagmati,Makwanpur,Total,25 - 29 Years,42602,39414,38,3150,0,92.52,94.22,90.86,3.36
district,Bagmati,Makwanpur,Total,30 - 34 Years,37635,32739,59,4837,0,86.99,91.55,82.48,9.07
district,Bagmati,Makwanpur,Total,35 - 39 Years,33886,27001,92,6792,1,79.68,87.55,71.66,15.89
district,Bagmati,Makwanpur,Total,40 - 44 Years,28771,19989,129,8653,0,69.48,81.45,57.7,23.75
district,Bagmati,Makwanpur,Total,45 - 49 Years,22868,13517,91,9260,0,59.11,74.14,44.68,29.46
district,Bagmati,Makwanpur,Total,50 - 54 Years,23443,11695,118,11629,1,49.89,65.84,34.08,31.76
district,Bagmati,Makwanpur,Total,55 - 59 Years,17372,7237,109,10026,0,41.66,58.06,25.04,33.02
district,Bagmati,Makwanpur,Total,60 - 64 Years,15373,5445,93,9835,0,35.42,52.09,18.56,33.53
district,Bagmati,Makwanpur,Total,65 - 69 Years,11673,3428,62,8183,0,29.37,45.39,13.56,31.83
district,Bagmati,Makwanpur,Total,70 - 74 Years,8236,1839,44,6353,0,22.33,37.43,8.83,28.6
district,Bagmati,Makwanpur,Total,75+ Years,10853,1775,49,9029,0,16.35,27.49,6.5,20.99
district,Bagmati,Makwanpur,Male,Total,214758,180405,491,33860,2,84.0,84.0,71.63,12.37
district,Bagmati,Makwanpur,Male,05 Year,4111,3679,34,397,1,89.49,89.49,89.3,0.19
district,Bagmati,Makwanpur,Male,06 Year,4306,4002,32,272,0,92.94,92.94,93.65,-0.71
district,Bagmati,Makwanpur,Male,07 Year,3923,3754,15,154,0,95.69,95.69,95.65,0.04
district,Bagmati,Makwanpur,Male,08 Year,4242,4100,12,130,0,96.65,96.65,96.38,0.27
district,Bagmati,Makwanpur,Male,09 Year,4165,4056,7,102,0,97.38,97.38,97.61,-0.23
district,Bagmati,Makwanpur,Male,10 Year,4570,4474,6,90,0,97.9,97.9,97.78,0.12
district,Bagmati,Makwanpur,Male,11 Year,3849,3787,0,62,0,98.39,98.39,98.31,0.08
district,Bagmati,Makwanpur,Male,12 Year,4705,4594,2,109,0,97.64,97.64,98.25,-0.61
district,Bagmati,Makwanpur,Male,13 Year,4275,4191,1,83,0,98.04,98.04,98.4,-0.36
district,Bagmati,Makwanpur,Male,14 Year,4357,4260,2,95,0,97.77,97.77,98.21,-0.44
district,Bagmati,Makwanpur,Male,15 Year,4719,4599,0,120,0,97.46,97.46,97.77,-0.31
district,Bagmati,Makwanpur,Male,16 - 19 Years,19124,18553,8,563,0,97.01,97.01,97.06,-0.05
district,Bagmati,Makwanpur,Male,20 - 24 Years,23224,22281,7,936,0,95.94,95.94,94.49,1.45
district,Bagmati,Makwanpur,Male,25 - 29 Years,20981,19769,17,1195,0,94.22,94.22,90.86,3.36
district,Bagmati,Makwanpur,Male,30 - 34 Years,18723,17141,19,1563,0,91.55,91.55,82.48,9.07
district,Bagmati,Makwanpur,Male,35 - 39 Years,17098,14970,35,2093,0,87.55,87.55,71.66,15.89
district,Bagmati,Makwanpur,Male,40 - 44 Years,14265,11619,41,2605,0,81.45,81.45,57.7,23.75
district,Bagmati,Makwanpur,Male,45 - 49 Years,11202,8305,32,2865,0,74.14,74.14,44.68,29.46
district,Bagmati,Makwanpur,Male,50 - 54 Years,11666,7681,46,3938,1,65.84,65.84,34.08,31.76
district,Bagmati,Makwanpur,Male,55 - 59 Years,8743,5076,41,3626,0,58.06,58.06,25.04,33.02
district,Bagmati,Makwanpur,Male,60 - 64 Years,7731,4027,40,3664,0,52.09,52.09,18.56,33.53
district,Bagmati,Makwanpur,Male,65 - 69 Years,5796,2631,35,3130,0,45.39,45.39,13.56,31.83
district,Bagmati,Makwanpur,Male,70 - 74 Years,3887,1455,23,2409,0,37.43,37.43,8.83,28.6
district,Bagmati,Makwanpur,Male,75+ Years,5096,1401,36,3659,0,27.49,27.49,6.5,20.99
district,Bagmati,Makwanpur,Female,Total,214656,153756,621,60276,3,71.63,84.0,71.63,12.37
district,Bagmati,Makwanpur,Female,05 Year,3852,3440,24,387,1,89.3,89.49,89.3,0.19
district,Bagmati,Makwanpur,Female,06 Year,3935,3685,23,227,0,93.65,92.94,93.65,-0.71
district,Bagmati,Makwanpur,Female,07 Year,3723,3561,12,150,0,95.65,95.69,95.65,0.04
district,Bagmati,Makwanpur,Female,08 Year,3864,3724,10,130,0,96.38,96.65,96.38,0.27
district,Bagmati,Makwanpur,Female,09 Year,4017,3921,8,88,0,97.61,97.38,97.61,-0.23
district,Bagmati,Makwanpur,Female,10 Year,4285,4190,5,90,0,97.78,97.9,97.78,0.12
district,Bagmati,Makwanpur,Female,11 Year,3719,3656,2,61,0,98.31,98.39,98.31,0.08
district,Bagmati,Makwanpur,Female,12 Year,4404,4327,2,75,0,98.25,97.64,98.25,-0.61
district,Bagmati,Makwanpur,Female,13 Year,4302,4233,2,67,0,98.4,98.04,98.4,-0.36
district,Bagmati,Makwanpur,Female,14 Year,4459,4379,0,80,0,98.21,97.77,98.21,-0.44
district,Bagmati,Makwanpur,Female,15 Year,4666,4562,0,104,0,97.77,97.46,97.77,-0.31
district,Bagmati,Makwanpur,Female,16 - 19 Years,18538,17993,5,540,0,97.06,97.01,97.06,-0.05
district,Bagmati,Makwanpur,Female,20 - 24 Years,23368,22081,9,1277,1,94.49,95.94,94.49,1.45
district,Bagmati,Makwanpur,Female,25 - 29 Years,21621,19645,21,1955,0,90.86,94.22,90.86,3.36
district,Bagmati,Makwanpur,Female,30 - 34 Years,18912,15598,40,3274,0,82.48,91.55,82.48,9.07
district,Bagmati,Makwanpur,Female,35 - 39 Years,16788,12031,57,4699,1,71.66,87.55,71.66,15.89
district,Bagmati,Makwanpur,Female,40 - 44 Years,14506,8370,88,6048,0,57.7,81.45,57.7,23.75
district,Bagmati,Makwanpur,Female,45 - 49 Years,11666,5212,59,6395,0,44.68,74.14,44.68,29.46
district,Bagmati,Makwanpur,Female,50 - 54 Years,11777,4014,72,7691,0,34.08,65.84,34.08,31.76
district,Bagmati,Makwanpur,Female,55 - 59 Years,8629,2161,68,6400,0,25.04,58.06,25.04,33.02
district,Bagmati,Makwanpur,Female,60 - 64 Years,7642,1418,53,6171,0,18.56,52.09,18.56,33.53
district,Bagmati,Makwanpur,Female,65 - 69 Years,5877,797,27,5053,0,13.56,45.39,13.56,31.83
district,Bagmati,Makwanpur,Female,70 - 74 Years,4349,384,21,3944,0,8.83,37.43,8.83,28.6
district,Bagmati,Makwanpur,Female,75+ Years,5757,374,13,5370,0,6.5,27.49,6.5,20.99
district,Bagmati,Chitawan,Total,Total,669392,560119,2188,107052,33,83.68,88.91,78.74,10.17
district,Bagmati,Chitawan,Total,05 Year,11342,10394,121,808,19,91.64,91.47,91.84,-0.37
district,Bagmati,Chitawan,Total,06 Year,11689,11215,68,404,2,95.94,96.22,95.63,0.59
district,Bagmati,Chitawan,Total,07 Year,11284,10995,29,260,0,97.44,97.45,97.43,0.02
district,Bagmati,Chitawan,Total,08 Year,11553,11354,13,186,0,98.28,98.28,98.27,0.01
district,Bagmati,Chitawan,Total,09 Year,11653,11510,4,139,0,98.77,98.9,98.62,0.28
district,Bagmati,Chitawan,Total,10 Year,12714,12561,5,146,2,98.8,98.83,98.76,0.07
district,Bagmati,Chitawan,Total,11 Year,10865,10752,0,113,0,98.96,98.74,99.21,-0.47
district,Bagmati,Chitawan,Total,12 Year,12302,12135,3,164,0,98.64,98.72,98.56,0.16
district,Bagmati,Chitawan,Total,13 Year,11694,11559,3,132,0,98.85,98.78,98.92,-0.14
district,Bagmati,Chitawan,Total,14 Year,12173,12026,1,146,0,98.79,98.66,98.93,-0.27
district,Bagmati,Chitawan,Total,15 Year,12572,12389,5,178,0,98.54,98.38,98.73,-0.35
district,Bagmati,Chitawan,Total,16 - 19 Years,56719,55632,14,1072,1,98.08,97.98,98.19,-0.21
district,Bagmati,Chitawan,Total,20 - 24 Years,70619,68541,28,2049,1,97.06,97.26,96.87,0.39
district,Bagmati,Chitawan,Total,25 - 29 Years,64683,61525,42,3115,1,95.12,95.73,94.62,1.11
district,Bagmati,Chitawan,Total,30 - 34 Years,57976,53546,76,4354,0,92.36,94.11,90.99,3.12
district,Bagmati,Chitawan,Total,35 - 39 Years,54991,48664,134,6192,1,88.49,92.41,85.39,7.02
district,Bagmati,Chitawan,Total,40 - 44 Years,49485,41508,199,7778,0,83.88,89.97,78.63,11.34
district,Bagmati,Chitawan,Total,45 - 49 Years,39767,30507,197,9063,0,76.71,86.66,67.59,19.07
district,Bagmati,Chitawan,Total,50 - 54 Years,39314,26484,326,12504,0,67.37,80.91,54.15,26.76
district,Bagmati,Chitawan,Total,55 - 59 Years,28684,16746,249,11689,0,58.38,74.75,41.69,33.06
district,Bagmati,Chitawan,Total,60 - 64 Years,24945,12475,235,12233,2,50.01,68.08,32.43,35.65
district,Bagmati,Chitawan,Total,65 - 69 Years,18954,8103,164,10686,1,42.75,62.08,24.27,37.81
district,Bagmati,Chitawan,Total,70 - 74 Years,14197,4658,109,9429,1,32.81,50.81,16.47,34.34
district,Bagmati,Chitawan,Total,75+ Years,19217,4840,163,14212,2,25.19,42.18,9.47,32.71
district,Bagmati,Chitawan,Male,Total,324729,288727,799,35190,13,88.91,88.91,78.74,10.17
district,Bagmati,Chitawan,Male,05 Year,6120,5598,66,447,9,91.47,91.47,91.84,-0.37
district,Bagmati,Chitawan,Male,06 Year,6271,6034,28,207,2,96.22,96.22,95.63,0.59
district,Bagmati,Chitawan,Male,07 Year,6077,5922,11,144,0,97.45,97.45,97.43,0.02
district,Bagmati,Chitawan,Male,08 Year,6286,6178,7,101,0,98.28,98.28,98.27,0.01
district,Bagmati,Chitawan,Male,09 Year,6295,6226,3,66,0,98.9,98.9,98.62,0.28
district,Bagmati,Chitawan,Male,10 Year,6825,6745,2,78,0,98.83,98.83,98.76,0.07
district,Bagmati,Chitawan,Male,11 Year,5778,5705,0,73,0,98.74,98.74,99.21,-0.47
district,Bagmati,Chitawan,Male,12 Year,6486,6403,3,80,0,98.72,98.72,98.56,0.16
district,Bagmati,Chitawan,Male,13 Year,6136,6061,2,73,0,98.78,98.78,98.92,-0.14
district,Bagmati,Chitawan,Male,14 Year,6353,6268,1,84,0,98.66,98.66,98.93,-0.27
district,Bagmati,Chitawan,Male,15 Year,6650,6542,3,105,0,98.38,98.38,98.73,-0.35
district,Bagmati,Chitawan,Male,16 - 19 Years,29302,28711,8,583,0,97.98,97.98,98.19,-0.21
district,Bagmati,Chitawan,Male,20 - 24 Years,33897,32969,15,912,1,97.26,97.26,96.87,0.39
district,Bagmati,Chitawan,Male,25 - 29 Years,29092,27849,19,1223,1,95.73,95.73,94.62,1.11
district,Bagmati,Chitawan,Male,30 - 34 Years,25464,23964,24,1476,0,94.11,94.11,90.99,3.12
district,Bagmati,Chitawan,Male,35 - 39 Years,24301,22457,38,1806,0,92.41,92.41,85.39,7.02
district,Bagmati,Chitawan,Male,40 - 44 Years,22913,20615,51,2247,0,89.97,89.97,78.63,11.34
district,Bagmati,Chitawan,Male,45 - 49 Years,19027,16489,41,2497,0,86.66,86.66,67.59,19.07
district,Bagmati,Chitawan,Male,50 - 54 Years,19420,15712,79,3629,0,80.91,80.91,54.15,26.76
district,Bagmati,Chitawan,Male,55 - 59 Years,14483,10826,72,3585,0,74.75,74.75,41.69,33.06
district,Bagmati,Chitawan,Male,60 - 64 Years,12301,8375,100,3826,0,68.08,68.08,32.43,35.65
district,Bagmati,Chitawan,Male,65 - 69 Years,9266,5752,64,3450,0,62.08,62.08,24.27,37.81
district,Bagmati,Chitawan,Male,70 - 74 Years,6755,3432,57,3266,0,50.81,50.81,16.47,34.34
district,Bagmati,Chitawan,Male,75+ Years,9231,3894,105,5232,0,42.18,42.18,9.47,32.71
district,Bagmati,Chitawan,Female,Total,344663,271392,1389,71862,20,78.74,88.91,78.74,10.17
district,Bagmati,Chitawan,Female,05 Year,5222,4796,55,361,10,91.84,91.47,91.84,-0.37
district,Bagmati,Chitawan,Female,06 Year,5418,5181,40,197,0,95.63,96.22,95.63,0.59
district,Bagmati,Chitawan,Female,07 Year,5207,5073,18,116,0,97.43,97.45,97.43,0.02
district,Bagmati,Chitawan,Female,08 Year,5267,5176,6,85,0,98.27,98.28,98.27,0.01
district,Bagmati,Chitawan,Female,09 Year,5358,5284,1,73,0,98.62,98.9,98.62,0.28
district,Bagmati,Chitawan,Female,10 Year,5889,5816,3,68,2,98.76,98.83,98.76,0.07
district,Bagmati,Chitawan,Female,11 Year,5087,5047,0,40,0,99.21,98.74,99.21,-0.47
district,Bagmati,Chitawan,Female,12 Year,5816,5732,0,84,0,98.56,98.72,98.56,0.16
district,Bagmati,Chitawan,Female,13 Year,5558,5498,1,59,0,98.92,98.78,98.92,-0.14
district,Bagmati,Chitawan,Female,14 Year,5820,5758,0,62,0,98.93,98.66,98.93,-0.27
district,Bagmati,Chitawan,Female,15 Year,5922,5847,2,73,0,98.73,98.38,98.73,-0.35
district,Bagmati,Chitawan,Female,16 - 19 Years,27417,26921,6,489,1,98.19,97.98,98.19,-0.21
district,Bagmati,Chitawan,Female,20 - 24 Years,36722,35572,13,1137,0,96.87,97.26,96.87,0.39
district,Bagmati,Chitawan,Female,25 - 29 Years,35591,33676,23,1892,0,94.62,95.73,94.62,1.11
district,Bagmati,Chitawan,Female,30 - 34 Years,32512,29582,52,2878,0,90.99,94.11,90.99,3.12
district,Bagmati,Chitawan,Female,35 - 39 Years,30690,26207,96,4386,1,85.39,92.41,85.39,7.02
district,Bagmati,Chitawan,Female,40 - 44 Years,26572,20893,148,5531,0,78.63,89.97,78.63,11.34
district,Bagmati,Chitawan,Female,45 - 49 Years,20740,14018,156,6566,0,67.59,86.66,67.59,19.07
district,Bagmati,Chitawan,Female,50 - 54 Years,19894,10772,247,8875,0,54.15,80.91,54.15,26.76
district,Bagmati,Chitawan,Female,55 - 59 Years,14201,5920,177,8104,0,41.69,74.75,41.69,33.06
district,Bagmati,Chitawan,Female,60 - 64 Years,12644,4100,135,8407,2,32.43,68.08,32.43,35.65
district,Bagmati,Chitawan,Female,65 - 69 Years,9688,2351,100,7236,1,24.27,62.08,24.27,37.81
district,Bagmati,Chitawan,Female,70 - 74 Years,7442,1226,52,6163,1,16.47,50.81,16.47,34.34
district,Bagmati,Chitawan,Female,75+ Years,9986,946,58,8980,2,9.47,42.18,9.47,32.71
province,Gandaki,,Total,Total,2297497,1875910,18252,399642,3693,81.65,88.76,75.33,13.43
province,Gandaki,,Total,05 Year,39240,34505,770,3165,800,87.93,87.7,88.2,-0.5
province,Gandaki,,Total,06 Year,40989,38513,514,1705,257,93.96,93.84,94.09,-0.25
province,Gandaki,,Total,07 Year,39711,38485,305,794,127,96.91,96.83,97.01,-0.18
province,Gandaki,,Total,08 Year,41502,40702,189,517,94,98.07,97.99,98.16,-0.17
province,Gandaki,,Total,09 Year,40581,40075,105,311,90,98.75,98.71,98.8,-0.09
province,Gandaki,,Total,10 Year,43056,42696,30,263,67,99.16,99.11,99.22,-0.11
province,Gandaki,,Total,11 Year,40085,39810,20,205,50,99.31,99.29,99.34,-0.05
province,Gandaki,,Total,12 Year,44685,44390,17,225,53,99.34,99.3,99.38,-0.08
province,Gandaki,,Total,13 Year,44173,43886,15,234,38,99.35,99.28,99.42,-0.14
province,Gandaki,,Total,14 Year,45816,45496,16,272,32,99.3,99.21,99.4,-0.19
province,Gandaki,,Total,15 Year,47224,46863,20,298,43,99.24,99.17,99.3,-0.13
province,Gandaki,,Total,16 - 19 Years,189021,187131,79,1629,182,99.0,98.95,99.05,-0.1
province,Gandaki,,Total,20 - 24 Years,224870,220647,186,3812,225,98.12,98.3,97.97,0.33
province,Gandaki,,Total,25 - 29 Years,205009,197378,358,7038,235,96.28,97.24,95.54,1.7
province,Gandaki,,Total,30 - 34 Years,183622,171628,640,11206,148,93.47,95.88,91.61,4.27
province,Gandaki,,Total,35 - 39 Years,171335,153186,1072,16976,101,89.41,94.08,85.79,8.29
province,Gandaki,,Total,40 - 44 Years,152433,127926,1427,22956,124,83.92,91.69,77.85,13.84
province,Gandaki,,Total,45 - 49 Years,129993,98222,1722,29943,106,75.56,87.96,65.39,22.57
province,Gandaki,,Total,50 - 54 Years,135065,87997,2279,44665,124,65.15,82.64,49.88,32.76
province,Gandaki,,Total,55 - 59 Years,109980,59166,2258,48450,106,53.8,75.33,34.67,40.66
province,Gandaki,,Total,60 - 64 Years,102190,46185,2138,53718,149,45.2,67.5,25.54,41.96
province,Gandaki,,Total,65 - 69 Years,82040,32178,1592,48120,150,39.22,62.07,19.2,42.87
province,Gandaki,,Total,70 - 74 Years,63625,19690,1116,42668,151,30.95,53.19,12.2,40.99
province,Gandaki,,Total,75+ Years,81252,19155,1384,60472,241,23.57,41.86,7.44,34.42
province,Gandaki,,Male,Total,1080724,959289,6332,113407,1696,88.76,88.76,75.33,13.43
province,Gandaki,,Male,05 Year,20897,18326,438,1711,422,87.7,87.7,88.2,-0.5
province,Gandaki,,Male,06 Year,21672,20337,256,935,144,93.84,93.84,94.09,-0.25
province,Gandaki,,Male,07 Year,21206,20534,168,432,72,96.83,96.83,97.01,-0.18
province,Gandaki,,Male,08 Year,22064,21621,102,297,44,97.99,97.99,98.16,-0.17
province,Gandaki,,Male,09 Year,21486,21209,48,181,48,98.71,98.71,98.8,-0.09
province,Gandaki,,Male,10 Year,22570,22370,13,152,35,99.11,99.11,99.22,-0.11
province,Gandaki,,Male,11 Year,20884,20735,10,106,33,99.29,99.29,99.34,-0.05
province,Gandaki,,Male,12 Year,23118,22956,8,126,28,99.3,99.3,99.38,-0.08
province,Gandaki,,Male,13 Year,22617,22455,10,131,21,99.28,99.28,99.42,-0.14
province,Gandaki,,Male,14 Year,23585,23399,7,162,17,99.21,99.21,99.4,-0.19
province,Gandaki,,Male,15 Year,24077,23877,10,168,22,99.17,99.17,99.3,-0.13
province,Gandaki,,Male,16 - 19 Years,95550,94545,45,860,100,98.95,98.95,99.05,-0.1
province,Gandaki,,Male,20 - 24 Years,104438,102664,79,1589,106,98.3,98.3,97.97,0.33
province,Gandaki,,Male,25 - 29 Years,88570,86128,113,2216,113,97.24,97.24,95.54,1.7
province,Gandaki,,Male,30 - 34 Years,79759,76475,192,3020,72,95.88,95.88,91.61,4.27
province,Gandaki,,Male,35 - 39 Years,74724,70301,262,4121,40,94.08,94.08,85.79,8.29
province,Gandaki,,Male,40 - 44 Years,66888,61329,273,5237,49,91.69,91.69,77.85,13.84
province,Gandaki,,Male,45 - 49 Years,58568,51515,362,6637,54,87.96,87.96,65.39,22.57
province,Gandaki,,Male,50 - 54 Years,62964,52033,512,10375,44,82.64,82.64,49.88,32.76
province,Gandaki,,Male,55 - 59 Years,51726,38967,593,12133,33,75.33,75.33,34.67,40.66
province,Gandaki,,Male,60 - 64 Years,47867,32310,720,14797,40,67.5,67.5,25.54,41.96
province,Gandaki,,Male,65 - 69 Years,38318,23784,618,13870,46,62.07,62.07,19.2,42.87
province,Gandaki,,Male,70 - 74 Years,29097,15478,568,13015,36,53.19,53.19,12.2,40.99
province,Gandaki,,Male,75+ Years,38079,15941,925,21136,77,41.86,41.86,7.44,34.42
province,Gandaki,,Female,Total,1216773,916621,11920,286235,1997,75.33,88.76,75.33,13.43
province,Gandaki,,Female,05 Year,18343,16179,332,1454,378,88.2,87.7,88.2,-0.5
province,Gandaki,,Female,06 Year,19317,18176,258,770,113,94.09,93.84,94.09,-0.25
province,Gandaki,,Female,07 Year,18505,17951,137,362,55,97.01,96.83,97.01,-0.18
province,Gandaki,,Female,08 Year,19438,19081,87,220,50,98.16,97.99,98.16,-0.17
province,Gandaki,,Female,09 Year,19095,18866,57,130,42,98.8,98.71,98.8,-0.09
province,Gandaki,,Female,10 Year,20486,20326,17,111,32,99.22,99.11,99.22,-0.11
province,Gandaki,,Female,11 Year,19201,19075,10,99,17,99.34,99.29,99.34,-0.05
province,Gandaki,,Female,12 Year,21567,21434,9,99,25,99.38,99.3,99.38,-0.08
province,Gandaki,,Female,13 Year,21556,21431,5,103,17,99.42,99.28,99.42,-0.14
province,Gandaki,,Female,14 Year,22231,22097,9,110,15,99.4,99.21,99.4,-0.19
province,Gandaki,,Female,15 Year,23147,22986,10,130,21,99.3,99.17,99.3,-0.13
province,Gandaki,,Female,16 - 19 Years,93471,92586,34,769,82,99.05,98.95,99.05,-0.1
province,Gandaki,,Female,20 - 24 Years,120432,117983,107,2223,119,97.97,98.3,97.97,0.33
province,Gandaki,,Female,25 - 29 Years,116439,111250,245,4822,122,95.54,97.24,95.54,1.7
province,Gandaki,,Female,30 - 34 Years,103863,95153,448,8186,76,91.61,95.88,91.61,4.27
province,Gandaki,,Female,35 - 39 Years,96611,82885,810,12855,61,85.79,94.08,85.79,8.29
province,Gandaki,,Female,40 - 44 Years,85545,66597,1154,17719,75,77.85,91.69,77.85,13.84
province,Gandaki,,Female,45 - 49 Years,71425,46707,1360,23306,52,65.39,87.96,65.39,22.57
province,Gandaki,,Female,50 - 54 Years,72101,35964,1767,34290,80,49.88,82.64,49.88,32.76
province,Gandaki,,Female,55 - 59 Years,58254,20199,1665,36317,73,34.67,75.33,34.67,40.66
province,Gandaki,,Female,60 - 64 Years,54323,13875,1418,38921,109,25.54,67.5,25.54,41.96
province,Gandaki,,Female,65 - 69 Years,43722,8394,974,34250,104,19.2,62.07,19.2,42.87
province,Gandaki,,Female,70 - 74 Years,34528,4212,548,29653,115,12.2,53.19,12.2,40.99
province,Gandaki,,Female,75+ Years,43173,3214,459,39336,164,7.44,41.86,7.44,34.42
district,Gandaki,Gorkha,Total,Total,234195,169477,2803,61598,317,72.37,80.53,65.22,15.31
district,Gandaki,Gorkha,Total,05 Year,3778,3305,94,326,53,87.48,87.95,86.95,1.0
district,Gandaki,Gorkha,Total,06 Year,4150,3845,72,211,22,92.65,92.41,92.9,-0.49
district,Gandaki,Gorkha,Total,07 Year,3773,3632,42,92,7,96.26,96.37,96.15,0.22
district,Gandaki,Gorkha,Total,08 Year,3995,3899,16,75,5,97.6,97.6,97.59,0.01
district,Gandaki,Gorkha,Total,09 Year,3900,3825,13,58,4,98.08,98.31,97.85,0.46
district,Gandaki,Gorkha,Total,10 Year,4279,4214,5,51,9,98.48,98.49,98.47,0.02
district,Gandaki,Gorkha,Total,11 Year,4213,4179,3,27,4,99.19,99.27,99.1,0.17
district,Gandaki,Gorkha,Total,12 Year,4603,4554,3,35,11,98.94,98.79,99.08,-0.29
district,Gandaki,Gorkha,Total,13 Year,4565,4522,2,38,3,99.06,98.91,99.21,-0.3
district,Gandaki,Gorkha,Total,14 Year,4859,4816,3,37,3,99.12,99.3,98.94,0.36
district,Gandaki,Gorkha,Total,15 Year,4903,4839,5,52,7,98.69,98.69,98.7,-0.01
district,Gandaki,Gorkha,Total,16 - 19 Years,18035,17775,15,216,29,98.56,98.66,98.46,0.2
district,Gandaki,Gorkha,Total,20 - 24 Years,19666,19038,36,563,29,96.81,97.39,96.33,1.06
district,Gandaki,Gorkha,Total,25 - 29 Years,18550,17294,63,1176,17,93.23,95.59,91.36,4.23
district,Gandaki,Gorkha,Total,30 - 34 Years,16157,14106,108,1925,18,87.31,92.04,83.66,8.38
district,Gandaki,Gorkha,Total,35 - 39 Years,15557,12643,174,2727,13,81.27,89.04,75.25,13.79
district,Gandaki,Gorkha,Total,40 - 44 Years,14963,10980,241,3726,16,73.38,84.99,64.54,20.45
district,Gandaki,Gorkha,Total,45 - 49 Years,13090,8123,254,4707,6,62.06,77.54,50.06,27.48
district,Gandaki,Gorkha,Total,50 - 54 Years,15279,7951,376,6946,6,52.04,71.25,35.76,35.49
district,Gandaki,Gorkha,Total,55 - 59 Years,12943,5379,384,7171,9,41.56,62.92,22.55,40.37
district,Gandaki,Gorkha,Total,60 - 64 Years,12877,4140,332,8391,14,32.15,51.62,14.63,36.99
district,Gandaki,Gorkha,Total,65 - 69 Years,10582,2897,251,7425,9,27.38,44.63,11.16,33.47
district,Gandaki,Gorkha,Total,70 - 74 Years,8255,1778,147,6323,7,21.54,38.39,6.79,31.6
district,Gandaki,Gorkha,Total,75+ Years,11223,1743,164,9300,16,15.53,27.83,4.18,23.65
district,Gandaki,Gorkha,Male,Total,109347,88053,1052,20107,135,80.53,80.53,65.22,15.31
district,Gandaki,Gorkha,Male,05 Year,1992,1752,61,157,22,87.95,87.95,86.95,1.0
district,Gandaki,Gorkha,Male,06 Year,2095,1936,28,116,15,92.41,92.41,92.9,-0.49
district,Gandaki,Gorkha,Male,07 Year,1956,1885,23,44,4,96.37,96.37,96.15,0.22
district,Gandaki,Gorkha,Male,08 Year,2084,2034,6,41,3,97.6,97.6,97.59,0.01
district,Gandaki,Gorkha,Male,09 Year,1950,1917,4,28,1,98.31,98.31,97.85,0.46
district,Gandaki,Gorkha,Male,10 Year,2192,2159,1,26,6,98.49,98.49,98.47,0.02
district,Gandaki,Gorkha,Male,11 Year,2203,2187,1,13,2,99.27,99.27,99.1,0.17
district,Gandaki,Gorkha,Male,12 Year,2320,2292,2,18,8,98.79,98.79,99.08,-0.29
district,Gandaki,Gorkha,Male,13 Year,2288,2263,1,21,3,98.91,98.91,99.21,-0.3
district,Gandaki,Gorkha,Male,14 Year,2415,2398,0,16,1,99.3,99.3,98.94,0.36
district,Gandaki,Gorkha,Male,15 Year,2445,2413,3,25,4,98.69,98.69,98.7,-0.01
district,Gandaki,Gorkha,Male,16 - 19 Years,8830,8712,9,98,11,98.66,98.66,98.46,0.2
district,Gandaki,Gorkha,Male,20 - 24 Years,8827,8597,15,209,6,97.39,97.39,96.33,1.06
district,Gandaki,Gorkha,Male,25 - 29 Years,8187,7826,23,332,6,95.59,95.59,91.36,4.23
district,Gandaki,Gorkha,Male,30 - 34 Years,7027,6468,32,515,12,92.04,92.04,83.66,8.38
district,Gandaki,Gorkha,Male,35 - 39 Years,6790,6046,54,686,4,89.04,89.04,75.25,13.79
district,Gandaki,Gorkha,Male,40 - 44 Years,6468,5497,54,912,5,84.99,84.99,64.54,20.45
district,Gandaki,Gorkha,Male,45 - 49 Years,5713,4430,62,1218,3,77.54,77.54,50.06,27.48
district,Gandaki,Gorkha,Male,50 - 54 Years,7008,4993,93,1919,3,71.25,71.25,35.76,35.49
district,Gandaki,Gorkha,Male,55 - 59 Years,6093,3834,117,2141,1,62.92,62.92,22.55,40.37
district,Gandaki,Gorkha,Male,60 - 64 Years,6098,3148,133,2815,2,51.62,51.62,14.63,36.99
district,Gandaki,Gorkha,Male,65 - 69 Years,5127,2288,118,2718,3,44.63,44.63,11.16,33.47
district,Gandaki,Gorkha,Male,70 - 74 Years,3853,1479,85,2286,3,38.39,38.39,6.79,31.6
district,Gandaki,Gorkha,Male,75+ Years,5386,1499,127,3753,7,27.83,27.83,4.18,23.65
district,Gandaki,Gorkha,Female,Total,124848,81424,1751,41491,182,65.22,80.53,65.22,15.31
district,Gandaki,Gorkha,Female,05 Year,1786,1553,33,169,31,86.95,87.95,86.95,1.0
district,Gandaki,Gorkha,Female,06 Year,2055,1909,44,95,7,92.9,92.41,92.9,-0.49
district,Gandaki,Gorkha,Female,07 Year,1817,1747,19,48,3,96.15,96.37,96.15,0.22
district,Gandaki,Gorkha,Female,08 Year,1911,1865,10,34,2,97.59,97.6,97.59,0.01
district,Gandaki,Gorkha,Female,09 Year,1950,1908,9,30,3,97.85,98.31,97.85,0.46
district,Gandaki,Gorkha,Female,10 Year,2087,2055,4,25,3,98.47,98.49,98.47,0.02
district,Gandaki,Gorkha,Female,11 Year,2010,1992,2,14,2,99.1,99.27,99.1,0.17
district,Gandaki,Gorkha,Female,12 Year,2283,2262,1,17,3,99.08,98.79,99.08,-0.29
district,Gandaki,Gorkha,Female,13 Year,2277,2259,1,17,0,99.21,98.91,99.21,-0.3
district,Gandaki,Gorkha,Female,14 Year,2444,2418,3,21,2,98.94,99.3,98.94,0.36
district,Gandaki,Gorkha,Female,15 Year,2458,2426,2,27,3,98.7,98.69,98.7,-0.01
district,Gandaki,Gorkha,Female,16 - 19 Years,9205,9063,6,118,18,98.46,98.66,98.46,0.2
district,Gandaki,Gorkha,Female,20 - 24 Years,10839,10441,21,354,23,96.33,97.39,96.33,1.06
district,Gandaki,Gorkha,Female,25 - 29 Years,10363,9468,40,844,11,91.36,95.59,91.36,4.23
district,Gandaki,Gorkha,Female,30 - 34 Years,9130,7638,76,1410,6,83.66,92.04,83.66,8.38
district,Gandaki,Gorkha,Female,35 - 39 Years,8767,6597,120,2041,9,75.25,89.04,75.25,13.79
district,Gandaki,Gorkha,Female,40 - 44 Years,8495,5483,187,2814,11,64.54,84.99,64.54,20.45
district,Gandaki,Gorkha,Female,45 - 49 Years,7377,3693,192,3489,3,50.06,77.54,50.06,27.48
district,Gandaki,Gorkha,Female,50 - 54 Years,8271,2958,283,5027,3,35.76,71.25,35.76,35.49
district,Gandaki,Gorkha,Female,55 - 59 Years,6850,1545,267,5030,8,22.55,62.92,22.55,40.37
district,Gandaki,Gorkha,Female,60 - 64 Years,6779,992,199,5576,12,14.63,51.62,14.63,36.99
district,Gandaki,Gorkha,Female,65 - 69 Years,5455,609,133,4707,6,11.16,44.63,11.16,33.47
district,Gandaki,Gorkha,Female,70 - 74 Years,4402,299,62,4037,4,6.79,38.39,6.79,31.6
district,Gandaki,Gorkha,Female,75+ Years,5837,244,37,5547,9,4.18,27.83,4.18,23.65
district,Gandaki,Manang,Total,Total,5379,4215,143,1021,0,78.36,86.74,67.34,19.4
district,Gandaki,Manang,Total,05 Year,58,53,1,4,0,91.38,93.75,88.46,5.29
district,Gandaki,Manang,Total,06 Year,57,52,1,4,0,91.23,96.0,87.5,8.5
district,Gandaki,Manang,Total,07 Year,65,61,0,4,0,93.85,100.0,90.48,9.52
district,Gandaki,Manang,Total,08 Year,67,65,0,2,0,97.01,97.22,96.77,0.45
district,Gandaki,Manang,Total,09 Year,45,45,0,0,0,100.0,100.0,100.0,0.0
district,Gandaki,Manang,Total,10 Year,44,43,0,1,0,97.73,95.45,100.0,-4.55
district,Gandaki,Manang,Total,11 Year,58,58,0,0,0,100.0,100.0,100.0,0.0
district,Gandaki,Manang,Total,12 Year,62,62,0,0,0,100.0,100.0,100.0,0.0
district,Gandaki,Manang,Total,13 Year,54,53,0,1,0,98.15,96.0,100.0,-4.0
district,Gandaki,Manang,Total,14 Year,57,54,1,2,0,94.74,89.29,100.0,-10.71
district,Gandaki,Manang,Total,15 Year,57,57,0,0,0,100.0,100.0,100.0,0.0
district,Gandaki,Manang,Total,16 - 19 Years,242,240,1,1,0,99.17,100.0,98.15,1.85
district,Gandaki,Manang,Total,20 - 24 Years,522,515,0,7,0,98.66,98.77,98.48,0.29
district,Gandaki,Manang,Total,25 - 29 Years,650,626,4,20,0,96.31,97.09,94.94,2.15
district,Gandaki,Manang,Total,30 - 34 Years,636,590,8,38,0,92.77,95.88,87.0,8.88
district,Gandaki,Manang,Total,35 - 39 Years,545,493,7,45,0,90.46,93.99,83.24,10.75
district,Gandaki,Manang,Total,40 - 44 Years,440,340,14,86,0,77.27,87.9,63.54,24.36
district,Gandaki,Manang,Total,45 - 49 Years,355,259,22,74,0,72.96,80.95,63.86,17.09
district,Gandaki,Manang,Total,50 - 54 Years,327,186,18,123,0,56.88,73.06,33.58,39.48
district,Gandaki,Manang,Total,55 - 59 Years,274,144,24,106,0,52.55,71.74,33.09,38.65
district,Gandaki,Manang,Total,60 - 64 Years,219,84,15,120,0,38.36,54.37,24.14,30.23
district,Gandaki,Manang,Total,65 - 69 Years,218,68,17,133,0,31.19,47.92,18.03,29.89
district,Gandaki,Manang,Total,70 - 74 Years,152,37,7,108,0,24.34,40.32,13.33,26.99
district,Gandaki,Manang,Total,75+ Years,175,30,3,142,0,17.14,33.33,5.0,28.33
district,Gandaki,Manang,Male,Total,3055,2650,66,339,0,86.74,86.74,67.34,19.4
district,Gandaki,Manang,Male,05 Year,32,30,0,2,0,93.75,93.75,88.46,5.29
district,Gandaki,Manang,Male,06 Year,25,24,0,1,0,96.0,96.0,87.5,8.5
district,Gandaki,Manang,Male,07 Year,23,23,0,0,0,100.0,100.0,90.48,9.52
district,Gandaki,Manang,Male,08 Year,36,35,0,1,0,97.22,97.22,96.77,0.45
district,Gandaki,Manang,Male,09 Year,25,25,0,0,0,100.0,100.0,100.0,0.0
district,Gandaki,Manang,Male,10 Year,22,21,0,1,0,95.45,95.45,100.0,-4.55
district,Gandaki,Manang,Male,11 Year,29,29,0,0,0,100.0,100.0,100.0,0.0
district,Gandaki,Manang,Male,12 Year,27,27,0,0,0,100.0,100.0,100.0,0.0
district,Gandaki,Manang,Male,13 Year,25,24,0,1,0,96.0,96.0,100.0,-4.0
district,Gandaki,Manang,Male,14 Year,28,25,1,2,0,89.29,89.29,100.0,-10.71
district,Gandaki,Manang,Male,15 Year,29,29,0,0,0,100.0,100.0,100.0,0.0
district,Gandaki,Manang,Male,16 - 19 Years,134,134,0,0,0,100.0,100.0,98.15,1.85
district,Gandaki,Manang,Male,20 - 24 Years,324,320,0,4,0,98.77,98.77,98.48,0.29
district,Gandaki,Manang,Male,25 - 29 Years,413,401,2,10,0,97.09,97.09,94.94,2.15
district,Gandaki,Manang,Male,30 - 34 Years,413,396,6,11,0,95.88,95.88,87.0,8.88
district,Gandaki,Manang,Male,35 - 39 Years,366,344,2,20,0,93.99,93.99,83.24,10.75
district,Gandaki,Manang,Male,40 - 44 Years,248,218,4,26,0,87.9,87.9,63.54,24.36
district,Gandaki,Manang,Male,45 - 49 Years,189,153,8,28,0,80.95,80.95,63.86,17.09
district,Gandaki,Manang,Male,50 - 54 Years,193,141,9,43,0,73.06,73.06,33.58,39.48
district,Gandaki,Manang,Male,55 - 59 Years,138,99,10,29,0,71.74,71.74,33.09,38.65
district,Gandaki,Manang,Male,60 - 64 Years,103,56,9,38,0,54.37,54.37,24.14,30.23
district,Gandaki,Manang,Male,65 - 69 Years,96,46,9,41,0,47.92,47.92,18.03,29.89
district,Gandaki,Manang,Male,70 - 74 Years,62,25,3,34,0,40.32,40.32,13.33,26.99
district,Gandaki,Manang,Male,75+ Years,75,25,3,47,0,33.33,33.33,5.0,28.33
district,Gandaki,Manang,Female,Total,2324,1565,77,682,0,67.34,86.74,67.34,19.4
district,Gandaki,Manang,Female,05 Year,26,23,1,2,0,88.46,93.75,88.46,5.29
district,Gandaki,Manang,Female,06 Year,32,28,1,3,0,87.5,96.0,87.5,8.5
district,Gandaki,Manang,Female,07 Year,42,38,0,4,0,90.48,100.0,90.48,9.52
district,Gandaki,Manang,Female,08 Year,31,30,0,1,0,96.77,97.22,96.77,0.45
district,Gandaki,Manang,Female,09 Year,20,20,0,0,0,100.0,100.0,100.0,0.0
district,Gandaki,Manang,Female,10 Year,22,22,0,0,0,100.0,95.45,100.0,-4.55
district,Gandaki,Manang,Female,11 Year,29,29,0,0,0,100.0,100.0,100.0,0.0
district,Gandaki,Manang,Female,12 Year,35,35,0,0,0,100.0,100.0,100.0,0.0
district,Gandaki,Manang,Female,13 Year,29,29,0,0,0,100.0,96.0,100.0,-4.0
district,Gandaki,Manang,Female,14 Year,29,29,0,0,0,100.0,89.29,100.0,-10.71
district,Gandaki,Manang,Female,15 Year,28,28,0,0,0,100.0,100.0,100.0,0.0
district,Gandaki,Manang,Female,16 - 19 Years,108,106,1,1,0,98.15,100.0,98.15,1.85
district,Gandaki,Manang,Female,20 - 24 Years,198,195,0,3,0,98.48,98.77,98.48,0.29
district,Gandaki,Manang,Female,25 - 29 Years,237,225,2,10,0,94.94,97.09,94.94,2.15
district,Gandaki,Manang,Female,30 - 34 Years,223,194,2,27,0,87.0,95.88,87.0,8.88
district,Gandaki,Manang,Female,35 - 39 Years,179,149,5,25,0,83.24,93.99,83.24,10.75
district,Gandaki,Manang,Female,40 - 44 Years,192,122,10,60,0,63.54,87.9,63.54,24.36
district,Gandaki,Manang,Female,45 - 49 Years,166,106,14,46,0,63.86,80.95,63.86,17.09
district,Gandaki,Manang,Female,50 - 54 Years,134,45,9,80,0,33.58,73.06,33.58,39.48
district,Gandaki,Manang,Female,55 - 59 Years,136,45,14,77,0,33.09,71.74,33.09,38.65
district,Gandaki,Manang,Female,60 - 64 Years,116,28,6,82,0,24.14,54.37,24.14,30.23
district,Gandaki,Manang,Female,65 - 69 Years,122,22,8,92,0,18.03,47.92,18.03,29.89
district,Gandaki,Manang,Female,70 - 74 Years,90,12,4,74,0,13.33,40.32,13.33,26.99
district,Gandaki,Manang,Female,75+ Years,100,5,0,95,0,5.0,33.33,5.0,28.33
district,Gandaki,Mustang,Total,Total,13689,10274,241,3137,37,75.05,83.51,64.66,18.85
district,Gandaki,Mustang,Total,05 Year,215,173,2,31,9,80.47,80.91,80.0,0.91
district,Gandaki,Mustang,Total,06 Year,211,183,8,17,3,86.73,81.82,92.08,-10.26
district,Gandaki,Mustang,Total,07 Year,210,202,1,6,1,96.19,94.79,97.37,-2.58
district,Gandaki,Mustang,Total,08 Year,235,229,1,3,2,97.45,98.32,96.55,1.77
district,Gandaki,Mustang,Total,09 Year,221,219,0,0,2,99.1,99.2,98.96,0.24
district,Gandaki,Mustang,Total,10 Year,243,239,1,3,0,98.35,99.19,97.48,1.71
district,Gandaki,Mustang,Total,11 Year,248,246,0,2,0,99.19,100.0,98.4,1.6
district,Gandaki,Mustang,Total,12 Year,274,274,0,0,0,100.0,100.0,100.0,0.0
district,Gandaki,Mustang,Total,13 Year,271,265,0,4,2,97.79,98.7,96.58,2.12
district,Gandaki,Mustang,Total,14 Year,263,261,0,2,0,99.24,100.0,98.04,1.96
district,Gandaki,Mustang,Total,15 Year,292,288,0,3,1,98.63,97.73,100.0,-2.27
district,Gandaki,Mustang,Total,16 - 19 Years,930,912,3,14,1,98.06,98.29,97.77,0.52
district,Gandaki,Mustang,Total,20 - 24 Years,1218,1173,1,41,3,96.31,97.74,94.31,3.43
district,Gandaki,Mustang,Total,25 - 29 Years,1380,1274,8,97,1,92.32,96.55,86.79,9.76
district,Gandaki,Mustang,Total,30 - 34 Years,1302,1127,9,164,2,86.56,94.31,73.89,20.42
district,Gandaki,Mustang,Total,35 - 39 Years,1191,922,24,241,4,77.41,88.75,60.08,28.67
district,Gandaki,Mustang,Total,40 - 44 Years,958,665,28,265,0,69.42,81.12,55.58,25.54
district,Gandaki,Mustang,Total,45 - 49 Years,830,475,30,323,2,57.23,73.38,42.06,31.32
district,Gandaki,Mustang,Total,50 - 54 Years,791,424,25,342,0,53.6,67.67,36.84,30.83
district,Gandaki,Mustang,Total,55 - 59 Years,620,257,29,333,1,41.45,57.45,23.37,34.08
district,Gandaki,Mustang,Total,60 - 64 Years,562,178,29,355,0,31.67,48.74,15.09,33.65
district,Gandaki,Mustang,Total,65 - 69 Years,443,128,15,298,2,28.89,39.22,17.54,21.68
district,Gandaki,Mustang,Total,70 - 74 Years,331,75,19,236,1,22.66,33.12,12.87,20.25
district,Gandaki,Mustang,Total,75+ Years,450,85,8,357,0,18.89,33.66,6.53,27.13
district,Gandaki,Mustang,Male,Total,7548,6303,95,1129,21,83.51,83.51,64.66,18.85
district,Gandaki,Mustang,Male,05 Year,110,89,2,13,6,80.91,80.91,80.0,0.91
district,Gandaki,Mustang,Male,06 Year,110,90,4,13,3,81.82,81.82,92.08,-10.26
district,Gandaki,Mustang,Male,07 Year,96,91,0,4,1,94.79,94.79,97.37,-2.58
district,Gandaki,Mustang,Male,08 Year,119,117,1,1,0,98.32,98.32,96.55,1.77
district,Gandaki,Mustang,Male,09 Year,125,124,0,0,1,99.2,99.2,98.96,0.24
district,Gandaki,Mustang,Male,10 Year,124,123,0,1,0,99.19,99.19,97.48,1.71
district,Gandaki,Mustang,Male,11 Year,123,123,0,0,0,100.0,100.0,98.4,1.6
district,Gandaki,Mustang,Male,12 Year,151,151,0,0,0,100.0,100.0,100.0,0.0
district,Gandaki,Mustang,Male,13 Year,154,152,0,1,1,98.7,98.7,96.58,2.12
district,Gandaki,Mustang,Male,14 Year,161,161,0,0,0,100.0,100.0,98.04,1.96
district,Gandaki,Mustang,Male,15 Year,176,172,0,3,1,97.73,97.73,100.0,-2.27
district,Gandaki,Mustang,Male,16 - 19 Years,527,518,1,7,1,98.29,98.29,97.77,0.52
district,Gandaki,Mustang,Male,20 - 24 Years,708,692,1,13,2,97.74,97.74,94.31,3.43
district,Gandaki,Mustang,Male,25 - 29 Years,782,755,4,22,1,96.55,96.55,86.79,9.76
district,Gandaki,Mustang,Male,30 - 34 Years,808,762,5,40,1,94.31,94.31,73.89,20.42
district,Gandaki,Mustang,Male,35 - 39 Years,720,639,6,73,2,88.75,88.75,60.08,28.67
district,Gandaki,Mustang,Male,40 - 44 Years,519,421,11,87,0,81.12,81.12,55.58,25.54
district,Gandaki,Mustang,Male,45 - 49 Years,402,295,7,99,1,73.38,73.38,42.06,31.32
district,Gandaki,Mustang,Male,50 - 54 Years,430,291,10,129,0,67.67,67.67,36.84,30.83
district,Gandaki,Mustang,Male,55 - 59 Years,329,189,10,130,0,57.45,57.45,23.37,34.08
district,Gandaki,Mustang,Male,60 - 64 Years,277,135,10,132,0,48.74,48.74,15.09,33.65
district,Gandaki,Mustang,Male,65 - 69 Years,232,91,6,135,0,39.22,39.22,17.54,21.68
district,Gandaki,Mustang,Male,70 - 74 Years,160,53,12,95,0,33.12,33.12,12.87,20.25
district,Gandaki,Mustang,Male,75+ Years,205,69,5,131,0,33.66,33.66,6.53,27.13
district,Gandaki,Mustang,Female,Total,6141,3971,146,2008,16,64.66,83.51,64.66,18.85
district,Gandaki,Mustang,Female,05 Year,105,84,0,18,3,80.0,80.91,80.0,0.91
district,Gandaki,Mustang,Female,06 Year,101,93,4,4,0,92.08,81.82,92.08,-10.26
district,Gandaki,Mustang,Female,07 Year,114,111,1,2,0,97.37,94.79,97.37,-2.58
district,Gandaki,Mustang,Female,08 Year,116,112,0,2,2,96.55,98.32,96.55,1.77
district,Gandaki,Mustang,Female,09 Year,96,95,0,0,1,98.96,99.2,98.96,0.24
district,Gandaki,Mustang,Female,10 Year,119,116,1,2,0,97.48,99.19,97.48,1.71
district,Gandaki,Mustang,Female,11 Year,125,123,0,2,0,98.4,100.0,98.4,1.6
district,Gandaki,Mustang,Female,12 Year,123,123,0,0,0,100.0,100.0,100.0,0.0
district,Gandaki,Mustang,Female,13 Year,117,113,0,3,1,96.58,98.7,96.58,2.12
district,Gandaki,Mustang,Female,14 Year,102,100,0,2,0,98.04,100.0,98.04,1.96
district,Gandaki,Mustang,Female,15 Year,116,116,0,0,0,100.0,97.73,100.0,-2.27
district,Gandaki,Mustang,Female,16 - 19 Years,403,394,2,7,0,97.77,98.29,97.77,0.52
district,Gandaki,Mustang,Female,20 - 24 Years,510,481,0,28,1,94.31,97.74,94.31,3.43
district,Gandaki,Mustang,Female,25 - 29 Years,598,519,4,75,0,86.79,96.55,86.79,9.76
district,Gandaki,Mustang,Female,30 - 34 Years,494,365,4,124,1,73.89,94.31,73.89,20.42
district,Gandaki,Mustang,Female,35 - 39 Years,471,283,18,168,2,60.08,88.75,60.08,28.67
district,Gandaki,Mustang,Female,40 - 44 Years,439,244,17,178,0,55.58,81.12,55.58,25.54
district,Gandaki,Mustang,Female,45 - 49 Years,428,180,23,224,1,42.06,73.38,42.06,31.32
district,Gandaki,Mustang,Female,50 - 54 Years,361,133,15,213,0,36.84,67.67,36.84,30.83
district,Gandaki,Mustang,Female,55 - 59 Years,291,68,19,203,1,23.37,57.45,23.37,34.08
district,Gandaki,Mustang,Female,60 - 64 Years,285,43,19,223,0,15.09,48.74,15.09,33.65
district,Gandaki,Mustang,Female,65 - 69 Years,211,37,9,163,2,17.54,39.22,17.54,21.68
district,Gandaki,Mustang,Female,70 - 74 Years,171,22,7,141,1,12.87,33.12,12.87,20.25
district,Gandaki,Mustang,Female,75+ Years,245,16,3,226,0,6.53,33.66,6.53,27.13
district,Gandaki,Myagdi,Total,Total,99025,78918,422,19531,154,79.7,87.71,72.18,15.53
district,Gandaki,Myagdi,Total,05 Year,1822,1648,25,125,24,90.45,90.32,90.6,-0.28
district,Gandaki,Myagdi,Total,06 Year,1883,1793,15,67,8,95.22,95.08,95.37,-0.29
district,Gandaki,Myagdi,Total,07 Year,1892,1867,5,18,2,98.68,98.35,99.03,-0.68
district,Gandaki,Myagdi,Total,08 Year,1837,1813,4,20,0,98.69,98.54,98.86,-0.32
district,Gandaki,Myagdi,Total,09 Year,1950,1926,3,18,3,98.77,98.53,99.03,-0.5
district,Gandaki,Myagdi,Total,10 Year,1976,1960,0,16,0,99.19,98.9,99.49,-0.59
district,Gandaki,Myagdi,Total,11 Year,1976,1970,0,6,0,99.7,99.7,99.69,0.01
district,Gandaki,Myagdi,Total,12 Year,2112,2104,1,4,3,99.62,99.73,99.51,0.22
district,Gandaki,Myagdi,Total,13 Year,2054,2045,1,7,1,99.56,99.71,99.41,0.3
district,Gandaki,Myagdi,Total,14 Year,2073,2055,1,15,2,99.13,99.21,99.05,0.16
district,Gandaki,Myagdi,Total,15 Year,2132,2120,0,11,1,99.44,99.44,99.43,0.01
district,Gandaki,Myagdi,Total,16 - 19 Years,7815,7710,4,83,18,98.66,98.36,98.97,-0.61
district,Gandaki,Myagdi,Total,20 - 24 Years,9499,9335,6,139,19,98.27,98.47,98.07,0.4
district,Gandaki,Myagdi,Total,25 - 29 Years,8400,8086,7,293,14,96.26,97.69,94.97,2.72
district,Gandaki,Myagdi,Total,30 - 34 Years,7300,6828,13,445,14,93.53,96.02,91.26,4.76
district,Gandaki,Myagdi,Total,35 - 39 Years,6779,5971,28,774,6,88.08,93.86,83.02,10.84
district,Gandaki,Myagdi,Total,40 - 44 Years,6084,4949,37,1089,9,81.34,91.4,72.96,18.44
district,Gandaki,Myagdi,Total,45 - 49 Years,5276,3732,47,1493,4,70.74,86.1,57.59,28.51
district,Gandaki,Myagdi,Total,50 - 54 Years,5804,3521,48,2230,5,60.67,80.52,42.82,37.7
district,Gandaki,Myagdi,Total,55 - 59 Years,5087,2534,54,2493,6,49.81,70.9,30.84,40.06
district,Gandaki,Myagdi,Total,60 - 64 Years,4393,1906,36,2448,3,43.39,64.66,24.66,40.0
district,Gandaki,Myagdi,Total,65 - 69 Years,3664,1347,28,2284,5,36.76,59.75,16.93,42.82
district,Gandaki,Myagdi,Total,70 - 74 Years,3088,851,20,2215,2,27.56,48.36,10.86,37.5
district,Gandaki,Myagdi,Total,75+ Years,4129,847,39,3238,5,20.51,38.22,5.35,32.87
district,Gandaki,Myagdi,Male,Total,47933,42041,140,5666,86,87.71,87.71,72.18,15.53
district,Gandaki,Myagdi,Male,05 Year,950,858,8,69,15,90.32,90.32,90.6,-0.28
district,Gandaki,Myagdi,Male,06 Year,976,928,10,35,3,95.08,95.08,95.37,-0.29
district,Gandaki,Myagdi,Male,07 Year,967,951,2,13,1,98.35,98.35,99.03,-0.68
district,Gandaki,Myagdi,Male,08 Year,962,948,2,12,0,98.54,98.54,98.86,-0.32
district,Gandaki,Myagdi,Male,09 Year,1021,1006,2,12,1,98.53,98.53,99.03,-0.5
district,Gandaki,Myagdi,Male,10 Year,996,985,0,11,0,98.9,98.9,99.49,-0.59
district,Gandaki,Myagdi,Male,11 Year,1000,997,0,3,0,99.7,99.7,99.69,0.01
district,Gandaki,Myagdi,Male,12 Year,1093,1090,0,2,1,99.73,99.73,99.51,0.22
district,Gandaki,Myagdi,Male,13 Year,1038,1035,0,2,1,99.71,99.71,99.41,0.3
district,Gandaki,Myagdi,Male,14 Year,1015,1007,1,6,1,99.21,99.21,99.05,0.16
district,Gandaki,Myagdi,Male,15 Year,1077,1071,0,5,1,99.44,99.44,99.43,0.01
district,Gandaki,Myagdi,Male,16 - 19 Years,4032,3966,2,52,12,98.36,98.36,98.97,-0.61
district,Gandaki,Myagdi,Male,20 - 24 Years,4781,4708,1,59,13,98.47,98.47,98.07,0.4
district,Gandaki,Myagdi,Male,25 - 29 Years,3983,3891,1,84,7,97.69,97.69,94.97,2.72
district,Gandaki,Myagdi,Male,30 - 34 Years,3491,3352,3,127,9,96.02,96.02,91.26,4.76
district,Gandaki,Myagdi,Male,35 - 39 Years,3162,2968,9,184,1,93.86,93.86,83.02,10.84
district,Gandaki,Myagdi,Male,40 - 44 Years,2767,2529,3,230,5,91.4,91.4,72.96,18.44
district,Gandaki,Myagdi,Male,45 - 49 Years,2432,2094,7,327,4,86.1,86.1,57.59,28.51
district,Gandaki,Myagdi,Male,50 - 54 Years,2747,2212,11,521,3,80.52,80.52,42.82,37.7
district,Gandaki,Myagdi,Male,55 - 59 Years,2409,1708,15,683,3,70.9,70.9,30.84,40.06
district,Gandaki,Myagdi,Male,60 - 64 Years,2057,1330,13,713,1,64.66,64.66,24.66,40.0
district,Gandaki,Myagdi,Male,65 - 69 Years,1697,1014,10,672,1,59.75,59.75,16.93,42.82
district,Gandaki,Myagdi,Male,70 - 74 Years,1375,665,10,700,0,48.36,48.36,10.86,37.5
district,Gandaki,Myagdi,Male,75+ Years,1905,728,30,1144,3,38.22,38.22,5.35,32.87
district,Gandaki,Myagdi,Female,Total,51092,36877,282,13865,68,72.18,87.71,72.18,15.53
district,Gandaki,Myagdi,Female,05 Year,872,790,17,56,9,90.6,90.32,90.6,-0.28
district,Gandaki,Myagdi,Female,06 Year,907,865,5,32,5,95.37,95.08,95.37,-0.29
district,Gandaki,Myagdi,Female,07 Year,925,916,3,5,1,99.03,98.35,99.03,-0.68
district,Gandaki,Myagdi,Female,08 Year,875,865,2,8,0,98.86,98.54,98.86,-0.32
district,Gandaki,Myagdi,Female,09 Year,929,920,1,6,2,99.03,98.53,99.03,-0.5
district,Gandaki,Myagdi,Female,10 Year,980,975,0,5,0,99.49,98.9,99.49,-0.59
district,Gandaki,Myagdi,Female,11 Year,976,973,0,3,0,99.69,99.7,99.69,0.01
district,Gandaki,Myagdi,Female,12 Year,1019,1014,1,2,2,99.51,99.73,99.51,0.22
district,Gandaki,Myagdi,Female,13 Year,1016,1010,1,5,0,99.41,99.71,99.41,0.3
district,Gandaki,Myagdi,Female,14 Year,1058,1048,0,9,1,99.05,99.21,99.05,0.16
district,Gandaki,Myagdi,Female,15 Year,1055,1049,0,6,0,99.43,99.44,99.43,0.01
district,Gandaki,Myagdi,Female,16 - 19 Years,3783,3744,2,31,6,98.97,98.36,98.97,-0.61
district,Gandaki,Myagdi,Female,20 - 24 Years,4718,4627,5,80,6,98.07,98.47,98.07,0.4
district,Gandaki,Myagdi,Female,25 - 29 Years,4417,4195,6,209,7,94.97,97.69,94.97,2.72
district,Gandaki,Myagdi,Female,30 - 34 Years,3809,3476,10,318,5,91.26,96.02,91.26,4.76
district,Gandaki,Myagdi,Female,35 - 39 Years,3617,3003,19,590,5,83.02,93.86,83.02,10.84
district,Gandaki,Myagdi,Female,40 - 44 Years,3317,2420,34,859,4,72.96,91.4,72.96,18.44
district,Gandaki,Myagdi,Female,45 - 49 Years,2844,1638,40,1166,0,57.59,86.1,57.59,28.51
district,Gandaki,Myagdi,Female,50 - 54 Years,3057,1309,37,1709,2,42.82,80.52,42.82,37.7
district,Gandaki,Myagdi,Female,55 - 59 Years,2678,826,39,1810,3,30.84,70.9,30.84,40.06
district,Gandaki,Myagdi,Female,60 - 64 Years,2336,576,23,1735,2,24.66,64.66,24.66,40.0
district,Gandaki,Myagdi,Female,65 - 69 Years,1967,333,18,1612,4,16.93,59.75,16.93,42.82
district,Gandaki,Myagdi,Female,70 - 74 Years,1713,186,10,1515,2,10.86,48.36,10.86,37.5
district,Gandaki,Myagdi,Female,75+ Years,2224,119,9,2094,2,5.35,38.22,5.35,32.87
district,Gandaki,Kaski,Total,Total,562838,493776,3753,63972,1337,87.73,93.41,82.39,11.02
district,Gandaki,Kaski,Total,05 Year,8785,7798,146,578,263,88.76,89.04,88.44,0.6
district,Gandaki,Kaski,Total,06 Year,9362,8841,106,321,94,94.43,94.51,94.34,0.17
district,Gandaki,Kaski,Total,07 Year,9085,8843,36,145,61,97.34,97.14,97.57,-0.43
district,Gandaki,Kaski,Total,08 Year,9410,9247,36,93,34,98.27,98.13,98.44,-0.31
district,Gandaki,Kaski,Total,09 Year,9413,9319,13,49,32,99.0,99.0,99.0,0.0
district,Gandaki,Kaski,Total,10 Year,9848,9782,4,39,23,99.33,99.25,99.43,-0.18
district,Gandaki,Kaski,Total,11 Year,8988,8935,3,33,17,99.41,99.34,99.49,-0.15
district,Gandaki,Kaski,Total,12 Year,10139,10064,1,54,20,99.26,99.27,99.25,0.02
district,Gandaki,Kaski,Total,13 Year,9882,9841,2,26,13,99.59,99.58,99.59,-0.01
district,Gandaki,Kaski,Total,14 Year,10231,10168,1,51,11,99.38,99.22,99.56,-0.34
district,Gandaki,Kaski,Total,15 Year,10651,10588,2,45,16,99.41,99.33,99.49,-0.16
district,Gandaki,Kaski,Total,16 - 19 Years,48105,47731,15,292,67,99.22,99.12,99.33,-0.21
district,Gandaki,Kaski,Total,20 - 24 Years,62441,61535,35,789,82,98.55,98.5,98.6,-0.1
district,Gandaki,Kaski,Total,25 - 29 Years,55513,54055,74,1305,79,97.37,97.76,97.05,0.71
district,Gandaki,Kaski,Total,30 - 34 Years,50260,48092,142,1970,56,95.69,96.88,94.73,2.15
district,Gandaki,Kaski,Total,35 - 39 Years,47585,44467,203,2872,43,93.45,95.89,91.43,4.46
district,Gandaki,Kaski,Total,40 - 44 Years,41085,37122,279,3633,51,90.35,94.75,86.6,8.15
district,Gandaki,Kaski,Total,45 - 49 Years,32702,27938,312,4417,35,85.43,92.89,78.5,14.39
district,Gandaki,Kaski,Total,50 - 54 Years,30422,23572,438,6376,36,77.48,89.82,65.74,24.08
district,Gandaki,Kaski,Total,55 - 59 Years,23501,15552,482,7427,40,66.18,84.83,48.67,36.16
district,Gandaki,Kaski,Total,60 - 64 Years,21069,12211,489,8319,50,57.96,80.36,37.28,43.08
district,Gandaki,Kaski,Total,65 - 69 Years,15734,8055,344,7279,56,51.19,77.54,28.78,48.76
district,Gandaki,Kaski,Total,70 - 74 Years,12041,4904,240,6836,61,40.73,67.73,19.41,48.32
district,Gandaki,Kaski,Total,75+ Years,16586,5116,350,11023,97,30.85,56.17,11.34,44.83
district,Gandaki,Kaski,Male,Total,272702,254723,1151,16217,611,93.41,93.41,82.39,11.02
district,Gandaki,Kaski,Male,05 Year,4781,4257,80,305,139,89.04,89.04,88.44,0.6
district,Gandaki,Kaski,Male,06 Year,5102,4822,51,177,52,94.51,94.51,94.34,0.17
district,Gandaki,Kaski,Male,07 Year,4964,4822,26,85,31,97.14,97.14,97.57,-0.43
district,Gandaki,Kaski,Male,08 Year,5178,5081,25,53,19,98.13,98.13,98.44,-0.31
district,Gandaki,Kaski,Male,09 Year,5108,5057,5,29,17,99.0,99.0,99.0,0.0
district,Gandaki,Kaski,Male,10 Year,5307,5267,3,24,13,99.25,99.25,99.43,-0.18
district,Gandaki,Kaski,Male,11 Year,4866,4834,2,18,12,99.34,99.34,99.49,-0.15
district,Gandaki,Kaski,Male,12 Year,5322,5283,1,29,9,99.27,99.27,99.25,0.02
district,Gandaki,Kaski,Male,13 Year,5217,5195,1,12,9,99.58,99.58,99.59,-0.01
district,Gandaki,Kaski,Male,14 Year,5409,5367,1,37,4,99.22,99.22,99.56,-0.34
district,Gandaki,Kaski,Male,15 Year,5520,5483,1,29,7,99.33,99.33,99.49,-0.16
district,Gandaki,Kaski,Male,16 - 19 Years,25263,25041,6,178,38,99.12,99.12,99.33,-0.21
district,Gandaki,Kaski,Male,20 - 24 Years,30719,30257,20,398,44,98.5,98.5,98.6,-0.1
district,Gandaki,Kaski,Male,25 - 29 Years,25222,24657,21,505,39,97.76,97.76,97.05,0.71
district,Gandaki,Kaski,Male,30 - 34 Years,22427,21727,46,625,29,96.88,96.88,94.73,2.15
district,Gandaki,Kaski,Male,35 - 39 Years,21534,20648,58,809,19,95.89,95.89,91.43,4.46
district,Gandaki,Kaski,Male,40 - 44 Years,18925,17931,58,915,21,94.75,94.75,86.6,8.15
district,Gandaki,Kaski,Male,45 - 49 Years,15748,14629,73,1025,21,92.89,92.89,78.5,14.39
district,Gandaki,Kaski,Male,50 - 54 Years,14838,13327,86,1414,11,89.82,89.82,65.74,24.08
district,Gandaki,Kaski,Male,55 - 59 Years,11377,9651,90,1623,13,84.83,84.83,48.67,36.16
district,Gandaki,Kaski,Male,60 - 64 Years,10112,8126,115,1859,12,80.36,80.36,37.28,43.08
district,Gandaki,Kaski,Male,65 - 69 Years,7234,5609,101,1514,10,77.54,77.54,28.78,48.76
district,Gandaki,Kaski,Male,70 - 74 Years,5312,3598,90,1611,13,67.73,67.73,19.41,48.32
district,Gandaki,Kaski,Male,75+ Years,7217,4054,191,2943,29,56.17,56.17,11.34,44.83
district,Gandaki,Kaski,Female,Total,290136,239053,2602,47755,726,82.39,93.41,82.39,11.02
district,Gandaki,Kaski,Female,05 Year,4004,3541,66,273,124,88.44,89.04,88.44,0.6
district,Gandaki,Kaski,Female,06 Year,4260,4019,55,144,42,94.34,94.51,94.34,0.17
district,Gandaki,Kaski,Female,07 Year,4121,4021,10,60,30,97.57,97.14,97.57,-0.43
district,Gandaki,Kaski,Female,08 Year,4232,4166,11,40,15,98.44,98.13,98.44,-0.31
district,Gandaki,Kaski,Female,09 Year,4305,4262,8,20,15,99.0,99.0,99.0,0.0
district,Gandaki,Kaski,Female,10 Year,4541,4515,1,15,10,99.43,99.25,99.43,-0.18
district,Gandaki,Kaski,Female,11 Year,4122,4101,1,15,5,99.49,99.34,99.49,-0.15
district,Gandaki,Kaski,Female,12 Year,4817,4781,0,25,11,99.25,99.27,99.25,0.02
district,Gandaki,Kaski,Female,13 Year,4665,4646,1,14,4,99.59,99.58,99.59,-0.01
district,Gandaki,Kaski,Female,14 Year,4822,4801,0,14,7,99.56,99.22,99.56,-0.34
district,Gandaki,Kaski,Female,15 Year,5131,5105,1,16,9,99.49,99.33,99.49,-0.16
district,Gandaki,Kaski,Female,16 - 19 Years,22842,22690,9,114,29,99.33,99.12,99.33,-0.21
district,Gandaki,Kaski,Female,20 - 24 Years,31722,31278,15,391,38,98.6,98.5,98.6,-0.1
district,Gandaki,Kaski,Female,25 - 29 Years,30291,29398,53,800,40,97.05,97.76,97.05,0.71
district,Gandaki,Kaski,Female,30 - 34 Years,27833,26365,96,1345,27,94.73,96.88,94.73,2.15
district,Gandaki,Kaski,Female,35 - 39 Years,26051,23819,145,2063,24,91.43,95.89,91.43,4.46
district,Gandaki,Kaski,Female,40 - 44 Years,22160,19191,221,2718,30,86.6,94.75,86.6,8.15
district,Gandaki,Kaski,Female,45 - 49 Years,16954,13309,239,3392,14,78.5,92.89,78.5,14.39
district,Gandaki,Kaski,Female,50 - 54 Years,15584,10245,352,4962,25,65.74,89.82,65.74,24.08
district,Gandaki,Kaski,Female,55 - 59 Years,12124,5901,392,5804,27,48.67,84.83,48.67,36.16
district,Gandaki,Kaski,Female,60 - 64 Years,10957,4085,374,6460,38,37.28,80.36,37.28,43.08
district,Gandaki,Kaski,Female,65 - 69 Years,8500,2446,243,5765,46,28.78,77.54,28.78,48.76
district,Gandaki,Kaski,Female,70 - 74 Years,6729,1306,150,5225,48,19.41,67.73,19.41,48.32
district,Gandaki,Kaski,Female,75+ Years,9369,1062,159,8080,68,11.34,56.17,11.34,44.83
district,Gandaki,Lamjung,Total,Total,146546,113561,1252,31632,101,77.49,85.64,70.23,15.41
district,Gandaki,Lamjung,Total,05 Year,2276,2095,27,140,14,92.05,90.89,93.33,-2.44
district,Gandaki,Lamjung,Total,06 Year,2352,2246,30,71,5,95.49,95.03,96.02,-0.99
district,Gandaki,Lamjung,Total,07 Year,2217,2160,18,38,1,97.43,96.87,98.03,-1.16
district,Gandaki,Lamjung,Total,08 Year,2413,2357,17,34,5,97.68,97.33,98.07,-0.74
district,Gandaki,Lamjung,Total,09 Year,2372,2345,10,15,2,98.86,98.6,99.14,-0.54
district,Gandaki,Lamjung,Total,10 Year,2562,2544,4,10,4,99.3,99.17,99.44,-0.27
district,Gandaki,Lamjung,Total,11 Year,2360,2343,1,15,1,99.28,99.25,99.31,-0.06
district,Gandaki,Lamjung,Total,12 Year,2801,2788,1,11,1,99.54,99.42,99.65,-0.23
district,Gandaki,Lamjung,Total,13 Year,2839,2821,0,17,1,99.37,99.28,99.44,-0.16
district,Gandaki,Lamjung,Total,14 Year,2928,2906,1,19,2,99.25,99.27,99.23,0.04
district,Gandaki,Lamjung,Total,15 Year,2985,2962,1,22,0,99.23,98.88,99.59,-0.71
district,Gandaki,Lamjung,Total,16 - 19 Years,10719,10593,6,115,5,98.82,98.91,98.73,0.18
district,Gandaki,Lamjung,Total,20 - 24 Years,12964,12697,13,246,8,97.94,98.05,97.85,0.2
district,Gandaki,Lamjung,Total,25 - 29 Years,12106,11639,19,435,13,96.14,97.28,95.23,2.05
district,Gandaki,Lamjung,Total,30 - 34 Years,10688,9966,53,666,3,93.24,95.29,91.65,3.64
district,Gandaki,Lamjung,Total,35 - 39 Years,10348,9123,70,1148,7,88.16,93.9,83.75,10.15
district,Gandaki,Lamjung,Total,40 - 44 Years,8860,7138,95,1622,5,80.56,90.0,73.15,16.85
district,Gandaki,Lamjung,Total,45 - 49 Years,8306,5920,120,2265,1,71.27,85.16,60.19,24.97
district,Gandaki,Lamjung,Total,50 - 54 Years,9830,6050,161,3615,4,61.55,80.15,45.82,34.33
district,Gandaki,Lamjung,Total,55 - 59 Years,8507,4307,154,4043,3,50.63,71.78,31.25,40.53
district,Gandaki,Lamjung,Total,60 - 64 Years,7983,3291,160,4528,4,41.23,63.86,20.98,42.88
district,Gandaki,Lamjung,Total,65 - 69 Years,6520,2347,119,4050,4,36.0,57.23,17.16,40.07
district,Gandaki,Lamjung,Total,70 - 74 Years,5224,1476,84,3661,3,28.25,49.33,10.54,38.79
district,Gandaki,Lamjung,Total,75+ Years,6386,1447,88,4846,5,22.66,39.32,6.35,32.97
district,Gandaki,Lamjung,Male,Total,69073,59152,476,9398,47,85.64,85.64,70.23,15.41
district,Gandaki,Lamjung,Male,05 Year,1196,1087,16,86,7,90.89,90.89,93.33,-2.44
district,Gandaki,Lamjung,Male,06 Year,1247,1185,15,45,2,95.03,95.03,96.02,-0.99
district,Gandaki,Lamjung,Male,07 Year,1151,1115,10,25,1,96.87,96.87,98.03,-1.16
district,Gandaki,Lamjung,Male,08 Year,1274,1240,11,19,4,97.33,97.33,98.07,-0.74
district,Gandaki,Lamjung,Male,09 Year,1212,1195,7,9,1,98.6,98.6,99.14,-0.54
district,Gandaki,Lamjung,Male,10 Year,1323,1312,1,7,3,99.17,99.17,99.44,-0.27
district,Gandaki,Lamjung,Male,11 Year,1200,1191,0,8,1,99.25,99.25,99.31,-0.06
district,Gandaki,Lamjung,Male,12 Year,1374,1366,0,7,1,99.42,99.42,99.65,-0.23
district,Gandaki,Lamjung,Male,13 Year,1398,1388,0,10,0,99.28,99.28,99.44,-0.16
district,Gandaki,Lamjung,Male,14 Year,1498,1487,0,9,2,99.27,99.27,99.23,0.04
district,Gandaki,Lamjung,Male,15 Year,1524,1507,1,16,0,98.88,98.88,99.59,-0.71
district,Gandaki,Lamjung,Male,16 - 19 Years,5509,5449,1,58,1,98.91,98.91,98.73,0.18
district,Gandaki,Lamjung,Male,20 - 24 Years,6089,5970,7,110,2,98.05,98.05,97.85,0.2
district,Gandaki,Lamjung,Male,25 - 29 Years,5371,5225,4,137,5,97.28,97.28,95.23,2.05
district,Gandaki,Lamjung,Male,30 - 34 Years,4675,4455,16,201,3,95.29,95.29,91.65,3.64
district,Gandaki,Lamjung,Male,35 - 39 Years,4495,4221,19,252,3,93.9,93.9,83.75,10.15
district,Gandaki,Lamjung,Male,40 - 44 Years,3900,3510,18,369,3,90.0,90.0,73.15,16.85
district,Gandaki,Lamjung,Male,45 - 49 Years,3687,3140,32,514,1,85.16,85.16,60.19,24.97
district,Gandaki,Lamjung,Male,50 - 54 Years,4503,3609,43,849,2,80.15,80.15,45.82,34.33
district,Gandaki,Lamjung,Male,55 - 59 Years,4068,2920,52,1095,1,71.78,71.78,31.25,40.53
district,Gandaki,Lamjung,Male,60 - 64 Years,3769,2407,66,1295,1,63.86,63.86,20.98,42.88
district,Gandaki,Lamjung,Male,65 - 69 Years,3065,1754,59,1251,1,57.23,57.23,17.16,40.07
district,Gandaki,Lamjung,Male,70 - 74 Years,2386,1177,45,1164,0,49.33,49.33,10.54,38.79
district,Gandaki,Lamjung,Male,75+ Years,3159,1242,53,1862,2,39.32,39.32,6.35,32.97
district,Gandaki,Lamjung,Female,Total,77473,54409,776,22234,54,70.23,85.64,70.23,15.41
district,Gandaki,Lamjung,Female,05 Year,1080,1008,11,54,7,93.33,90.89,93.33,-2.44
district,Gandaki,Lamjung,Female,06 Year,1105,1061,15,26,3,96.02,95.03,96.02,-0.99
district,Gandaki,Lamjung,Female,07 Year,1066,1045,8,13,0,98.03,96.87,98.03,-1.16
district,Gandaki,Lamjung,Female,08 Year,1139,1117,6,15,1,98.07,97.33,98.07,-0.74
district,Gandaki,Lamjung,Female,09 Year,1160,1150,3,6,1,99.14,98.6,99.14,-0.54
district,Gandaki,Lamjung,Female,10 Year,1239,1232,3,3,1,99.44,99.17,99.44,-0.27
district,Gandaki,Lamjung,Female,11 Year,1160,1152,1,7,0,99.31,99.25,99.31,-0.06
district,Gandaki,Lamjung,Female,12 Year,1427,1422,1,4,0,99.65,99.42,99.65,-0.23
district,Gandaki,Lamjung,Female,13 Year,1441,1433,0,7,1,99.44,99.28,99.44,-0.16
district,Gandaki,Lamjung,Female,14 Year,1430,1419,1,10,0,99.23,99.27,99.23,0.04
district,Gandaki,Lamjung,Female,15 Year,1461,1455,0,6,0,99.59,98.88,99.59,-0.71
district,Gandaki,Lamjung,Female,16 - 19 Years,5210,5144,5,57,4,98.73,98.91,98.73,0.18
district,Gandaki,Lamjung,Female,20 - 24 Years,6875,6727,6,136,6,97.85,98.05,97.85,0.2
district,Gandaki,Lamjung,Female,25 - 29 Years,6735,6414,15,298,8,95.23,97.28,95.23,2.05
district,Gandaki,Lamjung,Female,30 - 34 Years,6013,5511,37,465,0,91.65,95.29,91.65,3.64
district,Gandaki,Lamjung,Female,35 - 39 Years,5853,4902,51,896,4,83.75,93.9,83.75,10.15
district,Gandaki,Lamjung,Female,40 - 44 Years,4960,3628,77,1253,2,73.15,90.0,73.15,16.85
district,Gandaki,Lamjung,Female,45 - 49 Years,4619,2780,88,1751,0,60.19,85.16,60.19,24.97
district,Gandaki,Lamjung,Female,50 - 54 Years,5327,2441,118,2766,2,45.82,80.15,45.82,34.33
district,Gandaki,Lamjung,Female,55 - 59 Years,4439,1387,102,2948,2,31.25,71.78,31.25,40.53
district,Gandaki,Lamjung,Female,60 - 64 Years,4214,884,94,3233,3,20.98,63.86,20.98,42.88
district,Gandaki,Lamjung,Female,65 - 69 Years,3455,593,60,2799,3,17.16,57.23,17.16,40.07
district,Gandaki,Lamjung,Female,70 - 74 Years,2838,299,39,2497,3,10.54,49.33,10.54,38.79
district,Gandaki,Lamjung,Female,75+ Years,3227,205,35,2984,3,6.35,39.32,6.35,32.97
district,Gandaki,Tanahu,Total,Total,299248,244178,2048,52457,565,81.6,89.02,75.21,13.81
district,Gandaki,Tanahu,Total,05 Year,5026,4429,109,355,133,88.12,88.06,88.19,-0.13
district,Gandaki,Tanahu,Total,06 Year,5307,4991,72,205,39,94.05,93.78,94.34,-0.56
district,Gandaki,Tanahu,Total,07 Year,5174,5018,53,81,22,96.98,96.75,97.25,-0.5
district,Gandaki,Tanahu,Total,08 Year,5495,5390,22,72,11,98.09,97.74,98.48,-0.74
district,Gandaki,Tanahu,Total,09 Year,5403,5347,15,28,13,98.96,98.56,99.42,-0.86
district,Gandaki,Tanahu,Total,10 Year,5681,5639,3,33,6,99.26,99.06,99.46,-0.4
district,Gandaki,Tanahu,Total,11 Year,5398,5363,2,22,11,99.35,99.14,99.58,-0.44
district,Gandaki,Tanahu,Total,12 Year,5868,5828,4,27,9,99.32,99.32,99.31,0.01
district,Gandaki,Tanahu,Total,13 Year,5931,5898,2,30,1,99.44,99.29,99.6,-0.31
district,Gandaki,Tanahu,Total,14 Year,5994,5960,1,30,3,99.43,99.32,99.56,-0.24
district,Gandaki,Tanahu,Total,15 Year,6394,6348,1,39,6,99.28,99.21,99.35,-0.14
district,Gandaki,Tanahu,Total,16 - 19 Years,25100,24850,8,222,20,99.0,98.93,99.08,-0.15
district,Gandaki,Tanahu,Total,20 - 24 Years,28596,28106,14,453,23,98.29,98.33,98.25,0.08
district,Gandaki,Tanahu,Total,25 - 29 Years,26564,25677,32,823,32,96.66,97.28,96.22,1.06
district,Gandaki,Tanahu,Total,30 - 34 Years,23929,22493,62,1364,10,94.0,96.19,92.42,3.77
district,Gandaki,Tanahu,Total,35 - 39 Years,22085,19834,118,2124,9,89.81,94.57,86.39,8.18
district,Gandaki,Tanahu,Total,40 - 44 Years,19372,16290,138,2930,14,84.09,92.53,77.74,14.79
district,Gandaki,Tanahu,Total,45 - 49 Years,17128,12846,192,4065,25,75.0,89.48,63.59,25.89
district,Gandaki,Tanahu,Total,50 - 54 Years,17586,11172,268,6111,35,63.53,82.56,47.01,35.55
district,Gandaki,Tanahu,Total,55 - 59 Years,14515,7602,207,6689,17,52.37,75.78,31.44,44.34
district,Gandaki,Tanahu,Total,60 - 64 Years,13570,6062,245,7231,32,44.67,68.42,24.04,44.38
district,Gandaki,Tanahu,Total,65 - 69 Years,10918,4192,174,6526,26,38.4,61.77,17.6,44.17
district,Gandaki,Tanahu,Total,70 - 74 Years,8312,2522,146,5616,28,30.34,52.93,11.22,41.71
district,Gandaki,Tanahu,Total,75+ Years,9902,2321,160,7381,40,23.44,42.78,7.07,35.71
district,Gandaki,Tanahu,Male,Total,138447,123240,703,14263,241,89.02,89.02,75.21,13.81
district,Gandaki,Tanahu,Male,05 Year,2638,2323,60,191,64,88.06,88.06,88.19,-0.13
district,Gandaki,Tanahu,Male,06 Year,2799,2625,37,118,19,93.78,93.78,94.34,-0.56
district,Gandaki,Tanahu,Male,07 Year,2770,2680,34,44,12,96.75,96.75,97.25,-0.5
district,Gandaki,Tanahu,Male,08 Year,2922,2856,12,49,5,97.74,97.74,98.48,-0.74
district,Gandaki,Tanahu,Male,09 Year,2838,2797,10,20,11,98.56,98.56,99.42,-0.86
district,Gandaki,Tanahu,Male,10 Year,2885,2858,1,24,2,99.06,99.06,99.46,-0.4
district,Gandaki,Tanahu,Male,11 Year,2803,2779,1,13,10,99.14,99.14,99.58,-0.44
district,Gandaki,Tanahu,Male,12 Year,3106,3085,1,15,5,99.32,99.32,99.31,0.01
district,Gandaki,Tanahu,Male,13 Year,2953,2932,2,19,0,99.29,99.29,99.6,-0.31
district,Gandaki,Tanahu,Male,14 Year,3069,3048,1,19,1,99.32,99.32,99.56,-0.24
district,Gandaki,Tanahu,Male,15 Year,3174,3149,0,23,2,99.21,99.21,99.35,-0.14
district,Gandaki,Tanahu,Male,16 - 19 Years,12626,12491,6,117,12,98.93,98.93,99.08,-0.15
district,Gandaki,Tanahu,Male,20 - 24 Years,12881,12666,7,194,14,98.33,98.33,98.25,0.08
district,Gandaki,Tanahu,Male,25 - 29 Years,11044,10744,10,271,19,97.28,97.28,96.22,1.06
district,Gandaki,Tanahu,Male,30 - 34 Years,10021,9639,17,362,3,96.19,96.19,92.42,3.77
district,Gandaki,Tanahu,Male,35 - 39 Years,9224,8723,30,470,1,94.57,94.57,86.39,8.18
district,Gandaki,Tanahu,Male,40 - 44 Years,8323,7701,29,588,5,92.53,92.53,77.74,14.79
district,Gandaki,Tanahu,Male,45 - 49 Years,7549,6755,26,762,6,89.48,89.48,63.59,25.89
district,Gandaki,Tanahu,Male,50 - 54 Years,8171,6746,59,1355,11,82.56,82.56,47.01,35.55
district,Gandaki,Tanahu,Male,55 - 59 Years,6853,5193,52,1603,5,75.78,75.78,31.44,44.34
district,Gandaki,Tanahu,Male,60 - 64 Years,6308,4316,74,1910,8,68.42,68.42,24.04,44.38
district,Gandaki,Tanahu,Male,65 - 69 Years,5140,3175,58,1897,10,61.77,61.77,17.6,44.17
district,Gandaki,Tanahu,Male,70 - 74 Years,3811,2017,71,1714,9,52.93,52.93,11.22,41.71
district,Gandaki,Tanahu,Male,75+ Years,4539,1942,105,2485,7,42.78,42.78,7.07,35.71
district,Gandaki,Tanahu,Female,Total,160801,120938,1345,38194,324,75.21,89.02,75.21,13.81
district,Gandaki,Tanahu,Female,05 Year,2388,2106,49,164,69,88.19,88.06,88.19,-0.13
district,Gandaki,Tanahu,Female,06 Year,2508,2366,35,87,20,94.34,93.78,94.34,-0.56
district,Gandaki,Tanahu,Female,07 Year,2404,2338,19,37,10,97.25,96.75,97.25,-0.5
district,Gandaki,Tanahu,Female,08 Year,2573,2534,10,23,6,98.48,97.74,98.48,-0.74
district,Gandaki,Tanahu,Female,09 Year,2565,2550,5,8,2,99.42,98.56,99.42,-0.86
district,Gandaki,Tanahu,Female,10 Year,2796,2781,2,9,4,99.46,99.06,99.46,-0.4
district,Gandaki,Tanahu,Female,11 Year,2595,2584,1,9,1,99.58,99.14,99.58,-0.44
district,Gandaki,Tanahu,Female,12 Year,2762,2743,3,12,4,99.31,99.32,99.31,0.01
district,Gandaki,Tanahu,Female,13 Year,2978,2966,0,11,1,99.6,99.29,99.6,-0.31
district,Gandaki,Tanahu,Female,14 Year,2925,2912,0,11,2,99.56,99.32,99.56,-0.24
district,Gandaki,Tanahu,Female,15 Year,3220,3199,1,16,4,99.35,99.21,99.35,-0.14
district,Gandaki,Tanahu,Female,16 - 19 Years,12474,12359,2,105,8,99.08,98.93,99.08,-0.15
district,Gandaki,Tanahu,Female,20 - 24 Years,15715,15440,7,259,9,98.25,98.33,98.25,0.08
district,Gandaki,Tanahu,Female,25 - 29 Years,15520,14933,22,552,13,96.22,97.28,96.22,1.06
district,Gandaki,Tanahu,Female,30 - 34 Years,13908,12854,45,1002,7,92.42,96.19,92.42,3.77
district,Gandaki,Tanahu,Female,35 - 39 Years,12861,11111,88,1654,8,86.39,94.57,86.39,8.18
district,Gandaki,Tanahu,Female,40 - 44 Years,11049,8589,109,2342,9,77.74,92.53,77.74,14.79
district,Gandaki,Tanahu,Female,45 - 49 Years,9579,6091,166,3303,19,63.59,89.48,63.59,25.89
district,Gandaki,Tanahu,Female,50 - 54 Years,9415,4426,209,4756,24,47.01,82.56,47.01,35.55
district,Gandaki,Tanahu,Female,55 - 59 Years,7662,2409,155,5086,12,31.44,75.78,31.44,44.34
district,Gandaki,Tanahu,Female,60 - 64 Years,7262,1746,171,5321,24,24.04,68.42,24.04,44.38
district,Gandaki,Tanahu,Female,65 - 69 Years,5778,1017,116,4629,16,17.6,61.77,17.6,44.17
district,Gandaki,Tanahu,Female,70 - 74 Years,4501,505,75,3902,19,11.22,52.93,11.22,41.71
district,Gandaki,Tanahu,Female,75+ Years,5363,379,55,4896,33,7.07,42.78,7.07,35.71
district,Gandaki,Nawalparasi (Bardaghat Susta East),Total,Total,349586,287893,2898,58262,533,82.35,88.71,76.82,11.89
district,Gandaki,Nawalparasi (Bardaghat Susta East),Total,05 Year,6422,5591,137,569,125,87.06,85.8,88.48,-2.68
district,Gandaki,Nawalparasi (Bardaghat Susta East),Total,06 Year,6592,6156,74,327,35,93.39,93.67,93.05,0.62
district,Gandaki,Nawalparasi (Bardaghat Susta East),Total,07 Year,6454,6211,49,181,13,96.23,96.49,95.94,0.55
district,Gandaki,Nawalparasi (Bardaghat Susta East),Total,08 Year,6844,6698,27,100,19,97.87,97.81,97.93,-0.12
district,Gandaki,Nawalparasi (Bardaghat Susta East),Total,09 Year,6513,6420,15,65,13,98.57,98.32,98.87,-0.55
district,Gandaki,Nawalparasi (Bardaghat Susta East),Total,10 Year,6917,6862,2,43,10,99.2,99.26,99.15,0.11
district,Gandaki,Nawalparasi (Bardaghat Susta East),Total,11 Year,6124,6071,6,40,7,99.13,99.15,99.12,0.03
district,Gandaki,Nawalparasi (Bardaghat Susta East),Total,12 Year,7033,6987,2,41,3,99.35,99.27,99.43,-0.16
district,Gandaki,Nawalparasi (Bardaghat Susta East),Total,13 Year,6691,6633,2,45,11,99.13,98.8,99.48,-0.68
district,Gandaki,Nawalparasi (Bardaghat Susta East),Total,14 Year,7219,7166,5,45,3,99.27,99.07,99.48,-0.41
district,Gandaki,Nawalparasi (Bardaghat Susta East),Total,15 Year,7348,7287,4,49,8,99.17,99.25,99.08,0.17
district,Gandaki,Nawalparasi (Bardaghat Susta East),Total,16 - 19 Years,29769,29441,14,295,19,98.9,98.72,99.07,-0.35
district,Gandaki,Nawalparasi (Bardaghat Susta East),Total,20 - 24 Years,35305,34556,36,686,27,97.88,98.14,97.67,0.47
district,Gandaki,Nawalparasi (Bardaghat Susta East),Total,25 - 29 Years,32781,31424,65,1257,35,95.86,97.1,95.03,2.07
district,Gandaki,Nawalparasi (Bardaghat Susta East),Total,30 - 34 Years,30337,27964,115,2233,25,92.18,95.69,89.76,5.93
district,Gandaki,Nawalparasi (Bardaghat Susta East),Total,35 - 39 Years,28103,24449,235,3411,8,87.0,93.04,82.6,10.44
district,Gandaki,Nawalparasi (Bardaghat Susta East),Total,40 - 44 Years,24654,19913,284,4445,12,80.77,90.44,73.22,17.22
district,Gandaki,Nawalparasi (Bardaghat Susta East),Total,45 - 49 Years,19557,14074,292,5181,10,71.96,85.89,59.82,26.07
district,Gandaki,Nawalparasi (Bardaghat Susta East),Total,50 - 54 Years,20049,12329,366,7330,24,61.49,79.07,45.73,33.34
district,Gandaki,Nawalparasi (Bardaghat Susta East),Total,55 - 59 Years,14809,7591,325,6878,15,51.26,71.42,32.7,38.72
district,Gandaki,Nawalparasi (Bardaghat Susta East),Total,60 - 64 Years,12820,5568,282,6952,18,43.43,64.27,24.91,39.36
district,Gandaki,Nawalparasi (Bardaghat Susta East),Total,65 - 69 Years,10273,3977,225,6045,26,38.71,59.9,19.33,40.57
district,Gandaki,Nawalparasi (Bardaghat Susta East),Total,70 - 74 Years,7642,2314,135,5167,26,30.28,50.23,11.56,38.67
district,Gandaki,Nawalparasi (Bardaghat Susta East),Total,75+ Years,9330,2211,201,6877,41,23.7,40.46,7.94,32.52
district,Gandaki,Nawalparasi (Bardaghat Susta East),Male,Total,162631,144268,1015,17091,257,88.71,88.71,76.82,11.89
district,Gandaki,Nawalparasi (Bardaghat Susta East),Male,05 Year,3409,2925,82,331,71,85.8,85.8,88.48,-2.68
district,Gandaki,Nawalparasi (Bardaghat Susta East),Male,06 Year,3540,3316,39,165,20,93.67,93.67,93.05,0.62
district,Gandaki,Nawalparasi (Bardaghat Susta East),Male,07 Year,3446,3325,20,91,10,96.49,96.49,95.94,0.55
district,Gandaki,Nawalparasi (Bardaghat Susta East),Male,08 Year,3613,3534,13,60,6,97.81,97.81,97.93,-0.12
district,Gandaki,Nawalparasi (Bardaghat Susta East),Male,09 Year,3512,3453,7,45,7,98.32,98.32,98.87,-0.55
district,Gandaki,Nawalparasi (Bardaghat Susta East),Male,10 Year,3641,3614,1,22,4,99.26,99.26,99.15,0.11
district,Gandaki,Nawalparasi (Bardaghat Susta East),Male,11 Year,3166,3139,3,22,2,99.15,99.15,99.12,0.03
district,Gandaki,Nawalparasi (Bardaghat Susta East),Male,12 Year,3715,3688,1,25,1,99.27,99.27,99.43,-0.16
district,Gandaki,Nawalparasi (Bardaghat Susta East),Male,13 Year,3420,3379,2,34,5,98.8,98.8,99.48,-0.68
district,Gandaki,Nawalparasi (Bardaghat Susta East),Male,14 Year,3764,3729,2,31,2,99.07,99.07,99.48,-0.41
district,Gandaki,Nawalparasi (Bardaghat Susta East),Male,15 Year,3869,3840,2,23,4,99.25,99.25,99.08,0.17
district,Gandaki,Nawalparasi (Bardaghat Susta East),Male,16 - 19 Years,14804,14615,12,164,13,98.72,98.72,99.07,-0.35
district,Gandaki,Nawalparasi (Bardaghat Susta East),Male,20 - 24 Years,15676,15385,18,261,12,98.14,98.14,97.67,0.47
district,Gandaki,Nawalparasi (Bardaghat Susta East),Male,25 - 29 Years,13162,12780,23,343,16,97.1,97.1,95.03,2.07
district,Gandaki,Nawalparasi (Bardaghat Susta East),Male,30 - 34 Years,12383,11849,31,493,10,95.69,95.69,89.76,5.93
district,Gandaki,Nawalparasi (Bardaghat Susta East),Male,35 - 39 Years,11847,11022,46,775,4,93.04,93.04,82.6,10.44
district,Gandaki,Nawalparasi (Bardaghat Susta East),Male,40 - 44 Years,10814,9780,47,983,4,90.44,90.44,73.22,17.22
district,Gandaki,Nawalparasi (Bardaghat Susta East),Male,45 - 49 Years,9112,7826,56,1224,6,85.89,85.89,59.82,26.07
district,Gandaki,Nawalparasi (Bardaghat Susta East),Male,50 - 54 Years,9479,7495,98,1875,11,79.07,79.07,45.73,33.34
district,Gandaki,Nawalparasi (Bardaghat Susta East),Male,55 - 59 Years,7099,5070,102,1921,6,71.42,71.42,32.7,38.72
district,Gandaki,Nawalparasi (Bardaghat Susta East),Male,60 - 64 Years,6032,3877,113,2035,7,64.27,64.27,24.91,39.36
district,Gandaki,Nawalparasi (Bardaghat Susta East),Male,65 - 69 Years,4908,2940,88,1867,13,59.9,59.9,19.33,40.57
district,Gandaki,Nawalparasi (Bardaghat Susta East),Male,70 - 74 Years,3699,1858,73,1762,6,50.23,50.23,11.56,38.67
district,Gandaki,Nawalparasi (Bardaghat Susta East),Male,75+ Years,4521,1829,136,2539,17,40.46,40.46,7.94,32.52
district,Gandaki,Nawalparasi (Bardaghat Susta East),Female,Total,186955,143625,1883,41171,276,76.82,88.71,76.82,11.89
district,Gandaki,Nawalparasi (Bardaghat Susta East),Female,05 Year,3013,2666,55,238,54,88.48,85.8,88.48,-2.68
district,Gandaki,Nawalparasi (Bardaghat Susta East),Female,06 Year,3052,2840,35,162,15,93.05,93.67,93.05,0.62
district,Gandaki,Nawalparasi (Bardaghat Susta East),Female,07 Year,3008,2886,29,90,3,95.94,96.49,95.94,0.55
district,Gandaki,Nawalparasi (Bardaghat Susta East),Female,08 Year,3231,3164,14,40,13,97.93,97.81,97.93,-0.12
district,Gandaki,Nawalparasi (Bardaghat Susta East),Female,09 Year,3001,2967,8,20,6,98.87,98.32,98.87,-0.55
district,Gandaki,Nawalparasi (Bardaghat Susta East),Female,10 Year,3276,3248,1,21,6,99.15,99.26,99.15,0.11
district,Gandaki,Nawalparasi (Bardaghat Susta East),Female,11 Year,2958,2932,3,18,5,99.12,99.15,99.12,0.03
district,Gandaki,Nawalparasi (Bardaghat Susta East),Female,12 Year,3318,3299,1,16,2,99.43,99.27,99.43,-0.16
district,Gandaki,Nawalparasi (Bardaghat Susta East),Female,13 Year,3271,3254,0,11,6,99.48,98.8,99.48,-0.68
district,Gandaki,Nawalparasi (Bardaghat Susta East),Female,14 Year,3455,3437,3,14,1,99.48,99.07,99.48,-0.41
district,Gandaki,Nawalparasi (Bardaghat Susta East),Female,15 Year,3479,3447,2,26,4,99.08,99.25,99.08,0.17
district,Gandaki,Nawalparasi (Bardaghat Susta East),Female,16 - 19 Years,14965,14826,2,131,6,99.07,98.72,99.07,-0.35
district,Gandaki,Nawalparasi (Bardaghat Susta East),Female,20 - 24 Years,19629,19171,18,425,15,97.67,98.14,97.67,0.47
district,Gandaki,Nawalparasi (Bardaghat Susta East),Female,25 - 29 Years,19619,18644,42,914,19,95.03,97.1,95.03,2.07
district,Gandaki,Nawalparasi (Bardaghat Susta East),Female,30 - 34 Years,17954,16115,84,1740,15,89.76,95.69,89.76,5.93
district,Gandaki,Nawalparasi (Bardaghat Susta East),Female,35 - 39 Years,16256,13427,189,2636,4,82.6,93.04,82.6,10.44
district,Gandaki,Nawalparasi (Bardaghat Susta East),Female,40 - 44 Years,13840,10133,237,3462,8,73.22,90.44,73.22,17.22
district,Gandaki,Nawalparasi (Bardaghat Susta East),Female,45 - 49 Years,10445,6248,236,3957,4,59.82,85.89,59.82,26.07
district,Gandaki,Nawalparasi (Bardaghat Susta East),Female,50 - 54 Years,10570,4834,268,5455,13,45.73,79.07,45.73,33.34
district,Gandaki,Nawalparasi (Bardaghat Susta East),Female,55 - 59 Years,7710,2521,223,4957,9,32.7,71.42,32.7,38.72
district,Gandaki,Nawalparasi (Bardaghat Susta East),Female,60 - 64 Years,6788,1691,169,4917,11,24.91,64.27,24.91,39.36
district,Gandaki,Nawalparasi (Bardaghat Susta East),Female,65 - 69 Years,5365,1037,137,4178,13,19.33,59.9,19.33,40.57
district,Gandaki,Nawalparasi (Bardaghat Susta East),Female,70 - 74 Years,3943,456,62,3405,20,11.56,50.23,11.56,38.67
district,Gandaki,Nawalparasi (Bardaghat Susta East),Female,75+ Years,4809,382,65,4338,24,7.94,40.46,7.94,32.52
district,Gandaki,Syangja,Total,Total,236382,193051,1481,41615,235,81.67,89.81,74.84,14.97
district,Gandaki,Syangja,Total,05 Year,3884,3502,72,249,61,90.16,90.42,89.87,0.55
district,Gandaki,Syangja,Total,06 Year,3983,3814,34,116,19,95.76,95.27,96.29,-1.02
district,Gandaki,Syangja,Total,07 Year,3854,3761,22,64,7,97.59,97.57,97.61,-0.04
district,Gandaki,Syangja,Total,08 Year,3931,3885,17,26,3,98.83,98.87,98.78,0.09
district,Gandaki,Syangja,Total,09 Year,3941,3909,9,16,7,99.19,99.33,99.03,0.3
district,Gandaki,Syangja,Total,10 Year,4102,4072,4,18,8,99.27,99.31,99.23,0.08
district,Gandaki,Syangja,Total,11 Year,3904,3881,2,18,3,99.41,99.44,99.38,0.06
district,Gandaki,Syangja,Total,12 Year,4127,4106,2,17,2,99.49,99.43,99.55,-0.12
district,Gandaki,Syangja,Total,13 Year,4318,4293,2,21,2,99.42,99.49,99.35,0.14
district,Gandaki,Syangja,Total,14 Year,4544,4520,1,20,3,99.47,99.32,99.63,-0.31
district,Gandaki,Syangja,Total,15 Year,4741,4720,1,17,3,99.56,99.49,99.62,-0.13
district,Gandaki,Syangja,Total,16 - 19 Years,18827,18692,5,120,10,99.28,99.16,99.41,-0.25
district,Gandaki,Syangja,Total,20 - 24 Years,21331,21051,7,260,13,98.69,98.77,98.62,0.15
district,Gandaki,Syangja,Total,25 - 29 Years,19576,19139,25,397,15,97.77,97.77,97.77,0.0
district,Gandaki,Syangja,Total,30 - 34 Years,17271,16612,32,620,7,96.18,97.22,95.42,1.8
district,Gandaki,Syangja,Total,35 - 39 Years,15961,14902,50,1006,3,93.37,96.07,91.39,4.68
district,Gandaki,Syangja,Total,40 - 44 Years,14869,13229,71,1563,6,88.97,94.56,85.1,9.46
district,Gandaki,Syangja,Total,45 - 49 Years,13980,11315,143,2506,16,80.94,91.86,73.18,18.68
district,Gandaki,Syangja,Total,50 - 54 Years,14927,10573,162,4188,4,70.83,89.32,56.45,32.87
district,Gandaki,Syangja,Total,55 - 59 Years,12957,7364,211,5377,5,56.83,81.93,36.92,45.01
district,Gandaki,Syangja,Total,60 - 64 Years,12420,6047,192,6173,8,48.69,73.96,27.55,46.41
district,Gandaki,Syangja,Total,65 - 69 Years,10540,4400,165,5969,6,41.75,68.77,19.47,49.3
district,Gandaki,Syangja,Total,70 - 74 Years,8204,2678,111,5406,9,32.64,58.26,12.05,46.21
district,Gandaki,Syangja,Total,75+ Years,10190,2586,141,7448,15,25.38,45.16,7.49,37.67
district,Gandaki,Syangja,Male,Total,107838,96853,509,10365,111,89.81,89.81,74.84,14.97
district,Gandaki,Syangja,Male,05 Year,2077,1878,46,121,32,90.42,90.42,89.87,0.55
district,Gandaki,Syangja,Male,06 Year,2095,1996,16,70,13,95.27,95.27,96.29,-1.02
district,Gandaki,Syangja,Male,07 Year,2056,2006,12,33,5,97.57,97.57,97.61,-0.04
district,Gandaki,Syangja,Male,08 Year,2127,2103,8,14,2,98.87,98.87,98.78,0.09
district,Gandaki,Syangja,Male,09 Year,2077,2063,2,9,3,99.33,99.33,99.03,0.3
district,Gandaki,Syangja,Male,10 Year,2162,2147,2,9,4,99.31,99.31,99.23,0.08
district,Gandaki,Syangja,Male,11 Year,1959,1948,1,9,1,99.44,99.44,99.38,0.06
district,Gandaki,Syangja,Male,12 Year,2123,2111,2,9,1,99.43,99.43,99.55,-0.12
district,Gandaki,Syangja,Male,13 Year,2177,2166,0,10,1,99.49,99.49,99.35,0.14
district,Gandaki,Syangja,Male,14 Year,2364,2348,1,13,2,99.32,99.32,99.63,-0.31
district,Gandaki,Syangja,Male,15 Year,2373,2361,0,10,2,99.49,99.49,99.62,-0.13
district,Gandaki,Syangja,Male,16 - 19 Years,9386,9307,5,69,5,99.16,99.16,99.41,-0.25
district,Gandaki,Syangja,Male,20 - 24 Years,9623,9505,2,109,7,98.77,98.77,98.62,0.15
district,Gandaki,Syangja,Male,25 - 29 Years,8107,7926,13,162,6,97.77,97.77,97.77,0.0
district,Gandaki,Syangja,Male,30 - 34 Years,7339,7135,11,192,1,97.22,97.22,95.42,1.8
district,Gandaki,Syangja,Male,35 - 39 Years,6726,6462,10,252,2,96.07,96.07,91.39,4.68
district,Gandaki,Syangja,Male,40 - 44 Years,6086,5755,9,321,1,94.56,94.56,85.1,9.46
district,Gandaki,Syangja,Male,45 - 49 Years,5802,5330,33,430,9,91.86,91.86,73.18,18.68
district,Gandaki,Syangja,Male,50 - 54 Years,6533,5835,21,676,1,89.32,89.32,56.45,32.87
district,Gandaki,Syangja,Male,55 - 59 Years,5733,4697,44,991,1,81.93,81.93,36.92,45.01
district,Gandaki,Syangja,Male,60 - 64 Years,5657,4184,48,1422,3,73.96,73.96,27.55,46.41
district,Gandaki,Syangja,Male,65 - 69 Years,4762,3275,57,1428,2,68.77,68.77,19.47,49.3
district,Gandaki,Syangja,Male,70 - 74 Years,3656,2130,56,1467,3,58.26,58.26,12.05,46.21
district,Gandaki,Syangja,Male,75+ Years,4838,2185,110,2539,4,45.16,45.16,7.49,37.67
district,Gandaki,Syangja,Female,Total,128544,96198,972,31250,124,74.84,89.81,74.84,14.97
district,Gandaki,Syangja,Female,05 Year,1807,1624,26,128,29,89.87,90.42,89.87,0.55
district,Gandaki,Syangja,Female,06 Year,1888,1818,18,46,6,96.29,95.27,96.29,-1.02
district,Gandaki,Syangja,Female,07 Year,1798,1755,10,31,2,97.61,97.57,97.61,-0.04
district,Gandaki,Syangja,Female,08 Year,1804,1782,9,12,1,98.78,98.87,98.78,0.09
district,Gandaki,Syangja,Female,09 Year,1864,1846,7,7,4,99.03,99.33,99.03,0.3
district,Gandaki,Syangja,Female,10 Year,1940,1925,2,9,4,99.23,99.31,99.23,0.08
district,Gandaki,Syangja,Female,11 Year,1945,1933,1,9,2,99.38,99.44,99.38,0.06
district,Gandaki,Syangja,Female,12 Year,2004,1995,0,8,1,99.55,99.43,99.55,-0.12
district,Gandaki,Syangja,Female,13 Year,2141,2127,2,11,1,99.35,99.49,99.35,0.14
district,Gandaki,Syangja,Female,14 Year,2180,2172,0,7,1,99.63,99.32,99.63,-0.31
district,Gandaki,Syangja,Female,15 Year,2368,2359,1,7,1,99.62,99.49,99.62,-0.13
district,Gandaki,Syangja,Female,16 - 19 Years,9441,9385,0,51,5,99.41,99.16,99.41,-0.25
district,Gandaki,Syangja,Female,20 - 24 Years,11708,11546,5,151,6,98.62,98.77,98.62,0.15
district,Gandaki,Syangja,Female,25 - 29 Years,11469,11213,12,235,9,97.77,97.77,97.77,0.0
district,Gandaki,Syangja,Female,30 - 34 Years,9932,9477,21,428,6,95.42,97.22,95.42,1.8
district,Gandaki,Syangja,Female,35 - 39 Years,9235,8440,40,754,1,91.39,96.07,91.39,4.68
district,Gandaki,Syangja,Female,40 - 44 Years,8783,7474,62,1242,5,85.1,94.56,85.1,9.46
district,Gandaki,Syangja,Female,45 - 49 Years,8178,5985,110,2076,7,73.18,91.86,73.18,18.68
district,Gandaki,Syangja,Female,50 - 54 Years,8394,4738,141,3512,3,56.45,89.32,56.45,32.87
district,Gandaki,Syangja,Female,55 - 59 Years,7224,2667,167,4386,4,36.92,81.93,36.92,45.01
district,Gandaki,Syangja,Female,60 - 64 Years,6763,1863,144,4751,5,27.55,73.96,27.55,46.41
district,Gandaki,Syangja,Female,65 - 69 Years,5778,1125,108,4541,4,19.47,68.77,19.47,49.3
district,Gandaki,Syangja,Female,70 - 74 Years,4548,548,55,3939,6,12.05,58.26,12.05,46.21
district,Gandaki,Syangja,Female,75+ Years,5352,401,31,4909,11,7.49,45.16,7.49,37.67
district,Gandaki,Parbat,Total,Total,121631,97452,753,23248,178,80.12,88.14,73.11,15.03
district,Gandaki,Parbat,Total,05 Year,2209,1880,37,236,56,85.11,83.88,86.52,-2.64
district,Gandaki,Parbat,Total,06 Year,2261,2110,32,110,9,93.32,93.1,93.57,-0.47
district,Gandaki,Parbat,Total,07 Year,2181,2099,17,59,6,96.24,96.24,96.24,0.0
district,Gandaki,Parbat,Total,08 Year,2326,2278,9,33,6,97.94,97.73,98.15,-0.42
district,Gandaki,Parbat,Total,09 Year,2217,2183,5,26,3,98.47,98.74,98.14,0.6
district,Gandaki,Parbat,Total,10 Year,2379,2357,1,20,1,99.08,98.68,99.54,-0.86
district,Gandaki,Parbat,Total,11 Year,2140,2123,1,12,4,99.21,99.2,99.21,-0.01
district,Gandaki,Parbat,Total,12 Year,2433,2427,1,4,1,99.75,99.84,99.66,0.18
district,Gandaki,Parbat,Total,13 Year,2463,2448,0,14,1,99.39,99.38,99.4,-0.02
district,Gandaki,Parbat,Total,14 Year,2469,2456,1,11,1,99.47,99.44,99.51,-0.07
district,Gandaki,Parbat,Total,15 Year,2502,2483,1,18,0,99.24,99.22,99.26,-0.04
district,Gandaki,Parbat,Total,16 - 19 Years,9705,9618,0,83,4,99.1,99.16,99.05,0.11
district,Gandaki,Parbat,Total,20 - 24 Years,11102,10911,8,178,5,98.28,98.47,98.12,0.35
district,Gandaki,Parbat,Total,25 - 29 Years,10245,9843,9,381,12,96.08,96.68,95.63,1.05
district,Gandaki,Parbat,Total,30 - 34 Years,9042,8471,15,551,5,93.69,95.65,92.18,3.47
district,Gandaki,Parbat,Total,35 - 39 Years,8126,7280,29,813,4,89.59,94.21,86.09,8.12
district,Gandaki,Parbat,Total,40 - 44 Years,7582,6427,32,1121,2,84.77,91.48,79.78,11.7
district,Gandaki,Parbat,Total,45 - 49 Years,6833,5212,34,1583,4,76.28,87.87,67.42,20.45
district,Gandaki,Parbat,Total,50 - 54 Years,7487,4827,86,2567,7,64.47,84.68,47.36,37.32
district,Gandaki,Parbat,Total,55 - 59 Years,6272,3333,102,2830,7,53.14,77.63,32.89,44.74
district,Gandaki,Parbat,Total,60 - 64 Years,6046,2572,103,3358,13,42.54,66.8,22.14,44.66
district,Gandaki,Parbat,Total,65 - 69 Years,4921,1824,70,3018,9,37.07,63.59,14.48,49.11
district,Gandaki,Parbat,Total,70 - 74 Years,3788,1175,73,2532,8,31.02,56.1,9.23,46.87
district,Gandaki,Parbat,Total,75+ Years,4902,1115,87,3690,10,22.75,41.41,5.87,35.54
district,Gandaki,Parbat,Male,Total,56709,49986,276,6366,81,88.14,88.14,73.11,15.03
district,Gandaki,Parbat,Male,05 Year,1185,994,19,138,34,83.88,83.88,86.52,-2.64
district,Gandaki,Parbat,Male,06 Year,1203,1120,20,58,5,93.1,93.1,93.57,-0.47
district,Gandaki,Parbat,Male,07 Year,1197,1152,12,30,3,96.24,96.24,96.24,0.0
district,Gandaki,Parbat,Male,08 Year,1190,1163,4,23,0,97.73,97.73,98.15,-0.42
district,Gandaki,Parbat,Male,09 Year,1194,1179,0,12,3,98.74,98.74,98.14,0.6
district,Gandaki,Parbat,Male,10 Year,1285,1268,1,15,1,98.68,98.68,99.54,-0.86
district,Gandaki,Parbat,Male,11 Year,1127,1118,1,5,3,99.2,99.2,99.21,-0.01
district,Gandaki,Parbat,Male,12 Year,1240,1238,0,2,0,99.84,99.84,99.66,0.18
district,Gandaki,Parbat,Male,13 Year,1292,1284,0,7,1,99.38,99.38,99.4,-0.02
district,Gandaki,Parbat,Male,14 Year,1253,1246,0,6,1,99.44,99.44,99.51,-0.07
district,Gandaki,Parbat,Male,15 Year,1285,1275,0,10,0,99.22,99.22,99.26,-0.04
district,Gandaki,Parbat,Male,16 - 19 Years,4871,4830,0,38,3,99.16,99.16,99.05,0.11
district,Gandaki,Parbat,Male,20 - 24 Years,5044,4967,2,74,1,98.47,98.47,98.12,0.35
district,Gandaki,Parbat,Male,25 - 29 Years,4335,4191,3,136,5,96.68,96.68,95.63,1.05
district,Gandaki,Parbat,Male,30 - 34 Years,3928,3757,3,165,3,95.65,95.65,92.18,3.47
district,Gandaki,Parbat,Male,35 - 39 Years,3505,3302,7,193,3,94.21,94.21,86.09,8.12
district,Gandaki,Parbat,Male,40 - 44 Years,3229,2954,9,266,0,91.48,91.48,79.78,11.7
district,Gandaki,Parbat,Male,45 - 49 Years,2960,2601,6,352,1,87.87,87.87,67.42,20.45
district,Gandaki,Parbat,Male,50 - 54 Years,3433,2907,15,511,0,84.68,84.68,47.36,37.32
district,Gandaki,Parbat,Male,55 - 59 Years,2839,2204,14,618,3,77.63,77.63,32.89,44.74
district,Gandaki,Parbat,Male,60 - 64 Years,2762,1845,36,878,3,66.8,66.8,22.14,44.66
district,Gandaki,Parbat,Male,65 - 69 Years,2263,1439,32,788,4,63.59,63.59,14.48,49.11
district,Gandaki,Parbat,Male,70 - 74 Years,1761,988,37,735,1,56.1,56.1,9.23,46.87
district,Gandaki,Parbat,Male,75+ Years,2328,964,55,1306,3,41.41,41.41,5.87,35.54
district,Gandaki,Parbat,Female,Total,64922,47466,477,16882,97,73.11,88.14,73.11,15.03
district,Gandaki,Parbat,Female,05 Year,1024,886,18,98,22,86.52,83.88,86.52,-2.64
district,Gandaki,Parbat,Female,06 Year,1058,990,12,52,4,93.57,93.1,93.57,-0.47
district,Gandaki,Parbat,Female,07 Year,984,947,5,29,3,96.24,96.24,96.24,0.0
district,Gandaki,Parbat,Female,08 Year,1136,1115,5,10,6,98.15,97.73,98.15,-0.42
district,Gandaki,Parbat,Female,09 Year,1023,1004,5,14,0,98.14,98.74,98.14,0.6
district,Gandaki,Parbat,Female,10 Year,1094,1089,0,5,0,99.54,98.68,99.54,-0.86
district,Gandaki,Parbat,Female,11 Year,1013,1005,0,7,1,99.21,99.2,99.21,-0.01
district,Gandaki,Parbat,Female,12 Year,1193,1189,1,2,1,99.66,99.84,99.66,0.18
district,Gandaki,Parbat,Female,13 Year,1171,1164,0,7,0,99.4,99.38,99.4,-0.02
district,Gandaki,Parbat,Female,14 Year,1216,1210,1,5,0,99.51,99.44,99.51,-0.07
district,Gandaki,Parbat,Female,15 Year,1217,1208,1,8,0,99.26,99.22,99.26,-0.04
district,Gandaki,Parbat,Female,16 - 19 Years,4834,4788,0,45,1,99.05,99.16,99.05,0.11
district,Gandaki,Parbat,Female,20 - 24 Years,6058,5944,6,104,4,98.12,98.47,98.12,0.35
district,Gandaki,Parbat,Female,25 - 29 Years,5910,5652,6,245,7,95.63,96.68,95.63,1.05
district,Gandaki,Parbat,Female,30 - 34 Years,5114,4714,12,386,2,92.18,95.65,92.18,3.47
district,Gandaki,Parbat,Female,35 - 39 Years,4621,3978,22,620,1,86.09,94.21,86.09,8.12
district,Gandaki,Parbat,Female,40 - 44 Years,4353,3473,23,855,2,79.78,91.48,79.78,11.7
district,Gandaki,Parbat,Female,45 - 49 Years,3873,2611,28,1231,3,67.42,87.87,67.42,20.45
district,Gandaki,Parbat,Female,50 - 54 Years,4054,1920,71,2056,7,47.36,84.68,47.36,37.32
district,Gandaki,Parbat,Female,55 - 59 Years,3433,1129,88,2212,4,32.89,77.63,32.89,44.74
district,Gandaki,Parbat,Female,60 - 64 Years,3284,727,67,2480,10,22.14,66.8,22.14,44.66
district,Gandaki,Parbat,Female,65 - 69 Years,2658,385,38,2230,5,14.48,63.59,14.48,49.11
district,Gandaki,Parbat,Female,70 - 74 Years,2027,187,36,1797,7,9.23,56.1,9.23,46.87
district,Gandaki,Parbat,Female,75+ Years,2574,151,32,2384,7,5.87,41.41,5.87,35.54
district,Gandaki,Baglung,Total,Total,228978,183115,2458,43169,236,79.97,87.27,73.74,13.53
district,Gandaki,Baglung,Total,05 Year,4765,4031,120,552,62,84.6,84.41,84.81,-0.4
district,Gandaki,Baglung,Total,06 Year,4831,4482,70,256,23,92.78,92.54,93.02,-0.48
district,Gandaki,Baglung,Total,07 Year,4806,4631,62,106,7,96.36,96.28,96.45,-0.17
district,Gandaki,Baglung,Total,08 Year,4949,4841,40,59,9,97.82,98.09,97.53,0.56
district,Gandaki,Baglung,Total,09 Year,4606,4537,22,36,11,98.5,98.72,98.26,0.46
district,Gandaki,Baglung,Total,10 Year,5025,4984,6,29,6,99.18,99.35,99.0,0.35
district,Gandaki,Baglung,Total,11 Year,4676,4641,2,30,3,99.25,99.25,99.25,0.0
district,Gandaki,Baglung,Total,12 Year,5233,5196,2,32,3,99.29,99.17,99.42,-0.25
district,Gandaki,Baglung,Total,13 Year,5105,5067,4,31,3,99.26,99.32,99.18,0.14
district,Gandaki,Baglung,Total,14 Year,5179,5134,1,40,4,99.13,99.0,99.26,-0.26
district,Gandaki,Baglung,Total,15 Year,5219,5171,5,42,1,99.08,98.93,99.23,-0.3
district,Gandaki,Baglung,Total,16 - 19 Years,19774,19569,8,188,9,98.96,99.1,98.83,0.27
district,Gandaki,Baglung,Total,20 - 24 Years,22226,21730,30,450,16,97.77,98.27,97.38,0.89
district,Gandaki,Baglung,Total,25 - 29 Years,19244,18321,52,854,17,95.2,97.09,93.87,3.22
district,Gandaki,Baglung,Total,30 - 34 Years,16700,15379,83,1230,8,92.09,95.69,89.33,6.36
district,Gandaki,Baglung,Total,35 - 39 Years,15055,13102,134,1815,4,87.03,93.25,82.48,10.77
district,Gandaki,Baglung,Total,40 - 44 Years,13566,10873,208,2476,9,80.15,89.73,73.39,16.34
district,Gandaki,Baglung,Total,45 - 49 Years,11936,8328,276,3329,3,69.77,85.69,58.4,27.29
district,Gandaki,Baglung,Total,50 - 54 Years,12563,7392,331,4837,3,58.84,79.53,42.04,37.49
district,Gandaki,Baglung,Total,55 - 59 Years,10495,5103,286,5103,3,48.62,71.05,29.81,41.24
district,Gandaki,Baglung,Total,60 - 64 Years,10231,4126,255,5843,7,40.33,61.51,22.39,39.12
district,Gandaki,Baglung,Total,65 - 69 Years,8227,2943,184,5093,7,35.77,56.75,17.82,38.93
district,Gandaki,Baglung,Total,70 - 74 Years,6588,1880,134,4568,6,28.54,49.24,10.99,38.25
district,Gandaki,Baglung,Total,75+ Years,7979,1654,143,6170,12,20.73,35.94,6.14,29.8
district,Gandaki,Baglung,Male,Total,105441,92020,849,12466,106,87.27,87.27,73.74,13.53
district,Gandaki,Baglung,Male,05 Year,2527,2133,64,298,32,84.41,84.41,84.81,-0.4
district,Gandaki,Baglung,Male,06 Year,2480,2295,36,137,12,92.54,92.54,93.02,-0.48
district,Gandaki,Baglung,Male,07 Year,2580,2484,29,63,4,96.28,96.28,96.45,-0.17
district,Gandaki,Baglung,Male,08 Year,2559,2510,20,24,5,98.09,98.09,97.53,0.56
district,Gandaki,Baglung,Male,09 Year,2424,2393,11,17,3,98.72,98.72,98.26,0.46
district,Gandaki,Baglung,Male,10 Year,2633,2616,3,12,2,99.35,99.35,99.0,0.35
district,Gandaki,Baglung,Male,11 Year,2408,2390,1,15,2,99.25,99.25,99.25,0.0
district,Gandaki,Baglung,Male,12 Year,2647,2625,1,19,2,99.17,99.17,99.42,-0.25
district,Gandaki,Baglung,Male,13 Year,2655,2637,4,14,0,99.32,99.32,99.18,0.14
district,Gandaki,Baglung,Male,14 Year,2609,2583,0,23,3,99.0,99.0,99.26,-0.26
district,Gandaki,Baglung,Male,15 Year,2605,2577,3,24,1,98.93,98.93,99.23,-0.3
district,Gandaki,Baglung,Male,16 - 19 Years,9568,9482,3,79,4,99.1,99.1,98.83,0.27
district,Gandaki,Baglung,Male,20 - 24 Years,9766,9597,6,158,5,98.27,98.27,97.38,0.89
district,Gandaki,Baglung,Male,25 - 29 Years,7964,7732,9,214,9,97.09,97.09,93.87,3.22
district,Gandaki,Baglung,Male,30 - 34 Years,7247,6935,22,289,1,95.69,95.69,89.33,6.36
district,Gandaki,Baglung,Male,35 - 39 Years,6355,5926,21,407,1,93.25,93.25,82.48,10.77
district,Gandaki,Baglung,Male,40 - 44 Years,5609,5033,31,540,5,89.73,89.73,73.39,16.34
district,Gandaki,Baglung,Male,45 - 49 Years,4974,4262,52,658,2,85.69,85.69,58.4,27.29
district,Gandaki,Baglung,Male,50 - 54 Years,5629,4477,67,1083,2,79.53,79.53,42.04,37.49
district,Gandaki,Baglung,Male,55 - 59 Years,4788,3402,87,1299,0,71.05,71.05,29.81,41.24
district,Gandaki,Baglung,Male,60 - 64 Years,4692,2886,103,1700,3,61.51,61.51,22.39,39.12
district,Gandaki,Baglung,Male,65 - 69 Years,3794,2153,80,1559,2,56.75,56.75,17.82,38.93
district,Gandaki,Baglung,Male,70 - 74 Years,3022,1488,86,1447,1,49.24,49.24,10.99,38.25
district,Gandaki,Baglung,Male,75+ Years,3906,1404,110,2387,5,35.94,35.94,6.14,29.8
district,Gandaki,Baglung,Female,Total,123537,91095,1609,30703,130,73.74,87.27,73.74,13.53
district,Gandaki,Baglung,Female,05 Year,2238,1898,56,254,30,84.81,84.41,84.81,-0.4
district,Gandaki,Baglung,Female,06 Year,2351,2187,34,119,11,93.02,92.54,93.02,-0.48
district,Gandaki,Baglung,Female,07 Year,2226,2147,33,43,3,96.45,96.28,96.45,-0.17
district,Gandaki,Baglung,Female,08 Year,2390,2331,20,35,4,97.53,98.09,97.53,0.56
district,Gandaki,Baglung,Female,09 Year,2182,2144,11,19,8,98.26,98.72,98.26,0.46
district,Gandaki,Baglung,Female,10 Year,2392,2368,3,17,4,99.0,99.35,99.0,0.35
district,Gandaki,Baglung,Female,11 Year,2268,2251,1,15,1,99.25,99.25,99.25,0.0
district,Gandaki,Baglung,Female,12 Year,2586,2571,1,13,1,99.42,99.17,99.42,-0.25
district,Gandaki,Baglung,Female,13 Year,2450,2430,0,17,3,99.18,99.32,99.18,0.14
district,Gandaki,Baglung,Female,14 Year,2570,2551,1,17,1,99.26,99.0,99.26,-0.26
district,Gandaki,Baglung,Female,15 Year,2614,2594,2,18,0,99.23,98.93,99.23,-0.3
district,Gandaki,Baglung,Female,16 - 19 Years,10206,10087,5,109,5,98.83,99.1,98.83,0.27
district,Gandaki,Baglung,Female,20 - 24 Years,12460,12133,24,292,11,97.38,98.27,97.38,0.89
district,Gandaki,Baglung,Female,25 - 29 Years,11280,10589,43,640,8,93.87,97.09,93.87,3.22
district,Gandaki,Baglung,Female,30 - 34 Years,9453,8444,61,941,7,89.33,95.69,89.33,6.36
district,Gandaki,Baglung,Female,35 - 39 Years,8700,7176,113,1408,3,82.48,93.25,82.48,10.77
district,Gandaki,Baglung,Female,40 - 44 Years,7957,5840,177,1936,4,73.39,89.73,73.39,16.34
district,Gandaki,Baglung,Female,45 - 49 Years,6962,4066,224,2671,1,58.4,85.69,58.4,27.29
district,Gandaki,Baglung,Female,50 - 54 Years,6934,2915,264,3754,1,42.04,79.53,42.04,37.49
district,Gandaki,Baglung,Female,55 - 59 Years,5707,1701,199,3804,3,29.81,71.05,29.81,41.24
district,Gandaki,Baglung,Female,60 - 64 Years,5539,1240,152,4143,4,22.39,61.51,22.39,39.12
district,Gandaki,Baglung,Female,65 - 69 Years,4433,790,104,3534,5,17.82,56.75,17.82,38.93
district,Gandaki,Baglung,Female,70 - 74 Years,3566,392,48,3121,5,10.99,49.24,10.99,38.25
district,Gandaki,Baglung,Female,75+ Years,4073,250,33,3783,7,6.14,35.94,6.14,29.8
province,Lumbini,,Total,Total,4682237,3655933,25233,998751,2320,78.08,85.18,71.66,13.52
province,Lumbini,,Total,05 Year,101218,84784,1502,14017,915,83.76,83.79,83.73,0.06
province,Lumbini,,Total,06 Year,100339,90713,1239,8105,282,90.41,90.48,90.32,0.16
province,Lumbini,,Total,07 Year,96846,90861,925,4939,121,93.82,93.83,93.81,0.02
province,Lumbini,,Total,08 Year,108409,102882,785,4641,101,94.9,94.95,94.85,0.1
province,Lumbini,,Total,09 Year,91126,88266,406,2397,57,96.86,96.95,96.77,0.18
province,Lumbini,,Total,10 Year,113353,109657,253,3419,24,96.74,96.84,96.63,0.21
province,Lumbini,,Total,11 Year,85987,84417,105,1443,22,98.17,98.3,98.04,0.26
province,Lumbini,,Total,12 Year,114005,111031,131,2814,29,97.39,97.45,97.33,0.12
province,Lumbini,,Total,13 Year,101612,99563,98,1928,23,97.98,98.04,97.93,0.11
province,Lumbini,,Total,14 Year,108121,105701,80,2324,16,97.76,97.9,97.63,0.27
province,Lumbini,,Total,15 Year,111425,108209,80,3119,17,97.11,97.36,96.87,0.49
province,Lumbini,,Total,16 - 19 Years,429475,414362,301,14728,84,96.48,96.84,96.13,0.71
province,Lumbini,,Total,20 - 24 Years,496646,466077,543,29909,117,93.84,95.43,92.56,2.87
province,Lumbini,,Total,25 - 29 Years,440485,394700,824,44860,101,89.61,93.24,86.82,6.42
province,Lumbini,,Total,30 - 34 Years,381940,318423,1404,62056,57,83.37,90.6,77.77,12.83
province,Lumbini,,Total,35 - 39 Years,357093,270082,2205,84764,42,75.63,86.42,66.93,19.49
province,Lumbini,,Total,40 - 44 Years,298968,206570,2529,89838,31,69.09,82.43,57.71,24.72
province,Lumbini,,Total,45 - 49 Years,239702,148145,2371,89156,30,61.8,77.67,47.66,30.01
province,Lumbini,,Total,50 - 54 Years,236368,125827,2642,107861,38,53.23,71.84,36.54,35.3
province,Lumbini,,Total,55 - 59 Years,179360,81675,2085,95572,28,45.54,64.21,27.35,36.86
province,Lumbini,,Total,60 - 64 Years,158359,61531,1737,95050,41,38.86,58.15,20.98,37.17
province,Lumbini,,Total,65 - 69 Years,130920,43757,1225,85890,48,33.42,52.24,15.65,36.59
province,Lumbini,,Total,70 - 74 Years,102466,27140,920,74366,40,26.49,43.22,10.69,32.53
province,Lumbini,,Total,75+ Years,98014,21560,843,75555,56,22.0,36.69,7.55,29.14
province,Lumbini,,Male,Total,2223630,1894018,9229,319293,1090,85.18,85.18,71.66,13.52
province,Lumbini,,Male,05 Year,53048,44451,799,7341,457,83.79,83.79,83.73,0.06
province,Lumbini,,Male,06 Year,52302,47325,641,4184,152,90.48,90.48,90.32,0.16
province,Lumbini,,Male,07 Year,50084,46994,474,2546,70,93.83,93.83,93.81,0.02
province,Lumbini,,Male,08 Year,56935,54061,414,2420,40,94.95,94.95,94.85,0.1
province,Lumbini,,Male,09 Year,47481,46031,218,1201,31,96.95,96.95,96.77,0.18
province,Lumbini,,Male,10 Year,59512,57632,134,1733,13,96.84,96.84,96.63,0.21
province,Lumbini,,Male,11 Year,44621,43863,55,693,10,98.3,98.3,98.04,0.26
province,Lumbini,,Male,12 Year,59297,57785,66,1429,17,97.45,97.45,97.33,0.12
province,Lumbini,,Male,13 Year,51010,50010,37,948,15,98.04,98.04,97.93,0.11
province,Lumbini,,Male,14 Year,54462,53316,42,1098,6,97.9,97.9,97.63,0.27
province,Lumbini,,Male,15 Year,55374,53911,42,1414,7,97.36,97.36,96.87,0.49
province,Lumbini,,Male,16 - 19 Years,210669,204017,140,6474,38,96.84,96.84,96.13,0.71
province,Lumbini,,Male,20 - 24 Years,222524,212358,207,9912,47,95.43,95.43,92.56,2.87
province,Lumbini,,Male,25 - 29 Years,191156,178242,227,12643,44,93.24,93.24,86.82,6.42
province,Lumbini,,Male,30 - 34 Years,166688,151022,342,15298,26,90.6,90.6,77.77,12.83
province,Lumbini,,Male,35 - 39 Years,159440,137790,496,21138,16,86.42,86.42,66.93,19.49
province,Lumbini,,Male,40 - 44 Years,137684,113496,585,23590,13,82.43,82.43,57.71,24.72
province,Lumbini,,Male,45 - 49 Years,112979,87753,610,24603,13,77.67,77.67,47.66,30.01
province,Lumbini,,Male,50 - 54 Years,111759,80292,740,30714,13,71.84,71.84,36.54,35.3
province,Lumbini,,Male,55 - 59 Years,88491,56820,699,30967,5,64.21,64.21,27.35,36.86
province,Lumbini,,Male,60 - 64 Years,76171,44292,618,31246,15,58.15,58.15,20.98,37.17
province,Lumbini,,Male,65 - 69 Years,63584,33219,572,29778,15,52.24,52.24,15.65,36.59
province,Lumbini,,Male,70 - 74 Years,49769,21509,511,27738,11,43.22,43.22,10.69,32.53
province,Lumbini,,Male,75+ Years,48590,17829,560,30185,16,36.69,36.69,7.55,29.14
province,Lumbini,,Female,Total,2458607,1761915,16004,679458,1230,71.66,85.18,71.66,13.52
province,Lumbini,,Female,05 Year,48170,40333,703,6676,458,83.73,83.79,83.73,0.06
province,Lumbini,,Female,06 Year,48037,43388,598,3921,130,90.32,90.48,90.32,0.16
province,Lumbini,,Female,07 Year,46762,43867,451,2393,51,93.81,93.83,93.81,0.02
province,Lumbini,,Female,08 Year,51474,48821,371,2221,61,94.85,94.95,94.85,0.1
province,Lumbini,,Female,09 Year,43645,42235,188,1196,26,96.77,96.95,96.77,0.18
province,Lumbini,,Female,10 Year,53841,52025,119,1686,11,96.63,96.84,96.63,0.21
province,Lumbini,,Female,11 Year,41366,40554,50,750,12,98.04,98.3,98.04,0.26
province,Lumbini,,Female,12 Year,54708,53246,65,1385,12,97.33,97.45,97.33,0.12
province,Lumbini,,Female,13 Year,50602,49553,61,980,8,97.93,98.04,97.93,0.11
province,Lumbini,,Female,14 Year,53659,52385,38,1226,10,97.63,97.9,97.63,0.27
province,Lumbini,,Female,15 Year,56051,54298,38,1705,10,96.87,97.36,96.87,0.49
province,Lumbini,,Female,16 - 19 Years,218806,210345,161,8254,46,96.13,96.84,96.13,0.71
province,Lumbini,,Female,20 - 24 Years,274122,253719,336,19997,70,92.56,95.43,92.56,2.87
province,Lumbini,,Female,25 - 29 Years,249329,216458,597,32217,57,86.82,93.24,86.82,6.42
province,Lumbini,,Female,30 - 34 Years,215252,167401,1062,46758,31,77.77,90.6,77.77,12.83
province,Lumbini,,Female,35 - 39 Years,197653,132292,1709,63626,26,66.93,86.42,66.93,19.49
province,Lumbini,,Female,40 - 44 Years,161284,93074,1944,66248,18,57.71,82.43,57.71,24.72
province,Lumbini,,Female,45 - 49 Years,126723,60392,1761,64553,17,47.66,77.67,47.66,30.01
province,Lumbini,,Female,50 - 54 Years,124609,45535,1902,77147,25,36.54,71.84,36.54,35.3
province,Lumbini,,Female,55 - 59 Years,90869,24855,1386,64605,23,27.35,64.21,27.35,36.86
province,Lumbini,,Female,60 - 64 Years,82188,17239,1119,63804,26,20.98,58.15,20.98,37.17
province,Lumbini,,Female,65 - 69 Years,67336,10538,653,56112,33,15.65,52.24,15.65,36.59
province,Lumbini,,Female,70 - 74 Years,52697,5631,409,46628,29,10.69,43.22,10.69,32.53
province,Lumbini,,Female,75+ Years,49424,3731,283,45370,40,7.55,36.69,7.55,29.14
district,Lumbini,Rukum (East),Total,Total,51170,36510,165,14468,27,71.35,79.66,63.67,15.99
district,Lumbini,Rukum (East),Total,05 Year,1178,971,27,170,10,82.43,82.83,82.06,0.77
district,Lumbini,Rukum (East),Total,06 Year,1210,1116,11,82,1,92.23,92.51,91.92,0.59
district,Lumbini,Rukum (East),Total,07 Year,1216,1169,6,36,5,96.13,96.05,96.22,-0.17
district,Lumbini,Rukum (East),Total,08 Year,1169,1143,1,23,2,97.78,97.55,97.99,-0.44
district,Lumbini,Rukum (East),Total,09 Year,1095,1074,2,16,3,98.08,98.91,97.25,1.66
district,Lumbini,Rukum (East),Total,10 Year,1296,1280,0,16,0,98.77,99.07,98.46,0.61
district,Lumbini,Rukum (East),Total,11 Year,1082,1066,1,15,0,98.52,98.87,98.19,0.68
district,Lumbini,Rukum (East),Total,12 Year,1354,1338,0,15,1,98.82,99.14,98.48,0.66
district,Lumbini,Rukum (East),Total,13 Year,1181,1170,1,10,0,99.07,98.77,99.34,-0.57
district,Lumbini,Rukum (East),Total,14 Year,1283,1275,0,8,0,99.38,99.69,99.07,0.62
district,Lumbini,Rukum (East),Total,15 Year,1406,1378,0,27,1,98.01,98.46,97.54,0.92
district,Lumbini,Rukum (East),Total,16 - 19 Years,4986,4850,1,135,0,97.27,97.64,96.92,0.72
district,Lumbini,Rukum (East),Total,20 - 24 Years,5708,5402,3,302,1,94.64,95.79,93.67,2.12
district,Lumbini,Rukum (East),Total,25 - 29 Years,4403,3850,6,546,1,87.44,93.2,82.3,10.9
district,Lumbini,Rukum (East),Total,30 - 34 Years,3633,2723,16,893,1,74.95,86.29,64.42,21.87
district,Lumbini,Rukum (East),Total,35 - 39 Years,3242,2036,20,1186,0,62.8,79.94,47.3,32.64
district,Lumbini,Rukum (East),Total,40 - 44 Years,2713,1352,15,1346,0,49.83,71.3,32.21,39.09
district,Lumbini,Rukum (East),Total,45 - 49 Years,2535,1030,15,1490,0,40.63,62.14,22.2,39.94
district,Lumbini,Rukum (East),Total,50 - 54 Years,2615,856,12,1746,1,32.73,55.06,12.13,42.93
district,Lumbini,Rukum (East),Total,55 - 59 Years,2152,543,7,1602,0,25.23,43.27,7.62,35.65
district,Lumbini,Rukum (East),Total,60 - 64 Years,1948,384,7,1557,0,19.71,35.59,5.62,29.97
district,Lumbini,Rukum (East),Total,65 - 69 Years,1540,259,6,1275,0,16.82,28.61,5.06,23.55
district,Lumbini,Rukum (East),Total,70 - 74 Years,1272,161,3,1108,0,12.66,23.77,3.07,20.7
district,Lumbini,Rukum (East),Total,75+ Years,953,84,5,864,0,8.81,17.38,1.37,16.01
district,Lumbini,Rukum (East),Male,Total,24584,19584,81,4908,11,79.66,79.66,63.67,15.99
district,Lumbini,Rukum (East),Male,05 Year,565,468,16,78,3,82.83,82.83,82.06,0.77
district,Lumbini,Rukum (East),Male,06 Year,641,593,3,44,1,92.51,92.51,91.92,0.59
district,Lumbini,Rukum (East),Male,07 Year,607,583,4,17,3,96.05,96.05,96.22,-0.17
district,Lumbini,Rukum (East),Male,08 Year,571,557,0,13,1,97.55,97.55,97.99,-0.44
district,Lumbini,Rukum (East),Male,09 Year,549,543,1,4,1,98.91,98.91,97.25,1.66
district,Lumbini,Rukum (East),Male,10 Year,646,640,0,6,0,99.07,99.07,98.46,0.61
district,Lumbini,Rukum (East),Male,11 Year,529,523,1,5,0,98.87,98.87,98.19,0.68
district,Lumbini,Rukum (East),Male,12 Year,694,688,0,6,0,99.14,99.14,98.48,0.66
district,Lumbini,Rukum (East),Male,13 Year,571,564,1,6,0,98.77,98.77,99.34,-0.57
district,Lumbini,Rukum (East),Male,14 Year,638,636,0,2,0,99.69,99.69,99.07,0.62
district,Lumbini,Rukum (East),Male,15 Year,714,703,0,11,0,98.46,98.46,97.54,0.92
district,Lumbini,Rukum (East),Male,16 - 19 Years,2456,2398,0,58,0,97.64,97.64,96.92,0.72
district,Lumbini,Rukum (East),Male,20 - 24 Years,2610,2500,2,107,1,95.79,95.79,93.67,2.12
district,Lumbini,Rukum (East),Male,25 - 29 Years,2075,1934,3,137,1,93.2,93.2,82.3,10.9
district,Lumbini,Rukum (East),Male,30 - 34 Years,1750,1510,8,232,0,86.29,86.29,64.42,21.87
district,Lumbini,Rukum (East),Male,35 - 39 Years,1540,1231,7,302,0,79.94,79.94,47.3,32.64
district,Lumbini,Rukum (East),Male,40 - 44 Years,1223,872,3,348,0,71.3,71.3,32.21,39.09
district,Lumbini,Rukum (East),Male,45 - 49 Years,1170,727,5,438,0,62.14,62.14,22.2,39.94
district,Lumbini,Rukum (East),Male,50 - 54 Years,1255,691,6,558,0,55.06,55.06,12.13,42.93
district,Lumbini,Rukum (East),Male,55 - 59 Years,1063,460,7,596,0,43.27,43.27,7.62,35.65
district,Lumbini,Rukum (East),Male,60 - 64 Years,916,326,5,585,0,35.59,35.59,5.62,29.97
district,Lumbini,Rukum (East),Male,65 - 69 Years,769,220,3,546,0,28.61,28.61,5.06,23.55
district,Lumbini,Rukum (East),Male,70 - 74 Years,589,140,2,447,0,23.77,23.77,3.07,20.7
district,Lumbini,Rukum (East),Male,75+ Years,443,77,4,362,0,17.38,17.38,1.37,16.01
district,Lumbini,Rukum (East),Female,Total,26586,16926,84,9560,16,63.67,79.66,63.67,15.99
district,Lumbini,Rukum (East),Female,05 Year,613,503,11,92,7,82.06,82.83,82.06,0.77
district,Lumbini,Rukum (East),Female,06 Year,569,523,8,38,0,91.92,92.51,91.92,0.59
district,Lumbini,Rukum (East),Female,07 Year,609,586,2,19,2,96.22,96.05,96.22,-0.17
district,Lumbini,Rukum (East),Female,08 Year,598,586,1,10,1,97.99,97.55,97.99,-0.44
district,Lumbini,Rukum (East),Female,09 Year,546,531,1,12,2,97.25,98.91,97.25,1.66
district,Lumbini,Rukum (East),Female,10 Year,650,640,0,10,0,98.46,99.07,98.46,0.61
district,Lumbini,Rukum (East),Female,11 Year,553,543,0,10,0,98.19,98.87,98.19,0.68
district,Lumbini,Rukum (East),Female,12 Year,660,650,0,9,1,98.48,99.14,98.48,0.66
district,Lumbini,Rukum (East),Female,13 Year,610,606,0,4,0,99.34,98.77,99.34,-0.57
district,Lumbini,Rukum (East),Female,14 Year,645,639,0,6,0,99.07,99.69,99.07,0.62
district,Lumbini,Rukum (East),Female,15 Year,692,675,0,16,1,97.54,98.46,97.54,0.92
district,Lumbini,Rukum (East),Female,16 - 19 Years,2530,2452,1,77,0,96.92,97.64,96.92,0.72
district,Lumbini,Rukum (East),Female,20 - 24 Years,3098,2902,1,195,0,93.67,95.79,93.67,2.12
district,Lumbini,Rukum (East),Female,25 - 29 Years,2328,1916,3,409,0,82.3,93.2,82.3,10.9
district,Lumbini,Rukum (East),Female,30 - 34 Years,1883,1213,8,661,1,64.42,86.29,64.42,21.87
district,Lumbini,Rukum (East),Female,35 - 39 Years,1702,805,13,884,0,47.3,79.94,47.3,32.64
district,Lumbini,Rukum (East),Female,40 - 44 Years,1490,480,12,998,0,32.21,71.3,32.21,39.09
district,Lumbini,Rukum (East),Female,45 - 49 Years,1365,303,10,1052,0,22.2,62.14,22.2,39.94
district,Lumbini,Rukum (East),Female,50 - 54 Years,1360,165,6,1188,1,12.13,55.06,12.13,42.93
district,Lumbini,Rukum (East),Female,55 - 59 Years,1089,83,0,1006,0,7.62,43.27,7.62,35.65
district,Lumbini,Rukum (East),Female,60 - 64 Years,1032,58,2,972,0,5.62,35.59,5.62,29.97
district,Lumbini,Rukum (East),Female,65 - 69 Years,771,39,3,729,0,5.06,28.61,5.06,23.55
district,Lumbini,Rukum (East),Female,70 - 74 Years,683,21,1,661,0,3.07,23.77,3.07,20.7
district,Lumbini,Rukum (East),Female,75+ Years,510,7,1,502,0,1.37,17.38,1.37,16.01
district,Lumbini,Rolpa,Total,Total,210714,159372,1597,49614,131,75.63,83.99,68.45,15.54
district,Lumbini,Rolpa,Total,05 Year,4780,4061,87,566,66,84.96,84.63,85.32,-0.69
district,Lumbini,Rolpa,Total,06 Year,4858,4539,56,254,9,93.43,93.45,93.42,0.03
district,Lumbini,Rolpa,Total,07 Year,5104,4868,51,182,3,95.38,95.43,95.32,0.11
district,Lumbini,Rolpa,Total,08 Year,4811,4677,28,99,7,97.21,97.15,97.29,-0.14
district,Lumbini,Rolpa,Total,09 Year,4673,4601,9,60,3,98.46,98.94,97.97,0.97
district,Lumbini,Rolpa,Total,10 Year,5610,5544,3,63,0,98.82,98.79,98.86,-0.07
district,Lumbini,Rolpa,Total,11 Year,4775,4735,1,38,1,99.16,99.33,98.99,0.34
district,Lumbini,Rolpa,Total,12 Year,5859,5810,3,43,3,99.16,99.26,99.06,0.2
district,Lumbini,Rolpa,Total,13 Year,5764,5708,3,53,0,99.03,98.71,99.34,-0.63
district,Lumbini,Rolpa,Total,14 Year,5824,5766,2,54,2,99.0,98.98,99.03,-0.05
district,Lumbini,Rolpa,Total,15 Year,5843,5790,1,51,1,99.09,99.09,99.1,-0.01
district,Lumbini,Rolpa,Total,16 - 19 Years,20616,20243,16,352,5,98.19,98.39,98.01,0.38
district,Lumbini,Rolpa,Total,20 - 24 Years,23887,22839,27,1018,3,95.61,97.23,94.37,2.86
district,Lumbini,Rolpa,Total,25 - 29 Years,18169,16232,61,1875,1,89.34,94.64,85.28,9.36
district,Lumbini,Rolpa,Total,30 - 34 Years,15741,12574,132,3030,5,79.88,91.57,70.94,20.63
district,Lumbini,Rolpa,Total,35 - 39 Years,12925,8769,177,3976,3,67.85,85.31,54.65,30.66
district,Lumbini,Rolpa,Total,40 - 44 Years,11627,6603,236,4787,1,56.79,79.67,39.9,39.77
district,Lumbini,Rolpa,Total,45 - 49 Years,9956,4888,193,4874,1,49.1,71.97,30.92,41.05
district,Lumbini,Rolpa,Total,50 - 54 Years,10353,4286,172,5892,3,41.4,62.54,23.48,39.06
district,Lumbini,Rolpa,Total,55 - 59 Years,8039,2721,143,5172,3,33.85,53.15,16.88,36.27
district,Lumbini,Rolpa,Total,60 - 64 Years,7173,1733,69,5369,2,24.16,40.23,10.09,30.14
district,Lumbini,Rolpa,Total,65 - 69 Years,5540,1176,56,4307,1,21.23,35.92,7.75,28.17
district,Lumbini,Rolpa,Total,70 - 74 Years,4541,676,51,3812,2,14.89,27.92,4.44,23.48
district,Lumbini,Rolpa,Total,75+ Years,4246,533,20,3687,6,12.55,22.0,4.9,17.1
district,Lumbini,Rolpa,Male,Total,97453,81848,543,15004,58,83.99,83.99,68.45,15.54
district,Lumbini,Rolpa,Male,05 Year,2511,2125,55,303,28,84.63,84.63,85.32,-0.69
district,Lumbini,Rolpa,Male,06 Year,2442,2282,22,132,6,93.45,93.45,93.42,0.03
district,Lumbini,Rolpa,Male,07 Year,2646,2525,26,93,2,95.43,95.43,95.32,0.11
district,Lumbini,Rolpa,Male,08 Year,2487,2416,16,53,2,97.15,97.15,97.29,-0.14
district,Lumbini,Rolpa,Male,09 Year,2363,2338,3,20,2,98.94,98.94,97.97,0.97
district,Lumbini,Rolpa,Male,10 Year,2887,2852,2,33,0,98.79,98.79,98.86,-0.07
district,Lumbini,Rolpa,Male,11 Year,2401,2385,0,15,1,99.33,99.33,98.99,0.34
district,Lumbini,Rolpa,Male,12 Year,2987,2965,1,19,2,99.26,99.26,99.06,0.2
district,Lumbini,Rolpa,Male,13 Year,2878,2841,1,36,0,98.71,98.71,99.34,-0.63
district,Lumbini,Rolpa,Male,14 Year,2848,2819,2,26,1,98.98,98.98,99.03,-0.05
district,Lumbini,Rolpa,Male,15 Year,2851,2825,1,25,0,99.09,99.09,99.1,-0.01
district,Lumbini,Rolpa,Male,16 - 19 Years,9702,9546,9,143,4,98.39,98.39,98.01,0.38
district,Lumbini,Rolpa,Male,20 - 24 Years,10416,10127,12,276,1,97.23,97.23,94.37,2.86
district,Lumbini,Rolpa,Male,25 - 29 Years,7875,7453,17,405,0,94.64,94.64,85.28,9.36
district,Lumbini,Rolpa,Male,30 - 34 Years,6822,6247,29,545,1,91.57,91.57,70.94,20.63
district,Lumbini,Rolpa,Male,35 - 39 Years,5562,4745,27,789,1,85.31,85.31,54.65,30.66
district,Lumbini,Rolpa,Male,40 - 44 Years,4938,3934,50,954,0,79.67,79.67,39.9,39.77
district,Lumbini,Rolpa,Male,45 - 49 Years,4409,3173,42,1193,1,71.97,71.97,30.92,41.05
district,Lumbini,Rolpa,Male,50 - 54 Years,4749,2970,51,1727,1,62.54,62.54,23.48,39.06
district,Lumbini,Rolpa,Male,55 - 59 Years,3761,1999,54,1706,2,53.15,53.15,16.88,36.27
district,Lumbini,Rolpa,Male,60 - 64 Years,3348,1347,42,1958,1,40.23,40.23,10.09,30.14
district,Lumbini,Rolpa,Male,65 - 69 Years,2650,952,34,1664,0,35.92,35.92,7.75,28.17
district,Lumbini,Rolpa,Male,70 - 74 Years,2020,564,33,1422,1,27.92,27.92,4.44,23.48
district,Lumbini,Rolpa,Male,75+ Years,1900,418,14,1467,1,22.0,22.0,4.9,17.1
district,Lumbini,Rolpa,Female,Total,113261,77524,1054,34610,73,68.45,83.99,68.45,15.54
district,Lumbini,Rolpa,Female,05 Year,2269,1936,32,263,38,85.32,84.63,85.32,-0.69
district,Lumbini,Rolpa,Female,06 Year,2416,2257,34,122,3,93.42,93.45,93.42,0.03
district,Lumbini,Rolpa,Female,07 Year,2458,2343,25,89,1,95.32,95.43,95.32,0.11
district,Lumbini,Rolpa,Female,08 Year,2324,2261,12,46,5,97.29,97.15,97.29,-0.14
district,Lumbini,Rolpa,Female,09 Year,2310,2263,6,40,1,97.97,98.94,97.97,0.97
district,Lumbini,Rolpa,Female,10 Year,2723,2692,1,30,0,98.86,98.79,98.86,-0.07
district,Lumbini,Rolpa,Female,11 Year,2374,2350,1,23,0,98.99,99.33,98.99,0.34
district,Lumbini,Rolpa,Female,12 Year,2872,2845,2,24,1,99.06,99.26,99.06,0.2
district,Lumbini,Rolpa,Female,13 Year,2886,2867,2,17,0,99.34,98.71,99.34,-0.63
district,Lumbini,Rolpa,Female,14 Year,2976,2947,0,28,1,99.03,98.98,99.03,-0.05
district,Lumbini,Rolpa,Female,15 Year,2992,2965,0,26,1,99.1,99.09,99.1,-0.01
district,Lumbini,Rolpa,Female,16 - 19 Years,10914,10697,7,209,1,98.01,98.39,98.01,0.38
district,Lumbini,Rolpa,Female,20 - 24 Years,13471,12712,15,742,2,94.37,97.23,94.37,2.86
district,Lumbini,Rolpa,Female,25 - 29 Years,10294,8779,44,1470,1,85.28,94.64,85.28,9.36
district,Lumbini,Rolpa,Female,30 - 34 Years,8919,6327,103,2485,4,70.94,91.57,70.94,20.63
district,Lumbini,Rolpa,Female,35 - 39 Years,7363,4024,150,3187,2,54.65,85.31,54.65,30.66
district,Lumbini,Rolpa,Female,40 - 44 Years,6689,2669,186,3833,1,39.9,79.67,39.9,39.77
district,Lumbini,Rolpa,Female,45 - 49 Years,5547,1715,151,3681,0,30.92,71.97,30.92,41.05
district,Lumbini,Rolpa,Female,50 - 54 Years,5604,1316,121,4165,2,23.48,62.54,23.48,39.06
district,Lumbini,Rolpa,Female,55 - 59 Years,4278,722,89,3466,1,16.88,53.15,16.88,36.27
district,Lumbini,Rolpa,Female,60 - 64 Years,3825,386,27,3411,1,10.09,40.23,10.09,30.14
district,Lumbini,Rolpa,Female,65 - 69 Years,2890,224,22,2643,1,7.75,35.92,7.75,28.17
district,Lumbini,Rolpa,Female,70 - 74 Years,2521,112,18,2390,1,4.44,27.92,4.44,23.48
district,Lumbini,Rolpa,Female,75+ Years,2346,115,6,2220,5,4.9,22.0,4.9,17.1
district,Lumbini,Pyuthan,Total,Total,210494,168663,997,40758,76,80.13,87.88,74.0,13.88
district,Lumbini,Pyuthan,Total,05 Year,4911,4186,95,609,21,85.24,86.19,84.25,1.94
district,Lumbini,Pyuthan,Total,06 Year,5144,4726,75,337,6,91.87,91.31,92.48,-1.17
district,Lumbini,Pyuthan,Total,07 Year,5223,4992,43,185,3,95.58,95.24,95.94,-0.7
district,Lumbini,Pyuthan,Total,08 Year,5507,5381,21,101,4,97.71,97.71,97.72,-0.01
district,Lumbini,Pyuthan,Total,09 Year,5117,5030,15,68,4,98.3,98.09,98.52,-0.43
district,Lumbini,Pyuthan,Total,10 Year,5696,5623,3,69,1,98.72,98.57,98.88,-0.31
district,Lumbini,Pyuthan,Total,11 Year,5070,5025,0,45,0,99.11,99.1,99.13,-0.03
district,Lumbini,Pyuthan,Total,12 Year,6022,5985,3,32,2,99.39,99.34,99.44,-0.1
district,Lumbini,Pyuthan,Total,13 Year,5853,5811,2,38,2,99.28,99.2,99.36,-0.16
district,Lumbini,Pyuthan,Total,14 Year,5963,5923,2,38,0,99.33,99.35,99.31,0.04
district,Lumbini,Pyuthan,Total,15 Year,5770,5725,0,45,0,99.22,99.25,99.19,0.06
district,Lumbini,Pyuthan,Total,16 - 19 Years,19808,19519,13,272,4,98.54,98.8,98.33,0.47
district,Lumbini,Pyuthan,Total,20 - 24 Years,21131,20454,18,656,3,96.8,97.79,96.17,1.62
district,Lumbini,Pyuthan,Total,25 - 29 Years,17523,16310,33,1179,1,93.08,96.63,90.85,5.78
district,Lumbini,Pyuthan,Total,30 - 34 Years,15019,12998,53,1966,2,86.54,93.82,81.88,11.94
district,Lumbini,Pyuthan,Total,35 - 39 Years,13417,10623,76,2716,2,79.18,91.02,71.52,19.5
district,Lumbini,Pyuthan,Total,40 - 44 Years,11606,8146,95,3363,2,70.19,87.22,58.98,28.24
district,Lumbini,Pyuthan,Total,45 - 49 Years,9813,5937,109,3764,3,60.5,81.81,45.87,35.94
district,Lumbini,Pyuthan,Total,50 - 54 Years,10361,5421,110,4828,2,52.32,74.71,35.36,39.35
district,Lumbini,Pyuthan,Total,55 - 59 Years,8147,3593,81,4471,2,44.1,66.37,25.19,41.18
district,Lumbini,Pyuthan,Total,60 - 64 Years,7844,2918,59,4865,2,37.2,58.46,19.16,39.3
district,Lumbini,Pyuthan,Total,65 - 69 Years,6173,2044,45,4081,3,33.11,55.05,14.52,40.53
district,Lumbini,Pyuthan,Total,70 - 74 Years,4645,1267,22,3354,2,27.28,46.53,10.91,35.62
district,Lumbini,Pyuthan,Total,75+ Years,4731,1026,24,3676,5,21.69,38.92,7.13,31.79
district,Lumbini,Pyuthan,Male,Total,92881,81625,327,10899,30,87.88,87.88,74.0,13.88
district,Lumbini,Pyuthan,Male,05 Year,2499,2154,46,291,8,86.19,86.19,84.25,1.94
district,Lumbini,Pyuthan,Male,06 Year,2669,2437,47,180,5,91.31,91.31,92.48,-1.17
district,Lumbini,Pyuthan,Male,07 Year,2710,2581,18,109,2,95.24,95.24,95.94,-0.7
district,Lumbini,Pyuthan,Male,08 Year,2836,2771,12,52,1,97.71,97.71,97.72,-0.01
district,Lumbini,Pyuthan,Male,09 Year,2623,2573,11,38,1,98.09,98.09,98.52,-0.43
district,Lumbini,Pyuthan,Male,10 Year,2939,2897,2,40,0,98.57,98.57,98.88,-0.31
district,Lumbini,Pyuthan,Male,11 Year,2543,2520,0,23,0,99.1,99.1,99.13,-0.03
district,Lumbini,Pyuthan,Male,12 Year,3013,2993,2,17,1,99.34,99.34,99.44,-0.1
district,Lumbini,Pyuthan,Male,13 Year,2880,2857,2,19,2,99.2,99.2,99.36,-0.16
district,Lumbini,Pyuthan,Male,14 Year,2932,2913,2,17,0,99.35,99.35,99.31,0.04
district,Lumbini,Pyuthan,Male,15 Year,2792,2771,0,21,0,99.25,99.25,99.19,0.06
district,Lumbini,Pyuthan,Male,16 - 19 Years,8785,8680,8,95,2,98.8,98.8,98.33,0.47
district,Lumbini,Pyuthan,Male,20 - 24 Years,8223,8041,6,175,1,97.79,97.79,96.17,1.62
district,Lumbini,Pyuthan,Male,25 - 29 Years,6759,6531,4,223,1,96.63,96.63,90.85,5.78
district,Lumbini,Pyuthan,Male,30 - 34 Years,5870,5507,10,352,1,93.82,93.82,81.88,11.94
district,Lumbini,Pyuthan,Male,35 - 39 Years,5266,4793,13,459,1,91.02,91.02,71.52,19.5
district,Lumbini,Pyuthan,Male,40 - 44 Years,4607,4018,9,579,1,87.22,87.22,58.98,28.24
district,Lumbini,Pyuthan,Male,45 - 49 Years,3996,3269,22,705,0,81.81,81.81,45.87,35.94
district,Lumbini,Pyuthan,Male,50 - 54 Years,4465,3336,22,1106,1,74.71,74.71,35.36,39.35
district,Lumbini,Pyuthan,Male,55 - 59 Years,3741,2483,29,1229,0,66.37,66.37,25.19,41.18
district,Lumbini,Pyuthan,Male,60 - 64 Years,3601,2105,21,1475,0,58.46,58.46,19.16,39.3
district,Lumbini,Pyuthan,Male,65 - 69 Years,2832,1559,17,1256,0,55.05,55.05,14.52,40.53
district,Lumbini,Pyuthan,Male,70 - 74 Years,2134,993,13,1127,1,46.53,46.53,10.91,35.62
district,Lumbini,Pyuthan,Male,75+ Years,2166,843,11,1311,1,38.92,38.92,7.13,31.79
district,Lumbini,Pyuthan,Female,Total,117613,87038,670,29859,46,74.0,87.88,74.0,13.88
district,Lumbini,Pyuthan,Female,05 Year,2412,2032,49,318,13,84.25,86.19,84.25,1.94
district,Lumbini,Pyuthan,Female,06 Year,2475,2289,28,157,1,92.48,91.31,92.48,-1.17
district,Lumbini,Pyuthan,Female,07 Year,2513,2411,25,76,1,95.94,95.24,95.94,-0.7
district,Lumbini,Pyuthan,Female,08 Year,2671,2610,9,49,3,97.72,97.71,97.72,-0.01
district,Lumbini,Pyuthan,Female,09 Year,2494,2457,4,30,3,98.52,98.09,98.52,-0.43
district,Lumbini,Pyuthan,Female,10 Year,2757,2726,1,29,1,98.88,98.57,98.88,-0.31
district,Lumbini,Pyuthan,Female,11 Year,2527,2505,0,22,0,99.13,99.1,99.13,-0.03
district,Lumbini,Pyuthan,Female,12 Year,3009,2992,1,15,1,99.44,99.34,99.44,-0.1
district,Lumbini,Pyuthan,Female,13 Year,2973,2954,0,19,0,99.36,99.2,99.36,-0.16
district,Lumbini,Pyuthan,Female,14 Year,3031,3010,0,21,0,99.31,99.35,99.31,0.04
district,Lumbini,Pyuthan,Female,15 Year,2978,2954,0,24,0,99.19,99.25,99.19,0.06
district,Lumbini,Pyuthan,Female,16 - 19 Years,11023,10839,5,177,2,98.33,98.8,98.33,0.47
district,Lumbini,Pyuthan,Female,20 - 24 Years,12908,12413,12,481,2,96.17,97.79,96.17,1.62
district,Lumbini,Pyuthan,Female,25 - 29 Years,10764,9779,29,956,0,90.85,96.63,90.85,5.78
district,Lumbini,Pyuthan,Female,30 - 34 Years,9149,7491,43,1614,1,81.88,93.82,81.88,11.94
district,Lumbini,Pyuthan,Female,35 - 39 Years,8151,5830,63,2257,1,71.52,91.02,71.52,19.5
district,Lumbini,Pyuthan,Female,40 - 44 Years,6999,4128,86,2784,1,58.98,87.22,58.98,28.24
district,Lumbini,Pyuthan,Female,45 - 49 Years,5817,2668,87,3059,3,45.87,81.81,45.87,35.94
district,Lumbini,Pyuthan,Female,50 - 54 Years,5896,2085,88,3722,1,35.36,74.71,35.36,39.35
district,Lumbini,Pyuthan,Female,55 - 59 Years,4406,1110,52,3242,2,25.19,66.37,25.19,41.18
district,Lumbini,Pyuthan,Female,60 - 64 Years,4243,813,38,3390,2,19.16,58.46,19.16,39.3
district,Lumbini,Pyuthan,Female,65 - 69 Years,3341,485,28,2825,3,14.52,55.05,14.52,40.53
district,Lumbini,Pyuthan,Female,70 - 74 Years,2511,274,9,2227,1,10.91,46.53,10.91,35.62
district,Lumbini,Pyuthan,Female,75+ Years,2565,183,13,2365,4,7.13,38.92,7.13,31.79
district,Lumbini,Gulmi,Total,Total,226675,182112,1495,43004,64,80.34,88.01,74.11,13.9
district,Lumbini,Gulmi,Total,05 Year,4575,4151,83,326,15,90.73,89.83,91.72,-1.89
district,Lumbini,Gulmi,Total,06 Year,4620,4444,32,136,8,96.19,95.97,96.46,-0.49
district,Lumbini,Gulmi,Total,07 Year,4682,4564,30,84,4,97.48,97.23,97.75,-0.52
district,Lumbini,Gulmi,Total,08 Year,4755,4687,9,57,2,98.57,98.4,98.75,-0.35
district,Lumbini,Gulmi,Total,09 Year,4673,4630,9,34,0,99.08,98.77,99.42,-0.65
district,Lumbini,Gulmi,Total,10 Year,4874,4840,2,29,3,99.3,99.3,99.3,0.0
district,Lumbini,Gulmi,Total,11 Year,4331,4299,1,30,1,99.26,99.33,99.19,0.14
district,Lumbini,Gulmi,Total,12 Year,4960,4917,1,41,1,99.13,98.95,99.33,-0.38
district,Lumbini,Gulmi,Total,13 Year,4894,4871,2,19,2,99.53,99.48,99.58,-0.1
district,Lumbini,Gulmi,Total,14 Year,5329,5305,2,22,0,99.55,99.62,99.48,0.14
district,Lumbini,Gulmi,Total,15 Year,5457,5413,2,41,1,99.19,99.29,99.1,0.19
district,Lumbini,Gulmi,Total,16 - 19 Years,18930,18737,8,182,3,98.98,98.87,99.08,-0.21
district,Lumbini,Gulmi,Total,20 - 24 Years,19596,19200,16,377,3,97.98,97.98,97.98,0.0
district,Lumbini,Gulmi,Total,25 - 29 Years,18421,17706,27,685,3,96.12,96.7,95.74,0.96
district,Lumbini,Gulmi,Total,30 - 34 Years,15951,14869,43,1037,2,93.22,95.63,91.53,4.1
district,Lumbini,Gulmi,Total,35 - 39 Years,14263,12536,91,1635,1,87.89,92.86,84.7,8.16
district,Lumbini,Gulmi,Total,40 - 44 Years,12817,10554,88,2172,3,82.34,91.86,76.08,15.78
district,Lumbini,Gulmi,Total,45 - 49 Years,12179,8851,160,3166,2,72.67,87.26,62.64,24.62
district,Lumbini,Gulmi,Total,50 - 54 Years,13596,8426,209,4961,0,61.97,82.84,46.35,36.49
district,Lumbini,Gulmi,Total,55 - 59 Years,11630,6066,203,5360,1,52.16,75.53,32.69,42.84
district,Lumbini,Gulmi,Total,60 - 64 Years,11645,5176,205,6261,3,44.45,68.27,23.89,44.38
district,Lumbini,Gulmi,Total,65 - 69 Years,8866,3525,116,5223,2,39.76,64.03,18.51,45.52
district,Lumbini,Gulmi,Total,70 - 74 Years,7214,2304,85,4823,2,31.94,56.14,11.55,44.59
district,Lumbini,Gulmi,Total,75+ Years,8417,2041,71,6303,2,24.25,41.88,6.83,35.05
district,Lumbini,Gulmi,Male,Total,101591,89408,452,11701,30,88.01,88.01,74.11,13.9
district,Lumbini,Gulmi,Male,05 Year,2400,2156,46,186,12,89.83,89.83,91.72,-1.89
district,Lumbini,Gulmi,Male,06 Year,2532,2430,21,78,3,95.97,95.97,96.46,-0.49
district,Lumbini,Gulmi,Male,07 Year,2420,2353,18,46,3,97.23,97.23,97.75,-0.52
district,Lumbini,Gulmi,Male,08 Year,2507,2467,4,36,0,98.4,98.4,98.75,-0.35
district,Lumbini,Gulmi,Male,09 Year,2446,2416,7,23,0,98.77,98.77,99.42,-0.65
district,Lumbini,Gulmi,Male,10 Year,2577,2559,0,17,1,99.3,99.3,99.3,0.0
district,Lumbini,Gulmi,Male,11 Year,2241,2226,1,13,1,99.33,99.33,99.19,0.14
district,Lumbini,Gulmi,Male,12 Year,2560,2533,0,27,0,98.95,98.95,99.33,-0.38
district,Lumbini,Gulmi,Male,13 Year,2493,2480,0,11,2,99.48,99.48,99.58,-0.1
district,Lumbini,Gulmi,Male,14 Year,2654,2644,1,9,0,99.62,99.62,99.48,0.14
district,Lumbini,Gulmi,Male,15 Year,2676,2657,1,18,0,99.29,99.29,99.1,0.19
district,Lumbini,Gulmi,Male,16 - 19 Years,8729,8630,5,93,1,98.87,98.87,99.08,-0.21
district,Lumbini,Gulmi,Male,20 - 24 Years,7772,7615,9,147,1,97.98,97.98,97.98,0.0
district,Lumbini,Gulmi,Male,25 - 29 Years,7269,7029,5,233,2,96.7,96.7,95.74,0.96
district,Lumbini,Gulmi,Male,30 - 34 Years,6568,6281,9,276,2,95.63,95.63,91.53,4.1
district,Lumbini,Gulmi,Male,35 - 39 Years,5575,5177,10,388,0,92.86,92.86,84.7,8.16
district,Lumbini,Gulmi,Male,40 - 44 Years,5088,4674,9,403,2,91.86,91.86,76.08,15.78
district,Lumbini,Gulmi,Male,45 - 49 Years,4962,4330,25,607,0,87.26,87.26,62.64,24.62
district,Lumbini,Gulmi,Male,50 - 54 Years,5821,4822,40,959,0,82.84,82.84,46.35,36.49
district,Lumbini,Gulmi,Male,55 - 59 Years,5285,3992,40,1253,0,75.53,75.53,32.69,42.84
district,Lumbini,Gulmi,Male,60 - 64 Years,5395,3683,53,1659,0,68.27,68.27,23.89,44.38
district,Lumbini,Gulmi,Male,65 - 69 Years,4139,2650,47,1442,0,64.03,64.03,18.51,45.52
district,Lumbini,Gulmi,Male,70 - 74 Years,3299,1852,50,1397,0,56.14,56.14,11.55,44.59
district,Lumbini,Gulmi,Male,75+ Years,4183,1752,51,2380,0,41.88,41.88,6.83,35.05
district,Lumbini,Gulmi,Female,Total,125084,92704,1043,31303,34,74.11,88.01,74.11,13.9
district,Lumbini,Gulmi,Female,05 Year,2175,1995,37,140,3,91.72,89.83,91.72,-1.89
district,Lumbini,Gulmi,Female,06 Year,2088,2014,11,58,5,96.46,95.97,96.46,-0.49
district,Lumbini,Gulmi,Female,07 Year,2262,2211,12,38,1,97.75,97.23,97.75,-0.52
district,Lumbini,Gulmi,Female,08 Year,2248,2220,5,21,2,98.75,98.4,98.75,-0.35
district,Lumbini,Gulmi,Female,09 Year,2227,2214,2,11,0,99.42,98.77,99.42,-0.65
district,Lumbini,Gulmi,Female,10 Year,2297,2281,2,12,2,99.3,99.3,99.3,0.0
district,Lumbini,Gulmi,Female,11 Year,2090,2073,0,17,0,99.19,99.33,99.19,0.14
district,Lumbini,Gulmi,Female,12 Year,2400,2384,1,14,1,99.33,98.95,99.33,-0.38
district,Lumbini,Gulmi,Female,13 Year,2401,2391,2,8,0,99.58,99.48,99.58,-0.1
district,Lumbini,Gulmi,Female,14 Year,2675,2661,1,13,0,99.48,99.62,99.48,0.14
district,Lumbini,Gulmi,Female,15 Year,2781,2756,1,23,1,99.1,99.29,99.1,0.19
district,Lumbini,Gulmi,Female,16 - 19 Years,10201,10107,3,89,2,99.08,98.87,99.08,-0.21
district,Lumbini,Gulmi,Female,20 - 24 Years,11824,11585,7,230,2,97.98,97.98,97.98,0.0
district,Lumbini,Gulmi,Female,25 - 29 Years,11152,10677,22,452,1,95.74,96.7,95.74,0.96
district,Lumbini,Gulmi,Female,30 - 34 Years,9383,8588,34,761,0,91.53,95.63,91.53,4.1
district,Lumbini,Gulmi,Female,35 - 39 Years,8688,7359,81,1247,1,84.7,92.86,84.7,8.16
district,Lumbini,Gulmi,Female,40 - 44 Years,7729,5880,79,1769,1,76.08,91.86,76.08,15.78
district,Lumbini,Gulmi,Female,45 - 49 Years,7217,4521,135,2559,2,62.64,87.26,62.64,24.62
district,Lumbini,Gulmi,Female,50 - 54 Years,7775,3604,169,4002,0,46.35,82.84,46.35,36.49
district,Lumbini,Gulmi,Female,55 - 59 Years,6345,2074,163,4107,1,32.69,75.53,32.69,42.84
district,Lumbini,Gulmi,Female,60 - 64 Years,6250,1493,152,4602,3,23.89,68.27,23.89,44.38
district,Lumbini,Gulmi,Female,65 - 69 Years,4727,875,69,3781,2,18.51,64.03,18.51,45.52
district,Lumbini,Gulmi,Female,70 - 74 Years,3915,452,35,3426,2,11.55,56.14,11.55,44.59
district,Lumbini,Gulmi,Female,75+ Years,4234,289,20,3923,2,6.83,41.88,6.83,35.05
district,Lumbini,Arghakhanchi,Total,Total,162593,130150,1182,31210,51,80.05,87.75,73.8,13.95
district,Lumbini,Arghakhanchi,Total,05 Year,3361,2954,60,325,22,87.89,88.41,87.31,1.1
district,Lumbini,Arghakhanchi,Total,06 Year,3524,3312,46,162,4,93.98,94.23,93.7,0.53
district,Lumbini,Arghakhanchi,Total,07 Year,3211,3117,21,71,2,97.07,97.65,96.42,1.23
district,Lumbini,Arghakhanchi,Total,08 Year,3506,3447,13,45,1,98.32,97.99,98.7,-0.71
district,Lumbini,Arghakhanchi,Total,09 Year,3360,3319,11,28,2,98.78,98.87,98.67,0.2
district,Lumbini,Arghakhanchi,Total,10 Year,3608,3582,1,24,1,99.28,99.33,99.22,0.11
district,Lumbini,Arghakhanchi,Total,11 Year,3250,3228,2,19,1,99.32,99.07,99.61,-0.54
district,Lumbini,Arghakhanchi,Total,12 Year,3762,3741,3,18,0,99.44,99.27,99.62,-0.35
district,Lumbini,Arghakhanchi,Total,13 Year,3721,3699,2,20,0,99.41,99.37,99.45,-0.08
district,Lumbini,Arghakhanchi,Total,14 Year,3853,3824,2,26,1,99.25,99.13,99.37,-0.24
district,Lumbini,Arghakhanchi,Total,15 Year,3804,3777,4,23,0,99.29,99.29,99.29,0.0
district,Lumbini,Arghakhanchi,Total,16 - 19 Years,13338,13201,2,133,2,98.97,98.81,99.11,-0.3
district,Lumbini,Arghakhanchi,Total,20 - 24 Years,14106,13779,9,315,3,97.68,97.66,97.69,-0.03
district,Lumbini,Arghakhanchi,Total,25 - 29 Years,13299,12722,25,549,3,95.66,96.94,94.87,2.07
district,Lumbini,Arghakhanchi,Total,30 - 34 Years,11554,10735,40,777,2,92.91,96.11,90.74,5.37
district,Lumbini,Arghakhanchi,Total,35 - 39 Years,10578,9410,65,1102,1,88.96,94.29,85.46,8.83
district,Lumbini,Arghakhanchi,Total,40 - 44 Years,9631,7828,90,1713,0,81.28,91.98,74.19,17.79
district,Lumbini,Arghakhanchi,Total,45 - 49 Years,8708,6146,119,2442,1,70.58,88.36,58.65,29.71
district,Lumbini,Arghakhanchi,Total,50 - 54 Years,9712,5848,144,3719,1,60.21,81.59,44.31,37.28
district,Lumbini,Arghakhanchi,Total,55 - 59 Years,8145,4043,131,3971,0,49.64,73.69,28.7,44.99
district,Lumbini,Arghakhanchi,Total,60 - 64 Years,7870,3336,145,4389,0,42.39,64.89,21.75,43.14
district,Lumbini,Arghakhanchi,Total,65 - 69 Years,6073,2251,90,3732,0,37.07,61.7,15.22,46.48
district,Lumbini,Arghakhanchi,Total,70 - 74 Years,4765,1501,65,3198,1,31.5,54.22,10.3,43.92
district,Lumbini,Arghakhanchi,Total,75+ Years,5854,1350,92,4409,3,23.06,41.27,5.15,36.12
district,Lumbini,Arghakhanchi,Male,Total,72818,63896,400,8500,22,87.75,87.75,73.8,13.95
district,Lumbini,Arghakhanchi,Male,05 Year,1777,1571,26,170,10,88.41,88.41,87.31,1.1
district,Lumbini,Arghakhanchi,Male,06 Year,1889,1780,24,82,3,94.23,94.23,93.7,0.53
district,Lumbini,Arghakhanchi,Male,07 Year,1701,1661,9,30,1,97.65,97.65,96.42,1.23
district,Lumbini,Arghakhanchi,Male,08 Year,1891,1853,8,29,1,97.99,97.99,98.7,-0.71
district,Lumbini,Arghakhanchi,Male,09 Year,1777,1757,4,16,0,98.87,98.87,98.67,0.2
district,Lumbini,Arghakhanchi,Male,10 Year,1940,1927,0,13,0,99.33,99.33,99.22,0.11
district,Lumbini,Arghakhanchi,Male,11 Year,1724,1708,1,14,1,99.07,99.07,99.61,-0.54
district,Lumbini,Arghakhanchi,Male,12 Year,1927,1913,2,12,0,99.27,99.27,99.62,-0.35
district,Lumbini,Arghakhanchi,Male,13 Year,1897,1885,2,10,0,99.37,99.37,99.45,-0.08
district,Lumbini,Arghakhanchi,Male,14 Year,1945,1928,1,15,1,99.13,99.13,99.37,-0.24
district,Lumbini,Arghakhanchi,Male,15 Year,1825,1812,2,11,0,99.29,99.29,99.29,0.0
district,Lumbini,Arghakhanchi,Male,16 - 19 Years,6028,5956,1,71,0,98.81,98.81,99.11,-0.3
district,Lumbini,Arghakhanchi,Male,20 - 24 Years,5474,5346,2,124,2,97.66,97.66,97.69,-0.03
district,Lumbini,Arghakhanchi,Male,25 - 29 Years,5070,4915,11,142,2,96.94,96.94,94.87,2.07
district,Lumbini,Arghakhanchi,Male,30 - 34 Years,4673,4491,10,172,0,96.11,96.11,90.74,5.37
district,Lumbini,Arghakhanchi,Male,35 - 39 Years,4188,3949,10,229,0,94.29,94.29,85.46,8.83
district,Lumbini,Arghakhanchi,Male,40 - 44 Years,3839,3531,11,297,0,91.98,91.98,74.19,17.79
district,Lumbini,Arghakhanchi,Male,45 - 49 Years,3497,3090,18,388,1,88.36,88.36,58.65,29.71
district,Lumbini,Arghakhanchi,Male,50 - 54 Years,4144,3381,25,738,0,81.59,81.59,44.31,37.28
district,Lumbini,Arghakhanchi,Male,55 - 59 Years,3790,2793,27,970,0,73.69,73.69,28.7,44.99
district,Lumbini,Arghakhanchi,Male,60 - 64 Years,3765,2443,46,1276,0,64.89,64.89,21.75,43.14
district,Lumbini,Arghakhanchi,Male,65 - 69 Years,2854,1761,45,1048,0,61.7,61.7,15.22,46.48
district,Lumbini,Arghakhanchi,Male,70 - 74 Years,2300,1247,42,1011,0,54.22,54.22,10.3,43.92
district,Lumbini,Arghakhanchi,Male,75+ Years,2903,1198,73,1632,0,41.27,41.27,5.15,36.12
district,Lumbini,Arghakhanchi,Female,Total,89775,66254,782,22710,29,73.8,87.75,73.8,13.95
district,Lumbini,Arghakhanchi,Female,05 Year,1584,1383,34,155,12,87.31,88.41,87.31,1.1
district,Lumbini,Arghakhanchi,Female,06 Year,1635,1532,22,80,1,93.7,94.23,93.7,0.53
district,Lumbini,Arghakhanchi,Female,07 Year,1510,1456,12,41,1,96.42,97.65,96.42,1.23
district,Lumbini,Arghakhanchi,Female,08 Year,1615,1594,5,16,0,98.7,97.99,98.7,-0.71
district,Lumbini,Arghakhanchi,Female,09 Year,1583,1562,7,12,2,98.67,98.87,98.67,0.2
district,Lumbini,Arghakhanchi,Female,10 Year,1668,1655,1,11,1,99.22,99.33,99.22,0.11
district,Lumbini,Arghakhanchi,Female,11 Year,1526,1520,1,5,0,99.61,99.07,99.61,-0.54
district,Lumbini,Arghakhanchi,Female,12 Year,1835,1828,1,6,0,99.62,99.27,99.62,-0.35
district,Lumbini,Arghakhanchi,Female,13 Year,1824,1814,0,10,0,99.45,99.37,99.45,-0.08
district,Lumbini,Arghakhanchi,Female,14 Year,1908,1896,1,11,0,99.37,99.13,99.37,-0.24
district,Lumbini,Arghakhanchi,Female,15 Year,1979,1965,2,12,0,99.29,99.29,99.29,0.0
district,Lumbini,Arghakhanchi,Female,16 - 19 Years,7310,7245,1,62,2,99.11,98.81,99.11,-0.3
district,Lumbini,Arghakhanchi,Female,20 - 24 Years,8632,8433,7,191,1,97.69,97.66,97.69,-0.03
district,Lumbini,Arghakhanchi,Female,25 - 29 Years,8229,7807,14,407,1,94.87,96.94,94.87,2.07
district,Lumbini,Arghakhanchi,Female,30 - 34 Years,6881,6244,30,605,2,90.74,96.11,90.74,5.37
district,Lumbini,Arghakhanchi,Female,35 - 39 Years,6390,5461,55,873,1,85.46,94.29,85.46,8.83
district,Lumbini,Arghakhanchi,Female,40 - 44 Years,5792,4297,79,1416,0,74.19,91.98,74.19,17.79
district,Lumbini,Arghakhanchi,Female,45 - 49 Years,5211,3056,101,2054,0,58.65,88.36,58.65,29.71
district,Lumbini,Arghakhanchi,Female,50 - 54 Years,5568,2467,119,2981,1,44.31,81.59,44.31,37.28
district,Lumbini,Arghakhanchi,Female,55 - 59 Years,4355,1250,104,3001,0,28.7,73.69,28.7,44.99
district,Lumbini,Arghakhanchi,Female,60 - 64 Years,4105,893,99,3113,0,21.75,64.89,21.75,43.14
district,Lumbini,Arghakhanchi,Female,65 - 69 Years,3219,490,45,2684,0,15.22,61.7,15.22,46.48
district,Lumbini,Arghakhanchi,Female,70 - 74 Years,2465,254,23,2187,1,10.3,54.22,10.3,43.92
district,Lumbini,Arghakhanchi,Female,75+ Years,2951,152,19,2777,3,5.15,41.27,5.15,36.12
district,Lumbini,Palpa,Total,Total,227126,190041,1411,35586,88,83.67,90.51,77.97,12.54
district,Lumbini,Palpa,Total,05 Year,3922,3597,53,246,26,91.71,91.41,92.03,-0.62
district,Lumbini,Palpa,Total,06 Year,4167,4012,28,117,10,96.28,95.82,96.77,-0.95
district,Lumbini,Palpa,Total,07 Year,4247,4176,8,58,5,98.33,97.99,98.69,-0.7
district,Lumbini,Palpa,Total,08 Year,4219,4179,10,27,3,99.05,98.97,99.14,-0.17
district,Lumbini,Palpa,Total,09 Year,4254,4226,1,26,1,99.34,99.37,99.31,0.06
district,Lumbini,Palpa,Total,10 Year,4283,4253,3,25,2,99.3,99.11,99.51,-0.4
district,Lumbini,Palpa,Total,11 Year,4027,4011,0,16,0,99.6,99.37,99.85,-0.48
district,Lumbini,Palpa,Total,12 Year,4442,4419,1,22,0,99.48,99.39,99.58,-0.19
district,Lumbini,Palpa,Total,13 Year,4484,4466,2,14,2,99.6,99.6,99.6,0.0
district,Lumbini,Palpa,Total,14 Year,4817,4793,0,22,2,99.5,99.51,99.49,0.02
district,Lumbini,Palpa,Total,15 Year,5066,5039,2,24,1,99.47,99.49,99.45,0.04
district,Lumbini,Palpa,Total,16 - 19 Years,19262,19123,7,125,7,99.28,99.24,99.31,-0.07
district,Lumbini,Palpa,Total,20 - 24 Years,21761,21478,12,264,7,98.7,98.67,98.72,-0.05
district,Lumbini,Palpa,Total,25 - 29 Years,20303,19795,26,475,7,97.5,97.63,97.4,0.23
district,Lumbini,Palpa,Total,30 - 34 Years,18206,17366,49,790,1,95.39,97.23,94.06,3.17
district,Lumbini,Palpa,Total,35 - 39 Years,16514,15160,68,1284,2,91.8,95.92,88.79,7.13
district,Lumbini,Palpa,Total,40 - 44 Years,14392,12379,110,1903,0,86.01,93.3,80.75,12.55
district,Lumbini,Palpa,Total,45 - 49 Years,13040,10145,152,2742,1,77.8,91.21,67.68,23.53
district,Lumbini,Palpa,Total,50 - 54 Years,13698,9332,203,4161,2,68.13,86.52,53.21,33.31
district,Lumbini,Palpa,Total,55 - 59 Years,10928,6262,180,4485,1,57.3,79.53,38.39,41.14
district,Lumbini,Palpa,Total,60 - 64 Years,10009,4808,179,5018,4,48.04,70.78,28.08,42.7
district,Lumbini,Palpa,Total,65 - 69 Years,8113,3312,125,4676,0,40.82,64.12,21.01,43.11
district,Lumbini,Palpa,Total,70 - 74 Years,5923,1960,85,3876,2,33.09,54.26,15.95,38.31
district,Lumbini,Palpa,Total,75+ Years,7049,1750,107,5190,2,24.83,43.62,8.95,34.67
district,Lumbini,Palpa,Male,Total,103283,93483,429,9331,40,90.51,90.51,77.97,12.54
district,Lumbini,Palpa,Male,05 Year,2002,1830,27,134,11,91.41,91.41,92.03,-0.62
district,Lumbini,Palpa,Male,06 Year,2152,2062,18,66,6,95.82,95.82,96.77,-0.95
district,Lumbini,Palpa,Male,07 Year,2187,2143,4,36,4,97.99,97.99,98.69,-0.7
district,Lumbini,Palpa,Male,08 Year,2241,2218,5,16,2,98.97,98.97,99.14,-0.17
district,Lumbini,Palpa,Male,09 Year,2232,2218,0,14,0,99.37,99.37,99.31,0.06
district,Lumbini,Palpa,Male,10 Year,2253,2233,3,16,1,99.11,99.11,99.51,-0.4
district,Lumbini,Palpa,Male,11 Year,2061,2048,0,13,0,99.37,99.37,99.85,-0.48
district,Lumbini,Palpa,Male,12 Year,2283,2269,1,13,0,99.39,99.39,99.58,-0.19
district,Lumbini,Palpa,Male,13 Year,2223,2214,2,6,1,99.6,99.6,99.6,0.0
district,Lumbini,Palpa,Male,14 Year,2455,2443,0,11,1,99.51,99.51,99.49,0.02
district,Lumbini,Palpa,Male,15 Year,2533,2520,0,12,1,99.49,99.49,99.45,0.04
district,Lumbini,Palpa,Male,16 - 19 Years,9339,9268,4,64,3,99.24,99.24,99.31,-0.07
district,Lumbini,Palpa,Male,20 - 24 Years,9355,9231,5,115,4,98.67,98.67,98.72,-0.05
district,Lumbini,Palpa,Male,25 - 29 Years,8281,8085,10,183,3,97.63,97.63,97.4,0.23
district,Lumbini,Palpa,Male,30 - 34 Years,7624,7413,12,198,1,97.23,97.23,94.06,3.17
district,Lumbini,Palpa,Male,35 - 39 Years,6980,6695,17,268,0,95.92,95.92,88.79,7.13
district,Lumbini,Palpa,Male,40 - 44 Years,6032,5628,13,391,0,93.3,93.3,80.75,12.55
district,Lumbini,Palpa,Male,45 - 49 Years,5607,5114,23,470,0,91.21,91.21,67.68,23.53
district,Lumbini,Palpa,Male,50 - 54 Years,6135,5308,44,783,0,86.52,86.52,53.21,33.31
district,Lumbini,Palpa,Male,55 - 59 Years,5023,3995,45,983,0,79.53,79.53,38.39,41.14
district,Lumbini,Palpa,Male,60 - 64 Years,4678,3311,51,1314,2,70.78,70.78,28.08,42.7
district,Lumbini,Palpa,Male,65 - 69 Years,3729,2391,51,1287,0,64.12,64.12,21.01,43.11
district,Lumbini,Palpa,Male,70 - 74 Years,2650,1438,36,1176,0,54.26,54.26,15.95,38.31
district,Lumbini,Palpa,Male,75+ Years,3228,1408,58,1762,0,43.62,43.62,8.95,34.67
district,Lumbini,Palpa,Female,Total,123843,96558,982,26255,48,77.97,90.51,77.97,12.54
district,Lumbini,Palpa,Female,05 Year,1920,1767,26,112,15,92.03,91.41,92.03,-0.62
district,Lumbini,Palpa,Female,06 Year,2015,1950,10,51,4,96.77,95.82,96.77,-0.95
district,Lumbini,Palpa,Female,07 Year,2060,2033,4,22,1,98.69,97.99,98.69,-0.7
district,Lumbini,Palpa,Female,08 Year,1978,1961,5,11,1,99.14,98.97,99.14,-0.17
district,Lumbini,Palpa,Female,09 Year,2022,2008,1,12,1,99.31,99.37,99.31,0.06
district,Lumbini,Palpa,Female,10 Year,2030,2020,0,9,1,99.51,99.11,99.51,-0.4
district,Lumbini,Palpa,Female,11 Year,1966,1963,0,3,0,99.85,99.37,99.85,-0.48
district,Lumbini,Palpa,Female,12 Year,2159,2150,0,9,0,99.58,99.39,99.58,-0.19
district,Lumbini,Palpa,Female,13 Year,2261,2252,0,8,1,99.6,99.6,99.6,0.0
district,Lumbini,Palpa,Female,14 Year,2362,2350,0,11,1,99.49,99.51,99.49,0.02
district,Lumbini,Palpa,Female,15 Year,2533,2519,2,12,0,99.45,99.49,99.45,0.04
district,Lumbini,Palpa,Female,16 - 19 Years,9923,9855,3,61,4,99.31,99.24,99.31,-0.07
district,Lumbini,Palpa,Female,20 - 24 Years,12406,12247,7,149,3,98.72,98.67,98.72,-0.05
district,Lumbini,Palpa,Female,25 - 29 Years,12022,11710,16,292,4,97.4,97.63,97.4,0.23
district,Lumbini,Palpa,Female,30 - 34 Years,10582,9953,37,592,0,94.06,97.23,94.06,3.17
district,Lumbini,Palpa,Female,35 - 39 Years,9534,8465,51,1016,2,88.79,95.92,88.79,7.13
district,Lumbini,Palpa,Female,40 - 44 Years,8360,6751,97,1512,0,80.75,93.3,80.75,12.55
district,Lumbini,Palpa,Female,45 - 49 Years,7433,5031,129,2272,1,67.68,91.21,67.68,23.53
district,Lumbini,Palpa,Female,50 - 54 Years,7563,4024,159,3378,2,53.21,86.52,53.21,33.31
district,Lumbini,Palpa,Female,55 - 59 Years,5905,2267,135,3502,1,38.39,79.53,38.39,41.14
district,Lumbini,Palpa,Female,60 - 64 Years,5331,1497,128,3704,2,28.08,70.78,28.08,42.7
district,Lumbini,Palpa,Female,65 - 69 Years,4384,921,74,3389,0,21.01,64.12,21.01,43.11
district,Lumbini,Palpa,Female,70 - 74 Years,3273,522,49,2700,2,15.95,54.26,15.95,38.31
district,Lumbini,Palpa,Female,75+ Years,3821,342,49,3428,2,8.95,43.62,8.95,34.67
district,Lumbini,Nawalparasi (Bardaghat Susta West),Total,Total,355735,277362,2110,76103,160,77.97,86.27,70.21,16.06
district,Lumbini,Nawalparasi (Bardaghat Susta West),Total,05 Year,7308,6484,76,690,58,88.72,88.01,89.55,-1.54
district,Lumbini,Nawalparasi (Bardaghat Susta West),Total,06 Year,7058,6615,65,358,20,93.72,93.74,93.71,0.03
district,Lumbini,Nawalparasi (Bardaghat Susta West),Total,07 Year,6817,6561,48,200,8,96.24,96.1,96.39,-0.29
district,Lumbini,Nawalparasi (Bardaghat Susta West),Total,08 Year,7629,7417,41,168,3,97.22,97.23,97.22,0.01
district,Lumbini,Nawalparasi (Bardaghat Susta West),Total,09 Year,6269,6163,17,83,6,98.31,98.19,98.44,-0.25
district,Lumbini,Nawalparasi (Bardaghat Susta West),Total,10 Year,7965,7832,6,123,4,98.33,98.35,98.3,0.05
district,Lumbini,Nawalparasi (Bardaghat Susta West),Total,11 Year,5809,5753,4,51,1,99.04,99.09,98.98,0.11
district,Lumbini,Nawalparasi (Bardaghat Susta West),Total,12 Year,7732,7637,3,90,2,98.77,98.52,99.05,-0.53
district,Lumbini,Nawalparasi (Bardaghat Susta West),Total,13 Year,6743,6682,2,57,2,99.1,99.1,99.09,0.01
district,Lumbini,Nawalparasi (Bardaghat Susta West),Total,14 Year,7202,7104,1,97,0,98.64,98.46,98.83,-0.37
district,Lumbini,Nawalparasi (Bardaghat Susta West),Total,15 Year,7552,7454,4,92,2,98.7,98.91,98.49,0.42
district,Lumbini,Nawalparasi (Bardaghat Susta West),Total,16 - 19 Years,31553,30879,15,655,4,97.86,98.17,97.55,0.62
district,Lumbini,Nawalparasi (Bardaghat Susta West),Total,20 - 24 Years,38435,36718,52,1657,8,95.53,97.06,94.18,2.88
district,Lumbini,Nawalparasi (Bardaghat Susta West),Total,25 - 29 Years,33849,30716,82,3043,8,90.74,94.78,87.53,7.25
district,Lumbini,Nawalparasi (Bardaghat Susta West),Total,30 - 34 Years,30210,25466,124,4614,6,84.3,92.62,77.67,14.95
district,Lumbini,Nawalparasi (Bardaghat Susta West),Total,35 - 39 Years,29437,21993,198,7244,2,74.71,88.57,63.3,25.27
district,Lumbini,Nawalparasi (Bardaghat Susta West),Total,40 - 44 Years,24428,16542,219,7665,2,67.72,83.7,53.52,30.18
district,Lumbini,Nawalparasi (Bardaghat Susta West),Total,45 - 49 Years,18446,11112,195,7137,2,60.24,77.58,43.99,33.59
district,Lumbini,Nawalparasi (Bardaghat Susta West),Total,50 - 54 Years,18503,9521,260,8716,6,51.46,72.11,32.51,39.6
district,Lumbini,Nawalparasi (Bardaghat Susta West),Total,55 - 59 Years,14096,6282,194,7616,4,44.57,64.0,24.58,39.42
district,Lumbini,Nawalparasi (Bardaghat Susta West),Total,60 - 64 Years,12153,4721,179,7252,1,38.85,61.56,18.19,43.37
district,Lumbini,Nawalparasi (Bardaghat Susta West),Total,65 - 69 Years,10829,3746,129,6951,3,34.59,55.44,13.76,41.68
district,Lumbini,Nawalparasi (Bardaghat Susta West),Total,70 - 74 Years,7974,2181,113,5675,5,27.35,45.51,8.9,36.61
district,Lumbini,Nawalparasi (Bardaghat Susta West),Total,75+ Years,7738,1783,83,5869,3,23.04,38.0,7.53,30.47
district,Lumbini,Nawalparasi (Bardaghat Susta West),Male,Total,171876,148280,702,22809,85,86.27,86.27,70.21,16.06
district,Lumbini,Nawalparasi (Bardaghat Susta West),Male,05 Year,3929,3458,37,401,33,88.01,88.01,89.55,-1.54
district,Lumbini,Nawalparasi (Bardaghat Susta West),Male,06 Year,3721,3488,33,187,13,93.74,93.74,93.71,0.03
district,Lumbini,Nawalparasi (Bardaghat Susta West),Male,07 Year,3462,3327,25,104,6,96.1,96.1,96.39,-0.29
district,Lumbini,Nawalparasi (Bardaghat Susta West),Male,08 Year,4073,3960,23,89,1,97.23,97.23,97.22,0.01
district,Lumbini,Nawalparasi (Bardaghat Susta West),Male,09 Year,3257,3198,10,47,2,98.19,98.19,98.44,-0.25
district,Lumbini,Nawalparasi (Bardaghat Susta West),Male,10 Year,4190,4121,3,63,3,98.35,98.35,98.3,0.05
district,Lumbini,Nawalparasi (Bardaghat Susta West),Male,11 Year,3063,3035,3,24,1,99.09,99.09,98.98,0.11
district,Lumbini,Nawalparasi (Bardaghat Susta West),Male,12 Year,4058,3998,3,55,2,98.52,98.52,99.05,-0.53
district,Lumbini,Nawalparasi (Bardaghat Susta West),Male,13 Year,3324,3294,1,28,1,99.1,99.1,99.09,0.01
district,Lumbini,Nawalparasi (Bardaghat Susta West),Male,14 Year,3626,3570,1,55,0,98.46,98.46,98.83,-0.37
district,Lumbini,Nawalparasi (Bardaghat Susta West),Male,15 Year,3837,3795,3,38,1,98.91,98.91,98.49,0.42
district,Lumbini,Nawalparasi (Bardaghat Susta West),Male,16 - 19 Years,15979,15686,9,282,2,98.17,98.17,97.55,0.62
district,Lumbini,Nawalparasi (Bardaghat Susta West),Male,20 - 24 Years,18088,17556,18,510,4,97.06,97.06,94.18,2.88
district,Lumbini,Nawalparasi (Bardaghat Susta West),Male,25 - 29 Years,15014,14230,20,761,3,94.78,94.78,87.53,7.25
district,Lumbini,Nawalparasi (Bardaghat Susta West),Male,30 - 34 Years,13391,12403,28,957,3,92.62,92.62,77.67,14.95
district,Lumbini,Nawalparasi (Bardaghat Susta West),Male,35 - 39 Years,13293,11774,40,1477,2,88.57,88.57,63.3,25.27
district,Lumbini,Nawalparasi (Bardaghat Susta West),Male,40 - 44 Years,11491,9618,63,1809,1,83.7,83.7,53.52,30.18
district,Lumbini,Nawalparasi (Bardaghat Susta West),Male,45 - 49 Years,8922,6922,36,1963,1,77.58,77.58,43.99,33.59
district,Lumbini,Nawalparasi (Bardaghat Susta West),Male,50 - 54 Years,8852,6383,62,2405,2,72.11,72.11,32.51,39.6
district,Lumbini,Nawalparasi (Bardaghat Susta West),Male,55 - 59 Years,7147,4574,56,2516,1,64.0,64.0,24.58,39.42
district,Lumbini,Nawalparasi (Bardaghat Susta West),Male,60 - 64 Years,5788,3563,48,2176,1,61.56,61.56,18.19,43.37
district,Lumbini,Nawalparasi (Bardaghat Susta West),Male,65 - 69 Years,5413,3001,61,2350,1,55.44,55.44,13.76,41.68
district,Lumbini,Nawalparasi (Bardaghat Susta West),Male,70 - 74 Years,4019,1829,62,2127,1,45.51,45.51,8.9,36.61
district,Lumbini,Nawalparasi (Bardaghat Susta West),Male,75+ Years,3939,1497,57,2385,0,38.0,38.0,7.53,30.47
district,Lumbini,Nawalparasi (Bardaghat Susta West),Female,Total,183859,129082,1408,53294,75,70.21,86.27,70.21,16.06
district,Lumbini,Nawalparasi (Bardaghat Susta West),Female,05 Year,3379,3026,39,289,25,89.55,88.01,89.55,-1.54
district,Lumbini,Nawalparasi (Bardaghat Susta West),Female,06 Year,3337,3127,32,171,7,93.71,93.74,93.71,0.03
district,Lumbini,Nawalparasi (Bardaghat Susta West),Female,07 Year,3355,3234,23,96,2,96.39,96.1,96.39,-0.29
district,Lumbini,Nawalparasi (Bardaghat Susta West),Female,08 Year,3556,3457,18,79,2,97.22,97.23,97.22,0.01
district,Lumbini,Nawalparasi (Bardaghat Susta West),Female,09 Year,3012,2965,7,36,4,98.44,98.19,98.44,-0.25
district,Lumbini,Nawalparasi (Bardaghat Susta West),Female,10 Year,3775,3711,3,60,1,98.3,98.35,98.3,0.05
district,Lumbini,Nawalparasi (Bardaghat Susta West),Female,11 Year,2746,2718,1,27,0,98.98,99.09,98.98,0.11
district,Lumbini,Nawalparasi (Bardaghat Susta West),Female,12 Year,3674,3639,0,35,0,99.05,98.52,99.05,-0.53
district,Lumbini,Nawalparasi (Bardaghat Susta West),Female,13 Year,3419,3388,1,29,1,99.09,99.1,99.09,0.01
district,Lumbini,Nawalparasi (Bardaghat Susta West),Female,14 Year,3576,3534,0,42,0,98.83,98.46,98.83,-0.37
district,Lumbini,Nawalparasi (Bardaghat Susta West),Female,15 Year,3715,3659,1,54,1,98.49,98.91,98.49,0.42
district,Lumbini,Nawalparasi (Bardaghat Susta West),Female,16 - 19 Years,15574,15193,6,373,2,97.55,98.17,97.55,0.62
district,Lumbini,Nawalparasi (Bardaghat Susta West),Female,20 - 24 Years,20347,19162,34,1147,4,94.18,97.06,94.18,2.88
district,Lumbini,Nawalparasi (Bardaghat Susta West),Female,25 - 29 Years,18835,16486,62,2282,5,87.53,94.78,87.53,7.25
district,Lumbini,Nawalparasi (Bardaghat Susta West),Female,30 - 34 Years,16819,13063,96,3657,3,77.67,92.62,77.67,14.95
district,Lumbini,Nawalparasi (Bardaghat Susta West),Female,35 - 39 Years,16144,10219,158,5767,0,63.3,88.57,63.3,25.27
district,Lumbini,Nawalparasi (Bardaghat Susta West),Female,40 - 44 Years,12937,6924,156,5856,1,53.52,83.7,53.52,30.18
district,Lumbini,Nawalparasi (Bardaghat Susta West),Female,45 - 49 Years,9524,4190,159,5174,1,43.99,77.58,43.99,33.59
district,Lumbini,Nawalparasi (Bardaghat Susta West),Female,50 - 54 Years,9651,3138,198,6311,4,32.51,72.11,32.51,39.6
district,Lumbini,Nawalparasi (Bardaghat Susta West),Female,55 - 59 Years,6949,1708,138,5100,3,24.58,64.0,24.58,39.42
district,Lumbini,Nawalparasi (Bardaghat Susta West),Female,60 - 64 Years,6365,1158,131,5076,0,18.19,61.56,18.19,43.37
district,Lumbini,Nawalparasi (Bardaghat Susta West),Female,65 - 69 Years,5416,745,68,4601,2,13.76,55.44,13.76,41.68
district,Lumbini,Nawalparasi (Bardaghat Susta West),Female,70 - 74 Years,3955,352,51,3548,4,8.9,45.51,8.9,36.61
district,Lumbini,Nawalparasi (Bardaghat Susta West),Female,75+ Years,3799,286,26,3484,3,7.53,38.0,7.53,30.47
district,Lumbini,Rupandehi,Total,Total,1030270,836866,3508,189222,674,81.23,88.36,74.45,13.91
district,Lumbini,Rupandehi,Total,05 Year,21575,17969,263,3046,297,83.29,83.01,83.59,-0.58
district,Lumbini,Rupandehi,Total,06 Year,21336,19178,238,1839,81,89.89,90.23,89.51,0.72
district,Lumbini,Rupandehi,Total,07 Year,19891,18676,176,999,40,93.89,94.12,93.64,0.48
district,Lumbini,Rupandehi,Total,08 Year,23203,22106,177,890,30,95.27,95.35,95.18,0.17
district,Lumbini,Rupandehi,Total,09 Year,18227,17766,89,357,15,97.47,97.54,97.39,0.15
district,Lumbini,Rupandehi,Total,10 Year,24664,24115,49,497,3,97.77,97.78,97.77,0.01
district,Lumbini,Rupandehi,Total,11 Year,16979,16771,19,182,7,98.77,98.8,98.75,0.05
district,Lumbini,Rupandehi,Total,12 Year,24044,23662,11,361,10,98.41,98.5,98.32,0.18
district,Lumbini,Rupandehi,Total,13 Year,20573,20310,9,245,9,98.72,98.74,98.7,0.04
district,Lumbini,Rupandehi,Total,14 Year,22161,21821,7,329,4,98.47,98.53,98.39,0.14
district,Lumbini,Rupandehi,Total,15 Year,22842,22392,11,436,3,98.03,98.15,97.9,0.25
district,Lumbini,Rupandehi,Total,16 - 19 Years,95638,93198,36,2386,18,97.45,97.85,97.02,0.83
district,Lumbini,Rupandehi,Total,20 - 24 Years,113818,107983,73,5736,26,94.87,96.8,93.1,3.7
district,Lumbini,Rupandehi,Total,25 - 29 Years,99650,89850,108,9663,29,90.17,94.76,86.45,8.31
district,Lumbini,Rupandehi,Total,30 - 34 Years,88863,75569,153,13127,14,85.04,92.62,78.99,13.63
district,Lumbini,Rupandehi,Total,35 - 39 Years,86088,67518,224,18339,7,78.43,89.2,69.4,19.8
district,Lumbini,Rupandehi,Total,40 - 44 Years,70178,52451,244,17473,10,74.74,86.79,63.81,22.98
district,Lumbini,Rupandehi,Total,45 - 49 Years,53252,36786,236,16224,6,69.08,83.05,55.71,27.34
district,Lumbini,Rupandehi,Total,50 - 54 Years,49935,30473,314,19138,10,61.03,78.15,44.69,33.46
district,Lumbini,Rupandehi,Total,55 - 59 Years,37104,19876,284,16937,7,53.57,71.78,35.22,36.56
district,Lumbini,Rupandehi,Total,60 - 64 Years,32756,15443,283,17011,19,47.15,67.04,28.23,38.81
district,Lumbini,Rupandehi,Total,65 - 69 Years,27105,10901,194,15995,15,40.22,59.93,21.06,38.87
district,Lumbini,Rupandehi,Total,70 - 74 Years,20200,6610,145,13442,3,32.72,50.98,14.83,36.15
district,Lumbini,Rupandehi,Total,75+ Years,20188,5442,165,14570,11,26.96,44.09,9.76,34.33
district,Lumbini,Rupandehi,Male,Total,501978,443557,1370,56721,330,88.36,88.36,74.45,13.91
district,Lumbini,Rupandehi,Male,05 Year,11432,9490,150,1637,155,83.01,83.01,83.59,-0.58
district,Lumbini,Rupandehi,Male,06 Year,11142,10053,117,931,41,90.23,90.23,89.51,0.72
district,Lumbini,Rupandehi,Male,07 Year,10404,9792,93,498,21,94.12,94.12,93.64,0.48
district,Lumbini,Rupandehi,Male,08 Year,12368,11793,92,469,14,95.35,95.35,95.18,0.17
district,Lumbini,Rupandehi,Male,09 Year,9641,9404,51,174,12,97.54,97.54,97.39,0.15
district,Lumbini,Rupandehi,Male,10 Year,13049,12759,29,258,3,97.78,97.78,97.77,0.01
district,Lumbini,Rupandehi,Male,11 Year,9004,8896,8,98,2,98.8,98.8,98.75,0.05
district,Lumbini,Rupandehi,Male,12 Year,12632,12442,6,178,6,98.5,98.5,98.32,0.18
district,Lumbini,Rupandehi,Male,13 Year,10563,10430,5,123,5,98.74,98.74,98.7,0.04
district,Lumbini,Rupandehi,Male,14 Year,11464,11296,4,162,2,98.53,98.53,98.39,0.14
district,Lumbini,Rupandehi,Male,15 Year,11534,11321,7,205,1,98.15,98.15,97.9,0.25
district,Lumbini,Rupandehi,Male,16 - 19 Years,49063,48009,16,1030,8,97.85,97.85,97.02,0.83
district,Lumbini,Rupandehi,Male,20 - 24 Years,54550,52807,30,1705,8,96.8,96.8,93.1,3.7
district,Lumbini,Rupandehi,Male,25 - 29 Years,44559,42222,41,2289,7,94.76,94.76,86.45,8.31
district,Lumbini,Rupandehi,Male,30 - 34 Years,39458,36545,44,2863,6,92.62,92.62,78.99,13.63
district,Lumbini,Rupandehi,Male,35 - 39 Years,39259,35018,59,4179,3,89.2,89.2,69.4,19.8
district,Lumbini,Rupandehi,Male,40 - 44 Years,33372,28964,65,4338,5,86.79,86.79,63.81,22.98
district,Lumbini,Rupandehi,Male,45 - 49 Years,26046,21630,65,4346,5,83.05,83.05,55.71,27.34
district,Lumbini,Rupandehi,Male,50 - 54 Years,24383,19055,77,5245,6,78.15,78.15,44.69,33.46
district,Lumbini,Rupandehi,Male,55 - 59 Years,18622,13366,82,5174,0,71.78,71.78,35.22,36.56
district,Lumbini,Rupandehi,Male,60 - 64 Years,15964,10703,85,5168,8,67.04,67.04,28.23,38.81
district,Lumbini,Rupandehi,Male,65 - 69 Years,13361,8007,77,5269,8,59.93,59.93,21.06,38.87
district,Lumbini,Rupandehi,Male,70 - 74 Years,9998,5097,75,4825,1,50.98,50.98,14.83,36.15
district,Lumbini,Rupandehi,Male,75+ Years,10110,4458,92,5557,3,44.09,44.09,9.76,34.33
district,Lumbini,Rupandehi,Female,Total,528292,393309,2138,132501,344,74.45,88.36,74.45,13.91
district,Lumbini,Rupandehi,Female,05 Year,10143,8479,113,1409,142,83.59,83.01,83.59,-0.58
district,Lumbini,Rupandehi,Female,06 Year,10194,9125,121,908,40,89.51,90.23,89.51,0.72
district,Lumbini,Rupandehi,Female,07 Year,9487,8884,83,501,19,93.64,94.12,93.64,0.48
district,Lumbini,Rupandehi,Female,08 Year,10835,10313,85,421,16,95.18,95.35,95.18,0.17
district,Lumbini,Rupandehi,Female,09 Year,8586,8362,38,183,3,97.39,97.54,97.39,0.15
district,Lumbini,Rupandehi,Female,10 Year,11615,11356,20,239,0,97.77,97.78,97.77,0.01
district,Lumbini,Rupandehi,Female,11 Year,7975,7875,11,84,5,98.75,98.8,98.75,0.05
district,Lumbini,Rupandehi,Female,12 Year,11412,11220,5,183,4,98.32,98.5,98.32,0.18
district,Lumbini,Rupandehi,Female,13 Year,10010,9880,4,122,4,98.7,98.74,98.7,0.04
district,Lumbini,Rupandehi,Female,14 Year,10697,10525,3,167,2,98.39,98.53,98.39,0.14
district,Lumbini,Rupandehi,Female,15 Year,11308,11071,4,231,2,97.9,98.15,97.9,0.25
district,Lumbini,Rupandehi,Female,16 - 19 Years,46575,45189,20,1356,10,97.02,97.85,97.02,0.83
district,Lumbini,Rupandehi,Female,20 - 24 Years,59268,55176,43,4031,18,93.1,96.8,93.1,3.7
district,Lumbini,Rupandehi,Female,25 - 29 Years,55091,47628,67,7374,22,86.45,94.76,86.45,8.31
district,Lumbini,Rupandehi,Female,30 - 34 Years,49405,39024,109,10264,8,78.99,92.62,78.99,13.63
district,Lumbini,Rupandehi,Female,35 - 39 Years,46829,32500,165,14160,4,69.4,89.2,69.4,19.8
district,Lumbini,Rupandehi,Female,40 - 44 Years,36806,23487,179,13135,5,63.81,86.79,63.81,22.98
district,Lumbini,Rupandehi,Female,45 - 49 Years,27206,15156,171,11878,1,55.71,83.05,55.71,27.34
district,Lumbini,Rupandehi,Female,50 - 54 Years,25552,11418,237,13893,4,44.69,78.15,44.69,33.46
district,Lumbini,Rupandehi,Female,55 - 59 Years,18482,6510,202,11763,7,35.22,71.78,35.22,36.56
district,Lumbini,Rupandehi,Female,60 - 64 Years,16792,4740,198,11843,11,28.23,67.04,28.23,38.81
district,Lumbini,Rupandehi,Female,65 - 69 Years,13744,2894,117,10726,7,21.06,59.93,21.06,38.87
district,Lumbini,Rupandehi,Female,70 - 74 Years,10202,1513,70,8617,2,14.83,50.98,14.83,36.15
district,Lumbini,Rupandehi,Female,75+ Years,10078,984,73,9013,8,9.76,44.09,9.76,34.33
district,Lumbini,Kapilbastu,Total,Total,614334,441191,3053,169738,352,71.82,79.63,64.37,15.26
district,Lumbini,Kapilbastu,Total,05 Year,16318,12527,286,3344,161,76.77,76.87,76.65,0.22
district,Lumbini,Kapilbastu,Total,06 Year,15385,13027,287,2019,52,84.67,84.87,84.46,0.41
district,Lumbini,Kapilbastu,Total,07 Year,14186,12720,248,1199,19,89.67,89.51,89.83,-0.32
district,Lumbini,Kapilbastu,Total,08 Year,18124,16568,258,1278,20,91.41,91.34,91.49,-0.15
district,Lumbini,Kapilbastu,Total,09 Year,12043,11268,154,616,5,93.56,93.62,93.5,0.12
district,Lumbini,Kapilbastu,Total,10 Year,19034,18041,109,881,3,94.78,95.17,94.36,0.81
district,Lumbini,Kapilbastu,Total,11 Year,11105,10682,42,376,5,96.19,96.55,95.79,0.76
district,Lumbini,Kapilbastu,Total,12 Year,18256,17407,56,792,1,95.35,95.74,94.92,0.82
district,Lumbini,Kapilbastu,Total,13 Year,14133,13591,34,505,3,96.17,96.37,95.97,0.4
district,Lumbini,Kapilbastu,Total,14 Year,15367,14686,29,650,2,95.57,95.99,95.16,0.83
district,Lumbini,Kapilbastu,Total,15 Year,16169,15242,22,899,6,94.27,95.01,93.52,1.49
district,Lumbini,Kapilbastu,Total,16 - 19 Years,59711,55376,87,4231,17,92.74,93.63,91.88,1.75
district,Lumbini,Kapilbastu,Total,20 - 24 Years,63995,55414,127,8441,13,86.59,90.89,82.84,8.05
district,Lumbini,Kapilbastu,Total,25 - 29 Years,55703,44052,121,11520,10,79.08,86.87,72.59,14.28
district,Lumbini,Kapilbastu,Total,30 - 34 Years,47136,32771,168,14192,5,69.52,82.27,59.32,22.95
district,Lumbini,Kapilbastu,Total,35 - 39 Years,45035,27845,192,16992,6,61.83,76.94,48.56,28.38
district,Lumbini,Kapilbastu,Total,40 - 44 Years,36453,20299,188,15963,3,55.69,71.9,40.74,31.16
district,Lumbini,Kapilbastu,Total,45 - 49 Years,28138,14326,127,13682,3,50.91,68.21,33.87,34.34
district,Lumbini,Kapilbastu,Total,50 - 54 Years,26551,11451,147,14953,0,43.13,62.36,24.84,37.52
district,Lumbini,Kapilbastu,Total,55 - 59 Years,21037,7928,107,13001,1,37.69,54.37,19.58,34.79
district,Lumbini,Kapilbastu,Total,60 - 64 Years,18109,5809,86,12212,2,32.08,49.58,15.26,34.32
district,Lumbini,Kapilbastu,Total,65 - 69 Years,17135,4831,71,12226,7,28.19,44.15,11.63,32.52
district,Lumbini,Kapilbastu,Total,70 - 74 Years,13772,3096,56,10618,2,22.48,35.81,8.54,27.27
district,Lumbini,Kapilbastu,Total,75+ Years,11439,2234,51,9148,6,19.53,30.17,7.22,22.95
district,Lumbini,Kapilbastu,Male,Total,299627,238606,1396,59462,163,79.63,79.63,64.37,15.26
district,Lumbini,Kapilbastu,Male,05 Year,8510,6542,145,1748,75,76.87,76.87,76.65,0.22
district,Lumbini,Kapilbastu,Male,06 Year,7951,6748,147,1030,26,84.87,84.87,84.46,0.41
district,Lumbini,Kapilbastu,Male,07 Year,7137,6388,129,608,12,89.51,89.51,89.83,-0.32
district,Lumbini,Kapilbastu,Male,08 Year,9217,8419,131,657,10,91.34,91.34,91.49,-0.15
district,Lumbini,Kapilbastu,Male,09 Year,6211,5815,75,318,3,93.62,93.62,93.5,0.12
district,Lumbini,Kapilbastu,Male,10 Year,9957,9476,48,432,1,95.17,95.17,94.36,0.81
district,Lumbini,Kapilbastu,Male,11 Year,5802,5602,22,177,1,96.55,96.55,95.79,0.76
district,Lumbini,Kapilbastu,Male,12 Year,9537,9131,26,379,1,95.74,95.74,94.92,0.82
district,Lumbini,Kapilbastu,Male,13 Year,6907,6656,12,237,2,96.37,96.37,95.97,0.4
district,Lumbini,Kapilbastu,Male,14 Year,7604,7299,19,286,0,95.99,95.99,95.16,0.83
district,Lumbini,Kapilbastu,Male,15 Year,8064,7662,13,387,2,95.01,95.01,93.52,1.49
district,Lumbini,Kapilbastu,Male,16 - 19 Years,29446,27570,37,1832,7,93.63,93.63,91.88,1.75
district,Lumbini,Kapilbastu,Male,20 - 24 Years,29817,27100,62,2652,3,90.89,90.89,82.84,8.05
district,Lumbini,Kapilbastu,Male,25 - 29 Years,25343,22015,37,3285,6,86.87,86.87,72.59,14.28
district,Lumbini,Kapilbastu,Male,30 - 34 Years,20951,17237,54,3656,4,82.27,82.27,59.32,22.95
district,Lumbini,Kapilbastu,Male,35 - 39 Years,21057,16201,69,4784,3,76.94,76.94,48.56,28.38
district,Lumbini,Kapilbastu,Male,40 - 44 Years,17484,12571,63,4850,0,71.9,71.9,40.74,31.16
district,Lumbini,Kapilbastu,Male,45 - 49 Years,13966,9526,47,4390,3,68.21,68.21,33.87,34.34
district,Lumbini,Kapilbastu,Male,50 - 54 Years,12943,8071,57,4815,0,62.36,62.36,24.84,37.52
district,Lumbini,Kapilbastu,Male,55 - 59 Years,10947,5952,51,4944,0,54.37,54.37,19.58,34.79
district,Lumbini,Kapilbastu,Male,60 - 64 Years,8875,4400,37,4437,1,49.58,49.58,15.26,34.32
district,Lumbini,Kapilbastu,Male,65 - 69 Years,8727,3853,44,4829,1,44.15,44.15,11.63,32.52
district,Lumbini,Kapilbastu,Male,70 - 74 Years,7039,2521,33,4485,0,35.81,35.81,8.54,27.27
district,Lumbini,Kapilbastu,Male,75+ Years,6135,1851,38,4244,2,30.17,30.17,7.22,22.95
district,Lumbini,Kapilbastu,Female,Total,314707,202585,1657,110276,189,64.37,79.63,64.37,15.26
district,Lumbini,Kapilbastu,Female,05 Year,7808,5985,141,1596,86,76.65,76.87,76.65,0.22
district,Lumbini,Kapilbastu,Female,06 Year,7434,6279,140,989,26,84.46,84.87,84.46,0.41
district,Lumbini,Kapilbastu,Female,07 Year,7049,6332,119,591,7,89.83,89.51,89.83,-0.32
district,Lumbini,Kapilbastu,Female,08 Year,8907,8149,127,621,10,91.49,91.34,91.49,-0.15
district,Lumbini,Kapilbastu,Female,09 Year,5832,5453,79,298,2,93.5,93.62,93.5,0.12
district,Lumbini,Kapilbastu,Female,10 Year,9077,8565,61,449,2,94.36,95.17,94.36,0.81
district,Lumbini,Kapilbastu,Female,11 Year,5303,5080,20,199,4,95.79,96.55,95.79,0.76
district,Lumbini,Kapilbastu,Female,12 Year,8719,8276,30,413,0,94.92,95.74,94.92,0.82
district,Lumbini,Kapilbastu,Female,13 Year,7226,6935,22,268,1,95.97,96.37,95.97,0.4
district,Lumbini,Kapilbastu,Female,14 Year,7763,7387,10,364,2,95.16,95.99,95.16,0.83
district,Lumbini,Kapilbastu,Female,15 Year,8105,7580,9,512,4,93.52,95.01,93.52,1.49
district,Lumbini,Kapilbastu,Female,16 - 19 Years,30265,27806,50,2399,10,91.88,93.63,91.88,1.75
district,Lumbini,Kapilbastu,Female,20 - 24 Years,34178,28314,65,5789,10,82.84,90.89,82.84,8.05
district,Lumbini,Kapilbastu,Female,25 - 29 Years,30360,22037,84,8235,4,72.59,86.87,72.59,14.28
district,Lumbini,Kapilbastu,Female,30 - 34 Years,26185,15534,114,10536,1,59.32,82.27,59.32,22.95
district,Lumbini,Kapilbastu,Female,35 - 39 Years,23978,11644,123,12208,3,48.56,76.94,48.56,28.38
district,Lumbini,Kapilbastu,Female,40 - 44 Years,18969,7728,125,11113,3,40.74,71.9,40.74,31.16
district,Lumbini,Kapilbastu,Female,45 - 49 Years,14172,4800,80,9292,0,33.87,68.21,33.87,34.34
district,Lumbini,Kapilbastu,Female,50 - 54 Years,13608,3380,90,10138,0,24.84,62.36,24.84,37.52
district,Lumbini,Kapilbastu,Female,55 - 59 Years,10090,1976,56,8057,1,19.58,54.37,19.58,34.79
district,Lumbini,Kapilbastu,Female,60 - 64 Years,9234,1409,49,7775,1,15.26,49.58,15.26,34.32
district,Lumbini,Kapilbastu,Female,65 - 69 Years,8408,978,27,7397,6,11.63,44.15,11.63,32.52
district,Lumbini,Kapilbastu,Female,70 - 74 Years,6733,575,23,6133,2,8.54,35.81,8.54,27.27
district,Lumbini,Kapilbastu,Female,75+ Years,5304,383,13,4904,4,7.22,30.17,7.22,22.95
district,Lumbini,Dang,Total,Total,621657,506028,2164,113198,267,81.4,87.85,75.67,12.18
district,Lumbini,Dang,Total,05 Year,11883,10908,127,755,93,91.8,91.84,91.75,0.09
district,Lumbini,Dang,Total,06 Year,12440,11944,83,383,30,96.01,95.87,96.16,-0.29
district,Lumbini,Dang,Total,07 Year,12261,12023,50,177,11,98.06,98.15,97.96,0.19
district,Lumbini,Dang,Total,08 Year,13213,13025,24,151,13,98.58,98.51,98.65,-0.14
district,Lumbini,Dang,Total,09 Year,12318,12207,16,90,5,99.1,98.96,99.25,-0.29
district,Lumbini,Dang,Total,10 Year,13468,13364,2,97,5,99.23,99.13,99.33,-0.2
district,Lumbini,Dang,Total,11 Year,11810,11751,5,52,2,99.5,99.44,99.56,-0.12
district,Lumbini,Dang,Total,12 Year,14234,14129,3,97,5,99.26,99.11,99.43,-0.32
district,Lumbini,Dang,Total,13 Year,13408,13342,5,60,1,99.51,99.48,99.54,-0.06
district,Lumbini,Dang,Total,14 Year,14531,14443,3,82,3,99.39,99.28,99.51,-0.23
district,Lumbini,Dang,Total,15 Year,14580,14477,2,100,1,99.29,99.15,99.43,-0.28
district,Lumbini,Dang,Total,16 - 19 Years,58559,58000,9,538,12,99.05,99.06,99.03,0.03
district,Lumbini,Dang,Total,20 - 24 Years,67656,66292,26,1317,21,97.98,98.28,97.76,0.52
district,Lumbini,Dang,Total,25 - 29 Years,61815,58665,76,3060,14,94.9,96.78,93.51,3.27
district,Lumbini,Dang,Total,30 - 34 Years,53213,46983,170,6053,7,88.29,93.7,84.17,9.53
district,Lumbini,Dang,Total,35 - 39 Years,48195,38767,236,9184,8,80.44,90.34,72.59,17.75
district,Lumbini,Dang,Total,40 - 44 Years,41641,30150,278,11211,2,72.4,86.13,60.61,25.52
district,Lumbini,Dang,Total,45 - 49 Years,33840,21323,241,12275,1,63.01,80.18,47.21,32.97
district,Lumbini,Dang,Total,50 - 54 Years,31875,16794,237,14836,8,52.69,71.81,34.9,36.91
district,Lumbini,Dang,Total,55 - 59 Years,22282,9875,163,12243,1,44.32,63.62,25.62,38.0
district,Lumbini,Dang,Total,60 - 64 Years,20505,7533,142,12828,2,36.74,55.31,19.08,36.23
district,Lumbini,Dang,Total,65 - 69 Years,15738,4914,104,10715,5,31.22,49.97,14.02,35.95
district,Lumbini,Dang,Total,70 - 74 Years,11805,2977,81,8739,8,25.22,41.68,9.81,31.87
district,Lumbini,Dang,Total,75+ Years,10387,2142,81,8155,9,20.62,35.11,6.96,28.15
district,Lumbini,Dang,Male,Total,292436,256908,735,34670,123,87.85,87.85,75.67,12.18
district,Lumbini,Dang,Male,05 Year,6212,5705,70,389,48,91.84,91.84,91.75,0.09
district,Lumbini,Dang,Male,06 Year,6447,6181,38,210,18,95.87,95.87,96.16,-0.29
district,Lumbini,Dang,Male,07 Year,6320,6203,18,94,5,98.15,98.15,97.96,0.19
district,Lumbini,Dang,Male,08 Year,6996,6892,16,86,2,98.51,98.51,98.65,-0.14
district,Lumbini,Dang,Male,09 Year,6442,6375,8,56,3,98.96,98.96,99.25,-0.29
district,Lumbini,Dang,Male,10 Year,7051,6990,1,57,3,99.13,99.13,99.33,-0.2
district,Lumbini,Dang,Male,11 Year,6124,6090,3,30,1,99.44,99.44,99.56,-0.12
district,Lumbini,Dang,Male,12 Year,7428,7362,2,60,4,99.11,99.11,99.43,-0.32
district,Lumbini,Dang,Male,13 Year,6704,6669,1,34,0,99.48,99.48,99.54,-0.06
district,Lumbini,Dang,Male,14 Year,7359,7306,2,50,1,99.28,99.28,99.51,-0.23
district,Lumbini,Dang,Male,15 Year,7201,7140,1,59,1,99.15,99.15,99.43,-0.28
district,Lumbini,Dang,Male,16 - 19 Years,28439,28173,4,257,5,99.06,99.06,99.03,0.03
district,Lumbini,Dang,Male,20 - 24 Years,29002,28504,11,480,7,98.28,98.28,97.76,0.52
district,Lumbini,Dang,Male,25 - 29 Years,26338,25489,13,830,6,96.78,96.78,93.51,3.27
district,Lumbini,Dang,Male,30 - 34 Years,23011,21562,29,1418,2,93.7,93.7,84.17,9.53
district,Lumbini,Dang,Male,35 - 39 Years,21301,19244,41,2012,4,90.34,90.34,72.59,17.75
district,Lumbini,Dang,Male,40 - 44 Years,19243,16574,46,2623,0,86.13,86.13,60.61,25.52
district,Lumbini,Dang,Male,45 - 49 Years,16218,13003,72,3142,1,80.18,80.18,47.21,32.97
district,Lumbini,Dang,Male,50 - 54 Years,15360,11030,71,4257,2,71.81,71.81,34.9,36.91
district,Lumbini,Dang,Male,55 - 59 Years,10965,6976,71,3918,0,63.62,63.62,25.62,38.0
district,Lumbini,Dang,Male,60 - 64 Years,9992,5527,62,4402,1,55.31,55.31,19.08,36.23
district,Lumbini,Dang,Male,65 - 69 Years,7533,3764,57,3711,1,49.97,49.97,14.02,35.95
district,Lumbini,Dang,Male,70 - 74 Years,5708,2379,43,3283,3,41.68,41.68,9.81,31.87
district,Lumbini,Dang,Male,75+ Years,5042,1770,55,3212,5,35.11,35.11,6.96,28.15
district,Lumbini,Dang,Female,Total,329221,249120,1429,78528,144,75.67,87.85,75.67,12.18
district,Lumbini,Dang,Female,05 Year,5671,5203,57,366,45,91.75,91.84,91.75,0.09
district,Lumbini,Dang,Female,06 Year,5993,5763,45,173,12,96.16,95.87,96.16,-0.29
district,Lumbini,Dang,Female,07 Year,5941,5820,32,83,6,97.96,98.15,97.96,0.19
district,Lumbini,Dang,Female,08 Year,6217,6133,8,65,11,98.65,98.51,98.65,-0.14
district,Lumbini,Dang,Female,09 Year,5876,5832,8,34,2,99.25,98.96,99.25,-0.29
district,Lumbini,Dang,Female,10 Year,6417,6374,1,40,2,99.33,99.13,99.33,-0.2
district,Lumbini,Dang,Female,11 Year,5686,5661,2,22,1,99.56,99.44,99.56,-0.12
district,Lumbini,Dang,Female,12 Year,6806,6767,1,37,1,99.43,99.11,99.43,-0.32
district,Lumbini,Dang,Female,13 Year,6704,6673,4,26,1,99.54,99.48,99.54,-0.06
district,Lumbini,Dang,Female,14 Year,7172,7137,1,32,2,99.51,99.28,99.51,-0.23
district,Lumbini,Dang,Female,15 Year,7379,7337,1,41,0,99.43,99.15,99.43,-0.28
district,Lumbini,Dang,Female,16 - 19 Years,30120,29827,5,281,7,99.03,99.06,99.03,0.03
district,Lumbini,Dang,Female,20 - 24 Years,38654,37788,15,837,14,97.76,98.28,97.76,0.52
district,Lumbini,Dang,Female,25 - 29 Years,35477,33176,63,2230,8,93.51,96.78,93.51,3.27
district,Lumbini,Dang,Female,30 - 34 Years,30202,25421,141,4635,5,84.17,93.7,84.17,9.53
district,Lumbini,Dang,Female,35 - 39 Years,26894,19523,195,7172,4,72.59,90.34,72.59,17.75
district,Lumbini,Dang,Female,40 - 44 Years,22398,13576,232,8588,2,60.61,86.13,60.61,25.52
district,Lumbini,Dang,Female,45 - 49 Years,17622,8320,169,9133,0,47.21,80.18,47.21,32.97
district,Lumbini,Dang,Female,50 - 54 Years,16515,5764,166,10579,6,34.9,71.81,34.9,36.91
district,Lumbini,Dang,Female,55 - 59 Years,11317,2899,92,8325,1,25.62,63.62,25.62,38.0
district,Lumbini,Dang,Female,60 - 64 Years,10513,2006,80,8426,1,19.08,55.31,19.08,36.23
district,Lumbini,Dang,Female,65 - 69 Years,8205,1150,47,7004,4,14.02,49.97,14.02,35.95
district,Lumbini,Dang,Female,70 - 74 Years,6097,598,38,5456,5,9.81,41.68,9.81,31.87
district,Lumbini,Dang,Female,75+ Years,5345,372,26,4943,4,6.96,35.11,6.96,28.15
district,Lumbini,Banke,Total,Total,548821,402832,2874,142819,296,73.4,79.61,67.48,12.13
district,Lumbini,Banke,Total,05 Year,13343,9942,210,3087,104,74.51,75.6,73.29,2.31
district,Lumbini,Banke,Total,06 Year,12535,10324,230,1941,40,82.36,82.7,81.99,0.71
district,Lumbini,Banke,Total,07 Year,12067,10374,191,1488,14,85.97,86.03,85.9,0.13
district,Lumbini,Banke,Total,08 Year,13932,12165,169,1584,14,87.32,87.84,86.72,1.12
district,Lumbini,Banke,Total,09 Year,11472,10483,70,913,6,91.38,91.94,90.76,1.18
district,Lumbini,Banke,Total,10 Year,14240,12710,71,1457,2,89.26,89.73,88.72,1.01
district,Lumbini,Banke,Total,11 Year,10264,9675,26,559,4,94.26,94.9,93.59,1.31
district,Lumbini,Banke,Total,12 Year,14145,12903,41,1197,4,91.22,91.66,90.73,0.93
district,Lumbini,Banke,Total,13 Year,12114,11270,29,814,1,93.03,93.55,92.5,1.05
district,Lumbini,Banke,Total,14 Year,12535,11609,27,898,1,92.61,93.25,91.96,1.29
district,Lumbini,Banke,Total,15 Year,13269,12014,30,1224,1,90.54,91.46,89.61,1.85
district,Lumbini,Banke,Total,16 - 19 Years,51063,45941,87,5024,11,89.97,91.15,88.78,2.37
district,Lumbini,Banke,Total,20 - 24 Years,61196,52737,134,8309,16,86.18,88.79,83.96,4.83
district,Lumbini,Banke,Total,25 - 29 Years,54122,44439,137,9535,11,82.11,85.93,79.01,6.92
district,Lumbini,Banke,Total,30 - 34 Years,46520,35625,152,10735,8,76.58,83.5,70.91,12.59
district,Lumbini,Banke,Total,35 - 39 Years,43574,30284,226,13057,7,69.5,79.45,60.63,18.82
district,Lumbini,Banke,Total,40 - 44 Years,35601,22466,232,12897,6,63.1,75.0,51.51,23.49
district,Lumbini,Banke,Total,45 - 49 Years,26768,14979,194,11589,6,55.96,70.17,42.14,28.03
district,Lumbini,Banke,Total,50 - 54 Years,24824,12142,169,12509,4,48.91,65.4,32.62,32.78
district,Lumbini,Banke,Total,55 - 59 Years,18269,7528,127,10606,8,41.21,57.25,24.55,32.7
district,Lumbini,Banke,Total,60 - 64 Years,14839,5258,108,9468,5,35.43,51.09,19.94,31.15
district,Lumbini,Banke,Total,65 - 69 Years,12340,3688,87,8557,8,29.89,44.88,15.29,29.59
district,Lumbini,Banke,Total,70 - 74 Years,10801,2514,74,8205,8,23.28,36.71,10.5,26.21
district,Lumbini,Banke,Total,75+ Years,8988,1762,53,7166,7,19.6,31.29,8.07,23.22
district,Lumbini,Banke,Male,Total,267947,213308,1217,53286,136,79.61,79.61,67.48,12.13
district,Lumbini,Banke,Male,05 Year,7073,5347,112,1559,55,75.6,75.6,73.29,2.31
district,Lumbini,Banke,Male,06 Year,6522,5394,119,990,19,82.7,82.7,81.99,0.71
district,Lumbini,Banke,Male,07 Year,6351,5464,104,774,9,86.03,86.03,85.9,0.13
district,Lumbini,Banke,Male,08 Year,7409,6508,91,805,5,87.84,87.84,86.72,1.12
district,Lumbini,Banke,Male,09 Year,6005,5521,39,441,4,91.94,91.94,90.76,1.18
district,Lumbini,Banke,Male,10 Year,7528,6755,44,728,1,89.73,89.73,88.72,1.01
district,Lumbini,Banke,Male,11 Year,5290,5020,13,255,2,94.9,94.9,93.59,1.31
district,Lumbini,Banke,Male,12 Year,7460,6838,19,602,1,91.66,91.66,90.73,0.93
district,Lumbini,Banke,Male,13 Year,6170,5772,6,391,1,93.55,93.55,92.5,1.05
district,Lumbini,Banke,Male,14 Year,6357,5928,7,422,0,93.25,93.25,91.96,1.29
district,Lumbini,Banke,Male,15 Year,6707,6134,12,560,1,91.46,91.46,89.61,1.85
district,Lumbini,Banke,Male,16 - 19 Years,25667,23395,39,2227,6,91.15,91.15,88.78,2.37
district,Lumbini,Banke,Male,20 - 24 Years,28076,24928,39,3100,9,88.79,88.79,83.96,4.83
district,Lumbini,Banke,Male,25 - 29 Years,24246,20835,36,3370,5,85.93,85.93,79.01,6.92
district,Lumbini,Banke,Male,30 - 34 Years,20937,17483,49,3402,3,83.5,83.5,70.91,12.59
district,Lumbini,Banke,Male,35 - 39 Years,20538,16318,77,4141,2,79.45,79.45,60.63,18.82
district,Lumbini,Banke,Male,40 - 44 Years,17573,13179,66,4326,2,75.0,75.0,51.51,23.49
district,Lumbini,Banke,Male,45 - 49 Years,13196,9260,58,3877,1,70.17,70.17,42.14,28.03
district,Lumbini,Banke,Male,50 - 54 Years,12338,8069,70,4198,1,65.4,65.4,32.62,32.78
district,Lumbini,Banke,Male,55 - 59 Years,9304,5327,52,3923,2,57.25,57.25,24.55,32.7
district,Lumbini,Banke,Male,60 - 64 Years,7381,3771,45,3564,1,51.09,51.09,19.94,31.15
district,Lumbini,Banke,Male,65 - 69 Years,6088,2732,41,3313,2,44.88,44.88,15.29,29.59
district,Lumbini,Banke,Male,70 - 74 Years,5266,1933,40,3292,1,36.71,36.71,10.5,26.21
district,Lumbini,Banke,Male,75+ Years,4465,1397,39,3026,3,31.29,31.29,8.07,23.22
district,Lumbini,Banke,Female,Total,280874,189524,1657,89533,160,67.48,79.61,67.48,12.13
district,Lumbini,Banke,Female,05 Year,6270,4595,98,1528,49,73.29,75.6,73.29,2.31
district,Lumbini,Banke,Female,06 Year,6013,4930,111,951,21,81.99,82.7,81.99,0.71
district,Lumbini,Banke,Female,07 Year,5716,4910,87,714,5,85.9,86.03,85.9,0.13
district,Lumbini,Banke,Female,08 Year,6523,5657,78,779,9,86.72,87.84,86.72,1.12
district,Lumbini,Banke,Female,09 Year,5467,4962,31,472,2,90.76,91.94,90.76,1.18
district,Lumbini,Banke,Female,10 Year,6712,5955,27,729,1,88.72,89.73,88.72,1.01
district,Lumbini,Banke,Female,11 Year,4974,4655,13,304,2,93.59,94.9,93.59,1.31
district,Lumbini,Banke,Female,12 Year,6685,6065,22,595,3,90.73,91.66,90.73,0.93
district,Lumbini,Banke,Female,13 Year,5944,5498,23,423,0,92.5,93.55,92.5,1.05
district,Lumbini,Banke,Female,14 Year,6178,5681,20,476,1,91.96,93.25,91.96,1.29
district,Lumbini,Banke,Female,15 Year,6562,5880,18,664,0,89.61,91.46,89.61,1.85
district,Lumbini,Banke,Female,16 - 19 Years,25396,22546,48,2797,5,88.78,91.15,88.78,2.37
district,Lumbini,Banke,Female,20 - 24 Years,33120,27809,95,5209,7,83.96,88.79,83.96,4.83
district,Lumbini,Banke,Female,25 - 29 Years,29876,23604,101,6165,6,79.01,85.93,79.01,6.92
district,Lumbini,Banke,Female,30 - 34 Years,25583,18142,103,7333,5,70.91,83.5,70.91,12.59
district,Lumbini,Banke,Female,35 - 39 Years,23036,13966,149,8916,5,60.63,79.45,60.63,18.82
district,Lumbini,Banke,Female,40 - 44 Years,18028,9287,166,8571,4,51.51,75.0,51.51,23.49
district,Lumbini,Banke,Female,45 - 49 Years,13572,5719,136,7712,5,42.14,70.17,42.14,28.03
district,Lumbini,Banke,Female,50 - 54 Years,12486,4073,99,8311,3,32.62,65.4,32.62,32.78
district,Lumbini,Banke,Female,55 - 59 Years,8965,2201,75,6683,6,24.55,57.25,24.55,32.7
district,Lumbini,Banke,Female,60 - 64 Years,7458,1487,63,5904,4,19.94,51.09,19.94,31.15
district,Lumbini,Banke,Female,65 - 69 Years,6252,956,46,5244,6,15.29,44.88,15.29,29.59
district,Lumbini,Banke,Female,70 - 74 Years,5535,581,34,4913,7,10.5,36.71,10.5,26.21
district,Lumbini,Banke,Female,75+ Years,4523,365,14,4140,4,8.07,31.29,8.07,23.22
district,Lumbini,Bardiya,Total,Total,422648,324806,4677,93031,134,76.85,82.94,71.53,11.41
district,Lumbini,Bardiya,Total,05 Year,8064,7034,135,853,42,87.23,87.12,87.34,-0.22
district,Lumbini,Bardiya,Total,06 Year,8062,7476,88,477,21,92.73,92.44,93.05,-0.61
district,Lumbini,Bardiya,Total,07 Year,7941,7621,53,260,7,95.97,96.01,95.92,0.09
district,Lumbini,Bardiya,Total,08 Year,8341,8087,34,218,2,96.95,96.96,96.95,0.01
district,Lumbini,Bardiya,Total,09 Year,7625,7499,13,106,7,98.35,98.42,98.27,0.15
district,Lumbini,Bardiya,Total,10 Year,8615,8473,4,138,0,98.35,98.4,98.3,0.1
district,Lumbini,Bardiya,Total,11 Year,7485,7421,4,60,0,99.14,99.24,99.04,0.2
district,Lumbini,Bardiya,Total,12 Year,9195,9083,6,106,0,98.78,98.62,98.95,-0.33
district,Lumbini,Bardiya,Total,13 Year,8744,8643,7,93,1,98.84,98.82,98.87,-0.05
district,Lumbini,Bardiya,Total,14 Year,9256,9152,5,98,1,98.88,99.0,98.76,0.24
district,Lumbini,Bardiya,Total,15 Year,9667,9508,2,157,0,98.36,98.51,98.21,0.3
district,Lumbini,Bardiya,Total,16 - 19 Years,36011,35295,20,695,1,98.01,98.06,97.97,0.09
district,Lumbini,Bardiya,Total,20 - 24 Years,45357,43781,46,1517,13,96.53,97.19,96.04,1.15
district,Lumbini,Bardiya,Total,25 - 29 Years,43228,40363,122,2730,13,93.37,95.51,91.8,3.71
district,Lumbini,Bardiya,Total,30 - 34 Years,35894,30744,304,4842,4,85.65,91.75,80.95,10.8
district,Lumbini,Bardiya,Total,35 - 39 Years,33825,25141,632,8049,3,74.33,84.97,65.96,19.01
district,Lumbini,Bardiya,Total,40 - 44 Years,27881,17800,734,9345,2,63.84,77.64,52.14,25.5
district,Lumbini,Bardiya,Total,45 - 49 Years,23027,12622,630,9771,4,54.81,70.15,40.82,29.33
district,Lumbini,Bardiya,Total,50 - 54 Years,24345,11277,665,12402,1,46.32,63.43,31.47,31.96
district,Lumbini,Bardiya,Total,55 - 59 Years,17531,6958,465,10108,0,39.69,55.44,23.65,31.79
district,Lumbini,Bardiya,Total,60 - 64 Years,13508,4412,275,8820,1,32.66,48.13,18.45,29.68
district,Lumbini,Bardiya,Total,65 - 69 Years,11468,3110,202,8152,4,27.12,42.43,13.06,29.37
district,Lumbini,Bardiya,Total,70 - 74 Years,9554,1893,140,7516,5,19.81,31.94,7.84,24.1
district,Lumbini,Bardiya,Total,75+ Years,8024,1413,91,6518,2,17.61,28.46,6.41,22.05
district,Lumbini,Bardiya,Male,Total,197156,163515,1577,32002,62,82.94,82.94,71.53,11.41
district,Lumbini,Bardiya,Male,05 Year,4138,3605,69,445,19,87.12,87.12,87.34,-0.22
district,Lumbini,Bardiya,Male,06 Year,4194,3877,52,254,11,92.44,92.44,93.05,-0.61
district,Lumbini,Bardiya,Male,07 Year,4139,3974,26,137,2,96.01,96.01,95.92,0.09
district,Lumbini,Bardiya,Male,08 Year,4339,4207,16,115,1,96.96,96.96,96.95,0.01
district,Lumbini,Bardiya,Male,09 Year,3935,3873,9,50,3,98.42,98.42,98.27,0.15
district,Lumbini,Bardiya,Male,10 Year,4495,4423,2,70,0,98.4,98.4,98.3,0.1
district,Lumbini,Bardiya,Male,11 Year,3839,3810,3,26,0,99.24,99.24,99.04,0.2
district,Lumbini,Bardiya,Male,12 Year,4718,4653,4,61,0,98.62,98.62,98.95,-0.33
district,Lumbini,Bardiya,Male,13 Year,4400,4348,4,47,1,98.82,98.82,98.87,-0.05
district,Lumbini,Bardiya,Male,14 Year,4580,4534,3,43,0,99.0,99.0,98.76,0.24
district,Lumbini,Bardiya,Male,15 Year,4640,4571,2,67,0,98.51,98.51,98.21,0.3
district,Lumbini,Bardiya,Male,16 - 19 Years,17036,16706,8,322,0,98.06,98.06,97.97,0.09
district,Lumbini,Bardiya,Male,20 - 24 Years,19141,18603,11,521,6,97.19,97.19,96.04,1.15
district,Lumbini,Bardiya,Male,25 - 29 Years,18327,17504,30,785,8,95.51,95.51,91.8,3.71
district,Lumbini,Bardiya,Male,30 - 34 Years,15633,14343,60,1227,3,91.75,91.75,80.95,10.8
district,Lumbini,Bardiya,Male,35 - 39 Years,14881,12645,126,2110,0,84.97,84.97,65.96,19.01
district,Lumbini,Bardiya,Male,40 - 44 Years,12794,9933,187,2672,2,77.64,77.64,52.14,25.5
district,Lumbini,Bardiya,Male,45 - 49 Years,10990,7709,197,3084,0,70.15,70.15,40.82,29.33
district,Lumbini,Bardiya,Male,50 - 54 Years,11314,7176,215,3923,0,63.43,63.43,31.47,31.96
district,Lumbini,Bardiya,Male,55 - 59 Years,8843,4903,185,3755,0,55.44,55.44,23.65,31.79
district,Lumbini,Bardiya,Male,60 - 64 Years,6468,3113,123,3232,0,48.13,48.13,18.45,29.68
district,Lumbini,Bardiya,Male,65 - 69 Years,5489,2329,95,3063,2,42.43,42.43,13.06,29.37
district,Lumbini,Bardiya,Male,70 - 74 Years,4747,1516,82,3146,3,31.94,31.94,7.84,24.1
district,Lumbini,Bardiya,Male,75+ Years,4076,1160,68,2847,1,28.46,28.46,6.41,22.05
district,Lumbini,Bardiya,Female,Total,225492,161291,3100,61029,72,71.53,82.94,71.53,11.41
district,Lumbini,Bardiya,Female,05 Year,3926,3429,66,408,23,87.34,87.12,87.34,-0.22
district,Lumbini,Bardiya,Female,06 Year,3868,3599,36,223,10,93.05,92.44,93.05,-0.61
district,Lumbini,Bardiya,Female,07 Year,3802,3647,27,123,5,95.92,96.01,95.92,0.09
district,Lumbini,Bardiya,Female,08 Year,4002,3880,18,103,1,96.95,96.96,96.95,0.01
district,Lumbini,Bardiya,Female,09 Year,3690,3626,4,56,4,98.27,98.42,98.27,0.15
district,Lumbini,Bardiya,Female,10 Year,4120,4050,2,68,0,98.3,98.4,98.3,0.1
district,Lumbini,Bardiya,Female,11 Year,3646,3611,1,34,0,99.04,99.24,99.04,0.2
district,Lumbini,Bardiya,Female,12 Year,4477,4430,2,45,0,98.95,98.62,98.95,-0.33
district,Lumbini,Bardiya,Female,13 Year,4344,4295,3,46,0,98.87,98.82,98.87,-0.05
district,Lumbini,Bardiya,Female,14 Year,4676,4618,2,55,1,98.76,99.0,98.76,0.24
district,Lumbini,Bardiya,Female,15 Year,5027,4937,0,90,0,98.21,98.51,98.21,0.3
district,Lumbini,Bardiya,Female,16 - 19 Years,18975,18589,12,373,1,97.97,98.06,97.97,0.09
district,Lumbini,Bardiya,Female,20 - 24 Years,26216,25178,35,996,7,96.04,97.19,96.04,1.15
district,Lumbini,Bardiya,Female,25 - 29 Years,24901,22859,92,1945,5,91.8,95.51,91.8,3.71
district,Lumbini,Bardiya,Female,30 - 34 Years,20261,16401,244,3615,1,80.95,91.75,80.95,10.8
district,Lumbini,Bardiya,Female,35 - 39 Years,18944,12496,506,5939,3,65.96,84.97,65.96,19.01
district,Lumbini,Bardiya,Female,40 - 44 Years,15087,7867,547,6673,0,52.14,77.64,52.14,25.5
district,Lumbini,Bardiya,Female,45 - 49 Years,12037,4913,433,6687,4,40.82,70.15,40.82,29.33
district,Lumbini,Bardiya,Female,50 - 54 Years,13031,4101,450,8479,1,31.47,63.43,31.47,31.96
district,Lumbini,Bardiya,Female,55 - 59 Years,8688,2055,280,6353,0,23.65,55.44,23.65,31.79
district,Lumbini,Bardiya,Female,60 - 64 Years,7040,1299,152,5588,1,18.45,48.13,18.45,29.68
district,Lumbini,Bardiya,Female,65 - 69 Years,5979,781,107,5089,2,13.06,42.43,13.06,29.37
district,Lumbini,Bardiya,Female,70 - 74 Years,4807,377,58,4370,2,7.84,31.94,7.84,24.1
district,Lumbini,Bardiya,Female,75+ Years,3948,253,23,3671,1,6.41,28.46,6.41,22.05
province,Karnali,,Total,Total,1519611,1156194,8980,352697,1740,76.08,83.25,69.37,13.88
province,Karnali,,Total,05 Year,35837,29442,790,5032,573,82.16,82.34,81.96,0.38
province,Karnali,,Total,06 Year,35992,32529,551,2734,178,90.38,90.48,90.27,0.21
province,Karnali,,Total,07 Year,34549,32641,392,1412,104,94.48,94.72,94.23,0.49
province,Karnali,,Total,08 Year,38961,37742,199,958,62,96.87,97.03,96.7,0.33
province,Karnali,,Total,09 Year,36379,35675,96,576,32,98.06,98.1,98.03,0.07
province,Karnali,,Total,10 Year,41710,41195,40,450,25,98.77,98.82,98.71,0.11
province,Karnali,,Total,11 Year,34893,34523,20,330,20,98.94,98.94,98.93,0.01
province,Karnali,,Total,12 Year,45216,44775,15,399,27,99.02,99.03,99.01,0.02
province,Karnali,,Total,13 Year,42277,41872,12,378,15,99.04,99.05,99.04,0.01
province,Karnali,,Total,14 Year,44276,43846,15,398,17,99.03,99.06,98.99,0.07
province,Karnali,,Total,15 Year,42939,42375,11,540,13,98.69,98.71,98.66,0.05
province,Karnali,,Total,16 - 19 Years,153805,150801,95,2838,71,98.05,98.31,97.8,0.51
province,Karnali,,Total,20 - 24 Years,171261,163624,172,7338,127,95.54,96.86,94.42,2.44
province,Karnali,,Total,25 - 29 Years,133332,118852,378,14020,82,89.14,93.98,84.82,9.16
province,Karnali,,Total,30 - 34 Years,110629,85718,643,24231,37,77.48,88.16,68.1,20.06
province,Karnali,,Total,35 - 39 Years,100490,67288,905,32246,51,66.96,82.18,53.8,28.38
province,Karnali,,Total,40 - 44 Years,86139,48437,995,36656,51,56.23,75.36,39.89,35.47
province,Karnali,,Total,45 - 49 Years,73055,34065,874,38064,52,46.63,65.82,29.05,36.77
province,Karnali,,Total,50 - 54 Years,69706,27527,866,41269,44,39.49,58.92,20.89,38.03
province,Karnali,,Total,55 - 59 Years,53683,17035,647,35967,34,31.73,49.24,13.89,35.35
province,Karnali,,Total,60 - 64 Years,47987,11360,480,36119,28,23.67,38.52,9.51,29.01
province,Karnali,,Total,65 - 69 Years,34780,7320,348,27087,25,21.05,35.38,7.03,28.35
province,Karnali,,Total,70 - 74 Years,28770,4493,234,24003,40,15.62,28.14,4.77,23.37
province,Karnali,,Total,75+ Years,22945,3059,202,19652,32,13.33,23.24,4.45,18.79
province,Karnali,,Male,Total,735203,612069,3398,118887,849,83.25,83.25,69.37,13.88
province,Karnali,,Male,05 Year,18607,15321,414,2576,296,82.34,82.34,81.96,0.38
province,Karnali,,Male,06 Year,18503,16741,289,1387,86,90.48,90.48,90.27,0.21
province,Karnali,,Male,07 Year,17418,16498,192,676,52,94.72,94.72,94.23,0.49
province,Karnali,,Male,08 Year,20176,19576,100,469,31,97.03,97.03,96.7,0.33
province,Karnali,,Male,09 Year,18641,18287,47,289,18,98.1,98.1,98.03,0.07
province,Karnali,,Male,10 Year,21438,21185,20,219,14,98.82,98.82,98.71,0.11
province,Karnali,,Male,11 Year,17618,17432,12,160,14,98.94,98.94,98.93,0.01
province,Karnali,,Male,12 Year,23308,23083,5,205,15,99.03,99.03,99.01,0.02
province,Karnali,,Male,13 Year,21211,21009,6,186,10,99.05,99.05,99.04,0.01
province,Karnali,,Male,14 Year,22096,21889,6,192,9,99.06,99.06,98.99,0.07
province,Karnali,,Male,15 Year,21157,20884,7,260,6,98.71,98.71,98.66,0.05
province,Karnali,,Male,16 - 19 Years,74395,73140,39,1184,32,98.31,98.31,97.8,0.51
province,Karnali,,Male,20 - 24 Years,78794,76319,64,2347,64,96.86,96.86,94.42,2.44
province,Karnali,,Male,25 - 29 Years,62847,59065,97,3642,43,93.98,93.98,84.82,9.16
province,Karnali,,Male,30 - 34 Years,51760,45630,151,5966,13,88.16,88.16,68.1,20.06
province,Karnali,,Male,35 - 39 Years,46602,38296,230,8055,21,82.18,82.18,53.8,28.38
province,Karnali,,Male,40 - 44 Years,39691,29910,231,9535,15,75.36,75.36,39.89,35.47
province,Karnali,,Male,45 - 49 Years,34930,22990,253,11652,35,65.82,65.82,29.05,36.77
province,Karnali,,Male,50 - 54 Years,34094,20087,273,13719,15,58.92,58.92,20.89,38.03
province,Karnali,,Male,55 - 59 Years,27094,13341,259,13479,15,49.24,49.24,13.89,35.35
province,Karnali,,Male,60 - 64 Years,23430,9025,244,14149,12,38.52,38.52,9.51,29.01
province,Karnali,,Male,65 - 69 Years,17196,6084,180,10921,11,35.38,35.38,7.03,28.35
province,Karnali,,Male,70 - 74 Years,13352,3757,136,9446,13,28.14,28.14,4.77,23.37
province,Karnali,,Male,75+ Years,10845,2520,143,8173,9,23.24,23.24,4.45,18.79
province,Karnali,,Female,Total,784408,544125,5582,233810,891,69.37,83.25,69.37,13.88
province,Karnali,,Female,05 Year,17230,14121,376,2456,277,81.96,82.34,81.96,0.38
province,Karnali,,Female,06 Year,17489,15788,262,1347,92,90.27,90.48,90.27,0.21
province,Karnali,,Female,07 Year,17131,16143,200,736,52,94.23,94.72,94.23,0.49
province,Karnali,,Female,08 Year,18785,18166,99,489,31,96.7,97.03,96.7,0.33
province,Karnali,,Female,09 Year,17738,17388,49,287,14,98.03,98.1,98.03,0.07
province,Karnali,,Female,10 Year,20272,20010,20,231,11,98.71,98.82,98.71,0.11
province,Karnali,,Female,11 Year,17275,17091,8,170,6,98.93,98.94,98.93,0.01
province,Karnali,,Female,12 Year,21908,21692,10,194,12,99.01,99.03,99.01,0.02
province,Karnali,,Female,13 Year,21066,20863,6,192,5,99.04,99.05,99.04,0.01
province,Karnali,,Female,14 Year,22180,21957,9,206,8,98.99,99.06,98.99,0.07
province,Karnali,,Female,15 Year,21782,21491,4,280,7,98.66,98.71,98.66,0.05
province,Karnali,,Female,16 - 19 Years,79410,77661,56,1654,39,97.8,98.31,97.8,0.51
province,Karnali,,Female,20 - 24 Years,92467,87305,108,4991,63,94.42,96.86,94.42,2.44
province,Karnali,,Female,25 - 29 Years,70485,59787,281,10378,39,84.82,93.98,84.82,9.16
province,Karnali,,Female,30 - 34 Years,58869,40088,492,18265,24,68.1,88.16,68.1,20.06
province,Karnali,,Female,35 - 39 Years,53888,28992,675,24191,30,53.8,82.18,53.8,28.38
province,Karnali,,Female,40 - 44 Years,46448,18527,764,27121,36,39.89,75.36,39.89,35.47
province,Karnali,,Female,45 - 49 Years,38125,11075,621,26412,17,29.05,65.82,29.05,36.77
province,Karnali,,Female,50 - 54 Years,35612,7440,593,27550,29,20.89,58.92,20.89,38.03
province,Karnali,,Female,55 - 59 Years,26589,3694,388,22488,19,13.89,49.24,13.89,35.35
province,Karnali,,Female,60 - 64 Years,24557,2335,236,21970,16,9.51,38.52,9.51,29.01
province,Karnali,,Female,65 - 69 Years,17584,1236,168,16166,14,7.03,35.38,7.03,28.35
province,Karnali,,Female,70 - 74 Years,15418,736,98,14557,27,4.77,28.14,4.77,23.37
province,Karnali,,Female,75+ Years,12100,539,59,11479,23,4.45,23.24,4.45,18.79
district,Karnali,Dolpa,Total,Total,39136,26229,486,12379,42,67.02,75.36,58.7,16.66
district,Karnali,Dolpa,Total,05 Year,903,676,14,201,12,74.86,75.0,74.71,0.29
district,Karnali,Dolpa,Total,06 Year,970,784,26,158,2,80.82,81.82,79.84,1.98
district,Karnali,Dolpa,Total,07 Year,879,793,14,67,5,90.22,91.18,89.29,1.89
district,Karnali,Dolpa,Total,08 Year,1114,1024,16,71,3,91.92,93.25,90.64,2.61
district,Karnali,Dolpa,Total,09 Year,919,852,6,60,1,92.71,93.29,92.04,1.25
district,Karnali,Dolpa,Total,10 Year,1040,990,5,44,1,95.19,96.59,93.75,2.84
district,Karnali,Dolpa,Total,11 Year,807,773,3,31,0,95.79,96.72,94.89,1.83
district,Karnali,Dolpa,Total,12 Year,1135,1077,5,52,1,94.89,95.32,94.47,0.85
district,Karnali,Dolpa,Total,13 Year,1113,1045,4,63,1,93.89,94.15,93.64,0.51
district,Karnali,Dolpa,Total,14 Year,1035,983,5,47,0,94.98,96.31,93.78,2.53
district,Karnali,Dolpa,Total,15 Year,1017,955,3,59,0,93.9,96.34,91.62,4.72
district,Karnali,Dolpa,Total,16 - 19 Years,3775,3439,27,308,1,91.1,92.61,89.66,2.95
district,Karnali,Dolpa,Total,20 - 24 Years,4337,3613,44,675,5,83.31,89.0,77.83,11.17
district,Karnali,Dolpa,Total,25 - 29 Years,3981,2896,64,1018,3,72.75,83.19,62.08,21.11
district,Karnali,Dolpa,Total,30 - 34 Years,3241,1888,55,1296,2,58.25,73.93,41.3,32.63
district,Karnali,Dolpa,Total,35 - 39 Years,2918,1425,64,1429,0,48.83,65.42,30.63,34.79
district,Karnali,Dolpa,Total,40 - 44 Years,2297,952,40,1305,0,41.45,59.12,24.34,34.78
district,Karnali,Dolpa,Total,45 - 49 Years,1991,702,30,1259,0,35.26,51.54,18.53,33.01
district,Karnali,Dolpa,Total,50 - 54 Years,1611,558,25,1024,4,34.64,50.35,16.91,33.44
district,Karnali,Dolpa,Total,55 - 59 Years,1403,345,19,1039,0,24.59,38.23,11.47,26.76
district,Karnali,Dolpa,Total,60 - 64 Years,1136,212,8,916,0,18.66,29.79,9.03,20.76
district,Karnali,Dolpa,Total,65 - 69 Years,720,147,6,567,0,20.42,31.49,9.22,22.27
district,Karnali,Dolpa,Total,70 - 74 Years,495,71,1,422,1,14.34,22.91,7.09,15.82
district,Karnali,Dolpa,Total,75+ Years,299,29,2,268,0,9.7,15.91,4.79,11.12
district,Karnali,Dolpa,Male,Total,19552,14734,186,4613,19,75.36,75.36,58.7,16.66
district,Karnali,Dolpa,Male,05 Year,472,354,8,102,8,75.0,75.0,74.71,0.29
district,Karnali,Dolpa,Male,06 Year,484,396,10,78,0,81.82,81.82,79.84,1.98
district,Karnali,Dolpa,Male,07 Year,431,393,8,28,2,91.18,91.18,89.29,1.89
district,Karnali,Dolpa,Male,08 Year,548,511,6,29,2,93.25,93.25,90.64,2.61
district,Karnali,Dolpa,Male,09 Year,492,459,3,30,0,93.29,93.29,92.04,1.25
district,Karnali,Dolpa,Male,10 Year,528,510,2,16,0,96.59,96.59,93.75,2.84
district,Karnali,Dolpa,Male,11 Year,396,383,0,13,0,96.72,96.72,94.89,1.83
district,Karnali,Dolpa,Male,12 Year,556,530,2,23,1,95.32,95.32,94.47,0.85
district,Karnali,Dolpa,Male,13 Year,547,515,1,31,0,94.15,94.15,93.64,0.51
district,Karnali,Dolpa,Male,14 Year,488,470,2,16,0,96.31,96.31,93.78,2.53
district,Karnali,Dolpa,Male,15 Year,492,474,1,17,0,96.34,96.34,91.62,4.72
district,Karnali,Dolpa,Male,16 - 19 Years,1840,1704,8,127,1,92.61,92.61,89.66,2.95
district,Karnali,Dolpa,Male,20 - 24 Years,2127,1893,13,218,3,89.0,89.0,77.83,11.17
district,Karnali,Dolpa,Male,25 - 29 Years,2011,1673,21,316,1,83.19,83.19,62.08,21.11
district,Karnali,Dolpa,Male,30 - 34 Years,1684,1245,21,418,0,73.93,73.93,41.3,32.63
district,Karnali,Dolpa,Male,35 - 39 Years,1527,999,28,500,0,65.42,65.42,30.63,34.79
district,Karnali,Dolpa,Male,40 - 44 Years,1130,668,13,449,0,59.12,59.12,24.34,34.78
district,Karnali,Dolpa,Male,45 - 49 Years,1009,520,9,480,0,51.54,51.54,18.53,33.01
district,Karnali,Dolpa,Male,50 - 54 Years,854,430,11,412,1,50.35,50.35,16.91,33.44
district,Karnali,Dolpa,Male,55 - 59 Years,688,263,9,416,0,38.23,38.23,11.47,26.76
district,Karnali,Dolpa,Male,60 - 64 Years,527,157,4,366,0,29.79,29.79,9.03,20.76
district,Karnali,Dolpa,Male,65 - 69 Years,362,114,3,245,0,31.49,31.49,9.22,22.27
district,Karnali,Dolpa,Male,70 - 74 Years,227,52,1,174,0,22.91,22.91,7.09,15.82
district,Karnali,Dolpa,Male,75+ Years,132,21,2,109,0,15.91,15.91,4.79,11.12
district,Karnali,Dolpa,Female,Total,19584,11495,300,7766,23,58.7,75.36,58.7,16.66
district,Karnali,Dolpa,Female,05 Year,431,322,6,99,4,74.71,75.0,74.71,0.29
district,Karnali,Dolpa,Female,06 Year,486,388,16,80,2,79.84,81.82,79.84,1.98
district,Karnali,Dolpa,Female,07 Year,448,400,6,39,3,89.29,91.18,89.29,1.89
district,Karnali,Dolpa,Female,08 Year,566,513,10,42,1,90.64,93.25,90.64,2.61
district,Karnali,Dolpa,Female,09 Year,427,393,3,30,1,92.04,93.29,92.04,1.25
district,Karnali,Dolpa,Female,10 Year,512,480,3,28,1,93.75,96.59,93.75,2.84
district,Karnali,Dolpa,Female,11 Year,411,390,3,18,0,94.89,96.72,94.89,1.83
district,Karnali,Dolpa,Female,12 Year,579,547,3,29,0,94.47,95.32,94.47,0.85
district,Karnali,Dolpa,Female,13 Year,566,530,3,32,1,93.64,94.15,93.64,0.51
district,Karnali,Dolpa,Female,14 Year,547,513,3,31,0,93.78,96.31,93.78,2.53
district,Karnali,Dolpa,Female,15 Year,525,481,2,42,0,91.62,96.34,91.62,4.72
district,Karnali,Dolpa,Female,16 - 19 Years,1935,1735,19,181,0,89.66,92.61,89.66,2.95
district,Karnali,Dolpa,Female,20 - 24 Years,2210,1720,31,457,2,77.83,89.0,77.83,11.17
district,Karnali,Dolpa,Female,25 - 29 Years,1970,1223,43,702,2,62.08,83.19,62.08,21.11
district,Karnali,Dolpa,Female,30 - 34 Years,1557,643,34,878,2,41.3,73.93,41.3,32.63
district,Karnali,Dolpa,Female,35 - 39 Years,1391,426,36,929,0,30.63,65.42,30.63,34.79
district,Karnali,Dolpa,Female,40 - 44 Years,1167,284,27,856,0,24.34,59.12,24.34,34.78
district,Karnali,Dolpa,Female,45 - 49 Years,982,182,21,779,0,18.53,51.54,18.53,33.01
district,Karnali,Dolpa,Female,50 - 54 Years,757,128,14,612,3,16.91,50.35,16.91,33.44
district,Karnali,Dolpa,Female,55 - 59 Years,715,82,10,623,0,11.47,38.23,11.47,26.76
district,Karnali,Dolpa,Female,60 - 64 Years,609,55,4,550,0,9.03,29.79,9.03,20.76
district,Karnali,Dolpa,Female,65 - 69 Years,358,33,3,322,0,9.22,31.49,9.22,22.27
district,Karnali,Dolpa,Female,70 - 74 Years,268,19,0,248,1,7.09,22.91,7.09,15.82
district,Karnali,Dolpa,Female,75+ Years,167,8,0,159,0,4.79,15.91,4.79,11.12
district,Karnali,Mugu,Total,Total,57609,39225,331,18027,26,68.09,77.29,58.86,18.43
district,Karnali,Mugu,Total,05 Year,1607,1164,55,379,9,72.43,72.07,72.82,-0.75
district,Karnali,Mugu,Total,06 Year,1730,1469,48,209,4,84.91,85.36,84.45,0.91
district,Karnali,Mugu,Total,07 Year,1577,1457,22,95,3,92.39,91.84,92.95,-1.11
district,Karnali,Mugu,Total,08 Year,1677,1586,10,79,2,94.57,94.15,95.02,-0.87
district,Karnali,Mugu,Total,09 Year,1679,1616,4,58,1,96.25,95.63,96.99,-1.36
district,Karnali,Mugu,Total,10 Year,1887,1849,2,36,0,97.99,98.21,97.76,0.45
district,Karnali,Mugu,Total,11 Year,1442,1417,1,24,0,98.27,97.98,98.57,-0.59
district,Karnali,Mugu,Total,12 Year,1918,1892,0,25,1,98.64,98.59,98.7,-0.11
district,Karnali,Mugu,Total,13 Year,1758,1738,0,20,0,98.86,99.11,98.6,0.51
district,Karnali,Mugu,Total,14 Year,1675,1643,0,32,0,98.09,98.27,97.9,0.37
district,Karnali,Mugu,Total,15 Year,1516,1475,0,41,0,97.3,98.47,96.23,2.24
district,Karnali,Mugu,Total,16 - 19 Years,5269,5063,3,201,2,96.09,97.34,94.95,2.39
district,Karnali,Mugu,Total,20 - 24 Years,6310,5675,4,631,0,89.94,94.93,85.37,9.56
district,Karnali,Mugu,Total,25 - 29 Years,4926,3579,16,1330,1,72.66,88.44,56.73,31.71
district,Karnali,Mugu,Total,30 - 34 Years,4171,2283,32,1856,0,54.74,78.31,31.62,46.69
district,Karnali,Mugu,Total,35 - 39 Years,3618,1596,26,1995,1,44.11,66.52,21.76,44.76
district,Karnali,Mugu,Total,40 - 44 Years,2985,1121,21,1843,0,37.55,60.41,15.23,45.18
district,Karnali,Mugu,Total,45 - 49 Years,2666,869,22,1775,0,32.6,53.99,10.52,43.47
district,Karnali,Mugu,Total,50 - 54 Years,2291,628,17,1646,0,27.41,45.25,8.17,37.08
district,Karnali,Mugu,Total,55 - 59 Years,2077,485,18,1574,0,23.35,37.54,5.26,32.28
district,Karnali,Mugu,Total,60 - 64 Years,1778,277,14,1487,0,15.58,27.67,4.25,23.42
district,Karnali,Mugu,Total,65 - 69 Years,1093,150,8,935,0,13.72,23.55,3.05,20.5
district,Karnali,Mugu,Total,70 - 74 Years,1198,133,5,1059,1,11.1,20.33,3.5,16.83
district,Karnali,Mugu,Total,75+ Years,761,60,3,697,1,7.88,12.83,3.1,9.73
district,Karnali,Mugu,Male,Total,28852,22299,170,6373,10,77.29,77.29,58.86,18.43
district,Karnali,Mugu,Male,05 Year,827,596,32,198,1,72.07,72.07,72.82,-0.75
district,Karnali,Mugu,Male,06 Year,881,752,26,102,1,85.36,85.36,84.45,0.91
district,Karnali,Mugu,Male,07 Year,797,732,12,50,3,91.84,91.84,92.95,-1.11
district,Karnali,Mugu,Male,08 Year,854,804,5,45,0,94.15,94.15,95.02,-0.87
district,Karnali,Mugu,Male,09 Year,915,875,2,37,1,95.63,95.63,96.99,-1.36
district,Karnali,Mugu,Male,10 Year,951,934,1,16,0,98.21,98.21,97.76,0.45
district,Karnali,Mugu,Male,11 Year,741,726,0,15,0,97.98,97.98,98.57,-0.59
district,Karnali,Mugu,Male,12 Year,992,978,0,13,1,98.59,98.59,98.7,-0.11
district,Karnali,Mugu,Male,13 Year,902,894,0,8,0,99.11,99.11,98.6,0.51
district,Karnali,Mugu,Male,14 Year,866,851,0,15,0,98.27,98.27,97.9,0.37
district,Karnali,Mugu,Male,15 Year,720,709,0,11,0,98.47,98.47,96.23,2.24
district,Karnali,Mugu,Male,16 - 19 Years,2518,2451,1,65,1,97.34,97.34,94.95,2.39
district,Karnali,Mugu,Male,20 - 24 Years,3016,2863,2,151,0,94.93,94.93,85.37,9.56
district,Karnali,Mugu,Male,25 - 29 Years,2474,2188,4,281,1,88.44,88.44,56.73,31.71
district,Karnali,Mugu,Male,30 - 34 Years,2065,1617,12,436,0,78.31,78.31,31.62,46.69
district,Karnali,Mugu,Male,35 - 39 Years,1807,1202,10,595,0,66.52,66.52,21.76,44.76
district,Karnali,Mugu,Male,40 - 44 Years,1475,891,8,576,0,60.41,60.41,15.23,45.18
district,Karnali,Mugu,Male,45 - 49 Years,1354,731,8,615,0,53.99,53.99,10.52,43.47
district,Karnali,Mugu,Male,50 - 54 Years,1189,538,10,641,0,45.25,45.25,8.17,37.08
district,Karnali,Mugu,Male,55 - 59 Years,1164,437,13,714,0,37.54,37.54,5.26,32.28
district,Karnali,Mugu,Male,60 - 64 Years,860,238,9,613,0,27.67,27.67,4.25,23.42
district,Karnali,Mugu,Male,65 - 69 Years,569,134,8,427,0,23.55,23.55,3.05,20.5
district,Karnali,Mugu,Male,70 - 74 Years,541,110,4,426,1,20.33,20.33,3.5,16.83
district,Karnali,Mugu,Male,75+ Years,374,48,3,323,0,12.83,12.83,3.1,9.73
district,Karnali,Mugu,Female,Total,28757,16926,161,11654,16,58.86,77.29,58.86,18.43
district,Karnali,Mugu,Female,05 Year,780,568,23,181,8,72.82,72.07,72.82,-0.75
district,Karnali,Mugu,Female,06 Year,849,717,22,107,3,84.45,85.36,84.45,0.91
district,Karnali,Mugu,Female,07 Year,780,725,10,45,0,92.95,91.84,92.95,-1.11
district,Karnali,Mugu,Female,08 Year,823,782,5,34,2,95.02,94.15,95.02,-0.87
district,Karnali,Mugu,Female,09 Year,764,741,2,21,0,96.99,95.63,96.99,-1.36
district,Karnali,Mugu,Female,10 Year,936,915,1,20,0,97.76,98.21,97.76,0.45
district,Karnali,Mugu,Female,11 Year,701,691,1,9,0,98.57,97.98,98.57,-0.59
district,Karnali,Mugu,Female,12 Year,926,914,0,12,0,98.7,98.59,98.7,-0.11
district,Karnali,Mugu,Female,13 Year,856,844,0,12,0,98.6,99.11,98.6,0.51
district,Karnali,Mugu,Female,14 Year,809,792,0,17,0,97.9,98.27,97.9,0.37
district,Karnali,Mugu,Female,15 Year,796,766,0,30,0,96.23,98.47,96.23,2.24
district,Karnali,Mugu,Female,16 - 19 Years,2751,2612,2,136,1,94.95,97.34,94.95,2.39
district,Karnali,Mugu,Female,20 - 24 Years,3294,2812,2,480,0,85.37,94.93,85.37,9.56
district,Karnali,Mugu,Female,25 - 29 Years,2452,1391,12,1049,0,56.73,88.44,56.73,31.71
district,Karnali,Mugu,Female,30 - 34 Years,2106,666,20,1420,0,31.62,78.31,31.62,46.69
district,Karnali,Mugu,Female,35 - 39 Years,1811,394,16,1400,1,21.76,66.52,21.76,44.76
district,Karnali,Mugu,Female,40 - 44 Years,1510,230,13,1267,0,15.23,60.41,15.23,45.18
district,Karnali,Mugu,Female,45 - 49 Years,1312,138,14,1160,0,10.52,53.99,10.52,43.47
district,Karnali,Mugu,Female,50 - 54 Years,1102,90,7,1005,0,8.17,45.25,8.17,37.08
district,Karnali,Mugu,Female,55 - 59 Years,913,48,5,860,0,5.26,37.54,5.26,32.28
district,Karnali,Mugu,Female,60 - 64 Years,918,39,5,874,0,4.25,27.67,4.25,23.42
district,Karnali,Mugu,Female,65 - 69 Years,524,16,0,508,0,3.05,23.55,3.05,20.5
district,Karnali,Mugu,Female,70 - 74 Years,657,23,1,633,0,3.5,20.33,3.5,16.83
district,Karnali,Mugu,Female,75+ Years,387,12,0,374,1,3.1,12.83,3.1,9.73
district,Karnali,Humla,Total,Total,49325,31491,286,17490,58,63.84,73.35,54.26,19.09
district,Karnali,Humla,Total,05 Year,1402,975,27,386,14,69.54,70.31,68.68,1.63
district,Karnali,Humla,Total,06 Year,1384,1095,20,260,9,79.12,78.72,79.49,-0.77
district,Karnali,Humla,Total,07 Year,1233,1065,21,138,9,86.37,88.32,84.64,3.68
district,Karnali,Humla,Total,08 Year,1375,1244,6,122,3,90.47,91.01,89.86,1.15
district,Karnali,Humla,Total,09 Year,1365,1284,5,72,4,94.07,95.18,92.94,2.24
district,Karnali,Humla,Total,10 Year,1525,1485,1,39,0,97.38,97.01,97.75,-0.74
district,Karnali,Humla,Total,11 Year,1119,1090,0,28,1,97.41,98.24,96.55,1.69
district,Karnali,Humla,Total,12 Year,1530,1502,0,27,1,98.17,98.22,98.12,0.1
district,Karnali,Humla,Total,13 Year,1481,1448,1,31,1,97.77,97.75,97.8,-0.05
district,Karnali,Humla,Total,14 Year,1517,1485,1,30,1,97.89,98.12,97.67,0.45
district,Karnali,Humla,Total,15 Year,1319,1274,1,44,0,96.59,96.61,96.57,0.04
district,Karnali,Humla,Total,16 - 19 Years,3962,3760,3,199,0,94.9,96.19,93.73,2.46
district,Karnali,Humla,Total,20 - 24 Years,4386,3797,12,576,1,86.57,92.81,80.68,12.13
district,Karnali,Humla,Total,25 - 29 Years,4046,2933,20,1092,1,72.49,87.22,57.02,30.2
district,Karnali,Humla,Total,30 - 34 Years,3863,2075,40,1746,2,53.71,75.39,31.9,43.49
district,Karnali,Humla,Total,35 - 39 Years,3623,1721,22,1879,1,47.5,69.96,23.44,46.52
district,Karnali,Humla,Total,40 - 44 Years,2832,992,20,1818,2,35.03,58.38,13.08,45.3
district,Karnali,Humla,Total,45 - 49 Years,2463,734,19,1707,3,29.8,46.65,11.06,35.59
district,Karnali,Humla,Total,50 - 54 Years,2261,564,24,1673,0,24.94,42.11,6.04,36.07
district,Karnali,Humla,Total,55 - 59 Years,1909,392,20,1496,1,20.53,33.88,4.79,29.09
district,Karnali,Humla,Total,60 - 64 Years,1754,265,15,1474,0,15.11,25.88,4.24,21.64
district,Karnali,Humla,Total,65 - 69 Years,1099,151,2,945,1,13.74,24.3,2.28,22.02
district,Karnali,Humla,Total,70 - 74 Years,1008,90,3,912,3,8.93,16.99,2.03,14.96
district,Karnali,Humla,Total,75+ Years,869,70,3,796,0,8.06,15.15,2.11,13.04
district,Karnali,Humla,Male,Total,24763,18164,129,6437,33,73.35,73.35,54.26,19.09
district,Karnali,Humla,Male,05 Year,741,521,13,198,9,70.31,70.31,68.68,1.63
district,Karnali,Humla,Male,06 Year,672,529,15,125,3,78.72,78.72,79.49,-0.77
district,Karnali,Humla,Male,07 Year,582,514,7,55,6,88.32,88.32,84.64,3.68
district,Karnali,Humla,Male,08 Year,734,668,2,63,1,91.01,91.01,89.86,1.15
district,Karnali,Humla,Male,09 Year,685,652,2,28,3,95.18,95.18,92.94,2.24
district,Karnali,Humla,Male,10 Year,768,745,1,22,0,97.01,97.01,97.75,-0.74
district,Karnali,Humla,Male,11 Year,568,558,0,9,1,98.24,98.24,96.55,1.69
district,Karnali,Humla,Male,12 Year,787,773,0,14,0,98.22,98.22,98.12,0.1
district,Karnali,Humla,Male,13 Year,755,738,1,15,1,97.75,97.75,97.8,-0.05
district,Karnali,Humla,Male,14 Year,746,732,0,13,1,98.12,98.12,97.67,0.45
district,Karnali,Humla,Male,15 Year,620,599,1,20,0,96.61,96.61,96.57,0.04
district,Karnali,Humla,Male,16 - 19 Years,1890,1818,1,71,0,96.19,96.19,93.73,2.46
district,Karnali,Humla,Male,20 - 24 Years,2129,1976,6,147,0,92.81,92.81,80.68,12.13
district,Karnali,Humla,Male,25 - 29 Years,2073,1808,6,259,0,87.22,87.22,57.02,30.2
district,Karnali,Humla,Male,30 - 34 Years,1938,1461,10,467,0,75.39,75.39,31.9,43.49
district,Karnali,Humla,Male,35 - 39 Years,1874,1311,7,555,1,69.96,69.96,23.44,46.52
district,Karnali,Humla,Male,40 - 44 Years,1372,801,8,562,1,58.38,58.38,13.08,45.3
district,Karnali,Humla,Male,45 - 49 Years,1297,605,9,681,2,46.65,46.65,11.06,35.59
district,Karnali,Humla,Male,50 - 54 Years,1185,499,15,671,0,42.11,42.11,6.04,36.07
district,Karnali,Humla,Male,55 - 59 Years,1033,350,10,672,1,33.88,33.88,4.79,29.09
district,Karnali,Humla,Male,60 - 64 Years,881,228,9,644,0,25.88,25.88,4.24,21.64
district,Karnali,Humla,Male,65 - 69 Years,572,139,2,430,1,24.3,24.3,2.28,22.02
district,Karnali,Humla,Male,70 - 74 Years,465,79,2,382,2,16.99,16.99,2.03,14.96
district,Karnali,Humla,Male,75+ Years,396,60,2,334,0,15.15,15.15,2.11,13.04
district,Karnali,Humla,Female,Total,24562,13327,157,11053,25,54.26,73.35,54.26,19.09
district,Karnali,Humla,Female,05 Year,661,454,14,188,5,68.68,70.31,68.68,1.63
district,Karnali,Humla,Female,06 Year,712,566,5,135,6,79.49,78.72,79.49,-0.77
district,Karnali,Humla,Female,07 Year,651,551,14,83,3,84.64,88.32,84.64,3.68
district,Karnali,Humla,Female,08 Year,641,576,4,59,2,89.86,91.01,89.86,1.15
district,Karnali,Humla,Female,09 Year,680,632,3,44,1,92.94,95.18,92.94,2.24
district,Karnali,Humla,Female,10 Year,757,740,0,17,0,97.75,97.01,97.75,-0.74
district,Karnali,Humla,Female,11 Year,551,532,0,19,0,96.55,98.24,96.55,1.69
district,Karnali,Humla,Female,12 Year,743,729,0,13,1,98.12,98.22,98.12,0.1
district,Karnali,Humla,Female,13 Year,726,710,0,16,0,97.8,97.75,97.8,-0.05
district,Karnali,Humla,Female,14 Year,771,753,1,17,0,97.67,98.12,97.67,0.45
district,Karnali,Humla,Female,15 Year,699,675,0,24,0,96.57,96.61,96.57,0.04
district,Karnali,Humla,Female,16 - 19 Years,2072,1942,2,128,0,93.73,96.19,93.73,2.46
district,Karnali,Humla,Female,20 - 24 Years,2257,1821,6,429,1,80.68,92.81,80.68,12.13
district,Karnali,Humla,Female,25 - 29 Years,1973,1125,14,833,1,57.02,87.22,57.02,30.2
district,Karnali,Humla,Female,30 - 34 Years,1925,614,30,1279,2,31.9,75.39,31.9,43.49
district,Karnali,Humla,Female,35 - 39 Years,1749,410,15,1324,0,23.44,69.96,23.44,46.52
district,Karnali,Humla,Female,40 - 44 Years,1460,191,12,1256,1,13.08,58.38,13.08,45.3
district,Karnali,Humla,Female,45 - 49 Years,1166,129,10,1026,1,11.06,46.65,11.06,35.59
district,Karnali,Humla,Female,50 - 54 Years,1076,65,9,1002,0,6.04,42.11,6.04,36.07
district,Karnali,Humla,Female,55 - 59 Years,876,42,10,824,0,4.79,33.88,4.79,29.09
district,Karnali,Humla,Female,60 - 64 Years,873,37,6,830,0,4.24,25.88,4.24,21.64
district,Karnali,Humla,Female,65 - 69 Years,527,12,0,515,0,2.28,24.3,2.28,22.02
district,Karnali,Humla,Female,70 - 74 Years,543,11,1,530,1,2.03,16.99,2.03,14.96
district,Karnali,Humla,Female,75+ Years,473,10,1,462,0,2.11,15.15,2.11,13.04
district,Karnali,Jumla,Total,Total,107647,75564,746,30888,449,70.2,78.93,61.56,17.37
district,Karnali,Jumla,Total,05 Year,2421,1918,86,359,58,79.22,78.84,79.64,-0.8
district,Karnali,Jumla,Total,06 Year,2519,2227,67,206,19,88.41,88.88,87.91,0.97
district,Karnali,Jumla,Total,07 Year,2372,2172,43,151,6,91.57,91.62,91.51,0.11
district,Karnali,Jumla,Total,08 Year,2845,2731,26,80,8,95.99,96.09,95.89,0.2
district,Karnali,Jumla,Total,09 Year,2422,2342,10,65,5,96.7,96.63,96.77,-0.14
district,Karnali,Jumla,Total,10 Year,3055,2981,5,62,7,97.58,97.76,97.38,0.38
district,Karnali,Jumla,Total,11 Year,2320,2267,2,48,3,97.72,97.69,97.74,-0.05
district,Karnali,Jumla,Total,12 Year,3273,3208,0,54,11,98.01,98.4,97.63,0.77
district,Karnali,Jumla,Total,13 Year,2971,2920,0,47,4,98.28,98.73,97.84,0.89
district,Karnali,Jumla,Total,14 Year,3019,2963,2,46,8,98.15,97.94,98.34,-0.4
district,Karnali,Jumla,Total,15 Year,3029,2916,1,105,7,96.27,96.77,95.77,1.0
district,Karnali,Jumla,Total,16 - 19 Years,10974,10451,7,480,36,95.23,96.36,94.19,2.17
district,Karnali,Jumla,Total,20 - 24 Years,12751,11208,14,1454,75,87.9,91.83,84.39,7.44
district,Karnali,Jumla,Total,25 - 29 Years,9927,7488,38,2359,42,75.43,86.29,64.56,21.73
district,Karnali,Jumla,Total,30 - 34 Years,8229,5087,56,3071,15,61.82,79.84,44.12,35.72
district,Karnali,Jumla,Total,35 - 39 Years,7236,3683,87,3437,29,50.9,69.9,31.03,38.87
district,Karnali,Jumla,Total,40 - 44 Years,6152,2569,75,3479,29,41.76,63.83,22.46,41.37
district,Karnali,Jumla,Total,45 - 49 Years,5473,2055,59,3324,35,37.55,54.46,18.88,35.58
district,Karnali,Jumla,Total,50 - 54 Years,4674,1546,46,3073,9,33.08,52.22,13.85,38.37
district,Karnali,Jumla,Total,55 - 59 Years,3874,1110,43,2706,15,28.65,45.07,10.78,34.29
district,Karnali,Jumla,Total,60 - 64 Years,3261,743,36,2472,10,22.78,37.63,7.82,29.81
district,Karnali,Jumla,Total,65 - 69 Years,1959,452,21,1477,9,23.07,39.06,6.97,32.09
district,Karnali,Jumla,Total,70 - 74 Years,1891,353,12,1522,4,18.67,33.44,4.55,28.89
district,Karnali,Jumla,Total,75+ Years,1000,174,10,811,5,17.4,27.36,7.11,20.25
district,Karnali,Jumla,Male,Total,53523,42246,274,10785,218,78.93,78.93,61.56,17.37
district,Karnali,Jumla,Male,05 Year,1262,995,42,195,30,78.84,78.84,79.64,-0.8
district,Karnali,Jumla,Male,06 Year,1295,1151,34,98,12,88.88,88.88,87.91,0.97
district,Karnali,Jumla,Male,07 Year,1229,1126,22,78,3,91.62,91.62,91.51,0.11
district,Karnali,Jumla,Male,08 Year,1459,1402,14,40,3,96.09,96.09,95.89,0.2
district,Karnali,Jumla,Male,09 Year,1246,1204,7,33,2,96.63,96.63,96.77,-0.14
district,Karnali,Jumla,Male,10 Year,1565,1530,2,29,4,97.76,97.76,97.38,0.38
district,Karnali,Jumla,Male,11 Year,1168,1141,2,23,2,97.69,97.69,97.74,-0.05
district,Karnali,Jumla,Male,12 Year,1630,1604,0,22,4,98.4,98.4,97.63,0.77
district,Karnali,Jumla,Male,13 Year,1492,1473,0,17,2,98.73,98.73,97.84,0.89
district,Karnali,Jumla,Male,14 Year,1454,1424,2,25,3,97.94,97.94,98.34,-0.4
district,Karnali,Jumla,Male,15 Year,1515,1466,0,46,3,96.77,96.77,95.77,1.0
district,Karnali,Jumla,Male,16 - 19 Years,5299,5106,1,177,15,96.36,96.36,94.19,2.17
district,Karnali,Jumla,Male,20 - 24 Years,6012,5521,2,451,38,91.83,91.83,84.39,7.44
district,Karnali,Jumla,Male,25 - 29 Years,4967,4286,3,654,24,86.29,86.29,64.56,21.73
district,Karnali,Jumla,Male,30 - 34 Years,4077,3255,7,811,4,79.84,79.84,44.12,35.72
district,Karnali,Jumla,Male,35 - 39 Years,3698,2585,25,1073,15,69.9,69.9,31.03,38.87
district,Karnali,Jumla,Male,40 - 44 Years,2870,1832,20,1011,7,63.83,63.83,22.46,41.37
district,Karnali,Jumla,Male,45 - 49 Years,2872,1564,19,1263,26,54.46,54.46,18.88,35.58
district,Karnali,Jumla,Male,50 - 54 Years,2342,1223,16,1102,1,52.22,52.22,13.85,38.37
district,Karnali,Jumla,Male,55 - 59 Years,2019,910,15,1087,7,45.07,45.07,10.78,34.29
district,Karnali,Jumla,Male,60 - 64 Years,1637,616,14,1003,4,37.63,37.63,7.82,29.81
district,Karnali,Jumla,Male,65 - 69 Years,983,384,12,583,4,39.06,39.06,6.97,32.09
district,Karnali,Jumla,Male,70 - 74 Years,924,309,7,605,3,33.44,33.44,4.55,28.89
district,Karnali,Jumla,Male,75+ Years,508,139,8,359,2,27.36,27.36,7.11,20.25
district,Karnali,Jumla,Female,Total,54124,33318,472,20103,231,61.56,78.93,61.56,17.37
district,Karnali,Jumla,Female,05 Year,1159,923,44,164,28,79.64,78.84,79.64,-0.8
district,Karnali,Jumla,Female,06 Year,1224,1076,33,108,7,87.91,88.88,87.91,0.97
district,Karnali,Jumla,Female,07 Year,1143,1046,21,73,3,91.51,91.62,91.51,0.11
district,Karnali,Jumla,Female,08 Year,1386,1329,12,40,5,95.89,96.09,95.89,0.2
district,Karnali,Jumla,Female,09 Year,1176,1138,3,32,3,96.77,96.63,96.77,-0.14
district,Karnali,Jumla,Female,10 Year,1490,1451,3,33,3,97.38,97.76,97.38,0.38
district,Karnali,Jumla,Female,11 Year,1152,1126,0,25,1,97.74,97.69,97.74,-0.05
district,Karnali,Jumla,Female,12 Year,1643,1604,0,32,7,97.63,98.4,97.63,0.77
district,Karnali,Jumla,Female,13 Year,1479,1447,0,30,2,97.84,98.73,97.84,0.89
district,Karnali,Jumla,Female,14 Year,1565,1539,0,21,5,98.34,97.94,98.34,-0.4
district,Karnali,Jumla,Female,15 Year,1514,1450,1,59,4,95.77,96.77,95.77,1.0
district,Karnali,Jumla,Female,16 - 19 Years,5675,5345,6,303,21,94.19,96.36,94.19,2.17
district,Karnali,Jumla,Female,20 - 24 Years,6739,5687,12,1003,37,84.39,91.83,84.39,7.44
district,Karnali,Jumla,Female,25 - 29 Years,4960,3202,35,1705,18,64.56,86.29,64.56,21.73
district,Karnali,Jumla,Female,30 - 34 Years,4152,1832,49,2260,11,44.12,79.84,44.12,35.72
district,Karnali,Jumla,Female,35 - 39 Years,3538,1098,62,2364,14,31.03,69.9,31.03,38.87
district,Karnali,Jumla,Female,40 - 44 Years,3282,737,55,2468,22,22.46,63.83,22.46,41.37
district,Karnali,Jumla,Female,45 - 49 Years,2601,491,40,2061,9,18.88,54.46,18.88,35.58
district,Karnali,Jumla,Female,50 - 54 Years,2332,323,30,1971,8,13.85,52.22,13.85,38.37
district,Karnali,Jumla,Female,55 - 59 Years,1855,200,28,1619,8,10.78,45.07,10.78,34.29
district,Karnali,Jumla,Female,60 - 64 Years,1624,127,22,1469,6,7.82,37.63,7.82,29.81
district,Karnali,Jumla,Female,65 - 69 Years,976,68,9,894,5,6.97,39.06,6.97,32.09
district,Karnali,Jumla,Female,70 - 74 Years,967,44,5,917,1,4.55,33.44,4.55,28.89
district,Karnali,Jumla,Female,75+ Years,492,35,2,452,3,7.11,27.36,7.11,20.25
district,Karnali,Kalikot,Total,Total,128678,93570,801,34135,172,72.72,79.81,65.8,14.01
district,Karnali,Kalikot,Total,05 Year,3426,2612,124,603,87,76.24,77.83,74.49,3.34
district,Karnali,Kalikot,Total,06 Year,3417,3029,75,283,30,88.65,88.9,88.38,0.52
district,Karnali,Kalikot,Total,07 Year,3081,2871,57,145,8,93.18,93.0,93.37,-0.37
district,Karnali,Kalikot,Total,08 Year,3699,3570,35,88,6,96.51,96.75,96.26,0.49
district,Karnali,Kalikot,Total,09 Year,3375,3309,16,45,5,98.04,97.95,98.14,-0.19
district,Karnali,Kalikot,Total,10 Year,4178,4136,8,32,2,98.99,99.08,98.9,0.18
district,Karnali,Kalikot,Total,11 Year,3281,3257,2,20,2,99.27,99.16,99.38,-0.22
district,Karnali,Kalikot,Total,12 Year,4573,4535,2,33,3,99.17,98.94,99.41,-0.47
district,Karnali,Kalikot,Total,13 Year,3996,3975,2,18,1,99.47,99.65,99.29,0.36
district,Karnali,Kalikot,Total,14 Year,4295,4272,0,23,0,99.46,99.44,99.49,-0.05
district,Karnali,Kalikot,Total,15 Year,3944,3916,1,27,0,99.29,99.21,99.36,-0.15
district,Karnali,Kalikot,Total,16 - 19 Years,13795,13622,3,165,5,98.75,98.82,98.68,0.14
district,Karnali,Kalikot,Total,20 - 24 Years,14786,14117,22,642,5,95.48,97.31,93.86,3.45
district,Karnali,Kalikot,Total,25 - 29 Years,10366,8893,60,1410,3,85.79,93.6,77.74,15.86
district,Karnali,Kalikot,Total,30 - 34 Years,8113,5315,74,2721,3,65.51,83.52,48.31,35.21
district,Karnali,Kalikot,Total,35 - 39 Years,7332,3742,68,3521,1,51.04,72.93,29.94,42.99
district,Karnali,Kalikot,Total,40 - 44 Years,6112,2474,52,3585,1,40.48,62.95,21.19,41.76
district,Karnali,Kalikot,Total,45 - 49 Years,5688,1790,51,3845,2,31.47,47.04,16.53,30.51
district,Karnali,Kalikot,Total,50 - 54 Years,5310,1479,36,3793,2,27.85,44.39,11.16,33.23
district,Karnali,Kalikot,Total,55 - 59 Years,4631,1113,42,3475,1,24.03,38.43,7.99,30.44
district,Karnali,Kalikot,Total,60 - 64 Years,4414,677,26,3711,0,15.34,26.05,5.31,20.74
district,Karnali,Kalikot,Total,65 - 69 Years,2762,438,15,2307,2,15.86,27.08,4.27,22.81
district,Karnali,Kalikot,Total,70 - 74 Years,2405,274,16,2115,0,11.39,20.37,3.18,17.19
district,Karnali,Kalikot,Total,75+ Years,1699,154,14,1528,3,9.06,16.1,2.5,13.6
district,Karnali,Kalikot,Male,Total,63528,50700,368,12374,86,79.81,79.81,65.8,14.01
district,Karnali,Kalikot,Male,05 Year,1795,1397,67,294,37,77.83,77.83,74.49,3.34
district,Karnali,Kalikot,Male,06 Year,1748,1554,46,132,16,88.9,88.9,88.38,0.52
district,Karnali,Kalikot,Male,07 Year,1528,1421,31,71,5,93.0,93.0,93.37,-0.37
district,Karnali,Kalikot,Male,08 Year,1906,1844,16,42,4,96.75,96.75,96.26,0.49
district,Karnali,Kalikot,Male,09 Year,1706,1671,5,26,4,97.95,97.95,98.14,-0.19
district,Karnali,Kalikot,Male,10 Year,2178,2158,5,13,2,99.08,99.08,98.9,0.18
district,Karnali,Kalikot,Male,11 Year,1669,1655,2,11,1,99.16,99.16,99.38,-0.22
district,Karnali,Kalikot,Male,12 Year,2367,2342,1,21,3,98.94,98.94,99.41,-0.47
district,Karnali,Kalikot,Male,13 Year,2017,2010,1,5,1,99.65,99.65,99.29,0.36
district,Karnali,Kalikot,Male,14 Year,2135,2123,0,12,0,99.44,99.44,99.49,-0.05
district,Karnali,Kalikot,Male,15 Year,1910,1895,1,14,0,99.21,99.21,99.36,-0.15
district,Karnali,Kalikot,Male,16 - 19 Years,6603,6525,2,74,2,98.82,98.82,98.68,0.14
district,Karnali,Kalikot,Male,20 - 24 Years,6921,6735,9,174,3,97.31,97.31,93.86,3.45
district,Karnali,Kalikot,Male,25 - 29 Years,5262,4925,18,318,1,93.6,93.6,77.74,15.86
district,Karnali,Kalikot,Male,30 - 34 Years,3963,3310,18,633,2,83.52,83.52,48.31,35.21
district,Karnali,Kalikot,Male,35 - 39 Years,3598,2624,26,948,0,72.93,72.93,29.94,42.99
district,Karnali,Kalikot,Male,40 - 44 Years,2823,1777,15,1031,0,62.95,62.95,21.19,41.76
district,Karnali,Kalikot,Male,45 - 49 Years,2785,1310,26,1448,1,47.04,47.04,16.53,30.51
district,Karnali,Kalikot,Male,50 - 54 Years,2667,1184,16,1467,0,44.39,44.39,11.16,33.23
district,Karnali,Kalikot,Male,55 - 59 Years,2441,938,19,1483,1,38.43,38.43,7.99,30.44
district,Karnali,Kalikot,Male,60 - 64 Years,2134,556,12,1566,0,26.05,26.05,5.31,20.74
district,Karnali,Kalikot,Male,65 - 69 Years,1403,380,12,1009,2,27.08,27.08,4.27,22.81
district,Karnali,Kalikot,Male,70 - 74 Years,1149,234,10,905,0,20.37,20.37,3.18,17.19
district,Karnali,Kalikot,Male,75+ Years,820,132,10,677,1,16.1,16.1,2.5,13.6
district,Karnali,Kalikot,Female,Total,65150,42870,433,21761,86,65.8,79.81,65.8,14.01
district,Karnali,Kalikot,Female,05 Year,1631,1215,57,309,50,74.49,77.83,74.49,3.34
district,Karnali,Kalikot,Female,06 Year,1669,1475,29,151,14,88.38,88.9,88.38,0.52
district,Karnali,Kalikot,Female,07 Year,1553,1450,26,74,3,93.37,93.0,93.37,-0.37
district,Karnali,Kalikot,Female,08 Year,1793,1726,19,46,2,96.26,96.75,96.26,0.49
district,Karnali,Kalikot,Female,09 Year,1669,1638,11,19,1,98.14,97.95,98.14,-0.19
district,Karnali,Kalikot,Female,10 Year,2000,1978,3,19,0,98.9,99.08,98.9,0.18
district,Karnali,Kalikot,Female,11 Year,1612,1602,0,9,1,99.38,99.16,99.38,-0.22
district,Karnali,Kalikot,Female,12 Year,2206,2193,1,12,0,99.41,98.94,99.41,-0.47
district,Karnali,Kalikot,Female,13 Year,1979,1965,1,13,0,99.29,99.65,99.29,0.36
district,Karnali,Kalikot,Female,14 Year,2160,2149,0,11,0,99.49,99.44,99.49,-0.05
district,Karnali,Kalikot,Female,15 Year,2034,2021,0,13,0,99.36,99.21,99.36,-0.15
district,Karnali,Kalikot,Female,16 - 19 Years,7192,7097,1,91,3,98.68,98.82,98.68,0.14
district,Karnali,Kalikot,Female,20 - 24 Years,7865,7382,13,468,2,93.86,97.31,93.86,3.45
district,Karnali,Kalikot,Female,25 - 29 Years,5104,3968,42,1092,2,77.74,93.6,77.74,15.86
district,Karnali,Kalikot,Female,30 - 34 Years,4150,2005,56,2088,1,48.31,83.52,48.31,35.21
district,Karnali,Kalikot,Female,35 - 39 Years,3734,1118,42,2573,1,29.94,72.93,29.94,42.99
district,Karnali,Kalikot,Female,40 - 44 Years,3289,697,37,2554,1,21.19,62.95,21.19,41.76
district,Karnali,Kalikot,Female,45 - 49 Years,2903,480,25,2397,1,16.53,47.04,16.53,30.51
district,Karnali,Kalikot,Female,50 - 54 Years,2643,295,20,2326,2,11.16,44.39,11.16,33.23
district,Karnali,Kalikot,Female,55 - 59 Years,2190,175,23,1992,0,7.99,38.43,7.99,30.44
district,Karnali,Kalikot,Female,60 - 64 Years,2280,121,14,2145,0,5.31,26.05,5.31,20.74
district,Karnali,Kalikot,Female,65 - 69 Years,1359,58,3,1298,0,4.27,27.08,4.27,22.81
district,Karnali,Kalikot,Female,70 - 74 Years,1256,40,6,1210,0,3.18,20.37,3.18,17.19
district,Karnali,Kalikot,Female,75+ Years,879,22,4,851,2,2.5,16.1,2.5,13.6
district,Karnali,Dailekh,Total,Total,225508,170256,1156,53895,201,75.5,83.04,68.71,14.33
district,Karnali,Dailekh,Total,05 Year,5608,4678,119,724,87,83.42,82.99,83.87,-0.88
district,Karnali,Dailekh,Total,06 Year,5442,4918,70,435,19,90.37,90.79,89.93,0.86
district,Karnali,Dailekh,Total,07 Year,5254,4987,66,186,15,94.92,95.31,94.53,0.78
district,Karnali,Dailekh,Total,08 Year,5944,5752,23,160,9,96.77,96.68,96.87,-0.19
district,Karnali,Dailekh,Total,09 Year,5504,5410,16,77,1,98.29,98.18,98.4,-0.22
district,Karnali,Dailekh,Total,10 Year,6469,6375,8,84,2,98.55,98.65,98.43,0.22
district,Karnali,Dailekh,Total,11 Year,5305,5242,4,55,4,98.81,98.86,98.77,0.09
district,Karnali,Dailekh,Total,12 Year,7107,7044,2,61,0,99.11,99.16,99.07,0.09
district,Karnali,Dailekh,Total,13 Year,6361,6306,1,52,2,99.14,98.97,99.29,-0.32
district,Karnali,Dailekh,Total,14 Year,6842,6765,0,75,2,98.87,99.04,98.72,0.32
district,Karnali,Dailekh,Total,15 Year,6570,6486,3,79,2,98.72,98.69,98.75,-0.06
district,Karnali,Dailekh,Total,16 - 19 Years,22949,22532,15,395,7,98.18,98.43,97.96,0.47
district,Karnali,Dailekh,Total,20 - 24 Years,24907,23915,27,952,13,96.02,96.94,95.28,1.66
district,Karnali,Dailekh,Total,25 - 29 Years,18797,17028,28,1735,6,90.59,94.99,86.81,8.18
district,Karnali,Dailekh,Total,30 - 34 Years,14501,11403,78,3019,1,78.64,89.85,68.92,20.93
district,Karnali,Dailekh,Total,35 - 39 Years,13443,8771,103,4567,2,65.25,83.1,52.01,31.09
district,Karnali,Dailekh,Total,40 - 44 Years,12103,6664,125,5311,3,55.06,76.73,37.65,39.08
district,Karnali,Dailekh,Total,45 - 49 Years,10610,4879,116,5612,3,45.98,68.35,28.12,40.23
district,Karnali,Dailekh,Total,50 - 54 Years,11135,4279,108,6744,4,38.43,59.01,19.91,39.1
district,Karnali,Dailekh,Total,55 - 59 Years,8283,2556,84,5641,2,30.86,48.46,13.13,35.33
district,Karnali,Dailekh,Total,60 - 64 Years,7601,1820,65,5714,2,23.94,39.65,8.44,31.21
district,Karnali,Dailekh,Total,65 - 69 Years,5713,1171,33,4506,3,20.5,35.2,5.72,29.48
district,Karnali,Dailekh,Total,70 - 74 Years,4942,740,36,4164,2,14.97,28.19,4.44,23.75
district,Karnali,Dailekh,Total,75+ Years,4118,535,26,3547,10,12.99,23.18,3.48,19.7
district,Karnali,Dailekh,Male,Total,106835,88719,444,17575,97,83.04,83.04,68.71,14.33
district,Karnali,Dailekh,Male,05 Year,2892,2400,69,374,49,82.99,82.99,83.87,-0.88
district,Karnali,Dailekh,Male,06 Year,2781,2525,36,212,8,90.79,90.79,89.93,0.86
district,Karnali,Dailekh,Male,07 Year,2623,2500,29,87,7,95.31,95.31,94.53,0.78
district,Karnali,Dailekh,Male,08 Year,3009,2909,14,81,5,96.68,96.68,96.87,-0.19
district,Karnali,Dailekh,Male,09 Year,2754,2704,10,39,1,98.18,98.18,98.4,-0.22
district,Karnali,Dailekh,Male,10 Year,3343,3298,3,41,1,98.65,98.65,98.43,0.22
district,Karnali,Dailekh,Male,11 Year,2623,2593,3,24,3,98.86,98.86,98.77,0.09
district,Karnali,Dailekh,Male,12 Year,3679,3648,1,30,0,99.16,99.16,99.07,0.09
district,Karnali,Dailekh,Male,13 Year,3106,3074,1,30,1,98.97,98.97,99.29,-0.32
district,Karnali,Dailekh,Male,14 Year,3331,3299,0,31,1,99.04,99.04,98.72,0.32
district,Karnali,Dailekh,Male,15 Year,3199,3157,3,38,1,98.69,98.69,98.75,-0.06
district,Karnali,Dailekh,Male,16 - 19 Years,10902,10731,8,163,0,98.43,98.43,97.96,0.47
district,Karnali,Dailekh,Male,20 - 24 Years,11098,10758,13,320,7,96.94,96.94,95.28,1.66
district,Karnali,Dailekh,Male,25 - 29 Years,8686,8251,6,426,3,94.99,94.99,86.81,8.18
district,Karnali,Dailekh,Male,30 - 34 Years,6731,6048,13,669,1,89.85,89.85,68.92,20.93
district,Karnali,Dailekh,Male,35 - 39 Years,5723,4756,18,948,1,83.1,83.1,52.01,31.09
district,Karnali,Dailekh,Male,40 - 44 Years,5393,4138,28,1226,1,76.73,76.73,37.65,39.08
district,Karnali,Dailekh,Male,45 - 49 Years,4711,3220,30,1459,2,68.35,68.35,28.12,40.23
district,Karnali,Dailekh,Male,50 - 54 Years,5274,3112,34,2128,0,59.01,59.01,19.91,39.1
district,Karnali,Dailekh,Male,55 - 59 Years,4156,2014,32,2110,0,48.46,48.46,13.13,35.33
district,Karnali,Dailekh,Male,60 - 64 Years,3776,1497,29,2248,2,39.65,39.65,8.44,31.21
district,Karnali,Dailekh,Male,65 - 69 Years,2864,1008,20,1835,1,35.2,35.2,5.72,29.48
district,Karnali,Dailekh,Male,70 - 74 Years,2192,618,22,1552,0,28.19,28.19,4.44,23.75
district,Karnali,Dailekh,Male,75+ Years,1989,461,22,1504,2,23.18,23.18,3.48,19.7
district,Karnali,Dailekh,Female,Total,118673,81537,712,36320,104,68.71,83.04,68.71,14.33
district,Karnali,Dailekh,Female,05 Year,2716,2278,50,350,38,83.87,82.99,83.87,-0.88
district,Karnali,Dailekh,Female,06 Year,2661,2393,34,223,11,89.93,90.79,89.93,0.86
district,Karnali,Dailekh,Female,07 Year,2631,2487,37,99,8,94.53,95.31,94.53,0.78
district,Karnali,Dailekh,Female,08 Year,2935,2843,9,79,4,96.87,96.68,96.87,-0.19
district,Karnali,Dailekh,Female,09 Year,2750,2706,6,38,0,98.4,98.18,98.4,-0.22
district,Karnali,Dailekh,Female,10 Year,3126,3077,5,43,1,98.43,98.65,98.43,0.22
district,Karnali,Dailekh,Female,11 Year,2682,2649,1,31,1,98.77,98.86,98.77,0.09
district,Karnali,Dailekh,Female,12 Year,3428,3396,1,31,0,99.07,99.16,99.07,0.09
district,Karnali,Dailekh,Female,13 Year,3255,3232,0,22,1,99.29,98.97,99.29,-0.32
district,Karnali,Dailekh,Female,14 Year,3511,3466,0,44,1,98.72,99.04,98.72,0.32
district,Karnali,Dailekh,Female,15 Year,3371,3329,0,41,1,98.75,98.69,98.75,-0.06
district,Karnali,Dailekh,Female,16 - 19 Years,12047,11801,7,232,7,97.96,98.43,97.96,0.47
district,Karnali,Dailekh,Female,20 - 24 Years,13809,13157,14,632,6,95.28,96.94,95.28,1.66
district,Karnali,Dailekh,Female,25 - 29 Years,10111,8777,22,1309,3,86.81,94.99,86.81,8.18
district,Karnali,Dailekh,Female,30 - 34 Years,7770,5355,65,2350,0,68.92,89.85,68.92,20.93
district,Karnali,Dailekh,Female,35 - 39 Years,7720,4015,85,3619,1,52.01,83.1,52.01,31.09
district,Karnali,Dailekh,Female,40 - 44 Years,6710,2526,97,4085,2,37.65,76.73,37.65,39.08
district,Karnali,Dailekh,Female,45 - 49 Years,5899,1659,86,4153,1,28.12,68.35,28.12,40.23
district,Karnali,Dailekh,Female,50 - 54 Years,5861,1167,74,4616,4,19.91,59.01,19.91,39.1
district,Karnali,Dailekh,Female,55 - 59 Years,4127,542,52,3531,2,13.13,48.46,13.13,35.33
district,Karnali,Dailekh,Female,60 - 64 Years,3825,323,36,3466,0,8.44,39.65,8.44,31.21
district,Karnali,Dailekh,Female,65 - 69 Years,2849,163,13,2671,2,5.72,35.2,5.72,29.48
district,Karnali,Dailekh,Female,70 - 74 Years,2750,122,14,2612,2,4.44,28.19,4.44,23.75
district,Karnali,Dailekh,Female,75+ Years,2129,74,4,2043,8,3.48,23.18,3.48,19.7
district,Karnali,Jajarkot,Total,Total,167750,126648,1036,39895,171,75.5,81.3,69.81,11.49
district,Karnali,Jajarkot,Total,05 Year,4523,3701,107,634,81,81.83,82.22,81.42,0.8
district,Karnali,Jajarkot,Total,06 Year,4367,3943,72,332,20,90.29,90.57,90.0,0.57
district,Karnali,Jajarkot,Total,07 Year,4234,3982,42,192,18,94.05,94.32,93.79,0.53
district,Karnali,Jajarkot,Total,08 Year,4960,4811,29,116,4,97.0,97.14,96.84,0.3
district,Karnali,Jajarkot,Total,09 Year,4632,4538,19,73,2,97.97,98.19,97.74,0.45
district,Karnali,Jajarkot,Total,10 Year,5318,5246,3,62,7,98.65,98.61,98.68,-0.07
district,Karnali,Jajarkot,Total,11 Year,4500,4453,5,40,2,98.96,98.88,99.03,-0.15
district,Karnali,Jajarkot,Total,12 Year,5696,5647,2,44,3,99.14,99.15,99.13,0.02
district,Karnali,Jajarkot,Total,13 Year,5281,5223,2,55,1,98.9,98.59,99.21,-0.62
district,Karnali,Jajarkot,Total,14 Year,5256,5213,1,41,1,99.18,99.2,99.16,0.04
district,Karnali,Jajarkot,Total,15 Year,5195,5141,2,51,1,98.96,98.61,99.29,-0.68
district,Karnali,Jajarkot,Total,16 - 19 Years,17966,17610,12,342,2,98.02,98.2,97.84,0.36
district,Karnali,Jajarkot,Total,20 - 24 Years,18766,18061,7,695,3,96.24,97.13,95.41,1.72
district,Karnali,Jajarkot,Total,25 - 29 Years,13651,12161,37,1446,7,89.09,93.8,84.37,9.43
district,Karnali,Jajarkot,Total,30 - 34 Years,10894,7890,75,2929,0,72.43,84.03,61.16,22.87
district,Karnali,Jajarkot,Total,35 - 39 Years,10281,6114,134,4033,0,59.47,75.28,45.05,30.23
district,Karnali,Jajarkot,Total,40 - 44 Years,8896,4162,121,4612,1,46.79,64.57,30.61,33.96
district,Karnali,Jajarkot,Total,45 - 49 Years,7652,2958,112,4579,3,38.66,55.37,22.03,33.34
district,Karnali,Jajarkot,Total,50 - 54 Years,7212,2288,88,4833,3,31.72,47.33,15.35,31.98
district,Karnali,Jajarkot,Total,55 - 59 Years,5316,1416,71,3828,1,26.64,41.2,10.53,30.67
district,Karnali,Jajarkot,Total,60 - 64 Years,4863,927,40,3894,2,19.06,30.06,7.6,22.46
district,Karnali,Jajarkot,Total,65 - 69 Years,3406,635,29,2741,1,18.64,29.37,6.36,23.01
district,Karnali,Jajarkot,Total,70 - 74 Years,2772,321,19,2427,5,11.58,21.45,3.2,18.25
district,Karnali,Jajarkot,Total,75+ Years,2113,207,7,1896,3,9.8,17.64,3.5,14.14
district,Karnali,Jajarkot,Male,Total,83005,67485,472,14960,88,81.3,81.3,69.81,11.49
district,Karnali,Jajarkot,Male,05 Year,2284,1878,54,312,40,82.22,82.22,81.42,0.8
district,Karnali,Jajarkot,Male,06 Year,2206,1998,37,159,12,90.57,90.57,90.0,0.57
district,Karnali,Jajarkot,Male,07 Year,2043,1927,22,86,8,94.32,94.32,93.79,0.53
district,Karnali,Jajarkot,Male,08 Year,2586,2512,15,57,2,97.14,97.14,96.84,0.3
district,Karnali,Jajarkot,Male,09 Year,2373,2330,7,35,1,98.19,98.19,97.74,0.45
district,Karnali,Jajarkot,Male,10 Year,2590,2554,1,31,4,98.61,98.61,98.68,-0.07
district,Karnali,Jajarkot,Male,11 Year,2230,2205,3,22,0,98.88,98.88,99.03,-0.15
district,Karnali,Jajarkot,Male,12 Year,2930,2905,0,22,3,99.15,99.15,99.13,0.02
district,Karnali,Jajarkot,Male,13 Year,2632,2595,2,34,1,98.59,98.59,99.21,-0.62
district,Karnali,Jajarkot,Male,14 Year,2626,2605,0,21,0,99.2,99.2,99.16,0.04
district,Karnali,Jajarkot,Male,15 Year,2522,2487,1,34,0,98.61,98.61,99.29,-0.68
district,Karnali,Jajarkot,Male,16 - 19 Years,8799,8641,7,149,2,98.2,98.2,97.84,0.36
district,Karnali,Jajarkot,Male,20 - 24 Years,9040,8781,3,255,1,97.13,97.13,95.41,1.72
district,Karnali,Jajarkot,Male,25 - 29 Years,6824,6401,17,401,5,93.8,93.8,84.37,9.43
district,Karnali,Jajarkot,Male,30 - 34 Years,5366,4509,24,833,0,84.03,84.03,61.16,22.87
district,Karnali,Jajarkot,Male,35 - 39 Years,4903,3691,41,1171,0,75.28,75.28,45.05,30.23
district,Karnali,Jajarkot,Male,40 - 44 Years,4237,2736,42,1459,0,64.57,64.57,30.61,33.96
district,Karnali,Jajarkot,Male,45 - 49 Years,3816,2113,46,1656,1,55.37,55.37,22.03,33.34
district,Karnali,Jajarkot,Male,50 - 54 Years,3693,1748,46,1897,2,47.33,47.33,15.35,31.98
district,Karnali,Jajarkot,Male,55 - 59 Years,2791,1150,39,1602,0,41.2,41.2,10.53,30.67
district,Karnali,Jajarkot,Male,60 - 64 Years,2482,746,27,1707,2,30.06,30.06,7.6,22.46
district,Karnali,Jajarkot,Male,65 - 69 Years,1818,534,22,1261,1,29.37,29.37,6.36,23.01
district,Karnali,Jajarkot,Male,70 - 74 Years,1273,273,12,986,2,21.45,21.45,3.2,18.25
district,Karnali,Jajarkot,Male,75+ Years,941,166,4,770,1,17.64,17.64,3.5,14.14
district,Karnali,Jajarkot,Female,Total,84745,59163,564,24935,83,69.81,81.3,69.81,11.49
district,Karnali,Jajarkot,Female,05 Year,2239,1823,53,322,41,81.42,82.22,81.42,0.8
district,Karnali,Jajarkot,Female,06 Year,2161,1945,35,173,8,90.0,90.57,90.0,0.57
district,Karnali,Jajarkot,Female,07 Year,2191,2055,20,106,10,93.79,94.32,93.79,0.53
district,Karnali,Jajarkot,Female,08 Year,2374,2299,14,59,2,96.84,97.14,96.84,0.3
district,Karnali,Jajarkot,Female,09 Year,2259,2208,12,38,1,97.74,98.19,97.74,0.45
district,Karnali,Jajarkot,Female,10 Year,2728,2692,2,31,3,98.68,98.61,98.68,-0.07
district,Karnali,Jajarkot,Female,11 Year,2270,2248,2,18,2,99.03,98.88,99.03,-0.15
district,Karnali,Jajarkot,Female,12 Year,2766,2742,2,22,0,99.13,99.15,99.13,0.02
district,Karnali,Jajarkot,Female,13 Year,2649,2628,0,21,0,99.21,98.59,99.21,-0.62
district,Karnali,Jajarkot,Female,14 Year,2630,2608,1,20,1,99.16,99.2,99.16,0.04
district,Karnali,Jajarkot,Female,15 Year,2673,2654,1,17,1,99.29,98.61,99.29,-0.68
district,Karnali,Jajarkot,Female,16 - 19 Years,9167,8969,5,193,0,97.84,98.2,97.84,0.36
district,Karnali,Jajarkot,Female,20 - 24 Years,9726,9280,4,440,2,95.41,97.13,95.41,1.72
district,Karnali,Jajarkot,Female,25 - 29 Years,6827,5760,20,1045,2,84.37,93.8,84.37,9.43
district,Karnali,Jajarkot,Female,30 - 34 Years,5528,3381,51,2096,0,61.16,84.03,61.16,22.87
district,Karnali,Jajarkot,Female,35 - 39 Years,5378,2423,93,2862,0,45.05,75.28,45.05,30.23
district,Karnali,Jajarkot,Female,40 - 44 Years,4659,1426,79,3153,1,30.61,64.57,30.61,33.96
district,Karnali,Jajarkot,Female,45 - 49 Years,3836,845,66,2923,2,22.03,55.37,22.03,33.34
district,Karnali,Jajarkot,Female,50 - 54 Years,3519,540,42,2936,1,15.35,47.33,15.35,31.98
district,Karnali,Jajarkot,Female,55 - 59 Years,2525,266,32,2226,1,10.53,41.2,10.53,30.67
district,Karnali,Jajarkot,Female,60 - 64 Years,2381,181,13,2187,0,7.6,30.06,7.6,22.46
district,Karnali,Jajarkot,Female,65 - 69 Years,1588,101,7,1480,0,6.36,29.37,6.36,23.01
district,Karnali,Jajarkot,Female,70 - 74 Years,1499,48,7,1441,3,3.2,21.45,3.2,18.25
district,Karnali,Jajarkot,Female,75+ Years,1172,41,3,1126,2,3.5,17.64,3.5,14.14
district,Karnali,Rukum (West),Total,Total,150201,113762,604,35688,147,75.74,82.55,69.43,13.12
district,Karnali,Rukum (West),Total,05 Year,3477,2902,59,467,49,83.46,83.68,83.22,0.46
district,Karnali,Rukum (West),Total,06 Year,3466,3182,29,227,28,91.81,91.05,92.63,-1.58
district,Karnali,Rukum (West),Total,07 Year,3311,3172,28,102,9,95.8,96.06,95.54,0.52
district,Karnali,Rukum (West),Total,08 Year,3758,3673,13,63,9,97.74,98.03,97.42,0.61
district,Karnali,Rukum (West),Total,09 Year,3410,3350,5,50,5,98.24,98.31,98.18,0.13
district,Karnali,Rukum (West),Total,10 Year,4042,4019,1,19,3,99.43,99.48,99.38,0.1
district,Karnali,Rukum (West),Total,11 Year,3406,3387,0,17,2,99.44,99.47,99.42,0.05
district,Karnali,Rukum (West),Total,12 Year,4368,4338,0,28,2,99.31,99.38,99.24,0.14
district,Karnali,Rukum (West),Total,13 Year,3966,3945,0,20,1,99.47,99.6,99.35,0.25
district,Karnali,Rukum (West),Total,14 Year,4426,4398,0,27,1,99.37,99.27,99.46,-0.19
district,Karnali,Rukum (West),Total,15 Year,4319,4280,0,39,0,99.1,98.91,99.27,-0.36
district,Karnali,Rukum (West),Total,16 - 19 Years,15544,15322,10,211,1,98.57,98.6,98.55,0.05
district,Karnali,Rukum (West),Total,20 - 24 Years,17685,17181,10,488,6,97.15,97.9,96.52,1.38
district,Karnali,Rukum (West),Total,25 - 29 Years,13247,12123,19,1099,6,91.52,95.02,88.42,6.6
district,Karnali,Rukum (West),Total,30 - 34 Years,11274,8945,39,2289,1,79.34,89.39,70.38,19.01
district,Karnali,Rukum (West),Total,35 - 39 Years,9586,6382,79,3123,2,66.58,83.08,52.16,30.92
district,Karnali,Rukum (West),Total,40 - 44 Years,8503,4448,70,3982,3,52.31,73.02,35.19,37.83
district,Karnali,Rukum (West),Total,45 - 49 Years,7068,3054,64,3950,0,43.21,63.69,24.99,38.7
district,Karnali,Rukum (West),Total,50 - 54 Years,6731,2368,63,4297,3,35.18,54.62,17.29,37.33
district,Karnali,Rukum (West),Total,55 - 59 Years,5300,1349,34,3914,3,25.45,42.18,9.25,32.93
district,Karnali,Rukum (West),Total,60 - 64 Years,4715,867,25,3820,3,18.39,31.41,6.46,24.95
district,Karnali,Rukum (West),Total,65 - 69 Years,3517,549,34,2931,3,15.61,26.19,5.24,20.95
district,Karnali,Rukum (West),Total,70 - 74 Years,2913,320,13,2577,3,10.99,19.52,3.32,16.2
district,Karnali,Rukum (West),Total,75+ Years,2169,208,9,1948,4,9.59,15.87,3.81,12.06
district,Karnali,Rukum (West),Male,Total,72256,59645,237,12308,66,82.55,82.55,69.43,13.12
district,Karnali,Rukum (West),Male,05 Year,1832,1533,32,241,26,83.68,83.68,83.22,0.46
district,Karnali,Rukum (West),Male,06 Year,1811,1649,14,137,11,91.05,91.05,92.63,-1.58
district,Karnali,Rukum (West),Male,07 Year,1651,1586,13,49,3,96.06,96.06,95.54,0.52
district,Karnali,Rukum (West),Male,08 Year,1975,1936,8,28,3,98.03,98.03,97.42,0.61
district,Karnali,Rukum (West),Male,09 Year,1711,1682,3,22,4,98.31,98.31,98.18,0.13
district,Karnali,Rukum (West),Male,10 Year,2109,2098,1,9,1,99.48,99.48,99.38,0.1
district,Karnali,Rukum (West),Male,11 Year,1683,1674,0,7,2,99.47,99.47,99.42,0.05
district,Karnali,Rukum (West),Male,12 Year,2259,2245,0,14,0,99.38,99.38,99.24,0.14
district,Karnali,Rukum (West),Male,13 Year,1979,1971,0,7,1,99.6,99.6,99.35,0.25
district,Karnali,Rukum (West),Male,14 Year,2186,2170,0,15,1,99.27,99.27,99.46,-0.19
district,Karnali,Rukum (West),Male,15 Year,2117,2094,0,23,0,98.91,98.91,99.27,-0.36
district,Karnali,Rukum (West),Male,16 - 19 Years,7434,7330,6,98,0,98.6,98.6,98.55,0.05
district,Karnali,Rukum (West),Male,20 - 24 Years,8091,7921,4,163,3,97.9,97.9,96.52,1.38
district,Karnali,Rukum (West),Male,25 - 29 Years,6211,5902,4,303,2,95.02,95.02,88.42,6.6
district,Karnali,Rukum (West),Male,30 - 34 Years,5316,4752,5,559,0,89.39,89.39,70.38,19.01
district,Karnali,Rukum (West),Male,35 - 39 Years,4469,3713,19,737,0,83.08,83.08,52.16,30.92
district,Karnali,Rukum (West),Male,40 - 44 Years,3848,2810,20,1017,1,73.02,73.02,35.19,37.83
district,Karnali,Rukum (West),Male,45 - 49 Years,3327,2119,17,1191,0,63.69,63.69,24.99,38.7
district,Karnali,Rukum (West),Male,50 - 54 Years,3226,1762,25,1437,2,54.62,54.62,17.29,37.33
district,Karnali,Rukum (West),Male,55 - 59 Years,2608,1100,17,1490,1,42.18,42.18,9.25,32.93
district,Karnali,Rukum (West),Male,60 - 64 Years,2254,708,16,1529,1,31.41,31.41,6.46,24.95
district,Karnali,Rukum (West),Male,65 - 69 Years,1741,456,19,1264,2,26.19,26.19,5.24,20.95
district,Karnali,Rukum (West),Male,70 - 74 Years,1378,269,7,1101,1,19.52,19.52,3.32,16.2
district,Karnali,Rukum (West),Male,75+ Years,1040,165,7,867,1,15.87,15.87,3.81,12.06
district,Karnali,Rukum (West),Female,Total,77945,54117,367,23380,81,69.43,82.55,69.43,13.12
district,Karnali,Rukum (West),Female,05 Year,1645,1369,27,226,23,83.22,83.68,83.22,0.46
district,Karnali,Rukum (West),Female,06 Year,1655,1533,15,90,17,92.63,91.05,92.63,-1.58
district,Karnali,Rukum (West),Female,07 Year,1660,1586,15,53,6,95.54,96.06,95.54,0.52
district,Karnali,Rukum (West),Female,08 Year,1783,1737,5,35,6,97.42,98.03,97.42,0.61
district,Karnali,Rukum (West),Female,09 Year,1699,1668,2,28,1,98.18,98.31,98.18,0.13
district,Karnali,Rukum (West),Female,10 Year,1933,1921,0,10,2,99.38,99.48,99.38,0.1
district,Karnali,Rukum (West),Female,11 Year,1723,1713,0,10,0,99.42,99.47,99.42,0.05
district,Karnali,Rukum (West),Female,12 Year,2109,2093,0,14,2,99.24,99.38,99.24,0.14
district,Karnali,Rukum (West),Female,13 Year,1987,1974,0,13,0,99.35,99.6,99.35,0.25
district,Karnali,Rukum (West),Female,14 Year,2240,2228,0,12,0,99.46,99.27,99.46,-0.19
district,Karnali,Rukum (West),Female,15 Year,2202,2186,0,16,0,99.27,98.91,99.27,-0.36
district,Karnali,Rukum (West),Female,16 - 19 Years,8110,7992,4,113,1,98.55,98.6,98.55,0.05
district,Karnali,Rukum (West),Female,20 - 24 Years,9594,9260,6,325,3,96.52,97.9,96.52,1.38
district,Karnali,Rukum (West),Female,25 - 29 Years,7036,6221,15,796,4,88.42,95.02,88.42,6.6
district,Karnali,Rukum (West),Female,30 - 34 Years,5958,4193,34,1730,1,70.38,89.39,70.38,19.01
district,Karnali,Rukum (West),Female,35 - 39 Years,5117,2669,60,2386,2,52.16,83.08,52.16,30.92
district,Karnali,Rukum (West),Female,40 - 44 Years,4655,1638,50,2965,2,35.19,73.02,35.19,37.83
district,Karnali,Rukum (West),Female,45 - 49 Years,3741,935,47,2759,0,24.99,63.69,24.99,38.7
district,Karnali,Rukum (West),Female,50 - 54 Years,3505,606,38,2860,1,17.29,54.62,17.29,37.33
district,Karnali,Rukum (West),Female,55 - 59 Years,2692,249,17,2424,2,9.25,42.18,9.25,32.93
district,Karnali,Rukum (West),Female,60 - 64 Years,2461,159,9,2291,2,6.46,31.41,6.46,24.95
district,Karnali,Rukum (West),Female,65 - 69 Years,1776,93,15,1667,1,5.24,26.19,5.24,20.95
district,Karnali,Rukum (West),Female,70 - 74 Years,1535,51,6,1476,2,3.32,19.52,3.32,16.2
district,Karnali,Rukum (West),Female,75+ Years,1129,43,2,1081,3,3.81,15.87,3.81,12.06
district,Karnali,Salyan,Total,Total,215417,166510,1394,47342,171,77.3,84.95,70.31,14.64
district,Karnali,Salyan,Total,05 Year,4726,3981,81,592,72,84.24,84.2,84.28,-0.08
district,Karnali,Salyan,Total,06 Year,4660,4310,62,259,29,92.49,92.34,92.65,-0.31
district,Karnali,Salyan,Total,07 Year,4591,4389,37,151,14,95.6,95.33,95.87,-0.54
district,Karnali,Salyan,Total,08 Year,4853,4756,12,78,7,98.0,98.13,97.86,0.27
district,Karnali,Salyan,Total,09 Year,4543,4497,6,32,8,98.99,99.13,98.84,0.29
district,Karnali,Salyan,Total,10 Year,5085,5047,3,34,1,99.25,99.2,99.31,-0.11
district,Karnali,Salyan,Total,11 Year,4454,4418,1,34,1,99.19,99.07,99.31,-0.24
district,Karnali,Salyan,Total,12 Year,5752,5724,0,28,0,99.51,99.53,99.5,0.03
district,Karnali,Salyan,Total,13 Year,5530,5498,0,32,0,99.42,99.38,99.46,-0.08
district,Karnali,Salyan,Total,14 Year,5938,5900,3,33,2,99.36,99.17,99.55,-0.38
district,Karnali,Salyan,Total,15 Year,6059,6018,0,39,2,99.32,99.17,99.47,-0.3
district,Karnali,Salyan,Total,16 - 19 Years,22150,21914,7,229,0,98.93,98.95,98.92,0.03
district,Karnali,Salyan,Total,20 - 24 Years,25164,24664,16,480,4,98.01,98.24,97.82,0.42
district,Karnali,Salyan,Total,25 - 29 Years,19257,18066,44,1143,4,93.82,96.56,91.47,5.09
district,Karnali,Salyan,Total,30 - 34 Years,15514,12947,91,2475,1,83.45,91.89,76.36,15.53
district,Karnali,Salyan,Total,35 - 39 Years,14054,10145,164,3742,3,72.19,88.23,59.35,28.88
district,Karnali,Salyan,Total,40 - 44 Years,12814,7719,213,4881,1,60.24,81.29,43.12,38.17
district,Karnali,Salyan,Total,45 - 49 Years,10969,5506,152,5308,3,50.2,73.6,30.24,43.36
district,Karnali,Salyan,Total,50 - 54 Years,10658,4448,179,6029,2,41.73,64.48,20.5,43.98
district,Karnali,Salyan,Total,55 - 59 Years,8033,2594,111,5326,2,32.29,51.74,13.6,38.14
district,Karnali,Salyan,Total,60 - 64 Years,7235,1734,92,5406,3,23.97,40.63,8.48,32.15
district,Karnali,Salyan,Total,65 - 69 Years,5874,1205,53,4613,3,20.51,36.23,5.77,30.46
district,Karnali,Salyan,Total,70 - 74 Years,4213,643,43,3518,9,15.26,28.16,3.96,24.2
district,Karnali,Salyan,Total,75+ Years,3291,387,24,2880,0,11.76,21.44,2.76,18.68
district,Karnali,Salyan,Male,Total,102832,87356,433,14961,82,84.95,84.95,70.31,14.64
district,Karnali,Salyan,Male,05 Year,2462,2073,40,307,42,84.2,84.2,84.28,-0.08
district,Karnali,Salyan,Male,06 Year,2388,2205,31,138,14,92.34,92.34,92.65,-0.31
district,Karnali,Salyan,Male,07 Year,2293,2186,18,82,7,95.33,95.33,95.87,-0.54
district,Karnali,Salyan,Male,08 Year,2512,2465,6,37,4,98.13,98.13,97.86,0.27
district,Karnali,Salyan,Male,09 Year,2296,2276,3,15,2,99.13,99.13,98.84,0.29
district,Karnali,Salyan,Male,10 Year,2617,2596,1,20,0,99.2,99.2,99.31,-0.11
district,Karnali,Salyan,Male,11 Year,2266,2245,0,20,1,99.07,99.07,99.31,-0.24
district,Karnali,Salyan,Male,12 Year,2958,2944,0,14,0,99.53,99.53,99.5,0.03
district,Karnali,Salyan,Male,13 Year,2755,2738,0,17,0,99.38,99.38,99.46,-0.08
district,Karnali,Salyan,Male,14 Year,3019,2994,2,22,1,99.17,99.17,99.55,-0.38
district,Karnali,Salyan,Male,15 Year,3012,2987,0,23,2,99.17,99.17,99.47,-0.3
district,Karnali,Salyan,Male,16 - 19 Years,10776,10663,2,111,0,98.95,98.95,98.92,0.03
district,Karnali,Salyan,Male,20 - 24 Years,11519,11316,5,196,2,98.24,98.24,97.82,0.42
district,Karnali,Salyan,Male,25 - 29 Years,8871,8566,6,299,0,96.56,96.56,91.47,5.09
district,Karnali,Salyan,Male,30 - 34 Years,7082,6508,18,555,1,91.89,91.89,76.36,15.53
district,Karnali,Salyan,Male,35 - 39 Years,6246,5511,30,705,0,88.23,88.23,59.35,28.88
district,Karnali,Salyan,Male,40 - 44 Years,5747,4672,31,1044,0,81.29,81.29,43.12,38.17
district,Karnali,Salyan,Male,45 - 49 Years,5049,3716,36,1295,2,73.6,73.6,30.24,43.36
district,Karnali,Salyan,Male,50 - 54 Years,5146,3318,39,1787,2,64.48,64.48,20.5,43.98
district,Karnali,Salyan,Male,55 - 59 Years,3937,2037,43,1857,0,51.74,51.74,13.6,38.14
district,Karnali,Salyan,Male,60 - 64 Years,3485,1416,53,2016,0,40.63,40.63,8.48,32.15
district,Karnali,Salyan,Male,65 - 69 Years,2843,1030,27,1786,0,36.23,36.23,5.77,30.46
district,Karnali,Salyan,Male,70 - 74 Years,1967,554,25,1386,2,28.16,28.16,3.96,24.2
district,Karnali,Salyan,Male,75+ Years,1586,340,17,1229,0,21.44,21.44,2.76,18.68
district,Karnali,Salyan,Female,Total,112585,79154,961,32381,89,70.31,84.95,70.31,14.64
district,Karnali,Salyan,Female,05 Year,2264,1908,41,285,30,84.28,84.2,84.28,-0.08
district,Karnali,Salyan,Female,06 Year,2272,2105,31,121,15,92.65,92.34,92.65,-0.31
district,Karnali,Salyan,Female,07 Year,2298,2203,19,69,7,95.87,95.33,95.87,-0.54
district,Karnali,Salyan,Female,08 Year,2341,2291,6,41,3,97.86,98.13,97.86,0.27
district,Karnali,Salyan,Female,09 Year,2247,2221,3,17,6,98.84,99.13,98.84,0.29
district,Karnali,Salyan,Female,10 Year,2468,2451,2,14,1,99.31,99.2,99.31,-0.11
district,Karnali,Salyan,Female,11 Year,2188,2173,1,14,0,99.31,99.07,99.31,-0.24
district,Karnali,Salyan,Female,12 Year,2794,2780,0,14,0,99.5,99.53,99.5,0.03
district,Karnali,Salyan,Female,13 Year,2775,2760,0,15,0,99.46,99.38,99.46,-0.08
district,Karnali,Salyan,Female,14 Year,2919,2906,1,11,1,99.55,99.17,99.55,-0.38
district,Karnali,Salyan,Female,15 Year,3047,3031,0,16,0,99.47,99.17,99.47,-0.3
district,Karnali,Salyan,Female,16 - 19 Years,11374,11251,5,118,0,98.92,98.95,98.92,0.03
district,Karnali,Salyan,Female,20 - 24 Years,13645,13348,11,284,2,97.82,98.24,97.82,0.42
district,Karnali,Salyan,Female,25 - 29 Years,10386,9500,38,844,4,91.47,96.56,91.47,5.09
district,Karnali,Salyan,Female,30 - 34 Years,8432,6439,73,1920,0,76.36,91.89,76.36,15.53
district,Karnali,Salyan,Female,35 - 39 Years,7808,4634,134,3037,3,59.35,88.23,59.35,28.88
district,Karnali,Salyan,Female,40 - 44 Years,7067,3047,182,3837,1,43.12,81.29,43.12,38.17
district,Karnali,Salyan,Female,45 - 49 Years,5920,1790,116,4013,1,30.24,73.6,30.24,43.36
district,Karnali,Salyan,Female,50 - 54 Years,5512,1130,140,4242,0,20.5,64.48,20.5,43.98
district,Karnali,Salyan,Female,55 - 59 Years,4096,557,68,3469,2,13.6,51.74,13.6,38.14
district,Karnali,Salyan,Female,60 - 64 Years,3750,318,39,3390,3,8.48,40.63,8.48,32.15
district,Karnali,Salyan,Female,65 - 69 Years,3031,175,26,2827,3,5.77,36.23,5.77,30.46
district,Karnali,Salyan,Female,70 - 74 Years,2246,89,18,2132,7,3.96,28.16,3.96,24.2
district,Karnali,Salyan,Female,75+ Years,1705,47,7,1651,0,2.76,21.44,2.76,18.68
district,Karnali,Surkhet,Total,Total,378340,312939,2140,62958,303,82.71,89.26,76.77,12.49
district,Karnali,Surkhet,Total,05 Year,7744,6835,118,687,104,88.26,88.47,88.04,0.43
district,Karnali,Surkhet,Total,06 Year,8037,7572,82,365,18,94.21,93.98,94.47,-0.49
district,Karnali,Surkhet,Total,07 Year,8017,7753,62,185,17,96.71,96.98,96.4,0.58
district,Karnali,Surkhet,Total,08 Year,8736,8595,29,101,11,98.39,98.52,98.24,0.28
district,Karnali,Surkhet,Total,09 Year,8530,8477,9,44,0,99.38,99.35,99.41,-0.06
district,Karnali,Surkhet,Total,10 Year,9111,9067,4,38,2,99.52,99.44,99.61,-0.17
district,Karnali,Surkhet,Total,11 Year,8259,8219,2,33,5,99.52,99.49,99.55,-0.06
district,Karnali,Surkhet,Total,12 Year,9864,9808,4,47,5,99.43,99.3,99.58,-0.28
district,Karnali,Surkhet,Total,13 Year,9820,9774,2,40,4,99.53,99.5,99.56,-0.06
district,Karnali,Surkhet,Total,14 Year,10273,10224,3,44,2,99.52,99.54,99.5,0.04
district,Karnali,Surkhet,Total,15 Year,9971,9914,0,56,1,99.43,99.33,99.53,-0.2
district,Karnali,Surkhet,Total,16 - 19 Years,37421,37088,8,308,17,99.11,99.11,99.11,0.0
district,Karnali,Surkhet,Total,20 - 24 Years,42169,41393,16,745,15,98.16,98.48,97.9,0.58
district,Karnali,Surkhet,Total,25 - 29 Years,35134,33685,52,1388,9,95.88,97.39,94.68,2.71
district,Karnali,Surkhet,Total,30 - 34 Years,30829,27885,103,2829,12,90.45,95.47,86.52,8.95
district,Karnali,Surkhet,Total,35 - 39 Years,28399,23709,158,4520,12,83.49,93.31,75.47,17.84
district,Karnali,Surkhet,Total,40 - 44 Years,23445,17336,258,5840,11,73.94,88.78,61.28,27.5
district,Karnali,Surkhet,Total,45 - 49 Years,18475,11518,249,6705,3,62.34,81.42,45.33,36.09
district,Karnali,Surkhet,Total,50 - 54 Years,17823,9369,280,8157,17,52.57,73.64,33.27,40.37
district,Karnali,Surkhet,Total,55 - 59 Years,12857,5675,205,6968,9,44.14,66.2,23.23,42.97
district,Karnali,Surkhet,Total,60 - 64 Years,11230,3838,159,7225,8,34.18,53.08,16.71,36.37
district,Karnali,Surkhet,Total,65 - 69 Years,8637,2422,147,6065,3,28.04,47.14,11.25,35.89
district,Karnali,Surkhet,Total,70 - 74 Years,6933,1548,86,5287,12,22.33,38.91,7.82,31.09
district,Karnali,Surkhet,Total,75+ Years,6626,1235,104,5281,6,18.64,32.3,6.92,25.38
district,Karnali,Surkhet,Male,Total,180057,160721,685,18501,150,89.26,89.26,76.77,12.49
district,Karnali,Surkhet,Male,05 Year,4040,3574,57,355,54,88.47,88.47,88.04,0.43
district,Karnali,Surkhet,Male,06 Year,4237,3982,40,206,9,93.98,93.98,94.47,-0.49
district,Karnali,Surkhet,Male,07 Year,4241,4113,30,90,8,96.98,96.98,96.4,0.58
district,Karnali,Surkhet,Male,08 Year,4593,4525,14,47,7,98.52,98.52,98.24,0.28
district,Karnali,Surkhet,Male,09 Year,4463,4434,5,24,0,99.35,99.35,99.41,-0.06
district,Karnali,Surkhet,Male,10 Year,4789,4762,3,22,2,99.44,99.44,99.61,-0.17
district,Karnali,Surkhet,Male,11 Year,4274,4252,2,16,4,99.49,99.49,99.55,-0.06
district,Karnali,Surkhet,Male,12 Year,5150,5114,1,32,3,99.3,99.3,99.58,-0.28
district,Karnali,Surkhet,Male,13 Year,5026,5001,0,22,3,99.5,99.5,99.56,-0.06
district,Karnali,Surkhet,Male,14 Year,5245,5221,0,22,2,99.54,99.54,99.5,0.04
district,Karnali,Surkhet,Male,15 Year,5050,5016,0,34,0,99.33,99.33,99.53,-0.2
district,Karnali,Surkhet,Male,16 - 19 Years,18334,18171,3,149,11,99.11,99.11,99.11,0.0
district,Karnali,Surkhet,Male,20 - 24 Years,18841,18555,7,272,7,98.48,98.48,97.9,0.58
district,Karnali,Surkhet,Male,25 - 29 Years,15468,15065,12,385,6,97.39,97.39,94.68,2.71
district,Karnali,Surkhet,Male,30 - 34 Years,13538,12925,23,585,5,95.47,95.47,86.52,8.95
district,Karnali,Surkhet,Male,35 - 39 Years,12757,11904,26,823,4,93.31,93.31,75.47,17.84
district,Karnali,Surkhet,Male,40 - 44 Years,10796,9585,46,1160,5,88.78,88.78,61.28,27.5
district,Karnali,Surkhet,Male,45 - 49 Years,8710,7092,53,1564,1,81.42,81.42,45.33,36.09
district,Karnali,Surkhet,Male,50 - 54 Years,8518,6273,61,2177,7,73.64,73.64,33.27,40.37
district,Karnali,Surkhet,Male,55 - 59 Years,6257,4142,62,2048,5,66.2,66.2,23.23,42.97
district,Karnali,Surkhet,Male,60 - 64 Years,5394,2863,71,2457,3,53.08,53.08,16.71,36.37
district,Karnali,Surkhet,Male,65 - 69 Years,4041,1905,55,2081,0,47.14,47.14,11.25,35.89
district,Karnali,Surkhet,Male,70 - 74 Years,3236,1259,46,1929,2,38.91,38.91,7.82,31.09
district,Karnali,Surkhet,Male,75+ Years,3059,988,68,2001,2,32.3,32.3,6.92,25.38
district,Karnali,Surkhet,Female,Total,198283,152218,1455,44457,153,76.77,89.26,76.77,12.49
district,Karnali,Surkhet,Female,05 Year,3704,3261,61,332,50,88.04,88.47,88.04,0.43
district,Karnali,Surkhet,Female,06 Year,3800,3590,42,159,9,94.47,93.98,94.47,-0.49
district,Karnali,Surkhet,Female,07 Year,3776,3640,32,95,9,96.4,96.98,96.4,0.58
district,Karnali,Surkhet,Female,08 Year,4143,4070,15,54,4,98.24,98.52,98.24,0.28
district,Karnali,Surkhet,Female,09 Year,4067,4043,4,20,0,99.41,99.35,99.41,-0.06
district,Karnali,Surkhet,Female,10 Year,4322,4305,1,16,0,99.61,99.44,99.61,-0.17
district,Karnali,Surkhet,Female,11 Year,3985,3967,0,17,1,99.55,99.49,99.55,-0.06
district,Karnali,Surkhet,Female,12 Year,4714,4694,3,15,2,99.58,99.3,99.58,-0.28
district,Karnali,Surkhet,Female,13 Year,4794,4773,2,18,1,99.56,99.5,99.56,-0.06
district,Karnali,Surkhet,Female,14 Year,5028,5003,3,22,0,99.5,99.54,99.5,0.04
district,Karnali,Surkhet,Female,15 Year,4921,4898,0,22,1,99.53,99.33,99.53,-0.2
district,Karnali,Surkhet,Female,16 - 19 Years,19087,18917,5,159,6,99.11,99.11,99.11,0.0
district,Karnali,Surkhet,Female,20 - 24 Years,23328,22838,9,473,8,97.9,98.48,97.9,0.58
district,Karnali,Surkhet,Female,25 - 29 Years,19666,18620,40,1003,3,94.68,97.39,94.68,2.71
district,Karnali,Surkhet,Female,30 - 34 Years,17291,14960,80,2244,7,86.52,95.47,86.52,8.95
district,Karnali,Surkhet,Female,35 - 39 Years,15642,11805,132,3697,8,75.47,93.31,75.47,17.84
district,Karnali,Surkhet,Female,40 - 44 Years,12649,7751,212,4680,6,61.28,88.78,61.28,27.5
district,Karnali,Surkhet,Female,45 - 49 Years,9765,4426,196,5141,2,45.33,81.42,45.33,36.09
district,Karnali,Surkhet,Female,50 - 54 Years,9305,3096,219,5980,10,33.27,73.64,33.27,40.37
district,Karnali,Surkhet,Female,55 - 59 Years,6600,1533,143,4920,4,23.23,66.2,23.23,42.97
district,Karnali,Surkhet,Female,60 - 64 Years,5836,975,88,4768,5,16.71,53.08,16.71,36.37
district,Karnali,Surkhet,Female,65 - 69 Years,4596,517,92,3984,3,11.25,47.14,11.25,35.89
district,Karnali,Surkhet,Female,70 - 74 Years,3697,289,40,3358,10,7.82,38.91,7.82,31.09
district,Karnali,Surkhet,Female,75+ Years,3567,247,36,3280,4,6.92,32.3,6.92,25.38
province,Sudurpaschim,,Total,Total,2455644,1871952,15640,566996,1056,76.23,85.43,68.19,17.24
province,Sudurpaschim,,Total,05 Year,53328,43128,1071,8674,455,80.87,81.07,80.65,0.42
province,Sudurpaschim,,Total,06 Year,54043,48190,905,4796,152,89.17,89.35,88.98,0.37
province,Sudurpaschim,,Total,07 Year,52041,48725,680,2568,68,93.63,93.78,93.46,0.32
province,Sudurpaschim,,Total,08 Year,59626,57151,489,1927,59,95.85,96.0,95.68,0.32
province,Sudurpaschim,,Total,09 Year,53202,51997,275,911,19,97.74,97.72,97.75,-0.03
province,Sudurpaschim,,Total,10 Year,66360,65422,105,820,13,98.59,98.53,98.65,-0.12
province,Sudurpaschim,,Total,11 Year,53455,53005,30,413,7,99.16,99.21,99.11,0.1
province,Sudurpaschim,,Total,12 Year,72107,71409,44,644,10,99.03,99.07,98.99,0.08
province,Sudurpaschim,,Total,13 Year,64224,63682,22,512,8,99.16,99.19,99.12,0.07
province,Sudurpaschim,,Total,14 Year,68202,67601,14,568,19,99.12,99.21,99.03,0.18
province,Sudurpaschim,,Total,15 Year,67161,66435,24,694,8,98.92,99.0,98.85,0.15
province,Sudurpaschim,,Total,16 - 19 Years,230788,227126,81,3554,27,98.41,98.7,98.16,0.54
province,Sudurpaschim,,Total,20 - 24 Years,260703,250597,242,9825,39,96.12,97.65,94.99,2.66
province,Sudurpaschim,,Total,25 - 29 Years,213102,193496,559,19024,23,90.8,95.74,86.96,8.78
province,Sudurpaschim,,Total,30 - 34 Years,184102,149612,1073,33404,13,81.27,92.17,72.69,19.48
province,Sudurpaschim,,Total,35 - 39 Years,171910,120598,1695,49607,10,70.15,87.0,56.61,30.39
province,Sudurpaschim,,Total,40 - 44 Years,147051,87130,1803,58110,8,59.25,80.56,41.64,38.92
province,Sudurpaschim,,Total,45 - 49 Years,120303,61047,1659,57587,10,50.74,73.77,31.57,42.2
province,Sudurpaschim,,Total,50 - 54 Years,120595,52113,1656,66817,9,43.21,66.79,22.93,43.86
province,Sudurpaschim,,Total,55 - 59 Years,88791,33331,1036,54412,12,37.54,59.26,17.12,42.14
province,Sudurpaschim,,Total,60 - 64 Years,77894,23381,801,53699,13,30.02,50.93,11.79,39.14
province,Sudurpaschim,,Total,65 - 69 Years,63302,16554,576,46153,19,26.15,45.74,8.74,37.0
province,Sudurpaschim,,Total,70 - 74 Years,57958,11153,386,46393,26,19.24,37.52,5.43,32.09
province,Sudurpaschim,,Total,75+ Years,55396,9069,414,45884,29,16.37,32.82,4.1,28.72
province,Sudurpaschim,,Male,Total,1145018,978215,5469,160844,490,85.43,85.43,68.19,17.24
province,Sudurpaschim,,Male,05 Year,27899,22619,566,4479,235,81.07,81.07,80.65,0.42
province,Sudurpaschim,,Male,06 Year,28255,25245,458,2481,71,89.35,89.35,88.98,0.37
province,Sudurpaschim,,Male,07 Year,26918,25244,349,1291,34,93.78,93.78,93.46,0.32
province,Sudurpaschim,,Male,08 Year,31135,29891,243,968,33,96.0,96.0,95.68,0.32
province,Sudurpaschim,,Male,09 Year,27558,26931,138,480,9,97.72,97.72,97.75,-0.03
province,Sudurpaschim,,Male,10 Year,34330,33825,57,440,8,98.53,98.53,98.65,-0.12
province,Sudurpaschim,,Male,11 Year,27602,27383,13,201,5,99.21,99.21,99.11,0.1
province,Sudurpaschim,,Male,12 Year,37152,36807,17,323,5,99.07,99.07,98.99,0.08
province,Sudurpaschim,,Male,13 Year,32106,31847,9,246,4,99.19,99.19,99.12,0.07
province,Sudurpaschim,,Male,14 Year,34027,33758,3,259,7,99.21,99.21,99.03,0.18
province,Sudurpaschim,,Male,15 Year,33035,32703,12,314,6,99.0,99.0,98.85,0.15
province,Sudurpaschim,,Male,16 - 19 Years,108396,106986,40,1360,10,98.7,98.7,98.16,0.54
province,Sudurpaschim,,Male,20 - 24 Years,111125,108518,70,2521,16,97.65,97.65,94.99,2.66
province,Sudurpaschim,,Male,25 - 29 Years,93221,89250,102,3862,7,95.74,95.74,86.96,8.78
province,Sudurpaschim,,Male,30 - 34 Years,81005,74666,202,6133,4,92.17,92.17,72.69,19.48
province,Sudurpaschim,,Male,35 - 39 Years,76607,66650,311,9646,0,87.0,87.0,56.61,30.39
province,Sudurpaschim,,Male,40 - 44 Years,66538,53606,386,12545,1,80.56,80.56,41.64,38.92
province,Sudurpaschim,,Male,45 - 49 Years,54654,40320,411,13921,2,73.77,73.77,31.57,42.2
province,Sudurpaschim,,Male,50 - 54 Years,55767,37246,519,18000,2,66.79,66.79,22.93,43.86
province,Sudurpaschim,,Male,55 - 59 Years,43015,25492,418,17102,3,59.26,59.26,17.12,42.14
province,Sudurpaschim,,Male,60 - 64 Years,36272,18473,344,17452,3,50.93,50.93,11.79,39.14
province,Sudurpaschim,,Male,65 - 69 Years,29789,13626,301,15855,7,45.74,45.74,8.74,37.0
province,Sudurpaschim,,Male,70 - 74 Years,24944,9360,229,15347,8,37.52,37.52,5.43,32.09
province,Sudurpaschim,,Male,75+ Years,23668,7769,271,15618,10,32.82,32.82,4.1,28.72
province,Sudurpaschim,,Female,Total,1310626,893737,10171,406152,566,68.19,85.43,68.19,17.24
province,Sudurpaschim,,Female,05 Year,25429,20509,505,4195,220,80.65,81.07,80.65,0.42
province,Sudurpaschim,,Female,06 Year,25788,22945,447,2315,81,88.98,89.35,88.98,0.37
province,Sudurpaschim,,Female,07 Year,25123,23481,331,1277,34,93.46,93.78,93.46,0.32
province,Sudurpaschim,,Female,08 Year,28491,27260,246,959,26,95.68,96.0,95.68,0.32
province,Sudurpaschim,,Female,09 Year,25644,25066,137,431,10,97.75,97.72,97.75,-0.03
province,Sudurpaschim,,Female,10 Year,32030,31597,48,380,5,98.65,98.53,98.65,-0.12
province,Sudurpaschim,,Female,11 Year,25853,25622,17,212,2,99.11,99.21,99.11,0.1
province,Sudurpaschim,,Female,12 Year,34955,34602,27,321,5,98.99,99.07,98.99,0.08
province,Sudurpaschim,,Female,13 Year,32118,31835,13,266,4,99.12,99.19,99.12,0.07
province,Sudurpaschim,,Female,14 Year,34175,33843,11,309,12,99.03,99.21,99.03,0.18
province,Sudurpaschim,,Female,15 Year,34126,33732,12,380,2,98.85,99.0,98.85,0.15
province,Sudurpaschim,,Female,16 - 19 Years,122392,120140,41,2194,17,98.16,98.7,98.16,0.54
province,Sudurpaschim,,Female,20 - 24 Years,149578,142079,172,7304,23,94.99,97.65,94.99,2.66
province,Sudurpaschim,,Female,25 - 29 Years,119881,104246,457,15162,16,86.96,95.74,86.96,8.78
province,Sudurpaschim,,Female,30 - 34 Years,103097,74946,871,27271,9,72.69,92.17,72.69,19.48
province,Sudurpaschim,,Female,35 - 39 Years,95303,53948,1384,39961,10,56.61,87.0,56.61,30.39
province,Sudurpaschim,,Female,40 - 44 Years,80513,33524,1417,45565,7,41.64,80.56,41.64,38.92
province,Sudurpaschim,,Female,45 - 49 Years,65649,20727,1248,43666,8,31.57,73.77,31.57,42.2
province,Sudurpaschim,,Female,50 - 54 Years,64828,14867,1137,48817,7,22.93,66.79,22.93,43.86
province,Sudurpaschim,,Female,55 - 59 Years,45776,7839,618,37310,9,17.12,59.26,17.12,42.14
province,Sudurpaschim,,Female,60 - 64 Years,41622,4908,457,36247,10,11.79,50.93,11.79,39.14
province,Sudurpaschim,,Female,65 - 69 Years,33513,2928,275,30298,12,8.74,45.74,8.74,37.0
province,Sudurpaschim,,Female,70 - 74 Years,33014,1793,157,31046,18,5.43,37.52,5.43,32.09
province,Sudurpaschim,,Female,75+ Years,31728,1300,143,30266,19,4.1,32.82,4.1,28.72
district,Sudurpaschim,Bajura,Total,Total,123900,88267,530,35020,83,71.24,79.83,63.32,16.51
district,Sudurpaschim,Bajura,Total,05 Year,3316,2519,39,722,36,75.97,76.65,75.31,1.34
district,Sudurpaschim,Bajura,Total,06 Year,3290,2922,22,329,17,88.81,89.78,87.76,2.02
district,Sudurpaschim,Bajura,Total,07 Year,3014,2785,21,200,8,92.4,91.93,92.86,-0.93
district,Sudurpaschim,Bajura,Total,08 Year,3536,3344,21,165,6,94.57,95.26,93.88,1.38
district,Sudurpaschim,Bajura,Total,09 Year,3071,2987,11,72,1,97.26,97.72,96.78,0.94
district,Sudurpaschim,Bajura,Total,10 Year,3983,3905,7,70,1,98.04,98.31,97.75,0.56
district,Sudurpaschim,Bajura,Total,11 Year,2924,2896,1,25,2,99.04,99.21,98.86,0.35
district,Sudurpaschim,Bajura,Total,12 Year,4490,4426,1,60,3,98.57,98.6,98.55,0.05
district,Sudurpaschim,Bajura,Total,13 Year,3764,3735,0,29,0,99.23,99.27,99.19,0.08
district,Sudurpaschim,Bajura,Total,14 Year,3919,3866,0,50,3,98.65,98.37,98.89,-0.52
district,Sudurpaschim,Bajura,Total,15 Year,3733,3688,2,42,1,98.79,98.69,98.9,-0.21
district,Sudurpaschim,Bajura,Total,16 - 19 Years,11926,11674,1,249,2,97.89,98.34,97.5,0.84
district,Sudurpaschim,Bajura,Total,20 - 24 Years,12817,11993,11,811,2,93.57,95.36,92.14,3.22
district,Sudurpaschim,Bajura,Total,25 - 29 Years,9068,7511,30,1527,0,82.83,91.86,74.0,17.86
district,Sudurpaschim,Bajura,Total,30 - 34 Years,7638,5008,35,2595,0,65.57,83.18,50.17,33.01
district,Sudurpaschim,Bajura,Total,35 - 39 Years,7949,4396,71,3482,0,55.3,77.03,36.21,40.82
district,Sudurpaschim,Bajura,Total,40 - 44 Years,6754,3064,57,3633,0,45.37,65.65,27.8,37.85
district,Sudurpaschim,Bajura,Total,45 - 49 Years,6042,2371,58,3613,0,39.24,59.95,21.19,38.76
district,Sudurpaschim,Bajura,Total,50 - 54 Years,5766,1975,54,3737,0,34.25,54.56,14.8,39.76
district,Sudurpaschim,Bajura,Total,55 - 59 Years,4378,1260,32,3086,0,28.78,47.24,9.59,37.65
district,Sudurpaschim,Bajura,Total,60 - 64 Years,3855,820,18,3017,0,21.27,37.06,6.56,30.5
district,Sudurpaschim,Bajura,Total,65 - 69 Years,3141,493,13,2635,0,15.7,27.59,4.46,23.13
district,Sudurpaschim,Bajura,Total,70 - 74 Years,2942,372,11,2558,1,12.64,23.1,3.72,19.38
district,Sudurpaschim,Bajura,Total,75+ Years,2584,257,14,2313,0,9.95,19.75,2.4,17.35
district,Sudurpaschim,Bajura,Male,Total,59464,47469,218,11740,37,79.83,79.83,63.32,16.51
district,Sudurpaschim,Bajura,Male,05 Year,1619,1241,19,343,16,76.65,76.65,75.31,1.34
district,Sudurpaschim,Bajura,Male,06 Year,1713,1538,14,153,8,89.78,89.78,87.76,2.02
district,Sudurpaschim,Bajura,Male,07 Year,1474,1355,9,108,2,91.93,91.93,92.86,-0.93
district,Sudurpaschim,Bajura,Male,08 Year,1771,1687,8,71,5,95.26,95.26,93.88,1.38
district,Sudurpaschim,Bajura,Male,09 Year,1581,1545,5,31,0,97.72,97.72,96.78,0.94
district,Sudurpaschim,Bajura,Male,10 Year,2076,2041,3,31,1,98.31,98.31,97.75,0.56
district,Sudurpaschim,Bajura,Male,11 Year,1523,1511,0,11,1,99.21,99.21,98.86,0.35
district,Sudurpaschim,Bajura,Male,12 Year,2288,2256,0,31,1,98.6,98.6,98.55,0.05
district,Sudurpaschim,Bajura,Male,13 Year,1910,1896,0,14,0,99.27,99.27,99.19,0.08
district,Sudurpaschim,Bajura,Male,14 Year,1846,1816,0,30,0,98.37,98.37,98.89,-0.52
district,Sudurpaschim,Bajura,Male,15 Year,1828,1804,1,23,0,98.69,98.69,98.9,-0.21
district,Sudurpaschim,Bajura,Male,16 - 19 Years,5497,5406,1,89,1,98.34,98.34,97.5,0.84
district,Sudurpaschim,Bajura,Male,20 - 24 Years,5709,5444,6,258,1,95.36,95.36,92.14,3.22
district,Sudurpaschim,Bajura,Male,25 - 29 Years,4484,4119,10,355,0,91.86,91.86,74.0,17.86
district,Sudurpaschim,Bajura,Male,30 - 34 Years,3562,2963,7,592,0,83.18,83.18,50.17,33.01
district,Sudurpaschim,Bajura,Male,35 - 39 Years,3718,2864,23,831,0,77.03,77.03,36.21,40.82
district,Sudurpaschim,Bajura,Male,40 - 44 Years,3135,2058,21,1056,0,65.65,65.65,27.8,37.85
district,Sudurpaschim,Bajura,Male,45 - 49 Years,2814,1687,13,1114,0,59.95,59.95,21.19,38.76
district,Sudurpaschim,Bajura,Male,50 - 54 Years,2821,1539,20,1262,0,54.56,54.56,14.8,39.76
district,Sudurpaschim,Bajura,Male,55 - 59 Years,2231,1054,17,1160,0,47.24,47.24,9.59,37.65
district,Sudurpaschim,Bajura,Male,60 - 64 Years,1859,689,12,1158,0,37.06,37.06,6.56,30.5
district,Sudurpaschim,Bajura,Male,65 - 69 Years,1526,421,10,1095,0,27.59,27.59,4.46,23.13
district,Sudurpaschim,Bajura,Male,70 - 74 Years,1355,313,7,1034,1,23.1,23.1,3.72,19.38
district,Sudurpaschim,Bajura,Male,75+ Years,1124,222,12,890,0,19.75,19.75,2.4,17.35
district,Sudurpaschim,Bajura,Female,Total,64436,40798,312,23280,46,63.32,79.83,63.32,16.51
district,Sudurpaschim,Bajura,Female,05 Year,1697,1278,20,379,20,75.31,76.65,75.31,1.34
district,Sudurpaschim,Bajura,Female,06 Year,1577,1384,8,176,9,87.76,89.78,87.76,2.02
district,Sudurpaschim,Bajura,Female,07 Year,1540,1430,12,92,6,92.86,91.93,92.86,-0.93
district,Sudurpaschim,Bajura,Female,08 Year,1765,1657,13,94,1,93.88,95.26,93.88,1.38
district,Sudurpaschim,Bajura,Female,09 Year,1490,1442,6,41,1,96.78,97.72,96.78,0.94
district,Sudurpaschim,Bajura,Female,10 Year,1907,1864,4,39,0,97.75,98.31,97.75,0.56
district,Sudurpaschim,Bajura,Female,11 Year,1401,1385,1,14,1,98.86,99.21,98.86,0.35
district,Sudurpaschim,Bajura,Female,12 Year,2202,2170,1,29,2,98.55,98.6,98.55,0.05
district,Sudurpaschim,Bajura,Female,13 Year,1854,1839,0,15,0,99.19,99.27,99.19,0.08
district,Sudurpaschim,Bajura,Female,14 Year,2073,2050,0,20,3,98.89,98.37,98.89,-0.52
district,Sudurpaschim,Bajura,Female,15 Year,1905,1884,1,19,1,98.9,98.69,98.9,-0.21
district,Sudurpaschim,Bajura,Female,16 - 19 Years,6429,6268,0,160,1,97.5,98.34,97.5,0.84
district,Sudurpaschim,Bajura,Female,20 - 24 Years,7108,6549,5,553,1,92.14,95.36,92.14,3.22
district,Sudurpaschim,Bajura,Female,25 - 29 Years,4584,3392,20,1172,0,74.0,91.86,74.0,17.86
district,Sudurpaschim,Bajura,Female,30 - 34 Years,4076,2045,28,2003,0,50.17,83.18,50.17,33.01
district,Sudurpaschim,Bajura,Female,35 - 39 Years,4231,1532,48,2651,0,36.21,77.03,36.21,40.82
district,Sudurpaschim,Bajura,Female,40 - 44 Years,3619,1006,36,2577,0,27.8,65.65,27.8,37.85
district,Sudurpaschim,Bajura,Female,45 - 49 Years,3228,684,45,2499,0,21.19,59.95,21.19,38.76
district,Sudurpaschim,Bajura,Female,50 - 54 Years,2945,436,34,2475,0,14.8,54.56,14.8,39.76
district,Sudurpaschim,Bajura,Female,55 - 59 Years,2147,206,15,1926,0,9.59,47.24,9.59,37.65
district,Sudurpaschim,Bajura,Female,60 - 64 Years,1996,131,6,1859,0,6.56,37.06,6.56,30.5
district,Sudurpaschim,Bajura,Female,65 - 69 Years,1615,72,3,1540,0,4.46,27.59,4.46,23.13
district,Sudurpaschim,Bajura,Female,70 - 74 Years,1587,59,4,1524,0,3.72,23.1,3.72,19.38
district,Sudurpaschim,Bajura,Female,75+ Years,1460,35,2,1423,0,2.4,19.75,2.4,17.35
district,Sudurpaschim,Bajhang,Total,Total,170413,120205,757,49392,59,70.54,82.84,59.98,22.86
district,Sudurpaschim,Bajhang,Total,05 Year,4390,3202,98,1066,24,72.94,73.6,72.2,1.4
district,Sudurpaschim,Bajhang,Total,06 Year,4627,3946,88,586,7,85.28,86.4,84.14,2.26
district,Sudurpaschim,Bajhang,Total,07 Year,4129,3785,44,293,7,91.67,91.72,91.62,0.1
district,Sudurpaschim,Bajhang,Total,08 Year,5184,4898,26,258,2,94.48,95.19,93.77,1.42
district,Sudurpaschim,Bajhang,Total,09 Year,4233,4103,16,111,3,96.93,97.3,96.56,0.74
district,Sudurpaschim,Bajhang,Total,10 Year,5987,5875,7,103,2,98.13,98.14,98.12,0.02
district,Sudurpaschim,Bajhang,Total,11 Year,4047,3988,1,58,0,98.54,98.49,98.6,-0.11
district,Sudurpaschim,Bajhang,Total,12 Year,6327,6256,3,66,2,98.88,99.16,98.59,0.57
district,Sudurpaschim,Bajhang,Total,13 Year,5200,5136,1,62,1,98.77,98.67,98.87,-0.2
district,Sudurpaschim,Bajhang,Total,14 Year,5570,5510,0,59,1,98.92,99.16,98.69,0.47
district,Sudurpaschim,Bajhang,Total,15 Year,5162,5088,1,72,1,98.57,98.72,98.43,0.29
district,Sudurpaschim,Bajhang,Total,16 - 19 Years,17104,16678,3,422,1,97.51,98.54,96.67,1.87
district,Sudurpaschim,Bajhang,Total,20 - 24 Years,16840,15530,16,1293,1,92.22,96.71,88.8,7.91
district,Sudurpaschim,Bajhang,Total,25 - 29 Years,11942,9574,31,2336,1,80.17,93.84,68.55,25.29
district,Sudurpaschim,Bajhang,Total,30 - 34 Years,10429,6644,69,3715,1,63.71,87.37,44.55,42.82
district,Sudurpaschim,Bajhang,Total,35 - 39 Years,10249,5364,88,4796,1,52.34,81.3,29.88,51.42
district,Sudurpaschim,Bajhang,Total,40 - 44 Years,9413,4114,70,5228,1,43.71,73.38,21.37,52.01
district,Sudurpaschim,Bajhang,Total,45 - 49 Years,7716,2940,50,4724,2,38.1,67.04,15.61,51.43
district,Sudurpaschim,Bajhang,Total,50 - 54 Years,7877,2751,55,5070,1,34.92,60.67,11.92,48.75
district,Sudurpaschim,Bajhang,Total,55 - 59 Years,5795,1725,27,4043,0,29.77,52.07,8.91,43.16
district,Sudurpaschim,Bajhang,Total,60 - 64 Years,5318,1192,18,4108,0,22.41,41.36,6.24,35.12
district,Sudurpaschim,Bajhang,Total,65 - 69 Years,4372,889,20,3463,0,20.33,39.8,4.3,35.5
district,Sudurpaschim,Bajhang,Total,70 - 74 Years,4371,565,17,3789,0,12.93,29.75,2.48,27.27
district,Sudurpaschim,Bajhang,Total,75+ Years,4131,452,8,3671,0,10.94,25.99,2.29,23.7
district,Sudurpaschim,Bajhang,Male,Total,78713,65202,286,13195,30,82.84,82.84,59.98,22.86
district,Sudurpaschim,Bajhang,Male,05 Year,2311,1701,57,539,14,73.6,73.6,72.2,1.4
district,Sudurpaschim,Bajhang,Male,06 Year,2345,2026,39,276,4,86.4,86.4,84.14,2.26
district,Sudurpaschim,Bajhang,Male,07 Year,2065,1894,19,148,4,91.72,91.72,91.62,0.1
district,Sudurpaschim,Bajhang,Male,08 Year,2600,2475,11,114,0,95.19,95.19,93.77,1.42
district,Sudurpaschim,Bajhang,Male,09 Year,2113,2056,10,45,2,97.3,97.3,96.56,0.74
district,Sudurpaschim,Bajhang,Male,10 Year,3010,2954,5,49,2,98.14,98.14,98.12,0.02
district,Sudurpaschim,Bajhang,Male,11 Year,2053,2022,0,31,0,98.49,98.49,98.6,-0.11
district,Sudurpaschim,Bajhang,Male,12 Year,3217,3190,1,26,0,99.16,99.16,98.59,0.57
district,Sudurpaschim,Bajhang,Male,13 Year,2623,2588,1,33,1,98.67,98.67,98.87,-0.2
district,Sudurpaschim,Bajhang,Male,14 Year,2740,2717,0,23,0,99.16,99.16,98.69,0.47
district,Sudurpaschim,Bajhang,Male,15 Year,2493,2461,0,31,1,98.72,98.72,98.43,0.29
district,Sudurpaschim,Bajhang,Male,16 - 19 Years,7687,7575,1,110,1,98.54,98.54,96.67,1.87
district,Sudurpaschim,Bajhang,Male,20 - 24 Years,7288,7048,8,232,0,96.71,96.71,88.8,7.91
district,Sudurpaschim,Bajhang,Male,25 - 29 Years,5488,5150,3,335,0,93.84,93.84,68.55,25.29
district,Sudurpaschim,Bajhang,Male,30 - 34 Years,4665,4076,12,577,0,87.37,87.37,44.55,42.82
district,Sudurpaschim,Bajhang,Male,35 - 39 Years,4476,3639,18,819,0,81.3,81.3,29.88,51.42
district,Sudurpaschim,Bajhang,Male,40 - 44 Years,4042,2966,19,1057,0,73.38,73.38,21.37,52.01
district,Sudurpaschim,Bajhang,Male,45 - 49 Years,3374,2262,13,1099,0,67.04,67.04,15.61,51.43
district,Sudurpaschim,Bajhang,Male,50 - 54 Years,3717,2255,19,1442,1,60.67,60.67,11.92,48.75
district,Sudurpaschim,Bajhang,Male,55 - 59 Years,2800,1458,18,1324,0,52.07,52.07,8.91,43.16
district,Sudurpaschim,Bajhang,Male,60 - 64 Years,2449,1013,10,1426,0,41.36,41.36,6.24,35.12
district,Sudurpaschim,Bajhang,Male,65 - 69 Years,1975,786,7,1182,0,39.8,39.8,4.3,35.5
district,Sudurpaschim,Bajhang,Male,70 - 74 Years,1674,498,11,1165,0,29.75,29.75,2.48,27.27
district,Sudurpaschim,Bajhang,Male,75+ Years,1508,392,4,1112,0,25.99,25.99,2.29,23.7
district,Sudurpaschim,Bajhang,Female,Total,91700,55003,471,36197,29,59.98,82.84,59.98,22.86
district,Sudurpaschim,Bajhang,Female,05 Year,2079,1501,41,527,10,72.2,73.6,72.2,1.4
district,Sudurpaschim,Bajhang,Female,06 Year,2282,1920,49,310,3,84.14,86.4,84.14,2.26
district,Sudurpaschim,Bajhang,Female,07 Year,2064,1891,25,145,3,91.62,91.72,91.62,0.1
district,Sudurpaschim,Bajhang,Female,08 Year,2584,2423,15,144,2,93.77,95.19,93.77,1.42
district,Sudurpaschim,Bajhang,Female,09 Year,2120,2047,6,66,1,96.56,97.3,96.56,0.74
district,Sudurpaschim,Bajhang,Female,10 Year,2977,2921,2,54,0,98.12,98.14,98.12,0.02
district,Sudurpaschim,Bajhang,Female,11 Year,1994,1966,1,27,0,98.6,98.49,98.6,-0.11
district,Sudurpaschim,Bajhang,Female,12 Year,3110,3066,2,40,2,98.59,99.16,98.59,0.57
district,Sudurpaschim,Bajhang,Female,13 Year,2577,2548,0,29,0,98.87,98.67,98.87,-0.2
district,Sudurpaschim,Bajhang,Female,14 Year,2830,2793,0,36,1,98.69,99.16,98.69,0.47
district,Sudurpaschim,Bajhang,Female,15 Year,2669,2627,1,41,0,98.43,98.72,98.43,0.29
district,Sudurpaschim,Bajhang,Female,16 - 19 Years,9417,9103,2,312,0,96.67,98.54,96.67,1.87
district,Sudurpaschim,Bajhang,Female,20 - 24 Years,9552,8482,8,1061,1,88.8,96.71,88.8,7.91
district,Sudurpaschim,Bajhang,Female,25 - 29 Years,6454,4424,28,2001,1,68.55,93.84,68.55,25.29
district,Sudurpaschim,Bajhang,Female,30 - 34 Years,5764,2568,57,3138,1,44.55,87.37,44.55,42.82
district,Sudurpaschim,Bajhang,Female,35 - 39 Years,5773,1725,70,3977,1,29.88,81.3,29.88,51.42
district,Sudurpaschim,Bajhang,Female,40 - 44 Years,5371,1148,51,4171,1,21.37,73.38,21.37,52.01
district,Sudurpaschim,Bajhang,Female,45 - 49 Years,4342,678,37,3625,2,15.61,67.04,15.61,51.43
district,Sudurpaschim,Bajhang,Female,50 - 54 Years,4160,496,36,3628,0,11.92,60.67,11.92,48.75
district,Sudurpaschim,Bajhang,Female,55 - 59 Years,2995,267,9,2719,0,8.91,52.07,8.91,43.16
district,Sudurpaschim,Bajhang,Female,60 - 64 Years,2869,179,8,2682,0,6.24,41.36,6.24,35.12
district,Sudurpaschim,Bajhang,Female,65 - 69 Years,2397,103,13,2281,0,4.3,39.8,4.3,35.5
district,Sudurpaschim,Bajhang,Female,70 - 74 Years,2697,67,6,2624,0,2.48,29.75,2.48,27.27
district,Sudurpaschim,Bajhang,Female,75+ Years,2623,60,4,2559,0,2.29,25.99,2.29,23.7
district,Sudurpaschim,Darchula,Total,Total,122340,95146,488,26659,47,77.77,87.33,68.98,18.35
district,Sudurpaschim,Darchula,Total,05 Year,2634,2223,28,365,18,84.4,83.97,84.83,-0.86
district,Sudurpaschim,Darchula,Total,06 Year,2565,2377,17,166,5,92.67,92.07,93.28,-1.21
district,Sudurpaschim,Darchula,Total,07 Year,2430,2322,14,89,5,95.56,95.45,95.66,-0.21
district,Sudurpaschim,Darchula,Total,08 Year,3020,2929,12,77,2,96.99,97.18,96.79,0.39
district,Sudurpaschim,Darchula,Total,09 Year,2439,2396,11,30,2,98.24,98.26,98.22,0.04
district,Sudurpaschim,Darchula,Total,10 Year,3367,3324,4,38,1,98.72,98.61,98.86,-0.25
district,Sudurpaschim,Darchula,Total,11 Year,2648,2628,3,16,1,99.24,99.62,98.88,0.74
district,Sudurpaschim,Darchula,Total,12 Year,3639,3607,3,28,1,99.12,99.24,99.0,0.24
district,Sudurpaschim,Darchula,Total,13 Year,3177,3154,1,22,0,99.28,99.03,99.51,-0.48
district,Sudurpaschim,Darchula,Total,14 Year,3388,3372,0,16,0,99.53,99.4,99.65,-0.25
district,Sudurpaschim,Darchula,Total,15 Year,3384,3349,1,33,1,98.97,98.94,98.99,-0.05
district,Sudurpaschim,Darchula,Total,16 - 19 Years,11241,11104,3,133,1,98.78,98.98,98.59,0.39
district,Sudurpaschim,Darchula,Total,20 - 24 Years,12176,11758,6,410,2,96.57,97.53,95.8,1.73
district,Sudurpaschim,Darchula,Total,25 - 29 Years,9806,8963,11,832,0,91.4,95.88,87.5,8.38
district,Sudurpaschim,Darchula,Total,30 - 34 Years,8699,7249,30,1420,0,83.33,93.23,75.02,18.21
district,Sudurpaschim,Darchula,Total,35 - 39 Years,8337,6338,51,1947,1,76.02,91.2,62.98,28.22
district,Sudurpaschim,Darchula,Total,40 - 44 Years,7399,5024,53,2322,0,67.9,89.65,48.3,41.35
district,Sudurpaschim,Darchula,Total,45 - 49 Years,6494,3780,55,2659,0,58.21,82.4,36.23,46.17
district,Sudurpaschim,Darchula,Total,50 - 54 Years,6322,3056,46,3220,0,48.34,74.54,24.44,50.1
district,Sudurpaschim,Darchula,Total,55 - 59 Years,4896,2118,40,2738,0,43.26,67.34,18.54,48.8
district,Sudurpaschim,Darchula,Total,60 - 64 Years,4237,1479,32,2723,3,34.91,57.51,12.61,44.9
district,Sudurpaschim,Darchula,Total,65 - 69 Years,3797,1218,36,2542,1,32.08,54.19,10.3,43.89
district,Sudurpaschim,Darchula,Total,70 - 74 Years,2992,756,14,2222,0,25.27,47.91,6.95,40.96
district,Sudurpaschim,Darchula,Total,75+ Years,3253,622,17,2611,3,19.12,35.61,4.62,30.99
district,Sudurpaschim,Darchula,Male,Total,58600,51176,159,7243,22,87.33,87.33,68.98,18.35
district,Sudurpaschim,Darchula,Male,05 Year,1316,1105,13,188,10,83.97,83.97,84.83,-0.86
district,Sudurpaschim,Darchula,Male,06 Year,1286,1184,9,90,3,92.07,92.07,93.28,-1.21
district,Sudurpaschim,Darchula,Male,07 Year,1232,1176,6,46,4,95.45,95.45,95.66,-0.21
district,Sudurpaschim,Darchula,Male,08 Year,1524,1481,5,38,0,97.18,97.18,96.79,0.39
district,Sudurpaschim,Darchula,Male,09 Year,1262,1240,4,18,0,98.26,98.26,98.22,0.04
district,Sudurpaschim,Darchula,Male,10 Year,1793,1768,1,23,1,98.61,98.61,98.86,-0.25
district,Sudurpaschim,Darchula,Male,11 Year,1312,1307,0,4,1,99.62,99.62,98.88,0.74
district,Sudurpaschim,Darchula,Male,12 Year,1833,1819,0,13,1,99.24,99.24,99.0,0.24
district,Sudurpaschim,Darchula,Male,13 Year,1541,1526,0,15,0,99.03,99.03,99.51,-0.48
district,Sudurpaschim,Darchula,Male,14 Year,1677,1667,0,10,0,99.4,99.4,99.65,-0.25
district,Sudurpaschim,Darchula,Male,15 Year,1693,1675,1,16,1,98.94,98.94,98.99,-0.05
district,Sudurpaschim,Darchula,Male,16 - 19 Years,5412,5357,1,54,0,98.98,98.98,98.59,0.39
district,Sudurpaschim,Darchula,Male,20 - 24 Years,5386,5253,1,131,1,97.53,97.53,95.8,1.73
district,Sudurpaschim,Darchula,Male,25 - 29 Years,4567,4379,3,185,0,95.88,95.88,87.5,8.38
district,Sudurpaschim,Darchula,Male,30 - 34 Years,3971,3702,3,266,0,93.23,93.23,75.02,18.21
district,Sudurpaschim,Darchula,Male,35 - 39 Years,3853,3514,9,330,0,91.2,91.2,62.98,28.22
district,Sudurpaschim,Darchula,Male,40 - 44 Years,3507,3144,7,356,0,89.65,89.65,48.3,41.35
district,Sudurpaschim,Darchula,Male,45 - 49 Years,3091,2547,10,534,0,82.4,82.4,36.23,46.17
district,Sudurpaschim,Darchula,Male,50 - 54 Years,3016,2248,12,756,0,74.54,74.54,24.44,50.1
district,Sudurpaschim,Darchula,Male,55 - 59 Years,2480,1670,15,795,0,67.34,67.34,18.54,48.8
district,Sudurpaschim,Darchula,Male,60 - 64 Years,2104,1210,17,877,0,57.51,57.51,12.61,44.9
district,Sudurpaschim,Darchula,Male,65 - 69 Years,1884,1021,23,840,0,54.19,54.19,10.3,43.89
district,Sudurpaschim,Darchula,Male,70 - 74 Years,1338,641,8,689,0,47.91,47.91,6.95,40.96
district,Sudurpaschim,Darchula,Male,75+ Years,1522,542,11,969,0,35.61,35.61,4.62,30.99
district,Sudurpaschim,Darchula,Female,Total,63740,43970,329,19416,25,68.98,87.33,68.98,18.35
district,Sudurpaschim,Darchula,Female,05 Year,1318,1118,15,177,8,84.83,83.97,84.83,-0.86
district,Sudurpaschim,Darchula,Female,06 Year,1279,1193,8,76,2,93.28,92.07,93.28,-1.21
district,Sudurpaschim,Darchula,Female,07 Year,1198,1146,8,43,1,95.66,95.45,95.66,-0.21
district,Sudurpaschim,Darchula,Female,08 Year,1496,1448,7,39,2,96.79,97.18,96.79,0.39
district,Sudurpaschim,Darchula,Female,09 Year,1177,1156,7,12,2,98.22,98.26,98.22,0.04
district,Sudurpaschim,Darchula,Female,10 Year,1574,1556,3,15,0,98.86,98.61,98.86,-0.25
district,Sudurpaschim,Darchula,Female,11 Year,1336,1321,3,12,0,98.88,99.62,98.88,0.74
district,Sudurpaschim,Darchula,Female,12 Year,1806,1788,3,15,0,99.0,99.24,99.0,0.24
district,Sudurpaschim,Darchula,Female,13 Year,1636,1628,1,7,0,99.51,99.03,99.51,-0.48
district,Sudurpaschim,Darchula,Female,14 Year,1711,1705,0,6,0,99.65,99.4,99.65,-0.25
district,Sudurpaschim,Darchula,Female,15 Year,1691,1674,0,17,0,98.99,98.94,98.99,-0.05
district,Sudurpaschim,Darchula,Female,16 - 19 Years,5829,5747,2,79,1,98.59,98.98,98.59,0.39
district,Sudurpaschim,Darchula,Female,20 - 24 Years,6790,6505,5,279,1,95.8,97.53,95.8,1.73
district,Sudurpaschim,Darchula,Female,25 - 29 Years,5239,4584,8,647,0,87.5,95.88,87.5,8.38
district,Sudurpaschim,Darchula,Female,30 - 34 Years,4728,3547,27,1154,0,75.02,93.23,75.02,18.21
district,Sudurpaschim,Darchula,Female,35 - 39 Years,4484,2824,42,1617,1,62.98,91.2,62.98,28.22
district,Sudurpaschim,Darchula,Female,40 - 44 Years,3892,1880,46,1966,0,48.3,89.65,48.3,41.35
district,Sudurpaschim,Darchula,Female,45 - 49 Years,3403,1233,45,2125,0,36.23,82.4,36.23,46.17
district,Sudurpaschim,Darchula,Female,50 - 54 Years,3306,808,34,2464,0,24.44,74.54,24.44,50.1
district,Sudurpaschim,Darchula,Female,55 - 59 Years,2416,448,25,1943,0,18.54,67.34,18.54,48.8
district,Sudurpaschim,Darchula,Female,60 - 64 Years,2133,269,15,1846,3,12.61,57.51,12.61,44.9
district,Sudurpaschim,Darchula,Female,65 - 69 Years,1913,197,13,1702,1,10.3,54.19,10.3,43.89
district,Sudurpaschim,Darchula,Female,70 - 74 Years,1654,115,6,1533,0,6.95,47.91,6.95,40.96
district,Sudurpaschim,Darchula,Female,75+ Years,1731,80,6,1642,3,4.62,35.61,4.62,30.99
district,Sudurpaschim,Baitadi,Total,Total,219006,168167,1232,49462,145,76.79,87.7,67.36,20.34
district,Sudurpaschim,Baitadi,Total,05 Year,4942,3982,99,810,51,80.57,81.04,80.08,0.96
district,Sudurpaschim,Baitadi,Total,06 Year,4901,4353,80,441,27,88.82,89.31,88.3,1.01
district,Sudurpaschim,Baitadi,Total,07 Year,4367,4052,52,257,6,92.79,93.11,92.44,0.67
district,Sudurpaschim,Baitadi,Total,08 Year,5704,5409,60,225,10,94.83,94.68,94.98,-0.3
district,Sudurpaschim,Baitadi,Total,09 Year,4792,4687,25,78,2,97.81,97.82,97.79,0.03
district,Sudurpaschim,Baitadi,Total,10 Year,6828,6754,8,63,3,98.92,99.14,98.69,0.45
district,Sudurpaschim,Baitadi,Total,11 Year,4807,4769,3,34,1,99.21,99.31,99.1,0.21
district,Sudurpaschim,Baitadi,Total,12 Year,7009,6956,2,51,0,99.24,99.47,99.01,0.46
district,Sudurpaschim,Baitadi,Total,13 Year,5949,5915,3,31,0,99.43,99.59,99.27,0.32
district,Sudurpaschim,Baitadi,Total,14 Year,6398,6360,0,34,4,99.41,99.59,99.23,0.36
district,Sudurpaschim,Baitadi,Total,15 Year,6216,6170,2,44,0,99.26,99.38,99.15,0.23
district,Sudurpaschim,Baitadi,Total,16 - 19 Years,21061,20860,6,191,4,99.05,99.17,98.94,0.23
district,Sudurpaschim,Baitadi,Total,20 - 24 Years,22481,21715,23,742,1,96.59,98.33,95.39,2.94
district,Sudurpaschim,Baitadi,Total,25 - 29 Years,16839,15110,39,1689,1,89.73,96.37,84.5,11.87
district,Sudurpaschim,Baitadi,Total,30 - 34 Years,14708,11740,64,2902,2,79.82,93.34,68.89,24.45
district,Sudurpaschim,Baitadi,Total,35 - 39 Years,13572,9539,107,3924,2,70.28,89.61,55.42,34.19
district,Sudurpaschim,Baitadi,Total,40 - 44 Years,12577,7713,110,4753,1,61.33,85.95,41.43,44.52
district,Sudurpaschim,Baitadi,Total,45 - 49 Years,10979,5862,112,5004,1,53.39,79.67,32.51,47.16
district,Sudurpaschim,Baitadi,Total,50 - 54 Years,11093,5322,135,5634,2,47.98,75.46,24.3,51.16
district,Sudurpaschim,Baitadi,Total,55 - 59 Years,8723,3836,82,4800,5,43.98,69.2,19.07,50.13
district,Sudurpaschim,Baitadi,Total,60 - 64 Years,7550,2693,78,4776,3,35.67,59.76,14.12,45.64
district,Sudurpaschim,Baitadi,Total,65 - 69 Years,6141,1964,48,4122,7,31.98,55.78,10.25,45.53
district,Sudurpaschim,Baitadi,Total,70 - 74 Years,5369,1308,44,4014,3,24.36,48.6,6.45,42.15
district,Sudurpaschim,Baitadi,Total,75+ Years,6000,1098,50,4843,9,18.3,39.22,4.87,34.35
district,Sudurpaschim,Baitadi,Male,Total,101488,89005,436,11985,62,87.7,87.7,67.36,20.34
district,Sudurpaschim,Baitadi,Male,05 Year,2547,2064,55,403,25,81.04,81.04,80.08,0.96
district,Sudurpaschim,Baitadi,Male,06 Year,2507,2239,39,219,10,89.31,89.31,88.3,1.01
district,Sudurpaschim,Baitadi,Male,07 Year,2236,2082,30,122,2,93.11,93.11,92.44,0.67
district,Sudurpaschim,Baitadi,Male,08 Year,2914,2759,35,112,8,94.68,94.68,94.98,-0.3
district,Sudurpaschim,Baitadi,Male,09 Year,2434,2381,15,37,1,97.82,97.82,97.79,0.03
district,Sudurpaschim,Baitadi,Male,10 Year,3478,3448,2,28,0,99.14,99.14,98.69,0.45
district,Sudurpaschim,Baitadi,Male,11 Year,2468,2451,1,15,1,99.31,99.31,99.1,0.21
district,Sudurpaschim,Baitadi,Male,12 Year,3585,3566,0,19,0,99.47,99.47,99.01,0.46
district,Sudurpaschim,Baitadi,Male,13 Year,2955,2943,0,12,0,99.59,99.59,99.27,0.32
district,Sudurpaschim,Baitadi,Male,14 Year,3153,3140,0,11,2,99.59,99.59,99.23,0.36
district,Sudurpaschim,Baitadi,Male,15 Year,3046,3027,0,19,0,99.38,99.38,99.15,0.23
district,Sudurpaschim,Baitadi,Male,16 - 19 Years,9973,9890,1,80,2,99.17,99.17,98.94,0.23
district,Sudurpaschim,Baitadi,Male,20 - 24 Years,9216,9062,7,147,0,98.33,98.33,95.39,2.94
district,Sudurpaschim,Baitadi,Male,25 - 29 Years,7428,7158,6,264,0,96.37,96.37,84.5,11.87
district,Sudurpaschim,Baitadi,Male,30 - 34 Years,6575,6137,14,424,0,93.34,93.34,68.89,24.45
district,Sudurpaschim,Baitadi,Male,35 - 39 Years,5900,5287,20,593,0,89.61,89.61,55.42,34.19
district,Sudurpaschim,Baitadi,Male,40 - 44 Years,5621,4831,23,767,0,85.95,85.95,41.43,44.52
district,Sudurpaschim,Baitadi,Male,45 - 49 Years,4861,3873,39,949,0,79.67,79.67,32.51,47.16
district,Sudurpaschim,Baitadi,Male,50 - 54 Years,5134,3874,23,1237,0,75.46,75.46,24.3,51.16
district,Sudurpaschim,Baitadi,Male,55 - 59 Years,4334,2999,32,1301,2,69.2,69.2,19.07,50.13
district,Sudurpaschim,Baitadi,Male,60 - 64 Years,3564,2130,32,1401,1,59.76,59.76,14.12,45.64
district,Sudurpaschim,Baitadi,Male,65 - 69 Years,2931,1635,17,1275,4,55.78,55.78,10.25,45.53
district,Sudurpaschim,Baitadi,Male,70 - 74 Years,2282,1109,22,1149,2,48.6,48.6,6.45,42.15
district,Sudurpaschim,Baitadi,Male,75+ Years,2346,920,23,1401,2,39.22,39.22,4.87,34.35
district,Sudurpaschim,Baitadi,Female,Total,117518,79162,796,37477,83,67.36,87.7,67.36,20.34
district,Sudurpaschim,Baitadi,Female,05 Year,2395,1918,44,407,26,80.08,81.04,80.08,0.96
district,Sudurpaschim,Baitadi,Female,06 Year,2394,2114,41,222,17,88.3,89.31,88.3,1.01
district,Sudurpaschim,Baitadi,Female,07 Year,2131,1970,22,135,4,92.44,93.11,92.44,0.67
district,Sudurpaschim,Baitadi,Female,08 Year,2790,2650,25,113,2,94.98,94.68,94.98,-0.3
district,Sudurpaschim,Baitadi,Female,09 Year,2358,2306,10,41,1,97.79,97.82,97.79,0.03
district,Sudurpaschim,Baitadi,Female,10 Year,3350,3306,6,35,3,98.69,99.14,98.69,0.45
district,Sudurpaschim,Baitadi,Female,11 Year,2339,2318,2,19,0,99.1,99.31,99.1,0.21
district,Sudurpaschim,Baitadi,Female,12 Year,3424,3390,2,32,0,99.01,99.47,99.01,0.46
district,Sudurpaschim,Baitadi,Female,13 Year,2994,2972,3,19,0,99.27,99.59,99.27,0.32
district,Sudurpaschim,Baitadi,Female,14 Year,3245,3220,0,23,2,99.23,99.59,99.23,0.36
district,Sudurpaschim,Baitadi,Female,15 Year,3170,3143,2,25,0,99.15,99.38,99.15,0.23
district,Sudurpaschim,Baitadi,Female,16 - 19 Years,11088,10970,5,111,2,98.94,99.17,98.94,0.23
district,Sudurpaschim,Baitadi,Female,20 - 24 Years,13265,12653,16,595,1,95.39,98.33,95.39,2.94
district,Sudurpaschim,Baitadi,Female,25 - 29 Years,9411,7952,33,1425,1,84.5,96.37,84.5,11.87
district,Sudurpaschim,Baitadi,Female,30 - 34 Years,8133,5603,50,2478,2,68.89,93.34,68.89,24.45
district,Sudurpaschim,Baitadi,Female,35 - 39 Years,7672,4252,87,3331,2,55.42,89.61,55.42,34.19
district,Sudurpaschim,Baitadi,Female,40 - 44 Years,6956,2882,87,3986,1,41.43,85.95,41.43,44.52
district,Sudurpaschim,Baitadi,Female,45 - 49 Years,6118,1989,73,4055,1,32.51,79.67,32.51,47.16
district,Sudurpaschim,Baitadi,Female,50 - 54 Years,5959,1448,112,4397,2,24.3,75.46,24.3,51.16
district,Sudurpaschim,Baitadi,Female,55 - 59 Years,4389,837,50,3499,3,19.07,69.2,19.07,50.13
district,Sudurpaschim,Baitadi,Female,60 - 64 Years,3986,563,46,3375,2,14.12,59.76,14.12,45.64
district,Sudurpaschim,Baitadi,Female,65 - 69 Years,3210,329,31,2847,3,10.25,55.78,10.25,45.53
district,Sudurpaschim,Baitadi,Female,70 - 74 Years,3087,199,22,2865,1,6.45,48.6,6.45,42.15
district,Sudurpaschim,Baitadi,Female,75+ Years,3654,178,27,3442,7,4.87,39.22,4.87,34.35
district,Sudurpaschim,Dadeldhura,Total,Total,126692,99059,876,26705,52,78.19,89.11,68.69,20.42
district,Sudurpaschim,Dadeldhura,Total,05 Year,2744,2224,63,432,25,81.05,80.62,81.52,-0.9
district,Sudurpaschim,Dadeldhura,Total,06 Year,2776,2537,41,190,8,91.39,91.63,91.09,0.54
district,Sudurpaschim,Dadeldhura,Total,07 Year,2648,2535,27,86,0,95.73,96.03,95.41,0.62
district,Sudurpaschim,Dadeldhura,Total,08 Year,3186,3092,24,69,1,97.05,97.39,96.68,0.71
district,Sudurpaschim,Dadeldhura,Total,09 Year,2778,2749,4,23,2,98.96,98.96,98.95,0.01
district,Sudurpaschim,Dadeldhura,Total,10 Year,3359,3325,3,31,0,98.99,98.71,99.27,-0.56
district,Sudurpaschim,Dadeldhura,Total,11 Year,2736,2714,2,19,1,99.2,98.94,99.47,-0.53
district,Sudurpaschim,Dadeldhura,Total,12 Year,3697,3685,2,10,0,99.68,99.58,99.78,-0.2
district,Sudurpaschim,Dadeldhura,Total,13 Year,3255,3243,1,10,1,99.63,99.51,99.75,-0.24
district,Sudurpaschim,Dadeldhura,Total,14 Year,3591,3561,1,26,3,99.16,99.23,99.09,0.14
district,Sudurpaschim,Dadeldhura,Total,15 Year,3581,3555,1,24,1,99.27,99.38,99.16,0.22
district,Sudurpaschim,Dadeldhura,Total,16 - 19 Years,11858,11751,3,104,0,99.1,99.18,99.03,0.15
district,Sudurpaschim,Dadeldhura,Total,20 - 24 Years,13407,13073,8,326,0,97.51,98.35,96.92,1.43
district,Sudurpaschim,Dadeldhura,Total,25 - 29 Years,10533,9870,27,634,2,93.71,97.56,90.72,6.84
district,Sudurpaschim,Dadeldhura,Total,30 - 34 Years,9001,7731,54,1216,0,85.89,95.84,77.44,18.4
district,Sudurpaschim,Dadeldhura,Total,35 - 39 Years,8505,6312,90,2103,0,74.22,93.52,58.53,34.99
district,Sudurpaschim,Dadeldhura,Total,40 - 44 Years,7208,4519,121,2567,1,62.69,89.3,40.13,49.17
district,Sudurpaschim,Dadeldhura,Total,45 - 49 Years,6529,3595,113,2821,0,55.06,83.74,31.11,52.63
district,Sudurpaschim,Dadeldhura,Total,50 - 54 Years,6552,3213,114,3225,0,49.04,78.3,24.27,54.03
district,Sudurpaschim,Dadeldhura,Total,55 - 59 Years,4757,2038,55,2663,1,42.84,69.71,16.8,52.91
district,Sudurpaschim,Dadeldhura,Total,60 - 64 Years,4368,1534,57,2776,1,35.12,59.99,13.28,46.71
district,Sudurpaschim,Dadeldhura,Total,65 - 69 Years,3341,1029,20,2292,0,30.8,56.13,8.45,47.68
district,Sudurpaschim,Dadeldhura,Total,70 - 74 Years,3119,645,21,2451,2,20.68,45.98,4.47,41.51
district,Sudurpaschim,Dadeldhura,Total,75+ Years,3163,529,24,2607,3,16.72,36.16,4.03,32.13
district,Sudurpaschim,Dadeldhura,Male,Total,58942,52521,258,6138,25,89.11,89.11,68.69,20.42
district,Sudurpaschim,Dadeldhura,Male,05 Year,1429,1152,40,222,15,80.62,80.62,81.52,-0.9
district,Sudurpaschim,Dadeldhura,Male,06 Year,1530,1402,19,107,2,91.63,91.63,91.09,0.54
district,Sudurpaschim,Dadeldhura,Male,07 Year,1385,1330,13,42,0,96.03,96.03,95.41,0.62
district,Sudurpaschim,Dadeldhura,Male,08 Year,1648,1605,14,29,0,97.39,97.39,96.68,0.71
district,Sudurpaschim,Dadeldhura,Male,09 Year,1441,1426,2,12,1,98.96,98.96,98.95,0.01
district,Sudurpaschim,Dadeldhura,Male,10 Year,1712,1690,3,19,0,98.71,98.71,99.27,-0.56
district,Sudurpaschim,Dadeldhura,Male,11 Year,1409,1394,0,14,1,98.94,98.94,99.47,-0.53
district,Sudurpaschim,Dadeldhura,Male,12 Year,1893,1885,1,7,0,99.58,99.58,99.78,-0.2
district,Sudurpaschim,Dadeldhura,Male,13 Year,1639,1631,0,7,1,99.51,99.51,99.75,-0.24
district,Sudurpaschim,Dadeldhura,Male,14 Year,1826,1812,1,12,1,99.23,99.23,99.09,0.14
district,Sudurpaschim,Dadeldhura,Male,15 Year,1787,1776,0,11,0,99.38,99.38,99.16,0.22
district,Sudurpaschim,Dadeldhura,Male,16 - 19 Years,5480,5435,2,43,0,99.18,99.18,99.03,0.15
district,Sudurpaschim,Dadeldhura,Male,20 - 24 Years,5520,5429,4,87,0,98.35,98.35,96.92,1.43
district,Sudurpaschim,Dadeldhura,Male,25 - 29 Years,4598,4486,5,106,1,97.56,97.56,90.72,6.84
district,Sudurpaschim,Dadeldhura,Male,30 - 34 Years,4133,3961,6,166,0,95.84,95.84,77.44,18.4
district,Sudurpaschim,Dadeldhura,Male,35 - 39 Years,3812,3565,6,241,0,93.52,93.52,58.53,34.99
district,Sudurpaschim,Dadeldhura,Male,40 - 44 Years,3308,2954,14,340,0,89.3,89.3,40.13,49.17
district,Sudurpaschim,Dadeldhura,Male,45 - 49 Years,2971,2488,21,462,0,83.74,83.74,31.11,52.63
district,Sudurpaschim,Dadeldhura,Male,50 - 54 Years,3004,2352,22,630,0,78.3,78.3,24.27,54.03
district,Sudurpaschim,Dadeldhura,Male,55 - 59 Years,2341,1632,25,683,1,69.71,69.71,16.8,52.91
district,Sudurpaschim,Dadeldhura,Male,60 - 64 Years,2042,1225,20,797,0,59.99,59.99,13.28,46.71
district,Sudurpaschim,Dadeldhura,Male,65 - 69 Years,1566,879,10,677,0,56.13,56.13,8.45,47.68
district,Sudurpaschim,Dadeldhura,Male,70 - 74 Years,1218,560,16,641,1,45.98,45.98,4.47,41.51
district,Sudurpaschim,Dadeldhura,Male,75+ Years,1250,452,14,783,1,36.16,36.16,4.03,32.13
district,Sudurpaschim,Dadeldhura,Female,Total,67750,46538,618,20567,27,68.69,89.11,68.69,20.42
district,Sudurpaschim,Dadeldhura,Female,05 Year,1315,1072,23,210,10,81.52,80.62,81.52,-0.9
district,Sudurpaschim,Dadeldhura,Female,06 Year,1246,1135,22,83,6,91.09,91.63,91.09,0.54
district,Sudurpaschim,Dadeldhura,Female,07 Year,1263,1205,14,44,0,95.41,96.03,95.41,0.62
district,Sudurpaschim,Dadeldhura,Female,08 Year,1538,1487,10,40,1,96.68,97.39,96.68,0.71
district,Sudurpaschim,Dadeldhura,Female,09 Year,1337,1323,2,11,1,98.95,98.96,98.95,0.01
district,Sudurpaschim,Dadeldhura,Female,10 Year,1647,1635,0,12,0,99.27,98.71,99.27,-0.56
district,Sudurpaschim,Dadeldhura,Female,11 Year,1327,1320,2,5,0,99.47,98.94,99.47,-0.53
district,Sudurpaschim,Dadeldhura,Female,12 Year,1804,1800,1,3,0,99.78,99.58,99.78,-0.2
district,Sudurpaschim,Dadeldhura,Female,13 Year,1616,1612,1,3,0,99.75,99.51,99.75,-0.24
district,Sudurpaschim,Dadeldhura,Female,14 Year,1765,1749,0,14,2,99.09,99.23,99.09,0.14
district,Sudurpaschim,Dadeldhura,Female,15 Year,1794,1779,1,13,1,99.16,99.38,99.16,0.22
district,Sudurpaschim,Dadeldhura,Female,16 - 19 Years,6378,6316,1,61,0,99.03,99.18,99.03,0.15
district,Sudurpaschim,Dadeldhura,Female,20 - 24 Years,7887,7644,4,239,0,96.92,98.35,96.92,1.43
district,Sudurpaschim,Dadeldhura,Female,25 - 29 Years,5935,5384,22,528,1,90.72,97.56,90.72,6.84
district,Sudurpaschim,Dadeldhura,Female,30 - 34 Years,4868,3770,48,1050,0,77.44,95.84,77.44,18.4
district,Sudurpaschim,Dadeldhura,Female,35 - 39 Years,4693,2747,84,1862,0,58.53,93.52,58.53,34.99
district,Sudurpaschim,Dadeldhura,Female,40 - 44 Years,3900,1565,107,2227,1,40.13,89.3,40.13,49.17
district,Sudurpaschim,Dadeldhura,Female,45 - 49 Years,3558,1107,92,2359,0,31.11,83.74,31.11,52.63
district,Sudurpaschim,Dadeldhura,Female,50 - 54 Years,3548,861,92,2595,0,24.27,78.3,24.27,54.03
district,Sudurpaschim,Dadeldhura,Female,55 - 59 Years,2416,406,30,1980,0,16.8,69.71,16.8,52.91
district,Sudurpaschim,Dadeldhura,Female,60 - 64 Years,2326,309,37,1979,1,13.28,59.99,13.28,46.71
district,Sudurpaschim,Dadeldhura,Female,65 - 69 Years,1775,150,10,1615,0,8.45,56.13,8.45,47.68
district,Sudurpaschim,Dadeldhura,Female,70 - 74 Years,1901,85,5,1810,1,4.47,45.98,4.47,41.51
district,Sudurpaschim,Dadeldhura,Female,75+ Years,1913,77,10,1824,2,4.03,36.16,4.03,32.13
district,Sudurpaschim,Doti,Total,Total,182722,129257,1530,51870,65,70.74,82.91,60.87,22.04
district,Sudurpaschim,Doti,Total,05 Year,4988,3688,184,1084,32,73.94,74.15,73.71,0.44
district,Sudurpaschim,Doti,Total,06 Year,4987,4152,148,678,9,83.26,83.03,83.5,-0.47
district,Sudurpaschim,Doti,Total,07 Year,4714,4206,126,377,5,89.22,90.32,88.11,2.21
district,Sudurpaschim,Doti,Total,08 Year,5284,4930,75,274,5,93.3,93.51,93.07,0.44
district,Sudurpaschim,Doti,Total,09 Year,4756,4568,50,138,0,96.05,96.13,95.96,0.17
district,Sudurpaschim,Doti,Total,10 Year,5980,5817,13,148,2,97.27,97.37,97.18,0.19
district,Sudurpaschim,Doti,Total,11 Year,4705,4638,3,64,0,98.58,98.63,98.52,0.11
district,Sudurpaschim,Doti,Total,12 Year,6472,6343,4,123,2,98.01,98.07,97.94,0.13
district,Sudurpaschim,Doti,Total,13 Year,5371,5282,3,86,0,98.34,98.44,98.25,0.19
district,Sudurpaschim,Doti,Total,14 Year,5657,5563,3,88,3,98.34,99.1,97.56,1.54
district,Sudurpaschim,Doti,Total,15 Year,5707,5586,3,118,0,97.88,98.52,97.28,1.24
district,Sudurpaschim,Doti,Total,16 - 19 Years,17148,16519,12,616,1,96.33,97.66,95.23,2.43
district,Sudurpaschim,Doti,Total,20 - 24 Years,18462,16893,36,1533,0,91.5,96.42,88.09,8.33
district,Sudurpaschim,Doti,Total,25 - 29 Years,13990,11533,58,2398,1,82.44,93.2,74.99,18.21
district,Sudurpaschim,Doti,Total,30 - 34 Years,12083,8316,97,3670,0,68.82,89.5,54.33,35.17
district,Sudurpaschim,Doti,Total,35 - 39 Years,10924,5990,122,4812,0,54.83,82.13,35.61,46.52
district,Sudurpaschim,Doti,Total,40 - 44 Years,9893,4439,125,5329,0,44.87,75.04,25.09,49.95
district,Sudurpaschim,Doti,Total,45 - 49 Years,8196,3288,107,4801,0,40.12,69.26,18.93,50.33
district,Sudurpaschim,Doti,Total,50 - 54 Years,8232,2704,120,5408,0,32.85,60.93,12.59,48.34
district,Sudurpaschim,Doti,Total,55 - 59 Years,6269,1678,80,4511,0,26.77,49.04,8.82,40.22
district,Sudurpaschim,Doti,Total,60 - 64 Years,6243,1247,61,4934,1,19.97,40.31,5.15,35.16
district,Sudurpaschim,Doti,Total,65 - 69 Years,4631,834,44,3753,0,18.01,35.83,4.31,31.52
district,Sudurpaschim,Doti,Total,70 - 74 Years,4299,595,23,3679,2,13.84,30.27,3.11,27.16
district,Sudurpaschim,Doti,Total,75+ Years,3731,448,33,3248,2,12.01,27.17,2.33,24.84
district,Sudurpaschim,Doti,Male,Total,81848,67860,582,13375,31,82.91,82.91,60.87,22.04
district,Sudurpaschim,Doti,Male,05 Year,2611,1936,97,561,17,74.15,74.15,73.71,0.44
district,Sudurpaschim,Doti,Male,06 Year,2551,2118,80,350,3,83.03,83.03,83.5,-0.47
district,Sudurpaschim,Doti,Male,07 Year,2376,2146,61,167,2,90.32,90.32,88.11,2.21
district,Sudurpaschim,Doti,Male,08 Year,2759,2580,43,134,2,93.51,93.51,93.07,0.44
district,Sudurpaschim,Doti,Male,09 Year,2429,2335,22,72,0,96.13,96.13,95.96,0.17
district,Sudurpaschim,Doti,Male,10 Year,3037,2957,9,70,1,97.37,97.37,97.18,0.19
district,Sudurpaschim,Doti,Male,11 Year,2413,2380,0,33,0,98.63,98.63,98.52,0.11
district,Sudurpaschim,Doti,Male,12 Year,3366,3301,1,63,1,98.07,98.07,97.94,0.13
district,Sudurpaschim,Doti,Male,13 Year,2685,2643,1,41,0,98.44,98.44,98.25,0.19
district,Sudurpaschim,Doti,Male,14 Year,2873,2847,0,25,1,99.1,99.1,97.56,1.54
district,Sudurpaschim,Doti,Male,15 Year,2767,2726,1,40,0,98.52,98.52,97.28,1.24
district,Sudurpaschim,Doti,Male,16 - 19 Years,7785,7603,4,177,1,97.66,97.66,95.23,2.43
district,Sudurpaschim,Doti,Male,20 - 24 Years,7567,7296,7,264,0,96.42,96.42,88.09,8.33
district,Sudurpaschim,Doti,Male,25 - 29 Years,5721,5332,12,377,0,93.2,93.2,74.99,18.21
district,Sudurpaschim,Doti,Male,30 - 34 Years,4980,4457,19,504,0,89.5,89.5,54.33,35.17
district,Sudurpaschim,Doti,Male,35 - 39 Years,4515,3708,13,794,0,82.13,82.13,35.61,46.52
district,Sudurpaschim,Doti,Male,40 - 44 Years,3918,2940,30,948,0,75.04,75.04,25.09,49.95
district,Sudurpaschim,Doti,Male,45 - 49 Years,3451,2390,17,1044,0,69.26,69.26,18.93,50.33
district,Sudurpaschim,Doti,Male,50 - 54 Years,3450,2102,38,1310,0,60.93,60.93,12.59,48.34
district,Sudurpaschim,Doti,Male,55 - 59 Years,2798,1372,35,1391,0,49.04,49.04,8.82,40.22
district,Sudurpaschim,Doti,Male,60 - 64 Years,2632,1061,27,1543,1,40.31,40.31,5.15,35.16
district,Sudurpaschim,Doti,Male,65 - 69 Years,2012,721,27,1264,0,35.83,35.83,4.31,31.52
district,Sudurpaschim,Doti,Male,70 - 74 Years,1698,514,15,1168,1,30.27,30.27,3.11,27.16
district,Sudurpaschim,Doti,Male,75+ Years,1454,395,23,1035,1,27.17,27.17,2.33,24.84
district,Sudurpaschim,Doti,Female,Total,100874,61397,948,38495,34,60.87,82.91,60.87,22.04
district,Sudurpaschim,Doti,Female,05 Year,2377,1752,87,523,15,73.71,74.15,73.71,0.44
district,Sudurpaschim,Doti,Female,06 Year,2436,2034,68,328,6,83.5,83.03,83.5,-0.47
district,Sudurpaschim,Doti,Female,07 Year,2338,2060,65,210,3,88.11,90.32,88.11,2.21
district,Sudurpaschim,Doti,Female,08 Year,2525,2350,32,140,3,93.07,93.51,93.07,0.44
district,Sudurpaschim,Doti,Female,09 Year,2327,2233,28,66,0,95.96,96.13,95.96,0.17
district,Sudurpaschim,Doti,Female,10 Year,2943,2860,4,78,1,97.18,97.37,97.18,0.19
district,Sudurpaschim,Doti,Female,11 Year,2292,2258,3,31,0,98.52,98.63,98.52,0.11
district,Sudurpaschim,Doti,Female,12 Year,3106,3042,3,60,1,97.94,98.07,97.94,0.13
district,Sudurpaschim,Doti,Female,13 Year,2686,2639,2,45,0,98.25,98.44,98.25,0.19
district,Sudurpaschim,Doti,Female,14 Year,2784,2716,3,63,2,97.56,99.1,97.56,1.54
district,Sudurpaschim,Doti,Female,15 Year,2940,2860,2,78,0,97.28,98.52,97.28,1.24
district,Sudurpaschim,Doti,Female,16 - 19 Years,9363,8916,8,439,0,95.23,97.66,95.23,2.43
district,Sudurpaschim,Doti,Female,20 - 24 Years,10895,9597,29,1269,0,88.09,96.42,88.09,8.33
district,Sudurpaschim,Doti,Female,25 - 29 Years,8269,6201,46,2021,1,74.99,93.2,74.99,18.21
district,Sudurpaschim,Doti,Female,30 - 34 Years,7103,3859,78,3166,0,54.33,89.5,54.33,35.17
district,Sudurpaschim,Doti,Female,35 - 39 Years,6409,2282,109,4018,0,35.61,82.13,35.61,46.52
district,Sudurpaschim,Doti,Female,40 - 44 Years,5975,1499,95,4381,0,25.09,75.04,25.09,49.95
district,Sudurpaschim,Doti,Female,45 - 49 Years,4745,898,90,3757,0,18.93,69.26,18.93,50.33
district,Sudurpaschim,Doti,Female,50 - 54 Years,4782,602,82,4098,0,12.59,60.93,12.59,48.34
district,Sudurpaschim,Doti,Female,55 - 59 Years,3471,306,45,3120,0,8.82,49.04,8.82,40.22
district,Sudurpaschim,Doti,Female,60 - 64 Years,3611,186,34,3391,0,5.15,40.31,5.15,35.16
district,Sudurpaschim,Doti,Female,65 - 69 Years,2619,113,17,2489,0,4.31,35.83,4.31,31.52
district,Sudurpaschim,Doti,Female,70 - 74 Years,2601,81,8,2511,1,3.11,30.27,3.11,27.16
district,Sudurpaschim,Doti,Female,75+ Years,2277,53,10,2213,1,2.33,27.17,2.33,24.84
district,Sudurpaschim,Achham,Total,Total,203771,148014,1311,54316,130,72.64,82.77,64.24,18.53
district,Sudurpaschim,Achham,Total,05 Year,5514,4155,141,1152,66,75.35,75.37,75.34,0.03
district,Sudurpaschim,Achham,Total,06 Year,5730,4944,111,656,19,86.28,86.93,85.62,1.31
district,Sudurpaschim,Achham,Total,07 Year,5503,5108,75,311,9,92.82,93.04,92.61,0.43
district,Sudurpaschim,Achham,Total,08 Year,5985,5695,51,233,6,95.15,95.4,94.91,0.49
district,Sudurpaschim,Achham,Total,09 Year,5617,5470,16,126,5,97.38,97.04,97.73,-0.69
district,Sudurpaschim,Achham,Total,10 Year,6492,6389,9,94,0,98.41,98.11,98.71,-0.6
district,Sudurpaschim,Achham,Total,11 Year,5791,5747,2,42,0,99.24,99.4,99.09,0.31
district,Sudurpaschim,Achham,Total,12 Year,7555,7460,6,88,1,98.74,98.89,98.59,0.3
district,Sudurpaschim,Achham,Total,13 Year,6529,6458,1,70,0,98.91,99.2,98.65,0.55
district,Sudurpaschim,Achham,Total,14 Year,6813,6727,0,86,0,98.74,98.96,98.52,0.44
district,Sudurpaschim,Achham,Total,15 Year,6436,6327,1,108,0,98.31,98.73,97.92,0.81
district,Sudurpaschim,Achham,Total,16 - 19 Years,19822,19278,10,531,3,97.26,97.92,96.73,1.19
district,Sudurpaschim,Achham,Total,20 - 24 Years,19723,18389,33,1297,4,93.24,96.67,90.75,5.92
district,Sudurpaschim,Achham,Total,25 - 29 Years,14458,12167,68,2222,1,84.15,93.55,76.62,16.93
district,Sudurpaschim,Achham,Total,30 - 34 Years,12352,8690,118,3539,5,70.35,89.21,56.18,33.03
district,Sudurpaschim,Achham,Total,35 - 39 Years,11867,6990,132,4745,0,58.9,82.49,41.01,41.48
district,Sudurpaschim,Achham,Total,40 - 44 Years,10289,4983,120,5186,0,48.43,74.45,30.33,44.12
district,Sudurpaschim,Achham,Total,45 - 49 Years,8763,3781,112,4869,1,43.15,67.49,24.94,42.55
district,Sudurpaschim,Achham,Total,50 - 54 Years,9154,3188,104,5861,1,34.83,57.56,17.75,39.81
district,Sudurpaschim,Achham,Total,55 - 59 Years,6951,2134,59,4757,1,30.7,50.98,12.81,38.17
district,Sudurpaschim,Achham,Total,60 - 64 Years,6351,1466,48,4836,1,23.08,40.74,8.23,32.51
district,Sudurpaschim,Achham,Total,65 - 69 Years,4998,1065,32,3899,2,21.31,38.4,6.65,31.75
district,Sudurpaschim,Achham,Total,70 - 74 Years,5535,738,33,4762,2,13.33,27.73,4.17,23.56
district,Sudurpaschim,Achham,Total,75+ Years,5543,665,29,4846,3,12.0,25.73,3.27,22.46
district,Sudurpaschim,Achham,Male,Total,92364,76451,475,15387,51,82.77,82.77,64.24,18.53
district,Sudurpaschim,Achham,Male,05 Year,2854,2151,71,604,28,75.37,75.37,75.34,0.03
district,Sudurpaschim,Achham,Male,06 Year,2907,2527,51,320,9,86.93,86.93,85.62,1.31
district,Sudurpaschim,Achham,Male,07 Year,2771,2578,35,155,3,93.04,93.04,92.61,0.43
district,Sudurpaschim,Achham,Male,08 Year,3019,2880,17,119,3,95.4,95.4,94.91,0.49
district,Sudurpaschim,Achham,Male,09 Year,2803,2720,8,73,2,97.04,97.04,97.73,-0.69
district,Sudurpaschim,Achham,Male,10 Year,3234,3173,5,56,0,98.11,98.11,98.71,-0.6
district,Sudurpaschim,Achham,Male,11 Year,2836,2819,1,16,0,99.4,99.4,99.09,0.31
district,Sudurpaschim,Achham,Male,12 Year,3861,3818,0,42,1,98.89,98.89,98.59,0.3
district,Sudurpaschim,Achham,Male,13 Year,3115,3090,0,25,0,99.2,99.2,98.65,0.55
district,Sudurpaschim,Achham,Male,14 Year,3356,3321,0,35,0,98.96,98.96,98.52,0.44
district,Sudurpaschim,Achham,Male,15 Year,3064,3025,0,39,0,98.73,98.73,97.92,0.81
district,Sudurpaschim,Achham,Male,16 - 19 Years,8753,8571,7,175,0,97.92,97.92,96.73,1.19
district,Sudurpaschim,Achham,Male,20 - 24 Years,8269,7994,5,269,1,96.67,96.67,90.75,5.92
district,Sudurpaschim,Achham,Male,25 - 29 Years,6435,6020,6,409,0,93.55,93.55,76.62,16.93
district,Sudurpaschim,Achham,Male,30 - 34 Years,5301,4729,24,547,1,89.21,89.21,56.18,33.03
district,Sudurpaschim,Achham,Male,35 - 39 Years,5118,4222,20,876,0,82.49,82.49,41.01,41.48
district,Sudurpaschim,Achham,Male,40 - 44 Years,4220,3142,25,1053,0,74.45,74.45,30.33,44.12
district,Sudurpaschim,Achham,Male,45 - 49 Years,3750,2531,34,1185,0,67.49,67.49,24.94,42.55
district,Sudurpaschim,Achham,Male,50 - 54 Years,3926,2260,47,1619,0,57.56,57.56,17.75,39.81
district,Sudurpaschim,Achham,Male,55 - 59 Years,3258,1661,28,1569,0,50.98,50.98,12.81,38.17
district,Sudurpaschim,Achham,Male,60 - 64 Years,2901,1182,27,1692,0,40.74,40.74,8.23,32.51
district,Sudurpaschim,Achham,Male,65 - 69 Years,2307,886,21,1400,0,38.4,38.4,6.65,31.75
district,Sudurpaschim,Achham,Male,70 - 74 Years,2153,597,21,1534,1,27.73,27.73,4.17,23.56
district,Sudurpaschim,Achham,Male,75+ Years,2153,554,22,1575,2,25.73,25.73,3.27,22.46
district,Sudurpaschim,Achham,Female,Total,111407,71563,836,38929,79,64.24,82.77,64.24,18.53
district,Sudurpaschim,Achham,Female,05 Year,2660,2004,70,548,38,75.34,75.37,75.34,0.03
district,Sudurpaschim,Achham,Female,06 Year,2823,2417,60,336,10,85.62,86.93,85.62,1.31
district,Sudurpaschim,Achham,Female,07 Year,2732,2530,40,156,6,92.61,93.04,92.61,0.43
district,Sudurpaschim,Achham,Female,08 Year,2966,2815,34,114,3,94.91,95.4,94.91,0.49
district,Sudurpaschim,Achham,Female,09 Year,2814,2750,8,53,3,97.73,97.04,97.73,-0.69
district,Sudurpaschim,Achham,Female,10 Year,3258,3216,4,38,0,98.71,98.11,98.71,-0.6
district,Sudurpaschim,Achham,Female,11 Year,2955,2928,1,26,0,99.09,99.4,99.09,0.31
district,Sudurpaschim,Achham,Female,12 Year,3694,3642,6,46,0,98.59,98.89,98.59,0.3
district,Sudurpaschim,Achham,Female,13 Year,3414,3368,1,45,0,98.65,99.2,98.65,0.55
district,Sudurpaschim,Achham,Female,14 Year,3457,3406,0,51,0,98.52,98.96,98.52,0.44
district,Sudurpaschim,Achham,Female,15 Year,3372,3302,1,69,0,97.92,98.73,97.92,0.81
district,Sudurpaschim,Achham,Female,16 - 19 Years,11069,10707,3,356,3,96.73,97.92,96.73,1.19
district,Sudurpaschim,Achham,Female,20 - 24 Years,11454,10395,28,1028,3,90.75,96.67,90.75,5.92
district,Sudurpaschim,Achham,Female,25 - 29 Years,8023,6147,62,1813,1,76.62,93.55,76.62,16.93
district,Sudurpaschim,Achham,Female,30 - 34 Years,7051,3961,94,2992,4,56.18,89.21,56.18,33.03
district,Sudurpaschim,Achham,Female,35 - 39 Years,6749,2768,112,3869,0,41.01,82.49,41.01,41.48
district,Sudurpaschim,Achham,Female,40 - 44 Years,6069,1841,95,4133,0,30.33,74.45,30.33,44.12
district,Sudurpaschim,Achham,Female,45 - 49 Years,5013,1250,78,3684,1,24.94,67.49,24.94,42.55
district,Sudurpaschim,Achham,Female,50 - 54 Years,5228,928,57,4242,1,17.75,57.56,17.75,39.81
district,Sudurpaschim,Achham,Female,55 - 59 Years,3693,473,31,3188,1,12.81,50.98,12.81,38.17
district,Sudurpaschim,Achham,Female,60 - 64 Years,3450,284,21,3144,1,8.23,40.74,8.23,32.51
district,Sudurpaschim,Achham,Female,65 - 69 Years,2691,179,11,2499,2,6.65,38.4,6.65,31.75
district,Sudurpaschim,Achham,Female,70 - 74 Years,3382,141,12,3228,1,4.17,27.73,4.17,23.56
district,Sudurpaschim,Achham,Female,75+ Years,3390,111,7,3271,1,3.27,25.73,3.27,22.46
district,Sudurpaschim,Kailali,Total,Total,834407,647609,5969,180477,352,77.61,85.16,70.82,14.34
district,Sudurpaschim,Kailali,Total,05 Year,15824,13568,230,1877,149,85.74,85.69,85.8,-0.11
district,Sudurpaschim,Kailali,Total,06 Year,16159,14839,251,1028,41,91.83,91.68,92.01,-0.33
district,Sudurpaschim,Kailali,Total,07 Year,16169,15374,188,588,19,95.08,95.27,94.87,0.4
district,Sudurpaschim,Kailali,Total,08 Year,17735,17178,132,401,24,96.86,96.74,96.99,-0.25
district,Sudurpaschim,Kailali,Total,09 Year,16363,16031,92,236,4,97.97,97.81,98.16,-0.35
district,Sudurpaschim,Kailali,Total,10 Year,19200,18968,35,193,4,98.79,98.66,98.94,-0.28
district,Sudurpaschim,Kailali,Total,11 Year,16373,16258,11,103,1,99.3,99.35,99.24,0.11
district,Sudurpaschim,Kailali,Total,12 Year,20992,20824,15,152,1,99.2,99.13,99.27,-0.14
district,Sudurpaschim,Kailali,Total,13 Year,19776,19615,11,147,3,99.19,99.24,99.14,0.1
district,Sudurpaschim,Kailali,Total,14 Year,20798,20632,8,154,4,99.2,99.19,99.21,-0.02
district,Sudurpaschim,Kailali,Total,15 Year,20924,20730,9,182,3,99.07,98.94,99.2,-0.26
district,Sudurpaschim,Kailali,Total,16 - 19 Years,76555,75645,27,872,11,98.81,98.77,98.85,-0.08
district,Sudurpaschim,Kailali,Total,20 - 24 Years,93118,90786,65,2244,23,97.5,98.16,96.98,1.18
district,Sudurpaschim,Kailali,Total,25 - 29 Years,82086,76969,208,4894,15,93.77,96.49,91.59,4.9
district,Sudurpaschim,Kailali,Total,30 - 34 Years,71168,60946,431,9788,3,85.64,93.02,79.63,13.39
district,Sudurpaschim,Kailali,Total,35 - 39 Years,65324,47959,764,16597,4,73.42,86.77,62.02,24.75
district,Sudurpaschim,Kailali,Total,40 - 44 Years,53137,32607,812,19715,3,61.36,78.75,45.78,32.97
district,Sudurpaschim,Kailali,Total,45 - 49 Years,41462,21193,754,19512,3,51.11,70.33,34.19,36.14
district,Sudurpaschim,Kailali,Total,50 - 54 Years,41316,17725,705,22882,4,42.9,63.04,24.93,38.11
district,Sudurpaschim,Kailali,Total,55 - 59 Years,29288,10861,421,18003,3,37.08,56.14,19.12,37.02
district,Sudurpaschim,Kailali,Total,60 - 64 Years,24395,7306,304,16781,4,29.95,48.74,13.42,35.32
district,Sudurpaschim,Kailali,Total,65 - 69 Years,20867,5281,234,15344,8,25.31,43.25,9.38,33.87
district,Sudurpaschim,Kailali,Total,70 - 74 Years,18642,3523,130,14975,14,18.9,35.05,5.78,29.27
district,Sudurpaschim,Kailali,Total,75+ Years,16736,2791,132,13809,4,16.68,30.97,4.67,26.3
district,Sudurpaschim,Kailali,Male,Total,395502,336797,2034,56505,166,85.16,85.16,70.82,14.34
district,Sudurpaschim,Kailali,Male,05 Year,8329,7137,117,997,78,85.69,85.69,85.8,-0.11
district,Sudurpaschim,Kailali,Male,06 Year,8554,7842,126,561,25,91.68,91.68,92.01,-0.33
district,Sudurpaschim,Kailali,Male,07 Year,8542,8138,97,297,10,95.27,95.27,94.87,0.4
district,Sudurpaschim,Kailali,Male,08 Year,9492,9183,67,229,13,96.74,96.74,96.99,-0.25
district,Sudurpaschim,Kailali,Male,09 Year,8657,8467,48,139,3,97.81,97.81,98.16,-0.35
district,Sudurpaschim,Kailali,Male,10 Year,10048,9913,22,110,3,98.66,98.66,98.94,-0.28
district,Sudurpaschim,Kailali,Male,11 Year,8598,8542,8,48,0,99.35,99.35,99.24,0.11
district,Sudurpaschim,Kailali,Male,12 Year,10853,10759,8,85,1,99.13,99.13,99.27,-0.14
district,Sudurpaschim,Kailali,Male,13 Year,9946,9870,6,68,2,99.24,99.24,99.14,0.1
district,Sudurpaschim,Kailali,Male,14 Year,10516,10431,1,81,3,99.19,99.19,99.21,-0.02
district,Sudurpaschim,Kailali,Male,15 Year,10368,10258,5,102,3,98.94,98.94,99.2,-0.26
district,Sudurpaschim,Kailali,Male,16 - 19 Years,36763,36309,16,435,3,98.77,98.77,98.85,-0.08
district,Sudurpaschim,Kailali,Male,20 - 24 Years,40932,40177,23,724,8,98.16,98.16,96.98,1.18
district,Sudurpaschim,Kailali,Male,25 - 29 Years,36461,35183,44,1229,5,96.49,96.49,91.59,4.9
district,Sudurpaschim,Kailali,Male,30 - 34 Years,31921,29692,82,2145,2,93.02,93.02,79.63,13.39
district,Sudurpaschim,Kailali,Male,35 - 39 Years,30082,26102,147,3833,0,86.77,86.77,62.02,24.75
district,Sudurpaschim,Kailali,Male,40 - 44 Years,25114,19778,191,5145,0,78.75,78.75,45.78,32.97
district,Sudurpaschim,Kailali,Male,45 - 49 Years,19418,13657,210,5551,0,70.33,70.33,34.19,36.14
district,Sudurpaschim,Kailali,Male,50 - 54 Years,19479,12280,242,6957,0,63.04,63.04,24.93,38.11
district,Sudurpaschim,Kailali,Male,55 - 59 Years,14208,7977,155,6076,0,56.14,56.14,19.12,37.02
district,Sudurpaschim,Kailali,Male,60 - 64 Years,11415,5564,131,5719,1,48.74,48.74,13.42,35.32
district,Sudurpaschim,Kailali,Male,65 - 69 Years,9813,4244,122,5444,3,43.25,43.25,9.38,33.87
district,Sudurpaschim,Kailali,Male,70 - 74 Years,8354,2928,78,5346,2,35.05,35.05,5.78,29.27
district,Sudurpaschim,Kailali,Male,75+ Years,7639,2366,88,5184,1,30.97,30.97,4.67,26.3
district,Sudurpaschim,Kailali,Female,Total,438905,310812,3935,123972,186,70.82,85.16,70.82,14.34
district,Sudurpaschim,Kailali,Female,05 Year,7495,6431,113,880,71,85.8,85.69,85.8,-0.11
district,Sudurpaschim,Kailali,Female,06 Year,7605,6997,125,467,16,92.01,91.68,92.01,-0.33
district,Sudurpaschim,Kailali,Female,07 Year,7627,7236,91,291,9,94.87,95.27,94.87,0.4
district,Sudurpaschim,Kailali,Female,08 Year,8243,7995,65,172,11,96.99,96.74,96.99,-0.25
district,Sudurpaschim,Kailali,Female,09 Year,7706,7564,44,97,1,98.16,97.81,98.16,-0.35
district,Sudurpaschim,Kailali,Female,10 Year,9152,9055,13,83,1,98.94,98.66,98.94,-0.28
district,Sudurpaschim,Kailali,Female,11 Year,7775,7716,3,55,1,99.24,99.35,99.24,0.11
district,Sudurpaschim,Kailali,Female,12 Year,10139,10065,7,67,0,99.27,99.13,99.27,-0.14
district,Sudurpaschim,Kailali,Female,13 Year,9830,9745,5,79,1,99.14,99.24,99.14,0.1
district,Sudurpaschim,Kailali,Female,14 Year,10282,10201,7,73,1,99.21,99.19,99.21,-0.02
district,Sudurpaschim,Kailali,Female,15 Year,10556,10472,4,80,0,99.2,98.94,99.2,-0.26
district,Sudurpaschim,Kailali,Female,16 - 19 Years,39792,39336,11,437,8,98.85,98.77,98.85,-0.08
district,Sudurpaschim,Kailali,Female,20 - 24 Years,52186,50609,42,1520,15,96.98,98.16,96.98,1.18
district,Sudurpaschim,Kailali,Female,25 - 29 Years,45625,41786,164,3665,10,91.59,96.49,91.59,4.9
district,Sudurpaschim,Kailali,Female,30 - 34 Years,39247,31254,349,7643,1,79.63,93.02,79.63,13.39
district,Sudurpaschim,Kailali,Female,35 - 39 Years,35242,21857,617,12764,4,62.02,86.77,62.02,24.75
district,Sudurpaschim,Kailali,Female,40 - 44 Years,28023,12829,621,14570,3,45.78,78.75,45.78,32.97
district,Sudurpaschim,Kailali,Female,45 - 49 Years,22044,7536,544,13961,3,34.19,70.33,34.19,36.14
district,Sudurpaschim,Kailali,Female,50 - 54 Years,21837,5445,463,15925,4,24.93,63.04,24.93,38.11
district,Sudurpaschim,Kailali,Female,55 - 59 Years,15080,2884,266,11927,3,19.12,56.14,19.12,37.02
district,Sudurpaschim,Kailali,Female,60 - 64 Years,12980,1742,173,11062,3,13.42,48.74,13.42,35.32
district,Sudurpaschim,Kailali,Female,65 - 69 Years,11054,1037,112,9900,5,9.38,43.25,9.38,33.87
district,Sudurpaschim,Kailali,Female,70 - 74 Years,10288,595,52,9629,12,5.78,35.05,5.78,29.27
district,Sudurpaschim,Kailali,Female,75+ Years,9097,425,44,8625,3,4.67,30.97,4.67,26.3
district,Sudurpaschim,Kanchanpur,Total,Total,472393,376228,2947,93095,123,79.64,87.91,72.55,15.36
district,Sudurpaschim,Kanchanpur,Total,05 Year,8976,7567,189,1166,54,84.3,84.62,83.92,0.7
district,Sudurpaschim,Kanchanpur,Total,06 Year,9008,8120,147,722,19,90.14,89.86,90.47,-0.61
district,Sudurpaschim,Kanchanpur,Total,07 Year,9067,8558,133,367,9,94.39,93.96,94.87,-0.91
district,Sudurpaschim,Kanchanpur,Total,08 Year,9992,9676,88,225,3,96.84,96.91,96.75,0.16
district,Sudurpaschim,Kanchanpur,Total,09 Year,9153,9006,50,97,0,98.39,98.41,98.38,0.03
district,Sudurpaschim,Kanchanpur,Total,10 Year,11164,11065,19,80,0,99.11,98.97,99.27,-0.3
district,Sudurpaschim,Kanchanpur,Total,11 Year,9424,9367,4,52,1,99.4,99.34,99.46,-0.12
district,Sudurpaschim,Kanchanpur,Total,12 Year,11926,11852,8,66,0,99.38,99.31,99.45,-0.14
district,Sudurpaschim,Kanchanpur,Total,13 Year,11203,11144,1,55,3,99.47,99.44,99.51,-0.07
district,Sudurpaschim,Kanchanpur,Total,14 Year,12068,12010,2,55,1,99.52,99.45,99.59,-0.14
district,Sudurpaschim,Kanchanpur,Total,15 Year,12018,11942,4,71,1,99.37,99.37,99.37,0.0
district,Sudurpaschim,Kanchanpur,Total,16 - 19 Years,44073,43617,16,436,4,98.97,99.02,98.91,0.11
district,Sudurpaschim,Kanchanpur,Total,20 - 24 Years,51679,50460,44,1169,6,97.64,98.01,97.39,0.62
district,Sudurpaschim,Kanchanpur,Total,25 - 29 Years,44380,41799,87,2492,2,94.18,96.59,92.54,4.05
district,Sudurpaschim,Kanchanpur,Total,30 - 34 Years,38024,33288,175,4559,2,87.54,94.04,82.88,11.16
district,Sudurpaschim,Kanchanpur,Total,35 - 39 Years,35183,27710,270,7201,2,78.76,90.85,69.63,21.22
district,Sudurpaschim,Kanchanpur,Total,40 - 44 Years,30381,20667,335,9377,2,68.03,86.25,53.11,33.14
district,Sudurpaschim,Kanchanpur,Total,45 - 49 Years,24122,14237,298,9584,3,59.02,81.33,40.55,40.78
district,Sudurpaschim,Kanchanpur,Total,50 - 54 Years,24283,12179,323,11780,1,50.15,74.3,29.42,44.88
district,Sudurpaschim,Kanchanpur,Total,55 - 59 Years,17734,7681,240,9811,2,43.31,66.19,21.94,44.25
district,Sudurpaschim,Kanchanpur,Total,60 - 64 Years,15577,5644,185,9748,0,36.23,60.21,15.05,45.16
district,Sudurpaschim,Kanchanpur,Total,65 - 69 Years,12014,3781,129,8103,1,31.47,52.52,11.99,40.53
district,Sudurpaschim,Kanchanpur,Total,70 - 74 Years,10689,2651,93,7943,2,24.8,45.16,7.75,37.41
district,Sudurpaschim,Kanchanpur,Total,75+ Years,10255,2207,107,7936,5,21.52,41.22,5.03,36.19
district,Sudurpaschim,Kanchanpur,Male,Total,218097,191734,1021,25276,66,87.91,87.91,72.55,15.36
district,Sudurpaschim,Kanchanpur,Male,05 Year,4883,4132,97,622,32,84.62,84.62,83.92,0.7
district,Sudurpaschim,Kanchanpur,Male,06 Year,4862,4369,81,405,7,89.86,89.86,90.47,-0.61
district,Sudurpaschim,Kanchanpur,Male,07 Year,4837,4545,79,206,7,93.96,93.96,94.87,-0.91
district,Sudurpaschim,Kanchanpur,Male,08 Year,5408,5241,43,122,2,96.91,96.91,96.75,0.16
district,Sudurpaschim,Kanchanpur,Male,09 Year,4838,4761,24,53,0,98.41,98.41,98.38,0.03
district,Sudurpaschim,Kanchanpur,Male,10 Year,5942,5881,7,54,0,98.97,98.97,99.27,-0.3
district,Sudurpaschim,Kanchanpur,Male,11 Year,4990,4957,3,29,1,99.34,99.34,99.46,-0.12
district,Sudurpaschim,Kanchanpur,Male,12 Year,6256,6213,6,37,0,99.31,99.31,99.45,-0.14
district,Sudurpaschim,Kanchanpur,Male,13 Year,5692,5660,1,31,0,99.44,99.44,99.51,-0.07
district,Sudurpaschim,Kanchanpur,Male,14 Year,6040,6007,1,32,0,99.45,99.45,99.59,-0.14
district,Sudurpaschim,Kanchanpur,Male,15 Year,5989,5951,4,33,1,99.37,99.37,99.37,0.0
district,Sudurpaschim,Kanchanpur,Male,16 - 19 Years,21046,20840,7,197,2,99.02,99.02,98.91,0.11
district,Sudurpaschim,Kanchanpur,Male,20 - 24 Years,21238,20815,9,409,5,98.01,98.01,97.39,0.62
district,Sudurpaschim,Kanchanpur,Male,25 - 29 Years,18039,17423,13,602,1,96.59,96.59,92.54,4.05
district,Sudurpaschim,Kanchanpur,Male,30 - 34 Years,15897,14949,35,912,1,94.04,94.04,82.88,11.16
district,Sudurpaschim,Kanchanpur,Male,35 - 39 Years,15133,13749,55,1329,0,90.85,90.85,69.63,21.22
district,Sudurpaschim,Kanchanpur,Male,40 - 44 Years,13673,11793,56,1823,1,86.25,86.25,53.11,33.14
district,Sudurpaschim,Kanchanpur,Male,45 - 49 Years,10924,8885,54,1983,2,81.33,81.33,40.55,40.78
district,Sudurpaschim,Kanchanpur,Male,50 - 54 Years,11220,8336,96,2787,1,74.3,74.3,29.42,44.88
district,Sudurpaschim,Kanchanpur,Male,55 - 59 Years,8565,5669,93,2803,0,66.19,66.19,21.94,44.25
district,Sudurpaschim,Kanchanpur,Male,60 - 64 Years,7306,4399,68,2839,0,60.21,60.21,15.05,45.16
district,Sudurpaschim,Kanchanpur,Male,65 - 69 Years,5775,3033,64,2678,0,52.52,52.52,11.99,40.53
district,Sudurpaschim,Kanchanpur,Male,70 - 74 Years,4872,2200,51,2621,0,45.16,45.16,7.75,37.41
district,Sudurpaschim,Kanchanpur,Male,75+ Years,4672,1926,74,2669,3,41.22,41.22,5.03,36.19
district,Sudurpaschim,Kanchanpur,Female,Total,254296,184494,1926,67819,57,72.55,87.91,72.55,15.36
district,Sudurpaschim,Kanchanpur,Female,05 Year,4093,3435,92,544,22,83.92,84.62,83.92,0.7
district,Sudurpaschim,Kanchanpur,Female,06 Year,4146,3751,66,317,12,90.47,89.86,90.47,-0.61
district,Sudurpaschim,Kanchanpur,Female,07 Year,4230,4013,54,161,2,94.87,93.96,94.87,-0.91
district,Sudurpaschim,Kanchanpur,Female,08 Year,4584,4435,45,103,1,96.75,96.91,96.75,0.16
district,Sudurpaschim,Kanchanpur,Female,09 Year,4315,4245,26,44,0,98.38,98.41,98.38,0.03
district,Sudurpaschim,Kanchanpur,Female,10 Year,5222,5184,12,26,0,99.27,98.97,99.27,-0.3
district,Sudurpaschim,Kanchanpur,Female,11 Year,4434,4410,1,23,0,99.46,99.34,99.46,-0.12
district,Sudurpaschim,Kanchanpur,Female,12 Year,5670,5639,2,29,0,99.45,99.31,99.45,-0.14
district,Sudurpaschim,Kanchanpur,Female,13 Year,5511,5484,0,24,3,99.51,99.44,99.51,-0.07
district,Sudurpaschim,Kanchanpur,Female,14 Year,6028,6003,1,23,1,99.59,99.45,99.59,-0.14
district,Sudurpaschim,Kanchanpur,Female,15 Year,6029,5991,0,38,0,99.37,99.37,99.37,0.0
district,Sudurpaschim,Kanchanpur,Female,16 - 19 Years,23027,22777,9,239,2,98.91,99.02,98.91,0.11
district,Sudurpaschim,Kanchanpur,Female,20 - 24 Years,30441,29645,35,760,1,97.39,98.01,97.39,0.62
district,Sudurpaschim,Kanchanpur,Female,25 - 29 Years,26341,24376,74,1890,1,92.54,96.59,92.54,4.05
district,Sudurpaschim,Kanchanpur,Female,30 - 34 Years,22127,18339,140,3647,1,82.88,94.04,82.88,11.16
district,Sudurpaschim,Kanchanpur,Female,35 - 39 Years,20050,13961,215,5872,2,69.63,90.85,69.63,21.22
district,Sudurpaschim,Kanchanpur,Female,40 - 44 Years,16708,8874,279,7554,1,53.11,86.25,53.11,33.14
district,Sudurpaschim,Kanchanpur,Female,45 - 49 Years,13198,5352,244,7601,1,40.55,81.33,40.55,40.78
district,Sudurpaschim,Kanchanpur,Female,50 - 54 Years,13063,3843,227,8993,0,29.42,74.3,29.42,44.88
district,Sudurpaschim,Kanchanpur,Female,55 - 59 Years,9169,2012,147,7008,2,21.94,66.19,21.94,44.25
district,Sudurpaschim,Kanchanpur,Female,60 - 64 Years,8271,1245,117,6909,0,15.05,60.21,15.05,45.16
district,Sudurpaschim,Kanchanpur,Female,65 - 69 Years,6239,748,65,5425,1,11.99,52.52,11.99,40.53
district,Sudurpaschim,Kanchanpur,Female,70 - 74 Years,5817,451,42,5322,2,7.75,45.16,7.75,37.41
district,Sudurpaschim,Kanchanpur,Female,75+ Years,5583,281,33,5267,2,5.03,41.22,5.03,36.19
