geo_level,province,district,sex,age_group,population,attending,ever_attended_stopped,never_attended,not_stated,attendance_rate,never_attended_rate,attendance_rate_male,never_attended_rate_male,attendance_rate_female,never_attended_rate_female,attendance_rate_gap_pts,never_attended_rate_gap_pts
district,Bagmati,Bhaktapur,Female,10 Year,2856,2609,221,25,1,91.35,0.88,91.44,0.53,91.35,0.88,0.09,-0.35
district,Bagmati,Bhaktapur,Male,10 Year,3562,3257,286,19,0,91.44,0.53,91.44,0.53,91.35,0.88,0.09,-0.35
district,Bagmati,Bhaktapur,Female,11 Year,2621,2518,81,22,0,96.07,0.84,95.4,0.67,96.07,0.84,-0.67,-0.17
district,Bagmati,Bhaktapur,Male,11 Year,3131,2987,123,21,0,95.4,0.67,95.4,0.67,96.07,0.84,-0.67,-0.17
district,Bagmati,Bhaktapur,Female,12 Year,3070,2959,92,19,0,96.38,0.62,95.95,1.27,96.38,0.62,-0.43,0.65
district,Bagmati,Bhaktapur,Male,12 Year,3454,3314,96,44,0,95.95,1.27,95.95,1.27,96.38,0.62,-0.43,0.65
district,Bagmati,Bhaktapur,Female,13 Year,2908,2823,72,13,0,97.08,0.45,96.55,0.34,97.08,0.45,-0.53,-0.11
district,Bagmati,Bhaktapur,Male,13 Year,3272,3159,102,11,0,96.55,0.34,96.55,0.34,97.08,0.45,-0.53,-0.11
district,Bagmati,Bhaktapur,Female,14 Year,2923,2844,69,10,0,97.3,0.34,95.49,0.75,97.3,0.34,-1.81,0.41
district,Bagmati,Bhaktapur,Male,14 Year,3325,3175,125,25,0,95.49,0.75,95.49,0.75,97.3,0.34,-1.81,0.41
district,Bagmati,Bhaktapur,Female,15 Year,2592,2446,118,27,1,94.37,1.04,92.64,0.84,94.37,1.04,-1.73,-0.2
district,Bagmati,Bhaktapur,Male,15 Year,3085,2858,201,26,0,92.64,0.84,92.64,0.84,94.37,1.04,-1.73,-0.2
district,Bagmati,Bhaktapur,Female,16 Year,1547,1391,132,24,0,89.92,1.55,86.82,1.24,89.92,1.55,-3.1,-0.31
district,Bagmati,Bhaktapur,Male,16 Year,2018,1752,241,25,0,86.82,1.24,86.82,1.24,89.92,1.55,-3.1,-0.31
district,Bagmati,Bhaktapur,Female,17 Year,925,689,205,31,0,74.49,3.35,70.89,2.49,74.49,3.35,-3.6,-0.86
district,Bagmati,Bhaktapur,Male,17 Year,1247,884,332,31,0,70.89,2.49,70.89,2.49,74.49,3.35,-3.6,-0.86
district,Bagmati,Bhaktapur,Female,18 Year,710,351,319,40,0,49.44,5.63,45.56,5.71,49.44,5.63,-3.88,0.08
district,Bagmati,Bhaktapur,Male,18 Year,1069,487,521,61,0,45.56,5.71,45.56,5.71,49.44,5.63,-3.88,0.08
district,Bagmati,Bhaktapur,Female,19 Year,551,143,374,34,0,25.95,6.17,30.91,5.03,25.95,6.17,4.96,-1.14
district,Bagmati,Bhaktapur,Male,19 Year,715,221,458,36,0,30.91,5.03,30.91,5.03,25.95,6.17,4.96,-1.14
district,Bagmati,Bhaktapur,Female,20 Year,700,73,558,69,0,10.43,9.86,9.99,8.29,10.43,9.86,-0.44,-1.57
district,Bagmati,Bhaktapur,Male,20 Year,881,88,720,73,0,9.99,8.29,9.99,8.29,10.43,9.86,-0.44,-1.57
district,Bagmati,Bhaktapur,Female,21 Year,590,30,504,56,0,5.08,9.49,5.69,5.3,5.08,9.49,0.61,-4.19
district,Bagmati,Bhaktapur,Male,21 Year,773,44,688,41,0,5.69,5.3,5.69,5.3,5.08,9.49,0.61,-4.19
district,Bagmati,Bhaktapur,Female,22 Year,808,30,695,83,0,3.71,10.27,4.15,8.31,3.71,10.27,0.44,-1.96
district,Bagmati,Bhaktapur,Male,22 Year,915,38,801,76,0,4.15,8.31,4.15,8.31,3.71,10.27,0.44,-1.96
district,Bagmati,Bhaktapur,Female,23 Year,865,19,775,71,0,2.2,8.21,3.19,6.0,2.2,8.21,0.99,-2.21
district,Bagmati,Bhaktapur,Male,23 Year,816,26,741,49,0,3.19,6.0,3.19,6.0,2.2,8.21,0.99,-2.21
district,Bagmati,Bhaktapur,Female,24 Year,1088,22,940,126,0,2.02,11.58,1.93,6.38,2.02,11.58,-0.09,-5.2
district,Bagmati,Bhaktapur,Male,24 Year,987,19,905,63,0,1.93,6.38,1.93,6.38,2.02,11.58,-0.09,-5.2
district,Bagmati,Bhaktapur,Female,25 Year,1227,11,1082,133,1,0.9,10.84,0.42,7.67,0.9,10.84,-0.48,-3.17
district,Bagmati,Bhaktapur,Male,25 Year,1187,5,1091,91,0,0.42,7.67,0.42,7.67,0.9,10.84,-0.48,-3.17
district,Bagmati,Bhaktapur,Female,5 Year,2663,2556,6,101,0,95.98,3.79,96.15,3.61,95.98,3.79,0.17,-0.18
district,Bagmati,Bhaktapur,Male,5 Year,3328,3200,8,120,0,96.15,3.61,96.15,3.61,95.98,3.79,0.17,-0.18
district,Bagmati,Bhaktapur,Female,6 Year,2883,2833,16,33,1,98.27,1.14,98.04,1.58,98.27,1.14,-0.23,0.44
district,Bagmati,Bhaktapur,Male,6 Year,3363,3297,13,53,0,98.04,1.58,98.04,1.58,98.27,1.14,-0.23,0.44
district,Bagmati,Bhaktapur,Female,7 Year,2721,2686,7,28,0,98.71,1.03,98.77,1.08,98.71,1.03,0.06,0.05
district,Bagmati,Bhaktapur,Male,7 Year,3248,3208,5,35,0,98.77,1.08,98.77,1.08,98.71,1.03,0.06,0.05
district,Bagmati,Bhaktapur,Female,8 Year,2620,2590,7,23,0,98.85,0.88,98.96,0.64,98.85,0.88,0.11,-0.24
district,Bagmati,Bhaktapur,Male,8 Year,3276,3242,12,21,1,98.96,0.64,98.96,0.64,98.85,0.88,0.11,-0.24
district,Bagmati,Bhaktapur,Female,9 Year,2766,2735,11,20,0,98.88,0.72,98.58,0.75,98.88,0.72,-0.3,0.03
district,Bagmati,Bhaktapur,Male,9 Year,3312,3265,22,25,0,98.58,0.75,98.58,0.75,98.88,0.72,-0.3,0.03
district,Bagmati,Bhaktapur,Female,All Ages,39634,32358,6284,988,4,81.64,2.49,82.03,2.01,81.64,2.49,0.39,-0.48
district,Bagmati,Bhaktapur,Male,All Ages,46964,38526,7491,946,1,82.03,2.01,82.03,2.01,81.64,2.49,0.39,-0.48
district,Bagmati,Chitawan,Female,10 Year,5889,5371,438,78,2,91.2,1.32,90.11,1.23,91.2,1.32,-1.09,-0.09
district,Bagmati,Chitawan,Male,10 Year,6825,6150,591,84,0,90.11,1.23,90.11,1.23,91.2,1.32,-1.09,-0.09
district,Bagmati,Chitawan,Female,11 Year,5087,4823,213,51,0,94.81,1.0,93.6,1.49,94.81,1.0,-1.21,0.49
district,Bagmati,Chitawan,Male,11 Year,5778,5408,284,86,0,93.6,1.49,93.6,1.49,94.81,1.0,-1.21,0.49
district,Bagmati,Chitawan,Female,12 Year,5816,5505,224,87,0,94.65,1.5,94.51,1.34,94.65,1.5,-0.14,-0.16
district,Bagmati,Chitawan,Male,12 Year,6486,6130,269,87,0,94.51,1.34,94.51,1.34,94.65,1.5,-0.14,-0.16
district,Bagmati,Chitawan,Female,13 Year,5558,5298,196,64,0,95.32,1.15,94.3,1.3,95.32,1.15,-1.02,0.15
district,Bagmati,Chitawan,Male,13 Year,6136,5786,270,80,0,94.3,1.3,94.3,1.3,95.32,1.15,-1.02,0.15
district,Bagmati,Chitawan,Female,14 Year,5820,5484,272,64,0,94.23,1.1,92.33,1.39,94.23,1.1,-1.9,0.29
district,Bagmati,Chitawan,Male,14 Year,6353,5866,399,88,0,92.33,1.39,92.33,1.39,94.23,1.1,-1.9,0.29
district,Bagmati,Chitawan,Female,15 Year,5122,4664,381,77,0,91.06,1.5,87.92,1.83,91.06,1.5,-3.14,0.33
district,Bagmati,Chitawan,Male,15 Year,6012,5286,616,110,0,87.92,1.83,87.92,1.83,91.06,1.5,-3.14,0.33
district,Bagmati,Chitawan,Female,16 Year,3606,2971,546,89,0,82.39,2.47,78.07,3.07,82.39,2.47,-4.32,0.6
district,Bagmati,Chitawan,Male,16 Year,4424,3454,834,136,0,78.07,3.07,78.07,3.07,82.39,2.47,-4.32,0.6
district,Bagmati,Chitawan,Female,17 Year,2408,1562,739,107,0,64.87,4.44,61.29,3.66,64.87,4.44,-3.58,-0.78
district,Bagmati,Chitawan,Male,17 Year,3056,1873,1071,112,0,61.29,3.66,61.29,3.66,64.87,4.44,-3.58,-0.78
district,Bagmati,Chitawan,Female,18 Year,2414,971,1278,164,1,40.22,6.79,36.44,6.79,40.22,6.79,-3.78,0.0
district,Bagmati,Chitawan,Male,18 Year,3109,1133,1765,211,0,36.44,6.79,36.44,6.79,40.22,6.79,-3.78,0.0
district,Bagmati,Chitawan,Female,19 Year,1897,413,1344,140,0,21.77,7.38,22.28,6.66,21.77,7.38,0.51,-0.72
district,Bagmati,Chitawan,Male,19 Year,2208,492,1569,147,0,22.28,6.66,22.28,6.66,21.77,7.38,0.51,-0.72
district,Bagmati,Chitawan,Female,20 Year,2479,170,2070,239,0,6.86,9.64,5.98,8.24,6.86,9.64,-0.88,-1.4
district,Bagmati,Chitawan,Male,20 Year,2560,153,2196,211,0,5.98,8.24,5.98,8.24,6.86,9.64,-0.88,-1.4
district,Bagmati,Chitawan,Female,21 Year,2023,79,1771,173,0,3.91,8.55,3.92,6.76,3.91,8.55,0.01,-1.79
district,Bagmati,Chitawan,Male,21 Year,2041,80,1822,138,1,3.92,6.76,3.92,6.76,3.91,8.55,0.01,-1.79
district,Bagmati,Chitawan,Female,22 Year,2516,67,2206,243,0,2.66,9.66,2.82,7.99,2.66,9.66,0.16,-1.67
district,Bagmati,Chitawan,Male,22 Year,2554,72,2278,204,0,2.82,7.99,2.82,7.99,2.66,9.66,0.16,-1.67
district,Bagmati,Chitawan,Female,23 Year,2537,43,2251,243,0,1.69,9.58,1.61,7.8,1.69,9.58,-0.08,-1.78
district,Bagmati,Chitawan,Male,23 Year,2294,37,2078,179,0,1.61,7.8,1.61,7.8,1.69,9.58,-0.08,-1.78
district,Bagmati,Chitawan,Female,24 Year,2873,38,2578,257,0,1.32,8.95,1.24,7.36,1.32,8.95,-0.08,-1.59
district,Bagmati,Chitawan,Male,24 Year,2664,33,2435,196,0,1.24,7.36,1.24,7.36,1.32,8.95,-0.08,-1.59
district,Bagmati,Chitawan,Female,25 Year,3549,11,3140,397,1,0.31,11.19,0.4,9.17,0.31,11.19,0.09,-2.02
district,Bagmati,Chitawan,Male,25 Year,3000,12,2713,275,0,0.4,9.17,0.4,9.17,0.31,11.19,0.09,-2.02
district,Bagmati,Chitawan,Female,5 Year,5222,4893,18,301,10,93.7,5.76,93.06,6.42,93.7,5.76,-0.64,0.66
district,Bagmati,Chitawan,Male,5 Year,6120,5695,23,393,9,93.06,6.42,93.06,6.42,93.7,5.76,-0.64,0.66
district,Bagmati,Chitawan,Female,6 Year,5418,5226,21,171,0,96.46,3.16,96.89,2.76,96.46,3.16,0.43,-0.4
district,Bagmati,Chitawan,Male,6 Year,6271,6076,20,173,2,96.89,2.76,96.89,2.76,96.46,3.16,0.43,-0.4
district,Bagmati,Chitawan,Female,7 Year,5207,5079,29,99,0,97.54,1.9,97.43,2.19,97.54,1.9,-0.11,0.29
district,Bagmati,Chitawan,Male,7 Year,6077,5921,23,133,0,97.43,2.19,97.43,2.19,97.54,1.9,-0.11,0.29
district,Bagmati,Chitawan,Female,8 Year,5267,5167,20,80,0,98.1,1.52,97.95,1.48,98.1,1.52,-0.15,-0.04
district,Bagmati,Chitawan,Male,8 Year,6286,6157,36,93,0,97.95,1.48,97.95,1.48,98.1,1.52,-0.15,-0.04
district,Bagmati,Chitawan,Female,9 Year,5358,5248,36,73,1,97.95,1.36,98.28,1.06,97.95,1.36,0.33,-0.3
district,Bagmati,Chitawan,Male,9 Year,6295,6187,40,67,1,98.28,1.06,98.28,1.06,97.95,1.36,0.33,-0.3
district,Bagmati,Chitawan,Female,All Ages,86066,63083,19771,3197,15,73.3,3.71,74.57,3.32,73.3,3.71,1.27,-0.39
district,Bagmati,Chitawan,Male,All Ages,96549,72001,21332,3203,13,74.57,3.32,74.57,3.32,73.3,3.71,1.27,-0.39
district,Bagmati,Dhading,Female,10 Year,3009,2775,210,23,1,92.22,0.76,88.4,1.11,92.22,0.76,-3.82,0.35
district,Bagmati,Dhading,Male,10 Year,3165,2798,332,35,0,88.4,1.11,88.4,1.11,92.22,0.76,-3.82,0.35
district,Bagmati,Dhading,Female,11 Year,2762,2627,103,32,0,95.11,1.16,94.59,0.8,95.11,1.16,-0.52,-0.36
district,Bagmati,Dhading,Male,11 Year,2884,2728,133,23,0,94.59,0.8,94.59,0.8,95.11,1.16,-0.52,-0.36
district,Bagmati,Dhading,Female,12 Year,3124,2983,108,32,1,95.49,1.02,95.24,1.07,95.49,1.02,-0.25,0.05
district,Bagmati,Dhading,Male,12 Year,3278,3122,120,35,1,95.24,1.07,95.24,1.07,95.49,1.02,-0.25,0.05
district,Bagmati,Dhading,Female,13 Year,3042,2919,99,24,0,95.96,0.79,94.48,0.73,95.96,0.79,-1.48,-0.06
district,Bagmati,Dhading,Male,13 Year,3170,2995,152,23,0,94.48,0.73,94.48,0.73,95.96,0.79,-1.48,-0.06
district,Bagmati,Dhading,Female,14 Year,3310,3132,155,22,1,94.62,0.66,92.41,1.1,94.62,0.66,-2.21,0.44
district,Bagmati,Dhading,Male,14 Year,3280,3031,213,36,0,92.41,1.1,92.41,1.1,94.62,0.66,-2.21,0.44
district,Bagmati,Dhading,Female,15 Year,3061,2775,247,39,0,90.66,1.27,87.81,1.34,90.66,1.27,-2.85,0.07
district,Bagmati,Dhading,Male,15 Year,3126,2745,338,42,1,87.81,1.34,87.81,1.34,90.66,1.27,-2.85,0.07
district,Bagmati,Dhading,Female,16 Year,2396,2050,315,30,1,85.56,1.25,81.1,1.77,85.56,1.25,-4.46,0.52
district,Bagmati,Dhading,Male,16 Year,2593,2103,444,46,0,81.1,1.77,81.1,1.77,85.56,1.25,-4.46,0.52
district,Bagmati,Dhading,Female,17 Year,1586,1062,475,49,0,66.96,3.09,67.75,2.28,66.96,3.09,0.79,-0.81
district,Bagmati,Dhading,Male,17 Year,1845,1250,553,42,0,67.75,2.28,67.75,2.28,66.96,3.09,0.79,-0.81
district,Bagmati,Dhading,Female,18 Year,1548,697,772,78,1,45.03,5.04,44.61,3.75,45.03,5.04,-0.42,-1.29
district,Bagmati,Dhading,Male,18 Year,1789,798,923,67,1,44.61,3.75,44.61,3.75,45.03,5.04,-0.42,-1.29
district,Bagmati,Dhading,Female,19 Year,1145,284,793,68,0,24.8,5.94,25.2,5.71,24.8,5.94,0.4,-0.23
district,Bagmati,Dhading,Male,19 Year,1226,309,847,70,0,25.2,5.71,25.2,5.71,24.8,5.94,0.4,-0.23
district,Bagmati,Dhading,Female,20 Year,1476,99,1254,123,0,6.71,8.33,8.92,7.28,6.71,8.33,2.21,-1.05
district,Bagmati,Dhading,Male,20 Year,1402,125,1175,102,0,8.92,7.28,8.92,7.28,6.71,8.33,2.21,-1.05
district,Bagmati,Dhading,Female,21 Year,1099,41,957,101,0,3.73,9.19,4.31,6.83,3.73,9.19,0.58,-2.36
district,Bagmati,Dhading,Male,21 Year,1229,53,1092,84,0,4.31,6.83,4.31,6.83,3.73,9.19,0.58,-2.36
district,Bagmati,Dhading,Female,22 Year,1477,35,1290,152,0,2.37,10.29,2.82,6.89,2.37,10.29,0.45,-3.4
district,Bagmati,Dhading,Male,22 Year,1452,41,1311,100,0,2.82,6.89,2.82,6.89,2.37,10.29,0.45,-3.4
district,Bagmati,Dhading,Female,23 Year,1406,19,1244,142,1,1.35,10.1,1.55,7.28,1.35,10.1,0.2,-2.82
district,Bagmati,Dhading,Male,23 Year,1291,20,1177,94,0,1.55,7.28,1.55,7.28,1.35,10.1,0.2,-2.82
district,Bagmati,Dhading,Female,24 Year,1519,23,1324,172,0,1.51,11.32,0.95,8.32,1.51,11.32,-0.56,-3.0
district,Bagmati,Dhading,Male,24 Year,1466,14,1330,122,0,0.95,8.32,0.95,8.32,1.51,11.32,-0.56,-3.0
district,Bagmati,Dhading,Female,25 Year,1845,11,1580,254,0,0.6,13.77,0.39,6.21,0.6,13.77,-0.21,-7.56
district,Bagmati,Dhading,Male,25 Year,1546,6,1443,96,1,0.39,6.21,0.39,6.21,0.6,13.77,-0.21,-7.56
district,Bagmati,Dhading,Female,5 Year,2575,2394,2,178,1,92.97,6.91,93.07,6.79,92.97,6.91,0.1,-0.12
district,Bagmati,Dhading,Male,5 Year,2901,2700,3,197,1,93.07,6.79,93.07,6.79,92.97,6.91,0.1,-0.12
district,Bagmati,Dhading,Female,6 Year,2867,2753,5,109,0,96.02,3.8,96.17,3.69,96.02,3.8,0.15,-0.11
district,Bagmati,Dhading,Male,6 Year,2924,2812,1,108,3,96.17,3.69,96.17,3.69,96.02,3.8,0.15,-0.11
district,Bagmati,Dhading,Female,7 Year,2546,2494,7,44,1,97.96,1.73,97.77,2.04,97.96,1.73,-0.19,0.31
district,Bagmati,Dhading,Male,7 Year,2694,2634,5,55,0,97.77,2.04,97.77,2.04,97.96,1.73,-0.19,0.31
district,Bagmati,Dhading,Female,8 Year,2663,2622,9,32,0,98.46,1.2,98.29,1.46,98.46,1.2,-0.17,0.26
district,Bagmati,Dhading,Male,8 Year,2810,2762,6,41,1,98.29,1.46,98.29,1.46,98.46,1.2,-0.17,0.26
district,Bagmati,Dhading,Female,9 Year,2771,2734,7,30,0,98.66,1.08,98.32,0.97,98.66,1.08,-0.34,-0.11
district,Bagmati,Dhading,Male,9 Year,2797,2750,20,27,0,98.32,0.97,98.32,0.97,98.66,1.08,-0.34,-0.11
district,Bagmati,Dhading,Female,All Ages,47227,34529,10956,1734,8,73.11,3.67,73.25,2.96,73.11,3.67,0.14,-0.71
district,Bagmati,Dhading,Male,All Ages,48868,35796,11618,1445,9,73.25,2.96,73.25,2.96,73.11,3.67,0.14,-0.71
district,Bagmati,Dolakha,Female,10 Year,1505,1369,122,14,0,90.96,0.93,90.75,1.25,90.96,0.93,-0.21,0.32
district,Bagmati,Dolakha,Male,10 Year,1525,1384,122,19,0,90.75,1.25,90.75,1.25,90.96,0.93,-0.21,0.32
district,Bagmati,Dolakha,Female,11 Year,1270,1204,56,10,0,94.8,0.79,93.23,0.97,94.8,0.79,-1.57,0.18
district,Bagmati,Dolakha,Male,11 Year,1240,1156,72,12,0,93.23,0.97,93.23,0.97,94.8,0.79,-1.57,0.18
district,Bagmati,Dolakha,Female,12 Year,1640,1579,45,16,0,96.28,0.98,95.51,0.68,96.28,0.98,-0.77,-0.3
district,Bagmati,Dolakha,Male,12 Year,1627,1554,61,11,1,95.51,0.68,95.51,0.68,96.28,0.98,-0.77,-0.3
district,Bagmati,Dolakha,Female,13 Year,1623,1576,40,7,0,97.1,0.43,96.37,0.68,97.1,0.43,-0.73,0.25
district,Bagmati,Dolakha,Male,13 Year,1626,1567,48,11,0,96.37,0.68,96.37,0.68,97.1,0.43,-0.73,0.25
district,Bagmati,Dolakha,Female,14 Year,1636,1576,51,9,0,96.33,0.55,95.98,0.74,96.33,0.55,-0.35,0.19
district,Bagmati,Dolakha,Male,14 Year,1615,1550,53,12,0,95.98,0.74,95.98,0.74,96.33,0.55,-0.35,0.19
district,Bagmati,Dolakha,Female,15 Year,1605,1511,78,16,0,94.14,1.0,91.91,0.91,94.14,1.0,-2.23,-0.09
district,Bagmati,Dolakha,Male,15 Year,1532,1408,110,14,0,91.91,0.91,91.91,0.91,94.14,1.0,-2.23,-0.09
district,Bagmati,Dolakha,Female,16 Year,1161,1042,109,10,0,89.75,0.86,86.62,1.26,89.75,0.86,-3.13,0.4
district,Bagmati,Dolakha,Male,16 Year,1353,1172,164,17,0,86.62,1.26,86.62,1.26,89.75,0.86,-3.13,0.4
district,Bagmati,Dolakha,Female,17 Year,902,713,180,9,0,79.05,1.0,74.28,1.55,79.05,1.0,-4.77,0.55
district,Bagmati,Dolakha,Male,17 Year,968,719,233,15,1,74.28,1.55,74.28,1.55,79.05,1.0,-4.77,0.55
district,Bagmati,Dolakha,Female,18 Year,869,502,336,30,1,57.77,3.45,53.99,3.39,57.77,3.45,-3.78,-0.06
district,Bagmati,Dolakha,Male,18 Year,915,494,390,31,0,53.99,3.39,53.99,3.39,57.77,3.45,-3.78,-0.06
district,Bagmati,Dolakha,Female,19 Year,555,198,335,22,0,35.68,3.96,37.31,3.7,35.68,3.96,1.63,-0.26
district,Bagmati,Dolakha,Male,19 Year,595,222,351,22,0,37.31,3.7,37.31,3.7,35.68,3.96,1.63,-0.26
district,Bagmati,Dolakha,Female,20 Year,606,71,496,39,0,11.72,6.44,13.15,4.34,11.72,6.44,1.43,-2.1
district,Bagmati,Dolakha,Male,20 Year,715,94,590,31,0,13.15,4.34,13.15,4.34,11.72,6.44,1.43,-2.1
district,Bagmati,Dolakha,Female,21 Year,571,37,494,40,0,6.48,7.01,9.01,6.01,6.48,7.01,2.53,-1.0
district,Bagmati,Dolakha,Male,21 Year,566,51,481,34,0,9.01,6.01,9.01,6.01,6.48,7.01,2.53,-1.0
district,Bagmati,Dolakha,Female,22 Year,676,30,592,54,0,4.44,7.99,4.58,6.38,4.44,7.99,0.14,-1.61
district,Bagmati,Dolakha,Male,22 Year,721,33,642,46,0,4.58,6.38,4.58,6.38,4.44,7.99,0.14,-1.61
district,Bagmati,Dolakha,Female,23 Year,657,11,606,40,0,1.67,6.09,4.75,4.92,1.67,6.09,3.08,-1.17
district,Bagmati,Dolakha,Male,23 Year,569,27,514,28,0,4.75,4.92,4.75,4.92,1.67,6.09,3.08,-1.17
district,Bagmati,Dolakha,Female,24 Year,740,11,657,72,0,1.49,9.73,3.11,5.66,1.49,9.73,1.62,-4.07
district,Bagmati,Dolakha,Male,24 Year,707,22,645,40,0,3.11,5.66,3.11,5.66,1.49,9.73,1.62,-4.07
district,Bagmati,Dolakha,Female,25 Year,829,5,767,57,0,0.6,6.88,0.42,5.13,0.6,6.88,-0.18,-1.75
district,Bagmati,Dolakha,Male,25 Year,721,3,681,37,0,0.42,5.13,0.42,5.13,0.6,6.88,-0.18,-1.75
district,Bagmati,Dolakha,Female,5 Year,1288,1188,2,97,1,92.24,7.53,91.44,7.99,92.24,7.53,-0.8,0.46
district,Bagmati,Dolakha,Male,5 Year,1414,1293,3,113,5,91.44,7.99,91.44,7.99,92.24,7.53,-0.8,0.46
district,Bagmati,Dolakha,Female,6 Year,1421,1370,1,50,0,96.41,3.52,97.39,2.47,96.41,3.52,0.98,-1.05
district,Bagmati,Dolakha,Male,6 Year,1415,1378,1,35,1,97.39,2.47,97.39,2.47,96.41,3.52,0.98,-1.05
district,Bagmati,Dolakha,Female,7 Year,1315,1286,0,29,0,97.79,2.21,98.63,1.29,97.79,2.21,0.84,-0.92
district,Bagmati,Dolakha,Male,7 Year,1313,1295,1,17,0,98.63,1.29,98.63,1.29,97.79,2.21,0.84,-0.92
district,Bagmati,Dolakha,Female,8 Year,1348,1323,3,22,0,98.15,1.63,98.36,1.28,98.15,1.63,0.21,-0.35
district,Bagmati,Dolakha,Male,8 Year,1401,1378,5,18,0,98.36,1.28,98.36,1.28,98.15,1.63,0.21,-0.35
district,Bagmati,Dolakha,Female,9 Year,1384,1373,3,8,0,99.21,0.58,98.7,1.23,99.21,0.58,-0.51,0.65
district,Bagmati,Dolakha,Male,9 Year,1461,1442,1,18,0,98.7,1.23,98.7,1.23,99.21,0.58,-0.51,0.65
district,Bagmati,Dolakha,Female,All Ages,23601,17975,4973,651,2,76.16,2.76,76.01,2.42,76.16,2.76,-0.15,-0.34
district,Bagmati,Dolakha,Male,All Ages,23999,18242,5168,581,8,76.01,2.42,76.01,2.42,76.16,2.76,-0.15,-0.34
district,Bagmati,Kathmandu,Female,10 Year,13497,12574,832,91,0,93.16,0.67,93.0,0.55,93.16,0.67,-0.16,-0.12
district,Bagmati,Kathmandu,Male,10 Year,16567,15408,1067,91,1,93.0,0.55,93.0,0.55,93.16,0.67,-0.16,-0.12
district,Bagmati,Kathmandu,Female,11 Year,12281,11887,332,62,0,96.79,0.5,96.6,0.48,96.79,0.5,-0.19,-0.02
district,Bagmati,Kathmandu,Male,11 Year,14367,13878,420,69,0,96.6,0.48,96.6,0.48,96.79,0.5,-0.19,-0.02
district,Bagmati,Kathmandu,Female,12 Year,13889,13547,259,83,0,97.54,0.6,97.04,0.63,97.54,0.6,-0.5,0.03
district,Bagmati,Kathmandu,Male,12 Year,16523,16034,385,104,0,97.04,0.63,97.04,0.63,97.54,0.6,-0.5,0.03
district,Bagmati,Kathmandu,Female,13 Year,13841,13543,220,78,0,97.85,0.56,97.34,0.52,97.85,0.56,-0.51,-0.04
district,Bagmati,Kathmandu,Male,13 Year,16002,15576,342,83,1,97.34,0.52,97.34,0.52,97.85,0.56,-0.51,-0.04
district,Bagmati,Kathmandu,Female,14 Year,14585,14178,282,125,0,97.21,0.86,96.48,0.69,97.21,0.86,-0.73,-0.17
district,Bagmati,Kathmandu,Male,14 Year,16867,16273,478,116,0,96.48,0.69,96.48,0.69,97.21,0.86,-0.73,-0.17
district,Bagmati,Kathmandu,Female,15 Year,12268,11713,431,124,0,95.48,1.01,93.77,1.04,95.48,1.01,-1.71,0.03
district,Bagmati,Kathmandu,Male,15 Year,14711,13795,763,153,0,93.77,1.04,93.77,1.04,95.48,1.01,-1.71,0.03
district,Bagmati,Kathmandu,Female,16 Year,7232,6438,653,141,0,89.02,1.95,85.9,2.01,89.02,1.95,-3.12,0.06
district,Bagmati,Kathmandu,Male,16 Year,9530,8186,1152,192,0,85.9,2.01,85.9,2.01,89.02,1.95,-3.12,0.06
district,Bagmati,Kathmandu,Female,17 Year,3779,2824,812,143,0,74.73,3.78,69.01,4.37,74.73,3.78,-5.72,0.59
district,Bagmati,Kathmandu,Male,17 Year,5441,3755,1448,238,0,69.01,4.37,69.01,4.37,74.73,3.78,-5.72,0.59
district,Bagmati,Kathmandu,Female,18 Year,3597,1795,1535,267,0,49.9,7.42,44.6,7.34,49.9,7.42,-5.3,-0.08
district,Bagmati,Kathmandu,Male,18 Year,5419,2417,2603,398,1,44.6,7.34,44.6,7.34,49.9,7.42,-5.3,-0.08
district,Bagmati,Kathmandu,Female,19 Year,2549,691,1652,206,0,27.11,8.08,28.99,7.87,27.11,8.08,1.88,-0.21
district,Bagmati,Kathmandu,Male,19 Year,3470,1006,2191,273,0,28.99,7.87,28.99,7.87,27.11,8.08,1.88,-0.21
district,Bagmati,Kathmandu,Female,20 Year,3290,355,2558,377,0,10.79,11.46,12.0,9.68,10.79,11.46,1.21,-1.78
district,Bagmati,Kathmandu,Male,20 Year,4310,517,3375,417,1,12.0,9.68,12.0,9.68,10.79,11.46,1.21,-1.78
district,Bagmati,Kathmandu,Female,21 Year,2892,193,2351,348,0,6.67,12.03,7.82,9.89,6.67,12.03,1.15,-2.14
district,Bagmati,Kathmandu,Male,21 Year,3428,268,2821,339,0,7.82,9.89,7.82,9.89,6.67,12.03,1.15,-2.14
district,Bagmati,Kathmandu,Female,22 Year,3934,192,3225,517,0,4.88,13.14,5.41,9.91,4.88,13.14,0.53,-3.23
district,Bagmati,Kathmandu,Male,22 Year,4287,232,3630,425,0,5.41,9.91,5.41,9.91,4.88,13.14,0.53,-3.23
district,Bagmati,Kathmandu,Female,23 Year,4191,118,3515,558,0,2.82,13.31,5.19,9.76,2.82,13.31,2.37,-3.55
district,Bagmati,Kathmandu,Male,23 Year,4161,216,3538,406,1,5.19,9.76,5.19,9.76,2.82,13.31,2.37,-3.55
district,Bagmati,Kathmandu,Female,24 Year,4434,137,3773,524,0,3.09,11.82,3.58,10.25,3.09,11.82,0.49,-1.57
district,Bagmati,Kathmandu,Male,24 Year,4389,157,3782,450,0,3.58,10.25,3.58,10.25,3.09,11.82,0.49,-1.57
district,Bagmati,Kathmandu,Female,25 Year,5747,139,4648,960,0,2.42,16.7,2.98,12.13,2.42,16.7,0.56,-4.57
district,Bagmati,Kathmandu,Male,25 Year,5275,157,4477,640,1,2.98,12.13,2.98,12.13,2.42,16.7,0.56,-4.57
district,Bagmati,Kathmandu,Female,5 Year,12309,11812,73,415,9,95.96,3.37,95.9,3.34,95.96,3.37,-0.06,-0.03
district,Bagmati,Kathmandu,Male,5 Year,14607,14008,101,488,10,95.9,3.34,95.9,3.34,95.96,3.37,-0.06,-0.03
district,Bagmati,Kathmandu,Female,6 Year,12714,12474,70,169,1,98.11,1.33,97.59,1.75,98.11,1.33,-0.52,0.42
district,Bagmati,Kathmandu,Male,6 Year,15406,15035,97,269,5,97.59,1.75,97.59,1.75,98.11,1.33,-0.52,0.42
district,Bagmati,Kathmandu,Female,7 Year,12492,12332,60,99,1,98.72,0.79,98.57,0.82,98.72,0.79,-0.15,0.03
district,Bagmati,Kathmandu,Male,7 Year,14636,14426,86,120,4,98.57,0.82,98.57,0.82,98.72,0.79,-0.15,0.03
district,Bagmati,Kathmandu,Female,8 Year,12989,12814,79,96,0,98.65,0.74,98.63,0.75,98.65,0.74,-0.02,0.01
district,Bagmati,Kathmandu,Male,8 Year,15643,15428,98,117,0,98.63,0.75,98.63,0.75,98.65,0.74,-0.02,0.01
district,Bagmati,Kathmandu,Female,9 Year,12322,12157,92,73,0,98.66,0.59,98.66,0.62,98.66,0.59,0.0,0.03
district,Bagmati,Kathmandu,Male,9 Year,14994,14793,107,93,1,98.66,0.62,98.66,0.62,98.66,0.59,0.0,0.03
district,Bagmati,Kathmandu,Female,All Ages,184832,151913,27452,5456,11,82.19,2.95,82.52,2.49,82.19,2.95,0.33,-0.46
district,Bagmati,Kathmandu,Male,All Ages,220033,181565,32961,5481,26,82.52,2.49,82.52,2.49,82.19,2.95,0.33,-0.46
district,Bagmati,Kavrepalanchok,Female,10 Year,2797,2571,206,20,0,91.92,0.72,91.48,0.68,91.92,0.72,-0.44,-0.04
district,Bagmati,Kavrepalanchok,Male,10 Year,3100,2836,243,21,0,91.48,0.68,91.48,0.68,91.92,0.72,-0.44,-0.04
district,Bagmati,Kavrepalanchok,Female,11 Year,2661,2521,118,22,0,94.74,0.83,93.75,0.86,94.74,0.83,-0.99,0.03
district,Bagmati,Kavrepalanchok,Male,11 Year,2690,2522,145,23,0,93.75,0.86,93.75,0.86,94.74,0.83,-0.99,0.03
district,Bagmati,Kavrepalanchok,Female,12 Year,3088,2989,78,21,0,96.79,0.68,95.22,1.08,96.79,0.68,-1.57,0.4
district,Bagmati,Kavrepalanchok,Male,12 Year,3161,3010,117,34,0,95.22,1.08,95.22,1.08,96.79,0.68,-1.57,0.4
district,Bagmati,Kavrepalanchok,Female,13 Year,3045,2912,109,24,0,95.63,0.79,95.47,0.78,95.63,0.79,-0.16,-0.01
district,Bagmati,Kavrepalanchok,Male,13 Year,3200,3055,120,25,0,95.47,0.78,95.47,0.78,95.63,0.79,-0.16,-0.01
district,Bagmati,Kavrepalanchok,Female,14 Year,3228,3055,149,24,0,94.64,0.74,92.87,0.9,94.64,0.74,-1.77,0.16
district,Bagmati,Kavrepalanchok,Male,14 Year,3100,2879,193,28,0,92.87,0.9,92.87,0.9,94.64,0.74,-1.77,0.16
district,Bagmati,Kavrepalanchok,Female,15 Year,3056,2822,202,32,0,92.34,1.05,90.19,1.24,92.34,1.05,-2.15,0.19
district,Bagmati,Kavrepalanchok,Male,15 Year,3069,2768,262,38,1,90.19,1.24,90.19,1.24,92.34,1.05,-2.15,0.19
district,Bagmati,Kavrepalanchok,Female,16 Year,2212,1908,268,36,0,86.26,1.63,83.48,1.97,86.26,1.63,-2.78,0.34
district,Bagmati,Kavrepalanchok,Male,16 Year,2391,1996,348,47,0,83.48,1.97,83.48,1.97,86.26,1.63,-2.78,0.34
district,Bagmati,Kavrepalanchok,Female,17 Year,1320,941,348,31,0,71.29,2.35,66.88,2.88,71.29,2.35,-4.41,0.53
district,Bagmati,Kavrepalanchok,Male,17 Year,1600,1070,484,46,0,66.88,2.88,66.88,2.88,71.29,2.35,-4.41,0.53
district,Bagmati,Kavrepalanchok,Female,18 Year,1217,574,595,48,0,47.17,3.94,44.7,3.84,47.17,3.94,-2.47,-0.1
district,Bagmati,Kavrepalanchok,Male,18 Year,1640,733,843,63,1,44.7,3.84,44.7,3.84,47.17,3.94,-2.47,-0.1
district,Bagmati,Kavrepalanchok,Female,19 Year,917,196,664,57,0,21.37,6.22,27.02,4.58,21.37,6.22,5.65,-1.64
district,Bagmati,Kavrepalanchok,Male,19 Year,1114,301,762,51,0,27.02,4.58,27.02,4.58,21.37,6.22,5.65,-1.64
district,Bagmati,Kavrepalanchok,Female,20 Year,1167,103,977,87,0,8.83,7.46,9.58,5.73,8.83,7.46,0.75,-1.73
district,Bagmati,Kavrepalanchok,Male,20 Year,1326,127,1123,76,0,9.58,5.73,9.58,5.73,8.83,7.46,0.75,-1.73
district,Bagmati,Kavrepalanchok,Female,21 Year,1022,55,886,81,0,5.38,7.93,4.86,5.79,5.38,7.93,-0.52,-2.14
district,Bagmati,Kavrepalanchok,Male,21 Year,1070,52,955,62,1,4.86,5.79,4.86,5.79,5.38,7.93,-0.52,-2.14
district,Bagmati,Kavrepalanchok,Female,22 Year,1241,35,1071,135,0,2.82,10.88,3.54,7.16,2.82,10.88,0.72,-3.72
district,Bagmati,Kavrepalanchok,Male,22 Year,1271,45,1135,91,0,3.54,7.16,3.54,7.16,2.82,10.88,0.72,-3.72
district,Bagmati,Kavrepalanchok,Female,23 Year,1248,13,1081,154,0,1.04,12.34,1.91,6.61,1.04,12.34,0.87,-5.73
district,Bagmati,Kavrepalanchok,Male,23 Year,1150,22,1052,76,0,1.91,6.61,1.91,6.61,1.04,12.34,0.87,-5.73
district,Bagmati,Kavrepalanchok,Female,24 Year,1403,21,1227,155,0,1.5,11.05,1.53,6.03,1.5,11.05,0.03,-5.02
district,Bagmati,Kavrepalanchok,Male,24 Year,1311,20,1212,79,0,1.53,6.03,1.53,6.03,1.5,11.05,0.03,-5.02
district,Bagmati,Kavrepalanchok,Female,25 Year,1531,12,1327,192,0,0.78,12.54,0.55,6.25,0.78,12.54,-0.23,-6.29
district,Bagmati,Kavrepalanchok,Male,25 Year,1455,8,1356,91,0,0.55,6.25,0.55,6.25,0.78,12.54,-0.23,-6.29
district,Bagmati,Kavrepalanchok,Female,5 Year,2599,2432,3,163,1,93.57,6.27,92.28,7.51,93.57,6.27,-1.29,1.24
district,Bagmati,Kavrepalanchok,Male,5 Year,2942,2715,5,221,1,92.28,7.51,92.28,7.51,93.57,6.27,-1.29,1.24
district,Bagmati,Kavrepalanchok,Female,6 Year,2643,2568,3,72,0,97.16,2.72,96.83,2.97,97.16,2.72,-0.33,0.25
district,Bagmati,Kavrepalanchok,Male,6 Year,2964,2870,6,88,0,96.83,2.97,96.83,2.97,97.16,2.72,-0.33,0.25
district,Bagmati,Kavrepalanchok,Female,7 Year,2372,2326,6,40,0,98.06,1.69,97.66,2.23,98.06,1.69,-0.4,0.54
district,Bagmati,Kavrepalanchok,Male,7 Year,2604,2543,3,58,0,97.66,2.23,97.66,2.23,98.06,1.69,-0.4,0.54
district,Bagmati,Kavrepalanchok,Female,8 Year,2643,2599,14,30,0,98.34,1.14,98.59,1.14,98.34,1.14,0.25,0.0
district,Bagmati,Kavrepalanchok,Male,8 Year,2905,2864,8,33,0,98.59,1.14,98.59,1.14,98.34,1.14,0.25,0.0
district,Bagmati,Kavrepalanchok,Female,9 Year,2752,2716,10,26,0,98.69,0.94,98.53,0.91,98.69,0.94,-0.16,-0.03
district,Bagmati,Kavrepalanchok,Male,9 Year,2855,2813,16,26,0,98.53,0.91,98.53,0.91,98.69,0.94,-0.16,-0.03
district,Bagmati,Kavrepalanchok,Female,All Ages,44162,33369,9342,1450,1,75.56,3.28,75.13,2.72,75.56,3.28,-0.43,-0.56
district,Bagmati,Kavrepalanchok,Male,All Ages,46918,35249,10388,1277,4,75.13,2.72,75.13,2.72,75.56,3.28,-0.43,-0.56
district,Bagmati,Lalitpur,Female,10 Year,3644,3368,246,29,1,92.43,0.8,90.98,0.8,92.43,0.8,-1.45,0.0
district,Bagmati,Lalitpur,Male,10 Year,4381,3986,360,35,0,90.98,0.8,90.98,0.8,92.43,0.8,-1.45,0.0
district,Bagmati,Lalitpur,Female,11 Year,3274,3138,113,23,0,95.85,0.7,95.02,0.94,95.85,0.7,-0.83,0.24
district,Bagmati,Lalitpur,Male,11 Year,3936,3740,159,37,0,95.02,0.94,95.02,0.94,95.85,0.7,-0.83,0.24
district,Bagmati,Lalitpur,Female,12 Year,3798,3678,94,26,0,96.84,0.68,95.74,0.74,96.84,0.68,-1.1,0.06
district,Bagmati,Lalitpur,Male,12 Year,4340,4155,152,32,1,95.74,0.74,95.74,0.74,96.84,0.68,-1.1,0.06
district,Bagmati,Lalitpur,Female,13 Year,3985,3862,99,24,0,96.91,0.6,95.31,0.79,96.91,0.6,-1.6,0.19
district,Bagmati,Lalitpur,Male,13 Year,4288,4087,167,34,0,95.31,0.79,95.31,0.79,96.91,0.6,-1.6,0.19
district,Bagmati,Lalitpur,Female,14 Year,4055,3900,129,26,0,96.18,0.64,95.23,0.76,96.18,0.64,-0.95,0.12
district,Bagmati,Lalitpur,Male,14 Year,4216,4015,168,32,1,95.23,0.76,95.23,0.76,96.18,0.64,-0.95,0.12
district,Bagmati,Lalitpur,Female,15 Year,3759,3566,152,40,1,94.87,1.06,92.43,0.92,94.87,1.06,-2.44,-0.14
district,Bagmati,Lalitpur,Male,15 Year,4136,3823,275,38,0,92.43,0.92,92.43,0.92,94.87,1.06,-2.44,-0.14
district,Bagmati,Lalitpur,Female,16 Year,2499,2277,191,30,1,91.12,1.2,87.9,1.34,91.12,1.2,-3.22,0.14
district,Bagmati,Lalitpur,Male,16 Year,2843,2499,306,38,0,87.9,1.34,87.9,1.34,91.12,1.2,-3.22,0.14
district,Bagmati,Lalitpur,Female,17 Year,1395,1102,268,25,0,79.0,1.79,73.44,3.01,79.0,1.79,-5.56,1.22
district,Bagmati,Lalitpur,Male,17 Year,1758,1291,414,53,0,73.44,3.01,73.44,3.01,79.0,1.79,-5.56,1.22
district,Bagmati,Lalitpur,Female,18 Year,1163,626,477,60,0,53.83,5.16,48.23,4.59,53.83,5.16,-5.6,-0.57
district,Bagmati,Lalitpur,Male,18 Year,1613,778,761,74,0,48.23,4.59,48.23,4.59,53.83,5.16,-5.6,-0.57
district,Bagmati,Lalitpur,Female,19 Year,837,271,512,54,0,32.38,6.45,29.75,7.29,32.38,6.45,-2.63,0.84
district,Bagmati,Lalitpur,Male,19 Year,1042,310,656,76,0,29.75,7.29,29.75,7.29,32.38,6.45,-2.63,0.84
district,Bagmati,Lalitpur,Female,20 Year,1125,132,883,110,0,11.73,9.78,12.52,8.73,11.73,9.78,0.79,-1.05
district,Bagmati,Lalitpur,Male,20 Year,1294,162,1017,113,2,12.52,8.73,12.52,8.73,11.73,9.78,0.79,-1.05
district,Bagmati,Lalitpur,Female,21 Year,879,58,735,86,0,6.6,9.78,6.8,7.74,6.6,9.78,0.2,-2.04
district,Bagmati,Lalitpur,Male,21 Year,1073,73,917,83,0,6.8,7.74,6.8,7.74,6.6,9.78,0.2,-2.04
district,Bagmati,Lalitpur,Female,22 Year,1211,52,1042,117,0,4.29,9.66,3.88,7.07,4.29,9.66,-0.41,-2.59
district,Bagmati,Lalitpur,Male,22 Year,1442,56,1284,102,0,3.88,7.07,3.88,7.07,4.29,9.66,-0.41,-2.59
district,Bagmati,Lalitpur,Female,23 Year,1148,29,999,120,0,2.53,10.45,3.2,7.35,2.53,10.45,0.67,-3.1
district,Bagmati,Lalitpur,Male,23 Year,1251,40,1119,92,0,3.2,7.35,3.2,7.35,2.53,10.45,0.67,-3.1
district,Bagmati,Lalitpur,Female,24 Year,1372,24,1186,160,2,1.75,11.66,2.05,7.39,1.75,11.66,0.3,-4.27
district,Bagmati,Lalitpur,Male,24 Year,1366,28,1237,101,0,2.05,7.39,2.05,7.39,1.75,11.66,0.3,-4.27
district,Bagmati,Lalitpur,Female,25 Year,1723,16,1496,211,0,0.93,12.25,0.56,9.71,0.93,12.25,-0.37,-2.54
district,Bagmati,Lalitpur,Male,25 Year,1596,9,1432,155,0,0.56,9.71,0.56,9.71,0.93,12.25,-0.37,-2.54
district,Bagmati,Lalitpur,Female,5 Year,3315,3132,13,169,1,94.48,5.1,94.72,4.98,94.48,5.1,0.24,-0.12
district,Bagmati,Lalitpur,Male,5 Year,3753,3555,11,187,0,94.72,4.98,94.72,4.98,94.48,5.1,0.24,-0.12
district,Bagmati,Lalitpur,Female,6 Year,3509,3405,18,86,0,97.04,2.45,97.94,1.78,97.04,2.45,0.9,-0.67
district,Bagmati,Lalitpur,Male,6 Year,3925,3844,11,70,0,97.94,1.78,97.94,1.78,97.04,2.45,0.9,-0.67
district,Bagmati,Lalitpur,Female,7 Year,3292,3241,6,45,0,98.45,1.37,98.35,1.19,98.45,1.37,-0.1,-0.18
district,Bagmati,Lalitpur,Male,7 Year,3767,3705,17,45,0,98.35,1.19,98.35,1.19,98.45,1.37,-0.1,-0.18
district,Bagmati,Lalitpur,Female,8 Year,3449,3404,16,29,0,98.7,0.84,98.58,1.14,98.7,0.84,-0.12,0.3
district,Bagmati,Lalitpur,Male,8 Year,3874,3819,11,44,0,98.58,1.14,98.58,1.14,98.7,0.84,-0.12,0.3
district,Bagmati,Lalitpur,Female,9 Year,3305,3261,18,26,0,98.67,0.79,98.74,0.56,98.67,0.79,0.07,-0.23
district,Bagmati,Lalitpur,Male,9 Year,3902,3853,27,22,0,98.74,0.56,98.74,0.56,98.67,0.79,0.07,-0.23
district,Bagmati,Lalitpur,Female,All Ages,52737,42542,8693,1496,6,80.67,2.84,79.99,2.45,80.67,2.84,-0.68,-0.39
district,Bagmati,Lalitpur,Male,All Ages,59796,47828,10501,1463,4,79.99,2.45,79.99,2.45,80.67,2.84,-0.68,-0.39
district,Bagmati,Makwanpur,Female,10 Year,4285,3848,338,99,0,89.8,2.31,88.56,2.06,89.8,2.31,-1.24,-0.25
district,Bagmati,Makwanpur,Male,10 Year,4570,4047,429,94,0,88.56,2.06,88.56,2.06,89.8,2.31,-1.24,-0.25
district,Bagmati,Makwanpur,Female,11 Year,3719,3467,179,73,0,93.22,1.96,91.66,1.82,93.22,1.96,-1.56,-0.14
district,Bagmati,Makwanpur,Male,11 Year,3849,3528,251,70,0,91.66,1.82,91.66,1.82,93.22,1.96,-1.56,-0.14
district,Bagmati,Makwanpur,Female,12 Year,4404,4106,218,80,0,93.23,1.82,91.65,2.49,93.23,1.82,-1.58,0.67
district,Bagmati,Makwanpur,Male,12 Year,4705,4312,276,117,0,91.65,2.49,91.65,2.49,93.23,1.82,-1.58,0.67
district,Bagmati,Makwanpur,Female,13 Year,4302,3988,242,72,0,92.7,1.67,89.73,2.08,92.7,1.67,-2.97,0.41
district,Bagmati,Makwanpur,Male,13 Year,4275,3836,350,89,0,89.73,2.08,89.73,2.08,92.7,1.67,-2.97,0.41
district,Bagmati,Makwanpur,Female,14 Year,4459,4042,337,80,0,90.65,1.79,85.95,2.34,90.65,1.79,-4.7,0.55
district,Bagmati,Makwanpur,Male,14 Year,4357,3745,510,102,0,85.95,2.34,85.95,2.34,90.65,1.79,-4.7,0.55
district,Bagmati,Makwanpur,Female,15 Year,4206,3553,548,105,0,84.47,2.5,77.9,2.96,84.47,2.5,-6.57,0.46
district,Bagmati,Makwanpur,Male,15 Year,4352,3390,833,129,0,77.9,2.96,77.9,2.96,84.47,2.5,-6.57,0.46
district,Bagmati,Makwanpur,Female,16 Year,3387,2561,714,112,0,75.61,3.31,67.13,3.27,75.61,3.31,-8.48,-0.04
district,Bagmati,Makwanpur,Male,16 Year,3794,2547,1123,124,0,67.13,3.27,67.13,3.27,75.61,3.31,-8.48,-0.04
district,Bagmati,Makwanpur,Female,17 Year,2482,1454,913,114,1,58.58,4.59,53.16,3.87,58.58,4.59,-5.42,-0.72
district,Bagmati,Makwanpur,Male,17 Year,2891,1537,1242,112,0,53.16,3.87,53.16,3.87,58.58,4.59,-5.42,-0.72
district,Bagmati,Makwanpur,Female,18 Year,2550,908,1482,160,0,35.61,6.27,30.48,5.7,35.61,6.27,-5.13,-0.57
district,Bagmati,Makwanpur,Male,18 Year,3245,989,2071,185,0,30.48,5.7,30.48,5.7,35.61,6.27,-5.13,-0.57
district,Bagmati,Makwanpur,Female,19 Year,2174,440,1572,162,0,20.24,7.45,17.77,5.81,20.24,7.45,-2.47,-1.64
district,Bagmati,Makwanpur,Male,19 Year,2532,450,1934,147,1,17.77,5.81,17.77,5.81,20.24,7.45,-2.47,-1.64
district,Bagmati,Makwanpur,Female,20 Year,2617,157,2200,260,0,6.0,9.94,5.96,6.59,6.0,9.94,-0.04,-3.35
district,Bagmati,Makwanpur,Male,20 Year,2884,172,2522,190,0,5.96,6.59,5.96,6.59,6.0,9.94,-0.04,-3.35
district,Bagmati,Makwanpur,Female,21 Year,2165,52,1878,235,0,2.4,10.85,2.96,6.2,2.4,10.85,0.56,-4.65
district,Bagmati,Makwanpur,Male,21 Year,2469,73,2243,153,0,2.96,6.2,2.96,6.2,2.4,10.85,0.56,-4.65
district,Bagmati,Makwanpur,Female,22 Year,2588,40,2269,279,0,1.55,10.78,1.81,8.41,1.55,10.78,0.26,-2.37
district,Bagmati,Makwanpur,Male,22 Year,2879,52,2585,242,0,1.81,8.41,1.81,8.41,1.55,10.78,0.26,-2.37
district,Bagmati,Makwanpur,Female,23 Year,2422,34,2130,257,1,1.4,10.61,1.24,6.57,1.4,10.61,-0.16,-4.04
district,Bagmati,Makwanpur,Male,23 Year,2421,30,2232,159,0,1.24,6.57,1.24,6.57,1.4,10.61,-0.16,-4.04
district,Bagmati,Makwanpur,Female,24 Year,2553,31,2256,265,1,1.21,10.38,0.81,8.32,1.21,10.38,-0.4,-2.06
district,Bagmati,Makwanpur,Male,24 Year,2597,21,2360,216,0,0.81,8.32,0.81,8.32,1.21,10.38,-0.4,-2.06
district,Bagmati,Makwanpur,Female,25 Year,2869,4,2501,364,0,0.14,12.69,0.2,8.25,0.14,12.69,0.06,-4.44
district,Bagmati,Makwanpur,Male,25 Year,2932,6,2684,242,0,0.2,8.25,0.2,8.25,0.14,12.69,0.06,-4.44
district,Bagmati,Makwanpur,Female,5 Year,3852,3491,13,347,1,90.63,9.01,91.22,8.34,90.63,9.01,0.59,-0.67
district,Bagmati,Makwanpur,Male,5 Year,4111,3750,17,343,1,91.22,8.34,91.22,8.34,90.63,9.01,0.59,-0.67
district,Bagmati,Makwanpur,Female,6 Year,3935,3720,18,197,0,94.54,5.01,93.85,5.74,94.54,5.01,-0.69,0.73
district,Bagmati,Makwanpur,Male,6 Year,4306,4041,18,247,0,93.85,5.74,93.85,5.74,94.54,5.01,-0.69,0.73
district,Bagmati,Makwanpur,Female,7 Year,3723,3568,20,135,0,95.84,3.63,96.1,3.42,95.84,3.63,0.26,-0.21
district,Bagmati,Makwanpur,Male,7 Year,3923,3770,19,134,0,96.1,3.42,96.1,3.42,95.84,3.63,0.26,-0.21
district,Bagmati,Makwanpur,Female,8 Year,3864,3717,30,117,0,96.2,3.03,96.7,2.85,96.2,3.03,0.5,-0.18
district,Bagmati,Makwanpur,Male,8 Year,4242,4102,19,121,0,96.7,2.85,96.7,2.85,96.2,3.03,0.5,-0.18
district,Bagmati,Makwanpur,Female,9 Year,4017,3888,40,89,0,96.79,2.22,96.66,2.45,96.79,2.22,-0.13,0.23
district,Bagmati,Makwanpur,Male,9 Year,4165,4026,37,102,0,96.66,2.45,96.66,2.45,96.79,2.22,-0.13,0.23
district,Bagmati,Makwanpur,Female,All Ages,70573,47069,19898,3602,4,66.7,5.1,64.14,4.39,66.7,5.1,-2.56,-0.71
district,Bagmati,Makwanpur,Male,All Ages,75499,48424,23755,3318,2,64.14,4.39,64.14,4.39,66.7,5.1,-2.56,-0.71
district,Bagmati,Nuwakot,Female,10 Year,2407,2202,177,28,0,91.48,1.16,89.83,0.92,91.48,1.16,-1.65,-0.24
district,Bagmati,Nuwakot,Male,10 Year,2507,2252,231,23,1,89.83,0.92,89.83,0.92,91.48,1.16,-1.65,-0.24
district,Bagmati,Nuwakot,Female,11 Year,2116,1998,100,18,0,94.42,0.85,93.44,1.44,94.42,0.85,-0.98,0.59
district,Bagmati,Nuwakot,Male,11 Year,2148,2007,110,31,0,93.44,1.44,93.44,1.44,94.42,0.85,-0.98,0.59
district,Bagmati,Nuwakot,Female,12 Year,2505,2411,73,21,0,96.25,0.84,96.0,1.15,96.25,0.84,-0.25,0.31
district,Bagmati,Nuwakot,Male,12 Year,2427,2330,69,28,0,96.0,1.15,96.0,1.15,96.25,0.84,-0.25,0.31
district,Bagmati,Nuwakot,Female,13 Year,2392,2291,81,20,0,95.78,0.84,95.46,0.64,95.78,0.84,-0.32,-0.2
district,Bagmati,Nuwakot,Male,13 Year,2356,2249,92,15,0,95.46,0.64,95.46,0.64,95.78,0.84,-0.32,-0.2
district,Bagmati,Nuwakot,Female,14 Year,2417,2315,86,16,0,95.78,0.66,93.67,0.96,95.78,0.66,-2.11,0.3
district,Bagmati,Nuwakot,Male,14 Year,2402,2250,129,23,0,93.67,0.96,93.67,0.96,95.78,0.66,-2.11,0.3
district,Bagmati,Nuwakot,Female,15 Year,2308,2115,167,26,0,91.64,1.13,87.56,0.95,91.64,1.13,-4.08,-0.18
district,Bagmati,Nuwakot,Male,15 Year,2308,2021,265,22,0,87.56,0.95,87.56,0.95,91.64,1.13,-4.08,-0.18
district,Bagmati,Nuwakot,Female,16 Year,1840,1581,226,33,0,85.92,1.79,79.72,2.43,85.92,1.79,-6.2,0.64
district,Bagmati,Nuwakot,Male,16 Year,1977,1576,353,48,0,79.72,2.43,79.72,2.43,85.92,1.79,-6.2,0.64
district,Bagmati,Nuwakot,Female,17 Year,1279,899,343,37,0,70.29,2.89,66.27,2.88,70.29,2.89,-4.02,-0.01
district,Bagmati,Nuwakot,Male,17 Year,1355,898,418,39,0,66.27,2.88,66.27,2.88,70.29,2.89,-4.02,-0.01
district,Bagmati,Nuwakot,Female,18 Year,1200,528,614,58,0,44.0,4.83,45.26,3.97,44.0,4.83,1.26,-0.86
district,Bagmati,Nuwakot,Male,18 Year,1434,649,728,57,0,45.26,3.97,45.26,3.97,44.0,4.83,1.26,-0.86
district,Bagmati,Nuwakot,Female,19 Year,840,190,583,66,1,22.62,7.86,23.46,4.82,22.62,7.86,0.84,-3.04
district,Bagmati,Nuwakot,Male,19 Year,912,214,654,44,0,23.46,4.82,23.46,4.82,22.62,7.86,0.84,-3.04
district,Bagmati,Nuwakot,Female,20 Year,1196,84,985,126,1,7.02,10.54,7.3,7.7,7.02,10.54,0.28,-2.84
district,Bagmati,Nuwakot,Male,20 Year,1247,91,1060,96,0,7.3,7.7,7.3,7.7,7.02,10.54,0.28,-2.84
district,Bagmati,Nuwakot,Female,21 Year,1003,30,881,92,0,2.99,9.17,3.24,6.39,2.99,9.17,0.25,-2.78
district,Bagmati,Nuwakot,Male,21 Year,1080,35,976,69,0,3.24,6.39,3.24,6.39,2.99,9.17,0.25,-2.78
district,Bagmati,Nuwakot,Female,22 Year,1184,25,1030,129,0,2.11,10.9,2.33,8.43,2.11,10.9,0.22,-2.47
district,Bagmati,Nuwakot,Male,22 Year,1245,29,1111,105,0,2.33,8.43,2.33,8.43,2.11,10.9,0.22,-2.47
district,Bagmati,Nuwakot,Female,23 Year,1092,17,951,124,0,1.56,11.36,2.15,8.02,1.56,11.36,0.59,-3.34
district,Bagmati,Nuwakot,Male,23 Year,1023,22,919,82,0,2.15,8.02,2.15,8.02,1.56,11.36,0.59,-3.34
district,Bagmati,Nuwakot,Female,24 Year,1302,22,1090,189,1,1.69,14.52,1.72,10.09,1.69,14.52,0.03,-4.43
district,Bagmati,Nuwakot,Male,24 Year,1160,20,1022,117,1,1.72,10.09,1.72,10.09,1.69,14.52,0.03,-4.43
district,Bagmati,Nuwakot,Female,25 Year,1411,8,1161,242,0,0.57,17.15,0.55,10.28,0.57,17.15,-0.02,-6.87
district,Bagmati,Nuwakot,Male,25 Year,1265,7,1128,130,0,0.55,10.28,0.55,10.28,0.57,17.15,-0.02,-6.87
district,Bagmati,Nuwakot,Female,5 Year,2001,1850,5,145,1,92.45,7.25,91.91,7.64,92.45,7.25,-0.54,0.39
district,Bagmati,Nuwakot,Male,5 Year,2187,2010,5,167,5,91.91,7.64,91.91,7.64,92.45,7.25,-0.54,0.39
district,Bagmati,Nuwakot,Female,6 Year,2222,2153,4,62,3,96.89,2.79,97.65,2.26,96.89,2.79,0.76,-0.53
district,Bagmati,Nuwakot,Male,6 Year,2296,2242,1,52,1,97.65,2.26,97.65,2.26,96.89,2.79,0.76,-0.53
district,Bagmati,Nuwakot,Female,7 Year,2075,2035,3,37,0,98.07,1.78,98.03,1.88,98.07,1.78,-0.04,0.1
district,Bagmati,Nuwakot,Male,7 Year,2076,2035,2,39,0,98.03,1.88,98.03,1.88,98.07,1.78,-0.04,0.1
district,Bagmati,Nuwakot,Female,8 Year,2200,2178,7,15,0,99.0,0.68,98.75,1.21,99.0,0.68,-0.25,0.53
district,Bagmati,Nuwakot,Male,8 Year,2152,2125,1,26,0,98.75,1.21,98.75,1.21,99.0,0.68,-0.25,0.53
district,Bagmati,Nuwakot,Female,9 Year,2208,2181,3,24,0,98.78,1.09,98.27,1.28,98.78,1.09,-0.51,0.19
district,Bagmati,Nuwakot,Male,9 Year,2258,2219,10,29,0,98.27,1.28,98.27,1.28,98.78,1.09,-0.51,0.19
district,Bagmati,Nuwakot,Female,All Ages,37198,27113,8570,1508,7,72.89,4.05,72.14,3.28,72.89,4.05,-0.75,-0.77
district,Bagmati,Nuwakot,Male,All Ages,37815,27281,9284,1242,8,72.14,3.28,72.14,3.28,72.89,4.05,-0.75,-0.77
district,Bagmati,Ramechhap,Female,10 Year,1549,1405,128,16,0,90.7,1.03,90.58,1.14,90.7,1.03,-0.12,0.11
district,Bagmati,Ramechhap,Male,10 Year,1486,1346,123,17,0,90.58,1.14,90.58,1.14,90.7,1.03,-0.12,0.11
district,Bagmati,Ramechhap,Female,11 Year,1389,1319,58,12,0,94.96,0.86,93.14,1.22,94.96,0.86,-1.82,0.36
district,Bagmati,Ramechhap,Male,11 Year,1311,1221,74,16,0,93.14,1.22,93.14,1.22,94.96,0.86,-1.82,0.36
district,Bagmati,Ramechhap,Female,12 Year,1675,1609,50,16,0,96.06,0.96,95.19,1.14,96.06,0.96,-0.87,0.18
district,Bagmati,Ramechhap,Male,12 Year,1662,1582,61,19,0,95.19,1.14,95.19,1.14,96.06,0.96,-0.87,0.18
district,Bagmati,Ramechhap,Female,13 Year,1768,1690,53,25,0,95.59,1.41,95.88,0.94,95.59,1.41,0.29,-0.47
district,Bagmati,Ramechhap,Male,13 Year,1600,1534,51,15,0,95.88,0.94,95.88,0.94,95.59,1.41,0.29,-0.47
district,Bagmati,Ramechhap,Female,14 Year,1799,1715,65,19,0,95.33,1.06,94.9,1.23,95.33,1.06,-0.43,0.17
district,Bagmati,Ramechhap,Male,14 Year,1783,1692,69,22,0,94.9,1.23,94.9,1.23,95.33,1.06,-0.43,0.17
district,Bagmati,Ramechhap,Female,15 Year,1785,1683,75,26,1,94.29,1.46,90.21,1.36,94.29,1.46,-4.08,-0.1
district,Bagmati,Ramechhap,Male,15 Year,1685,1520,142,23,0,90.21,1.36,90.21,1.36,94.29,1.46,-4.08,-0.1
district,Bagmati,Ramechhap,Female,16 Year,1276,1101,155,20,0,86.29,1.57,86.5,1.51,86.29,1.57,0.21,-0.06
district,Bagmati,Ramechhap,Male,16 Year,1393,1205,167,21,0,86.5,1.51,86.5,1.51,86.29,1.57,0.21,-0.06
district,Bagmati,Ramechhap,Female,17 Year,816,601,195,20,0,73.65,2.45,70.77,3.24,73.65,2.45,-2.88,0.79
district,Bagmati,Ramechhap,Male,17 Year,927,656,241,30,0,70.77,3.24,70.77,3.24,73.65,2.45,-2.88,0.79
district,Bagmati,Ramechhap,Female,18 Year,820,418,366,35,1,50.98,4.27,51.97,4.24,50.98,4.27,0.99,-0.03
district,Bagmati,Ramechhap,Male,18 Year,966,502,423,41,0,51.97,4.24,51.97,4.24,50.98,4.27,0.99,-0.03
district,Bagmati,Ramechhap,Female,19 Year,585,188,367,30,0,32.14,5.13,31.78,4.97,32.14,5.13,-0.36,-0.16
district,Bagmati,Ramechhap,Male,19 Year,664,211,420,33,0,31.78,4.97,31.78,4.97,32.14,5.13,-0.36,-0.16
district,Bagmati,Ramechhap,Female,20 Year,767,66,654,47,0,8.6,6.13,10.52,5.33,8.6,6.13,1.92,-0.8
district,Bagmati,Ramechhap,Male,20 Year,732,77,616,39,0,10.52,5.33,10.52,5.33,8.6,6.13,1.92,-0.8
district,Bagmati,Ramechhap,Female,21 Year,638,34,558,46,0,5.33,7.21,5.74,5.9,5.33,7.21,0.41,-1.31
district,Bagmati,Ramechhap,Male,21 Year,627,36,553,37,1,5.74,5.9,5.74,5.9,5.33,7.21,0.41,-1.31
district,Bagmati,Ramechhap,Female,22 Year,837,22,746,69,0,2.63,8.24,4.69,7.17,2.63,8.24,2.06,-1.07
district,Bagmati,Ramechhap,Male,22 Year,767,36,676,55,0,4.69,7.17,4.69,7.17,2.63,8.24,2.06,-1.07
district,Bagmati,Ramechhap,Female,23 Year,775,15,699,61,0,1.94,7.87,3.24,4.65,1.94,7.87,1.3,-3.22
district,Bagmati,Ramechhap,Male,23 Year,709,23,653,33,0,3.24,4.65,3.24,4.65,1.94,7.87,1.3,-3.22
district,Bagmati,Ramechhap,Female,24 Year,794,14,716,64,0,1.76,8.06,3.25,5.38,1.76,8.06,1.49,-2.68
district,Bagmati,Ramechhap,Male,24 Year,799,26,730,43,0,3.25,5.38,3.25,5.38,1.76,8.06,1.49,-2.68
district,Bagmati,Ramechhap,Female,25 Year,882,5,757,120,0,0.57,13.61,0.0,6.03,0.57,13.61,-0.57,-7.58
district,Bagmati,Ramechhap,Male,25 Year,813,0,764,49,0,0.0,6.03,0.0,6.03,0.57,13.61,-0.57,-7.58
district,Bagmati,Ramechhap,Female,5 Year,1218,1105,6,106,1,90.72,8.7,92.54,7.23,90.72,8.7,1.82,-1.47
district,Bagmati,Ramechhap,Male,5 Year,1300,1203,2,94,1,92.54,7.23,92.54,7.23,90.72,8.7,1.82,-1.47
district,Bagmati,Ramechhap,Female,6 Year,1283,1244,4,35,0,96.96,2.73,95.78,3.85,96.96,2.73,-1.18,1.12
district,Bagmati,Ramechhap,Male,6 Year,1351,1294,5,52,0,95.78,3.85,95.78,3.85,96.96,2.73,-1.18,1.12
district,Bagmati,Ramechhap,Female,7 Year,1206,1174,3,29,0,97.35,2.4,97.76,1.73,97.35,2.4,0.41,-0.67
district,Bagmati,Ramechhap,Male,7 Year,1159,1133,6,20,0,97.76,1.73,97.76,1.73,97.35,2.4,0.41,-0.67
district,Bagmati,Ramechhap,Female,8 Year,1369,1344,8,17,0,98.17,1.24,97.77,1.86,98.17,1.24,-0.4,0.62
district,Bagmati,Ramechhap,Male,8 Year,1346,1316,5,25,0,97.77,1.86,97.77,1.86,98.17,1.24,-0.4,0.62
district,Bagmati,Ramechhap,Female,9 Year,1312,1288,12,12,0,98.17,0.91,98.0,1.15,98.17,0.91,-0.17,0.24
district,Bagmati,Ramechhap,Male,9 Year,1301,1275,10,15,1,98.0,1.15,98.0,1.15,98.17,0.91,-0.17,0.24
district,Bagmati,Ramechhap,Female,All Ages,24543,18040,5675,825,3,73.5,3.36,73.37,2.87,73.5,3.36,-0.13,-0.49
district,Bagmati,Ramechhap,Male,All Ages,24381,17888,5791,699,3,73.37,2.87,73.37,2.87,73.5,3.36,-0.13,-0.49
district,Bagmati,Rasuwa,Female,10 Year,420,384,34,2,0,91.43,0.48,90.09,0.65,91.43,0.48,-1.34,0.17
district,Bagmati,Rasuwa,Male,10 Year,464,418,43,3,0,90.09,0.65,90.09,0.65,91.43,0.48,-1.34,0.17
district,Bagmati,Rasuwa,Female,11 Year,370,358,12,0,0,96.76,0.0,93.87,0.28,96.76,0.0,-2.89,0.28
district,Bagmati,Rasuwa,Male,11 Year,359,337,21,1,0,93.87,0.28,93.87,0.28,96.76,0.0,-2.89,0.28
district,Bagmati,Rasuwa,Female,12 Year,421,403,16,2,0,95.72,0.48,95.76,1.18,95.72,0.48,0.04,0.7
district,Bagmati,Rasuwa,Male,12 Year,425,407,13,5,0,95.76,1.18,95.76,1.18,95.72,0.48,0.04,0.7
district,Bagmati,Rasuwa,Female,13 Year,385,366,13,6,0,95.06,1.56,94.16,0.7,95.06,1.56,-0.9,-0.86
district,Bagmati,Rasuwa,Male,13 Year,428,403,22,3,0,94.16,0.7,94.16,0.7,95.06,1.56,-0.9,-0.86
district,Bagmati,Rasuwa,Female,14 Year,432,414,17,1,0,95.83,0.23,94.4,0.29,95.83,0.23,-1.43,0.06
district,Bagmati,Rasuwa,Male,14 Year,339,320,18,1,0,94.4,0.29,94.4,0.29,95.83,0.23,-1.43,0.06
district,Bagmati,Rasuwa,Female,15 Year,366,324,36,6,0,88.52,1.64,90.58,2.36,88.52,1.64,2.06,0.72
district,Bagmati,Rasuwa,Male,15 Year,382,346,27,9,0,90.58,2.36,90.58,2.36,88.52,1.64,2.06,0.72
district,Bagmati,Rasuwa,Female,16 Year,382,320,56,6,0,83.77,1.57,82.71,1.44,83.77,1.57,-1.06,-0.13
district,Bagmati,Rasuwa,Male,16 Year,347,287,55,5,0,82.71,1.44,82.71,1.44,83.77,1.57,-1.06,-0.13
district,Bagmati,Rasuwa,Female,17 Year,238,158,69,11,0,66.39,4.62,69.78,3.24,66.39,4.62,3.39,-1.38
district,Bagmati,Rasuwa,Male,17 Year,278,194,75,9,0,69.78,3.24,69.78,3.24,66.39,4.62,3.39,-1.38
district,Bagmati,Rasuwa,Female,18 Year,316,151,142,23,0,47.78,7.28,52.19,4.38,47.78,7.28,4.41,-2.9
district,Bagmati,Rasuwa,Male,18 Year,297,155,129,13,0,52.19,4.38,52.19,4.38,47.78,7.28,4.41,-2.9
district,Bagmati,Rasuwa,Female,19 Year,159,51,94,14,0,32.08,8.81,30.11,4.84,32.08,8.81,-1.97,-3.97
district,Bagmati,Rasuwa,Male,19 Year,186,56,121,9,0,30.11,4.84,30.11,4.84,32.08,8.81,-1.97,-3.97
district,Bagmati,Rasuwa,Female,20 Year,251,22,202,27,0,8.76,10.76,10.85,8.14,8.76,10.76,2.09,-2.62
district,Bagmati,Rasuwa,Male,20 Year,258,28,209,21,0,10.85,8.14,10.85,8.14,8.76,10.76,2.09,-2.62
district,Bagmati,Rasuwa,Female,21 Year,161,15,132,14,0,9.32,8.7,4.63,5.56,9.32,8.7,-4.69,-3.14
district,Bagmati,Rasuwa,Male,21 Year,216,10,194,12,0,4.63,5.56,4.63,5.56,9.32,8.7,-4.69,-3.14
district,Bagmati,Rasuwa,Female,22 Year,187,4,165,18,0,2.14,9.63,4.9,5.31,2.14,9.63,2.76,-4.32
district,Bagmati,Rasuwa,Male,22 Year,245,12,220,13,0,4.9,5.31,4.9,5.31,2.14,9.63,2.76,-4.32
district,Bagmati,Rasuwa,Female,23 Year,175,3,148,24,0,1.71,13.71,2.64,6.61,1.71,13.71,0.93,-7.1
district,Bagmati,Rasuwa,Male,23 Year,227,6,206,15,0,2.64,6.61,2.64,6.61,1.71,13.71,0.93,-7.1
district,Bagmati,Rasuwa,Female,24 Year,230,2,195,33,0,0.87,14.35,2.4,8.8,0.87,14.35,1.53,-5.55
district,Bagmati,Rasuwa,Male,24 Year,250,6,222,22,0,2.4,8.8,2.4,8.8,0.87,14.35,1.53,-5.55
district,Bagmati,Rasuwa,Female,25 Year,290,1,228,61,0,0.34,21.03,0.99,10.86,0.34,21.03,0.65,-10.17
district,Bagmati,Rasuwa,Male,25 Year,304,3,268,33,0,0.99,10.86,0.99,10.86,0.34,21.03,0.65,-10.17
district,Bagmati,Rasuwa,Female,5 Year,418,384,0,34,0,91.87,8.13,90.11,9.03,91.87,8.13,-1.76,0.9
district,Bagmati,Rasuwa,Male,5 Year,465,419,1,42,3,90.11,9.03,90.11,9.03,91.87,8.13,-1.76,0.9
district,Bagmati,Rasuwa,Female,6 Year,407,395,1,11,0,97.05,2.7,95.52,3.98,97.05,2.7,-1.53,1.28
district,Bagmati,Rasuwa,Male,6 Year,402,384,2,16,0,95.52,3.98,95.52,3.98,97.05,2.7,-1.53,1.28
district,Bagmati,Rasuwa,Female,7 Year,386,372,1,13,0,96.37,3.37,97.46,2.54,96.37,3.37,1.09,-0.83
district,Bagmati,Rasuwa,Male,7 Year,355,346,0,9,0,97.46,2.54,97.46,2.54,96.37,3.37,1.09,-0.83
district,Bagmati,Rasuwa,Female,8 Year,359,352,1,6,0,98.05,1.67,99.02,0.74,98.05,1.67,0.97,-0.93
district,Bagmati,Rasuwa,Male,8 Year,408,404,1,3,0,99.02,0.74,99.02,0.74,98.05,1.67,0.97,-0.93
district,Bagmati,Rasuwa,Female,9 Year,412,401,2,9,0,97.33,2.18,98.79,0.97,97.33,2.18,1.46,-1.21
district,Bagmati,Rasuwa,Male,9 Year,413,408,1,4,0,98.79,0.97,98.79,0.97,97.33,2.18,1.46,-1.21
district,Bagmati,Rasuwa,Female,All Ages,6765,4880,1564,321,0,72.14,4.75,70.22,3.52,72.14,4.75,-1.92,-1.23
district,Bagmati,Rasuwa,Male,All Ages,7048,4949,1848,248,3,70.22,3.52,70.22,3.52,72.14,4.75,-1.92,-1.23
district,Bagmati,Sindhuli,Female,10 Year,3038,2747,253,38,0,90.42,1.25,89.49,1.47,90.42,1.25,-0.93,0.22
district,Bagmati,Sindhuli,Male,10 Year,3198,2862,289,47,0,89.49,1.47,89.49,1.47,90.42,1.25,-0.93,0.22
district,Bagmati,Sindhuli,Female,11 Year,2709,2531,150,28,0,93.43,1.03,92.79,1.47,93.43,1.03,-0.64,0.44
district,Bagmati,Sindhuli,Male,11 Year,2788,2587,159,41,1,92.79,1.47,92.79,1.47,93.43,1.03,-0.64,0.44
district,Bagmati,Sindhuli,Female,12 Year,3338,3163,121,54,0,94.76,1.62,93.36,1.76,94.76,1.62,-1.4,0.14
district,Bagmati,Sindhuli,Male,12 Year,3356,3133,164,59,0,93.36,1.76,93.36,1.76,94.76,1.62,-1.4,0.14
district,Bagmati,Sindhuli,Female,13 Year,3273,3081,153,39,0,94.13,1.19,93.09,1.97,94.13,1.19,-1.04,0.78
district,Bagmati,Sindhuli,Male,13 Year,3299,3071,163,65,0,93.09,1.97,93.09,1.97,94.13,1.19,-1.04,0.78
district,Bagmati,Sindhuli,Female,14 Year,3466,3228,190,48,0,93.13,1.38,91.31,1.86,93.13,1.38,-1.82,0.48
district,Bagmati,Sindhuli,Male,14 Year,3382,3088,231,63,0,91.31,1.86,91.31,1.86,93.13,1.38,-1.82,0.48
district,Bagmati,Sindhuli,Female,15 Year,3085,2724,309,52,0,88.3,1.69,84.8,1.93,88.3,1.69,-3.5,0.24
district,Bagmati,Sindhuli,Male,15 Year,3106,2634,412,60,0,84.8,1.93,84.8,1.93,88.3,1.69,-3.5,0.24
district,Bagmati,Sindhuli,Female,16 Year,2566,2033,446,87,0,79.23,3.39,77.31,2.6,79.23,3.39,-1.92,-0.79
district,Bagmati,Sindhuli,Male,16 Year,2732,2112,549,71,0,77.31,2.6,77.31,2.6,79.23,3.39,-1.92,-0.79
district,Bagmati,Sindhuli,Female,17 Year,1927,1230,604,92,1,63.83,4.77,64.94,3.59,63.83,4.77,1.11,-1.18
district,Bagmati,Sindhuli,Male,17 Year,2088,1356,657,75,0,64.94,3.59,64.94,3.59,63.83,4.77,1.11,-1.18
district,Bagmati,Sindhuli,Female,18 Year,1944,822,971,151,0,42.28,7.77,41.99,5.53,42.28,7.77,-0.29,-2.24
district,Bagmati,Sindhuli,Male,18 Year,2115,888,1110,117,0,41.99,5.53,41.99,5.53,42.28,7.77,-0.29,-2.24
district,Bagmati,Sindhuli,Female,19 Year,1466,391,937,138,0,26.67,9.41,27.11,5.55,26.67,9.41,0.44,-3.86
district,Bagmati,Sindhuli,Male,19 Year,1531,415,1031,85,0,27.11,5.55,27.11,5.55,26.67,9.41,0.44,-3.86
district,Bagmati,Sindhuli,Female,20 Year,1705,136,1344,225,0,7.98,13.2,9.53,7.65,7.98,13.2,1.55,-5.55
district,Bagmati,Sindhuli,Male,20 Year,1804,172,1494,138,0,9.53,7.65,9.53,7.65,7.98,13.2,1.55,-5.55
district,Bagmati,Sindhuli,Female,21 Year,1451,73,1188,190,0,5.03,13.09,6.42,7.6,5.03,13.09,1.39,-5.49
district,Bagmati,Sindhuli,Male,21 Year,1434,92,1233,109,0,6.42,7.6,6.42,7.6,5.03,13.09,1.39,-5.49
district,Bagmati,Sindhuli,Female,22 Year,1756,70,1418,268,0,3.99,15.26,3.25,9.22,3.99,15.26,-0.74,-6.04
district,Bagmati,Sindhuli,Male,22 Year,1692,55,1481,156,0,3.25,9.22,3.25,9.22,3.99,15.26,-0.74,-6.04
district,Bagmati,Sindhuli,Female,23 Year,1532,47,1252,233,0,3.07,15.21,1.87,8.85,3.07,15.21,-1.2,-6.36
district,Bagmati,Sindhuli,Male,23 Year,1390,26,1241,123,0,1.87,8.85,1.87,8.85,3.07,15.21,-1.2,-6.36
district,Bagmati,Sindhuli,Female,24 Year,1623,29,1318,276,0,1.79,17.01,1.64,7.66,1.79,17.01,-0.15,-9.35
district,Bagmati,Sindhuli,Male,24 Year,1462,24,1326,112,0,1.64,7.66,1.64,7.66,1.79,17.01,-0.15,-9.35
district,Bagmati,Sindhuli,Female,25 Year,1864,14,1489,361,0,0.75,19.37,0.38,10.75,0.75,19.37,-0.37,-8.62
district,Bagmati,Sindhuli,Male,25 Year,1591,6,1413,171,1,0.38,10.75,0.38,10.75,0.75,19.37,-0.37,-8.62
district,Bagmati,Sindhuli,Female,5 Year,2653,2353,5,282,13,88.69,10.63,88.21,10.98,88.69,10.63,-0.48,0.35
district,Bagmati,Sindhuli,Male,5 Year,2723,2402,7,299,15,88.21,10.98,88.21,10.98,88.69,10.63,-0.48,0.35
district,Bagmati,Sindhuli,Female,6 Year,2744,2585,8,149,2,94.21,5.43,92.99,6.83,94.21,5.43,-1.22,1.4
district,Bagmati,Sindhuli,Male,6 Year,2868,2667,3,196,2,92.99,6.83,92.99,6.83,94.21,5.43,-1.22,1.4
district,Bagmati,Sindhuli,Female,7 Year,2564,2471,4,88,1,96.37,3.43,96.27,3.54,96.37,3.43,-0.1,0.11
district,Bagmati,Sindhuli,Male,7 Year,2627,2529,3,93,2,96.27,3.54,96.27,3.54,96.37,3.43,-0.1,0.11
district,Bagmati,Sindhuli,Female,8 Year,2797,2704,9,83,1,96.68,2.97,97.2,2.45,96.68,2.97,0.52,-0.52
district,Bagmati,Sindhuli,Male,8 Year,2819,2740,9,69,1,97.2,2.45,97.2,2.45,96.68,2.97,0.52,-0.52
district,Bagmati,Sindhuli,Female,9 Year,2753,2683,6,63,1,97.46,2.29,97.73,1.84,97.46,2.29,0.27,-0.45
district,Bagmati,Sindhuli,Male,9 Year,2822,2758,11,52,1,97.73,1.84,97.73,1.84,97.46,2.29,0.27,-0.45
district,Bagmati,Sindhuli,Female,All Ages,50254,35115,12175,2945,19,69.88,5.86,70.07,4.33,69.88,5.86,0.19,-1.53
district,Bagmati,Sindhuli,Male,All Ages,50827,35617,12986,2201,23,70.07,4.33,70.07,4.33,69.88,5.86,0.19,-1.53
district,Bagmati,Sindhupalchok,Female,10 Year,2262,2020,209,33,0,89.3,1.46,89.26,1.52,89.3,1.46,-0.04,0.06
district,Bagmati,Sindhupalchok,Male,10 Year,2309,2061,213,35,0,89.26,1.52,89.26,1.52,89.3,1.46,-0.04,0.06
district,Bagmati,Sindhupalchok,Female,11 Year,1985,1866,97,22,0,94.01,1.11,93.17,1.68,94.01,1.11,-0.84,0.57
district,Bagmati,Sindhupalchok,Male,11 Year,1963,1829,101,33,0,93.17,1.68,93.17,1.68,94.01,1.11,-0.84,0.57
district,Bagmati,Sindhupalchok,Female,12 Year,2571,2472,76,23,0,96.15,0.89,93.55,1.65,96.15,0.89,-2.6,0.76
district,Bagmati,Sindhupalchok,Male,12 Year,2605,2437,125,43,0,93.55,1.65,93.55,1.65,96.15,0.89,-2.6,0.76
district,Bagmati,Sindhupalchok,Female,13 Year,2452,2348,82,22,0,95.76,0.9,94.68,1.06,95.76,0.9,-1.08,0.16
district,Bagmati,Sindhupalchok,Male,13 Year,2350,2225,100,25,0,94.68,1.06,94.68,1.06,95.76,0.9,-1.08,0.16
district,Bagmati,Sindhupalchok,Female,14 Year,2501,2382,95,24,0,95.24,0.96,93.55,1.03,95.24,0.96,-1.69,0.07
district,Bagmati,Sindhupalchok,Male,14 Year,2420,2264,131,25,0,93.55,1.03,93.55,1.03,95.24,0.96,-1.69,0.07
district,Bagmati,Sindhupalchok,Female,15 Year,2503,2314,155,34,0,92.45,1.36,88.91,1.69,92.45,1.36,-3.54,0.33
district,Bagmati,Sindhupalchok,Male,15 Year,2363,2101,222,40,0,88.91,1.69,88.91,1.69,92.45,1.36,-3.54,0.33
district,Bagmati,Sindhupalchok,Female,16 Year,1936,1677,227,32,0,86.62,1.65,81.62,2.17,86.62,1.65,-5.0,0.52
district,Bagmati,Sindhupalchok,Male,16 Year,1937,1581,314,42,0,81.62,2.17,81.62,2.17,86.62,1.65,-5.0,0.52
district,Bagmati,Sindhupalchok,Female,17 Year,1250,926,296,28,0,74.08,2.24,72.34,3.09,74.08,2.24,-1.74,0.85
district,Bagmati,Sindhupalchok,Male,17 Year,1457,1054,358,45,0,72.34,3.09,72.34,3.09,74.08,2.24,-1.74,0.85
district,Bagmati,Sindhupalchok,Female,18 Year,1282,625,599,58,0,48.75,4.52,47.07,4.12,48.75,4.52,-1.68,-0.4
district,Bagmati,Sindhupalchok,Male,18 Year,1553,731,758,64,0,47.07,4.12,47.07,4.12,48.75,4.52,-1.68,-0.4
district,Bagmati,Sindhupalchok,Female,19 Year,863,232,580,51,0,26.88,5.91,31.34,4.06,26.88,5.91,4.46,-1.85
district,Bagmati,Sindhupalchok,Male,19 Year,986,309,636,40,1,31.34,4.06,31.34,4.06,26.88,5.91,4.46,-1.85
district,Bagmati,Sindhupalchok,Female,20 Year,1208,112,970,126,0,9.27,10.43,7.3,8.78,9.27,10.43,-1.97,-1.65
district,Bagmati,Sindhupalchok,Male,20 Year,1219,89,1023,107,0,7.3,8.78,7.3,8.78,9.27,10.43,-1.97,-1.65
district,Bagmati,Sindhupalchok,Female,21 Year,917,43,779,94,1,4.69,10.25,4.51,6.97,4.69,10.25,-0.18,-3.28
district,Bagmati,Sindhupalchok,Male,21 Year,975,44,863,68,0,4.51,6.97,4.51,6.97,4.69,10.25,-0.18,-3.28
district,Bagmati,Sindhupalchok,Female,22 Year,1127,33,947,147,0,2.93,13.04,4.05,9.29,2.93,13.04,1.12,-3.75
district,Bagmati,Sindhupalchok,Male,22 Year,1184,48,1026,110,0,4.05,9.29,4.05,9.29,2.93,13.04,1.12,-3.75
district,Bagmati,Sindhupalchok,Female,23 Year,1045,22,888,135,0,2.11,12.92,2.61,9.34,2.11,12.92,0.5,-3.58
district,Bagmati,Sindhupalchok,Male,23 Year,1071,28,943,100,0,2.61,9.34,2.61,9.34,2.11,12.92,0.5,-3.58
district,Bagmati,Sindhupalchok,Female,24 Year,1247,24,1034,189,0,1.92,15.16,2.07,8.68,1.92,15.16,0.15,-6.48
district,Bagmati,Sindhupalchok,Male,24 Year,1210,25,1080,105,0,2.07,8.68,2.07,8.68,1.92,15.16,0.15,-6.48
district,Bagmati,Sindhupalchok,Female,25 Year,1519,13,1224,282,0,0.86,18.56,0.22,11.59,0.86,18.56,-0.64,-6.97
district,Bagmati,Sindhupalchok,Male,25 Year,1380,3,1216,160,1,0.22,11.59,0.22,11.59,0.86,18.56,-0.64,-6.97
district,Bagmati,Sindhupalchok,Female,5 Year,2119,1896,11,212,0,89.48,10.0,89.91,9.68,89.48,10.0,0.43,-0.32
district,Bagmati,Sindhupalchok,Male,5 Year,2231,2006,9,216,0,89.91,9.68,89.91,9.68,89.48,10.0,0.43,-0.32
district,Bagmati,Sindhupalchok,Female,6 Year,2153,2058,10,85,0,95.59,3.95,95.01,4.68,95.59,3.95,-0.58,0.73
district,Bagmati,Sindhupalchok,Male,6 Year,2286,2172,7,107,0,95.01,4.68,95.01,4.68,95.59,3.95,-0.58,0.73
district,Bagmati,Sindhupalchok,Female,7 Year,1988,1930,9,49,0,97.08,2.46,96.76,2.79,97.08,2.46,-0.32,0.33
district,Bagmati,Sindhupalchok,Male,7 Year,2009,1944,9,56,0,96.76,2.79,96.76,2.79,97.08,2.46,-0.32,0.33
district,Bagmati,Sindhupalchok,Female,8 Year,2104,2052,10,42,0,97.53,2.0,97.18,1.81,97.53,2.0,-0.35,-0.19
district,Bagmati,Sindhupalchok,Male,8 Year,2094,2035,21,38,0,97.18,1.81,97.18,1.81,97.53,2.0,-0.35,-0.19
district,Bagmati,Sindhupalchok,Female,9 Year,2094,2044,18,32,0,97.61,1.53,98.17,1.49,97.61,1.53,0.56,-0.04
district,Bagmati,Sindhupalchok,Male,9 Year,2075,2037,7,31,0,98.17,1.49,98.17,1.49,97.61,1.53,0.56,-0.04
district,Bagmati,Sindhupalchok,Female,All Ages,37126,27089,8316,1720,1,72.97,4.63,71.72,3.95,72.97,4.63,-1.25,-0.68
district,Bagmati,Sindhupalchok,Male,All Ages,37677,27023,9162,1490,2,71.72,3.95,71.72,3.95,72.97,4.63,-1.25,-0.68
district,Gandaki,Baglung,Female,10 Year,2392,2202,170,16,4,92.06,0.67,92.06,0.57,92.06,0.67,0.0,-0.1
district,Gandaki,Baglung,Male,10 Year,2633,2424,190,15,4,92.06,0.57,92.06,0.57,92.06,0.67,0.0,-0.1
district,Gandaki,Baglung,Female,11 Year,2268,2172,78,17,1,95.77,0.75,94.93,0.96,95.77,0.75,-0.84,0.21
district,Gandaki,Baglung,Male,11 Year,2408,2286,97,23,2,94.93,0.96,94.93,0.96,95.77,0.75,-0.84,0.21
district,Gandaki,Baglung,Female,12 Year,2586,2491,75,17,3,96.33,0.66,95.43,0.91,96.33,0.66,-0.9,0.25
district,Gandaki,Baglung,Male,12 Year,2647,2526,93,24,4,95.43,0.91,95.43,0.91,96.33,0.66,-0.9,0.25
district,Gandaki,Baglung,Female,13 Year,2450,2364,65,16,5,96.49,0.65,95.82,0.6,96.49,0.65,-0.67,-0.05
district,Gandaki,Baglung,Male,13 Year,2655,2544,91,16,4,95.82,0.6,95.82,0.6,96.49,0.65,-0.67,-0.05
district,Gandaki,Baglung,Female,14 Year,2570,2473,76,17,4,96.23,0.66,94.83,1.0,96.23,0.66,-1.4,0.34
district,Gandaki,Baglung,Male,14 Year,2609,2474,105,26,4,94.83,1.0,94.83,1.0,96.23,0.66,-1.4,0.34
district,Gandaki,Baglung,Female,15 Year,2263,2088,151,19,5,92.27,0.84,91.16,1.02,92.27,0.84,-1.11,0.18
district,Gandaki,Baglung,Male,15 Year,2354,2146,176,24,8,91.16,1.02,91.16,1.02,92.27,0.84,-1.11,0.18
district,Gandaki,Baglung,Female,16 Year,1624,1385,220,15,4,85.28,0.92,87.35,0.85,85.28,0.92,2.07,-0.07
district,Gandaki,Baglung,Male,16 Year,1763,1540,204,15,4,87.35,0.85,87.35,0.85,85.28,0.92,2.07,-0.07
district,Gandaki,Baglung,Female,17 Year,1125,777,320,25,3,69.07,2.22,74.0,1.72,69.07,2.22,4.93,-0.5
district,Gandaki,Baglung,Male,17 Year,1223,905,292,21,5,74.0,1.72,74.0,1.72,69.07,2.22,4.93,-0.5
district,Gandaki,Baglung,Female,18 Year,1191,555,600,35,1,46.6,2.94,58.95,2.43,46.6,2.94,12.35,-0.51
district,Gandaki,Baglung,Male,18 Year,1028,606,395,25,2,58.95,2.43,58.95,2.43,46.6,2.94,12.35,-0.51
district,Gandaki,Baglung,Female,19 Year,879,291,553,33,2,33.11,3.75,40.11,2.69,33.11,3.75,7.0,-1.06
district,Gandaki,Baglung,Male,19 Year,743,298,423,20,2,40.11,2.69,40.11,2.69,33.11,3.75,7.0,-1.06
district,Gandaki,Baglung,Female,20 Year,1014,125,834,50,5,12.33,4.93,18.67,3.09,12.33,4.93,6.34,-1.84
district,Gandaki,Baglung,Male,20 Year,809,151,632,25,1,18.67,3.09,18.67,3.09,12.33,4.93,6.34,-1.84
district,Gandaki,Baglung,Female,21 Year,973,96,815,58,4,9.87,5.96,13.39,3.7,9.87,5.96,3.52,-2.26
district,Gandaki,Baglung,Male,21 Year,784,105,647,29,3,13.39,3.7,13.39,3.7,9.87,5.96,3.52,-2.26
district,Gandaki,Baglung,Female,22 Year,1221,90,1061,69,1,7.37,5.65,8.82,4.06,7.37,5.65,1.45,-1.59
district,Gandaki,Baglung,Male,22 Year,862,76,750,35,1,8.82,4.06,8.82,4.06,7.37,5.65,1.45,-1.59
district,Gandaki,Baglung,Female,23 Year,1113,51,998,63,1,4.58,5.66,6.81,4.11,4.58,5.66,2.23,-1.55
district,Gandaki,Baglung,Male,23 Year,778,53,693,32,0,6.81,4.11,6.81,4.11,4.58,5.66,2.23,-1.55
district,Gandaki,Baglung,Female,24 Year,1215,51,1099,61,4,4.2,5.02,6.6,4.73,4.2,5.02,2.4,-0.29
district,Gandaki,Baglung,Male,24 Year,803,53,711,38,1,6.6,4.73,6.6,4.73,4.2,5.02,2.4,-0.29
district,Gandaki,Baglung,Female,25 Year,1364,61,1198,103,2,4.47,7.55,4.52,3.93,4.47,7.55,0.05,-3.62
district,Gandaki,Baglung,Male,25 Year,840,38,765,33,4,4.52,3.93,4.52,3.93,4.47,7.55,0.05,-3.62
district,Gandaki,Baglung,Female,5 Year,2238,2030,25,151,32,90.71,6.75,90.34,7.12,90.71,6.75,-0.37,0.37
district,Gandaki,Baglung,Male,5 Year,2527,2283,30,180,34,90.34,7.12,90.34,7.12,90.71,6.75,-0.37,0.37
district,Gandaki,Baglung,Female,6 Year,2351,2250,24,66,11,95.7,2.81,95.6,2.7,95.7,2.81,-0.1,-0.11
district,Gandaki,Baglung,Male,6 Year,2480,2371,29,67,13,95.6,2.7,95.6,2.7,95.7,2.81,-0.1,-0.11
district,Gandaki,Baglung,Female,7 Year,2226,2181,16,26,3,97.98,1.17,97.17,1.32,97.98,1.17,-0.81,0.15
district,Gandaki,Baglung,Male,7 Year,2580,2507,33,34,6,97.17,1.32,97.17,1.32,97.98,1.17,-0.81,0.15
district,Gandaki,Baglung,Female,8 Year,2390,2339,23,24,4,97.87,1.0,97.93,0.7,97.87,1.0,0.06,-0.3
district,Gandaki,Baglung,Male,8 Year,2559,2506,29,18,6,97.93,0.7,97.93,0.7,97.87,1.0,0.06,-0.3
district,Gandaki,Baglung,Female,9 Year,2182,2126,30,18,8,97.43,0.82,97.85,0.29,97.43,0.82,0.42,-0.53
district,Gandaki,Baglung,Male,9 Year,2424,2372,41,7,4,97.85,0.29,97.85,0.29,97.43,0.82,0.42,-0.53
district,Gandaki,Baglung,Female,All Ages,37635,28198,8431,899,107,74.92,2.39,80.68,1.88,74.92,2.39,5.76,-0.51
district,Gandaki,Baglung,Male,All Ages,37509,30264,6426,707,112,80.68,1.88,80.68,1.88,74.92,2.39,5.76,-0.51
district,Gandaki,Gorkha,Female,10 Year,2087,1930,130,24,3,92.48,1.15,89.78,1.69,92.48,1.15,-2.7,0.54
district,Gandaki,Gorkha,Male,10 Year,2192,1968,179,37,8,89.78,1.69,89.78,1.69,92.48,1.15,-2.7,0.54
district,Gandaki,Gorkha,Female,11 Year,2010,1918,70,19,3,95.42,0.95,93.96,1.0,95.42,0.95,-1.46,0.05
district,Gandaki,Gorkha,Male,11 Year,2203,2070,109,22,2,93.96,1.0,93.96,1.0,95.42,0.95,-1.46,0.05
district,Gandaki,Gorkha,Female,12 Year,2283,2197,62,20,4,96.23,0.88,95.43,1.03,96.23,0.88,-0.8,0.15
district,Gandaki,Gorkha,Male,12 Year,2320,2214,74,24,8,95.43,1.03,95.43,1.03,96.23,0.88,-0.8,0.15
district,Gandaki,Gorkha,Female,13 Year,2277,2189,64,21,3,96.14,0.92,96.11,0.96,96.14,0.92,-0.03,0.04
district,Gandaki,Gorkha,Male,13 Year,2288,2199,64,22,3,96.11,0.96,96.11,0.96,96.14,0.92,-0.03,0.04
district,Gandaki,Gorkha,Female,14 Year,2444,2342,75,22,5,95.83,0.9,95.82,0.62,95.83,0.9,-0.01,-0.28
district,Gandaki,Gorkha,Male,14 Year,2415,2314,80,15,6,95.82,0.62,95.82,0.62,95.83,0.9,-0.01,-0.28
district,Gandaki,Gorkha,Female,15 Year,2291,2129,128,28,6,92.93,1.22,90.97,1.13,92.93,1.22,-1.96,-0.09
district,Gandaki,Gorkha,Male,15 Year,2303,2095,175,26,7,90.97,1.13,90.97,1.13,92.93,1.22,-1.96,-0.09
district,Gandaki,Gorkha,Female,16 Year,1745,1540,179,17,9,88.25,0.97,88.16,0.7,88.25,0.97,-0.09,-0.27
district,Gandaki,Gorkha,Male,16 Year,1850,1631,197,13,9,88.16,0.7,88.16,0.7,88.25,0.97,-0.09,-0.27
district,Gandaki,Gorkha,Female,17 Year,1219,920,270,23,6,75.47,1.89,77.6,1.85,75.47,1.89,2.13,-0.04
district,Gandaki,Gorkha,Male,17 Year,1299,1008,262,24,5,77.6,1.85,77.6,1.85,75.47,1.89,2.13,-0.04
district,Gandaki,Gorkha,Female,18 Year,1191,700,447,36,8,58.77,3.02,62.0,2.36,58.77,3.02,3.23,-0.66
district,Gandaki,Gorkha,Male,18 Year,1271,788,446,30,7,62.0,2.36,62.0,2.36,58.77,3.02,3.23,-0.66
district,Gandaki,Gorkha,Female,19 Year,812,303,456,42,11,37.32,5.17,44.78,4.1,37.32,5.17,7.46,-1.07
district,Gandaki,Gorkha,Male,19 Year,804,360,409,33,2,44.78,4.1,44.78,4.1,37.32,5.17,7.46,-1.07
district,Gandaki,Gorkha,Female,20 Year,964,155,760,43,6,16.08,4.46,17.87,4.85,16.08,4.46,1.79,0.39
district,Gandaki,Gorkha,Male,20 Year,845,151,649,41,4,17.87,4.85,17.87,4.85,16.08,4.46,1.79,0.39
district,Gandaki,Gorkha,Female,21 Year,895,96,739,52,8,10.73,5.81,12.75,6.51,10.73,5.81,2.02,0.7
district,Gandaki,Gorkha,Male,21 Year,753,96,606,49,2,12.75,6.51,12.75,6.51,10.73,5.81,2.02,0.7
district,Gandaki,Gorkha,Female,22 Year,942,50,816,69,7,5.31,7.32,9.76,4.82,5.31,7.32,4.45,-2.5
district,Gandaki,Gorkha,Male,22 Year,850,83,722,41,4,9.76,4.82,9.76,4.82,5.31,7.32,4.45,-2.5
district,Gandaki,Gorkha,Female,23 Year,998,41,863,87,7,4.11,8.72,6.11,5.16,4.11,8.72,2.0,-3.56
district,Gandaki,Gorkha,Male,23 Year,736,45,652,38,1,6.11,5.16,6.11,5.16,4.11,8.72,2.0,-3.56
district,Gandaki,Gorkha,Female,24 Year,1082,53,913,114,2,4.9,10.54,5.92,6.17,4.9,10.54,1.02,-4.37
district,Gandaki,Gorkha,Male,24 Year,811,48,711,50,2,5.92,6.17,5.92,6.17,4.9,10.54,1.02,-4.37
district,Gandaki,Gorkha,Female,25 Year,1308,49,1092,163,4,3.75,12.46,4.58,7.94,3.75,12.46,0.83,-4.52
district,Gandaki,Gorkha,Male,25 Year,982,45,856,78,3,4.58,7.94,4.58,7.94,3.75,12.46,0.83,-4.52
district,Gandaki,Gorkha,Female,5 Year,1786,1630,19,105,32,91.27,5.88,93.57,3.92,91.27,5.88,2.3,-1.96
district,Gandaki,Gorkha,Male,5 Year,1992,1864,24,78,26,93.57,3.92,93.57,3.92,91.27,5.88,2.3,-1.96
district,Gandaki,Gorkha,Female,6 Year,2055,1989,11,46,9,96.79,2.24,94.75,3.39,96.79,2.24,-2.04,1.15
district,Gandaki,Gorkha,Male,6 Year,2095,1985,21,71,18,94.75,3.39,94.75,3.39,96.79,2.24,-2.04,1.15
district,Gandaki,Gorkha,Female,7 Year,1817,1757,22,35,3,96.7,1.93,97.03,1.38,96.7,1.93,0.33,-0.55
district,Gandaki,Gorkha,Male,7 Year,1956,1898,25,27,6,97.03,1.38,97.03,1.38,96.7,1.93,0.33,-0.55
district,Gandaki,Gorkha,Female,8 Year,1911,1855,31,23,2,97.07,1.2,97.31,1.2,97.07,1.2,0.24,0.0
district,Gandaki,Gorkha,Male,8 Year,2084,2028,28,25,3,97.31,1.2,97.31,1.2,97.07,1.2,0.24,0.0
district,Gandaki,Gorkha,Female,9 Year,1950,1879,37,30,4,96.36,1.54,96.72,1.38,96.36,1.54,0.36,-0.16
district,Gandaki,Gorkha,Male,9 Year,1950,1886,36,27,1,96.72,1.38,96.72,1.38,96.36,1.54,0.36,-0.16
district,Gandaki,Gorkha,Female,All Ages,34067,25722,7184,1019,142,75.5,2.99,78.76,2.27,75.5,2.99,3.26,-0.72
district,Gandaki,Gorkha,Male,All Ages,33999,26776,6325,771,127,78.76,2.27,78.76,2.27,75.5,2.99,3.26,-0.72
district,Gandaki,Kaski,Female,10 Year,4541,4217,287,19,18,92.87,0.42,91.5,0.45,92.87,0.42,-1.37,0.03
district,Gandaki,Kaski,Male,10 Year,5307,4856,405,24,22,91.5,0.45,91.5,0.45,92.87,0.42,-1.37,0.03
district,Gandaki,Kaski,Female,11 Year,4122,3977,115,19,11,96.48,0.46,95.73,0.49,96.48,0.46,-0.75,0.03
district,Gandaki,Kaski,Male,11 Year,4866,4658,166,24,18,95.73,0.49,95.73,0.49,96.48,0.46,-0.75,0.03
district,Gandaki,Kaski,Female,12 Year,4817,4667,107,22,21,96.89,0.46,96.82,0.66,96.89,0.46,-0.07,0.2
district,Gandaki,Kaski,Male,12 Year,5322,5153,116,35,18,96.82,0.66,96.82,0.66,96.89,0.46,-0.07,0.2
district,Gandaki,Kaski,Female,13 Year,4665,4536,100,18,11,97.23,0.39,96.93,0.25,97.23,0.39,-0.3,-0.14
district,Gandaki,Kaski,Male,13 Year,5217,5057,134,13,13,96.93,0.25,96.93,0.25,97.23,0.39,-0.3,-0.14
district,Gandaki,Kaski,Female,14 Year,4822,4685,112,12,13,97.16,0.25,95.23,0.7,97.16,0.25,-1.93,0.45
district,Gandaki,Kaski,Male,14 Year,5409,5151,208,38,12,95.23,0.7,95.23,0.7,97.16,0.25,-1.93,0.45
district,Gandaki,Kaski,Female,15 Year,4466,4242,188,18,18,94.98,0.4,92.86,0.59,94.98,0.4,-2.12,0.19
district,Gandaki,Kaski,Male,15 Year,4942,4589,307,29,17,92.86,0.59,92.86,0.59,94.98,0.4,-2.12,0.19
district,Gandaki,Kaski,Female,16 Year,2944,2663,239,24,18,90.46,0.82,88.2,1.1,90.46,0.82,-2.26,0.28
district,Gandaki,Kaski,Male,16 Year,3730,3290,384,41,15,88.2,1.1,88.2,1.1,90.46,0.82,-2.26,0.28
district,Gandaki,Kaski,Female,17 Year,1711,1314,369,18,10,76.8,1.05,71.87,1.51,76.8,1.05,-4.93,0.46
district,Gandaki,Kaski,Male,17 Year,2250,1617,585,34,14,71.87,1.51,71.87,1.51,76.8,1.05,-4.93,0.46
district,Gandaki,Kaski,Female,18 Year,1484,780,654,37,13,52.56,2.49,50.66,3.03,52.56,2.49,-1.9,0.54
district,Gandaki,Kaski,Male,18 Year,2043,1035,931,62,15,50.66,3.03,50.66,3.03,52.56,2.49,-1.9,0.54
district,Gandaki,Kaski,Female,19 Year,1137,375,725,26,11,32.98,2.29,34.05,3.35,32.98,2.29,1.07,1.06
district,Gandaki,Kaski,Male,19 Year,1345,458,830,45,12,34.05,3.35,34.05,3.35,32.98,2.29,1.07,1.06
district,Gandaki,Kaski,Female,20 Year,1360,209,1076,63,12,15.37,4.63,13.49,5.47,15.37,4.63,-1.88,0.84
district,Gandaki,Kaski,Male,20 Year,1535,207,1232,84,12,13.49,5.47,13.49,5.47,15.37,4.63,-1.88,0.84
district,Gandaki,Kaski,Female,21 Year,1307,129,1108,62,8,9.87,4.74,11.28,6.02,9.87,4.74,1.41,1.28
district,Gandaki,Kaski,Male,21 Year,1445,163,1175,87,20,11.28,6.02,11.28,6.02,9.87,4.74,1.41,1.28
district,Gandaki,Kaski,Female,22 Year,1559,107,1349,85,18,6.86,5.45,7.63,5.15,6.86,5.45,0.77,-0.3
district,Gandaki,Kaski,Male,22 Year,1533,117,1327,79,10,7.63,5.15,7.63,5.15,6.86,5.45,0.77,-0.3
district,Gandaki,Kaski,Female,23 Year,1677,83,1475,103,16,4.95,6.14,6.58,5.16,4.95,6.14,1.63,-0.98
district,Gandaki,Kaski,Male,23 Year,1551,102,1358,80,11,6.58,5.16,6.58,5.16,4.95,6.14,1.63,-0.98
district,Gandaki,Kaski,Female,24 Year,1853,117,1620,106,10,6.31,5.72,5.66,4.39,6.31,5.72,-0.65,-1.33
district,Gandaki,Kaski,Male,24 Year,1731,98,1545,76,12,5.66,4.39,5.66,4.39,6.31,5.72,-0.65,-1.33
district,Gandaki,Kaski,Female,25 Year,2337,106,2068,148,15,4.54,6.33,4.65,4.81,4.54,6.33,0.11,-1.52
district,Gandaki,Kaski,Male,25 Year,1956,91,1758,94,13,4.65,4.81,4.65,4.81,4.54,6.33,0.11,-1.52
district,Gandaki,Kaski,Female,5 Year,4004,3673,42,142,147,91.73,3.55,92.14,3.41,91.73,3.55,0.41,-0.14
district,Gandaki,Kaski,Male,5 Year,4781,4405,60,163,153,92.14,3.41,92.14,3.41,91.73,3.55,0.41,-0.14
district,Gandaki,Kaski,Female,6 Year,4260,4081,43,80,56,95.8,1.88,96.3,1.69,95.8,1.88,0.5,-0.19
district,Gandaki,Kaski,Male,6 Year,5102,4913,40,86,63,96.3,1.69,96.3,1.69,95.8,1.88,0.5,-0.19
district,Gandaki,Kaski,Female,7 Year,4121,4001,50,34,36,97.09,0.83,97.22,0.85,97.09,0.83,0.13,0.02
district,Gandaki,Kaski,Male,7 Year,4964,4826,58,42,38,97.22,0.85,97.22,0.85,97.09,0.83,0.13,0.02
district,Gandaki,Kaski,Female,8 Year,4232,4131,53,29,19,97.61,0.69,97.66,0.71,97.61,0.69,0.05,0.02
district,Gandaki,Kaski,Male,8 Year,5178,5057,59,37,25,97.66,0.71,97.66,0.71,97.61,0.69,0.05,0.02
district,Gandaki,Kaski,Female,9 Year,4305,4216,54,13,22,97.93,0.3,97.18,0.59,97.93,0.3,-0.75,0.29
district,Gandaki,Kaski,Male,9 Year,5108,4964,90,30,24,97.18,0.59,97.18,0.59,97.93,0.3,-0.75,0.29
district,Gandaki,Kaski,Female,All Ages,65724,52309,11834,1078,503,79.59,1.64,80.74,1.6,79.59,1.64,1.15,-0.04
district,Gandaki,Kaski,Male,All Ages,75315,60807,12768,1203,537,80.74,1.6,80.74,1.6,79.59,1.64,1.15,-0.04
district,Gandaki,Lamjung,Female,10 Year,1239,1167,67,3,2,94.19,0.24,91.53,0.45,94.19,0.24,-2.66,0.21
district,Gandaki,Lamjung,Male,10 Year,1323,1211,103,6,3,91.53,0.45,91.53,0.45,94.19,0.24,-2.66,0.21
district,Gandaki,Lamjung,Female,11 Year,1160,1110,45,5,0,95.69,0.43,95.17,0.92,95.69,0.43,-0.52,0.49
district,Gandaki,Lamjung,Male,11 Year,1200,1142,46,11,1,95.17,0.92,95.17,0.92,95.69,0.43,-0.52,0.49
district,Gandaki,Lamjung,Female,12 Year,1427,1381,41,4,1,96.78,0.28,96.65,0.58,96.78,0.28,-0.13,0.3
district,Gandaki,Lamjung,Male,12 Year,1374,1328,37,8,1,96.65,0.58,96.65,0.58,96.78,0.28,-0.13,0.3
district,Gandaki,Lamjung,Female,13 Year,1441,1398,31,9,3,97.02,0.62,96.28,0.72,97.02,0.62,-0.74,0.1
district,Gandaki,Lamjung,Male,13 Year,1398,1346,41,10,1,96.28,0.72,96.28,0.72,97.02,0.62,-0.74,0.1
district,Gandaki,Lamjung,Female,14 Year,1430,1363,53,11,3,95.31,0.77,95.59,0.53,95.31,0.77,0.28,-0.24
district,Gandaki,Lamjung,Male,14 Year,1498,1432,56,8,2,95.59,0.53,95.59,0.53,95.31,0.77,0.28,-0.24
district,Gandaki,Lamjung,Female,15 Year,1307,1235,62,7,3,94.49,0.54,93.36,1.26,94.49,0.54,-1.13,0.72
district,Gandaki,Lamjung,Male,15 Year,1431,1336,72,18,5,93.36,1.26,93.36,1.26,94.49,0.54,-1.13,0.72
district,Gandaki,Lamjung,Female,16 Year,895,800,82,13,0,89.39,1.45,87.4,0.77,89.39,1.45,-1.99,-0.68
district,Gandaki,Lamjung,Male,16 Year,1040,909,123,8,0,87.4,0.77,87.4,0.77,89.39,1.45,-1.99,-0.68
district,Gandaki,Lamjung,Female,17 Year,551,413,122,13,3,74.95,2.36,76.28,2.4,74.95,2.36,1.33,0.04
district,Gandaki,Lamjung,Male,17 Year,624,476,131,15,2,76.28,2.4,76.28,2.4,74.95,2.36,1.33,0.04
district,Gandaki,Lamjung,Female,18 Year,533,291,226,15,1,54.6,2.81,60.77,3.23,54.6,2.81,6.17,0.42
district,Gandaki,Lamjung,Male,18 Year,650,395,234,21,0,60.77,3.23,60.77,3.23,54.6,2.81,6.17,0.42
district,Gandaki,Lamjung,Female,19 Year,393,138,240,15,0,35.11,3.82,38.86,3.37,35.11,3.82,3.75,-0.45
district,Gandaki,Lamjung,Male,19 Year,386,150,223,13,0,38.86,3.37,38.86,3.37,35.11,3.82,3.75,-0.45
district,Gandaki,Lamjung,Female,20 Year,456,71,354,29,2,15.57,6.36,16.11,4.39,15.57,6.36,0.54,-1.97
district,Gandaki,Lamjung,Male,20 Year,478,77,378,21,2,16.11,4.39,16.11,4.39,15.57,6.36,0.54,-1.97
district,Gandaki,Lamjung,Female,21 Year,450,35,390,25,0,7.78,5.56,13.87,5.6,7.78,5.56,6.09,0.04
district,Gandaki,Lamjung,Male,21 Year,375,52,302,21,0,13.87,5.6,13.87,5.6,7.78,5.56,6.09,0.04
district,Gandaki,Lamjung,Female,22 Year,489,42,410,37,0,8.59,7.57,11.98,4.59,8.59,7.57,3.39,-2.98
district,Gandaki,Lamjung,Male,22 Year,501,60,418,23,0,11.98,4.59,11.98,4.59,8.59,7.57,3.39,-2.98
district,Gandaki,Lamjung,Female,23 Year,550,31,485,29,5,5.64,5.27,6.68,3.34,5.64,5.27,1.04,-1.93
district,Gandaki,Lamjung,Male,23 Year,449,30,404,15,0,6.68,3.34,6.68,3.34,5.64,5.27,1.04,-1.93
district,Gandaki,Lamjung,Female,24 Year,581,37,521,22,1,6.37,3.79,6.84,6.04,6.37,3.79,0.47,2.25
district,Gandaki,Lamjung,Male,24 Year,497,34,431,30,2,6.84,6.04,6.84,6.04,6.37,3.79,0.47,2.25
district,Gandaki,Lamjung,Female,25 Year,724,40,633,50,1,5.52,6.91,5.02,6.45,5.52,6.91,-0.5,-0.46
district,Gandaki,Lamjung,Male,25 Year,558,28,492,36,2,5.02,6.45,5.02,6.45,5.52,6.91,-0.5,-0.46
district,Gandaki,Lamjung,Female,5 Year,1080,1026,9,37,8,95.0,3.43,93.9,4.6,95.0,3.43,-1.1,1.17
district,Gandaki,Lamjung,Male,5 Year,1196,1123,9,55,9,93.9,4.6,93.9,4.6,95.0,3.43,-1.1,1.17
district,Gandaki,Lamjung,Female,6 Year,1105,1065,17,19,4,96.38,1.72,96.55,2.57,96.38,1.72,0.17,0.85
district,Gandaki,Lamjung,Male,6 Year,1247,1204,8,32,3,96.55,2.57,96.55,2.57,96.38,1.72,0.17,0.85
district,Gandaki,Lamjung,Female,7 Year,1066,1047,10,8,1,98.22,0.75,96.7,1.48,98.22,0.75,-1.52,0.73
district,Gandaki,Lamjung,Male,7 Year,1151,1113,20,17,1,96.7,1.48,96.7,1.48,98.22,0.75,-1.52,0.73
district,Gandaki,Lamjung,Female,8 Year,1139,1114,15,9,1,97.81,0.79,97.17,1.02,97.81,0.79,-0.64,0.23
district,Gandaki,Lamjung,Male,8 Year,1274,1238,19,13,4,97.17,1.02,97.17,1.02,97.81,0.79,-0.64,0.23
district,Gandaki,Lamjung,Female,9 Year,1160,1135,17,7,1,97.84,0.6,98.18,0.58,97.84,0.6,0.34,-0.02
district,Gandaki,Lamjung,Male,9 Year,1212,1190,14,7,1,98.18,0.58,98.18,0.58,97.84,0.6,0.34,-0.02
district,Gandaki,Lamjung,Female,All Ages,19176,14939,3830,367,40,77.9,1.91,79.92,1.95,77.9,1.91,2.02,0.04
district,Gandaki,Lamjung,Male,All Ages,19862,15874,3561,388,39,79.92,1.95,79.92,1.95,77.9,1.91,2.02,0.04
district,Gandaki,Manang,Female,10 Year,22,20,2,0,0,90.91,0.0,77.27,0.0,90.91,0.0,-13.64,0.0
district,Gandaki,Manang,Male,10 Year,22,17,5,0,0,77.27,0.0,77.27,0.0,90.91,0.0,-13.64,0.0
district,Gandaki,Manang,Female,11 Year,29,27,2,0,0,93.1,0.0,89.66,0.0,93.1,0.0,-3.44,0.0
district,Gandaki,Manang,Male,11 Year,29,26,3,0,0,89.66,0.0,89.66,0.0,93.1,0.0,-3.44,0.0
district,Gandaki,Manang,Female,12 Year,35,34,1,0,0,97.14,0.0,100.0,0.0,97.14,0.0,2.86,0.0
district,Gandaki,Manang,Male,12 Year,27,27,0,0,0,100.0,0.0,100.0,0.0,97.14,0.0,2.86,0.0
district,Gandaki,Manang,Female,13 Year,29,28,1,0,0,96.55,0.0,84.0,4.0,96.55,0.0,-12.55,4.0
district,Gandaki,Manang,Male,13 Year,25,21,3,1,0,84.0,4.0,84.0,4.0,96.55,0.0,-12.55,4.0
district,Gandaki,Manang,Female,14 Year,29,28,1,0,0,96.55,0.0,82.14,10.71,96.55,0.0,-14.41,10.71
district,Gandaki,Manang,Male,14 Year,28,23,2,3,0,82.14,10.71,82.14,10.71,96.55,0.0,-14.41,10.71
district,Gandaki,Manang,Female,15 Year,25,20,5,0,0,80.0,0.0,100.0,0.0,80.0,0.0,20.0,0.0
district,Gandaki,Manang,Male,15 Year,28,28,0,0,0,100.0,0.0,100.0,0.0,80.0,0.0,20.0,0.0
district,Gandaki,Manang,Female,16 Year,19,15,3,0,1,78.95,0.0,78.79,0.0,78.95,0.0,-0.16,0.0
district,Gandaki,Manang,Male,16 Year,33,26,7,0,0,78.79,0.0,78.79,0.0,78.95,0.0,-0.16,0.0
district,Gandaki,Manang,Female,17 Year,14,9,5,0,0,64.29,0.0,83.33,0.0,64.29,0.0,19.04,0.0
district,Gandaki,Manang,Male,17 Year,12,10,2,0,0,83.33,0.0,83.33,0.0,64.29,0.0,19.04,0.0
district,Gandaki,Manang,Female,18 Year,6,3,3,0,0,50.0,0.0,47.83,0.0,50.0,0.0,-2.17,0.0
district,Gandaki,Manang,Male,18 Year,23,11,11,0,1,47.83,0.0,47.83,0.0,50.0,0.0,-2.17,0.0
district,Gandaki,Manang,Female,19 Year,10,4,6,0,0,40.0,0.0,58.33,0.0,40.0,0.0,18.33,0.0
district,Gandaki,Manang,Male,19 Year,12,7,5,0,0,58.33,0.0,58.33,0.0,40.0,0.0,18.33,0.0
district,Gandaki,Manang,Female,20 Year,12,1,11,0,0,8.33,0.0,11.76,5.88,8.33,0.0,3.43,5.88
district,Gandaki,Manang,Male,20 Year,17,2,14,1,0,11.76,5.88,11.76,5.88,8.33,0.0,3.43,5.88
district,Gandaki,Manang,Female,21 Year,9,1,8,0,0,11.11,0.0,6.25,6.25,11.11,0.0,-4.86,6.25
district,Gandaki,Manang,Male,21 Year,16,1,14,1,0,6.25,6.25,6.25,6.25,11.11,0.0,-4.86,6.25
district,Gandaki,Manang,Female,22 Year,9,1,8,0,0,11.11,0.0,4.76,4.76,11.11,0.0,-6.35,4.76
district,Gandaki,Manang,Male,22 Year,21,1,19,1,0,4.76,4.76,4.76,4.76,11.11,0.0,-6.35,4.76
district,Gandaki,Manang,Female,23 Year,9,1,8,0,0,11.11,0.0,23.08,7.69,11.11,0.0,11.97,7.69
district,Gandaki,Manang,Male,23 Year,13,3,9,1,0,23.08,7.69,23.08,7.69,11.11,0.0,11.97,7.69
district,Gandaki,Manang,Female,24 Year,15,0,14,1,0,0.0,6.67,0.0,0.0,0.0,6.67,0.0,-6.67
district,Gandaki,Manang,Male,24 Year,16,0,16,0,0,0.0,0.0,0.0,0.0,0.0,6.67,0.0,-6.67
district,Gandaki,Manang,Female,25 Year,12,0,11,1,0,0.0,8.33,3.45,6.9,0.0,8.33,3.45,-1.43
district,Gandaki,Manang,Male,25 Year,29,1,26,2,0,3.45,6.9,3.45,6.9,0.0,8.33,3.45,-1.43
district,Gandaki,Manang,Female,5 Year,26,25,0,1,0,96.15,3.85,96.88,0.0,96.15,3.85,0.73,-3.85
district,Gandaki,Manang,Male,5 Year,32,31,1,0,0,96.88,0.0,96.88,0.0,96.15,3.85,0.73,-3.85
district,Gandaki,Manang,Female,6 Year,32,29,0,3,0,90.62,9.38,100.0,0.0,90.62,9.38,9.38,-9.38
district,Gandaki,Manang,Male,6 Year,25,25,0,0,0,100.0,0.0,100.0,0.0,90.62,9.38,9.38,-9.38
district,Gandaki,Manang,Female,7 Year,42,38,2,2,0,90.48,4.76,100.0,0.0,90.48,4.76,9.52,-4.76
district,Gandaki,Manang,Male,7 Year,23,23,0,0,0,100.0,0.0,100.0,0.0,90.48,4.76,9.52,-4.76
district,Gandaki,Manang,Female,8 Year,31,31,0,0,0,100.0,0.0,100.0,0.0,100.0,0.0,0.0,0.0
district,Gandaki,Manang,Male,8 Year,36,36,0,0,0,100.0,0.0,100.0,0.0,100.0,0.0,0.0,0.0
district,Gandaki,Manang,Female,9 Year,20,19,1,0,0,95.0,0.0,96.0,0.0,95.0,0.0,1.0,0.0
district,Gandaki,Manang,Male,9 Year,25,24,1,0,0,96.0,0.0,96.0,0.0,95.0,0.0,1.0,0.0
district,Gandaki,Manang,Female,All Ages,435,334,92,8,1,76.78,1.84,69.72,2.03,76.78,1.84,-7.06,0.19
district,Gandaki,Manang,Male,All Ages,492,343,138,10,1,69.72,2.03,69.72,2.03,76.78,1.84,-7.06,0.19
district,Gandaki,Mustang,Female,10 Year,119,102,15,2,0,85.71,1.68,87.9,0.81,85.71,1.68,2.19,-0.87
district,Gandaki,Mustang,Male,10 Year,124,109,14,1,0,87.9,0.81,87.9,0.81,85.71,1.68,2.19,-0.87
district,Gandaki,Mustang,Female,11 Year,125,111,12,2,0,88.8,1.6,89.43,0.0,88.8,1.6,0.63,-1.6
district,Gandaki,Mustang,Male,11 Year,123,110,13,0,0,89.43,0.0,89.43,0.0,88.8,1.6,0.63,-1.6
district,Gandaki,Mustang,Female,12 Year,123,115,8,0,0,93.5,0.0,88.08,0.0,93.5,0.0,-5.42,0.0
district,Gandaki,Mustang,Male,12 Year,151,133,18,0,0,88.08,0.0,88.08,0.0,93.5,0.0,-5.42,0.0
district,Gandaki,Mustang,Female,13 Year,117,112,2,2,1,95.73,1.71,91.56,0.65,95.73,1.71,-4.17,-1.06
district,Gandaki,Mustang,Male,13 Year,154,141,11,1,1,91.56,0.65,91.56,0.65,95.73,1.71,-4.17,-1.06
district,Gandaki,Mustang,Female,14 Year,102,98,2,2,0,96.08,1.96,94.41,0.0,96.08,1.96,-1.67,-1.96
district,Gandaki,Mustang,Male,14 Year,161,152,9,0,0,94.41,0.0,94.41,0.0,96.08,1.96,-1.67,-1.96
district,Gandaki,Mustang,Female,15 Year,103,97,6,0,0,94.17,0.0,78.24,1.76,94.17,0.0,-15.93,1.76
district,Gandaki,Mustang,Male,15 Year,170,133,33,3,1,78.24,1.76,78.24,1.76,94.17,0.0,-15.93,1.76
district,Gandaki,Mustang,Female,16 Year,89,77,11,1,0,86.52,1.12,89.92,0.84,86.52,1.12,3.4,-0.28
district,Gandaki,Mustang,Male,16 Year,119,107,11,1,0,89.92,0.84,89.92,0.84,86.52,1.12,3.4,-0.28
district,Gandaki,Mustang,Female,17 Year,62,48,13,1,0,77.42,1.61,84.55,1.63,77.42,1.61,7.13,0.02
district,Gandaki,Mustang,Male,17 Year,123,104,16,2,1,84.55,1.63,84.55,1.63,77.42,1.61,7.13,0.02
district,Gandaki,Mustang,Female,18 Year,46,25,17,4,0,54.35,8.7,69.74,3.95,54.35,8.7,15.39,-4.75
district,Gandaki,Mustang,Male,18 Year,76,53,20,3,0,69.74,3.95,69.74,3.95,54.35,8.7,15.39,-4.75
district,Gandaki,Mustang,Female,19 Year,44,17,25,2,0,38.64,4.55,64.62,1.54,38.64,4.55,25.98,-3.01
district,Gandaki,Mustang,Male,19 Year,65,42,22,1,0,64.62,1.54,64.62,1.54,38.64,4.55,25.98,-3.01
district,Gandaki,Mustang,Female,20 Year,53,9,40,4,0,16.98,7.55,16.98,1.89,16.98,7.55,0.0,-5.66
district,Gandaki,Mustang,Male,20 Year,53,9,43,1,0,16.98,1.89,16.98,1.89,16.98,7.55,0.0,-5.66
district,Gandaki,Mustang,Female,21 Year,37,3,24,10,0,8.11,27.03,25.76,7.58,8.11,27.03,17.65,-19.45
district,Gandaki,Mustang,Male,21 Year,66,17,43,5,1,25.76,7.58,25.76,7.58,8.11,27.03,17.65,-19.45
district,Gandaki,Mustang,Female,22 Year,49,2,37,10,0,4.08,20.41,4.62,6.15,4.08,20.41,0.54,-14.26
district,Gandaki,Mustang,Male,22 Year,65,3,58,4,0,4.62,6.15,4.62,6.15,4.08,20.41,0.54,-14.26
district,Gandaki,Mustang,Female,23 Year,47,6,40,1,0,12.77,2.13,9.52,1.59,12.77,2.13,-3.25,-0.54
district,Gandaki,Mustang,Male,23 Year,63,6,55,1,1,9.52,1.59,9.52,1.59,12.77,2.13,-3.25,-0.54
district,Gandaki,Mustang,Female,24 Year,41,5,30,5,1,12.2,12.2,10.91,5.45,12.2,12.2,-1.29,-6.75
district,Gandaki,Mustang,Male,24 Year,55,6,46,3,0,10.91,5.45,10.91,5.45,12.2,12.2,-1.29,-6.75
district,Gandaki,Mustang,Female,25 Year,92,3,71,17,1,3.26,18.48,8.0,6.67,3.26,18.48,4.74,-11.81
district,Gandaki,Mustang,Male,25 Year,75,6,64,5,0,8.0,6.67,8.0,6.67,3.26,18.48,4.74,-11.81
district,Gandaki,Mustang,Female,5 Year,105,96,0,6,3,91.43,5.71,85.45,9.09,91.43,5.71,-5.98,3.38
district,Gandaki,Mustang,Male,5 Year,110,94,0,10,6,85.45,9.09,85.45,9.09,91.43,5.71,-5.98,3.38
district,Gandaki,Mustang,Female,6 Year,101,97,2,2,0,96.04,1.98,87.27,8.18,96.04,1.98,-8.77,6.2
district,Gandaki,Mustang,Male,6 Year,110,96,2,9,3,87.27,8.18,87.27,8.18,96.04,1.98,-8.77,6.2
district,Gandaki,Mustang,Female,7 Year,114,112,2,0,0,98.25,0.0,96.88,2.08,98.25,0.0,-1.37,2.08
district,Gandaki,Mustang,Male,7 Year,96,93,0,2,1,96.88,2.08,96.88,2.08,98.25,0.0,-1.37,2.08
district,Gandaki,Mustang,Female,8 Year,116,112,1,1,2,96.55,0.86,99.16,0.84,96.55,0.86,2.61,-0.02
district,Gandaki,Mustang,Male,8 Year,119,118,0,1,0,99.16,0.84,99.16,0.84,96.55,0.86,2.61,-0.02
district,Gandaki,Mustang,Female,9 Year,96,95,0,0,1,98.96,0.0,96.8,0.0,98.96,0.0,-2.16,0.0
district,Gandaki,Mustang,Male,9 Year,125,121,3,0,1,96.8,0.0,96.8,0.0,98.96,0.0,-2.16,0.0
district,Gandaki,Mustang,Female,All Ages,1781,1342,358,72,9,75.35,4.04,75.03,2.41,75.35,4.04,-0.32,-1.63
district,Gandaki,Mustang,Male,All Ages,2203,1653,481,53,16,75.03,2.41,75.03,2.41,75.35,4.04,-0.32,-1.63
district,Gandaki,Myagdi,Female,10 Year,980,928,46,5,1,94.69,0.51,92.87,1.2,94.69,0.51,-1.82,0.69
district,Gandaki,Myagdi,Male,10 Year,996,925,59,12,0,92.87,1.2,92.87,1.2,94.69,0.51,-1.82,0.69
district,Gandaki,Myagdi,Female,11 Year,976,943,28,5,0,96.62,0.51,95.1,1.0,96.62,0.51,-1.52,0.49
district,Gandaki,Myagdi,Male,11 Year,1000,951,38,10,1,95.1,1.0,95.1,1.0,96.62,0.51,-1.52,0.49
district,Gandaki,Myagdi,Female,12 Year,1019,996,17,3,3,97.74,0.29,96.52,0.09,97.74,0.29,-1.22,-0.2
district,Gandaki,Myagdi,Male,12 Year,1093,1055,35,1,2,96.52,0.09,96.52,0.09,97.74,0.29,-1.22,-0.2
district,Gandaki,Myagdi,Female,13 Year,1016,977,28,8,3,96.16,0.79,95.95,0.39,96.16,0.79,-0.21,-0.4
district,Gandaki,Myagdi,Male,13 Year,1038,996,37,4,1,95.95,0.39,95.95,0.39,96.16,0.79,-0.21,-0.4
district,Gandaki,Myagdi,Female,14 Year,1058,1004,40,10,4,94.9,0.95,94.09,0.59,94.9,0.95,-0.81,-0.36
district,Gandaki,Myagdi,Male,14 Year,1015,955,48,6,6,94.09,0.59,94.09,0.59,94.9,0.95,-0.81,-0.36
district,Gandaki,Myagdi,Female,15 Year,908,840,59,5,4,92.51,0.55,91.33,0.31,92.51,0.55,-1.18,-0.24
district,Gandaki,Myagdi,Male,15 Year,957,874,77,3,3,91.33,0.31,91.33,0.31,92.51,0.55,-1.18,-0.24
district,Gandaki,Myagdi,Female,16 Year,580,489,84,6,1,84.31,1.03,82.25,1.83,84.31,1.03,-2.06,0.8
district,Gandaki,Myagdi,Male,16 Year,710,584,105,13,8,82.25,1.83,82.25,1.83,84.31,1.03,-2.06,0.8
district,Gandaki,Myagdi,Female,17 Year,375,234,131,9,1,62.4,2.4,65.38,2.44,62.4,2.4,2.98,0.04
district,Gandaki,Myagdi,Male,17 Year,491,321,155,12,3,65.38,2.44,65.38,2.44,62.4,2.4,2.98,0.04
district,Gandaki,Myagdi,Female,18 Year,340,147,181,9,3,43.24,2.65,45.61,2.85,43.24,2.65,2.37,0.2
district,Gandaki,Myagdi,Male,18 Year,421,192,213,12,4,45.61,2.85,45.61,2.85,43.24,2.65,2.37,0.2
district,Gandaki,Myagdi,Female,19 Year,306,66,229,9,2,21.57,2.94,27.9,3.04,21.57,2.94,6.33,0.1
district,Gandaki,Myagdi,Male,19 Year,362,101,243,11,7,27.9,3.04,27.9,3.04,21.57,2.94,6.33,0.1
district,Gandaki,Myagdi,Female,20 Year,323,38,270,13,2,11.76,4.02,16.01,1.12,11.76,4.02,4.25,-2.9
district,Gandaki,Myagdi,Male,20 Year,356,57,293,4,2,16.01,1.12,16.01,1.12,11.76,4.02,4.25,-2.9
district,Gandaki,Myagdi,Female,21 Year,328,33,279,15,1,10.06,4.57,11.34,3.35,10.06,4.57,1.28,-1.22
district,Gandaki,Myagdi,Male,21 Year,388,44,327,13,4,11.34,3.35,11.34,3.35,10.06,4.57,1.28,-1.22
district,Gandaki,Myagdi,Female,22 Year,400,18,358,24,0,4.5,6.0,6.96,2.79,4.5,6.0,2.46,-3.21
district,Gandaki,Myagdi,Male,22 Year,359,25,322,10,2,6.96,2.79,6.96,2.79,4.5,6.0,2.46,-3.21
district,Gandaki,Myagdi,Female,23 Year,353,13,322,16,2,3.68,4.53,7.55,4.58,3.68,4.53,3.87,0.05
district,Gandaki,Myagdi,Male,23 Year,371,28,322,17,4,7.55,4.58,7.55,4.58,3.68,4.53,3.87,0.05
district,Gandaki,Myagdi,Female,24 Year,412,24,371,15,2,5.83,3.64,7.28,3.77,5.83,3.64,1.45,0.13
district,Gandaki,Myagdi,Male,24 Year,371,27,328,14,2,7.28,3.77,7.28,3.77,5.83,3.64,1.45,0.13
district,Gandaki,Myagdi,Female,25 Year,436,18,384,32,2,4.13,7.34,5.37,3.66,4.13,7.34,1.24,-3.68
district,Gandaki,Myagdi,Male,25 Year,410,22,370,15,3,5.37,3.66,5.37,3.66,4.13,7.34,1.24,-3.68
district,Gandaki,Myagdi,Female,5 Year,872,825,12,26,9,94.61,2.98,94.53,3.05,94.61,2.98,-0.08,0.07
district,Gandaki,Myagdi,Male,5 Year,950,898,8,29,15,94.53,3.05,94.53,3.05,94.61,2.98,-0.08,0.07
district,Gandaki,Myagdi,Female,6 Year,907,879,6,16,6,96.91,1.76,97.13,1.23,96.91,1.76,0.22,-0.53
district,Gandaki,Myagdi,Male,6 Year,976,948,13,12,3,97.13,1.23,97.13,1.23,96.91,1.76,0.22,-0.53
district,Gandaki,Myagdi,Female,7 Year,925,912,9,1,3,98.59,0.11,98.66,0.41,98.59,0.11,0.07,0.3
district,Gandaki,Myagdi,Male,7 Year,967,954,7,4,2,98.66,0.41,98.66,0.41,98.59,0.11,0.07,0.3
district,Gandaki,Myagdi,Female,8 Year,875,860,12,3,0,98.29,0.34,97.71,0.62,98.29,0.34,-0.58,0.28
district,Gandaki,Myagdi,Male,8 Year,962,940,16,6,0,97.71,0.62,97.71,0.62,98.29,0.34,-0.58,0.28
district,Gandaki,Myagdi,Female,9 Year,929,909,14,3,3,97.85,0.32,97.06,0.98,97.85,0.32,-0.79,0.66
district,Gandaki,Myagdi,Male,9 Year,1021,991,17,10,3,97.06,0.98,97.06,0.98,97.85,0.32,-0.79,0.66
district,Gandaki,Myagdi,Female,All Ages,14318,11153,2880,233,52,77.89,1.63,78.14,1.43,77.89,1.63,0.25,-0.2
district,Gandaki,Myagdi,Male,All Ages,15214,11888,3033,218,75,78.14,1.43,78.14,1.43,77.89,1.63,0.25,-0.2
district,Gandaki,Nawalparasi (Bardaghat Susta East),Female,10 Year,3276,2973,280,17,6,90.75,0.52,90.85,0.49,90.75,0.52,0.1,-0.03
district,Gandaki,Nawalparasi (Bardaghat Susta East),Male,10 Year,3641,3308,310,18,5,90.85,0.49,90.85,0.49,90.75,0.52,0.1,-0.03
district,Gandaki,Nawalparasi (Bardaghat Susta East),Female,11 Year,2958,2804,122,26,6,94.79,0.88,94.25,0.73,94.79,0.88,-0.54,-0.15
district,Gandaki,Nawalparasi (Bardaghat Susta East),Male,11 Year,3166,2984,155,23,4,94.25,0.73,94.25,0.73,94.79,0.88,-0.54,-0.15
district,Gandaki,Nawalparasi (Bardaghat Susta East),Female,12 Year,3318,3216,79,18,5,96.93,0.54,96.15,0.75,96.93,0.54,-0.78,0.21
district,Gandaki,Nawalparasi (Bardaghat Susta East),Male,12 Year,3715,3572,113,28,2,96.15,0.75,96.15,0.75,96.93,0.54,-0.78,0.21
district,Gandaki,Nawalparasi (Bardaghat Susta East),Female,13 Year,3271,3173,77,13,8,97.0,0.4,95.61,0.99,97.0,0.4,-1.39,0.59
district,Gandaki,Nawalparasi (Bardaghat Susta East),Male,13 Year,3420,3270,111,34,5,95.61,0.99,95.61,0.99,97.0,0.4,-1.39,0.59
district,Gandaki,Nawalparasi (Bardaghat Susta East),Female,14 Year,3455,3325,111,15,4,96.24,0.43,93.89,0.9,96.24,0.43,-2.35,0.47
district,Gandaki,Nawalparasi (Bardaghat Susta East),Male,14 Year,3764,3534,192,34,4,93.89,0.9,93.89,0.9,96.24,0.43,-2.35,0.47
district,Gandaki,Nawalparasi (Bardaghat Susta East),Female,15 Year,3111,2843,232,27,9,91.39,0.87,90.43,0.76,91.39,0.87,-0.96,-0.11
district,Gandaki,Nawalparasi (Bardaghat Susta East),Male,15 Year,3541,3202,297,27,15,90.43,0.76,90.43,0.76,91.39,0.87,-0.96,-0.11
district,Gandaki,Nawalparasi (Bardaghat Susta East),Female,16 Year,2339,1960,353,22,4,83.8,0.94,82.85,1.46,83.8,0.94,-0.95,0.52
district,Gandaki,Nawalparasi (Bardaghat Susta East),Male,16 Year,2734,2265,413,40,16,82.85,1.46,82.85,1.46,83.8,0.94,-0.95,0.52
district,Gandaki,Nawalparasi (Bardaghat Susta East),Female,17 Year,1563,1033,500,27,3,66.09,1.73,69.26,2.1,66.09,1.73,3.17,0.37
district,Gandaki,Nawalparasi (Bardaghat Susta East),Male,17 Year,1809,1253,514,38,4,69.26,2.1,69.26,2.1,66.09,1.73,3.17,0.37
district,Gandaki,Nawalparasi (Bardaghat Susta East),Female,18 Year,1478,608,819,48,3,41.14,3.25,46.84,2.95,41.14,3.25,5.7,-0.3
district,Gandaki,Nawalparasi (Bardaghat Susta East),Male,18 Year,1659,777,826,49,7,46.84,2.95,46.84,2.95,41.14,3.25,5.7,-0.3
district,Gandaki,Nawalparasi (Bardaghat Susta East),Female,19 Year,1249,340,875,30,4,27.22,2.4,29.47,3.49,27.22,2.4,2.25,1.09
district,Gandaki,Nawalparasi (Bardaghat Susta East),Male,19 Year,1174,346,786,41,1,29.47,3.49,29.47,3.49,27.22,2.4,2.25,1.09
district,Gandaki,Nawalparasi (Bardaghat Susta East),Female,20 Year,1535,182,1266,84,3,11.86,5.47,12.09,4.59,11.86,5.47,0.23,-0.88
district,Gandaki,Nawalparasi (Bardaghat Susta East),Male,20 Year,1241,150,1030,57,4,12.09,4.59,12.09,4.59,11.86,5.47,0.23,-0.88
district,Gandaki,Nawalparasi (Bardaghat Susta East),Female,21 Year,1325,95,1152,75,3,7.17,5.66,8.8,3.76,7.17,5.66,1.63,-1.9
district,Gandaki,Nawalparasi (Bardaghat Susta East),Male,21 Year,1171,103,1022,44,2,8.8,3.76,8.8,3.76,7.17,5.66,1.63,-1.9
district,Gandaki,Nawalparasi (Bardaghat Susta East),Female,22 Year,1539,103,1351,79,6,6.69,5.13,6.6,3.81,6.69,5.13,-0.09,-1.32
district,Gandaki,Nawalparasi (Bardaghat Susta East),Male,22 Year,1287,85,1148,49,5,6.6,3.81,6.6,3.81,6.69,5.13,-0.09,-1.32
district,Gandaki,Nawalparasi (Bardaghat Susta East),Female,23 Year,1723,93,1526,97,7,5.4,5.63,5.65,3.58,5.4,5.63,0.25,-2.05
district,Gandaki,Nawalparasi (Bardaghat Susta East),Male,23 Year,1256,71,1136,45,4,5.65,3.58,5.65,3.58,5.4,5.63,0.25,-2.05
district,Gandaki,Nawalparasi (Bardaghat Susta East),Female,24 Year,1812,82,1622,104,4,4.53,5.74,4.97,4.97,4.53,5.74,0.44,-0.77
district,Gandaki,Nawalparasi (Bardaghat Susta East),Male,24 Year,1368,68,1229,68,3,4.97,4.97,4.97,4.97,4.53,5.74,0.44,-0.77
district,Gandaki,Nawalparasi (Bardaghat Susta East),Female,25 Year,2167,102,1912,142,11,4.71,6.55,4.44,4.86,4.71,6.55,-0.27,-1.69
district,Gandaki,Nawalparasi (Bardaghat Susta East),Male,25 Year,1419,63,1279,69,8,4.44,4.86,4.44,4.86,4.71,6.55,-0.27,-1.69
district,Gandaki,Nawalparasi (Bardaghat Susta East),Female,5 Year,3013,2808,42,107,56,93.2,3.55,92.37,4.37,93.2,3.55,-0.83,0.82
district,Gandaki,Nawalparasi (Bardaghat Susta East),Male,5 Year,3409,3149,30,149,81,92.37,4.37,92.37,4.37,93.2,3.55,-0.83,0.82
district,Gandaki,Nawalparasi (Bardaghat Susta East),Female,6 Year,3052,2958,25,48,21,96.92,1.57,97.34,1.1,96.92,1.57,0.42,-0.47
district,Gandaki,Nawalparasi (Bardaghat Susta East),Male,6 Year,3540,3446,31,39,24,97.34,1.1,97.34,1.1,96.92,1.57,0.42,-0.47
district,Gandaki,Nawalparasi (Bardaghat Susta East),Female,7 Year,3008,2953,28,23,4,98.17,0.76,97.74,0.99,98.17,0.76,-0.43,0.23
district,Gandaki,Nawalparasi (Bardaghat Susta East),Male,7 Year,3446,3368,32,34,12,97.74,0.99,97.74,0.99,98.17,0.76,-0.43,0.23
district,Gandaki,Nawalparasi (Bardaghat Susta East),Female,8 Year,3231,3179,26,11,15,98.39,0.34,97.87,0.77,98.39,0.34,-0.52,0.43
district,Gandaki,Nawalparasi (Bardaghat Susta East),Male,8 Year,3613,3536,40,28,9,97.87,0.77,97.87,0.77,98.39,0.34,-0.52,0.43
district,Gandaki,Nawalparasi (Bardaghat Susta East),Female,9 Year,3001,2956,28,10,7,98.5,0.33,97.95,0.77,98.5,0.33,-0.55,0.44
district,Gandaki,Nawalparasi (Bardaghat Susta East),Male,9 Year,3512,3440,38,27,7,97.95,0.77,97.95,0.77,98.5,0.33,-0.55,0.44
district,Gandaki,Nawalparasi (Bardaghat Susta East),Female,All Ages,51424,37786,12426,1023,189,73.48,1.99,77.93,1.75,73.48,1.99,4.45,-0.24
district,Gandaki,Nawalparasi (Bardaghat Susta East),Male,All Ages,53885,41990,10732,941,222,77.93,1.75,77.93,1.75,73.48,1.99,4.45,-0.24
district,Gandaki,Parbat,Female,10 Year,1094,1022,67,5,0,93.42,0.46,91.98,1.01,93.42,0.46,-1.44,0.55
district,Gandaki,Parbat,Male,10 Year,1285,1182,89,13,1,91.98,1.01,91.98,1.01,93.42,0.46,-1.44,0.55
district,Gandaki,Parbat,Female,11 Year,1013,977,27,7,2,96.45,0.69,95.83,0.62,96.45,0.69,-0.62,-0.07
district,Gandaki,Parbat,Male,11 Year,1127,1080,37,7,3,95.83,0.62,95.83,0.62,96.45,0.69,-0.62,-0.07
district,Gandaki,Parbat,Female,12 Year,1193,1162,27,3,1,97.4,0.25,96.69,0.32,97.4,0.25,-0.71,0.07
district,Gandaki,Parbat,Male,12 Year,1240,1199,35,4,2,96.69,0.32,96.69,0.32,97.4,0.25,-0.71,0.07
district,Gandaki,Parbat,Female,13 Year,1171,1134,28,9,0,96.84,0.77,96.75,0.62,96.84,0.77,-0.09,-0.15
district,Gandaki,Parbat,Male,13 Year,1292,1250,33,8,1,96.75,0.62,96.75,0.62,96.84,0.77,-0.09,-0.15
district,Gandaki,Parbat,Female,14 Year,1216,1184,25,5,2,97.37,0.41,95.93,0.56,97.37,0.41,-1.44,0.15
district,Gandaki,Parbat,Male,14 Year,1253,1202,40,7,4,95.93,0.56,95.93,0.56,97.37,0.41,-1.44,0.15
district,Gandaki,Parbat,Female,15 Year,998,940,51,6,1,94.19,0.6,92.96,0.89,94.19,0.6,-1.23,0.29
district,Gandaki,Parbat,Male,15 Year,1122,1043,67,10,2,92.96,0.89,92.96,0.89,94.19,0.6,-1.23,0.29
district,Gandaki,Parbat,Female,16 Year,624,558,56,10,0,89.42,1.6,87.93,0.52,89.42,1.6,-1.49,-1.08
district,Gandaki,Parbat,Male,16 Year,762,670,86,4,2,87.93,0.52,87.93,0.52,89.42,1.6,-1.49,-1.08
district,Gandaki,Parbat,Female,17 Year,383,276,102,5,0,72.06,1.31,72.47,2.15,72.06,1.31,0.41,0.84
district,Gandaki,Parbat,Male,17 Year,465,337,117,10,1,72.47,2.15,72.47,2.15,72.06,1.31,0.41,0.84
district,Gandaki,Parbat,Female,18 Year,379,168,194,16,1,44.33,4.22,47.9,3.97,44.33,4.22,3.57,-0.25
district,Gandaki,Parbat,Male,18 Year,428,205,206,17,0,47.9,3.97,47.9,3.97,44.33,4.22,3.57,-0.25
district,Gandaki,Parbat,Female,19 Year,301,99,185,17,0,32.89,5.65,36.72,1.97,32.89,5.65,3.83,-3.68
district,Gandaki,Parbat,Male,19 Year,305,112,185,6,2,36.72,1.97,36.72,1.97,32.89,5.65,3.83,-3.68
district,Gandaki,Parbat,Female,20 Year,370,61,297,12,0,16.49,3.24,17.44,2.62,16.49,3.24,0.95,-0.62
district,Gandaki,Parbat,Male,20 Year,344,60,274,9,1,17.44,2.62,17.44,2.62,16.49,3.24,0.95,-0.62
district,Gandaki,Parbat,Female,21 Year,350,39,286,23,2,11.14,6.57,13.74,4.39,11.14,6.57,2.6,-2.18
district,Gandaki,Parbat,Male,21 Year,342,47,280,15,0,13.74,4.39,13.74,4.39,11.14,6.57,2.6,-2.18
district,Gandaki,Parbat,Female,22 Year,411,36,339,34,2,8.76,8.27,11.08,4.32,8.76,8.27,2.32,-3.95
district,Gandaki,Parbat,Male,22 Year,370,41,313,16,0,11.08,4.32,11.08,4.32,8.76,8.27,2.32,-3.95
district,Gandaki,Parbat,Female,23 Year,469,29,414,23,3,6.18,4.9,12.58,5.97,6.18,4.9,6.4,1.07
district,Gandaki,Parbat,Male,23 Year,318,40,258,19,1,12.58,5.97,12.58,5.97,6.18,4.9,6.4,1.07
district,Gandaki,Parbat,Female,24 Year,451,25,399,24,3,5.54,5.32,7.6,5.56,5.54,5.32,2.06,0.24
district,Gandaki,Parbat,Male,24 Year,342,26,297,19,0,7.6,5.56,7.6,5.56,5.54,5.32,2.06,0.24
district,Gandaki,Parbat,Female,25 Year,577,37,478,57,5,6.41,9.88,6.96,6.44,6.41,9.88,0.55,-3.44
district,Gandaki,Parbat,Male,25 Year,388,27,333,25,3,6.96,6.44,6.96,6.44,6.41,9.88,0.55,-3.44
district,Gandaki,Parbat,Female,5 Year,1024,939,12,50,23,91.7,4.88,89.96,6.5,91.7,4.88,-1.74,1.62
district,Gandaki,Parbat,Male,5 Year,1185,1066,7,77,35,89.96,6.5,89.96,6.5,91.7,4.88,-1.74,1.62
district,Gandaki,Parbat,Female,6 Year,1058,1011,14,28,5,95.56,2.65,96.59,2.24,95.56,2.65,1.03,-0.41
district,Gandaki,Parbat,Male,6 Year,1203,1162,7,27,7,96.59,2.24,96.59,2.24,95.56,2.65,1.03,-0.41
district,Gandaki,Parbat,Female,7 Year,984,956,8,16,4,97.15,1.63,97.16,1.34,97.15,1.63,0.01,-0.29
district,Gandaki,Parbat,Male,7 Year,1197,1163,13,16,5,97.16,1.34,97.16,1.34,97.15,1.63,0.01,-0.29
district,Gandaki,Parbat,Female,8 Year,1136,1108,16,6,6,97.54,0.53,97.9,0.92,97.54,0.53,0.36,0.39
district,Gandaki,Parbat,Male,8 Year,1190,1165,13,11,1,97.9,0.92,97.9,0.92,97.54,0.53,0.36,0.39
district,Gandaki,Parbat,Female,9 Year,1023,1005,10,8,0,98.24,0.78,97.49,1.01,98.24,0.78,-0.75,0.23
district,Gandaki,Parbat,Male,9 Year,1194,1164,15,12,3,97.49,1.01,97.49,1.01,98.24,0.78,-0.75,0.23
district,Gandaki,Parbat,Female,All Ages,16225,12766,3035,364,60,78.68,2.24,82.07,1.91,78.68,2.24,3.39,-0.33
district,Gandaki,Parbat,Male,All Ages,17352,14241,2705,332,74,82.07,1.91,82.07,1.91,78.68,2.24,3.39,-0.33
district,Gandaki,Syangja,Female,10 Year,1940,1827,98,11,4,94.18,0.57,94.13,0.42,94.18,0.57,-0.05,-0.15
district,Gandaki,Syangja,Male,10 Year,2162,2035,112,9,6,94.13,0.42,94.13,0.42,94.18,0.57,-0.05,-0.15
district,Gandaki,Syangja,Female,11 Year,1945,1886,43,14,2,96.97,0.72,96.43,0.56,96.97,0.72,-0.54,-0.16
district,Gandaki,Syangja,Male,11 Year,1959,1889,57,11,2,96.43,0.56,96.43,0.56,96.97,0.72,-0.54,-0.16
district,Gandaki,Syangja,Female,12 Year,2004,1957,35,11,1,97.65,0.55,97.41,0.38,97.65,0.55,-0.24,-0.17
district,Gandaki,Syangja,Male,12 Year,2123,2068,45,8,2,97.41,0.38,97.41,0.38,97.65,0.55,-0.24,-0.17
district,Gandaki,Syangja,Female,13 Year,2141,2065,61,13,2,96.45,0.61,97.34,0.55,96.45,0.61,0.89,-0.06
district,Gandaki,Syangja,Male,13 Year,2177,2119,43,12,3,97.34,0.55,97.34,0.55,96.45,0.61,0.89,-0.06
district,Gandaki,Syangja,Female,14 Year,2180,2121,50,6,3,97.29,0.28,95.81,0.59,97.29,0.28,-1.48,0.31
district,Gandaki,Syangja,Male,14 Year,2364,2265,77,14,8,95.81,0.59,95.81,0.59,97.29,0.28,-1.48,0.31
district,Gandaki,Syangja,Female,15 Year,1911,1793,102,9,7,93.83,0.47,94.44,0.44,93.83,0.47,0.61,-0.03
district,Gandaki,Syangja,Male,15 Year,2049,1935,97,9,8,94.44,0.44,94.44,0.44,93.83,0.47,0.61,-0.03
district,Gandaki,Syangja,Female,16 Year,1137,1000,123,10,4,87.95,0.88,89.21,0.99,87.95,0.88,1.26,0.11
district,Gandaki,Syangja,Male,16 Year,1409,1257,133,14,5,89.21,0.99,89.21,0.99,87.95,0.88,1.26,0.11
district,Gandaki,Syangja,Female,17 Year,672,481,176,13,2,71.58,1.93,75.45,1.68,71.58,1.93,3.87,-0.25
district,Gandaki,Syangja,Male,17 Year,831,627,189,14,1,75.45,1.68,75.45,1.68,71.58,1.93,3.87,-0.25
district,Gandaki,Syangja,Female,18 Year,671,334,321,14,2,49.78,2.09,56.05,3.03,49.78,2.09,6.27,0.94
district,Gandaki,Syangja,Male,18 Year,760,426,307,23,4,56.05,3.03,56.05,3.03,49.78,2.09,6.27,0.94
district,Gandaki,Syangja,Female,19 Year,512,172,323,16,1,33.59,3.12,36.96,3.14,33.59,3.12,3.37,0.02
district,Gandaki,Syangja,Male,19 Year,606,224,361,19,2,36.96,3.14,36.96,3.14,33.59,3.12,3.37,0.02
district,Gandaki,Syangja,Female,20 Year,676,82,571,20,3,12.13,2.96,16.86,3.76,12.13,2.96,4.73,0.8
district,Gandaki,Syangja,Male,20 Year,611,103,482,23,3,16.86,3.76,16.86,3.76,12.13,2.96,4.73,0.8
district,Gandaki,Syangja,Female,21 Year,667,56,587,22,2,8.4,3.3,11.09,3.53,8.4,3.3,2.69,0.23
district,Gandaki,Syangja,Male,21 Year,595,66,505,21,3,11.09,3.53,11.09,3.53,8.4,3.3,2.69,0.23
district,Gandaki,Syangja,Female,22 Year,837,53,748,32,4,6.33,3.82,7.76,3.24,6.33,3.82,1.43,-0.58
district,Gandaki,Syangja,Male,22 Year,709,55,629,23,2,7.76,3.24,7.76,3.24,6.33,3.82,1.43,-0.58
district,Gandaki,Syangja,Female,23 Year,915,61,816,33,5,6.67,3.61,8.29,3.67,6.67,3.61,1.62,0.06
district,Gandaki,Syangja,Male,23 Year,627,52,550,23,2,8.29,3.67,8.29,3.67,6.67,3.61,1.62,0.06
district,Gandaki,Syangja,Female,24 Year,927,52,835,40,0,5.61,4.31,6.01,3.23,5.61,4.31,0.4,-1.08
district,Gandaki,Syangja,Male,24 Year,682,41,615,22,4,6.01,3.23,6.01,3.23,5.61,4.31,0.4,-1.08
district,Gandaki,Syangja,Female,25 Year,1153,56,1037,54,6,4.86,4.68,5.53,4.61,4.86,4.68,0.67,-0.07
district,Gandaki,Syangja,Male,25 Year,760,42,681,35,2,5.53,4.61,5.53,4.61,4.86,4.68,0.67,-0.07
district,Gandaki,Syangja,Female,5 Year,1807,1685,14,75,33,93.25,4.15,94.27,3.03,93.25,4.15,1.02,-1.12
district,Gandaki,Syangja,Male,5 Year,2077,1958,23,63,33,94.27,3.03,94.27,3.03,93.25,4.15,1.02,-1.12
district,Gandaki,Syangja,Female,6 Year,1888,1845,16,18,9,97.72,0.95,97.52,1.15,97.72,0.95,-0.2,0.2
district,Gandaki,Syangja,Male,6 Year,2095,2043,14,24,14,97.52,1.15,97.52,1.15,97.72,0.95,-0.2,0.2
district,Gandaki,Syangja,Female,7 Year,1798,1773,11,12,2,98.61,0.67,98.44,0.58,98.61,0.67,-0.17,-0.09
district,Gandaki,Syangja,Male,7 Year,2056,2024,14,12,6,98.44,0.58,98.44,0.58,98.61,0.67,-0.17,-0.09
district,Gandaki,Syangja,Female,8 Year,1804,1772,23,7,2,98.23,0.39,98.03,0.56,98.23,0.39,-0.2,0.17
district,Gandaki,Syangja,Male,8 Year,2127,2085,28,12,2,98.03,0.56,98.03,0.56,98.23,0.39,-0.2,0.17
district,Gandaki,Syangja,Female,9 Year,1864,1816,34,10,4,97.42,0.54,98.03,0.39,97.42,0.54,0.61,-0.15
district,Gandaki,Syangja,Male,9 Year,2077,2036,28,8,5,98.03,0.39,98.03,0.39,97.42,0.54,0.61,-0.15
district,Gandaki,Syangja,Female,All Ages,29449,22887,6024,440,98,77.72,1.49,82.16,1.29,77.72,1.49,4.44,-0.2
district,Gandaki,Syangja,Male,All Ages,30856,25350,4990,399,117,82.16,1.29,82.16,1.29,77.72,1.49,4.44,-0.2
district,Gandaki,Tanahu,Female,10 Year,2796,2595,177,18,6,92.81,0.64,92.51,0.87,92.81,0.64,-0.3,0.23
district,Gandaki,Tanahu,Male,10 Year,2885,2669,187,25,4,92.51,0.87,92.51,0.87,92.81,0.64,-0.3,0.23
district,Gandaki,Tanahu,Female,11 Year,2595,2509,74,11,1,96.69,0.42,94.9,0.46,96.69,0.42,-1.79,0.04
district,Gandaki,Tanahu,Male,11 Year,2803,2660,118,13,12,94.9,0.46,94.9,0.46,96.69,0.42,-1.79,0.04
district,Gandaki,Tanahu,Female,12 Year,2762,2663,80,14,5,96.42,0.51,96.23,0.58,96.42,0.51,-0.19,0.07
district,Gandaki,Tanahu,Male,12 Year,3106,2989,94,18,5,96.23,0.58,96.23,0.58,96.42,0.51,-0.19,0.07
district,Gandaki,Tanahu,Female,13 Year,2978,2904,60,9,5,97.52,0.3,95.6,0.61,97.52,0.3,-1.92,0.31
district,Gandaki,Tanahu,Male,13 Year,2953,2823,110,18,2,95.6,0.61,95.6,0.61,97.52,0.3,-1.92,0.31
district,Gandaki,Tanahu,Female,14 Year,2925,2821,92,9,3,96.44,0.31,94.53,0.68,96.44,0.31,-1.91,0.37
district,Gandaki,Tanahu,Male,14 Year,3069,2901,139,21,8,94.53,0.68,94.53,0.68,96.44,0.31,-1.91,0.37
district,Gandaki,Tanahu,Female,15 Year,2826,2568,223,19,16,90.87,0.67,90.05,0.69,90.87,0.67,-0.82,0.02
district,Gandaki,Tanahu,Male,15 Year,2915,2625,255,20,15,90.05,0.69,90.05,0.69,90.87,0.67,-0.82,0.02
district,Gandaki,Tanahu,Female,16 Year,1850,1534,286,22,8,82.92,1.19,85.07,1.01,82.92,1.19,2.15,-0.18
district,Gandaki,Tanahu,Male,16 Year,2183,1857,296,22,8,85.07,1.01,85.07,1.01,82.92,1.19,2.15,-0.18
district,Gandaki,Tanahu,Female,17 Year,1242,794,426,20,2,63.93,1.61,66.81,1.5,63.93,1.61,2.88,-0.11
district,Gandaki,Tanahu,Male,17 Year,1398,934,438,21,5,66.81,1.5,66.81,1.5,63.93,1.61,2.88,-0.11
district,Gandaki,Tanahu,Female,18 Year,1188,501,650,32,5,42.17,2.69,45.51,2.99,42.17,2.69,3.34,0.3
district,Gandaki,Tanahu,Male,18 Year,1404,639,718,42,5,45.51,2.99,45.51,2.99,42.17,2.69,3.34,0.3
district,Gandaki,Tanahu,Female,19 Year,960,242,690,26,2,25.21,2.71,30.46,3.15,25.21,2.71,5.25,0.44
district,Gandaki,Tanahu,Male,19 Year,985,300,652,31,2,30.46,3.15,30.46,3.15,25.21,2.71,5.25,0.44
district,Gandaki,Tanahu,Female,20 Year,1193,125,1015,50,3,10.48,4.19,13.51,3.7,10.48,4.19,3.03,-0.49
district,Gandaki,Tanahu,Male,20 Year,1081,146,890,40,5,13.51,3.7,13.51,3.7,10.48,4.19,3.03,-0.49
district,Gandaki,Tanahu,Female,21 Year,1077,94,942,36,5,8.73,3.34,9.02,3.93,8.73,3.34,0.29,0.59
district,Gandaki,Tanahu,Male,21 Year,1042,94,898,41,9,9.02,3.93,9.02,3.93,8.73,3.34,0.29,0.59
district,Gandaki,Tanahu,Female,22 Year,1313,68,1190,52,3,5.18,3.96,8.21,3.63,5.18,3.96,3.03,-0.33
district,Gandaki,Tanahu,Male,22 Year,1047,86,919,38,4,8.21,3.63,8.21,3.63,5.18,3.96,3.03,-0.33
district,Gandaki,Tanahu,Female,23 Year,1330,76,1195,58,1,5.71,4.36,3.63,3.83,5.71,4.36,-2.08,-0.53
district,Gandaki,Tanahu,Male,23 Year,1019,37,939,39,4,3.63,3.83,3.63,3.83,5.71,4.36,-2.08,-0.53
district,Gandaki,Tanahu,Female,24 Year,1566,75,1413,72,6,4.79,4.6,5.23,4.58,4.79,4.6,0.44,-0.02
district,Gandaki,Tanahu,Male,24 Year,1070,56,962,49,3,5.23,4.58,5.23,4.58,4.79,4.6,0.44,-0.02
district,Gandaki,Tanahu,Female,25 Year,1797,61,1633,91,12,3.39,5.06,5.42,4.02,3.39,5.06,2.03,-1.04
district,Gandaki,Tanahu,Male,25 Year,1218,66,1098,49,5,5.42,4.02,5.42,4.02,3.39,5.06,2.03,-1.04
district,Gandaki,Tanahu,Female,5 Year,2388,2199,30,87,72,92.09,3.64,92.49,3.6,92.09,3.64,0.4,-0.04
district,Gandaki,Tanahu,Male,5 Year,2638,2440,29,95,74,92.49,3.6,92.49,3.6,92.09,3.64,0.4,-0.04
district,Gandaki,Tanahu,Female,6 Year,2508,2418,37,31,22,96.41,1.24,96.39,1.79,96.41,1.24,-0.02,0.55
district,Gandaki,Tanahu,Male,6 Year,2799,2698,29,50,22,96.39,1.79,96.39,1.79,96.41,1.24,-0.02,0.55
district,Gandaki,Tanahu,Female,7 Year,2404,2346,30,17,11,97.59,0.71,97.36,0.58,97.59,0.71,-0.23,-0.13
district,Gandaki,Tanahu,Male,7 Year,2770,2697,43,16,14,97.36,0.58,97.36,0.58,97.59,0.71,-0.23,-0.13
district,Gandaki,Tanahu,Female,8 Year,2573,2516,34,13,10,97.78,0.51,97.5,0.92,97.78,0.51,-0.28,0.41
district,Gandaki,Tanahu,Male,8 Year,2922,2849,38,27,8,97.5,0.92,97.5,0.92,97.78,0.51,-0.28,0.41
district,Gandaki,Tanahu,Female,9 Year,2565,2517,40,5,3,98.13,0.19,97.53,0.39,98.13,0.19,-0.6,0.2
district,Gandaki,Tanahu,Male,9 Year,2838,2768,46,11,13,97.53,0.39,97.53,0.39,98.13,0.19,-0.6,0.2
district,Gandaki,Tanahu,Female,All Ages,42836,31626,10317,692,201,73.83,1.62,77.78,1.55,73.83,1.62,3.95,-0.07
district,Gandaki,Tanahu,Male,All Ages,44145,34334,8898,686,227,77.78,1.55,77.78,1.55,73.83,1.62,3.95,-0.07
district,Karnali,Dailekh,Female,10 Year,3126,2823,259,42,2,90.31,1.34,91.09,1.2,90.31,1.34,0.78,-0.14
district,Karnali,Dailekh,Male,10 Year,3343,3045,257,40,1,91.09,1.2,91.09,1.2,90.31,1.34,0.78,-0.14
district,Karnali,Dailekh,Female,11 Year,2682,2521,127,32,2,94.0,1.19,94.09,1.11,94.0,1.19,0.09,-0.08
district,Karnali,Dailekh,Male,11 Year,2623,2468,123,29,3,94.09,1.11,94.09,1.11,94.0,1.19,0.09,-0.08
district,Karnali,Dailekh,Female,12 Year,3428,3291,103,33,1,96.0,0.96,95.43,0.95,96.0,0.96,-0.57,-0.01
district,Karnali,Dailekh,Male,12 Year,3679,3511,133,35,0,95.43,0.95,95.43,0.95,96.0,0.96,-0.57,-0.01
district,Karnali,Dailekh,Female,13 Year,3255,3137,86,29,3,96.37,0.89,95.69,0.9,96.37,0.89,-0.68,0.01
district,Karnali,Dailekh,Male,13 Year,3106,2972,103,28,3,95.69,0.9,95.69,0.9,96.37,0.89,-0.68,0.01
district,Karnali,Dailekh,Female,14 Year,3511,3387,81,41,2,96.47,1.17,95.41,0.99,96.47,1.17,-1.06,-0.18
district,Karnali,Dailekh,Male,14 Year,3331,3178,113,33,7,95.41,0.99,95.41,0.99,96.47,1.17,-1.06,-0.18
district,Karnali,Dailekh,Female,15 Year,3144,2919,178,40,7,92.84,1.27,92.26,1.3,92.84,1.27,-0.58,0.03
district,Karnali,Dailekh,Male,15 Year,3011,2778,189,39,5,92.26,1.3,92.26,1.3,92.84,1.27,-0.58,0.03
district,Karnali,Dailekh,Female,16 Year,2634,2319,270,40,5,88.04,1.52,87.61,1.49,88.04,1.52,-0.43,-0.03
district,Karnali,Dailekh,Male,16 Year,2542,2227,275,38,2,87.61,1.49,87.61,1.49,88.04,1.52,-0.43,-0.03
district,Karnali,Dailekh,Female,17 Year,1577,1178,368,28,3,74.7,1.78,77.48,1.53,74.7,1.78,2.78,-0.25
district,Karnali,Dailekh,Male,17 Year,1439,1115,297,22,5,77.48,1.53,77.48,1.53,74.7,1.78,2.78,-0.25
district,Karnali,Dailekh,Female,18 Year,2009,1132,781,94,2,56.35,4.68,61.78,3.4,56.35,4.68,5.43,-1.28
district,Karnali,Dailekh,Male,18 Year,1881,1162,654,64,1,61.78,3.4,61.78,3.4,56.35,4.68,5.43,-1.28
district,Karnali,Dailekh,Female,19 Year,1240,430,737,70,3,34.68,5.65,47.02,3.21,34.68,5.65,12.34,-2.44
district,Karnali,Dailekh,Male,19 Year,1123,528,557,36,2,47.02,3.21,47.02,3.21,34.68,5.65,12.34,-2.44
district,Karnali,Dailekh,Female,20 Year,1905,301,1482,119,3,15.8,6.25,20.5,4.18,15.8,6.25,4.7,-2.07
district,Karnali,Dailekh,Male,20 Year,1434,294,1079,60,1,20.5,4.18,20.5,4.18,15.8,6.25,4.7,-2.07
district,Karnali,Dailekh,Female,21 Year,1427,157,1163,106,1,11.0,7.43,15.5,4.95,11.0,7.43,4.5,-2.48
district,Karnali,Dailekh,Male,21 Year,1090,169,866,54,1,15.5,4.95,15.5,4.95,11.0,7.43,4.5,-2.48
district,Karnali,Dailekh,Female,22 Year,1802,153,1511,137,1,8.49,7.6,10.04,4.98,8.49,7.6,1.55,-2.62
district,Karnali,Dailekh,Male,22 Year,1365,137,1158,68,2,10.04,4.98,10.04,4.98,8.49,7.6,1.55,-2.62
district,Karnali,Dailekh,Female,23 Year,1631,111,1378,139,3,6.81,8.52,8.46,6.2,6.81,8.52,1.65,-2.32
district,Karnali,Dailekh,Male,23 Year,1194,101,1018,74,1,8.46,6.2,8.46,6.2,6.81,8.52,1.65,-2.32
district,Karnali,Dailekh,Female,24 Year,1494,72,1277,142,3,4.82,9.5,6.39,6.15,4.82,9.5,1.57,-3.35
district,Karnali,Dailekh,Male,24 Year,1236,79,1079,76,2,6.39,6.15,6.39,6.15,4.82,9.5,1.57,-3.35
district,Karnali,Dailekh,Female,25 Year,1701,79,1374,248,0,4.64,14.58,4.47,7.59,4.64,14.58,-0.17,-6.99
district,Karnali,Dailekh,Male,25 Year,1252,56,1101,95,0,4.47,7.59,4.47,7.59,4.64,14.58,-0.17,-6.99
district,Karnali,Dailekh,Female,5 Year,2716,2342,17,319,38,86.23,11.75,86.13,11.48,86.23,11.75,-0.1,-0.27
district,Karnali,Dailekh,Male,5 Year,2892,2491,20,332,49,86.13,11.48,86.13,11.48,86.23,11.75,-0.1,-0.27
district,Karnali,Dailekh,Female,6 Year,2661,2442,19,187,13,91.77,7.03,92.74,6.22,91.77,7.03,0.97,-0.81
district,Karnali,Dailekh,Male,6 Year,2781,2579,21,173,8,92.74,6.22,92.74,6.22,91.77,7.03,0.97,-0.81
district,Karnali,Dailekh,Female,7 Year,2631,2529,16,78,8,96.12,2.96,96.15,2.78,96.12,2.96,0.03,-0.18
district,Karnali,Dailekh,Male,7 Year,2623,2522,20,73,8,96.15,2.78,96.15,2.78,96.12,2.96,0.03,-0.18
district,Karnali,Dailekh,Female,8 Year,2935,2839,22,70,4,96.73,2.39,96.31,2.43,96.73,2.39,-0.42,0.04
district,Karnali,Dailekh,Male,8 Year,3009,2898,32,73,6,96.31,2.43,96.31,2.43,96.73,2.39,-0.42,0.04
district,Karnali,Dailekh,Female,9 Year,2750,2687,26,37,0,97.71,1.35,97.39,1.31,97.71,1.35,-0.32,-0.04
district,Karnali,Dailekh,Male,9 Year,2754,2682,35,36,1,97.39,1.31,97.39,1.31,97.71,1.35,-0.32,-0.04
district,Karnali,Dailekh,Female,All Ages,50259,36849,11275,2031,104,73.32,4.04,77.54,3.1,73.32,4.04,4.22,-0.94
district,Karnali,Dailekh,Male,All Ages,47708,36992,9130,1478,108,77.54,3.1,77.54,3.1,73.32,4.04,4.22,-0.94
district,Karnali,Dolpa,Female,10 Year,512,430,55,27,0,83.98,5.27,86.36,2.84,83.98,5.27,2.38,-2.43
district,Karnali,Dolpa,Male,10 Year,528,456,57,15,0,86.36,2.84,86.36,2.84,83.98,5.27,2.38,-2.43
district,Karnali,Dolpa,Female,11 Year,411,363,28,20,0,88.32,4.87,88.38,3.54,88.32,4.87,0.06,-1.33
district,Karnali,Dolpa,Male,11 Year,396,350,32,14,0,88.38,3.54,88.38,3.54,88.32,4.87,0.06,-1.33
district,Karnali,Dolpa,Female,12 Year,579,505,44,30,0,87.22,5.18,88.85,3.96,87.22,5.18,1.63,-1.22
district,Karnali,Dolpa,Male,12 Year,556,494,39,22,1,88.85,3.96,88.85,3.96,87.22,5.18,1.63,-1.22
district,Karnali,Dolpa,Female,13 Year,566,509,25,32,0,89.93,5.65,88.12,5.85,89.93,5.65,-1.81,0.2
district,Karnali,Dolpa,Male,13 Year,547,482,33,32,0,88.12,5.85,88.12,5.85,89.93,5.65,-1.81,0.2
district,Karnali,Dolpa,Female,14 Year,547,487,30,30,0,89.03,5.48,93.24,3.48,89.03,5.48,4.21,-2.0
district,Karnali,Dolpa,Male,14 Year,488,455,16,17,0,93.24,3.48,93.24,3.48,89.03,5.48,4.21,-2.0
district,Karnali,Dolpa,Female,15 Year,502,403,56,43,0,80.28,8.57,86.14,3.62,80.28,8.57,5.86,-4.95
district,Karnali,Dolpa,Male,15 Year,469,404,46,17,2,86.14,3.62,86.14,3.62,80.28,8.57,5.86,-4.95
district,Karnali,Dolpa,Female,16 Year,487,385,61,40,1,79.06,8.21,81.89,7.57,79.06,8.21,2.83,-0.64
district,Karnali,Dolpa,Male,16 Year,370,303,39,28,0,81.89,7.57,81.89,7.57,79.06,8.21,2.83,-0.64
district,Karnali,Dolpa,Female,17 Year,249,163,55,31,0,65.46,12.45,74.8,8.8,65.46,12.45,9.34,-3.65
district,Karnali,Dolpa,Male,17 Year,250,187,41,22,0,74.8,8.8,74.8,8.8,65.46,12.45,9.34,-3.65
district,Karnali,Dolpa,Female,18 Year,393,231,96,66,0,58.78,16.79,66.41,10.43,58.78,16.79,7.63,-6.36
district,Karnali,Dolpa,Male,18 Year,393,261,91,41,0,66.41,10.43,66.41,10.43,58.78,16.79,7.63,-6.36
district,Karnali,Dolpa,Female,19 Year,217,104,64,49,0,47.93,22.58,56.54,16.36,47.93,22.58,8.61,-6.22
district,Karnali,Dolpa,Male,19 Year,214,121,57,35,1,56.54,16.36,56.54,16.36,47.93,22.58,8.61,-6.22
district,Karnali,Dolpa,Female,20 Year,323,61,163,98,1,18.89,30.34,25.21,19.83,18.89,30.34,6.32,-10.51
district,Karnali,Dolpa,Male,20 Year,242,61,132,48,1,25.21,19.83,25.21,19.83,18.89,30.34,6.32,-10.51
district,Karnali,Dolpa,Female,21 Year,203,27,109,67,0,13.3,33.0,18.02,26.16,13.3,33.0,4.72,-6.84
district,Karnali,Dolpa,Male,21 Year,172,31,94,45,2,18.02,26.16,18.02,26.16,13.3,33.0,4.72,-6.84
district,Karnali,Dolpa,Female,22 Year,284,19,159,106,0,6.69,37.32,12.9,20.74,6.69,37.32,6.21,-16.58
district,Karnali,Dolpa,Male,22 Year,217,28,144,45,0,12.9,20.74,12.9,20.74,6.69,37.32,6.21,-16.58
district,Karnali,Dolpa,Female,23 Year,241,21,121,98,1,8.71,40.66,11.11,18.69,8.71,40.66,2.4,-21.97
district,Karnali,Dolpa,Male,23 Year,198,22,139,37,0,11.11,18.69,11.11,18.69,8.71,40.66,2.4,-21.97
district,Karnali,Dolpa,Female,24 Year,233,12,125,96,0,5.15,41.2,5.98,21.74,5.15,41.2,0.83,-19.46
district,Karnali,Dolpa,Male,24 Year,184,11,133,40,0,5.98,21.74,5.98,21.74,5.15,41.2,0.83,-19.46
district,Karnali,Dolpa,Female,25 Year,360,29,170,160,1,8.06,44.44,8.24,26.16,8.06,44.44,0.18,-18.28
district,Karnali,Dolpa,Male,25 Year,279,23,183,73,0,8.24,26.16,8.24,26.16,8.06,44.44,0.18,-18.28
district,Karnali,Dolpa,Female,5 Year,431,331,7,89,4,76.8,20.65,76.06,20.97,76.8,20.65,-0.74,0.32
district,Karnali,Dolpa,Male,5 Year,472,359,6,99,8,76.06,20.97,76.06,20.97,76.8,20.65,-0.74,0.32
district,Karnali,Dolpa,Female,6 Year,486,409,4,71,2,84.16,14.61,83.47,15.7,84.16,14.61,-0.69,1.09
district,Karnali,Dolpa,Male,6 Year,484,404,3,76,1,83.47,15.7,83.47,15.7,84.16,14.61,-0.69,1.09
district,Karnali,Dolpa,Female,7 Year,448,406,3,36,3,90.62,8.04,90.72,6.26,90.62,8.04,0.1,-1.78
district,Karnali,Dolpa,Male,7 Year,431,391,11,27,2,90.72,6.26,90.72,6.26,90.62,8.04,0.1,-1.78
district,Karnali,Dolpa,Female,8 Year,566,520,10,35,1,91.87,6.18,93.07,4.74,91.87,6.18,1.2,-1.44
district,Karnali,Dolpa,Male,8 Year,548,510,10,26,2,93.07,4.74,93.07,4.74,91.87,6.18,1.2,-1.44
district,Karnali,Dolpa,Female,9 Year,427,390,7,29,1,91.33,6.79,92.28,5.69,91.33,6.79,0.95,-1.1
district,Karnali,Dolpa,Male,9 Year,492,454,10,28,0,92.28,5.69,92.28,5.69,91.33,6.79,0.95,-1.1
district,Karnali,Dolpa,Female,All Ages,8465,5805,1392,1253,15,68.58,14.8,73.23,9.92,68.58,14.8,4.65,-4.88
district,Karnali,Dolpa,Male,All Ages,7930,5807,1316,787,20,73.23,9.92,73.23,9.92,68.58,14.8,4.65,-4.88
district,Karnali,Humla,Female,10 Year,757,650,91,16,0,85.87,2.11,85.29,2.6,85.87,2.11,-0.58,0.49
district,Karnali,Humla,Male,10 Year,768,655,93,20,0,85.29,2.6,85.29,2.6,85.87,2.11,-0.58,0.49
district,Karnali,Humla,Female,11 Year,551,492,40,19,0,89.29,3.45,87.68,1.94,89.29,3.45,-1.61,-1.51
district,Karnali,Humla,Male,11 Year,568,498,58,11,1,87.68,1.94,87.68,1.94,89.29,3.45,-1.61,-1.51
district,Karnali,Humla,Female,12 Year,743,695,33,14,1,93.54,1.88,93.27,1.4,93.54,1.88,-0.27,-0.48
district,Karnali,Humla,Male,12 Year,787,734,42,11,0,93.27,1.4,93.27,1.4,93.54,1.88,-0.27,-0.48
district,Karnali,Humla,Female,13 Year,726,677,32,16,1,93.25,2.2,93.91,1.99,93.25,2.2,0.66,-0.21
district,Karnali,Humla,Male,13 Year,755,709,30,15,1,93.91,1.99,93.91,1.99,93.25,2.2,0.66,-0.21
district,Karnali,Humla,Female,14 Year,771,731,22,18,0,94.81,2.33,95.98,1.61,94.81,2.33,1.17,-0.72
district,Karnali,Humla,Male,14 Year,746,716,16,12,2,95.98,1.61,95.98,1.61,94.81,2.33,1.17,-0.72
district,Karnali,Humla,Female,15 Year,683,609,48,25,1,89.17,3.66,89.46,3.34,89.17,3.66,0.29,-0.32
district,Karnali,Humla,Male,15 Year,598,535,43,20,0,89.46,3.34,89.46,3.34,89.17,3.66,0.29,-0.32
district,Karnali,Humla,Female,16 Year,555,488,40,27,0,87.93,4.86,87.33,3.65,87.93,4.86,-0.6,-1.21
district,Karnali,Humla,Male,16 Year,521,455,47,19,0,87.33,3.65,87.33,3.65,87.93,4.86,-0.6,-1.21
district,Karnali,Humla,Female,17 Year,325,260,41,24,0,80.0,7.38,85.0,4.67,80.0,7.38,5.0,-2.71
district,Karnali,Humla,Male,17 Year,300,255,31,14,0,85.0,4.67,85.0,4.67,80.0,7.38,5.0,-2.71
district,Karnali,Humla,Female,18 Year,461,311,95,54,1,67.46,11.71,75.57,6.8,67.46,11.71,8.11,-4.91
district,Karnali,Humla,Male,18 Year,397,300,70,27,0,75.57,6.8,75.57,6.8,67.46,11.71,8.11,-4.91
district,Karnali,Humla,Female,19 Year,193,102,69,22,0,52.85,11.4,65.81,7.1,52.85,11.4,12.96,-4.3
district,Karnali,Humla,Male,19 Year,155,102,42,11,0,65.81,7.1,65.81,7.1,52.85,11.4,12.96,-4.3
district,Karnali,Humla,Female,20 Year,306,60,162,83,1,19.61,27.12,33.64,15.42,19.61,27.12,14.03,-11.7
district,Karnali,Humla,Male,20 Year,214,72,109,33,0,33.64,15.42,33.64,15.42,19.61,27.12,14.03,-11.7
district,Karnali,Humla,Female,21 Year,201,19,123,58,1,9.45,28.86,25.0,13.16,9.45,28.86,15.55,-15.7
district,Karnali,Humla,Male,21 Year,152,38,94,20,0,25.0,13.16,25.0,13.16,9.45,28.86,15.55,-15.7
district,Karnali,Humla,Female,22 Year,260,29,141,90,0,11.15,34.62,20.2,20.2,11.15,34.62,9.05,-14.42
district,Karnali,Humla,Male,22 Year,203,41,121,41,0,20.2,20.2,20.2,20.2,11.15,34.62,9.05,-14.42
district,Karnali,Humla,Female,23 Year,213,20,103,90,0,9.39,42.25,11.05,13.95,9.39,42.25,1.66,-28.3
district,Karnali,Humla,Male,23 Year,172,19,129,24,0,11.05,13.95,11.05,13.95,9.39,42.25,1.66,-28.3
district,Karnali,Humla,Female,24 Year,220,7,104,109,0,3.18,49.55,4.55,19.48,3.18,49.55,1.37,-30.07
district,Karnali,Humla,Male,24 Year,154,7,116,30,1,4.55,19.48,4.55,19.48,3.18,49.55,1.37,-30.07
district,Karnali,Humla,Female,25 Year,341,11,132,198,0,3.23,58.06,5.17,23.62,3.23,58.06,1.94,-34.44
district,Karnali,Humla,Male,25 Year,271,14,193,64,0,5.17,23.62,5.17,23.62,3.23,58.06,1.94,-34.44
district,Karnali,Humla,Female,5 Year,661,469,3,184,5,70.95,27.84,73.28,25.24,70.95,27.84,2.33,-2.6
district,Karnali,Humla,Male,5 Year,741,543,2,187,9,73.28,25.24,73.28,25.24,70.95,27.84,2.33,-2.6
district,Karnali,Humla,Female,6 Year,712,573,2,131,6,80.48,18.4,81.99,17.41,80.48,18.4,1.51,-0.99
district,Karnali,Humla,Male,6 Year,672,551,1,117,3,81.99,17.41,81.99,17.41,80.48,18.4,1.51,-0.99
district,Karnali,Humla,Female,7 Year,651,568,1,79,3,87.25,12.14,90.03,8.76,87.25,12.14,2.78,-3.38
district,Karnali,Humla,Male,7 Year,582,524,1,51,6,90.03,8.76,90.03,8.76,87.25,12.14,2.78,-3.38
district,Karnali,Humla,Female,8 Year,641,582,2,55,2,90.8,8.58,91.14,8.31,90.8,8.58,0.34,-0.27
district,Karnali,Humla,Male,8 Year,734,669,3,61,1,91.14,8.31,91.14,8.31,90.8,8.58,0.34,-0.27
district,Karnali,Humla,Female,9 Year,680,631,3,45,1,92.79,6.62,94.89,4.09,92.79,6.62,2.1,-2.53
district,Karnali,Humla,Male,9 Year,685,650,4,28,3,94.89,4.09,94.89,4.09,92.79,6.62,2.1,-2.53
district,Karnali,Humla,Female,All Ages,10651,7984,1287,1357,23,74.96,12.74,79.48,8.02,74.96,12.74,4.52,-4.72
district,Karnali,Humla,Male,All Ages,10175,8087,1245,816,27,79.48,8.02,79.48,8.02,74.96,12.74,4.52,-4.72
district,Karnali,Jajarkot,Female,10 Year,2728,2466,225,34,3,90.4,1.25,90.66,1.24,90.4,1.25,0.26,-0.01
district,Karnali,Jajarkot,Male,10 Year,2590,2348,206,32,4,90.66,1.24,90.66,1.24,90.4,1.25,0.26,-0.01
district,Karnali,Jajarkot,Female,11 Year,2270,2150,97,21,2,94.71,0.93,93.27,1.17,94.71,0.93,-1.44,0.24
district,Karnali,Jajarkot,Male,11 Year,2230,2080,124,26,0,93.27,1.17,93.27,1.17,94.71,0.93,-1.44,0.24
district,Karnali,Jajarkot,Female,12 Year,2766,2662,78,26,0,96.24,0.94,95.94,0.96,96.24,0.94,-0.3,0.02
district,Karnali,Jajarkot,Male,12 Year,2930,2811,88,28,3,95.94,0.96,95.94,0.96,96.24,0.94,-0.3,0.02
district,Karnali,Jajarkot,Female,13 Year,2649,2579,48,22,0,97.36,0.83,95.33,1.41,97.36,0.83,-2.03,0.58
district,Karnali,Jajarkot,Male,13 Year,2632,2509,85,37,1,95.33,1.41,95.33,1.41,97.36,0.83,-2.03,0.58
district,Karnali,Jajarkot,Female,14 Year,2630,2548,60,21,1,96.88,0.8,96.57,0.84,96.88,0.8,-0.31,0.04
district,Karnali,Jajarkot,Male,14 Year,2626,2536,66,22,2,96.57,0.84,96.57,0.84,96.88,0.8,-0.31,0.04
district,Karnali,Jajarkot,Female,15 Year,2520,2388,111,17,4,94.76,0.67,92.32,1.54,94.76,0.67,-2.44,0.87
district,Karnali,Jajarkot,Male,15 Year,2397,2213,144,37,3,92.32,1.54,92.32,1.54,94.76,0.67,-2.44,0.87
district,Karnali,Jajarkot,Female,16 Year,2028,1803,182,40,3,88.91,1.97,87.92,1.78,88.91,1.97,-0.99,-0.19
district,Karnali,Jajarkot,Male,16 Year,2028,1783,207,36,2,87.92,1.78,87.92,1.78,88.91,1.97,-0.99,-0.19
district,Karnali,Jajarkot,Female,17 Year,1279,1000,241,34,4,78.19,2.66,81.22,2.0,78.19,2.66,3.03,-0.66
district,Karnali,Jajarkot,Male,17 Year,1299,1055,217,26,1,81.22,2.0,81.22,2.0,78.19,2.66,3.03,-0.66
district,Karnali,Jajarkot,Female,18 Year,1451,839,546,66,0,57.82,4.55,65.12,3.74,57.82,4.55,7.3,-0.81
district,Karnali,Jajarkot,Male,18 Year,1445,941,449,54,1,65.12,3.74,65.12,3.74,57.82,4.55,7.3,-0.81
district,Karnali,Jajarkot,Female,19 Year,877,335,491,51,0,38.2,5.82,42.26,4.57,38.2,5.82,4.06,-1.25
district,Karnali,Jajarkot,Male,19 Year,788,333,418,36,1,42.26,4.57,42.26,4.57,38.2,5.82,4.06,-1.25
district,Karnali,Jajarkot,Female,20 Year,1051,194,772,85,0,18.46,8.09,24.52,5.97,18.46,8.09,6.06,-2.12
district,Karnali,Jajarkot,Male,20 Year,938,230,649,56,3,24.52,5.97,24.52,5.97,18.46,8.09,6.06,-2.12
district,Karnali,Jajarkot,Female,21 Year,885,114,703,68,0,12.88,7.68,16.05,5.93,12.88,7.68,3.17,-1.75
district,Karnali,Jajarkot,Male,21 Year,810,130,632,48,0,16.05,5.93,16.05,5.93,12.88,7.68,3.17,-1.75
district,Karnali,Jajarkot,Female,22 Year,1056,91,860,105,0,8.62,9.94,10.79,7.44,8.62,9.94,2.17,-2.5
district,Karnali,Jajarkot,Male,22 Year,927,100,758,69,0,10.79,7.44,10.79,7.44,8.62,9.94,2.17,-2.5
district,Karnali,Jajarkot,Female,23 Year,929,83,749,96,1,8.93,10.33,6.35,4.95,8.93,10.33,-2.58,-5.38
district,Karnali,Jajarkot,Male,23 Year,788,50,699,39,0,6.35,4.95,6.35,4.95,8.93,10.33,-2.58,-5.38
district,Karnali,Jajarkot,Female,24 Year,836,47,693,95,1,5.62,11.36,5.78,5.92,5.62,11.36,0.16,-5.44
district,Karnali,Jajarkot,Male,24 Year,709,41,626,42,0,5.78,5.92,5.78,5.92,5.62,11.36,0.16,-5.44
district,Karnali,Jajarkot,Female,25 Year,1046,58,798,189,1,5.54,18.07,6.39,7.02,5.54,18.07,0.85,-11.05
district,Karnali,Jajarkot,Male,25 Year,783,50,676,55,2,6.39,7.02,6.39,7.02,5.54,18.07,0.85,-11.05
district,Karnali,Jajarkot,Female,5 Year,2239,1895,8,290,46,84.64,12.95,84.94,12.7,84.64,12.95,0.3,-0.25
district,Karnali,Jajarkot,Male,5 Year,2284,1940,10,290,44,84.94,12.7,84.94,12.7,84.64,12.95,0.3,-0.25
district,Karnali,Jajarkot,Female,6 Year,2161,1989,10,154,8,92.04,7.13,92.2,6.8,92.04,7.13,0.16,-0.33
district,Karnali,Jajarkot,Male,6 Year,2206,2034,10,150,12,92.2,6.8,92.2,6.8,92.04,7.13,0.16,-0.33
district,Karnali,Jajarkot,Female,7 Year,2191,2075,13,92,11,94.71,4.2,95.55,3.77,94.71,4.2,0.84,-0.43
district,Karnali,Jajarkot,Male,7 Year,2043,1952,6,77,8,95.55,3.77,95.55,3.77,94.71,4.2,0.84,-0.43
district,Karnali,Jajarkot,Female,8 Year,2374,2308,11,53,2,97.22,2.23,97.06,2.01,97.22,2.23,-0.16,-0.22
district,Karnali,Jajarkot,Male,8 Year,2586,2510,22,52,2,97.06,2.01,97.06,2.01,97.22,2.23,-0.16,-0.22
district,Karnali,Jajarkot,Female,9 Year,2259,2197,23,37,2,97.26,1.64,97.56,1.39,97.26,1.64,0.3,-0.25
district,Karnali,Jajarkot,Male,9 Year,2373,2315,23,33,2,97.56,1.39,97.56,1.39,97.26,1.64,0.3,-0.25
district,Karnali,Jajarkot,Female,All Ages,38225,29821,6719,1596,89,78.01,4.18,80.08,3.33,78.01,4.18,2.07,-0.85
district,Karnali,Jajarkot,Male,All Ages,37412,29961,6115,1245,91,80.08,3.33,80.08,3.33,78.01,4.18,2.07,-0.85
district,Karnali,Jumla,Female,10 Year,1490,1277,175,34,4,85.7,2.28,86.2,1.98,85.7,2.28,0.5,-0.3
district,Karnali,Jumla,Male,10 Year,1565,1349,181,31,4,86.2,1.98,86.2,1.98,85.7,2.28,0.5,-0.3
district,Karnali,Jumla,Female,11 Year,1152,1042,85,24,1,90.45,2.08,87.93,1.88,90.45,2.08,-2.52,-0.2
district,Karnali,Jumla,Male,11 Year,1168,1027,117,22,2,87.93,1.88,87.93,1.88,90.45,2.08,-2.52,-0.2
district,Karnali,Jumla,Female,12 Year,1643,1530,74,31,8,93.12,1.89,92.52,1.72,93.12,1.89,-0.6,-0.17
district,Karnali,Jumla,Male,12 Year,1630,1508,90,28,4,92.52,1.72,92.52,1.72,93.12,1.89,-0.6,-0.17
district,Karnali,Jumla,Female,13 Year,1479,1386,57,33,3,93.71,2.23,95.58,1.14,93.71,2.23,1.87,-1.09
district,Karnali,Jumla,Male,13 Year,1492,1426,47,17,2,95.58,1.14,95.58,1.14,93.71,2.23,1.87,-1.09
district,Karnali,Jumla,Female,14 Year,1565,1482,56,21,6,94.7,1.34,95.67,1.79,94.7,1.34,0.97,0.45
district,Karnali,Jumla,Male,14 Year,1454,1391,34,26,3,95.67,1.79,95.67,1.79,94.7,1.34,0.97,0.45
district,Karnali,Jumla,Female,15 Year,1450,1303,83,59,5,89.86,4.07,91.05,3.23,89.86,4.07,1.19,-0.84
district,Karnali,Jumla,Male,15 Year,1453,1323,79,47,4,91.05,3.23,91.05,3.23,89.86,4.07,1.19,-0.84
district,Karnali,Jumla,Female,16 Year,1294,1139,101,47,7,88.02,3.63,91.32,2.38,88.02,3.63,3.3,-1.25
district,Karnali,Jumla,Male,16 Year,1221,1115,74,29,3,91.32,2.38,91.32,2.38,88.02,3.63,3.3,-1.25
district,Karnali,Jumla,Female,17 Year,757,609,94,50,4,80.45,6.61,84.8,3.13,80.45,6.61,4.35,-3.48
district,Karnali,Jumla,Male,17 Year,671,569,81,21,0,84.8,3.13,84.8,3.13,80.45,6.61,4.35,-3.48
district,Karnali,Jumla,Female,18 Year,1122,677,298,137,10,60.34,12.21,66.83,9.03,60.34,12.21,6.49,-3.18
district,Karnali,Jumla,Male,18 Year,1052,703,241,95,13,66.83,9.03,66.83,9.03,60.34,12.21,6.49,-3.18
district,Karnali,Jumla,Female,19 Year,527,241,212,72,2,45.73,13.66,58.79,8.24,45.73,13.66,13.06,-5.42
district,Karnali,Jumla,Male,19 Year,461,271,150,38,2,58.79,8.24,58.79,8.24,45.73,13.66,13.06,-5.42
district,Karnali,Jumla,Female,20 Year,870,199,490,176,5,22.87,20.23,31.18,11.94,22.87,20.23,8.31,-8.29
district,Karnali,Jumla,Male,20 Year,603,188,335,72,8,31.18,11.94,31.18,11.94,22.87,20.23,8.31,-8.29
district,Karnali,Jumla,Female,21 Year,697,90,375,218,14,12.91,31.28,19.96,17.56,12.91,31.28,7.05,-13.72
district,Karnali,Jumla,Male,21 Year,541,108,330,95,8,19.96,17.56,19.96,17.56,12.91,31.28,7.05,-13.72
district,Karnali,Jumla,Female,22 Year,740,94,470,173,3,12.7,23.38,13.93,14.59,12.7,23.38,1.23,-8.79
district,Karnali,Jumla,Male,22 Year,610,85,430,89,6,13.93,14.59,13.93,14.59,12.7,23.38,1.23,-8.79
district,Karnali,Jumla,Female,23 Year,683,51,432,198,2,7.47,28.99,12.13,13.5,7.47,28.99,4.66,-15.49
district,Karnali,Jumla,Male,23 Year,437,53,322,59,3,12.13,13.5,12.13,13.5,7.47,28.99,4.66,-15.49
district,Karnali,Jumla,Female,24 Year,761,61,432,254,14,8.02,33.38,10.67,23.33,8.02,33.38,2.65,-10.05
district,Karnali,Jumla,Male,24 Year,600,64,382,140,14,10.67,23.33,10.67,23.33,8.02,33.38,2.65,-10.05
district,Karnali,Jumla,Female,25 Year,820,36,442,337,5,4.39,41.1,6.33,20.78,4.39,41.1,1.94,-20.32
district,Karnali,Jumla,Male,25 Year,616,39,447,128,2,6.33,20.78,6.33,20.78,4.39,41.1,1.94,-20.32
district,Karnali,Jumla,Female,5 Year,1159,979,4,147,29,84.47,12.68,82.65,14.58,84.47,12.68,-1.82,1.9
district,Karnali,Jumla,Male,5 Year,1262,1043,5,184,30,82.65,14.58,82.65,14.58,84.47,12.68,-1.82,1.9
district,Karnali,Jumla,Female,6 Year,1224,1105,5,107,7,90.28,8.74,91.66,6.87,90.28,8.74,1.38,-1.87
district,Karnali,Jumla,Male,6 Year,1295,1187,7,89,12,91.66,6.87,91.66,6.87,90.28,8.74,1.38,-1.87
district,Karnali,Jumla,Female,7 Year,1143,1061,3,76,3,92.83,6.65,93.17,6.18,92.83,6.65,0.34,-0.47
district,Karnali,Jumla,Male,7 Year,1229,1145,5,76,3,93.17,6.18,93.17,6.18,92.83,6.65,0.34,-0.47
district,Karnali,Jumla,Female,8 Year,1386,1331,11,39,5,96.03,2.81,96.64,2.74,96.03,2.81,0.61,-0.07
district,Karnali,Jumla,Male,8 Year,1459,1410,4,40,5,96.64,2.74,96.64,2.74,96.03,2.81,0.61,-0.07
district,Karnali,Jumla,Female,9 Year,1176,1133,9,31,3,96.34,2.64,96.15,2.49,96.34,2.64,-0.19,-0.15
district,Karnali,Jumla,Male,9 Year,1246,1198,14,31,3,96.15,2.49,96.15,2.49,96.34,2.64,-0.19,-0.15
district,Karnali,Jumla,Female,All Ages,23138,16826,3908,2264,140,72.72,9.78,77.96,6.15,72.72,9.78,5.24,-3.63
district,Karnali,Jumla,Male,All Ages,22065,17202,3375,1357,131,77.96,6.15,77.96,6.15,72.72,9.78,5.24,-3.63
district,Karnali,Kalikot,Female,10 Year,2000,1791,190,19,0,89.55,0.95,89.35,0.78,89.55,0.95,-0.2,-0.17
district,Karnali,Kalikot,Male,10 Year,2178,1946,213,17,2,89.35,0.78,89.35,0.78,89.55,0.95,-0.2,-0.17
district,Karnali,Kalikot,Female,11 Year,1612,1514,87,10,1,93.92,0.62,94.31,0.6,93.92,0.62,0.39,-0.02
district,Karnali,Kalikot,Male,11 Year,1669,1574,84,10,1,94.31,0.6,94.31,0.6,93.92,0.62,0.39,-0.02
district,Karnali,Kalikot,Female,12 Year,2206,2112,80,13,1,95.74,0.59,95.69,1.1,95.74,0.59,-0.05,0.51
district,Karnali,Kalikot,Male,12 Year,2367,2265,73,26,3,95.69,1.1,95.69,1.1,95.74,0.59,-0.05,0.51
district,Karnali,Kalikot,Female,13 Year,1979,1905,55,18,1,96.26,0.91,97.67,0.25,96.26,0.91,1.41,-0.66
district,Karnali,Kalikot,Male,13 Year,2017,1970,41,5,1,97.67,0.25,97.67,0.25,96.26,0.91,1.41,-0.66
district,Karnali,Kalikot,Female,14 Year,2160,2104,41,13,2,97.41,0.6,97.19,0.61,97.41,0.6,-0.22,0.01
district,Karnali,Kalikot,Male,14 Year,2135,2075,45,13,2,97.19,0.61,97.19,0.61,97.41,0.6,-0.22,0.01
district,Karnali,Kalikot,Female,15 Year,1940,1835,91,13,1,94.59,0.67,94.91,0.88,94.59,0.67,0.32,0.21
district,Karnali,Kalikot,Male,15 Year,1827,1734,74,16,3,94.91,0.88,94.91,0.88,94.59,0.67,0.32,0.21
district,Karnali,Kalikot,Female,16 Year,1658,1535,103,18,2,92.58,1.09,93.78,1.01,92.58,1.09,1.2,-0.08
district,Karnali,Kalikot,Male,16 Year,1592,1493,83,16,0,93.78,1.01,93.78,1.01,92.58,1.09,1.2,-0.08
district,Karnali,Kalikot,Female,17 Year,819,711,95,11,2,86.81,1.34,85.38,1.28,86.81,1.34,-1.43,-0.06
district,Karnali,Kalikot,Male,17 Year,780,666,104,10,0,85.38,1.28,85.38,1.28,86.81,1.34,-1.43,-0.06
district,Karnali,Kalikot,Female,18 Year,1395,1006,344,43,2,72.11,3.08,76.09,2.69,72.11,3.08,3.98,-0.39
district,Karnali,Kalikot,Male,18 Year,1263,961,266,34,2,76.09,2.69,76.09,2.69,72.11,3.08,3.98,-0.39
district,Karnali,Kalikot,Female,19 Year,612,343,242,24,3,56.05,3.92,57.28,3.88,56.05,3.92,1.23,-0.04
district,Karnali,Kalikot,Male,19 Year,515,295,199,20,1,57.28,3.88,57.28,3.88,56.05,3.92,1.23,-0.04
district,Karnali,Kalikot,Female,20 Year,922,273,572,76,1,29.61,8.24,33.08,6.5,29.61,8.24,3.47,-1.74
district,Karnali,Kalikot,Male,20 Year,662,219,400,43,0,33.08,6.5,33.08,6.5,29.61,8.24,3.47,-1.74
district,Karnali,Kalikot,Female,21 Year,576,115,387,71,3,19.97,12.33,21.67,3.96,19.97,12.33,1.7,-8.37
district,Karnali,Kalikot,Male,21 Year,480,104,357,19,0,21.67,3.96,21.67,3.96,19.97,12.33,1.7,-8.37
district,Karnali,Kalikot,Female,22 Year,767,99,570,98,0,12.91,12.78,15.42,7.8,12.91,12.78,2.51,-4.98
district,Karnali,Kalikot,Male,22 Year,590,91,451,46,2,15.42,7.8,15.42,7.8,12.91,12.78,2.51,-4.98
district,Karnali,Kalikot,Female,23 Year,600,59,428,113,0,9.83,18.83,14.47,6.8,9.83,18.83,4.64,-12.03
district,Karnali,Kalikot,Male,23 Year,456,66,357,31,2,14.47,6.8,14.47,6.8,9.83,18.83,4.64,-12.03
district,Karnali,Kalikot,Female,24 Year,640,53,461,125,1,8.28,19.53,9.69,7.01,8.28,19.53,1.41,-12.52
district,Karnali,Kalikot,Male,24 Year,485,47,404,34,0,9.69,7.01,9.69,7.01,8.28,19.53,1.41,-12.52
district,Karnali,Kalikot,Female,25 Year,764,44,487,232,1,5.76,30.37,5.86,10.62,5.76,30.37,0.1,-19.75
district,Karnali,Kalikot,Male,25 Year,546,32,456,58,0,5.86,10.62,5.86,10.62,5.76,30.37,0.1,-19.75
district,Karnali,Kalikot,Female,5 Year,1631,1288,4,286,53,78.97,17.54,81.89,15.6,78.97,17.54,2.92,-1.94
district,Karnali,Kalikot,Male,5 Year,1795,1470,8,280,37,81.89,15.6,81.89,15.6,78.97,17.54,2.92,-1.94
district,Karnali,Kalikot,Female,6 Year,1669,1513,6,135,15,90.65,8.09,91.36,7.21,90.65,8.09,0.71,-0.88
district,Karnali,Kalikot,Male,6 Year,1748,1597,7,126,18,91.36,7.21,91.36,7.21,90.65,8.09,0.71,-0.88
district,Karnali,Kalikot,Female,7 Year,1553,1476,6,68,3,95.04,4.38,95.48,3.86,95.04,4.38,0.44,-0.52
district,Karnali,Kalikot,Male,7 Year,1528,1459,4,59,6,95.48,3.86,95.48,3.86,95.04,4.38,0.44,-0.52
district,Karnali,Kalikot,Female,8 Year,1793,1749,1,41,2,97.55,2.29,97.11,2.36,97.55,2.29,-0.44,0.07
district,Karnali,Kalikot,Male,8 Year,1906,1851,6,45,4,97.11,2.36,97.11,2.36,97.55,2.29,-0.44,0.07
district,Karnali,Kalikot,Female,9 Year,1669,1638,10,20,1,98.14,1.2,97.77,1.41,98.14,1.2,-0.37,0.21
district,Karnali,Kalikot,Male,9 Year,1706,1668,10,24,4,97.77,1.41,97.77,1.41,98.14,1.2,-0.37,0.21
district,Karnali,Kalikot,Female,All Ages,28965,23163,4260,1447,95,79.97,5.0,83.49,3.3,79.97,5.0,3.52,-1.7
district,Karnali,Kalikot,Male,All Ages,28245,23583,3642,932,88,83.49,3.3,83.49,3.3,79.97,5.0,3.52,-1.7
district,Karnali,Mugu,Female,10 Year,936,834,81,21,0,89.1,2.24,87.59,1.37,89.1,2.24,-1.51,-0.87
district,Karnali,Mugu,Male,10 Year,951,833,105,13,0,87.59,1.37,87.59,1.37,89.1,2.24,-1.51,-0.87
district,Karnali,Mugu,Female,11 Year,701,641,52,8,0,91.44,1.14,91.09,1.89,91.44,1.14,-0.35,0.75
district,Karnali,Mugu,Male,11 Year,741,675,52,14,0,91.09,1.89,91.09,1.89,91.44,1.14,-0.35,0.75
district,Karnali,Mugu,Female,12 Year,926,874,42,10,0,94.38,1.08,92.44,1.61,94.38,1.08,-1.94,0.53
district,Karnali,Mugu,Male,12 Year,992,917,58,16,1,92.44,1.61,92.44,1.61,94.38,1.08,-1.94,0.53
district,Karnali,Mugu,Female,13 Year,856,811,30,15,0,94.74,1.75,94.35,1.33,94.74,1.75,-0.39,-0.42
district,Karnali,Mugu,Male,13 Year,902,851,39,12,0,94.35,1.33,94.35,1.33,94.74,1.75,-0.39,-0.42
district,Karnali,Mugu,Female,14 Year,809,772,19,18,0,95.43,2.22,93.19,1.96,95.43,2.22,-2.24,-0.26
district,Karnali,Mugu,Male,14 Year,866,807,41,17,1,93.19,1.96,93.19,1.96,95.43,2.22,-2.24,-0.26
district,Karnali,Mugu,Female,15 Year,772,683,57,31,1,88.47,4.02,91.69,1.72,88.47,4.02,3.22,-2.3
district,Karnali,Mugu,Male,15 Year,698,640,46,12,0,91.69,1.72,91.69,1.72,88.47,4.02,3.22,-2.3
district,Karnali,Mugu,Female,16 Year,641,560,65,15,1,87.36,2.34,86.32,2.7,87.36,2.34,-1.04,0.36
district,Karnali,Mugu,Male,16 Year,592,511,65,16,0,86.32,2.7,86.32,2.7,87.36,2.34,-1.04,0.36
district,Karnali,Mugu,Female,17 Year,427,325,76,26,0,76.11,6.09,85.59,3.67,76.11,6.09,9.48,-2.42
district,Karnali,Mugu,Male,17 Year,354,303,37,13,1,85.59,3.67,85.59,3.67,76.11,6.09,9.48,-2.42
district,Karnali,Mugu,Female,18 Year,587,344,194,47,2,58.6,8.01,65.34,3.79,58.6,8.01,6.74,-4.22
district,Karnali,Mugu,Male,18 Year,554,362,171,21,0,65.34,3.79,65.34,3.79,58.6,8.01,6.74,-4.22
district,Karnali,Mugu,Female,19 Year,326,119,159,47,1,36.5,14.42,50.38,6.06,36.5,14.42,13.88,-8.36
district,Karnali,Mugu,Male,19 Year,264,133,115,16,0,50.38,6.06,50.38,6.06,36.5,14.42,13.88,-8.36
district,Karnali,Mugu,Female,20 Year,495,101,310,84,0,20.4,16.97,30.25,7.56,20.4,16.97,9.85,-9.41
district,Karnali,Mugu,Male,20 Year,357,108,222,27,0,30.25,7.56,30.25,7.56,20.4,16.97,9.85,-9.41
district,Karnali,Mugu,Female,21 Year,342,40,223,79,0,11.7,23.1,15.93,9.26,11.7,23.1,4.23,-13.84
district,Karnali,Mugu,Male,21 Year,270,43,202,25,0,15.93,9.26,15.93,9.26,11.7,23.1,4.23,-13.84
district,Karnali,Mugu,Female,22 Year,428,42,276,110,0,9.81,25.7,14.33,11.57,9.81,25.7,4.52,-14.13
district,Karnali,Mugu,Male,22 Year,363,52,268,42,1,14.33,11.57,14.33,11.57,9.81,25.7,4.52,-14.13
district,Karnali,Mugu,Female,23 Year,368,28,241,99,0,7.61,26.9,7.95,8.71,7.61,26.9,0.34,-18.19
district,Karnali,Mugu,Male,23 Year,264,21,220,23,0,7.95,8.71,7.95,8.71,7.61,26.9,0.34,-18.19
district,Karnali,Mugu,Female,24 Year,342,15,217,110,0,4.39,32.16,6.0,12.33,4.39,32.16,1.61,-19.83
district,Karnali,Mugu,Male,24 Year,300,18,245,37,0,6.0,12.33,6.0,12.33,4.39,32.16,1.61,-19.83
district,Karnali,Mugu,Female,25 Year,504,17,249,238,0,3.37,47.22,7.6,17.63,3.37,47.22,4.23,-29.59
district,Karnali,Mugu,Male,25 Year,329,25,246,58,0,7.6,17.63,7.6,17.63,3.37,47.22,4.23,-29.59
district,Karnali,Mugu,Female,5 Year,780,597,3,171,9,76.54,21.92,76.78,22.61,76.54,21.92,0.24,0.69
district,Karnali,Mugu,Male,5 Year,827,635,3,187,2,76.78,22.61,76.78,22.61,76.54,21.92,0.24,0.69
district,Karnali,Mugu,Female,6 Year,849,748,4,94,3,88.1,11.07,90.12,9.31,88.1,11.07,2.02,-1.76
district,Karnali,Mugu,Male,6 Year,881,794,4,82,1,90.12,9.31,90.12,9.31,88.1,11.07,2.02,-1.76
district,Karnali,Mugu,Female,7 Year,780,738,5,37,0,94.62,4.74,93.73,5.27,94.62,4.74,-0.89,0.53
district,Karnali,Mugu,Male,7 Year,797,747,5,42,3,93.73,5.27,93.73,5.27,94.62,4.74,-0.89,0.53
district,Karnali,Mugu,Female,8 Year,823,787,4,30,2,95.63,3.65,95.43,4.22,95.63,3.65,-0.2,0.57
district,Karnali,Mugu,Male,8 Year,854,815,3,36,0,95.43,4.22,95.43,4.22,95.63,3.65,-0.2,0.57
district,Karnali,Mugu,Female,9 Year,764,744,3,17,0,97.38,2.23,95.52,3.39,97.38,2.23,-1.86,1.16
district,Karnali,Mugu,Male,9 Year,915,874,9,31,1,95.52,3.39,95.52,3.39,97.38,2.23,-1.86,1.16
district,Karnali,Mugu,Female,All Ages,13456,9820,2310,1307,19,72.98,9.71,77.76,5.66,72.98,9.71,4.78,-4.05
district,Karnali,Mugu,Male,All Ages,13071,10164,2156,740,11,77.76,5.66,77.76,5.66,72.98,9.71,4.78,-4.05
district,Karnali,Rukum (West),Female,10 Year,1933,1775,142,14,2,91.83,0.72,91.13,0.47,91.83,0.72,-0.7,-0.25
district,Karnali,Rukum (West),Male,10 Year,2109,1922,176,10,1,91.13,0.47,91.13,0.47,91.83,0.72,-0.7,-0.25
district,Karnali,Rukum (West),Female,11 Year,1723,1648,62,13,0,95.65,0.75,93.64,0.53,95.65,0.75,-2.01,-0.22
district,Karnali,Rukum (West),Male,11 Year,1683,1576,95,9,3,93.64,0.53,93.64,0.53,95.65,0.75,-2.01,-0.22
district,Karnali,Rukum (West),Female,12 Year,2109,2037,51,17,4,96.59,0.81,95.48,0.75,96.59,0.81,-1.11,-0.06
district,Karnali,Rukum (West),Male,12 Year,2259,2157,85,17,0,95.48,0.75,95.48,0.75,96.59,0.81,-1.11,-0.06
district,Karnali,Rukum (West),Female,13 Year,1987,1933,41,13,0,97.28,0.65,97.07,0.4,97.28,0.65,-0.21,-0.25
district,Karnali,Rukum (West),Male,13 Year,1979,1921,49,8,1,97.07,0.4,97.07,0.4,97.28,0.65,-0.21,-0.25
district,Karnali,Rukum (West),Female,14 Year,2240,2194,34,12,0,97.95,0.54,96.29,0.69,97.95,0.54,-1.66,0.15
district,Karnali,Rukum (West),Male,14 Year,2186,2105,63,15,3,96.29,0.69,96.29,0.69,97.95,0.54,-1.66,0.15
district,Karnali,Rukum (West),Female,15 Year,2048,1928,104,16,0,94.14,0.78,93.45,1.22,94.14,0.78,-0.69,0.44
district,Karnali,Rukum (West),Male,15 Year,1969,1840,104,24,1,93.45,1.22,93.45,1.22,94.14,0.78,-0.69,0.44
district,Karnali,Rukum (West),Female,16 Year,1690,1495,168,27,0,88.46,1.6,88.12,1.33,88.46,1.6,-0.34,-0.27
district,Karnali,Rukum (West),Male,16 Year,1650,1454,172,22,2,88.12,1.33,88.12,1.33,88.46,1.6,-0.34,-0.27
district,Karnali,Rukum (West),Female,17 Year,1064,790,252,21,1,74.25,1.97,78.09,2.02,74.25,1.97,3.84,0.05
district,Karnali,Rukum (West),Male,17 Year,1091,852,217,22,0,78.09,2.02,78.09,2.02,74.25,1.97,3.84,0.05
district,Karnali,Rukum (West),Female,18 Year,1149,633,477,38,1,55.09,3.31,63.01,2.36,55.09,3.31,7.92,-0.95
district,Karnali,Rukum (West),Male,18 Year,1184,746,410,28,0,63.01,2.36,63.01,2.36,55.09,3.31,7.92,-0.95
district,Karnali,Rukum (West),Female,19 Year,735,249,457,29,0,33.88,3.95,45.47,3.57,33.88,3.95,11.59,-0.38
district,Karnali,Rukum (West),Male,19 Year,728,331,371,26,0,45.47,3.57,45.47,3.57,33.88,3.95,11.59,-0.38
district,Karnali,Rukum (West),Female,20 Year,956,146,753,56,1,15.27,5.86,23.66,4.78,15.27,5.86,8.39,-1.08
district,Karnali,Rukum (West),Male,20 Year,837,198,599,40,0,23.66,4.78,23.66,4.78,15.27,5.86,8.39,-1.08
district,Karnali,Rukum (West),Female,21 Year,782,72,662,47,1,9.21,6.01,11.96,4.63,9.21,6.01,2.75,-1.38
district,Karnali,Rukum (West),Male,21 Year,627,75,521,29,2,11.96,4.63,11.96,4.63,9.21,6.01,2.75,-1.38
district,Karnali,Rukum (West),Female,22 Year,1013,60,874,78,1,5.92,7.7,9.75,4.05,5.92,7.7,3.83,-3.65
district,Karnali,Rukum (West),Male,22 Year,790,77,681,32,0,9.75,4.05,9.75,4.05,5.92,7.7,3.83,-3.65
district,Karnali,Rukum (West),Female,23 Year,811,28,706,75,2,3.45,9.25,4.45,5.09,3.45,9.25,1.0,-4.16
district,Karnali,Rukum (West),Male,23 Year,629,28,569,32,0,4.45,5.09,4.45,5.09,3.45,9.25,1.0,-4.16
district,Karnali,Rukum (West),Female,24 Year,862,51,734,76,1,5.92,8.82,4.26,5.18,5.92,8.82,-1.66,-3.64
district,Karnali,Rukum (West),Male,24 Year,657,28,594,34,1,4.26,5.18,4.26,5.18,5.92,8.82,-1.66,-3.64
district,Karnali,Rukum (West),Female,25 Year,937,43,765,128,1,4.59,13.66,3.58,8.36,4.59,13.66,-1.01,-5.3
district,Karnali,Rukum (West),Male,25 Year,670,24,589,56,1,3.58,8.36,3.58,8.36,4.59,13.66,-1.01,-5.3
district,Karnali,Rukum (West),Female,5 Year,1645,1424,9,187,25,86.57,11.37,86.57,11.46,86.57,11.37,0.0,0.09
district,Karnali,Rukum (West),Male,5 Year,1832,1586,8,210,28,86.57,11.46,86.57,11.46,86.57,11.37,0.0,0.09
district,Karnali,Rukum (West),Female,6 Year,1655,1556,2,80,17,94.02,4.83,93.1,6.02,94.02,4.83,-0.92,1.19
district,Karnali,Rukum (West),Male,6 Year,1811,1686,5,109,11,93.1,6.02,93.1,6.02,94.02,4.83,-0.92,1.19
district,Karnali,Rukum (West),Female,7 Year,1660,1605,8,41,6,96.69,2.47,96.97,2.24,96.69,2.47,0.28,-0.23
district,Karnali,Rukum (West),Male,7 Year,1651,1601,10,37,3,96.97,2.24,96.97,2.24,96.69,2.47,0.28,-0.23
district,Karnali,Rukum (West),Female,8 Year,1783,1738,8,31,6,97.48,1.74,98.23,1.06,97.48,1.74,0.75,-0.68
district,Karnali,Rukum (West),Male,8 Year,1975,1940,10,21,4,98.23,1.06,98.23,1.06,97.48,1.74,0.75,-0.68
district,Karnali,Rukum (West),Female,9 Year,1699,1652,20,26,1,97.23,1.53,97.78,1.34,97.23,1.53,0.55,-0.19
district,Karnali,Rukum (West),Male,9 Year,1711,1673,10,23,5,97.78,1.34,97.78,1.34,97.23,1.53,0.55,-0.19
district,Karnali,Rukum (West),Female,All Ages,30481,23057,6329,1025,70,75.64,3.36,79.33,2.68,75.64,3.36,3.69,-0.68
district,Karnali,Rukum (West),Male,All Ages,30028,23820,5338,804,66,79.33,2.68,79.33,2.68,75.64,3.36,3.69,-0.68
district,Karnali,Salyan,Female,10 Year,2468,2298,154,15,1,93.11,0.61,91.4,0.88,93.11,0.61,-1.71,0.27
district,Karnali,Salyan,Male,10 Year,2617,2392,202,23,0,91.4,0.88,91.4,0.88,93.11,0.61,-1.71,0.27
district,Karnali,Salyan,Female,11 Year,2188,2089,78,21,0,95.48,0.96,95.81,0.79,95.48,0.96,0.33,-0.17
district,Karnali,Salyan,Male,11 Year,2266,2171,76,18,1,95.81,0.79,95.81,0.79,95.48,0.96,0.33,-0.17
district,Karnali,Salyan,Female,12 Year,2794,2713,62,19,0,97.1,0.68,96.65,0.54,97.1,0.68,-0.45,-0.14
district,Karnali,Salyan,Male,12 Year,2958,2859,83,16,0,96.65,0.54,96.65,0.54,97.1,0.68,-0.45,-0.14
district,Karnali,Salyan,Female,13 Year,2775,2712,47,16,0,97.73,0.58,96.99,0.65,97.73,0.58,-0.74,0.07
district,Karnali,Salyan,Male,13 Year,2755,2672,65,18,0,96.99,0.65,96.99,0.65,97.73,0.58,-0.74,0.07
district,Karnali,Salyan,Female,14 Year,2919,2829,76,12,2,96.92,0.41,94.63,0.7,96.92,0.41,-2.29,0.29
district,Karnali,Salyan,Male,14 Year,3019,2857,136,21,5,94.63,0.7,94.63,0.7,96.92,0.41,-2.29,0.29
district,Karnali,Salyan,Female,15 Year,2806,2645,143,15,3,94.26,0.53,90.76,0.82,94.26,0.53,-3.5,0.29
district,Karnali,Salyan,Male,15 Year,2804,2545,233,23,3,90.76,0.82,90.76,0.82,94.26,0.53,-3.5,0.29
district,Karnali,Salyan,Female,16 Year,2250,1945,281,21,3,86.44,0.93,83.51,0.84,86.44,0.93,-2.93,-0.09
district,Karnali,Salyan,Male,16 Year,2390,1996,371,20,3,83.51,0.84,83.51,0.84,86.44,0.93,-2.93,-0.09
district,Karnali,Salyan,Female,17 Year,1569,1076,465,27,1,68.58,1.72,70.39,1.25,68.58,1.72,1.81,-0.47
district,Karnali,Salyan,Male,17 Year,1685,1186,476,21,2,70.39,1.25,70.39,1.25,68.58,1.72,1.81,-0.47
district,Karnali,Salyan,Female,18 Year,1623,727,860,36,0,44.79,2.22,51.43,1.98,44.79,2.22,6.64,-0.24
district,Karnali,Salyan,Male,18 Year,1719,884,800,34,1,51.43,1.98,51.43,1.98,44.79,2.22,6.64,-0.24
district,Karnali,Salyan,Female,19 Year,1311,355,919,37,0,27.08,2.82,33.07,2.56,27.08,2.82,5.99,-0.26
district,Karnali,Salyan,Male,19 Year,1252,414,806,32,0,33.07,2.56,33.07,2.56,27.08,2.82,5.99,-0.26
district,Karnali,Salyan,Female,20 Year,1703,195,1465,39,4,11.45,2.29,12.56,2.66,11.45,2.29,1.11,0.37
district,Karnali,Salyan,Male,20 Year,1465,184,1242,39,0,12.56,2.66,12.56,2.66,11.45,2.29,1.11,0.37
district,Karnali,Salyan,Female,21 Year,1557,102,1418,36,1,6.55,2.31,8.39,2.63,6.55,2.31,1.84,0.32
district,Karnali,Salyan,Male,21 Year,1371,115,1218,36,2,8.39,2.63,8.39,2.63,6.55,2.31,1.84,0.32
district,Karnali,Salyan,Female,22 Year,1852,105,1669,77,1,5.67,4.16,6.33,3.16,5.67,4.16,0.66,-1.0
district,Karnali,Salyan,Male,22 Year,1454,92,1314,46,2,6.33,3.16,6.33,3.16,5.67,4.16,0.66,-1.0
district,Karnali,Salyan,Female,23 Year,1669,50,1556,62,1,3.0,3.71,3.09,2.87,3.0,3.71,0.09,-0.84
district,Karnali,Salyan,Male,23 Year,1326,41,1247,38,0,3.09,2.87,3.09,2.87,3.0,3.71,0.09,-0.84
district,Karnali,Salyan,Female,24 Year,1650,48,1522,78,2,2.91,4.73,2.66,3.27,2.91,4.73,-0.25,-1.46
district,Karnali,Salyan,Male,24 Year,1316,35,1237,43,1,2.66,3.27,2.66,3.27,2.91,4.73,-0.25,-1.46
district,Karnali,Salyan,Female,25 Year,1734,40,1565,128,1,2.31,7.38,2.16,4.82,2.31,7.38,-0.15,-2.56
district,Karnali,Salyan,Male,25 Year,1391,30,1294,67,0,2.16,4.82,2.16,4.82,2.31,7.38,-0.15,-2.56
district,Karnali,Salyan,Female,5 Year,2264,1990,20,223,31,87.9,9.85,87.49,10.03,87.9,9.85,-0.41,0.18
district,Karnali,Salyan,Male,5 Year,2462,2154,19,247,42,87.49,10.03,87.49,10.03,87.9,9.85,-0.41,0.18
district,Karnali,Salyan,Female,6 Year,2272,2143,21,92,16,94.32,4.05,94.3,4.48,94.32,4.05,-0.02,0.43
district,Karnali,Salyan,Male,6 Year,2388,2252,15,107,14,94.3,4.48,94.3,4.48,94.32,4.05,-0.02,0.43
district,Karnali,Salyan,Female,7 Year,2298,2226,14,51,7,96.87,2.22,96.69,2.4,96.87,2.22,-0.18,0.18
district,Karnali,Salyan,Male,7 Year,2293,2217,13,55,8,96.69,2.4,96.69,2.4,96.87,2.22,-0.18,0.18
district,Karnali,Salyan,Female,8 Year,2341,2294,19,25,3,97.99,1.07,97.97,1.0,97.99,1.07,-0.02,-0.07
district,Karnali,Salyan,Male,8 Year,2512,2461,22,25,4,97.97,1.0,97.97,1.0,97.99,1.07,-0.02,-0.07
district,Karnali,Salyan,Female,9 Year,2247,2197,26,18,6,97.77,0.8,97.91,0.7,97.77,0.8,0.14,-0.1
district,Karnali,Salyan,Male,9 Year,2296,2248,30,16,2,97.91,0.7,97.91,0.7,97.77,0.8,0.14,-0.1
district,Karnali,Salyan,Female,All Ages,44290,30779,12380,1048,83,69.49,2.37,72.72,2.16,69.49,2.37,3.23,-0.21
district,Karnali,Salyan,Male,All Ages,43739,31805,10899,945,90,72.72,2.16,72.72,2.16,69.49,2.37,3.23,-0.21
district,Karnali,Surkhet,Female,10 Year,4322,3964,335,22,1,91.72,0.51,90.6,0.58,91.72,0.51,-1.12,0.07
district,Karnali,Surkhet,Male,10 Year,4789,4339,420,28,2,90.6,0.58,90.6,0.58,91.72,0.51,-1.12,0.07
district,Karnali,Surkhet,Female,11 Year,3985,3789,169,25,2,95.08,0.63,95.3,0.63,95.08,0.63,0.22,0.0
district,Karnali,Surkhet,Male,11 Year,4274,4073,168,27,6,95.3,0.63,95.3,0.63,95.08,0.63,0.22,0.0
district,Karnali,Surkhet,Female,12 Year,4714,4575,111,23,5,97.05,0.49,95.88,0.87,97.05,0.49,-1.17,0.38
district,Karnali,Surkhet,Male,12 Year,5150,4938,160,45,7,95.88,0.87,95.88,0.87,97.05,0.49,-1.17,0.38
district,Karnali,Surkhet,Female,13 Year,4794,4666,101,23,4,97.33,0.48,96.12,0.42,97.33,0.48,-1.21,-0.06
district,Karnali,Surkhet,Male,13 Year,5026,4831,168,21,6,96.12,0.42,96.12,0.42,97.33,0.48,-1.21,-0.06
district,Karnali,Surkhet,Female,14 Year,5028,4851,147,25,5,96.48,0.5,95.41,0.44,96.48,0.5,-1.07,-0.06
district,Karnali,Surkhet,Male,14 Year,5245,5004,211,23,7,95.41,0.44,95.41,0.44,96.48,0.5,-1.07,-0.06
district,Karnali,Surkhet,Female,15 Year,4343,4017,296,23,7,92.49,0.53,91.28,0.84,92.49,0.53,-1.21,0.31
district,Karnali,Surkhet,Male,15 Year,4518,4124,352,38,4,91.28,0.84,91.28,0.84,92.49,0.53,-1.21,0.31
district,Karnali,Surkhet,Female,16 Year,3230,2764,431,32,3,85.57,0.99,85.67,0.84,85.57,0.99,0.1,-0.15
district,Karnali,Surkhet,Male,16 Year,3433,2941,460,29,3,85.67,0.84,85.67,0.84,85.57,0.99,0.1,-0.15
district,Karnali,Surkhet,Female,17 Year,2210,1442,728,36,4,65.25,1.63,72.13,1.57,65.25,1.63,6.88,-0.06
district,Karnali,Surkhet,Male,17 Year,2160,1558,563,34,5,72.13,1.57,72.13,1.57,65.25,1.63,6.88,-0.06
district,Karnali,Surkhet,Female,18 Year,2336,972,1308,52,4,41.61,2.23,51.45,1.97,41.61,2.23,9.84,-0.26
district,Karnali,Surkhet,Male,18 Year,2239,1152,1039,44,4,51.45,1.97,51.45,1.97,41.61,2.23,9.84,-0.26
district,Karnali,Surkhet,Female,19 Year,1898,505,1342,48,3,26.61,2.53,33.22,2.73,26.61,2.53,6.61,0.2
district,Karnali,Surkhet,Male,19 Year,1719,571,1095,47,6,33.22,2.73,33.22,2.73,26.61,2.53,6.61,0.2
district,Karnali,Surkhet,Female,20 Year,2447,239,2114,91,3,9.77,3.72,14.83,2.68,9.77,3.72,5.06,-1.04
district,Karnali,Surkhet,Male,20 Year,1901,282,1565,51,3,14.83,2.68,14.83,2.68,9.77,3.72,5.06,-1.04
district,Karnali,Surkhet,Female,21 Year,2084,149,1863,69,3,7.15,3.31,10.61,2.88,7.15,3.31,3.46,-0.43
district,Karnali,Surkhet,Male,21 Year,1735,184,1500,50,1,10.61,2.88,10.61,2.88,7.15,3.31,3.46,-0.43
district,Karnali,Surkhet,Female,22 Year,2561,144,2307,108,2,5.62,4.22,6.65,3.23,5.62,4.22,1.03,-0.99
district,Karnali,Surkhet,Male,22 Year,2014,134,1814,65,1,6.65,3.23,6.65,3.23,5.62,4.22,1.03,-0.99
district,Karnali,Surkhet,Female,23 Year,2415,92,2226,95,2,3.81,3.93,4.25,2.82,3.81,3.93,0.44,-1.11
district,Karnali,Surkhet,Male,23 Year,1810,77,1680,51,2,4.25,2.82,4.25,2.82,3.81,3.93,0.44,-1.11
district,Karnali,Surkhet,Female,24 Year,2364,82,2155,122,5,3.47,5.16,3.06,3.23,3.47,5.16,-0.41,-1.93
district,Karnali,Surkhet,Male,24 Year,1798,55,1683,58,2,3.06,3.23,3.06,3.23,3.47,5.16,-0.41,-1.93
district,Karnali,Surkhet,Female,25 Year,2676,77,2431,164,4,2.88,6.13,1.74,4.18,2.88,6.13,-1.14,-1.95
district,Karnali,Surkhet,Male,25 Year,1841,32,1731,77,1,1.74,4.18,1.74,4.18,2.88,6.13,-1.14,-1.95
district,Karnali,Surkhet,Female,5 Year,3704,3384,27,239,54,91.36,6.45,91.71,6.39,91.36,6.45,0.35,-0.06
district,Karnali,Surkhet,Male,5 Year,4040,3705,20,258,57,91.71,6.39,91.71,6.39,91.36,6.45,0.35,-0.06
district,Karnali,Surkhet,Female,6 Year,3800,3668,29,93,10,96.53,2.45,96.01,3.16,96.53,2.45,-0.52,0.71
district,Karnali,Surkhet,Male,6 Year,4237,4068,25,134,10,96.01,3.16,96.01,3.16,96.53,2.45,-0.52,0.71
district,Karnali,Surkhet,Female,7 Year,3776,3679,25,62,10,97.43,1.64,97.85,1.18,97.43,1.64,0.42,-0.46
district,Karnali,Surkhet,Male,7 Year,4241,4150,31,50,10,97.85,1.18,97.85,1.18,97.43,1.64,0.42,-0.46
district,Karnali,Surkhet,Female,8 Year,4143,4067,37,35,4,98.17,0.84,98.26,0.54,98.17,0.84,0.09,-0.3
district,Karnali,Surkhet,Male,8 Year,4593,4513,45,25,10,98.26,0.54,98.26,0.54,98.17,0.84,0.09,-0.3
district,Karnali,Surkhet,Female,9 Year,4067,4001,46,18,2,98.38,0.44,98.03,0.58,98.38,0.44,-0.35,0.14
district,Karnali,Surkhet,Male,9 Year,4463,4375,62,26,0,98.03,0.58,98.03,0.58,98.38,0.44,-0.35,0.14
district,Karnali,Surkhet,Female,All Ages,70897,51127,18228,1405,137,72.11,1.98,77.37,1.66,72.11,1.98,5.26,-0.32
district,Karnali,Surkhet,Male,All Ages,71226,55106,14792,1181,147,77.37,1.66,77.37,1.66,72.11,1.98,5.26,-0.32
district,Koshi,Bhojpur,Female,10 Year,1472,1358,100,14,0,92.26,0.95,92.53,1.41,92.26,0.95,0.27,0.46
district,Koshi,Bhojpur,Male,10 Year,1485,1374,90,21,0,92.53,1.41,92.53,1.41,92.26,0.95,0.27,0.46
district,Koshi,Bhojpur,Female,11 Year,1466,1408,44,14,0,96.04,0.95,95.51,0.35,96.04,0.95,-0.53,-0.6
district,Koshi,Bhojpur,Male,11 Year,1426,1362,59,5,0,95.51,0.35,95.51,0.35,96.04,0.95,-0.53,-0.6
district,Koshi,Bhojpur,Female,12 Year,1570,1524,32,14,0,97.07,0.89,95.47,0.72,97.07,0.89,-1.6,-0.17
district,Koshi,Bhojpur,Male,12 Year,1677,1601,64,12,0,95.47,0.72,95.47,0.72,97.07,0.89,-1.6,-0.17
district,Koshi,Bhojpur,Female,13 Year,1622,1573,37,12,0,96.98,0.74,94.42,0.74,96.98,0.74,-2.56,0.0
district,Koshi,Bhojpur,Male,13 Year,1631,1540,79,12,0,94.42,0.74,94.42,0.74,96.98,0.74,-2.56,0.0
district,Koshi,Bhojpur,Female,14 Year,1606,1510,82,14,0,94.02,0.87,93.62,0.91,94.02,0.87,-0.4,0.04
district,Koshi,Bhojpur,Male,14 Year,1646,1541,90,15,0,93.62,0.91,93.62,0.91,94.02,0.87,-0.4,0.04
district,Koshi,Bhojpur,Female,15 Year,1424,1269,143,12,0,89.12,0.84,86.81,1.47,89.12,0.84,-2.31,0.63
district,Koshi,Bhojpur,Male,15 Year,1493,1296,175,22,0,86.81,1.47,86.81,1.47,89.12,0.84,-2.31,0.63
district,Koshi,Bhojpur,Female,16 Year,1105,865,227,13,0,78.28,1.18,77.03,1.27,78.28,1.18,-1.25,0.09
district,Koshi,Bhojpur,Male,16 Year,1258,969,273,16,0,77.03,1.27,77.03,1.27,78.28,1.18,-1.25,0.09
district,Koshi,Bhojpur,Female,17 Year,857,499,339,19,0,58.23,2.22,60.26,2.08,58.23,2.22,2.03,-0.14
district,Koshi,Bhojpur,Male,17 Year,1057,637,397,22,1,60.26,2.08,60.26,2.08,58.23,2.22,2.03,-0.14
district,Koshi,Bhojpur,Female,18 Year,825,297,505,22,1,36.0,2.67,40.33,2.24,36.0,2.67,4.33,-0.43
district,Koshi,Bhojpur,Male,18 Year,1029,415,591,23,0,40.33,2.24,40.33,2.24,36.0,2.67,4.33,-0.43
district,Koshi,Bhojpur,Female,19 Year,651,116,506,29,0,17.82,4.45,24.4,2.77,17.82,4.45,6.58,-1.68
district,Koshi,Bhojpur,Male,19 Year,795,194,579,22,0,24.4,2.77,24.4,2.77,17.82,4.45,6.58,-1.68
district,Koshi,Bhojpur,Female,20 Year,838,44,761,33,0,5.25,3.94,8.51,3.12,5.25,3.94,3.26,-0.82
district,Koshi,Bhojpur,Male,20 Year,834,71,737,26,0,8.51,3.12,8.51,3.12,5.25,3.94,3.26,-0.82
district,Koshi,Bhojpur,Female,21 Year,779,26,722,31,0,3.34,3.98,4.64,4.64,3.34,3.98,1.3,0.66
district,Koshi,Bhojpur,Male,21 Year,841,39,763,39,0,4.64,4.64,4.64,4.64,3.34,3.98,1.3,0.66
district,Koshi,Bhojpur,Female,22 Year,828,11,768,49,0,1.33,5.92,1.86,2.84,1.33,5.92,0.53,-3.08
district,Koshi,Bhojpur,Male,22 Year,915,17,872,26,0,1.86,2.84,1.86,2.84,1.33,5.92,0.53,-3.08
district,Koshi,Bhojpur,Female,23 Year,780,14,731,35,0,1.79,4.49,1.75,3.5,1.79,4.49,-0.04,-0.99
district,Koshi,Bhojpur,Male,23 Year,799,14,757,28,0,1.75,3.5,1.75,3.5,1.79,4.49,-0.04,-0.99
district,Koshi,Bhojpur,Female,24 Year,833,12,776,45,0,1.44,5.4,0.74,3.7,1.44,5.4,-0.7,-1.7
district,Koshi,Bhojpur,Male,24 Year,811,6,775,30,0,0.74,3.7,0.74,3.7,1.44,5.4,-0.7,-1.7
district,Koshi,Bhojpur,Female,25 Year,967,2,913,52,0,0.21,5.38,0.2,4.95,0.21,5.38,-0.01,-0.43
district,Koshi,Bhojpur,Male,25 Year,1010,2,958,50,0,0.2,4.95,0.2,4.95,0.21,5.38,-0.01,-0.43
district,Koshi,Bhojpur,Female,5 Year,1453,1341,5,105,2,92.29,7.23,91.37,8.41,92.29,7.23,-0.92,1.18
district,Koshi,Bhojpur,Male,5 Year,1391,1271,2,117,1,91.37,8.41,91.37,8.41,92.29,7.23,-0.92,1.18
district,Koshi,Bhojpur,Female,6 Year,1458,1410,2,46,0,96.71,3.16,96.86,3.07,96.71,3.16,0.15,-0.09
district,Koshi,Bhojpur,Male,6 Year,1530,1482,0,47,1,96.86,3.07,96.86,3.07,96.71,3.16,0.15,-0.09
district,Koshi,Bhojpur,Female,7 Year,1452,1432,2,18,0,98.62,1.24,98.51,1.41,98.62,1.24,-0.11,0.17
district,Koshi,Bhojpur,Male,7 Year,1343,1323,1,19,0,98.51,1.41,98.51,1.41,98.62,1.24,-0.11,0.17
district,Koshi,Bhojpur,Female,8 Year,1494,1476,4,14,0,98.8,0.94,98.51,1.3,98.8,0.94,-0.29,0.36
district,Koshi,Bhojpur,Male,8 Year,1542,1519,3,20,0,98.51,1.3,98.51,1.3,98.8,0.94,-0.29,0.36
district,Koshi,Bhojpur,Female,9 Year,1371,1349,2,20,0,98.4,1.46,98.22,0.92,98.4,1.46,-0.18,-0.54
district,Koshi,Bhojpur,Male,9 Year,1406,1381,12,13,0,98.22,0.92,98.22,0.92,98.4,1.46,-0.18,-0.54
district,Koshi,Bhojpur,Female,All Ages,24851,17536,6701,611,3,70.56,2.46,69.66,2.26,70.56,2.46,-0.9,-0.2
district,Koshi,Bhojpur,Male,All Ages,25919,18054,7277,585,3,69.66,2.26,69.66,2.26,70.56,2.46,-0.9,-0.2
district,Koshi,Dhankuta,Female,10 Year,1329,1239,80,10,0,93.23,0.75,92.88,0.93,93.23,0.75,-0.35,0.18
district,Koshi,Dhankuta,Male,10 Year,1404,1304,87,13,0,92.88,0.93,92.88,0.93,93.23,0.75,-0.35,0.18
district,Koshi,Dhankuta,Female,11 Year,1138,1093,35,10,0,96.05,0.88,95.37,1.08,96.05,0.88,-0.68,0.2
district,Koshi,Dhankuta,Male,11 Year,1209,1153,43,13,0,95.37,1.08,95.37,1.08,96.05,0.88,-0.68,0.2
district,Koshi,Dhankuta,Female,12 Year,1315,1278,31,6,0,97.19,0.46,96.4,0.73,97.19,0.46,-0.79,0.27
district,Koshi,Dhankuta,Male,12 Year,1363,1314,39,10,0,96.4,0.73,96.4,0.73,97.19,0.46,-0.79,0.27
district,Koshi,Dhankuta,Female,13 Year,1369,1343,20,6,0,98.1,0.44,95.72,0.45,98.1,0.44,-2.38,0.01
district,Koshi,Dhankuta,Male,13 Year,1333,1276,51,6,0,95.72,0.45,95.72,0.45,98.1,0.44,-2.38,0.01
district,Koshi,Dhankuta,Female,14 Year,1415,1363,44,8,0,96.33,0.57,94.96,0.48,96.33,0.57,-1.37,-0.09
district,Koshi,Dhankuta,Male,14 Year,1449,1376,66,7,0,94.96,0.48,94.96,0.48,96.33,0.57,-1.37,-0.09
district,Koshi,Dhankuta,Female,15 Year,1210,1132,69,9,0,93.55,0.74,88.97,0.84,93.55,0.74,-4.58,0.1
district,Koshi,Dhankuta,Male,15 Year,1306,1162,133,11,0,88.97,0.84,88.97,0.84,93.55,0.74,-4.58,0.1
district,Koshi,Dhankuta,Female,16 Year,878,738,134,6,0,84.05,0.68,82.02,1.1,84.05,0.68,-2.03,0.42
district,Koshi,Dhankuta,Male,16 Year,1001,821,169,11,0,82.02,1.1,82.02,1.1,84.05,0.68,-2.03,0.42
district,Koshi,Dhankuta,Female,17 Year,604,381,212,11,0,63.08,1.82,66.67,1.62,63.08,1.82,3.59,-0.2
district,Koshi,Dhankuta,Male,17 Year,741,494,235,12,0,66.67,1.62,66.67,1.62,63.08,1.82,3.59,-0.2
district,Koshi,Dhankuta,Female,18 Year,549,201,335,13,0,36.61,2.37,40.98,1.49,36.61,2.37,4.37,-0.88
district,Koshi,Dhankuta,Male,18 Year,737,302,424,11,0,40.98,1.49,40.98,1.49,36.61,2.37,4.37,-0.88
district,Koshi,Dhankuta,Female,19 Year,503,107,384,12,0,21.27,2.39,21.58,1.29,21.27,2.39,0.31,-1.1
district,Koshi,Dhankuta,Male,19 Year,621,134,479,8,0,21.58,1.29,21.58,1.29,21.27,2.39,0.31,-1.1
district,Koshi,Dhankuta,Female,20 Year,618,33,567,18,0,5.34,2.91,6.7,2.14,5.34,2.91,1.36,-0.77
district,Koshi,Dhankuta,Male,20 Year,701,47,639,15,0,6.7,2.14,6.7,2.14,5.34,2.91,1.36,-0.77
district,Koshi,Dhankuta,Female,21 Year,574,22,539,13,0,3.83,2.26,3.12,2.13,3.83,2.26,-0.71,-0.13
district,Koshi,Dhankuta,Male,21 Year,609,19,577,13,0,3.12,2.13,3.12,2.13,3.83,2.26,-0.71,-0.13
district,Koshi,Dhankuta,Female,22 Year,661,13,627,21,0,1.97,3.18,3.46,2.63,1.97,3.18,1.49,-0.55
district,Koshi,Dhankuta,Male,22 Year,723,25,679,19,0,3.46,2.63,3.46,2.63,1.97,3.18,1.49,-0.55
district,Koshi,Dhankuta,Female,23 Year,662,15,626,21,0,2.27,3.17,1.0,3.0,2.27,3.17,-1.27,-0.17
district,Koshi,Dhankuta,Male,23 Year,700,7,672,21,0,1.0,3.0,1.0,3.0,2.27,3.17,-1.27,-0.17
district,Koshi,Dhankuta,Female,24 Year,741,9,706,26,0,1.21,3.51,1.42,2.12,1.21,3.51,0.21,-1.39
district,Koshi,Dhankuta,Male,24 Year,706,10,681,15,0,1.42,2.12,1.42,2.12,1.21,3.51,0.21,-1.39
district,Koshi,Dhankuta,Female,25 Year,797,3,760,34,0,0.38,4.27,0.38,3.27,0.38,4.27,0.0,-1.0
district,Koshi,Dhankuta,Male,25 Year,796,3,767,26,0,0.38,3.27,0.38,3.27,0.38,4.27,0.0,-1.0
district,Koshi,Dhankuta,Female,5 Year,1240,1158,1,77,4,93.39,6.21,93.77,5.71,93.39,6.21,0.38,-0.5
district,Koshi,Dhankuta,Male,5 Year,1332,1249,4,76,3,93.77,5.71,93.77,5.71,93.39,6.21,0.38,-0.5
district,Koshi,Dhankuta,Female,6 Year,1216,1187,3,25,1,97.62,2.06,96.74,3.19,97.62,2.06,-0.88,1.13
district,Koshi,Dhankuta,Male,6 Year,1318,1275,1,42,0,96.74,3.19,96.74,3.19,97.62,2.06,-0.88,1.13
district,Koshi,Dhankuta,Female,7 Year,1248,1232,3,13,0,98.72,1.04,98.5,1.35,98.72,1.04,-0.22,0.31
district,Koshi,Dhankuta,Male,7 Year,1332,1312,2,18,0,98.5,1.35,98.5,1.35,98.72,1.04,-0.22,0.31
district,Koshi,Dhankuta,Female,8 Year,1292,1275,4,13,0,98.68,1.01,98.63,0.87,98.68,1.01,-0.05,-0.14
district,Koshi,Dhankuta,Male,8 Year,1384,1365,7,12,0,98.63,0.87,98.63,0.87,98.68,1.01,-0.05,-0.14
district,Koshi,Dhankuta,Female,9 Year,1222,1205,6,11,0,98.61,0.9,98.23,1.13,98.61,0.9,-0.38,0.23
district,Koshi,Dhankuta,Male,9 Year,1242,1220,8,14,0,98.23,1.13,98.23,1.13,98.61,0.9,-0.38,0.23
district,Koshi,Dhankuta,Female,All Ages,20581,15027,5186,363,5,73.01,1.76,72.1,1.69,73.01,1.76,-0.91,-0.07
district,Koshi,Dhankuta,Male,All Ages,22007,15868,5763,373,3,72.1,1.69,72.1,1.69,73.01,1.76,-0.91,-0.07
district,Koshi,Ilam,Female,10 Year,2026,1892,115,19,0,93.39,0.94,91.97,0.96,93.39,0.94,-1.42,0.02
district,Koshi,Ilam,Male,10 Year,2191,2015,155,21,0,91.97,0.96,91.97,0.96,93.39,0.94,-1.42,0.02
district,Koshi,Ilam,Female,11 Year,1744,1674,55,15,0,95.99,0.86,94.07,1.3,95.99,0.86,-1.92,0.44
district,Koshi,Ilam,Male,11 Year,1922,1808,89,25,0,94.07,1.3,94.07,1.3,95.99,0.86,-1.92,0.44
district,Koshi,Ilam,Female,12 Year,2160,2091,52,17,0,96.81,0.79,95.31,0.84,96.81,0.79,-1.5,0.05
district,Koshi,Ilam,Male,12 Year,2134,2034,82,18,0,95.31,0.84,95.31,0.84,96.81,0.79,-1.5,0.05
district,Koshi,Ilam,Female,13 Year,2106,2044,51,11,0,97.06,0.52,95.23,0.74,97.06,0.52,-1.83,0.22
district,Koshi,Ilam,Male,13 Year,2286,2177,92,17,0,95.23,0.74,95.23,0.74,97.06,0.52,-1.83,0.22
district,Koshi,Ilam,Female,14 Year,2400,2288,95,17,0,95.33,0.71,94.43,0.77,95.33,0.71,-0.9,0.06
district,Koshi,Ilam,Male,14 Year,2336,2206,112,18,0,94.43,0.77,94.43,0.77,95.33,0.71,-0.9,0.06
district,Koshi,Ilam,Female,15 Year,2198,2033,144,21,0,92.49,0.96,89.7,0.96,92.49,0.96,-2.79,0.0
district,Koshi,Ilam,Male,15 Year,2291,2055,214,22,0,89.7,0.96,89.7,0.96,92.49,0.96,-2.79,0.0
district,Koshi,Ilam,Female,16 Year,1596,1356,225,15,0,84.96,0.94,81.85,1.2,84.96,0.94,-3.11,0.26
district,Koshi,Ilam,Male,16 Year,2006,1642,340,24,0,81.85,1.2,81.85,1.2,84.96,0.94,-3.11,0.26
district,Koshi,Ilam,Female,17 Year,1090,701,377,12,0,64.31,1.1,66.15,1.55,64.31,1.1,1.84,0.45
district,Koshi,Ilam,Male,17 Year,1418,938,458,22,0,66.15,1.55,66.15,1.55,64.31,1.1,1.84,0.45
district,Koshi,Ilam,Female,18 Year,1007,429,550,28,0,42.6,2.78,42.63,2.44,42.6,2.78,0.03,-0.34
district,Koshi,Ilam,Male,18 Year,1309,558,719,32,0,42.63,2.44,42.63,2.44,42.6,2.78,0.03,-0.34
district,Koshi,Ilam,Female,19 Year,857,193,643,21,0,22.52,2.45,24.41,3.22,22.52,2.45,1.89,0.77
district,Koshi,Ilam,Male,19 Year,1024,250,741,33,0,24.41,3.22,24.41,3.22,22.52,2.45,1.89,0.77
district,Koshi,Ilam,Female,20 Year,1020,68,927,25,0,6.67,2.45,7.94,3.0,6.67,2.45,1.27,0.55
district,Koshi,Ilam,Male,20 Year,1234,98,1099,37,0,7.94,3.0,7.94,3.0,6.67,2.45,1.27,0.55
district,Koshi,Ilam,Female,21 Year,1001,40,933,28,0,4.0,2.8,3.33,2.52,4.0,2.8,-0.67,-0.28
district,Koshi,Ilam,Male,21 Year,1111,37,1046,28,0,3.33,2.52,3.33,2.52,4.0,2.8,-0.67,-0.28
district,Koshi,Ilam,Female,22 Year,1190,16,1143,31,0,1.34,2.61,2.13,2.94,1.34,2.61,0.79,0.33
district,Koshi,Ilam,Male,22 Year,1361,29,1292,40,0,2.13,2.94,2.13,2.94,1.34,2.61,0.79,0.33
district,Koshi,Ilam,Female,23 Year,1237,21,1179,37,0,1.7,2.99,1.26,3.54,1.7,2.99,-0.44,0.55
district,Koshi,Ilam,Male,23 Year,1187,15,1130,42,0,1.26,3.54,1.26,3.54,1.7,2.99,-0.44,0.55
district,Koshi,Ilam,Female,24 Year,1363,14,1302,47,0,1.03,3.45,1.45,3.14,1.03,3.45,0.42,-0.31
district,Koshi,Ilam,Male,24 Year,1307,19,1247,41,0,1.45,3.14,1.45,3.14,1.03,3.45,0.42,-0.31
district,Koshi,Ilam,Female,25 Year,1652,3,1585,64,0,0.18,3.87,0.13,2.54,0.18,3.87,-0.05,-1.33
district,Koshi,Ilam,Male,25 Year,1534,2,1493,39,0,0.13,2.54,0.13,2.54,0.18,3.87,-0.05,-1.33
district,Koshi,Ilam,Female,5 Year,2017,1905,8,104,0,94.45,5.16,94.31,4.98,94.45,5.16,-0.14,-0.18
district,Koshi,Ilam,Male,5 Year,2110,1990,14,105,1,94.31,4.98,94.31,4.98,94.45,5.16,-0.14,-0.18
district,Koshi,Ilam,Female,6 Year,2089,2033,8,48,0,97.32,2.3,97.51,2.17,97.32,2.3,0.19,-0.13
district,Koshi,Ilam,Male,6 Year,2208,2153,7,48,0,97.51,2.17,97.51,2.17,97.32,2.3,0.19,-0.13
district,Koshi,Ilam,Female,7 Year,2054,2026,8,20,0,98.64,0.97,98.09,1.36,98.64,0.97,-0.55,0.39
district,Koshi,Ilam,Male,7 Year,2201,2159,12,30,0,98.09,1.36,98.09,1.36,98.64,0.97,-0.55,0.39
district,Koshi,Ilam,Female,8 Year,2074,2034,11,29,0,98.07,1.4,98.52,0.85,98.07,1.4,0.45,-0.55
district,Koshi,Ilam,Male,8 Year,2233,2200,14,19,0,98.52,0.85,98.52,0.85,98.07,1.4,0.45,-0.55
district,Koshi,Ilam,Female,9 Year,2096,2059,15,22,0,98.23,1.05,98.25,1.03,98.23,1.05,0.02,-0.02
district,Koshi,Ilam,Male,9 Year,2232,2193,16,23,0,98.25,1.03,98.25,1.03,98.23,1.05,0.02,-0.02
district,Koshi,Ilam,Female,All Ages,34977,24920,9426,631,0,71.25,1.8,70.62,1.82,71.25,1.8,-0.63,0.02
district,Koshi,Ilam,Male,All Ages,37635,26578,10372,684,1,70.62,1.82,70.62,1.82,71.25,1.8,-0.63,0.02
district,Koshi,Jhapa,Female,10 Year,9002,8182,717,103,0,90.89,1.14,89.78,1.0,90.89,1.14,-1.11,-0.14
district,Koshi,Jhapa,Male,10 Year,9763,8765,900,98,0,89.78,1.0,89.78,1.0,90.89,1.14,-1.11,-0.14
district,Koshi,Jhapa,Female,11 Year,7922,7564,294,64,0,95.48,0.81,94.18,0.93,95.48,0.81,-1.3,0.12
district,Koshi,Jhapa,Male,11 Year,8373,7886,409,78,0,94.18,0.93,94.18,0.93,95.48,0.81,-1.3,0.12
district,Koshi,Jhapa,Female,12 Year,8895,8552,260,83,0,96.14,0.93,95.75,0.94,96.14,0.93,-0.39,0.01
district,Koshi,Jhapa,Male,12 Year,9347,8950,309,88,0,95.75,0.94,95.75,0.94,96.14,0.93,-0.39,0.01
district,Koshi,Jhapa,Female,13 Year,8698,8394,219,83,2,96.5,0.95,95.13,1.09,96.5,0.95,-1.37,0.14
district,Koshi,Jhapa,Male,13 Year,8918,8484,336,97,1,95.13,1.09,95.13,1.09,96.5,0.95,-1.37,0.14
district,Koshi,Jhapa,Female,14 Year,8896,8484,334,78,0,95.37,0.88,94.21,1.08,95.37,0.88,-1.16,0.2
district,Koshi,Jhapa,Male,14 Year,8912,8396,419,96,1,94.21,1.08,94.21,1.08,95.37,0.88,-1.16,0.2
district,Koshi,Jhapa,Female,15 Year,8259,7594,572,92,1,91.95,1.11,89.02,1.52,91.95,1.11,-2.93,0.41
district,Koshi,Jhapa,Male,15 Year,8687,7733,822,132,0,89.02,1.52,89.02,1.52,91.95,1.11,-2.93,0.41
district,Koshi,Jhapa,Female,16 Year,5889,4989,787,113,0,84.72,1.92,82.97,1.72,84.72,1.92,-1.75,-0.2
district,Koshi,Jhapa,Male,16 Year,6634,5504,1016,114,0,82.97,1.72,82.97,1.72,84.72,1.92,-1.75,-0.2
district,Koshi,Jhapa,Female,17 Year,3747,2472,1147,128,0,65.97,3.42,66.68,2.92,65.97,3.42,0.71,-0.5
district,Koshi,Jhapa,Male,17 Year,4583,3056,1393,134,0,66.68,2.92,66.68,2.92,65.97,3.42,0.71,-0.5
district,Koshi,Jhapa,Female,18 Year,3691,1432,2015,243,1,38.8,6.58,42.56,4.98,38.8,6.58,3.76,-1.6
district,Koshi,Jhapa,Male,18 Year,4258,1812,2234,212,0,42.56,4.98,42.56,4.98,38.8,6.58,3.76,-1.6
district,Koshi,Jhapa,Female,19 Year,2724,555,1990,177,2,20.37,6.5,24.97,4.18,20.37,6.5,4.6,-2.32
district,Koshi,Jhapa,Male,19 Year,2871,717,2033,120,1,24.97,4.18,24.97,4.18,20.37,6.5,4.6,-2.32
district,Koshi,Jhapa,Female,20 Year,3861,242,3227,391,1,6.27,10.13,8.4,6.33,6.27,10.13,2.13,-3.8
district,Koshi,Jhapa,Male,20 Year,3571,300,3042,226,3,8.4,6.33,8.4,6.33,6.27,10.13,2.13,-3.8
district,Koshi,Jhapa,Female,21 Year,3141,106,2768,266,1,3.37,8.47,4.61,5.6,3.37,8.47,1.24,-2.87
district,Koshi,Jhapa,Male,21 Year,2822,130,2533,158,1,4.61,5.6,4.61,5.6,3.37,8.47,1.24,-2.87
district,Koshi,Jhapa,Female,22 Year,4256,97,3747,412,0,2.28,9.68,2.34,6.81,2.28,9.68,0.06,-2.87
district,Koshi,Jhapa,Male,22 Year,3467,81,3150,236,0,2.34,6.81,2.34,6.81,2.28,9.68,0.06,-2.87
district,Koshi,Jhapa,Female,23 Year,3881,56,3515,310,0,1.44,7.99,1.63,6.21,1.44,7.99,0.19,-1.78
district,Koshi,Jhapa,Male,23 Year,3060,50,2819,190,1,1.63,6.21,1.63,6.21,1.44,7.99,0.19,-1.78
district,Koshi,Jhapa,Female,24 Year,4321,39,3927,354,1,0.9,8.19,1.37,6.52,0.9,8.19,0.47,-1.67
district,Koshi,Jhapa,Male,24 Year,3422,47,3152,223,0,1.37,6.52,1.37,6.52,0.9,8.19,0.47,-1.67
district,Koshi,Jhapa,Female,25 Year,5851,13,5063,775,0,0.22,13.25,0.33,8.42,0.22,13.25,0.11,-4.83
district,Koshi,Jhapa,Male,25 Year,3978,13,3630,335,0,0.33,8.42,0.33,8.42,0.22,13.25,0.11,-4.83
district,Koshi,Jhapa,Female,5 Year,8209,7728,9,462,10,94.14,5.63,93.79,5.88,94.14,5.63,-0.35,0.25
district,Koshi,Jhapa,Male,5 Year,9047,8485,21,532,9,93.79,5.88,93.79,5.88,94.14,5.63,-0.35,0.25
district,Koshi,Jhapa,Female,6 Year,8535,8302,15,217,1,97.27,2.54,97.06,2.63,97.27,2.54,-0.21,0.09
district,Koshi,Jhapa,Male,6 Year,9361,9086,27,246,2,97.06,2.63,97.06,2.63,97.27,2.54,-0.21,0.09
district,Koshi,Jhapa,Female,7 Year,8547,8400,31,116,0,98.28,1.36,98.34,1.44,98.28,1.36,0.06,0.08
district,Koshi,Jhapa,Male,7 Year,9143,8991,20,132,0,98.34,1.44,98.34,1.44,98.28,1.36,0.06,0.08
district,Koshi,Jhapa,Female,8 Year,8956,8820,29,106,1,98.48,1.18,98.46,1.19,98.48,1.18,-0.02,0.01
district,Koshi,Jhapa,Male,8 Year,9499,9353,33,113,0,98.46,1.19,98.46,1.19,98.48,1.18,-0.02,0.01
district,Koshi,Jhapa,Female,9 Year,8261,8158,30,72,1,98.75,0.87,98.71,0.83,98.75,0.87,-0.04,-0.04
district,Koshi,Jhapa,Male,9 Year,8715,8603,40,72,0,98.71,0.83,98.71,0.83,98.75,0.87,-0.04,-0.04
district,Koshi,Jhapa,Female,All Ages,135542,100179,30696,4645,22,73.91,3.43,76.89,2.62,73.91,3.43,2.98,-0.81
district,Koshi,Jhapa,Male,All Ages,138431,106442,28338,3632,19,76.89,2.62,76.89,2.62,73.91,3.43,2.98,-0.81
district,Koshi,Khotang,Female,10 Year,1709,1576,106,27,0,92.22,1.58,90.47,1.62,92.22,1.58,-1.75,0.04
district,Koshi,Khotang,Male,10 Year,1731,1566,137,28,0,90.47,1.62,90.47,1.62,92.22,1.58,-1.75,0.04
district,Koshi,Khotang,Female,11 Year,1560,1474,65,21,0,94.49,1.35,93.52,1.68,94.49,1.35,-0.97,0.33
district,Koshi,Khotang,Male,11 Year,1604,1500,77,27,0,93.52,1.68,93.52,1.68,94.49,1.35,-0.97,0.33
district,Koshi,Khotang,Female,12 Year,2008,1907,72,29,0,94.97,1.44,95.18,1.03,94.97,1.44,0.21,-0.41
district,Koshi,Khotang,Male,12 Year,1846,1757,70,19,0,95.18,1.03,95.18,1.03,94.97,1.44,0.21,-0.41
district,Koshi,Khotang,Female,13 Year,1826,1740,59,26,1,95.29,1.42,94.83,1.47,95.29,1.42,-0.46,0.05
district,Koshi,Khotang,Male,13 Year,1838,1743,68,27,0,94.83,1.47,94.83,1.47,95.29,1.42,-0.46,0.05
district,Koshi,Khotang,Female,14 Year,1949,1865,57,27,0,95.69,1.39,93.76,1.58,95.69,1.39,-1.93,0.19
district,Koshi,Khotang,Male,14 Year,1956,1834,91,31,0,93.76,1.58,93.76,1.58,95.69,1.39,-1.93,0.19
district,Koshi,Khotang,Female,15 Year,1770,1605,140,24,1,90.68,1.36,89.36,2.3,90.68,1.36,-1.32,0.94
district,Koshi,Khotang,Male,15 Year,1824,1630,152,42,0,89.36,2.3,89.36,2.3,90.68,1.36,-1.32,0.94
district,Koshi,Khotang,Female,16 Year,1385,1180,180,25,0,85.2,1.81,83.74,1.81,85.2,1.81,-1.46,0.0
district,Koshi,Khotang,Male,16 Year,1488,1246,215,27,0,83.74,1.81,83.74,1.81,85.2,1.81,-1.46,0.0
district,Koshi,Khotang,Female,17 Year,1064,733,303,28,0,68.89,2.63,71.97,2.85,68.89,2.63,3.08,0.22
district,Koshi,Khotang,Male,17 Year,1195,860,301,34,0,71.97,2.85,71.97,2.85,68.89,2.63,3.08,0.22
district,Koshi,Khotang,Female,18 Year,1102,564,495,43,0,51.18,3.9,50.42,4.23,51.18,3.9,-0.76,0.33
district,Koshi,Khotang,Male,18 Year,1301,656,590,55,0,50.42,4.23,50.42,4.23,51.18,3.9,-0.76,0.33
district,Koshi,Khotang,Female,19 Year,781,236,517,28,0,30.22,3.59,33.56,3.44,30.22,3.59,3.34,-0.15
district,Koshi,Khotang,Male,19 Year,900,302,567,31,0,33.56,3.44,33.56,3.44,30.22,3.59,3.34,-0.15
district,Koshi,Khotang,Female,20 Year,910,113,739,58,0,12.42,6.37,14.67,6.32,12.42,6.37,2.25,-0.05
district,Koshi,Khotang,Male,20 Year,1029,151,813,65,0,14.67,6.32,14.67,6.32,12.42,6.37,2.25,-0.05
district,Koshi,Khotang,Female,21 Year,777,46,681,50,0,5.92,6.44,7.69,5.2,5.92,6.44,1.77,-1.24
district,Koshi,Khotang,Male,21 Year,884,68,770,46,0,7.69,5.2,7.69,5.2,5.92,6.44,1.77,-1.24
district,Koshi,Khotang,Female,22 Year,913,49,817,47,0,5.37,5.15,6.56,4.27,5.37,5.15,1.19,-0.88
district,Koshi,Khotang,Male,22 Year,961,63,857,41,0,6.56,4.27,6.56,4.27,5.37,5.15,1.19,-0.88
district,Koshi,Khotang,Female,23 Year,903,24,807,72,0,2.66,7.97,3.12,5.35,2.66,7.97,0.46,-2.62
district,Koshi,Khotang,Male,23 Year,898,28,822,48,0,3.12,5.35,3.12,5.35,2.66,7.97,0.46,-2.62
district,Koshi,Khotang,Female,24 Year,905,15,838,52,0,1.66,5.75,3.74,5.26,1.66,5.75,2.08,-0.49
district,Koshi,Khotang,Male,24 Year,856,32,779,45,0,3.74,5.26,3.74,5.26,1.66,5.75,2.08,-0.49
district,Koshi,Khotang,Female,25 Year,972,2,879,91,0,0.21,9.36,0.21,4.2,0.21,9.36,0.0,-5.16
district,Koshi,Khotang,Male,25 Year,953,2,911,40,0,0.21,4.2,0.21,4.2,0.21,9.36,0.0,-5.16
district,Koshi,Khotang,Female,5 Year,1625,1442,7,176,0,88.74,10.83,89.16,10.55,88.74,10.83,0.42,-0.28
district,Koshi,Khotang,Male,5 Year,1669,1488,4,176,1,89.16,10.55,89.16,10.55,88.74,10.83,0.42,-0.28
district,Koshi,Khotang,Female,6 Year,1625,1557,4,64,0,95.82,3.94,94.27,5.27,95.82,3.94,-1.55,1.33
district,Koshi,Khotang,Male,6 Year,1709,1611,8,90,0,94.27,5.27,94.27,5.27,95.82,3.94,-1.55,1.33
district,Koshi,Khotang,Female,7 Year,1614,1562,9,43,0,96.78,2.66,97.11,2.64,96.78,2.66,0.33,-0.02
district,Koshi,Khotang,Male,7 Year,1627,1580,4,43,0,97.11,2.64,97.11,2.64,96.78,2.66,0.33,-0.02
district,Koshi,Khotang,Female,8 Year,1668,1618,11,39,0,97.0,2.34,95.63,3.6,97.0,2.34,-1.37,1.26
district,Koshi,Khotang,Male,8 Year,1693,1619,13,61,0,95.63,3.6,95.63,3.6,97.0,2.34,-1.37,1.26
district,Koshi,Khotang,Female,9 Year,1673,1645,7,21,0,98.33,1.26,97.46,1.7,98.33,1.26,-0.87,0.44
district,Koshi,Khotang,Male,9 Year,1651,1609,14,28,0,97.46,1.7,97.46,1.7,98.33,1.26,-0.87,0.44
district,Koshi,Khotang,Female,All Ages,28739,20953,6793,991,2,72.91,3.45,72.08,3.39,72.91,3.45,-0.83,-0.06
district,Koshi,Khotang,Male,All Ages,29613,21345,7263,1004,1,72.08,3.39,72.08,3.39,72.91,3.45,-0.83,-0.06
district,Koshi,Morang,Female,10 Year,11159,9843,994,320,2,88.21,2.87,86.91,2.95,88.21,2.87,-1.3,0.08
district,Koshi,Morang,Male,10 Year,12013,10441,1217,354,1,86.91,2.95,86.91,2.95,88.21,2.87,-1.3,0.08
district,Koshi,Morang,Female,11 Year,8375,7794,402,179,0,93.06,2.14,92.39,1.72,93.06,2.14,-0.67,-0.42
district,Koshi,Morang,Male,11 Year,9148,8452,538,157,1,92.39,1.72,92.39,1.72,93.06,2.14,-0.67,-0.42
district,Koshi,Morang,Female,12 Year,10826,10098,412,316,0,93.28,2.92,92.86,2.68,93.28,2.92,-0.42,-0.24
district,Koshi,Morang,Male,12 Year,11481,10661,511,308,1,92.86,2.68,92.86,2.68,93.28,2.92,-0.42,-0.24
district,Koshi,Morang,Female,13 Year,9992,9386,370,236,0,93.94,2.36,93.95,2.13,93.94,2.36,0.01,-0.23
district,Koshi,Morang,Male,13 Year,9992,9387,392,213,0,93.95,2.13,93.95,2.13,93.94,2.36,0.01,-0.23
district,Koshi,Morang,Female,14 Year,10230,9556,435,237,2,93.41,2.32,92.65,2.31,93.41,2.32,-0.76,-0.01
district,Koshi,Morang,Male,14 Year,10454,9686,527,241,0,92.65,2.31,92.65,2.31,93.41,2.32,-0.76,-0.01
district,Koshi,Morang,Female,15 Year,9581,8454,806,320,1,88.24,3.34,87.45,2.65,88.24,3.34,-0.79,-0.69
district,Koshi,Morang,Male,15 Year,9976,8724,986,264,2,87.45,2.65,87.45,2.65,88.24,3.34,-0.79,-0.69
district,Koshi,Morang,Female,16 Year,7356,5977,1031,347,1,81.25,4.72,80.33,3.71,81.25,4.72,-0.92,-1.01
district,Koshi,Morang,Male,16 Year,8244,6622,1316,306,0,80.33,3.71,80.33,3.71,81.25,4.72,-0.92,-1.01
district,Koshi,Morang,Female,17 Year,4796,3164,1315,317,0,65.97,6.61,65.59,5.73,65.97,6.61,-0.38,-0.88
district,Koshi,Morang,Male,17 Year,5676,3723,1627,325,1,65.59,5.73,65.59,5.73,65.97,6.61,-0.38,-0.88
district,Koshi,Morang,Female,18 Year,5342,2008,2595,739,0,37.59,13.83,42.26,8.27,37.59,13.83,4.67,-5.56
district,Koshi,Morang,Male,18 Year,6070,2565,3002,502,1,42.26,8.27,42.26,8.27,37.59,13.83,4.67,-5.56
district,Koshi,Morang,Female,19 Year,3590,745,2377,468,0,20.75,13.04,25.78,7.73,20.75,13.04,5.03,-5.31
district,Koshi,Morang,Male,19 Year,3727,961,2478,288,0,25.78,7.73,25.78,7.73,20.75,13.04,5.03,-5.31
district,Koshi,Morang,Female,20 Year,6208,333,4623,1251,1,5.36,20.15,7.95,11.73,5.36,20.15,2.59,-8.42
district,Koshi,Morang,Male,20 Year,4781,380,3840,561,0,7.95,11.73,7.95,11.73,5.36,20.15,2.59,-8.42
district,Koshi,Morang,Female,21 Year,4009,122,3319,568,0,3.04,14.17,4.24,9.23,3.04,14.17,1.2,-4.94
district,Koshi,Morang,Male,21 Year,3631,154,3141,335,1,4.24,9.23,4.24,9.23,3.04,14.17,1.2,-4.94
district,Koshi,Morang,Female,22 Year,5900,99,4682,1118,1,1.68,18.95,2.58,11.91,1.68,18.95,0.9,-7.04
district,Koshi,Morang,Male,22 Year,4955,128,4236,590,1,2.58,11.91,2.58,11.91,1.68,18.95,0.9,-7.04
district,Koshi,Morang,Female,23 Year,4849,68,4055,724,2,1.4,14.93,1.68,10.84,1.4,14.93,0.28,-4.09
district,Koshi,Morang,Male,23 Year,3681,62,3219,399,1,1.68,10.84,1.68,10.84,1.4,14.93,0.28,-4.09
district,Koshi,Morang,Female,24 Year,5398,50,4549,799,0,0.93,14.8,1.57,10.53,0.93,14.8,0.64,-4.27
district,Koshi,Morang,Male,24 Year,4152,65,3650,437,0,1.57,10.53,1.57,10.53,0.93,14.8,0.64,-4.27
district,Koshi,Morang,Female,25 Year,8627,10,6501,2115,1,0.12,24.52,0.15,15.67,0.12,24.52,0.03,-8.85
district,Koshi,Morang,Male,25 Year,6176,9,5198,968,1,0.15,15.67,0.15,15.67,0.12,24.52,0.03,-8.85
district,Koshi,Morang,Female,5 Year,10032,8862,20,1132,18,88.34,11.28,88.49,11.24,88.34,11.28,0.15,-0.04
district,Koshi,Morang,Male,5 Year,10975,9712,12,1234,17,88.49,11.24,88.49,11.24,88.34,11.28,0.15,-0.04
district,Koshi,Morang,Female,6 Year,10032,9361,12,653,6,93.31,6.51,93.64,6.19,93.31,6.51,0.33,-0.32
district,Koshi,Morang,Male,6 Year,10521,9852,14,651,4,93.64,6.19,93.64,6.19,93.31,6.51,0.33,-0.32
district,Koshi,Morang,Female,7 Year,10272,9777,15,476,4,95.18,4.63,95.27,4.52,95.18,4.63,0.09,-0.11
district,Koshi,Morang,Male,7 Year,10614,10112,19,480,3,95.27,4.52,95.27,4.52,95.18,4.63,0.09,-0.11
district,Koshi,Morang,Female,8 Year,10805,10318,34,452,1,95.49,4.18,95.79,3.98,95.49,4.18,0.3,-0.2
district,Koshi,Morang,Male,8 Year,11499,11015,24,458,2,95.79,3.98,95.79,3.98,95.49,4.18,0.3,-0.2
district,Koshi,Morang,Female,9 Year,9472,9233,23,212,4,97.48,2.24,97.02,2.57,97.48,2.24,-0.46,0.33
district,Koshi,Morang,Male,9 Year,9672,9384,37,249,2,97.02,2.57,97.02,2.57,97.48,2.24,-0.46,0.33
district,Koshi,Morang,Female,All Ages,166851,115258,38570,12979,44,69.08,7.78,72.92,5.57,69.08,7.78,3.84,-2.21
district,Koshi,Morang,Male,All Ages,167438,122095,35984,9320,39,72.92,5.57,72.92,5.57,69.08,7.78,3.84,-2.21
district,Koshi,Okhaldhunga,Female,10 Year,1216,1117,81,18,0,91.86,1.48,89.75,1.99,91.86,1.48,-2.11,0.51
district,Koshi,Okhaldhunga,Male,10 Year,1405,1261,116,28,0,89.75,1.99,89.75,1.99,91.86,1.48,-2.11,0.51
district,Koshi,Okhaldhunga,Female,11 Year,1104,1053,40,11,0,95.38,1.0,93.15,1.33,95.38,1.0,-2.23,0.33
district,Koshi,Okhaldhunga,Male,11 Year,1124,1047,62,15,0,93.15,1.33,93.15,1.33,95.38,1.0,-2.23,0.33
district,Koshi,Okhaldhunga,Female,12 Year,1384,1324,45,15,0,95.66,1.08,95.01,1.57,95.66,1.08,-0.65,0.49
district,Koshi,Okhaldhunga,Male,12 Year,1464,1391,50,23,0,95.01,1.57,95.01,1.57,95.66,1.08,-0.65,0.49
district,Koshi,Okhaldhunga,Female,13 Year,1417,1352,48,17,0,95.41,1.2,93.76,1.78,95.41,1.2,-1.65,0.58
district,Koshi,Okhaldhunga,Male,13 Year,1346,1262,60,24,0,93.76,1.78,93.76,1.78,95.41,1.2,-1.65,0.58
district,Koshi,Okhaldhunga,Female,14 Year,1461,1392,56,13,0,95.28,0.89,94.79,0.92,95.28,0.89,-0.49,0.03
district,Koshi,Okhaldhunga,Male,14 Year,1515,1436,65,14,0,94.79,0.92,94.79,0.92,95.28,0.89,-0.49,0.03
district,Koshi,Okhaldhunga,Female,15 Year,1375,1280,76,19,0,93.09,1.38,89.14,1.71,93.09,1.38,-3.95,0.33
district,Koshi,Okhaldhunga,Male,15 Year,1400,1248,128,24,0,89.14,1.71,89.14,1.71,93.09,1.38,-3.95,0.33
district,Koshi,Okhaldhunga,Female,16 Year,1118,973,130,15,0,87.03,1.34,84.09,2.14,87.03,1.34,-2.94,0.8
district,Koshi,Okhaldhunga,Male,16 Year,1169,983,161,25,0,84.09,2.14,84.09,2.14,87.03,1.34,-2.94,0.8
district,Koshi,Okhaldhunga,Female,17 Year,714,539,158,17,0,75.49,2.38,73.32,3.24,75.49,2.38,-2.17,0.86
district,Koshi,Okhaldhunga,Male,17 Year,772,566,181,25,0,73.32,3.24,73.32,3.24,75.49,2.38,-2.17,0.86
district,Koshi,Okhaldhunga,Female,18 Year,731,383,318,30,0,52.39,4.1,55.19,3.62,52.39,4.1,2.8,-0.48
district,Koshi,Okhaldhunga,Male,18 Year,828,457,341,30,0,55.19,3.62,55.19,3.62,52.39,4.1,2.8,-0.48
district,Koshi,Okhaldhunga,Female,19 Year,496,164,305,27,0,33.06,5.44,39.61,4.05,33.06,5.44,6.55,-1.39
district,Koshi,Okhaldhunga,Male,19 Year,568,225,320,23,0,39.61,4.05,39.61,4.05,33.06,5.44,6.55,-1.39
district,Koshi,Okhaldhunga,Female,20 Year,663,75,535,53,0,11.31,7.99,13.2,6.6,11.31,7.99,1.89,-1.39
district,Koshi,Okhaldhunga,Male,20 Year,697,92,559,46,0,13.2,6.6,13.2,6.6,11.31,7.99,1.89,-1.39
district,Koshi,Okhaldhunga,Female,21 Year,518,31,433,54,0,5.98,10.42,8.16,4.66,5.98,10.42,2.18,-5.76
district,Koshi,Okhaldhunga,Male,21 Year,515,42,449,24,0,8.16,4.66,8.16,4.66,5.98,10.42,2.18,-5.76
district,Koshi,Okhaldhunga,Female,22 Year,663,33,559,71,0,4.98,10.71,6.05,4.39,4.98,10.71,1.07,-6.32
district,Koshi,Okhaldhunga,Male,22 Year,661,40,592,29,0,6.05,4.39,6.05,4.39,4.98,10.71,1.07,-6.32
district,Koshi,Okhaldhunga,Female,23 Year,649,17,555,77,0,2.62,11.86,3.96,5.85,2.62,11.86,1.34,-6.01
district,Koshi,Okhaldhunga,Male,23 Year,581,23,524,34,0,3.96,5.85,3.96,5.85,2.62,11.86,1.34,-6.01
district,Koshi,Okhaldhunga,Female,24 Year,681,13,591,77,0,1.91,11.31,3.53,6.21,1.91,11.31,1.62,-5.1
district,Koshi,Okhaldhunga,Male,24 Year,708,25,639,44,0,3.53,6.21,3.53,6.21,1.91,11.31,1.62,-5.1
district,Koshi,Okhaldhunga,Female,25 Year,793,4,686,103,0,0.5,12.99,0.55,6.75,0.5,12.99,0.05,-6.24
district,Koshi,Okhaldhunga,Male,25 Year,726,4,673,49,0,0.55,6.75,0.55,6.75,0.5,12.99,0.05,-6.24
district,Koshi,Okhaldhunga,Female,5 Year,1054,965,8,81,0,91.56,7.69,89.29,10.35,91.56,7.69,-2.27,2.66
district,Koshi,Okhaldhunga,Male,5 Year,1092,975,3,113,1,89.29,10.35,89.29,10.35,91.56,7.69,-2.27,2.66
district,Koshi,Okhaldhunga,Female,6 Year,1203,1159,8,36,0,96.34,2.99,96.3,3.61,96.34,2.99,-0.04,0.62
district,Koshi,Okhaldhunga,Male,6 Year,1163,1120,1,42,0,96.3,3.61,96.3,3.61,96.34,2.99,-0.04,0.62
district,Koshi,Okhaldhunga,Female,7 Year,1132,1105,4,23,0,97.61,2.03,97.45,2.19,97.61,2.03,-0.16,0.16
district,Koshi,Okhaldhunga,Male,7 Year,1098,1070,4,24,0,97.45,2.19,97.45,2.19,97.61,2.03,-0.16,0.16
district,Koshi,Okhaldhunga,Female,8 Year,1214,1187,12,15,0,97.78,1.24,98.07,1.18,97.78,1.24,0.29,-0.06
district,Koshi,Okhaldhunga,Male,8 Year,1190,1167,8,14,1,98.07,1.18,98.07,1.18,97.78,1.24,0.29,-0.06
district,Koshi,Okhaldhunga,Female,9 Year,1165,1142,6,17,0,98.03,1.46,98.08,1.22,98.03,1.46,0.05,-0.24
district,Koshi,Okhaldhunga,Male,9 Year,1146,1124,8,14,0,98.08,1.22,98.08,1.22,98.03,1.46,0.05,-0.24
district,Koshi,Okhaldhunga,Female,All Ages,20751,15308,4654,789,0,73.77,3.8,73.5,3.14,73.77,3.8,-0.27,-0.66
district,Koshi,Okhaldhunga,Male,All Ages,21168,15558,4944,664,2,73.5,3.14,73.5,3.14,73.77,3.8,-0.27,-0.66
district,Koshi,Panchthar,Female,10 Year,1506,1427,72,7,0,94.75,0.46,92.81,0.6,94.75,0.46,-1.94,0.14
district,Koshi,Panchthar,Male,10 Year,1488,1381,98,9,0,92.81,0.6,92.81,0.6,94.75,0.46,-1.94,0.14
district,Koshi,Panchthar,Female,11 Year,1452,1399,43,10,0,96.35,0.69,94.8,1.01,96.35,0.69,-1.55,0.32
district,Koshi,Panchthar,Male,11 Year,1385,1313,58,14,0,94.8,1.01,94.8,1.01,96.35,0.69,-1.55,0.32
district,Koshi,Panchthar,Female,12 Year,1479,1442,31,6,0,97.5,0.41,96.41,0.58,97.5,0.41,-1.09,0.17
district,Koshi,Panchthar,Male,12 Year,1562,1506,47,9,0,96.41,0.58,96.41,0.58,97.5,0.41,-1.09,0.17
district,Koshi,Panchthar,Female,13 Year,1624,1582,29,13,0,97.41,0.8,96.6,0.37,97.41,0.8,-0.81,-0.43
district,Koshi,Panchthar,Male,13 Year,1618,1563,48,6,1,96.6,0.37,96.6,0.37,97.41,0.8,-0.81,-0.43
district,Koshi,Panchthar,Female,14 Year,1722,1653,57,12,0,95.99,0.7,94.98,0.23,95.99,0.7,-1.01,-0.47
district,Koshi,Panchthar,Male,14 Year,1713,1627,82,4,0,94.98,0.23,94.98,0.23,95.99,0.7,-1.01,-0.47
district,Koshi,Panchthar,Female,15 Year,1468,1330,129,9,0,90.6,0.61,88.01,1.0,90.6,0.61,-2.59,0.39
district,Koshi,Panchthar,Male,15 Year,1593,1402,175,16,0,88.01,1.0,88.01,1.0,90.6,0.61,-2.59,0.39
district,Koshi,Panchthar,Female,16 Year,1034,842,173,19,0,81.43,1.84,80.43,1.23,81.43,1.84,-1.0,-0.61
district,Koshi,Panchthar,Male,16 Year,1303,1048,239,16,0,80.43,1.23,80.43,1.23,81.43,1.84,-1.0,-0.61
district,Koshi,Panchthar,Female,17 Year,825,529,286,10,0,64.12,1.21,66.64,1.96,64.12,1.21,2.52,0.75
district,Koshi,Panchthar,Male,17 Year,1070,713,336,21,0,66.64,1.96,66.64,1.96,64.12,1.21,2.52,0.75
district,Koshi,Panchthar,Female,18 Year,731,284,432,15,0,38.85,2.05,41.82,2.32,38.85,2.05,2.97,0.27
district,Koshi,Panchthar,Male,18 Year,990,414,553,23,0,41.82,2.32,41.82,2.32,38.85,2.05,2.97,0.27
district,Koshi,Panchthar,Female,19 Year,629,150,473,6,0,23.85,0.95,26.61,1.92,23.85,0.95,2.76,0.97
district,Koshi,Panchthar,Male,19 Year,887,236,634,17,0,26.61,1.92,26.61,1.92,23.85,0.95,2.76,0.97
district,Koshi,Panchthar,Female,20 Year,781,60,697,24,0,7.68,3.07,10.73,2.31,7.68,3.07,3.05,-0.76
district,Koshi,Panchthar,Male,20 Year,997,107,866,23,1,10.73,2.31,10.73,2.31,7.68,3.07,3.05,-0.76
district,Koshi,Panchthar,Female,21 Year,757,28,704,25,0,3.7,3.3,4.77,1.14,3.7,3.3,1.07,-2.16
district,Koshi,Panchthar,Male,21 Year,881,42,829,10,0,4.77,1.14,4.77,1.14,3.7,3.3,1.07,-2.16
district,Koshi,Panchthar,Female,22 Year,830,18,790,22,0,2.17,2.65,4.26,2.53,2.17,2.65,2.09,-0.12
district,Koshi,Panchthar,Male,22 Year,987,42,920,25,0,4.26,2.53,4.26,2.53,2.17,2.65,2.09,-0.12
district,Koshi,Panchthar,Female,23 Year,883,18,841,24,0,2.04,2.72,1.68,2.62,2.04,2.72,-0.36,-0.1
district,Koshi,Panchthar,Male,23 Year,953,16,912,25,0,1.68,2.62,1.68,2.62,2.04,2.72,-0.36,-0.1
district,Koshi,Panchthar,Female,24 Year,890,11,856,23,0,1.24,2.58,1.5,1.61,1.24,2.58,0.26,-0.97
district,Koshi,Panchthar,Male,24 Year,931,14,902,15,0,1.5,1.61,1.5,1.61,1.24,2.58,0.26,-0.97
district,Koshi,Panchthar,Female,25 Year,998,2,965,31,0,0.2,3.11,0.29,3.09,0.2,3.11,0.09,-0.02
district,Koshi,Panchthar,Male,25 Year,1037,3,1002,32,0,0.29,3.09,0.29,3.09,0.2,3.11,0.09,-0.02
district,Koshi,Panchthar,Female,5 Year,1581,1474,3,103,1,93.23,6.51,90.33,9.3,93.23,6.51,-2.9,2.79
district,Koshi,Panchthar,Male,5 Year,1623,1466,4,151,2,90.33,9.3,90.33,9.3,93.23,6.51,-2.9,2.79
district,Koshi,Panchthar,Female,6 Year,1606,1565,5,36,0,97.45,2.24,97.3,2.46,97.45,2.24,-0.15,0.22
district,Koshi,Panchthar,Male,6 Year,1665,1620,3,41,1,97.3,2.46,97.3,2.46,97.45,2.24,-0.15,0.22
district,Koshi,Panchthar,Female,7 Year,1569,1548,5,15,1,98.66,0.96,98.34,1.35,98.66,0.96,-0.32,0.39
district,Koshi,Panchthar,Male,7 Year,1629,1602,5,22,0,98.34,1.35,98.34,1.35,98.66,0.96,-0.32,0.39
district,Koshi,Panchthar,Female,8 Year,1561,1541,3,17,0,98.72,1.09,98.39,1.03,98.72,1.09,-0.33,-0.06
district,Koshi,Panchthar,Male,8 Year,1555,1530,9,16,0,98.39,1.03,98.39,1.03,98.72,1.09,-0.33,-0.06
district,Koshi,Panchthar,Female,9 Year,1488,1472,10,6,0,98.92,0.4,98.23,0.92,98.92,0.4,-0.69,0.52
district,Koshi,Panchthar,Male,9 Year,1522,1495,13,14,0,98.23,0.92,98.23,0.92,98.92,0.4,-0.69,0.52
district,Koshi,Panchthar,Female,All Ages,25414,18375,6604,433,2,72.3,1.7,69.88,1.86,72.3,1.7,-2.42,0.16
district,Koshi,Panchthar,Male,All Ages,27389,19140,7735,509,5,69.88,1.86,69.88,1.86,72.3,1.7,-2.42,0.16
district,Koshi,Sankhuwasabha,Female,10 Year,1523,1409,102,12,0,92.51,0.79,92.12,1.27,92.51,0.79,-0.39,0.48
district,Koshi,Sankhuwasabha,Male,10 Year,1650,1520,108,21,1,92.12,1.27,92.12,1.27,92.51,0.79,-0.39,0.48
district,Koshi,Sankhuwasabha,Female,11 Year,1475,1396,63,16,0,94.64,1.08,93.83,1.21,94.64,1.08,-0.81,0.13
district,Koshi,Sankhuwasabha,Male,11 Year,1410,1323,70,17,0,93.83,1.21,93.83,1.21,94.64,1.08,-0.81,0.13
district,Koshi,Sankhuwasabha,Female,12 Year,1558,1493,52,13,0,95.83,0.83,95.08,1.36,95.83,0.83,-0.75,0.53
district,Koshi,Sankhuwasabha,Male,12 Year,1546,1470,55,21,0,95.08,1.36,95.08,1.36,95.83,0.83,-0.75,0.53
district,Koshi,Sankhuwasabha,Female,13 Year,1556,1497,43,16,0,96.21,1.03,94.55,0.95,96.21,1.03,-1.66,-0.08
district,Koshi,Sankhuwasabha,Male,13 Year,1579,1493,71,15,0,94.55,0.95,94.55,0.95,96.21,1.03,-1.66,-0.08
district,Koshi,Sankhuwasabha,Female,14 Year,1539,1453,74,12,0,94.41,0.78,92.76,0.95,94.41,0.78,-1.65,0.17
district,Koshi,Sankhuwasabha,Male,14 Year,1684,1562,105,16,1,92.76,0.95,92.76,0.95,94.41,0.78,-1.65,0.17
district,Koshi,Sankhuwasabha,Female,15 Year,1546,1388,139,19,0,89.78,1.23,89.3,1.42,89.78,1.23,-0.48,0.19
district,Koshi,Sankhuwasabha,Male,15 Year,1551,1385,143,22,1,89.3,1.42,89.3,1.42,89.78,1.23,-0.48,0.19
district,Koshi,Sankhuwasabha,Female,16 Year,1162,992,152,18,0,85.37,1.55,81.45,1.92,85.37,1.55,-3.92,0.37
district,Koshi,Sankhuwasabha,Male,16 Year,1299,1058,216,25,0,81.45,1.92,81.45,1.92,85.37,1.55,-3.92,0.37
district,Koshi,Sankhuwasabha,Female,17 Year,892,575,289,28,0,64.46,3.14,67.51,2.44,64.46,3.14,3.05,-0.7
district,Koshi,Sankhuwasabha,Male,17 Year,1105,746,332,27,0,67.51,2.44,67.51,2.44,64.46,3.14,3.05,-0.7
district,Koshi,Sankhuwasabha,Female,18 Year,899,402,472,25,0,44.72,2.78,50.3,2.97,44.72,2.78,5.58,0.19
district,Koshi,Sankhuwasabha,Male,18 Year,1010,508,472,30,0,50.3,2.97,50.3,2.97,44.72,2.78,5.58,0.19
district,Koshi,Sankhuwasabha,Female,19 Year,663,172,460,31,0,25.94,4.68,29.74,3.89,25.94,4.68,3.8,-0.79
district,Koshi,Sankhuwasabha,Male,19 Year,797,237,529,31,0,29.74,3.89,29.74,3.89,25.94,4.68,3.8,-0.79
district,Koshi,Sankhuwasabha,Female,20 Year,801,66,685,50,0,8.24,6.24,13.15,4.69,8.24,6.24,4.91,-1.55
district,Koshi,Sankhuwasabha,Male,20 Year,852,112,700,40,0,13.15,4.69,13.15,4.69,8.24,6.24,4.91,-1.55
district,Koshi,Sankhuwasabha,Female,21 Year,701,25,639,37,0,3.57,5.28,5.75,4.52,3.57,5.28,2.18,-0.76
district,Koshi,Sankhuwasabha,Male,21 Year,730,42,655,33,0,5.75,4.52,5.75,4.52,3.57,5.28,2.18,-0.76
district,Koshi,Sankhuwasabha,Female,22 Year,813,21,745,47,0,2.58,5.78,2.68,4.08,2.58,5.78,0.1,-1.7
district,Koshi,Sankhuwasabha,Male,22 Year,857,23,797,35,2,2.68,4.08,2.68,4.08,2.58,5.78,0.1,-1.7
district,Koshi,Sankhuwasabha,Female,23 Year,797,12,736,49,0,1.51,6.15,1.44,4.45,1.51,6.15,-0.07,-1.7
district,Koshi,Sankhuwasabha,Male,23 Year,831,12,782,37,0,1.44,4.45,1.44,4.45,1.51,6.15,-0.07,-1.7
district,Koshi,Sankhuwasabha,Female,24 Year,832,11,750,71,0,1.32,8.53,1.43,5.83,1.32,8.53,0.11,-2.7
district,Koshi,Sankhuwasabha,Male,24 Year,841,12,780,49,0,1.43,5.83,1.43,5.83,1.32,8.53,0.11,-2.7
district,Koshi,Sankhuwasabha,Female,25 Year,961,2,881,78,0,0.21,8.12,0.21,5.68,0.21,8.12,0.0,-2.44
district,Koshi,Sankhuwasabha,Male,25 Year,951,2,895,54,0,0.21,5.68,0.21,5.68,0.21,8.12,0.0,-2.44
district,Koshi,Sankhuwasabha,Female,5 Year,1527,1407,2,117,1,92.14,7.66,91.7,8.1,92.14,7.66,-0.44,0.44
district,Koshi,Sankhuwasabha,Male,5 Year,1567,1437,1,127,2,91.7,8.1,91.7,8.1,92.14,7.66,-0.44,0.44
district,Koshi,Sankhuwasabha,Female,6 Year,1414,1370,4,40,0,96.89,2.83,96.13,3.68,96.89,2.83,-0.76,0.85
district,Koshi,Sankhuwasabha,Male,6 Year,1603,1541,3,59,0,96.13,3.68,96.13,3.68,96.89,2.83,-0.76,0.85
district,Koshi,Sankhuwasabha,Female,7 Year,1477,1448,1,28,0,98.04,1.9,97.42,2.32,98.04,1.9,-0.62,0.42
district,Koshi,Sankhuwasabha,Male,7 Year,1550,1510,4,36,0,97.42,2.32,97.42,2.32,98.04,1.9,-0.62,0.42
district,Koshi,Sankhuwasabha,Female,8 Year,1564,1538,5,21,0,98.34,1.34,98.36,1.28,98.34,1.34,0.02,-0.06
district,Koshi,Sankhuwasabha,Male,8 Year,1643,1616,5,21,1,98.36,1.28,98.36,1.28,98.34,1.34,0.02,-0.06
district,Koshi,Sankhuwasabha,Female,9 Year,1374,1357,3,14,0,98.76,1.02,98.49,0.99,98.76,1.02,-0.27,-0.03
district,Koshi,Sankhuwasabha,Male,9 Year,1520,1497,8,15,0,98.49,0.99,98.49,0.99,98.76,1.02,-0.27,-0.03
district,Koshi,Sankhuwasabha,Female,All Ages,25074,18034,6297,742,1,71.92,2.96,71.89,2.75,71.92,2.96,-0.03,-0.21
district,Koshi,Sankhuwasabha,Male,All Ages,26576,19106,6731,731,8,71.89,2.75,71.89,2.75,71.92,2.96,-0.03,-0.21
district,Koshi,Solukhumbu,Female,10 Year,957,877,76,4,0,91.64,0.42,89.94,1.18,91.64,0.42,-1.7,0.76
district,Koshi,Solukhumbu,Male,10 Year,1014,912,90,12,0,89.94,1.18,89.94,1.18,91.64,0.42,-1.7,0.76
district,Koshi,Solukhumbu,Female,11 Year,946,899,40,7,0,95.03,0.74,93.22,0.67,95.03,0.74,-1.81,-0.07
district,Koshi,Solukhumbu,Male,11 Year,900,839,55,6,0,93.22,0.67,93.22,0.67,95.03,0.74,-1.81,-0.07
district,Koshi,Solukhumbu,Female,12 Year,1130,1084,36,10,0,95.93,0.88,93.49,0.86,95.93,0.88,-2.44,-0.02
district,Koshi,Solukhumbu,Male,12 Year,1168,1092,66,10,0,93.49,0.86,93.49,0.86,95.93,0.88,-2.44,-0.02
district,Koshi,Solukhumbu,Female,13 Year,1011,973,31,7,0,96.24,0.69,94.31,0.92,96.24,0.69,-1.93,0.23
district,Koshi,Solukhumbu,Male,13 Year,1090,1028,52,10,0,94.31,0.92,94.31,0.92,96.24,0.69,-1.93,0.23
district,Koshi,Solukhumbu,Female,14 Year,1127,1074,37,16,0,95.3,1.42,93.2,1.07,95.3,1.42,-2.1,-0.35
district,Koshi,Solukhumbu,Male,14 Year,1030,960,59,11,0,93.2,1.07,93.2,1.07,95.3,1.42,-2.1,-0.35
district,Koshi,Solukhumbu,Female,15 Year,1006,926,66,13,1,92.05,1.29,87.82,1.62,92.05,1.29,-4.23,0.33
district,Koshi,Solukhumbu,Male,15 Year,1051,923,111,17,0,87.82,1.62,87.82,1.62,92.05,1.29,-4.23,0.33
district,Koshi,Solukhumbu,Female,16 Year,755,654,94,7,0,86.62,0.93,83.87,1.15,86.62,0.93,-2.75,0.22
district,Koshi,Solukhumbu,Male,16 Year,868,728,130,10,0,83.87,1.15,83.87,1.15,86.62,0.93,-2.75,0.22
district,Koshi,Solukhumbu,Female,17 Year,527,389,129,9,0,73.81,1.71,74.85,2.07,73.81,1.71,1.04,0.36
district,Koshi,Solukhumbu,Male,17 Year,676,506,156,14,0,74.85,2.07,74.85,2.07,73.81,1.71,1.04,0.36
district,Koshi,Solukhumbu,Female,18 Year,546,297,227,22,0,54.4,4.03,54.65,3.52,54.4,4.03,0.25,-0.51
district,Koshi,Solukhumbu,Male,18 Year,710,388,295,25,2,54.65,3.52,54.65,3.52,54.4,4.03,0.25,-0.51
district,Koshi,Solukhumbu,Female,19 Year,354,132,210,12,0,37.29,3.39,42.45,2.41,37.29,3.39,5.16,-0.98
district,Koshi,Solukhumbu,Male,19 Year,457,194,252,11,0,42.45,2.41,42.45,2.41,37.29,3.39,5.16,-0.98
district,Koshi,Solukhumbu,Female,20 Year,447,43,374,30,0,9.62,6.71,13.71,2.93,9.62,6.71,4.09,-3.78
district,Koshi,Solukhumbu,Male,20 Year,547,75,456,16,0,13.71,2.93,13.71,2.93,9.62,6.71,4.09,-3.78
district,Koshi,Solukhumbu,Female,21 Year,376,22,334,20,0,5.85,5.32,8.67,4.58,5.85,5.32,2.82,-0.74
district,Koshi,Solukhumbu,Male,21 Year,415,36,360,19,0,8.67,4.58,8.67,4.58,5.85,5.32,2.82,-0.74
district,Koshi,Solukhumbu,Female,22 Year,483,26,425,32,0,5.38,6.63,6.11,5.15,5.38,6.63,0.73,-1.48
district,Koshi,Solukhumbu,Male,22 Year,524,32,465,27,0,6.11,5.15,6.11,5.15,5.38,6.63,0.73,-1.48
district,Koshi,Solukhumbu,Female,23 Year,437,10,390,37,0,2.29,8.47,3.16,5.49,2.29,8.47,0.87,-2.98
district,Koshi,Solukhumbu,Male,23 Year,474,15,433,26,0,3.16,5.49,3.16,5.49,2.29,8.47,0.87,-2.98
district,Koshi,Solukhumbu,Female,24 Year,522,11,466,45,0,2.11,8.62,2.54,6.05,2.11,8.62,0.43,-2.57
district,Koshi,Solukhumbu,Male,24 Year,512,13,468,31,0,2.54,6.05,2.54,6.05,2.11,8.62,0.43,-2.57
district,Koshi,Solukhumbu,Female,25 Year,541,3,477,61,0,0.55,11.28,1.11,5.9,0.55,11.28,0.56,-5.38
district,Koshi,Solukhumbu,Male,25 Year,542,6,504,32,0,1.11,5.9,1.11,5.9,0.55,11.28,0.56,-5.38
district,Koshi,Solukhumbu,Female,5 Year,883,803,2,77,1,90.94,8.72,89.63,10.26,90.94,8.72,-1.31,1.54
district,Koshi,Solukhumbu,Male,5 Year,887,795,1,91,0,89.63,10.26,89.63,10.26,90.94,8.72,-1.31,1.54
district,Koshi,Solukhumbu,Female,6 Year,929,887,2,40,0,95.48,4.31,95.91,3.78,95.48,4.31,0.43,-0.53
district,Koshi,Solukhumbu,Male,6 Year,979,939,3,37,0,95.91,3.78,95.91,3.78,95.48,4.31,0.43,-0.53
district,Koshi,Solukhumbu,Female,7 Year,935,909,2,24,0,97.22,2.57,97.0,2.67,97.22,2.57,-0.22,0.1
district,Koshi,Solukhumbu,Male,7 Year,900,873,3,24,0,97.0,2.67,97.0,2.67,97.22,2.57,-0.22,0.1
district,Koshi,Solukhumbu,Female,8 Year,889,875,4,10,0,98.43,1.12,98.49,1.13,98.43,1.12,0.06,0.01
district,Koshi,Solukhumbu,Male,8 Year,1062,1046,4,12,0,98.49,1.13,98.49,1.13,98.43,1.12,0.06,0.01
district,Koshi,Solukhumbu,Female,9 Year,909,899,2,8,0,98.9,0.88,97.98,1.01,98.9,0.88,-0.92,0.13
district,Koshi,Solukhumbu,Male,9 Year,992,972,10,10,0,97.98,1.01,97.98,1.01,98.9,0.88,-0.92,0.13
district,Koshi,Solukhumbu,Female,All Ages,15710,11793,3424,491,2,75.07,3.13,73.65,2.68,75.07,3.13,-1.42,-0.45
district,Koshi,Solukhumbu,Male,All Ages,16798,12372,3973,451,2,73.65,2.68,73.65,2.68,75.07,3.13,-1.42,-0.45
district,Koshi,Sunsari,Female,10 Year,9374,8066,954,354,0,86.05,3.78,85.98,3.8,86.05,3.78,-0.07,0.02
district,Koshi,Sunsari,Male,10 Year,10270,8830,1050,390,0,85.98,3.8,85.98,3.8,86.05,3.78,-0.07,0.02
district,Koshi,Sunsari,Female,11 Year,6887,6312,404,171,0,91.65,2.48,91.17,2.43,91.65,2.48,-0.48,-0.05
district,Koshi,Sunsari,Male,11 Year,7404,6750,474,180,0,91.17,2.43,91.17,2.43,91.65,2.48,-0.48,-0.05
district,Koshi,Sunsari,Female,12 Year,8807,8056,426,325,0,91.47,3.69,90.76,3.86,91.47,3.69,-0.71,0.17
district,Koshi,Sunsari,Male,12 Year,9243,8389,497,357,0,90.76,3.86,90.76,3.86,91.47,3.69,-0.71,0.17
district,Koshi,Sunsari,Female,13 Year,8169,7540,378,250,1,92.3,3.06,92.24,3.04,92.3,3.06,-0.06,-0.02
district,Koshi,Sunsari,Male,13 Year,8295,7651,392,252,0,92.24,3.04,92.24,3.04,92.3,3.06,-0.06,-0.02
district,Koshi,Sunsari,Female,14 Year,8208,7571,402,235,0,92.24,2.86,91.03,3.31,92.24,2.86,-1.21,0.45
district,Koshi,Sunsari,Male,14 Year,8491,7729,481,281,0,91.03,3.31,91.03,3.31,92.24,2.86,-1.21,0.45
district,Koshi,Sunsari,Female,15 Year,7795,6756,668,370,1,86.67,4.75,85.64,4.16,86.67,4.75,-1.03,-0.59
district,Koshi,Sunsari,Male,15 Year,8188,7012,835,341,0,85.64,4.16,85.64,4.16,86.67,4.75,-1.03,-0.59
district,Koshi,Sunsari,Female,16 Year,6056,4917,800,339,0,81.19,5.6,79.59,5.13,81.19,5.6,-1.6,-0.47
district,Koshi,Sunsari,Male,16 Year,6765,5384,1034,347,0,79.59,5.13,79.59,5.13,81.19,5.6,-1.6,-0.47
district,Koshi,Sunsari,Female,17 Year,4106,2768,1029,308,1,67.41,7.5,66.77,6.43,67.41,7.5,-0.64,-1.07
district,Koshi,Sunsari,Male,17 Year,4809,3211,1289,309,0,66.77,6.43,66.77,6.43,67.41,7.5,-0.64,-1.07
district,Koshi,Sunsari,Female,18 Year,4638,1851,2124,663,0,39.91,14.29,45.4,9.84,39.91,14.29,5.49,-4.45
district,Koshi,Sunsari,Male,18 Year,5526,2509,2473,544,0,45.4,9.84,45.4,9.84,39.91,14.29,5.49,-4.45
district,Koshi,Sunsari,Female,19 Year,3106,724,1909,473,0,23.31,15.23,31.45,10.97,23.31,15.23,8.14,-4.26
district,Koshi,Sunsari,Male,19 Year,3345,1052,1926,367,0,31.45,10.97,31.45,10.97,23.31,15.23,8.14,-4.26
district,Koshi,Sunsari,Female,20 Year,5813,343,4219,1251,0,5.9,21.52,9.59,14.32,5.9,21.52,3.69,-7.2
district,Koshi,Sunsari,Male,20 Year,4380,420,3333,627,0,9.59,14.32,9.59,14.32,5.9,21.52,3.69,-7.2
district,Koshi,Sunsari,Female,21 Year,3784,121,3058,605,0,3.2,15.99,6.07,11.77,3.2,15.99,2.87,-4.22
district,Koshi,Sunsari,Male,21 Year,3262,198,2680,384,0,6.07,11.77,6.07,11.77,3.2,15.99,2.87,-4.22
district,Koshi,Sunsari,Female,22 Year,5520,111,4336,1072,1,2.01,19.42,3.21,14.23,2.01,19.42,1.2,-5.19
district,Koshi,Sunsari,Male,22 Year,4335,139,3579,617,0,3.21,14.23,3.21,14.23,2.01,19.42,1.2,-5.19
district,Koshi,Sunsari,Female,23 Year,4464,66,3589,808,1,1.48,18.1,2.58,13.21,1.48,18.1,1.1,-4.89
district,Koshi,Sunsari,Male,23 Year,3376,87,2843,446,0,2.58,13.21,2.58,13.21,1.48,18.1,1.1,-4.89
district,Koshi,Sunsari,Female,24 Year,4709,72,3801,836,0,1.53,17.75,1.87,12.31,1.53,17.75,0.34,-5.44
district,Koshi,Sunsari,Male,24 Year,3738,70,3208,460,0,1.87,12.31,1.87,12.31,1.53,17.75,0.34,-5.44
district,Koshi,Sunsari,Female,25 Year,7964,25,5823,2115,1,0.31,26.56,0.36,16.51,0.31,26.56,0.05,-10.05
district,Koshi,Sunsari,Male,25 Year,5518,20,4587,911,0,0.36,16.51,0.36,16.51,0.31,26.56,0.05,-10.05
district,Koshi,Sunsari,Female,5 Year,8758,7596,14,1145,3,86.73,13.07,86.58,13.01,86.73,13.07,-0.15,-0.06
district,Koshi,Sunsari,Male,5 Year,9463,8193,35,1231,4,86.58,13.01,86.58,13.01,86.73,13.07,-0.15,-0.06
district,Koshi,Sunsari,Female,6 Year,8524,7797,33,692,2,91.47,8.12,91.72,7.92,91.47,8.12,0.25,-0.2
district,Koshi,Sunsari,Male,6 Year,8927,8188,31,707,1,91.72,7.92,91.72,7.92,91.47,8.12,0.25,-0.2
district,Koshi,Sunsari,Female,7 Year,8925,8381,33,510,1,93.9,5.71,94.03,5.63,93.9,5.71,0.13,-0.08
district,Koshi,Sunsari,Male,7 Year,9346,8788,31,526,1,94.03,5.63,94.03,5.63,93.9,5.71,0.13,-0.08
district,Koshi,Sunsari,Female,8 Year,9391,8857,41,492,1,94.31,5.24,94.97,4.55,94.31,5.24,0.66,-0.69
district,Koshi,Sunsari,Male,8 Year,10035,9530,48,457,0,94.97,4.55,94.97,4.55,94.31,5.24,0.66,-0.69
district,Koshi,Sunsari,Female,9 Year,7932,7610,53,268,1,95.94,3.38,96.51,2.91,95.94,3.38,0.57,-0.47
district,Koshi,Sunsari,Male,9 Year,8212,7925,48,239,0,96.51,2.91,96.51,2.91,95.94,3.38,0.57,-0.47
district,Koshi,Sunsari,Female,All Ages,142930,95540,34094,13282,14,66.84,9.29,71.42,6.98,66.84,9.29,4.58,-2.31
district,Koshi,Sunsari,Male,All Ages,142928,102075,30874,9973,6,71.42,6.98,71.42,6.98,66.84,9.29,4.58,-2.31
district,Koshi,Taplejung,Female,10 Year,1129,1052,64,13,0,93.18,1.15,92.28,1.22,93.18,1.15,-0.9,0.07
district,Koshi,Taplejung,Male,10 Year,1062,980,69,13,0,92.28,1.22,92.28,1.22,93.18,1.15,-0.9,0.07
district,Koshi,Taplejung,Female,11 Year,1018,961,46,11,0,94.4,1.08,94.02,1.18,94.4,1.08,-0.38,0.1
district,Koshi,Taplejung,Male,11 Year,1020,959,49,12,0,94.02,1.18,94.02,1.18,94.4,1.08,-0.38,0.1
district,Koshi,Taplejung,Female,12 Year,1216,1167,37,12,0,95.97,0.99,95.3,1.2,95.97,0.99,-0.67,0.21
district,Koshi,Taplejung,Male,12 Year,1170,1115,41,14,0,95.3,1.2,95.3,1.2,95.97,0.99,-0.67,0.21
district,Koshi,Taplejung,Female,13 Year,1221,1165,47,9,0,95.41,0.74,95.2,1.16,95.41,0.74,-0.21,0.42
district,Koshi,Taplejung,Male,13 Year,1208,1150,44,14,0,95.2,1.16,95.2,1.16,95.41,0.74,-0.21,0.42
district,Koshi,Taplejung,Female,14 Year,1264,1196,59,9,0,94.62,0.71,93.0,1.32,94.62,0.71,-1.62,0.61
district,Koshi,Taplejung,Male,14 Year,1285,1195,73,17,0,93.0,1.32,93.0,1.32,94.62,0.71,-1.62,0.61
district,Koshi,Taplejung,Female,15 Year,1140,1022,97,21,0,89.65,1.84,87.45,1.37,89.65,1.84,-2.2,-0.47
district,Koshi,Taplejung,Male,15 Year,1171,1024,131,16,0,87.45,1.37,87.45,1.37,89.65,1.84,-2.2,-0.47
district,Koshi,Taplejung,Female,16 Year,923,762,142,19,0,82.56,2.06,81.14,2.42,82.56,2.06,-1.42,0.36
district,Koshi,Taplejung,Male,16 Year,949,770,156,23,0,81.14,2.42,81.14,2.42,82.56,2.06,-1.42,0.36
district,Koshi,Taplejung,Female,17 Year,623,394,206,23,0,63.24,3.69,68.2,2.3,63.24,3.69,4.96,-1.39
district,Koshi,Taplejung,Male,17 Year,783,534,231,18,0,68.2,2.3,68.2,2.3,63.24,3.69,4.96,-1.39
district,Koshi,Taplejung,Female,18 Year,630,250,367,13,0,39.68,2.06,44.96,3.27,39.68,2.06,5.28,1.21
district,Koshi,Taplejung,Male,18 Year,794,357,411,26,0,44.96,3.27,44.96,3.27,39.68,2.06,5.28,1.21
district,Koshi,Taplejung,Female,19 Year,541,143,381,17,0,26.43,3.14,30.32,3.06,26.43,3.14,3.89,-0.08
district,Koshi,Taplejung,Male,19 Year,686,208,457,21,0,30.32,3.06,30.32,3.06,26.43,3.14,3.89,-0.08
district,Koshi,Taplejung,Female,20 Year,615,55,539,21,0,8.94,3.41,11.43,3.46,8.94,3.41,2.49,0.05
district,Koshi,Taplejung,Male,20 Year,866,99,737,30,0,11.43,3.46,11.43,3.46,8.94,3.41,2.49,0.05
district,Koshi,Taplejung,Female,21 Year,647,40,584,23,0,6.18,3.55,7.71,3.57,6.18,3.55,1.53,0.02
district,Koshi,Taplejung,Male,21 Year,700,54,621,25,0,7.71,3.57,7.71,3.57,6.18,3.55,1.53,0.02
district,Koshi,Taplejung,Female,22 Year,694,23,641,30,0,3.31,4.32,4.51,4.1,3.31,4.32,1.2,-0.22
district,Koshi,Taplejung,Male,22 Year,731,33,668,30,0,4.51,4.1,4.51,4.1,3.31,4.32,1.2,-0.22
district,Koshi,Taplejung,Female,23 Year,685,15,642,28,0,2.19,4.09,2.06,3.71,2.19,4.09,-0.13,-0.38
district,Koshi,Taplejung,Male,23 Year,727,15,685,27,0,2.06,3.71,2.06,3.71,2.19,4.09,-0.13,-0.38
district,Koshi,Taplejung,Female,24 Year,715,8,678,29,0,1.12,4.06,2.33,3.29,1.12,4.06,1.21,-0.77
district,Koshi,Taplejung,Male,24 Year,730,17,689,24,0,2.33,3.29,2.33,3.29,1.12,4.06,1.21,-0.77
district,Koshi,Taplejung,Female,25 Year,720,3,680,37,0,0.42,5.14,0.25,4.02,0.42,5.14,-0.17,-1.12
district,Koshi,Taplejung,Male,25 Year,796,2,762,32,0,0.25,4.02,0.25,4.02,0.42,5.14,-0.17,-1.12
district,Koshi,Taplejung,Female,5 Year,1118,1013,7,98,0,90.61,8.77,90.8,8.77,90.61,8.77,0.19,0.0
district,Koshi,Taplejung,Male,5 Year,1152,1046,5,101,0,90.8,8.77,90.8,8.77,90.61,8.77,0.19,0.0
district,Koshi,Taplejung,Female,6 Year,1181,1127,0,54,0,95.43,4.57,95.09,4.75,95.43,4.57,-0.34,0.18
district,Koshi,Taplejung,Male,6 Year,1264,1202,2,60,0,95.09,4.75,95.09,4.75,95.43,4.57,-0.34,0.18
district,Koshi,Taplejung,Female,7 Year,1207,1183,5,19,0,98.01,1.57,97.81,2.11,98.01,1.57,-0.2,0.54
district,Koshi,Taplejung,Male,7 Year,1235,1208,1,26,0,97.81,2.11,97.81,2.11,98.01,1.57,-0.2,0.54
district,Koshi,Taplejung,Female,8 Year,1135,1119,1,15,0,98.59,1.32,97.02,2.63,98.59,1.32,-1.57,1.31
district,Koshi,Taplejung,Male,8 Year,1140,1106,4,30,0,97.02,2.63,97.02,2.63,98.59,1.32,-1.57,1.31
district,Koshi,Taplejung,Female,9 Year,1135,1108,9,18,0,97.62,1.59,98.0,1.31,97.62,1.59,0.38,-0.28
district,Koshi,Taplejung,Male,9 Year,1149,1126,8,15,0,98.0,1.31,98.0,1.31,97.62,1.59,0.38,-0.28
district,Koshi,Taplejung,Female,All Ages,19557,13806,5232,519,0,70.59,2.65,68.87,2.78,70.59,2.65,-1.72,0.13
district,Koshi,Taplejung,Male,All Ages,20618,14200,5844,574,0,68.87,2.78,68.87,2.78,70.59,2.65,-1.72,0.13
district,Koshi,Terhathum,Female,10 Year,784,718,56,10,0,91.58,1.28,92.27,0.97,91.58,1.28,0.69,-0.31
district,Koshi,Terhathum,Male,10 Year,828,764,56,8,0,92.27,0.97,92.27,0.97,91.58,1.28,0.69,-0.31
district,Koshi,Terhathum,Female,11 Year,703,685,15,3,0,97.44,0.43,95.22,0.84,97.44,0.43,-2.22,0.41
district,Koshi,Terhathum,Male,11 Year,712,678,27,6,1,95.22,0.84,95.22,0.84,97.44,0.43,-2.22,0.41
district,Koshi,Terhathum,Female,12 Year,753,727,20,6,0,96.55,0.8,95.64,0.97,96.55,0.8,-0.91,0.17
district,Koshi,Terhathum,Male,12 Year,825,789,28,8,0,95.64,0.97,95.64,0.97,96.55,0.8,-0.91,0.17
district,Koshi,Terhathum,Female,13 Year,767,748,17,2,0,97.52,0.26,95.58,1.01,97.52,0.26,-1.94,0.75
district,Koshi,Terhathum,Male,13 Year,791,756,26,8,1,95.58,1.01,95.58,1.01,97.52,0.26,-1.94,0.75
district,Koshi,Terhathum,Female,14 Year,868,839,25,4,0,96.66,0.46,95.24,0.61,96.66,0.46,-1.42,0.15
district,Koshi,Terhathum,Male,14 Year,819,780,34,5,0,95.24,0.61,95.24,0.61,96.66,0.46,-1.42,0.15
district,Koshi,Terhathum,Female,15 Year,701,650,47,4,0,92.72,0.57,89.43,1.35,92.72,0.57,-3.29,0.78
district,Koshi,Terhathum,Male,15 Year,814,728,75,11,0,89.43,1.35,89.43,1.35,92.72,0.57,-3.29,0.78
district,Koshi,Terhathum,Female,16 Year,551,461,85,5,0,83.67,0.91,80.16,1.09,83.67,0.91,-3.51,0.18
district,Koshi,Terhathum,Male,16 Year,645,517,121,7,0,80.16,1.09,80.16,1.09,83.67,0.91,-3.51,0.18
district,Koshi,Terhathum,Female,17 Year,379,237,132,10,0,62.53,2.64,66.81,1.91,62.53,2.64,4.28,-0.73
district,Koshi,Terhathum,Male,17 Year,470,314,147,9,0,66.81,1.91,66.81,1.91,62.53,2.64,4.28,-0.73
district,Koshi,Terhathum,Female,18 Year,343,141,195,7,0,41.11,2.04,47.3,1.96,41.11,2.04,6.19,-0.08
district,Koshi,Terhathum,Male,18 Year,408,193,207,8,0,47.3,1.96,47.3,1.96,41.11,2.04,6.19,-0.08
district,Koshi,Terhathum,Female,19 Year,265,53,208,4,0,20.0,1.51,26.82,3.21,20.0,1.51,6.82,1.7
district,Koshi,Terhathum,Male,19 Year,343,92,240,11,0,26.82,3.21,26.82,3.21,20.0,1.51,6.82,1.7
district,Koshi,Terhathum,Female,20 Year,314,24,274,15,1,7.64,4.78,8.81,2.27,7.64,4.78,1.17,-2.51
district,Koshi,Terhathum,Male,20 Year,352,31,313,8,0,8.81,2.27,8.81,2.27,7.64,4.78,1.17,-2.51
district,Koshi,Terhathum,Female,21 Year,337,15,305,17,0,4.45,5.04,3.75,2.5,4.45,5.04,-0.7,-2.54
district,Koshi,Terhathum,Male,21 Year,400,15,375,10,0,3.75,2.5,3.75,2.5,4.45,5.04,-0.7,-2.54
district,Koshi,Terhathum,Female,22 Year,402,14,374,14,0,3.48,3.48,6.61,1.93,3.48,3.48,3.13,-1.55
district,Koshi,Terhathum,Male,22 Year,363,24,332,7,0,6.61,1.93,6.61,1.93,3.48,3.48,3.13,-1.55
district,Koshi,Terhathum,Female,23 Year,408,10,379,19,0,2.45,4.66,2.31,5.38,2.45,4.66,-0.14,0.72
district,Koshi,Terhathum,Male,23 Year,390,9,360,21,0,2.31,5.38,2.31,5.38,2.45,4.66,-0.14,0.72
district,Koshi,Terhathum,Female,24 Year,448,11,417,20,0,2.46,4.46,2.48,3.23,2.46,4.46,0.02,-1.23
district,Koshi,Terhathum,Male,24 Year,403,10,380,13,0,2.48,3.23,2.48,3.23,2.46,4.46,0.02,-1.23
district,Koshi,Terhathum,Female,25 Year,477,2,461,14,0,0.42,2.94,0.0,2.47,0.42,2.94,-0.42,-0.47
district,Koshi,Terhathum,Male,25 Year,445,0,433,11,1,0.0,2.47,0.0,2.47,0.42,2.94,-0.42,-0.47
district,Koshi,Terhathum,Female,5 Year,797,738,2,56,1,92.6,7.03,90.46,9.19,92.6,7.03,-2.14,2.16
district,Koshi,Terhathum,Male,5 Year,849,768,1,78,2,90.46,9.19,90.46,9.19,92.6,7.03,-2.14,2.16
district,Koshi,Terhathum,Female,6 Year,800,774,3,23,0,96.75,2.88,96.32,3.31,96.75,2.88,-0.43,0.43
district,Koshi,Terhathum,Male,6 Year,815,785,3,27,0,96.32,3.31,96.32,3.31,96.75,2.88,-0.43,0.43
district,Koshi,Terhathum,Female,7 Year,823,811,3,9,0,98.54,1.09,98.48,1.17,98.54,1.09,-0.06,0.08
district,Koshi,Terhathum,Male,7 Year,853,840,3,10,0,98.48,1.17,98.48,1.17,98.54,1.09,-0.06,0.08
district,Koshi,Terhathum,Female,8 Year,850,837,3,10,0,98.47,1.18,97.78,1.7,98.47,1.18,-0.69,0.52
district,Koshi,Terhathum,Male,8 Year,766,749,4,13,0,97.78,1.7,97.78,1.7,98.47,1.18,-0.69,0.52
district,Koshi,Terhathum,Female,9 Year,771,754,6,11,0,97.8,1.43,98.51,1.12,97.8,1.43,0.71,-0.31
district,Koshi,Terhathum,Male,9 Year,803,791,3,9,0,98.51,1.12,98.51,1.12,97.8,1.43,0.71,-0.31
district,Koshi,Terhathum,Female,All Ages,12541,9249,3027,263,2,73.75,2.1,73.57,2.2,73.75,2.1,-0.18,0.1
district,Koshi,Terhathum,Male,All Ages,13094,9633,3168,288,5,73.57,2.2,73.57,2.2,73.75,2.1,-0.18,0.1
district,Koshi,Udayapur,Female,10 Year,3464,3113,305,46,0,89.87,1.33,90.11,1.13,89.87,1.33,0.24,-0.2
district,Koshi,Udayapur,Male,10 Year,3549,3198,311,40,0,90.11,1.13,90.11,1.13,89.87,1.33,0.24,-0.2
district,Koshi,Udayapur,Female,11 Year,3069,2885,145,39,0,94.0,1.27,92.46,1.57,94.0,1.27,-1.54,0.3
district,Koshi,Udayapur,Male,11 Year,3130,2894,187,49,0,92.46,1.57,92.46,1.57,94.0,1.27,-1.54,0.3
district,Koshi,Udayapur,Female,12 Year,3649,3469,126,54,0,95.07,1.48,93.59,2.32,95.07,1.48,-1.48,0.84
district,Koshi,Udayapur,Male,12 Year,3747,3507,153,87,0,93.59,2.32,93.59,2.32,95.07,1.48,-1.48,0.84
district,Koshi,Udayapur,Female,13 Year,3481,3282,131,68,0,94.28,1.95,94.07,1.32,94.28,1.95,-0.21,-0.63
district,Koshi,Udayapur,Male,13 Year,3493,3286,161,46,0,94.07,1.32,94.07,1.32,94.28,1.95,-0.21,-0.63
district,Koshi,Udayapur,Female,14 Year,3710,3518,145,47,0,94.82,1.27,91.68,1.81,94.82,1.27,-3.14,0.54
district,Koshi,Udayapur,Male,14 Year,3644,3341,237,66,0,91.68,1.81,91.68,1.81,94.82,1.27,-3.14,0.54
district,Koshi,Udayapur,Female,15 Year,3415,3074,267,74,0,90.01,2.17,86.17,2.11,90.01,2.17,-3.84,-0.06
district,Koshi,Udayapur,Male,15 Year,3601,3103,421,76,1,86.17,2.11,86.17,2.11,90.01,2.17,-3.84,-0.06
district,Koshi,Udayapur,Female,16 Year,2659,2186,406,67,0,82.21,2.52,79.24,3.23,82.21,2.52,-2.97,0.71
district,Koshi,Udayapur,Male,16 Year,2852,2260,499,92,1,79.24,3.23,79.24,3.23,82.21,2.52,-2.97,0.71
district,Koshi,Udayapur,Female,17 Year,1772,1141,561,70,0,64.39,3.95,63.55,3.69,64.39,3.95,-0.84,-0.26
district,Koshi,Udayapur,Male,17 Year,2115,1344,693,78,0,63.55,3.69,63.55,3.69,64.39,3.95,-0.84,-0.26
district,Koshi,Udayapur,Female,18 Year,1895,755,1011,129,0,39.84,6.81,41.21,4.5,39.84,6.81,1.37,-2.31
district,Koshi,Udayapur,Male,18 Year,2157,889,1171,97,0,41.21,4.5,41.21,4.5,39.84,6.81,1.37,-2.31
district,Koshi,Udayapur,Female,19 Year,1425,323,1008,94,0,22.67,6.6,23.26,5.21,22.67,6.6,0.59,-1.39
district,Koshi,Udayapur,Male,19 Year,1496,348,1070,78,0,23.26,5.21,23.26,5.21,22.67,6.6,0.59,-1.39
district,Koshi,Udayapur,Female,20 Year,1848,126,1547,175,0,6.82,9.47,7.58,5.71,6.82,9.47,0.76,-3.76
district,Koshi,Udayapur,Male,20 Year,1768,134,1532,101,1,7.58,5.71,7.58,5.71,6.82,9.47,0.76,-3.76
district,Koshi,Udayapur,Female,21 Year,1657,65,1446,145,1,3.92,8.75,3.66,5.01,3.92,8.75,-0.26,-3.74
district,Koshi,Udayapur,Male,21 Year,1558,57,1423,78,0,3.66,5.01,3.66,5.01,3.92,8.75,-0.26,-3.74
district,Koshi,Udayapur,Female,22 Year,1963,49,1727,187,0,2.5,9.53,2.51,6.61,2.5,9.53,0.01,-2.92
district,Koshi,Udayapur,Male,22 Year,1755,44,1595,116,0,2.51,6.61,2.51,6.61,2.5,9.53,0.01,-2.92
district,Koshi,Udayapur,Female,23 Year,1910,50,1694,166,0,2.62,8.69,2.02,6.0,2.62,8.69,-0.6,-2.69
district,Koshi,Udayapur,Male,23 Year,1632,33,1501,98,0,2.02,6.0,2.02,6.0,2.62,8.69,-0.6,-2.69
district,Koshi,Udayapur,Female,24 Year,2059,29,1858,172,0,1.41,8.35,1.43,6.63,1.41,8.35,0.02,-1.72
district,Koshi,Udayapur,Male,24 Year,1613,23,1483,107,0,1.43,6.63,1.43,6.63,1.41,8.35,0.02,-1.72
district,Koshi,Udayapur,Female,25 Year,2302,2,2027,273,0,0.09,11.86,0.22,8.31,0.09,11.86,0.13,-3.55
district,Koshi,Udayapur,Male,25 Year,1792,4,1639,149,0,0.22,8.31,0.22,8.31,0.09,11.86,0.13,-3.55
district,Koshi,Udayapur,Female,5 Year,3011,2754,5,251,1,91.46,8.34,89.94,9.71,91.46,8.34,-1.52,1.37
district,Koshi,Udayapur,Male,5 Year,3191,2870,10,310,1,89.94,9.71,89.94,9.71,91.46,8.34,-1.52,1.37
district,Koshi,Udayapur,Female,6 Year,3141,2975,15,151,0,94.72,4.81,95.04,4.76,94.72,4.81,0.32,-0.05
district,Koshi,Udayapur,Male,6 Year,3528,3353,7,168,0,95.04,4.76,95.04,4.76,94.72,4.81,0.32,-0.05
district,Koshi,Udayapur,Female,7 Year,3169,3079,4,86,0,97.16,2.71,96.66,3.04,97.16,2.71,-0.5,0.33
district,Koshi,Udayapur,Male,7 Year,3353,3241,10,102,0,96.66,3.04,96.66,3.04,97.16,2.71,-0.5,0.33
district,Koshi,Udayapur,Female,8 Year,3347,3263,19,65,0,97.49,1.94,97.23,2.26,97.49,1.94,-0.26,0.32
district,Koshi,Udayapur,Male,8 Year,3500,3403,18,79,0,97.23,2.26,97.23,2.26,97.49,1.94,-0.26,0.32
district,Koshi,Udayapur,Female,9 Year,3181,3125,11,45,0,98.24,1.41,97.77,1.56,98.24,1.41,-0.47,0.15
district,Koshi,Udayapur,Male,9 Year,3408,3332,23,53,0,97.77,1.56,97.77,1.56,98.24,1.41,-0.47,0.15
district,Koshi,Udayapur,Female,All Ages,56127,39263,14458,2404,2,69.95,4.28,71.49,3.64,69.95,4.28,1.54,-0.64
district,Koshi,Udayapur,Male,All Ages,56882,40664,14144,2070,4,71.49,3.64,71.49,3.64,69.95,4.28,1.54,-0.64
district,Lumbini,Arghakhanchi,Female,10 Year,1668,1539,113,15,1,92.27,0.9,91.8,0.88,92.27,0.9,-0.47,-0.02
district,Lumbini,Arghakhanchi,Male,10 Year,1940,1781,142,17,0,91.8,0.88,91.8,0.88,92.27,0.9,-0.47,-0.02
district,Lumbini,Arghakhanchi,Female,11 Year,1526,1460,59,7,0,95.67,0.46,94.37,0.99,95.67,0.46,-1.3,0.53
district,Lumbini,Arghakhanchi,Male,11 Year,1724,1627,79,17,1,94.37,0.99,94.37,0.99,95.67,0.46,-1.3,0.53
district,Lumbini,Arghakhanchi,Female,12 Year,1835,1770,55,9,1,96.46,0.49,95.07,0.73,96.46,0.49,-1.39,0.24
district,Lumbini,Arghakhanchi,Male,12 Year,1927,1832,81,14,0,95.07,0.73,95.07,0.73,96.46,0.49,-1.39,0.24
district,Lumbini,Arghakhanchi,Female,13 Year,1824,1754,56,12,2,96.16,0.66,96.68,0.53,96.16,0.66,0.52,-0.13
district,Lumbini,Arghakhanchi,Male,13 Year,1897,1834,52,10,1,96.68,0.53,96.68,0.53,96.16,0.66,0.52,-0.13
district,Lumbini,Arghakhanchi,Female,14 Year,1908,1807,89,11,1,94.71,0.58,94.24,0.77,94.71,0.58,-0.47,0.19
district,Lumbini,Arghakhanchi,Male,14 Year,1945,1833,94,15,3,94.24,0.77,94.24,0.77,94.71,0.58,-0.47,0.19
district,Lumbini,Arghakhanchi,Female,15 Year,1702,1535,152,14,1,90.19,0.82,90.62,0.61,90.19,0.82,0.43,-0.21
district,Lumbini,Arghakhanchi,Male,15 Year,1631,1478,139,10,4,90.62,0.61,90.62,0.61,90.19,0.82,0.43,-0.21
district,Lumbini,Arghakhanchi,Female,16 Year,1201,991,198,10,2,82.51,0.83,84.44,1.23,82.51,0.83,1.93,0.4
district,Lumbini,Arghakhanchi,Male,16 Year,1215,1026,172,15,2,84.44,1.23,84.44,1.23,82.51,0.83,1.93,0.4
district,Lumbini,Arghakhanchi,Female,17 Year,882,553,309,18,2,62.7,2.04,70.99,1.64,62.7,2.04,8.29,-0.4
district,Lumbini,Arghakhanchi,Male,17 Year,855,607,234,14,0,70.99,1.64,70.99,1.64,62.7,2.04,8.29,-0.4
district,Lumbini,Arghakhanchi,Female,18 Year,876,351,505,20,0,40.07,2.28,49.78,2.39,40.07,2.28,9.71,0.11
district,Lumbini,Arghakhanchi,Male,18 Year,669,333,320,16,0,49.78,2.39,49.78,2.39,40.07,2.28,9.71,0.11
district,Lumbini,Arghakhanchi,Female,19 Year,676,150,513,12,1,22.19,1.78,29.5,4.6,22.19,1.78,7.31,2.82
district,Lumbini,Arghakhanchi,Male,19 Year,522,154,344,24,0,29.5,4.6,29.5,4.6,22.19,1.78,7.31,2.82
district,Lumbini,Arghakhanchi,Female,20 Year,824,73,718,33,0,8.86,4.0,12.13,5.8,8.86,4.0,3.27,1.8
district,Lumbini,Arghakhanchi,Male,20 Year,569,69,465,33,2,12.13,5.8,12.13,5.8,8.86,4.0,3.27,1.8
district,Lumbini,Arghakhanchi,Female,21 Year,800,23,755,22,0,2.88,2.75,6.49,4.58,2.88,2.75,3.61,1.83
district,Lumbini,Arghakhanchi,Male,21 Year,524,34,464,24,2,6.49,4.58,6.49,4.58,2.88,2.75,3.61,1.83
district,Lumbini,Arghakhanchi,Female,22 Year,901,39,818,44,0,4.33,4.88,4.71,4.35,4.33,4.88,0.38,-0.53
district,Lumbini,Arghakhanchi,Male,22 Year,552,26,502,24,0,4.71,4.35,4.71,4.35,4.33,4.88,0.38,-0.53
district,Lumbini,Arghakhanchi,Female,23 Year,948,18,877,53,0,1.9,5.59,4.69,4.49,1.9,5.59,2.79,-1.1
district,Lumbini,Arghakhanchi,Male,23 Year,512,24,465,23,0,4.69,4.49,4.69,4.49,1.9,5.59,2.79,-1.1
district,Lumbini,Arghakhanchi,Female,24 Year,988,21,928,38,1,2.13,3.85,2.97,3.35,2.13,3.85,0.84,-0.5
district,Lumbini,Arghakhanchi,Male,24 Year,538,16,504,18,0,2.97,3.35,2.97,3.35,2.13,3.85,0.84,-0.5
district,Lumbini,Arghakhanchi,Female,25 Year,1134,22,1049,62,1,1.94,5.47,2.56,5.76,1.94,5.47,0.62,0.29
district,Lumbini,Arghakhanchi,Male,25 Year,625,16,573,36,0,2.56,5.76,2.56,5.76,1.94,5.47,0.62,0.29
district,Lumbini,Arghakhanchi,Female,5 Year,1584,1463,8,101,12,92.36,6.38,92.29,6.7,92.36,6.38,-0.07,0.32
district,Lumbini,Arghakhanchi,Male,5 Year,1777,1640,8,119,10,92.29,6.7,92.29,6.7,92.36,6.38,-0.07,0.32
district,Lumbini,Arghakhanchi,Female,6 Year,1635,1576,14,44,1,96.39,2.69,96.56,2.38,96.39,2.69,0.17,-0.31
district,Lumbini,Arghakhanchi,Male,6 Year,1889,1824,17,45,3,96.56,2.38,96.56,2.38,96.39,2.69,0.17,-0.31
district,Lumbini,Arghakhanchi,Female,7 Year,1510,1471,12,26,1,97.42,1.72,98.41,0.88,97.42,1.72,0.99,-0.84
district,Lumbini,Arghakhanchi,Male,7 Year,1701,1674,11,15,1,98.41,0.88,98.41,0.88,97.42,1.72,0.99,-0.84
district,Lumbini,Arghakhanchi,Female,8 Year,1615,1589,13,13,0,98.39,0.8,98.41,0.95,98.39,0.8,0.02,0.15
district,Lumbini,Arghakhanchi,Male,8 Year,1891,1861,11,18,1,98.41,0.95,98.41,0.95,98.39,0.8,0.02,0.15
district,Lumbini,Arghakhanchi,Female,9 Year,1583,1555,20,6,2,98.23,0.38,98.48,0.51,98.23,0.38,0.25,0.13
district,Lumbini,Arghakhanchi,Male,9 Year,1777,1750,18,9,0,98.48,0.51,98.48,0.51,98.23,0.38,0.25,0.13
district,Lumbini,Arghakhanchi,Female,All Ages,27620,19760,7261,570,29,71.54,2.06,80.36,1.93,71.54,2.06,8.82,-0.13
district,Lumbini,Arghakhanchi,Male,All Ages,26680,21439,4695,516,30,80.36,1.93,80.36,1.93,71.54,2.06,8.82,-0.13
district,Lumbini,Banke,Female,10 Year,6712,5251,753,706,2,78.23,10.52,78.73,9.34,78.23,10.52,0.5,-1.18
district,Lumbini,Banke,Male,10 Year,7528,5927,896,703,2,78.73,9.34,78.73,9.34,78.23,10.52,0.5,-1.18
district,Lumbini,Banke,Female,11 Year,4974,4323,353,295,3,86.91,5.93,86.79,4.82,86.91,5.93,-0.12,-1.11
district,Lumbini,Banke,Male,11 Year,5290,4591,442,255,2,86.79,4.82,86.79,4.82,86.91,5.93,-0.12,-1.11
district,Lumbini,Banke,Female,12 Year,6685,5596,488,597,4,83.71,8.93,84.75,7.95,83.71,8.93,1.04,-0.98
district,Lumbini,Banke,Male,12 Year,7460,6322,542,593,3,84.75,7.95,84.75,7.95,83.71,8.93,1.04,-0.98
district,Lumbini,Banke,Female,13 Year,5944,5175,342,426,1,87.06,7.17,88.01,6.22,87.06,7.17,0.95,-0.95
district,Lumbini,Banke,Male,13 Year,6170,5430,354,384,2,88.01,6.22,88.01,6.22,87.06,7.17,0.95,-0.95
district,Lumbini,Banke,Female,14 Year,6178,5202,497,473,6,84.2,7.66,85.59,6.51,84.2,7.66,1.39,-1.15
district,Lumbini,Banke,Male,14 Year,6357,5441,499,414,3,85.59,6.51,85.59,6.51,84.2,7.66,1.39,-1.15
district,Lumbini,Banke,Female,15 Year,6165,4644,863,656,2,75.33,10.64,77.06,8.73,75.33,10.64,1.73,-1.91
district,Lumbini,Banke,Male,15 Year,6355,4897,895,555,8,77.06,8.73,77.06,8.73,75.33,10.64,1.73,-1.91
district,Lumbini,Banke,Female,16 Year,5177,3491,990,690,6,67.43,13.33,71.26,10.19,67.43,13.33,3.83,-3.14
district,Lumbini,Banke,Male,16 Year,5563,3964,1029,567,3,71.26,10.19,71.26,10.19,67.43,13.33,3.83,-3.14
district,Lumbini,Banke,Female,17 Year,3448,1944,995,507,2,56.38,14.7,60.62,10.01,56.38,14.7,4.24,-4.69
district,Lumbini,Banke,Male,17 Year,3855,2337,1129,386,3,60.62,10.01,60.62,10.01,56.38,14.7,4.24,-4.69
district,Lumbini,Banke,Female,18 Year,4444,1575,1871,994,4,35.44,22.37,43.55,17.66,35.44,22.37,8.11,-4.71
district,Lumbini,Banke,Male,18 Year,4990,2173,1929,881,7,43.55,17.66,43.55,17.66,35.44,22.37,8.11,-4.71
district,Lumbini,Banke,Female,19 Year,2836,635,1587,610,4,22.39,21.51,31.06,14.44,22.39,21.51,8.67,-7.07
district,Lumbini,Banke,Male,19 Year,2714,843,1477,392,2,31.06,14.44,31.06,14.44,22.39,21.51,8.67,-7.07
district,Lumbini,Banke,Female,20 Year,5159,432,3158,1566,3,8.37,30.35,9.64,22.45,8.37,30.35,1.27,-7.9
district,Lumbini,Banke,Male,20 Year,4428,427,3003,994,4,9.64,22.45,9.64,22.45,8.37,30.35,1.27,-7.9
district,Lumbini,Banke,Female,21 Year,2882,168,2091,621,2,5.83,21.55,8.07,16.48,5.83,21.55,2.24,-5.07
district,Lumbini,Banke,Male,21 Year,2579,208,1943,425,3,8.07,16.48,8.07,16.48,5.83,21.55,2.24,-5.07
district,Lumbini,Banke,Female,22 Year,4458,184,3048,1223,3,4.13,27.43,4.69,19.55,4.13,27.43,0.56,-7.88
district,Lumbini,Banke,Male,22 Year,3837,180,2902,750,5,4.69,19.55,4.69,19.55,4.13,27.43,0.56,-7.88
district,Lumbini,Banke,Female,23 Year,3508,103,2542,861,2,2.94,24.54,4.51,16.27,2.94,24.54,1.57,-8.27
district,Lumbini,Banke,Male,23 Year,2729,123,2161,444,1,4.51,16.27,4.51,16.27,2.94,24.54,1.57,-8.27
district,Lumbini,Banke,Female,24 Year,3623,104,2550,964,5,2.87,26.61,2.45,17.17,2.87,26.61,-0.42,-9.44
district,Lumbini,Banke,Male,24 Year,2935,72,2356,504,3,2.45,17.17,2.45,17.17,2.87,26.61,-0.42,-9.44
district,Lumbini,Banke,Female,25 Year,5797,111,3636,2046,4,1.91,35.29,1.99,24.15,1.91,35.29,0.08,-11.14
district,Lumbini,Banke,Male,25 Year,4663,93,3437,1126,7,1.99,24.15,1.99,24.15,1.91,35.29,0.08,-11.14
district,Lumbini,Banke,Female,5 Year,6270,4786,44,1389,51,76.33,22.15,78.99,19.44,76.33,22.15,2.66,-2.71
district,Lumbini,Banke,Male,5 Year,7073,5587,50,1375,61,78.99,19.44,78.99,19.44,76.33,22.15,2.66,-2.71
district,Lumbini,Banke,Female,6 Year,6013,5083,62,844,24,84.53,14.04,85.8,13.09,84.53,14.04,1.27,-0.95
district,Lumbini,Banke,Male,6 Year,6522,5596,49,854,23,85.8,13.09,85.8,13.09,84.53,14.04,1.27,-0.95
district,Lumbini,Banke,Female,7 Year,5716,5012,73,626,5,87.68,10.95,88.16,10.79,87.68,10.95,0.48,-0.16
district,Lumbini,Banke,Male,7 Year,6351,5599,57,685,10,88.16,10.79,88.16,10.79,87.68,10.95,0.48,-0.16
district,Lumbini,Banke,Female,8 Year,6523,5718,92,703,10,87.66,10.78,88.65,9.84,87.66,10.78,0.99,-0.94
district,Lumbini,Banke,Male,8 Year,7409,6568,105,729,7,88.65,9.84,88.65,9.84,87.66,10.78,0.99,-0.94
district,Lumbini,Banke,Female,9 Year,5467,4927,93,445,2,90.12,8.14,91.59,6.56,90.12,8.14,1.47,-1.58
district,Lumbini,Banke,Male,9 Year,6005,5500,104,394,7,91.59,6.56,91.59,6.56,90.12,8.14,1.47,-1.58
district,Lumbini,Banke,Female,All Ages,107979,64464,26128,17242,145,59.7,15.97,64.86,12.1,59.7,15.97,5.16,-3.87
district,Lumbini,Banke,Male,All Ages,110813,71878,25359,13410,166,64.86,12.1,64.86,12.1,59.7,15.97,5.16,-3.87
district,Lumbini,Bardiya,Female,10 Year,4120,3700,346,74,0,89.81,1.8,88.72,1.6,89.81,1.8,-1.09,-0.2
district,Lumbini,Bardiya,Male,10 Year,4495,3988,435,72,0,88.72,1.6,88.72,1.6,89.81,1.8,-1.09,-0.2
district,Lumbini,Bardiya,Female,11 Year,3646,3408,200,38,0,93.47,1.04,93.1,0.78,93.47,1.04,-0.37,-0.26
district,Lumbini,Bardiya,Male,11 Year,3839,3574,235,30,0,93.1,0.78,93.1,0.78,93.47,1.04,-0.37,-0.26
district,Lumbini,Bardiya,Female,12 Year,4477,4235,188,54,0,94.59,1.21,93.49,1.38,94.59,1.21,-1.1,0.17
district,Lumbini,Bardiya,Male,12 Year,4718,4411,242,65,0,93.49,1.38,93.49,1.38,94.59,1.21,-1.1,0.17
district,Lumbini,Bardiya,Female,13 Year,4344,4147,150,46,1,95.47,1.06,95.14,1.09,95.47,1.06,-0.33,0.03
district,Lumbini,Bardiya,Male,13 Year,4400,4186,165,48,1,95.14,1.09,95.14,1.09,95.47,1.06,-0.33,0.03
district,Lumbini,Bardiya,Female,14 Year,4676,4378,238,56,4,93.63,1.2,93.38,0.98,93.63,1.2,-0.25,-0.22
district,Lumbini,Bardiya,Male,14 Year,4580,4277,255,45,3,93.38,0.98,93.38,0.98,93.63,1.2,-0.25,-0.22
district,Lumbini,Bardiya,Female,15 Year,4626,4048,484,90,4,87.51,1.95,87.38,1.54,87.51,1.95,-0.13,-0.41
district,Lumbini,Bardiya,Male,15 Year,4405,3849,484,68,4,87.38,1.54,87.38,1.54,87.51,1.95,-0.13,-0.41
district,Lumbini,Bardiya,Female,16 Year,3590,2874,632,80,4,80.06,2.23,78.22,2.39,80.06,2.23,-1.84,0.16
district,Lumbini,Bardiya,Male,16 Year,3728,2916,718,89,5,78.22,2.39,78.22,2.39,80.06,2.23,-1.84,0.16
district,Lumbini,Bardiya,Female,17 Year,2541,1605,845,87,4,63.16,3.42,64.1,2.07,63.16,3.42,0.94,-1.35
district,Lumbini,Bardiya,Male,17 Year,2805,1798,946,58,3,64.1,2.07,64.1,2.07,63.16,3.42,0.94,-1.35
district,Lumbini,Bardiya,Female,18 Year,2909,1130,1646,130,3,38.84,4.47,45.38,3.91,38.84,4.47,6.54,-0.56
district,Lumbini,Bardiya,Male,18 Year,2790,1266,1414,109,1,45.38,3.91,45.38,3.91,38.84,4.47,6.54,-0.56
district,Lumbini,Bardiya,Female,19 Year,2284,571,1630,82,1,25.0,3.59,28.14,3.51,25.0,3.59,3.14,-0.08
district,Lumbini,Bardiya,Male,19 Year,1940,546,1325,68,1,28.14,3.51,28.14,3.51,25.0,3.59,3.14,-0.08
district,Lumbini,Bardiya,Female,20 Year,3344,310,2784,246,4,9.27,7.36,9.85,4.85,9.27,7.36,0.58,-2.51
district,Lumbini,Bardiya,Male,20 Year,2578,254,2198,125,1,9.85,4.85,9.85,4.85,9.27,7.36,0.58,-2.51
district,Lumbini,Bardiya,Female,21 Year,2461,144,2207,109,1,5.85,4.43,6.08,3.55,5.85,4.43,0.23,-0.88
district,Lumbini,Bardiya,Male,21 Year,2055,125,1855,73,2,6.08,3.55,6.08,3.55,5.85,4.43,0.23,-0.88
district,Lumbini,Bardiya,Female,22 Year,3379,133,3010,234,2,3.94,6.93,3.86,4.78,3.94,6.93,-0.08,-2.15
district,Lumbini,Bardiya,Male,22 Year,2615,101,2387,125,2,3.86,4.78,3.86,4.78,3.94,6.93,-0.08,-2.15
district,Lumbini,Bardiya,Female,23 Year,3038,91,2757,187,3,3.0,6.16,2.91,4.71,3.0,6.16,-0.09,-1.45
district,Lumbini,Bardiya,Male,23 Year,2166,63,1998,102,3,2.91,4.71,2.91,4.71,3.0,6.16,-0.09,-1.45
district,Lumbini,Bardiya,Female,24 Year,3387,96,3054,231,6,2.83,6.82,2.0,4.41,2.83,6.82,-0.83,-2.41
district,Lumbini,Bardiya,Male,24 Year,2401,48,2244,106,3,2.0,4.41,2.0,4.41,2.83,6.82,-0.83,-2.41
district,Lumbini,Bardiya,Female,25 Year,4289,105,3658,523,3,2.45,12.19,2.07,7.65,2.45,12.19,-0.38,-4.54
district,Lumbini,Bardiya,Male,25 Year,2902,60,2614,222,6,2.07,7.65,2.07,7.65,2.45,12.19,-0.38,-4.54
district,Lumbini,Bardiya,Female,5 Year,3926,3570,28,304,24,90.93,7.74,91.23,7.47,90.93,7.74,0.3,-0.27
district,Lumbini,Bardiya,Male,5 Year,4138,3775,34,309,20,91.23,7.47,91.23,7.47,90.93,7.74,0.3,-0.27
district,Lumbini,Bardiya,Female,6 Year,3868,3689,34,135,10,95.37,3.49,95.47,3.55,95.37,3.49,0.1,0.06
district,Lumbini,Bardiya,Male,6 Year,4194,4004,29,149,12,95.47,3.55,95.47,3.55,95.37,3.49,0.1,0.06
district,Lumbini,Bardiya,Female,7 Year,3802,3698,28,70,6,97.26,1.84,96.98,1.88,97.26,1.84,-0.28,0.04
district,Lumbini,Bardiya,Male,7 Year,4139,4014,45,78,2,96.98,1.88,96.98,1.88,97.26,1.84,-0.28,0.04
district,Lumbini,Bardiya,Female,8 Year,4002,3873,50,78,1,96.78,1.95,97.26,1.71,96.78,1.95,0.48,-0.24
district,Lumbini,Bardiya,Male,8 Year,4339,4220,44,74,1,97.26,1.71,97.26,1.71,96.78,1.95,0.48,-0.24
district,Lumbini,Bardiya,Female,9 Year,3690,3577,60,49,4,96.94,1.33,97.33,0.89,96.94,1.33,0.39,-0.44
district,Lumbini,Bardiya,Male,9 Year,3935,3830,67,35,3,97.33,0.89,97.33,0.89,96.94,1.33,0.39,-0.44
district,Lumbini,Bardiya,Female,All Ages,76399,49382,24029,2903,85,64.64,3.8,70.13,2.8,64.64,3.8,5.49,-1.0
district,Lumbini,Bardiya,Male,All Ages,73162,51305,19734,2050,73,70.13,2.8,70.13,2.8,64.64,3.8,5.49,-1.0
district,Lumbini,Dang,Female,10 Year,6417,5802,569,44,2,90.42,0.69,89.35,0.79,90.42,0.69,-1.07,0.1
district,Lumbini,Dang,Male,10 Year,7051,6300,692,56,3,89.35,0.79,89.35,0.79,90.42,0.69,-1.07,0.1
district,Lumbini,Dang,Female,11 Year,5686,5383,273,29,1,94.67,0.51,94.02,0.62,94.67,0.51,-0.65,0.11
district,Lumbini,Dang,Male,11 Year,6124,5758,325,38,3,94.02,0.62,94.02,0.62,94.67,0.51,-0.65,0.11
district,Lumbini,Dang,Female,12 Year,6806,6550,212,42,2,96.24,0.62,95.17,0.85,96.24,0.62,-1.07,0.23
district,Lumbini,Dang,Male,12 Year,7428,7069,289,63,7,95.17,0.85,95.17,0.85,96.24,0.62,-1.07,0.23
district,Lumbini,Dang,Female,13 Year,6704,6461,206,36,1,96.38,0.54,95.66,0.6,96.38,0.54,-0.72,0.06
district,Lumbini,Dang,Male,13 Year,6704,6413,251,40,0,95.66,0.6,95.66,0.6,96.38,0.54,-0.72,0.06
district,Lumbini,Dang,Female,14 Year,7172,6855,277,34,6,95.58,0.47,93.79,0.72,95.58,0.47,-1.79,0.25
district,Lumbini,Dang,Male,14 Year,7359,6902,397,53,7,93.79,0.72,93.79,0.72,95.58,0.47,-1.79,0.25
district,Lumbini,Dang,Female,15 Year,6843,6285,515,39,4,91.85,0.57,89.06,0.91,91.85,0.57,-2.79,0.34
district,Lumbini,Dang,Male,15 Year,6809,6064,674,62,9,89.06,0.91,89.06,0.91,91.85,0.57,-2.79,0.34
district,Lumbini,Dang,Female,16 Year,5771,4912,791,61,7,85.12,1.06,82.96,0.93,85.12,1.06,-2.16,-0.13
district,Lumbini,Dang,Male,16 Year,5932,4921,948,55,8,82.96,0.93,82.96,0.93,85.12,1.06,-2.16,-0.13
district,Lumbini,Dang,Female,17 Year,3807,2712,1052,38,5,71.24,1.0,70.46,1.49,71.24,1.0,-0.78,0.49
district,Lumbini,Dang,Male,17 Year,4039,2846,1127,60,6,70.46,1.49,70.46,1.49,71.24,1.0,-0.78,0.49
district,Lumbini,Dang,Female,18 Year,3930,1841,1983,102,4,46.84,2.6,49.37,2.02,46.84,2.6,2.53,-0.58
district,Lumbini,Dang,Male,18 Year,4209,2078,2038,85,8,49.37,2.02,49.37,2.02,46.84,2.6,2.53,-0.58
district,Lumbini,Dang,Female,19 Year,2865,907,1871,84,3,31.66,2.93,33.72,2.27,31.66,2.93,2.06,-0.66
district,Lumbini,Dang,Male,19 Year,2648,893,1692,60,3,33.72,2.27,33.72,2.27,31.66,2.93,2.06,-0.66
district,Lumbini,Dang,Female,20 Year,4056,435,3481,139,1,10.72,3.43,14.33,3.12,10.72,3.43,3.61,-0.31
district,Lumbini,Dang,Male,20 Year,3210,460,2647,100,3,14.33,3.12,14.33,3.12,10.72,3.43,3.61,-0.31
district,Lumbini,Dang,Female,21 Year,3340,253,2944,136,7,7.57,4.07,7.53,3.08,7.57,4.07,-0.04,-0.99
district,Lumbini,Dang,Male,21 Year,2761,208,2466,85,2,7.53,3.08,7.53,3.08,7.57,4.07,-0.04,-0.99
district,Lumbini,Dang,Female,22 Year,4246,211,3835,200,0,4.97,4.71,5.7,3.41,4.97,4.71,0.73,-1.3
district,Lumbini,Dang,Male,22 Year,3402,194,3087,116,5,5.7,3.41,5.7,3.41,4.97,4.71,0.73,-1.3
district,Lumbini,Dang,Female,23 Year,4124,175,3761,178,10,4.24,4.32,3.87,3.28,4.24,4.32,-0.37,-1.04
district,Lumbini,Dang,Male,23 Year,2895,112,2688,95,0,3.87,3.28,3.87,3.28,4.24,4.32,-0.37,-1.04
district,Lumbini,Dang,Female,24 Year,4453,128,4117,203,5,2.87,4.56,4.0,3.13,2.87,4.56,1.13,-1.43
district,Lumbini,Dang,Male,24 Year,2973,119,2758,93,3,4.0,3.13,4.0,3.13,2.87,4.56,1.13,-1.43
district,Lumbini,Dang,Female,25 Year,5257,131,4752,370,4,2.49,7.04,2.78,3.85,2.49,7.04,0.29,-3.19
district,Lumbini,Dang,Male,25 Year,3711,103,3463,143,2,2.78,3.85,2.78,3.85,2.49,7.04,0.29,-3.19
district,Lumbini,Dang,Female,5 Year,5671,5307,40,273,51,93.58,4.81,94.4,4.44,93.58,4.81,0.82,-0.37
district,Lumbini,Dang,Male,5 Year,6212,5864,24,276,48,94.4,4.44,94.4,4.44,93.58,4.81,0.82,-0.37
district,Lumbini,Dang,Female,6 Year,5993,5807,46,127,13,96.9,2.12,96.88,2.06,96.9,2.12,-0.02,-0.06
district,Lumbini,Dang,Male,6 Year,6447,6246,48,133,20,96.88,2.06,96.88,2.06,96.9,2.12,-0.02,-0.06
district,Lumbini,Dang,Female,7 Year,5941,5809,59,66,7,97.78,1.11,98.23,0.92,97.78,1.11,0.45,-0.19
district,Lumbini,Dang,Male,7 Year,6320,6208,49,58,5,98.23,0.92,98.23,0.92,97.78,1.11,0.45,-0.19
district,Lumbini,Dang,Female,8 Year,6217,6086,74,46,11,97.89,0.74,98.08,0.97,97.89,0.74,0.19,0.23
district,Lumbini,Dang,Male,8 Year,6996,6862,64,68,2,98.08,0.97,98.08,0.97,97.89,0.74,0.19,0.23
district,Lumbini,Dang,Female,9 Year,5876,5755,90,29,2,97.94,0.49,97.87,0.76,97.94,0.49,-0.07,0.27
district,Lumbini,Dang,Male,9 Year,6442,6305,85,49,3,97.87,0.76,97.87,0.76,97.94,0.49,-0.07,0.27
district,Lumbini,Dang,Female,All Ages,111175,77805,30948,2276,146,69.98,2.05,74.7,1.63,69.98,2.05,4.72,-0.42
district,Lumbini,Dang,Male,All Ages,109672,81925,25812,1788,147,74.7,1.63,74.7,1.63,69.98,2.05,4.72,-0.42
district,Lumbini,Gulmi,Female,10 Year,2297,2061,221,13,2,89.73,0.57,89.37,0.7,89.73,0.57,-0.36,0.13
district,Lumbini,Gulmi,Male,10 Year,2577,2303,255,18,1,89.37,0.7,89.37,0.7,89.73,0.57,-0.36,0.13
district,Lumbini,Gulmi,Female,11 Year,2090,1982,85,23,0,94.83,1.1,93.62,0.8,94.83,1.1,-1.21,-0.3
district,Lumbini,Gulmi,Male,11 Year,2241,2098,124,18,1,93.62,0.8,93.62,0.8,94.83,1.1,-1.21,-0.3
district,Lumbini,Gulmi,Female,12 Year,2400,2315,66,18,1,96.46,0.75,94.3,1.21,96.46,0.75,-2.16,0.46
district,Lumbini,Gulmi,Male,12 Year,2560,2414,115,31,0,94.3,1.21,94.3,1.21,96.46,0.75,-2.16,0.46
district,Lumbini,Gulmi,Female,13 Year,2401,2323,67,11,0,96.75,0.46,94.95,0.52,96.75,0.46,-1.8,0.06
district,Lumbini,Gulmi,Male,13 Year,2493,2367,111,13,2,94.95,0.52,94.95,0.52,96.75,0.46,-1.8,0.06
district,Lumbini,Gulmi,Female,14 Year,2675,2543,115,15,2,95.07,0.56,94.72,0.45,95.07,0.56,-0.35,-0.11
district,Lumbini,Gulmi,Male,14 Year,2654,2514,127,12,1,94.72,0.45,94.72,0.45,95.07,0.56,-0.35,-0.11
district,Lumbini,Gulmi,Female,15 Year,2534,2287,220,23,4,90.25,0.91,89.89,0.68,90.25,0.91,-0.36,-0.23
district,Lumbini,Gulmi,Male,15 Year,2493,2241,231,17,4,89.89,0.68,89.89,0.68,90.25,0.91,-0.36,-0.23
district,Lumbini,Gulmi,Female,16 Year,1828,1541,273,12,2,84.3,0.66,86.7,1.68,84.3,0.66,2.4,1.02
district,Lumbini,Gulmi,Male,16 Year,1902,1649,218,32,3,86.7,1.68,86.7,1.68,84.3,0.66,2.4,1.02
district,Lumbini,Gulmi,Female,17 Year,1259,846,387,24,2,67.2,1.91,74.9,2.0,67.2,1.91,7.7,0.09
district,Lumbini,Gulmi,Male,17 Year,1247,934,287,25,1,74.9,2.0,74.9,2.0,67.2,1.91,7.7,0.09
district,Lumbini,Gulmi,Female,18 Year,1176,526,622,27,1,44.73,2.3,52.27,1.88,44.73,2.3,7.54,-0.42
district,Lumbini,Gulmi,Male,18 Year,1012,529,463,19,1,52.27,1.88,52.27,1.88,44.73,2.3,7.54,-0.42
district,Lumbini,Gulmi,Female,19 Year,973,248,694,30,1,25.49,3.08,32.59,2.77,25.49,3.08,7.1,-0.31
district,Lumbini,Gulmi,Male,19 Year,758,247,490,21,0,32.59,2.77,32.59,2.77,25.49,3.08,7.1,-0.31
district,Lumbini,Gulmi,Female,20 Year,1059,97,920,42,0,9.16,3.97,11.4,4.62,9.16,3.97,2.24,0.65
district,Lumbini,Gulmi,Male,20 Year,693,79,582,32,0,11.4,4.62,11.4,4.62,9.16,3.97,2.24,0.65
district,Lumbini,Gulmi,Female,21 Year,962,44,880,37,1,4.57,3.85,7.14,3.43,4.57,3.85,2.57,-0.42
district,Lumbini,Gulmi,Male,21 Year,700,50,625,24,1,7.14,3.43,7.14,3.43,4.57,3.85,2.57,-0.42
district,Lumbini,Gulmi,Female,22 Year,1174,29,1102,42,1,2.47,3.58,2.92,5.85,2.47,3.58,0.45,2.27
district,Lumbini,Gulmi,Male,22 Year,718,21,655,42,0,2.92,5.85,2.92,5.85,2.47,3.58,0.45,2.27
district,Lumbini,Gulmi,Female,23 Year,1230,29,1145,56,0,2.36,4.55,2.59,3.75,2.36,4.55,0.23,-0.8
district,Lumbini,Gulmi,Male,23 Year,694,18,650,26,0,2.59,3.75,2.59,3.75,2.36,4.55,0.23,-0.8
district,Lumbini,Gulmi,Female,24 Year,1345,18,1263,63,1,1.34,4.68,2.26,3.85,1.34,4.68,0.92,-0.83
district,Lumbini,Gulmi,Male,24 Year,753,17,707,29,0,2.26,3.85,2.26,3.85,1.34,4.68,0.92,-0.83
district,Lumbini,Gulmi,Female,25 Year,1504,26,1400,78,0,1.73,5.19,2.44,5.12,1.73,5.19,0.71,-0.07
district,Lumbini,Gulmi,Male,25 Year,821,20,758,42,1,2.44,5.12,2.44,5.12,1.73,5.19,0.71,-0.07
district,Lumbini,Gulmi,Female,5 Year,2175,2056,22,93,4,94.53,4.28,93.42,5.38,94.53,4.28,-1.11,1.1
district,Lumbini,Gulmi,Male,5 Year,2400,2242,16,129,13,93.42,5.38,93.42,5.38,94.53,4.28,-1.11,1.1
district,Lumbini,Gulmi,Female,6 Year,2088,2031,19,33,5,97.27,1.58,97.75,1.46,97.27,1.58,0.48,-0.12
district,Lumbini,Gulmi,Male,6 Year,2532,2475,16,37,4,97.75,1.46,97.75,1.46,97.27,1.58,0.48,-0.12
district,Lumbini,Gulmi,Female,7 Year,2262,2213,19,29,1,97.83,1.28,98.06,1.12,97.83,1.28,0.23,-0.16
district,Lumbini,Gulmi,Male,7 Year,2420,2373,17,27,3,98.06,1.12,98.06,1.12,97.83,1.28,0.23,-0.16
district,Lumbini,Gulmi,Female,8 Year,2248,2202,28,16,2,97.95,0.71,97.81,1.12,97.95,0.71,-0.14,0.41
district,Lumbini,Gulmi,Male,8 Year,2507,2452,27,28,0,97.81,1.12,97.81,1.12,97.95,0.71,-0.14,0.41
district,Lumbini,Gulmi,Female,9 Year,2227,2197,21,9,0,98.65,0.4,97.87,0.82,98.65,0.4,-0.78,0.42
district,Lumbini,Gulmi,Male,9 Year,2446,2394,32,20,0,97.87,0.82,97.87,0.82,98.65,0.4,-0.78,0.42
district,Lumbini,Gulmi,Female,All Ages,37907,27614,9569,694,30,72.85,1.83,80.38,1.75,72.85,1.83,7.53,-0.08
district,Lumbini,Gulmi,Male,All Ages,36621,29437,6506,642,36,80.38,1.75,80.38,1.75,72.85,1.83,7.53,-0.08
district,Lumbini,Kapilbastu,Female,10 Year,9077,7446,1245,383,3,82.03,4.22,81.73,3.69,82.03,4.22,-0.3,-0.53
district,Lumbini,Kapilbastu,Male,10 Year,9957,8138,1448,367,4,81.73,3.69,81.73,3.69,82.03,4.22,-0.3,-0.53
district,Lumbini,Kapilbastu,Female,11 Year,5303,4612,509,177,5,86.97,3.34,87.49,2.93,86.97,3.34,0.52,-0.41
district,Lumbini,Kapilbastu,Male,11 Year,5802,5076,555,170,1,87.49,2.93,87.49,2.93,86.97,3.34,0.52,-0.41
district,Lumbini,Kapilbastu,Female,12 Year,8719,7496,826,396,1,85.97,4.54,86.64,3.89,85.97,4.54,0.67,-0.65
district,Lumbini,Kapilbastu,Male,12 Year,9537,8263,900,371,3,86.64,3.89,86.64,3.89,85.97,4.54,0.67,-0.65
district,Lumbini,Kapilbastu,Female,13 Year,7226,6288,670,266,2,87.02,3.68,88.85,3.34,87.02,3.68,1.83,-0.34
district,Lumbini,Kapilbastu,Male,13 Year,6907,6137,537,231,2,88.85,3.34,88.85,3.34,87.02,3.68,1.83,-0.34
district,Lumbini,Kapilbastu,Female,14 Year,7763,6592,810,357,4,84.92,4.6,86.6,3.72,84.92,4.6,1.68,-0.88
district,Lumbini,Kapilbastu,Male,14 Year,7604,6585,735,283,1,86.6,3.72,86.6,3.72,84.92,4.6,1.68,-0.88
district,Lumbini,Kapilbastu,Female,15 Year,7827,5727,1589,504,7,73.17,6.44,76.55,4.86,73.17,6.44,3.38,-1.58
district,Lumbini,Kapilbastu,Male,15 Year,7855,6013,1454,382,6,76.55,4.86,76.55,4.86,73.17,6.44,3.38,-1.58
district,Lumbini,Kapilbastu,Female,16 Year,7510,4944,1975,584,7,65.83,7.78,71.38,6.32,65.83,7.78,5.55,-1.46
district,Lumbini,Kapilbastu,Male,16 Year,7218,5152,1605,456,5,71.38,6.32,71.38,6.32,65.83,7.78,5.55,-1.46
district,Lumbini,Kapilbastu,Female,17 Year,5052,2786,1826,432,8,55.15,8.55,62.11,6.88,55.15,8.55,6.96,-1.67
district,Lumbini,Kapilbastu,Male,17 Year,5146,3196,1590,354,6,62.11,6.88,62.11,6.88,55.15,8.55,6.96,-1.67
district,Lumbini,Kapilbastu,Female,18 Year,6790,2545,3362,877,6,37.48,12.92,45.48,9.56,37.48,12.92,8.0,-3.36
district,Lumbini,Kapilbastu,Male,18 Year,7091,3225,3185,678,3,45.48,9.56,45.48,9.56,37.48,12.92,8.0,-3.36
district,Lumbini,Kapilbastu,Female,19 Year,3583,892,2203,486,2,24.9,13.56,33.64,9.93,24.9,13.56,8.74,-3.63
district,Lumbini,Kapilbastu,Male,19 Year,3395,1142,1913,337,3,33.64,9.93,33.64,9.93,24.9,13.56,8.74,-3.63
district,Lumbini,Kapilbastu,Female,20 Year,6543,555,4561,1421,6,8.48,21.72,13.16,14.03,8.48,21.72,4.68,-7.69
district,Lumbini,Kapilbastu,Male,20 Year,5515,726,4011,774,4,13.16,14.03,13.16,14.03,8.48,21.72,4.68,-7.69
district,Lumbini,Kapilbastu,Female,21 Year,3232,188,2389,654,1,5.82,20.24,9.11,9.73,5.82,20.24,3.29,-10.51
district,Lumbini,Kapilbastu,Male,21 Year,2910,265,2360,283,2,9.11,9.73,9.11,9.73,5.82,20.24,3.29,-10.51
district,Lumbini,Kapilbastu,Female,22 Year,5261,200,3795,1264,2,3.8,24.03,5.15,14.34,3.8,24.03,1.35,-9.69
district,Lumbini,Kapilbastu,Male,22 Year,4736,244,3811,679,2,5.15,14.34,5.15,14.34,3.8,24.03,1.35,-9.69
district,Lumbini,Kapilbastu,Female,23 Year,4383,103,3141,1136,3,2.35,25.92,4.02,14.04,2.35,25.92,1.67,-11.88
district,Lumbini,Kapilbastu,Male,23 Year,3056,123,2503,429,1,4.02,14.04,4.02,14.04,2.35,25.92,1.67,-11.88
district,Lumbini,Kapilbastu,Female,24 Year,4628,103,3215,1308,2,2.23,28.26,2.68,14.9,2.23,28.26,0.45,-13.36
district,Lumbini,Kapilbastu,Male,24 Year,3355,90,2764,500,1,2.68,14.9,2.68,14.9,2.23,28.26,0.45,-13.36
district,Lumbini,Kapilbastu,Female,25 Year,6316,100,4134,2079,3,1.58,32.92,2.09,18.76,1.58,32.92,0.51,-14.16
district,Lumbini,Kapilbastu,Male,25 Year,5400,113,4270,1013,4,2.09,18.76,2.09,18.76,1.58,32.92,0.51,-14.16
district,Lumbini,Kapilbastu,Female,5 Year,7808,6363,66,1290,89,81.49,16.52,81.54,16.8,81.49,16.52,0.05,0.28
district,Lumbini,Kapilbastu,Male,5 Year,8510,6939,66,1430,75,81.54,16.8,81.54,16.8,81.49,16.52,0.05,0.28
district,Lumbini,Kapilbastu,Female,6 Year,7434,6633,60,714,27,89.23,9.6,89.11,9.66,89.23,9.6,-0.12,0.06
district,Lumbini,Kapilbastu,Male,6 Year,7951,7085,68,768,30,89.11,9.66,89.11,9.66,89.23,9.6,-0.12,0.06
district,Lumbini,Kapilbastu,Female,7 Year,7049,6551,69,421,8,92.94,5.97,92.39,6.12,92.94,5.97,-0.55,0.15
district,Lumbini,Kapilbastu,Male,7 Year,7137,6594,93,437,13,92.39,6.12,92.39,6.12,92.94,5.97,-0.55,0.15
district,Lumbini,Kapilbastu,Female,8 Year,8907,8320,113,463,11,93.41,5.2,93.07,5.14,93.41,5.2,-0.34,-0.06
district,Lumbini,Kapilbastu,Male,8 Year,9217,8578,150,474,15,93.07,5.14,93.07,5.14,93.41,5.2,-0.34,-0.06
district,Lumbini,Kapilbastu,Female,9 Year,5832,5475,118,237,2,93.88,4.06,94.28,3.83,93.88,4.06,0.4,-0.23
district,Lumbini,Kapilbastu,Male,9 Year,6211,5856,114,238,3,94.28,3.83,94.28,3.83,93.88,4.06,0.4,-0.23
district,Lumbini,Kapilbastu,Female,All Ages,136243,83919,36676,15449,199,61.6,11.34,66.57,7.92,61.6,11.34,4.97,-3.42
district,Lumbini,Kapilbastu,Male,All Ages,134510,89540,34132,10654,184,66.57,7.92,66.57,7.92,61.6,11.34,4.97,-3.42
district,Lumbini,Nawalparasi (Bardaghat Susta West),Female,10 Year,3775,3267,460,47,1,86.54,1.25,85.58,1.22,86.54,1.25,-0.96,-0.03
district,Lumbini,Nawalparasi (Bardaghat Susta West),Male,10 Year,4190,3586,550,51,3,85.58,1.22,85.58,1.22,86.54,1.25,-0.96,-0.03
district,Lumbini,Nawalparasi (Bardaghat Susta West),Female,11 Year,2746,2525,196,25,0,91.95,0.91,91.48,0.82,91.95,0.91,-0.47,-0.09
district,Lumbini,Nawalparasi (Bardaghat Susta West),Male,11 Year,3063,2802,235,25,1,91.48,0.82,91.48,0.82,91.95,0.91,-0.47,-0.09
district,Lumbini,Nawalparasi (Bardaghat Susta West),Female,12 Year,3674,3448,192,34,0,93.85,0.93,92.21,1.45,93.85,0.93,-1.64,0.52
district,Lumbini,Nawalparasi (Bardaghat Susta West),Male,12 Year,4058,3742,255,59,2,92.21,1.45,92.21,1.45,93.85,0.93,-1.64,0.52
district,Lumbini,Nawalparasi (Bardaghat Susta West),Female,13 Year,3419,3233,155,30,1,94.56,0.88,93.59,0.87,94.56,0.88,-0.97,-0.01
district,Lumbini,Nawalparasi (Bardaghat Susta West),Male,13 Year,3324,3111,181,29,3,93.59,0.87,93.59,0.87,94.56,0.88,-0.97,-0.01
district,Lumbini,Nawalparasi (Bardaghat Susta West),Female,14 Year,3576,3341,197,37,1,93.43,1.03,92.47,1.49,93.43,1.03,-0.96,0.46
district,Lumbini,Nawalparasi (Bardaghat Susta West),Male,14 Year,3626,3353,219,54,0,92.47,1.49,92.47,1.49,93.43,1.03,-0.96,0.46
district,Lumbini,Nawalparasi (Bardaghat Susta West),Female,15 Year,3536,3091,388,51,6,87.42,1.44,87.61,0.97,87.42,1.44,0.19,-0.47
district,Lumbini,Nawalparasi (Bardaghat Susta West),Male,15 Year,3704,3245,419,36,4,87.61,0.97,87.61,0.97,87.42,1.44,0.19,-0.47
district,Lumbini,Nawalparasi (Bardaghat Susta West),Female,16 Year,3254,2694,491,66,3,82.79,2.03,81.76,1.47,82.79,2.03,-1.03,-0.56
district,Lumbini,Nawalparasi (Bardaghat Susta West),Male,16 Year,3460,2829,574,51,6,81.76,1.47,81.76,1.47,82.79,2.03,-1.03,-0.56
district,Lumbini,Nawalparasi (Bardaghat Susta West),Female,17 Year,2270,1568,638,61,3,69.07,2.69,73.61,2.05,69.07,2.69,4.54,-0.64
district,Lumbini,Nawalparasi (Bardaghat Susta West),Male,17 Year,2482,1827,603,51,1,73.61,2.05,73.61,2.05,69.07,2.69,4.54,-0.64
district,Lumbini,Nawalparasi (Bardaghat Susta West),Female,18 Year,2559,1245,1164,147,3,48.65,5.74,51.37,4.29,48.65,5.74,2.72,-1.45
district,Lumbini,Nawalparasi (Bardaghat Susta West),Male,18 Year,2916,1498,1290,125,3,51.37,4.29,51.37,4.29,48.65,5.74,2.72,-1.45
district,Lumbini,Nawalparasi (Bardaghat Susta West),Female,19 Year,1477,422,969,85,1,28.57,5.75,35.76,3.23,28.57,5.75,7.19,-2.52
district,Lumbini,Nawalparasi (Bardaghat Susta West),Male,19 Year,1577,564,960,51,2,35.76,3.23,35.76,3.23,28.57,5.75,7.19,-2.52
district,Lumbini,Nawalparasi (Bardaghat Susta West),Female,20 Year,2485,219,1992,270,4,8.81,10.87,12.86,6.55,8.81,10.87,4.05,-4.32
district,Lumbini,Nawalparasi (Bardaghat Susta West),Male,20 Year,2169,279,1747,142,1,12.86,6.55,12.86,6.55,8.81,10.87,4.05,-4.32
district,Lumbini,Nawalparasi (Bardaghat Susta West),Female,21 Year,1542,81,1328,132,1,5.25,8.56,5.5,4.73,5.25,8.56,0.25,-3.83
district,Lumbini,Nawalparasi (Bardaghat Susta West),Male,21 Year,1437,79,1287,68,3,5.5,4.73,5.5,4.73,5.25,8.56,0.25,-3.83
district,Lumbini,Nawalparasi (Bardaghat Susta West),Female,22 Year,2227,81,1914,232,0,3.64,10.42,3.94,5.27,3.64,10.42,0.3,-5.15
district,Lumbini,Nawalparasi (Bardaghat Susta West),Male,22 Year,1956,77,1775,103,1,3.94,5.27,3.94,5.27,3.64,10.42,0.3,-5.15
district,Lumbini,Nawalparasi (Bardaghat Susta West),Female,23 Year,2115,49,1801,260,5,2.32,12.29,3.21,5.91,2.32,12.29,0.89,-6.38
district,Lumbini,Nawalparasi (Bardaghat Susta West),Male,23 Year,1591,51,1445,94,1,3.21,5.91,3.21,5.91,2.32,12.29,0.89,-6.38
district,Lumbini,Nawalparasi (Bardaghat Susta West),Female,24 Year,2102,46,1807,248,1,2.19,11.8,1.74,6.72,2.19,11.8,-0.45,-5.08
district,Lumbini,Nawalparasi (Bardaghat Susta West),Male,24 Year,1666,29,1524,112,1,1.74,6.72,1.74,6.72,2.19,11.8,-0.45,-5.08
district,Lumbini,Nawalparasi (Bardaghat Susta West),Female,25 Year,2937,65,2355,514,3,2.21,17.5,1.62,8.44,2.21,17.5,-0.59,-9.06
district,Lumbini,Nawalparasi (Bardaghat Susta West),Male,25 Year,2288,37,2056,193,2,1.62,8.44,1.62,8.44,2.21,17.5,-0.59,-9.06
district,Lumbini,Nawalparasi (Bardaghat Susta West),Female,5 Year,3379,3083,37,234,25,91.24,6.93,90.05,8.17,91.24,6.93,-1.19,1.24
district,Lumbini,Nawalparasi (Bardaghat Susta West),Male,5 Year,3929,3538,36,321,34,90.05,8.17,90.05,8.17,91.24,6.93,-1.19,1.24
district,Lumbini,Nawalparasi (Bardaghat Susta West),Female,6 Year,3337,3166,38,126,7,94.88,3.78,95.3,3.33,94.88,3.78,0.42,-0.45
district,Lumbini,Nawalparasi (Bardaghat Susta West),Male,6 Year,3721,3546,38,124,13,95.3,3.33,95.3,3.33,94.88,3.78,0.42,-0.45
district,Lumbini,Nawalparasi (Bardaghat Susta West),Female,7 Year,3355,3255,25,73,2,97.02,2.18,96.62,1.91,97.02,2.18,-0.4,-0.27
district,Lumbini,Nawalparasi (Bardaghat Susta West),Male,7 Year,3462,3345,43,66,8,96.62,1.91,96.62,1.91,97.02,2.18,-0.4,-0.27
district,Lumbini,Nawalparasi (Bardaghat Susta West),Female,8 Year,3556,3445,45,64,2,96.88,1.8,97.1,1.67,96.88,1.8,0.22,-0.13
district,Lumbini,Nawalparasi (Bardaghat Susta West),Male,8 Year,4073,3955,49,68,1,97.1,1.67,97.1,1.67,96.88,1.8,0.22,-0.13
district,Lumbini,Nawalparasi (Bardaghat Susta West),Female,9 Year,3012,2929,43,35,5,97.24,1.16,97.51,1.07,97.24,1.16,0.27,-0.09
district,Lumbini,Nawalparasi (Bardaghat Susta West),Male,9 Year,3257,3176,44,35,2,97.51,1.07,97.51,1.07,97.24,1.16,0.27,-0.09
district,Lumbini,Nawalparasi (Bardaghat Susta West),Female,All Ages,60333,41253,16235,2771,74,68.38,4.59,72.11,3.0,68.38,4.59,3.73,-1.59
district,Lumbini,Nawalparasi (Bardaghat Susta West),Male,All Ages,61949,44669,15330,1858,92,72.11,3.0,72.11,3.0,68.38,4.59,3.73,-1.59
district,Lumbini,Palpa,Female,10 Year,2030,1893,123,13,1,93.25,0.64,92.32,0.89,93.25,0.64,-0.93,0.25
district,Lumbini,Palpa,Male,10 Year,2253,2080,152,20,1,92.32,0.89,92.32,0.89,93.25,0.64,-0.93,0.25
district,Lumbini,Palpa,Female,11 Year,1966,1893,66,7,0,96.29,0.36,96.26,0.87,96.29,0.36,-0.03,0.51
district,Lumbini,Palpa,Male,11 Year,2061,1984,59,18,0,96.26,0.87,96.26,0.87,96.29,0.36,-0.03,0.51
district,Lumbini,Palpa,Female,12 Year,2159,2098,45,16,0,97.17,0.74,96.5,0.66,97.17,0.74,-0.67,-0.08
district,Lumbini,Palpa,Male,12 Year,2283,2203,63,15,2,96.5,0.66,96.5,0.66,97.17,0.74,-0.67,-0.08
district,Lumbini,Palpa,Female,13 Year,2261,2188,60,9,4,96.77,0.4,96.0,0.45,96.77,0.4,-0.77,0.05
district,Lumbini,Palpa,Male,13 Year,2223,2134,77,10,2,96.0,0.45,96.0,0.45,96.77,0.4,-0.77,0.05
district,Lumbini,Palpa,Female,14 Year,2362,2274,75,11,2,96.27,0.47,95.23,0.45,96.27,0.47,-1.04,-0.02
district,Lumbini,Palpa,Male,14 Year,2455,2338,104,11,2,95.23,0.45,95.23,0.45,96.27,0.47,-1.04,-0.02
district,Lumbini,Palpa,Female,15 Year,2167,1996,158,10,3,92.11,0.46,91.41,0.53,92.11,0.46,-0.7,0.07
district,Lumbini,Palpa,Male,15 Year,2247,2054,173,12,8,91.41,0.53,91.41,0.53,92.11,0.46,-0.7,0.07
district,Lumbini,Palpa,Female,16 Year,1420,1184,225,8,3,83.38,0.56,85.82,0.74,83.38,0.56,2.44,0.18
district,Lumbini,Palpa,Male,16 Year,1615,1386,211,12,6,85.82,0.74,85.82,0.74,83.38,0.56,2.44,0.18
district,Lumbini,Palpa,Female,17 Year,995,654,324,15,2,65.73,1.51,70.89,1.47,65.73,1.51,5.16,-0.04
district,Lumbini,Palpa,Male,17 Year,1089,772,299,16,2,70.89,1.47,70.89,1.47,65.73,1.51,5.16,-0.04
district,Lumbini,Palpa,Female,18 Year,980,413,540,23,4,42.14,2.35,47.55,2.3,42.14,2.35,5.41,-0.05
district,Lumbini,Palpa,Male,18 Year,1001,476,501,23,1,47.55,2.3,47.55,2.3,42.14,2.35,5.41,-0.05
district,Lumbini,Palpa,Female,19 Year,850,193,642,12,3,22.71,1.41,27.74,2.06,22.71,1.41,5.03,0.65
district,Lumbini,Palpa,Male,19 Year,775,215,542,16,2,27.74,2.06,27.74,2.06,22.71,1.41,5.03,0.65
district,Lumbini,Palpa,Female,20 Year,971,66,882,21,2,6.8,2.16,9.7,1.94,6.8,2.16,2.9,-0.22
district,Lumbini,Palpa,Male,20 Year,825,80,726,16,3,9.7,1.94,9.7,1.94,6.8,2.16,2.9,-0.22
district,Lumbini,Palpa,Female,21 Year,905,39,835,29,2,4.31,3.2,6.69,3.21,4.31,3.2,2.38,0.01
district,Lumbini,Palpa,Male,21 Year,747,50,673,24,0,6.69,3.21,6.69,3.21,4.31,3.2,2.38,0.01
district,Lumbini,Palpa,Female,22 Year,1081,26,1023,31,1,2.41,2.87,3.67,2.22,2.41,2.87,1.26,-0.65
district,Lumbini,Palpa,Male,22 Year,899,33,845,20,1,3.67,2.22,3.67,2.22,2.41,2.87,1.26,-0.65
district,Lumbini,Palpa,Female,23 Year,1215,31,1143,41,0,2.55,3.37,3.42,3.42,2.55,3.37,0.87,0.05
district,Lumbini,Palpa,Male,23 Year,848,29,790,29,0,3.42,3.42,3.42,3.42,2.55,3.37,0.87,0.05
district,Lumbini,Palpa,Female,24 Year,1264,32,1197,35,0,2.53,2.77,2.63,3.09,2.53,2.77,0.1,0.32
district,Lumbini,Palpa,Male,24 Year,875,23,824,27,1,2.63,3.09,2.63,3.09,2.53,2.77,0.1,0.32
district,Lumbini,Palpa,Female,25 Year,1547,29,1471,43,4,1.87,2.78,2.75,3.06,1.87,2.78,0.88,0.28
district,Lumbini,Palpa,Male,25 Year,981,27,924,30,0,2.75,3.06,2.75,3.06,1.87,2.78,0.88,0.28
district,Lumbini,Palpa,Female,5 Year,1920,1798,29,79,14,93.65,4.11,94.41,3.8,93.65,4.11,0.76,-0.31
district,Lumbini,Palpa,Male,5 Year,2002,1890,24,76,12,94.41,3.8,94.41,3.8,93.65,4.11,0.76,-0.31
district,Lumbini,Palpa,Female,6 Year,2015,1970,18,23,4,97.77,1.14,96.84,1.86,97.77,1.14,-0.93,0.72
district,Lumbini,Palpa,Male,6 Year,2152,2084,22,40,6,96.84,1.86,96.84,1.86,97.77,1.14,-0.93,0.72
district,Lumbini,Palpa,Female,7 Year,2060,2032,15,12,1,98.64,0.58,97.76,1.05,98.64,0.58,-0.88,0.47
district,Lumbini,Palpa,Male,7 Year,2187,2138,22,23,4,97.76,1.05,97.76,1.05,98.64,0.58,-0.88,0.47
district,Lumbini,Palpa,Female,8 Year,1978,1944,22,11,1,98.28,0.56,98.04,0.67,98.28,0.56,-0.24,0.11
district,Lumbini,Palpa,Male,8 Year,2241,2197,27,15,2,98.04,0.67,98.04,0.67,98.28,0.56,-0.24,0.11
district,Lumbini,Palpa,Female,9 Year,2022,1981,28,12,1,97.97,0.59,97.85,0.49,97.97,0.59,-0.12,-0.1
district,Lumbini,Palpa,Male,9 Year,2232,2184,36,11,1,97.85,0.49,97.85,0.49,97.97,0.59,-0.12,-0.1
district,Lumbini,Palpa,Female,All Ages,34168,24734,8921,461,52,72.39,1.35,77.6,1.37,72.39,1.35,5.21,0.02
district,Lumbini,Palpa,Male,All Ages,33991,26377,7094,464,56,77.6,1.37,77.6,1.37,72.39,1.35,5.21,0.02
district,Lumbini,Pyuthan,Female,10 Year,2757,2484,239,33,1,90.1,1.2,88.09,1.63,90.1,1.2,-2.01,0.43
district,Lumbini,Pyuthan,Male,10 Year,2939,2589,302,48,0,88.09,1.63,88.09,1.63,90.1,1.2,-2.01,0.43
district,Lumbini,Pyuthan,Female,11 Year,2527,2359,137,30,1,93.35,1.19,93.04,1.14,93.35,1.19,-0.31,-0.05
district,Lumbini,Pyuthan,Male,11 Year,2543,2366,147,29,1,93.04,1.14,93.04,1.14,93.35,1.19,-0.31,-0.05
district,Lumbini,Pyuthan,Female,12 Year,3009,2865,115,27,2,95.21,0.9,94.09,0.86,95.21,0.9,-1.12,-0.04
district,Lumbini,Pyuthan,Male,12 Year,3013,2835,150,26,2,94.09,0.86,94.09,0.86,95.21,0.9,-1.12,-0.04
district,Lumbini,Pyuthan,Female,13 Year,2973,2816,134,23,0,94.72,0.77,94.65,0.73,94.72,0.77,-0.07,-0.04
district,Lumbini,Pyuthan,Male,13 Year,2880,2726,131,21,2,94.65,0.73,94.65,0.73,94.72,0.77,-0.07,-0.04
district,Lumbini,Pyuthan,Female,14 Year,3031,2835,169,24,3,93.53,0.79,93.69,0.75,93.53,0.79,0.16,-0.04
district,Lumbini,Pyuthan,Male,14 Year,2932,2747,163,22,0,93.69,0.75,93.69,0.75,93.53,0.79,0.16,-0.04
district,Lumbini,Pyuthan,Female,15 Year,2823,2469,327,25,2,87.46,0.89,87.7,0.86,87.46,0.89,0.24,-0.03
district,Lumbini,Pyuthan,Male,15 Year,2682,2352,303,23,4,87.7,0.86,87.7,0.86,87.46,0.89,0.24,-0.03
district,Lumbini,Pyuthan,Female,16 Year,2406,1933,435,34,4,80.34,1.41,81.77,1.12,80.34,1.41,1.43,-0.29
district,Lumbini,Pyuthan,Male,16 Year,2227,1821,377,25,4,81.77,1.12,81.77,1.12,80.34,1.41,1.43,-0.29
district,Lumbini,Pyuthan,Female,17 Year,1779,1185,551,40,3,66.61,2.25,71.59,1.6,66.61,2.25,4.98,-0.65
district,Lumbini,Pyuthan,Male,17 Year,1503,1076,402,24,1,71.59,1.6,71.59,1.6,66.61,2.25,4.98,-0.65
district,Lumbini,Pyuthan,Female,18 Year,2041,986,993,58,4,48.31,2.84,52.03,2.06,48.31,2.84,3.72,-0.78
district,Lumbini,Pyuthan,Male,18 Year,1555,809,713,32,1,52.03,2.06,52.03,2.06,48.31,2.84,3.72,-0.78
district,Lumbini,Pyuthan,Female,19 Year,1453,400,999,54,0,27.53,3.72,35.4,1.78,27.53,3.72,7.87,-1.94
district,Lumbini,Pyuthan,Male,19 Year,1065,377,666,19,3,35.4,1.78,35.4,1.78,27.53,3.72,7.87,-1.94
district,Lumbini,Pyuthan,Female,20 Year,1759,151,1518,90,0,8.58,5.12,13.44,2.89,8.58,5.12,4.86,-2.23
district,Lumbini,Pyuthan,Male,20 Year,1176,158,983,34,1,13.44,2.89,13.44,2.89,8.58,5.12,4.86,-2.23
district,Lumbini,Pyuthan,Female,21 Year,1558,78,1403,75,2,5.01,4.81,5.25,3.43,5.01,4.81,0.24,-1.38
district,Lumbini,Pyuthan,Male,21 Year,991,52,905,34,0,5.25,3.43,5.25,3.43,5.01,4.81,0.24,-1.38
district,Lumbini,Pyuthan,Female,22 Year,1864,69,1681,111,3,3.7,5.95,3.1,2.3,3.7,5.95,-0.6,-3.65
district,Lumbini,Pyuthan,Male,22 Year,1128,35,1067,26,0,3.1,2.3,3.1,2.3,3.7,5.95,-0.6,-3.65
district,Lumbini,Pyuthan,Female,23 Year,1737,44,1582,110,1,2.53,6.33,2.49,3.95,2.53,6.33,-0.04,-2.38
district,Lumbini,Pyuthan,Male,23 Year,962,24,899,38,1,2.49,3.95,2.49,3.95,2.53,6.33,-0.04,-2.38
district,Lumbini,Pyuthan,Female,24 Year,1740,45,1576,117,2,2.59,6.72,2.18,4.99,2.59,6.72,-0.41,-1.73
district,Lumbini,Pyuthan,Male,24 Year,962,21,893,48,0,2.18,4.99,2.18,4.99,2.59,6.72,-0.41,-1.73
district,Lumbini,Pyuthan,Female,25 Year,1788,36,1596,156,0,2.01,8.72,1.92,3.75,2.01,8.72,-0.09,-4.97
district,Lumbini,Pyuthan,Male,25 Year,1041,20,982,39,0,1.92,3.75,1.92,3.75,2.01,8.72,-0.09,-4.97
district,Lumbini,Pyuthan,Female,5 Year,2412,2176,11,211,14,90.22,8.75,90.64,8.36,90.22,8.75,0.42,-0.39
district,Lumbini,Pyuthan,Male,5 Year,2499,2265,15,209,10,90.64,8.36,90.64,8.36,90.22,8.75,0.42,-0.39
district,Lumbini,Pyuthan,Female,6 Year,2475,2360,19,95,1,95.35,3.84,95.28,3.86,95.35,3.84,-0.07,0.02
district,Lumbini,Pyuthan,Male,6 Year,2669,2543,17,103,6,95.28,3.86,95.28,3.86,95.35,3.84,-0.07,0.02
district,Lumbini,Pyuthan,Female,7 Year,2513,2445,23,44,1,97.29,1.75,96.97,2.32,97.29,1.75,-0.32,0.57
district,Lumbini,Pyuthan,Male,7 Year,2710,2628,17,63,2,96.97,2.32,96.97,2.32,97.29,1.75,-0.32,0.57
district,Lumbini,Pyuthan,Female,8 Year,2671,2602,24,42,3,97.42,1.57,97.88,1.09,97.42,1.57,0.46,-0.48
district,Lumbini,Pyuthan,Male,8 Year,2836,2776,27,31,2,97.88,1.09,97.88,1.09,97.42,1.57,0.46,-0.48
district,Lumbini,Pyuthan,Female,9 Year,2494,2430,34,27,3,97.43,1.08,97.48,0.99,97.43,1.08,0.05,-0.09
district,Lumbini,Pyuthan,Male,9 Year,2623,2557,38,26,2,97.48,0.99,97.48,0.99,97.43,1.08,0.05,-0.09
district,Lumbini,Pyuthan,Female,All Ages,47810,32768,13566,1426,50,68.54,2.98,76.34,2.14,68.54,2.98,7.8,-0.84
district,Lumbini,Pyuthan,Male,All Ages,42936,32777,9197,920,42,76.34,2.14,76.34,2.14,68.54,2.98,7.8,-0.84
district,Lumbini,Rolpa,Female,10 Year,2723,2418,268,37,0,88.8,1.36,88.36,1.14,88.8,1.36,-0.44,-0.22
district,Lumbini,Rolpa,Male,10 Year,2887,2551,303,33,0,88.36,1.14,88.36,1.14,88.8,1.36,-0.44,-0.22
district,Lumbini,Rolpa,Female,11 Year,2374,2174,171,29,0,91.58,1.22,90.92,0.79,91.58,1.22,-0.66,-0.43
district,Lumbini,Rolpa,Male,11 Year,2401,2183,198,19,1,90.92,0.79,90.92,0.79,91.58,1.22,-0.66,-0.43
district,Lumbini,Rolpa,Female,12 Year,2872,2707,139,24,2,94.25,0.84,93.04,0.77,94.25,0.84,-1.21,-0.07
district,Lumbini,Rolpa,Male,12 Year,2987,2779,183,23,2,93.04,0.77,93.04,0.77,94.25,0.84,-1.21,-0.07
district,Lumbini,Rolpa,Female,13 Year,2886,2751,118,17,0,95.32,0.59,93.78,1.32,95.32,0.59,-1.54,0.73
district,Lumbini,Rolpa,Male,13 Year,2878,2699,137,38,4,93.78,1.32,93.78,1.32,95.32,0.59,-1.54,0.73
district,Lumbini,Rolpa,Female,14 Year,2976,2788,157,28,3,93.68,0.94,92.45,1.05,93.68,0.94,-1.23,0.11
district,Lumbini,Rolpa,Male,14 Year,2848,2633,182,30,3,92.45,1.05,92.45,1.05,93.68,0.94,-1.23,0.11
district,Lumbini,Rolpa,Female,15 Year,2897,2562,304,25,6,88.44,0.86,84.5,0.9,88.44,0.86,-3.94,0.04
district,Lumbini,Rolpa,Male,15 Year,2775,2345,404,25,1,84.5,0.9,84.5,0.9,88.44,0.86,-3.94,0.04
district,Lumbini,Rolpa,Female,16 Year,2370,1963,367,35,5,82.83,1.48,80.94,1.71,82.83,1.48,-1.89,0.23
district,Lumbini,Rolpa,Male,16 Year,2287,1851,391,39,6,80.94,1.71,80.94,1.71,82.83,1.48,-1.89,0.23
district,Lumbini,Rolpa,Female,17 Year,1975,1368,551,54,2,69.27,2.73,69.89,1.55,69.27,2.73,0.62,-1.18
district,Lumbini,Rolpa,Male,17 Year,1933,1351,549,30,3,69.89,1.55,69.89,1.55,69.27,2.73,0.62,-1.18
district,Lumbini,Rolpa,Female,18 Year,2100,1077,954,68,1,51.29,3.24,51.65,2.5,51.29,3.24,0.36,-0.74
district,Lumbini,Rolpa,Male,18 Year,1878,970,860,47,1,51.65,2.5,51.65,2.5,51.29,3.24,0.36,-0.74
district,Lumbini,Rolpa,Female,19 Year,1595,527,1008,58,2,33.04,3.64,33.33,2.26,33.04,3.64,0.29,-1.38
district,Lumbini,Rolpa,Male,19 Year,1371,457,882,31,1,33.33,2.26,33.33,2.26,33.04,3.64,0.29,-1.38
district,Lumbini,Rolpa,Female,20 Year,1970,277,1561,131,1,14.06,6.65,15.16,3.9,14.06,6.65,1.1,-2.75
district,Lumbini,Rolpa,Male,20 Year,1590,241,1287,62,0,15.16,3.9,15.16,3.9,14.06,6.65,1.1,-2.75
district,Lumbini,Rolpa,Female,21 Year,1630,135,1369,126,0,8.28,7.73,9.21,3.34,8.28,7.73,0.93,-4.39
district,Lumbini,Rolpa,Male,21 Year,1347,124,1178,45,0,9.21,3.34,9.21,3.34,8.28,7.73,0.93,-4.39
district,Lumbini,Rolpa,Female,22 Year,1895,87,1668,140,0,4.59,7.39,5.64,4.79,4.59,7.39,1.05,-2.6
district,Lumbini,Rolpa,Male,22 Year,1525,86,1364,73,2,5.64,4.79,5.64,4.79,4.59,7.39,1.05,-2.6
district,Lumbini,Rolpa,Female,23 Year,1680,59,1469,151,1,3.51,8.99,4.06,4.4,3.51,8.99,0.55,-4.59
district,Lumbini,Rolpa,Male,23 Year,1158,47,1060,51,0,4.06,4.4,4.06,4.4,3.51,8.99,0.55,-4.59
district,Lumbini,Rolpa,Female,24 Year,1836,53,1583,200,0,2.89,10.89,2.6,4.39,2.89,10.89,-0.29,-6.5
district,Lumbini,Rolpa,Male,24 Year,1231,32,1144,54,1,2.6,4.39,2.6,4.39,2.89,10.89,-0.29,-6.5
district,Lumbini,Rolpa,Female,25 Year,1813,66,1476,269,2,3.64,14.84,2.21,6.17,3.64,14.84,-1.43,-8.67
district,Lumbini,Rolpa,Male,25 Year,1312,29,1200,81,2,2.21,6.17,2.21,6.17,3.64,14.84,-1.43,-8.67
district,Lumbini,Rolpa,Female,5 Year,2269,1989,25,216,39,87.66,9.52,87.46,10.27,87.66,9.52,-0.2,0.75
district,Lumbini,Rolpa,Male,5 Year,2511,2196,29,258,28,87.46,10.27,87.46,10.27,87.66,9.52,-0.2,0.75
district,Lumbini,Rolpa,Female,6 Year,2416,2307,15,91,3,95.49,3.77,94.96,4.22,95.49,3.77,-0.53,0.45
district,Lumbini,Rolpa,Male,6 Year,2442,2319,14,103,6,94.96,4.22,94.96,4.22,95.49,3.77,-0.53,0.45
district,Lumbini,Rolpa,Female,7 Year,2458,2370,21,64,3,96.42,2.6,96.6,2.38,96.42,2.6,0.18,-0.22
district,Lumbini,Rolpa,Male,7 Year,2646,2556,25,63,2,96.6,2.38,96.6,2.38,96.42,2.6,0.18,-0.22
district,Lumbini,Rolpa,Female,8 Year,2324,2254,36,29,5,96.99,1.25,96.74,1.53,96.99,1.25,-0.25,0.28
district,Lumbini,Rolpa,Male,8 Year,2487,2406,40,38,3,96.74,1.53,96.74,1.53,96.99,1.25,-0.25,0.28
district,Lumbini,Rolpa,Female,9 Year,2310,2243,30,36,1,97.1,1.56,96.74,0.93,97.1,1.56,-0.36,-0.63
district,Lumbini,Rolpa,Male,9 Year,2363,2286,53,22,2,96.74,0.93,96.74,0.93,97.1,1.56,-0.36,-0.63
district,Lumbini,Rolpa,Female,All Ages,47369,32175,13290,1828,76,67.92,3.86,71.65,2.6,67.92,3.86,3.73,-1.26
district,Lumbini,Rolpa,Male,All Ages,44857,32141,11483,1165,68,71.65,2.6,71.65,2.6,67.92,3.86,3.73,-1.26
district,Lumbini,Rukum (East),Female,10 Year,650,583,58,9,0,89.69,1.38,88.24,0.93,89.69,1.38,-1.45,-0.45
district,Lumbini,Rukum (East),Male,10 Year,646,570,69,6,1,88.24,0.93,88.24,0.93,89.69,1.38,-1.45,-0.45
district,Lumbini,Rukum (East),Female,11 Year,553,510,33,9,1,92.22,1.63,91.87,1.32,92.22,1.63,-0.35,-0.31
district,Lumbini,Rukum (East),Male,11 Year,529,486,36,7,0,91.87,1.32,91.87,1.32,92.22,1.63,-0.35,-0.31
district,Lumbini,Rukum (East),Female,12 Year,660,611,38,10,1,92.58,1.52,94.81,0.86,92.58,1.52,2.23,-0.66
district,Lumbini,Rukum (East),Male,12 Year,694,658,30,6,0,94.81,0.86,94.81,0.86,92.58,1.52,2.23,-0.66
district,Lumbini,Rukum (East),Female,13 Year,610,587,20,3,0,96.23,0.49,93.35,1.23,96.23,0.49,-2.88,0.74
district,Lumbini,Rukum (East),Male,13 Year,571,533,30,7,1,93.35,1.23,93.35,1.23,96.23,0.49,-2.88,0.74
district,Lumbini,Rukum (East),Female,14 Year,645,610,29,6,0,94.57,0.93,95.14,0.63,94.57,0.93,0.57,-0.3
district,Lumbini,Rukum (East),Male,14 Year,638,607,27,4,0,95.14,0.63,95.14,0.63,94.57,0.93,0.57,-0.3
district,Lumbini,Rukum (East),Female,15 Year,664,597,52,14,1,89.91,2.11,90.03,1.47,89.91,2.11,0.12,-0.64
district,Lumbini,Rukum (East),Male,15 Year,682,614,57,10,1,90.03,1.47,90.03,1.47,89.91,2.11,0.12,-0.64
district,Lumbini,Rukum (East),Female,16 Year,538,456,68,14,0,84.76,2.6,87.22,2.45,84.76,2.6,2.46,-0.15
district,Lumbini,Rukum (East),Male,16 Year,571,498,59,14,0,87.22,2.45,87.22,2.45,84.76,2.6,2.46,-0.15
district,Lumbini,Rukum (East),Female,17 Year,453,333,106,13,1,73.51,2.87,78.78,2.93,73.51,2.87,5.27,0.06
district,Lumbini,Rukum (East),Male,17 Year,410,323,75,12,0,78.78,2.93,78.78,2.93,73.51,2.87,5.27,0.06
district,Lumbini,Rukum (East),Female,18 Year,458,233,198,27,0,50.87,5.9,59.12,4.62,50.87,5.9,8.25,-1.28
district,Lumbini,Rukum (East),Male,18 Year,455,269,165,21,0,59.12,4.62,59.12,4.62,50.87,5.9,8.25,-1.28
district,Lumbini,Rukum (East),Female,19 Year,302,95,185,22,0,31.46,7.28,42.05,3.64,31.46,7.28,10.59,-3.64
district,Lumbini,Rukum (East),Male,19 Year,302,127,163,11,1,42.05,3.64,42.05,3.64,31.46,7.28,10.59,-3.64
district,Lumbini,Rukum (East),Female,20 Year,426,60,324,42,0,14.08,9.86,15.26,4.36,14.08,9.86,1.18,-5.5
district,Lumbini,Rukum (East),Male,20 Year,321,49,257,14,1,15.26,4.36,15.26,4.36,14.08,9.86,1.18,-5.5
district,Lumbini,Rukum (East),Female,21 Year,281,23,233,25,0,8.19,8.9,11.57,7.02,8.19,8.9,3.38,-1.88
district,Lumbini,Rukum (East),Male,21 Year,242,28,196,17,1,11.57,7.02,11.57,7.02,8.19,8.9,3.38,-1.88
district,Lumbini,Rukum (East),Female,22 Year,379,26,313,40,0,6.86,10.55,6.43,10.23,6.86,10.55,-0.43,-0.32
district,Lumbini,Rukum (East),Male,22 Year,342,22,285,35,0,6.43,10.23,6.43,10.23,6.86,10.55,-0.43,-0.32
district,Lumbini,Rukum (East),Female,23 Year,303,13,251,38,1,4.29,12.54,4.33,6.5,4.29,12.54,0.04,-6.04
district,Lumbini,Rukum (East),Male,23 Year,277,12,247,18,0,4.33,6.5,4.33,6.5,4.29,12.54,0.04,-6.04
district,Lumbini,Rukum (East),Female,24 Year,306,9,248,49,0,2.94,16.01,3.97,7.58,2.94,16.01,1.03,-8.43
district,Lumbini,Rukum (East),Male,24 Year,277,11,245,21,0,3.97,7.58,3.97,7.58,2.94,16.01,1.03,-8.43
district,Lumbini,Rukum (East),Female,25 Year,361,10,282,69,0,2.77,19.11,3.32,7.85,2.77,19.11,0.55,-11.26
district,Lumbini,Rukum (East),Male,25 Year,331,11,293,26,1,3.32,7.85,3.32,7.85,2.77,19.11,0.55,-11.26
district,Lumbini,Rukum (East),Female,5 Year,613,520,7,79,7,84.83,12.89,87.08,10.8,84.83,12.89,2.25,-2.09
district,Lumbini,Rukum (East),Male,5 Year,565,492,9,61,3,87.08,10.8,87.08,10.8,84.83,12.89,2.25,-2.09
district,Lumbini,Rukum (East),Female,6 Year,569,531,6,32,0,93.32,5.62,93.45,5.3,93.32,5.62,0.13,-0.32
district,Lumbini,Rukum (East),Male,6 Year,641,599,7,34,1,93.45,5.3,93.45,5.3,93.32,5.62,0.13,-0.32
district,Lumbini,Rukum (East),Female,7 Year,609,583,8,16,2,95.73,2.63,96.54,1.98,95.73,2.63,0.81,-0.65
district,Lumbini,Rukum (East),Male,7 Year,607,586,5,12,4,96.54,1.98,96.54,1.98,95.73,2.63,0.81,-0.65
district,Lumbini,Rukum (East),Female,8 Year,598,579,9,9,1,96.82,1.51,95.97,2.1,96.82,1.51,-0.85,0.59
district,Lumbini,Rukum (East),Male,8 Year,571,548,10,12,1,95.97,2.1,95.97,2.1,96.82,1.51,-0.85,0.59
district,Lumbini,Rukum (East),Female,9 Year,546,525,8,11,2,96.15,2.01,97.27,0.73,96.15,2.01,1.12,-1.28
district,Lumbini,Rukum (East),Male,9 Year,549,534,10,4,1,97.27,0.73,97.27,0.73,96.15,2.01,1.12,-1.28
district,Lumbini,Rukum (East),Female,All Ages,10524,7494,2476,537,17,71.21,5.1,74.13,3.44,71.21,5.1,2.92,-1.66
district,Lumbini,Rukum (East),Male,All Ages,10221,7577,2275,352,17,74.13,3.44,74.13,3.44,71.21,5.1,2.92,-1.66
district,Lumbini,Rupandehi,Female,10 Year,11615,10126,1309,178,2,87.18,1.53,86.44,1.56,87.18,1.53,-0.74,0.03
district,Lumbini,Rupandehi,Male,10 Year,13049,11280,1562,204,3,86.44,1.56,86.44,1.56,87.18,1.53,-0.74,0.03
district,Lumbini,Rupandehi,Female,11 Year,7975,7380,506,84,5,92.54,1.05,92.06,0.93,92.54,1.05,-0.48,-0.12
district,Lumbini,Rupandehi,Male,11 Year,9004,8289,627,84,4,92.06,0.93,92.06,0.93,92.54,1.05,-0.48,-0.12
district,Lumbini,Rupandehi,Female,12 Year,11412,10596,630,181,5,92.85,1.59,92.8,1.37,92.85,1.59,-0.05,-0.22
district,Lumbini,Rupandehi,Male,12 Year,12632,11723,729,173,7,92.8,1.37,92.8,1.37,92.85,1.59,-0.05,-0.22
district,Lumbini,Rupandehi,Female,13 Year,10010,9399,479,123,9,93.9,1.23,94.21,1.13,93.9,1.23,0.31,-0.1
district,Lumbini,Rupandehi,Male,13 Year,10563,9951,487,119,6,94.21,1.13,94.21,1.13,93.9,1.23,0.31,-0.1
district,Lumbini,Rupandehi,Female,14 Year,10697,9866,658,169,4,92.23,1.58,93.27,1.42,92.23,1.58,1.04,-0.16
district,Lumbini,Rupandehi,Male,14 Year,11464,10693,602,163,6,93.27,1.42,93.27,1.42,92.23,1.58,1.04,-0.16
district,Lumbini,Rupandehi,Female,15 Year,10475,9033,1198,235,9,86.23,2.24,87.54,1.88,86.23,2.24,1.31,-0.36
district,Lumbini,Rupandehi,Male,15 Year,10947,9583,1151,206,7,87.54,1.88,87.54,1.88,86.23,2.24,1.31,-0.36
district,Lumbini,Rupandehi,Female,16 Year,9216,7233,1702,267,14,78.48,2.9,82.06,2.31,78.48,2.9,3.58,-0.59
district,Lumbini,Rupandehi,Male,16 Year,9776,8022,1510,226,18,82.06,2.31,82.06,2.31,78.48,2.9,3.58,-0.59
district,Lumbini,Rupandehi,Female,17 Year,5862,3891,1739,229,3,66.38,3.91,71.76,3.19,66.38,3.91,5.38,-0.72
district,Lumbini,Rupandehi,Male,17 Year,6651,4773,1650,212,16,71.76,3.19,71.76,3.19,66.38,3.91,5.38,-0.72
district,Lumbini,Rupandehi,Female,18 Year,7008,3121,3343,537,7,44.53,7.66,52.76,4.86,44.53,7.66,8.23,-2.8
district,Lumbini,Rupandehi,Male,18 Year,7938,4188,3359,386,5,52.76,4.86,52.76,4.86,44.53,7.66,8.23,-2.8
district,Lumbini,Rupandehi,Female,19 Year,4080,1187,2561,327,5,29.09,8.01,36.3,4.48,29.09,8.01,7.21,-3.53
district,Lumbini,Rupandehi,Male,19 Year,4240,1539,2509,190,2,36.3,4.48,36.3,4.48,29.09,8.01,7.21,-3.53
district,Lumbini,Rupandehi,Female,20 Year,6709,657,5193,853,6,9.79,12.71,14.08,7.7,9.79,12.71,4.29,-5.01
district,Lumbini,Rupandehi,Male,20 Year,6184,871,4837,476,0,14.08,7.7,14.08,7.7,9.79,12.71,4.29,-5.01
district,Lumbini,Rupandehi,Female,21 Year,3912,259,3192,457,4,6.62,11.68,9.01,5.55,6.62,11.68,2.39,-6.13
district,Lumbini,Rupandehi,Male,21 Year,3731,336,3184,207,4,9.01,5.55,9.01,5.55,6.62,11.68,2.39,-6.13
district,Lumbini,Rupandehi,Female,22 Year,5968,220,4851,889,8,3.69,14.9,6.24,7.54,3.69,14.9,2.55,-7.36
district,Lumbini,Rupandehi,Male,22 Year,5515,344,4752,416,3,6.24,7.54,6.24,7.54,3.69,14.9,2.55,-7.36
district,Lumbini,Rupandehi,Female,23 Year,5293,132,4302,855,4,2.49,16.15,3.68,7.06,2.49,16.15,1.19,-9.09
district,Lumbini,Rupandehi,Male,23 Year,4190,154,3739,296,1,3.68,7.06,3.68,7.06,2.49,16.15,1.19,-9.09
district,Lumbini,Rupandehi,Female,24 Year,5761,111,4639,1004,7,1.93,17.43,2.4,7.14,1.93,17.43,0.47,-10.29
district,Lumbini,Rupandehi,Male,24 Year,4497,108,4064,321,4,2.4,7.14,2.4,7.14,1.93,17.43,0.47,-10.29
district,Lumbini,Rupandehi,Female,25 Year,7809,149,5939,1715,6,1.91,21.96,2.51,9.79,1.91,21.96,0.6,-12.17
district,Lumbini,Rupandehi,Male,25 Year,6346,159,5563,621,3,2.51,9.79,2.51,9.79,1.91,21.96,0.6,-12.17
district,Lumbini,Rupandehi,Female,5 Year,10143,8838,82,1070,153,87.13,10.55,87.05,10.86,87.13,10.55,-0.08,0.31
district,Lumbini,Rupandehi,Male,5 Year,11432,9952,74,1241,165,87.05,10.86,87.05,10.86,87.13,10.55,-0.08,0.31
district,Lumbini,Rupandehi,Female,6 Year,10194,9504,81,567,42,93.23,5.56,93.57,5.26,93.23,5.56,0.34,-0.3
district,Lumbini,Rupandehi,Male,6 Year,11142,10426,81,586,49,93.57,5.26,93.57,5.26,93.23,5.56,0.34,-0.3
district,Lumbini,Rupandehi,Female,7 Year,9487,9089,93,284,21,95.8,2.99,96.25,2.55,95.8,2.99,0.45,-0.44
district,Lumbini,Rupandehi,Male,7 Year,10404,10014,102,265,23,96.25,2.55,96.25,2.55,95.8,2.99,0.45,-0.44
district,Lumbini,Rupandehi,Female,8 Year,10835,10441,133,242,19,96.36,2.23,96.33,2.4,96.36,2.23,-0.03,0.17
district,Lumbini,Rupandehi,Male,8 Year,12368,11914,142,297,15,96.33,2.4,96.33,2.4,96.36,2.23,-0.03,0.17
district,Lumbini,Rupandehi,Female,9 Year,8586,8322,134,125,5,96.93,1.46,97.33,1.15,96.93,1.46,0.4,-0.31
district,Lumbini,Rupandehi,Male,9 Year,9641,9384,134,111,12,97.33,1.15,97.33,1.15,96.93,1.46,0.4,-0.31
district,Lumbini,Rupandehi,Female,All Ages,173047,119554,42764,10391,338,69.09,6.0,73.58,3.74,69.09,6.0,4.49,-2.26
district,Lumbini,Rupandehi,Male,All Ages,181714,133703,40858,6800,353,73.58,3.74,73.58,3.74,69.09,6.0,4.49,-2.26
district,Madhesh,Bara,Female,10 Year,10922,8534,1153,1235,0,78.14,11.31,78.37,10.13,78.14,11.31,0.23,-1.18
district,Madhesh,Bara,Male,10 Year,12355,9683,1421,1251,0,78.37,10.13,78.37,10.13,78.14,11.31,0.23,-1.18
district,Madhesh,Bara,Female,11 Year,5256,4398,408,450,0,83.68,8.56,83.72,6.52,83.68,8.56,0.04,-2.04
district,Madhesh,Bara,Male,11 Year,5800,4856,566,378,0,83.72,6.52,83.72,6.52,83.68,8.56,0.04,-2.04
district,Madhesh,Bara,Female,12 Year,10146,8466,621,1058,1,83.44,10.43,83.65,8.94,83.44,10.43,0.21,-1.49
district,Madhesh,Bara,Male,12 Year,10663,8920,790,953,0,83.65,8.94,83.65,8.94,83.44,10.43,0.21,-1.49
district,Madhesh,Bara,Female,13 Year,7026,5996,394,636,0,85.34,9.05,86.49,7.48,85.34,9.05,1.15,-1.57
district,Madhesh,Bara,Male,13 Year,6967,6026,420,521,0,86.49,7.48,86.49,7.48,85.34,9.05,1.15,-1.57
district,Madhesh,Bara,Female,14 Year,8202,6910,476,816,0,84.25,9.95,85.63,7.73,84.25,9.95,1.38,-2.22
district,Madhesh,Bara,Male,14 Year,8367,7165,554,647,1,85.63,7.73,85.63,7.73,84.25,9.95,1.38,-2.22
district,Madhesh,Bara,Female,15 Year,8250,6306,810,1133,1,76.44,13.73,76.34,10.79,76.44,13.73,-0.1,-2.94
district,Madhesh,Bara,Male,15 Year,8593,6560,1106,927,0,76.34,10.79,76.34,10.79,76.44,13.73,-0.1,-2.94
district,Madhesh,Bara,Female,16 Year,7618,5420,1044,1152,2,71.15,15.12,72.4,11.21,71.15,15.12,1.25,-3.91
district,Madhesh,Bara,Male,16 Year,8072,5844,1323,905,0,72.4,11.21,72.4,11.21,71.15,15.12,1.25,-3.91
district,Madhesh,Bara,Female,17 Year,4790,2879,1012,899,0,60.1,18.77,62.63,13.47,60.1,18.77,2.53,-5.3
district,Madhesh,Bara,Male,17 Year,5301,3320,1267,714,0,62.63,13.47,62.63,13.47,60.1,18.77,2.53,-5.3
district,Madhesh,Bara,Female,18 Year,7023,2609,2423,1991,0,37.15,28.35,45.05,17.98,37.15,28.35,7.9,-10.37
district,Madhesh,Bara,Male,18 Year,8430,3798,3116,1516,0,45.05,17.98,45.05,17.98,37.15,28.35,7.9,-10.37
district,Madhesh,Bara,Female,19 Year,3038,727,1386,925,0,23.93,30.45,33.61,17.57,23.93,30.45,9.68,-12.88
district,Madhesh,Bara,Male,19 Year,3353,1127,1637,589,0,33.61,17.57,33.61,17.57,23.93,30.45,9.68,-12.88
district,Madhesh,Bara,Female,20 Year,8005,552,4279,3172,2,6.9,39.63,12.09,25.21,6.9,39.63,5.19,-14.42
district,Madhesh,Bara,Male,20 Year,7452,901,4671,1879,1,12.09,25.21,12.09,25.21,6.9,39.63,5.19,-14.42
district,Madhesh,Bara,Female,21 Year,2915,144,1783,988,0,4.94,33.89,8.36,19.09,4.94,33.89,3.42,-14.8
district,Madhesh,Bara,Male,21 Year,2954,247,2143,564,0,8.36,19.09,8.36,19.09,4.94,33.89,3.42,-14.8
district,Madhesh,Bara,Female,22 Year,5837,170,3322,2345,0,2.91,40.17,5.23,23.84,2.91,40.17,2.32,-16.33
district,Madhesh,Bara,Male,22 Year,5549,290,3936,1323,0,5.23,23.84,5.23,23.84,2.91,40.17,2.32,-16.33
district,Madhesh,Bara,Female,23 Year,4497,98,2531,1868,0,2.18,41.54,3.43,23.42,2.18,41.54,1.25,-18.12
district,Madhesh,Bara,Male,23 Year,3412,117,2496,799,0,3.43,23.42,3.43,23.42,2.18,41.54,1.25,-18.12
district,Madhesh,Bara,Female,24 Year,4408,81,2464,1863,0,1.84,42.26,2.7,21.87,1.84,42.26,0.86,-20.39
district,Madhesh,Bara,Male,24 Year,3818,103,2880,835,0,2.7,21.87,2.7,21.87,1.84,42.26,0.86,-20.39
district,Madhesh,Bara,Female,25 Year,8317,30,4288,3998,1,0.36,48.07,0.4,29.77,0.36,48.07,0.04,-18.3
district,Madhesh,Bara,Male,25 Year,7557,30,5275,2250,2,0.4,29.77,0.4,29.77,0.36,48.07,0.04,-18.3
district,Madhesh,Bara,Female,5 Year,9052,6675,30,2346,1,73.74,25.92,73.03,26.54,73.74,25.92,-0.71,0.62
district,Madhesh,Bara,Male,5 Year,10068,7353,41,2672,2,73.03,26.54,73.03,26.54,73.74,25.92,-0.71,0.62
district,Madhesh,Bara,Female,6 Year,8697,7054,33,1609,1,81.11,18.5,82.37,17.22,81.11,18.5,1.26,-1.28
district,Madhesh,Bara,Male,6 Year,9439,7775,39,1625,0,82.37,17.22,82.37,17.22,81.11,18.5,1.26,-1.28
district,Madhesh,Bara,Female,7 Year,7694,6542,23,1128,1,85.03,14.66,86.08,13.5,85.03,14.66,1.05,-1.16
district,Madhesh,Bara,Male,7 Year,8210,7067,34,1108,1,86.08,13.5,86.08,13.5,85.03,14.66,1.05,-1.16
district,Madhesh,Bara,Female,8 Year,10050,8674,54,1322,0,86.31,13.15,87.81,11.62,86.31,13.15,1.5,-1.53
district,Madhesh,Bara,Male,8 Year,10851,9528,62,1261,0,87.81,11.62,87.81,11.62,86.31,13.15,1.5,-1.53
district,Madhesh,Bara,Female,9 Year,6067,5392,54,621,0,88.87,10.24,90.36,8.76,88.87,10.24,1.49,-1.48
district,Madhesh,Bara,Male,9 Year,6370,5756,56,558,0,90.36,8.76,90.36,8.76,88.87,10.24,1.49,-1.48
district,Madhesh,Bara,Female,All Ages,147810,87657,28588,31555,10,59.3,21.35,62.81,15.15,59.3,21.35,3.51,-6.2
district,Madhesh,Bara,Male,All Ages,153581,96466,33833,23275,7,62.81,15.15,62.81,15.15,59.3,21.35,3.51,-6.2
district,Madhesh,Dhanusa,Female,10 Year,11737,9508,1104,1125,0,81.01,9.59,80.49,8.9,81.01,9.59,-0.52,-0.69
district,Madhesh,Dhanusa,Male,10 Year,13490,10858,1431,1200,1,80.49,8.9,80.49,8.9,81.01,9.59,-0.52,-0.69
district,Madhesh,Dhanusa,Female,11 Year,6382,5576,435,370,1,87.37,5.8,86.31,5.57,87.37,5.8,-1.06,-0.23
district,Madhesh,Dhanusa,Male,11 Year,7193,6208,584,401,0,86.31,5.57,86.31,5.57,87.37,5.8,-1.06,-0.23
district,Madhesh,Dhanusa,Female,12 Year,10973,9460,530,983,0,86.21,8.96,86.48,7.84,86.21,8.96,0.27,-1.12
district,Madhesh,Dhanusa,Male,12 Year,11624,10053,658,911,2,86.48,7.84,86.48,7.84,86.21,8.96,0.27,-1.12
district,Madhesh,Dhanusa,Female,13 Year,7649,6744,289,616,0,88.17,8.05,89.14,6.36,88.17,8.05,0.97,-1.69
district,Madhesh,Dhanusa,Male,13 Year,8078,7201,362,514,1,89.14,6.36,89.14,6.36,88.17,8.05,0.97,-1.69
district,Madhesh,Dhanusa,Female,14 Year,8376,7274,356,746,0,86.84,8.91,89.1,6.39,86.84,8.91,2.26,-2.52
district,Madhesh,Dhanusa,Male,14 Year,8827,7865,398,564,0,89.1,6.39,89.1,6.39,86.84,8.91,2.26,-2.52
district,Madhesh,Dhanusa,Female,15 Year,8208,6556,635,1016,1,79.87,12.38,81.45,9.79,79.87,12.38,1.58,-2.59
district,Madhesh,Dhanusa,Male,15 Year,8751,7128,765,857,1,81.45,9.79,81.45,9.79,79.87,12.38,1.58,-2.59
district,Madhesh,Dhanusa,Female,16 Year,7095,5293,811,989,2,74.6,13.94,77.69,10.58,74.6,13.94,3.09,-3.36
district,Madhesh,Dhanusa,Male,16 Year,8135,6320,954,861,0,77.69,10.58,77.69,10.58,74.6,13.94,3.09,-3.36
district,Madhesh,Dhanusa,Female,17 Year,4557,2834,920,803,0,62.19,17.62,72.39,11.76,62.19,17.62,10.2,-5.86
district,Madhesh,Dhanusa,Male,17 Year,5280,3822,837,621,0,72.39,11.76,72.39,11.76,62.19,17.62,10.2,-5.86
district,Madhesh,Dhanusa,Female,18 Year,6769,2451,2424,1894,0,36.21,27.98,53.83,17.8,36.21,27.98,17.62,-10.18
district,Madhesh,Dhanusa,Male,18 Year,7572,4076,2148,1348,0,53.83,17.8,53.83,17.8,36.21,27.98,17.62,-10.18
district,Madhesh,Dhanusa,Female,19 Year,3307,737,1587,983,0,22.29,29.72,43.88,18.22,22.29,29.72,21.59,-11.5
district,Madhesh,Dhanusa,Male,19 Year,3277,1438,1242,597,0,43.88,18.22,43.88,18.22,22.29,29.72,21.59,-11.5
district,Madhesh,Dhanusa,Female,20 Year,10528,616,5849,4062,1,5.85,38.58,17.46,27.16,5.85,38.58,11.61,-11.42
district,Madhesh,Dhanusa,Male,20 Year,6227,1087,3447,1691,2,17.46,27.16,17.46,27.16,5.85,38.58,11.61,-11.42
district,Madhesh,Dhanusa,Female,21 Year,3677,171,2312,1194,0,4.65,32.47,12.75,21.09,4.65,32.47,8.1,-11.38
district,Madhesh,Dhanusa,Male,21 Year,2447,312,1619,516,0,12.75,21.09,12.75,21.09,4.65,32.47,8.1,-11.38
district,Madhesh,Dhanusa,Female,22 Year,7665,218,4579,2865,3,2.84,37.38,8.66,26.16,2.84,37.38,5.82,-11.22
district,Madhesh,Dhanusa,Male,22 Year,4537,393,2957,1187,0,8.66,26.16,8.66,26.16,2.84,37.38,5.82,-11.22
district,Madhesh,Dhanusa,Female,23 Year,4420,113,2696,1610,1,2.56,36.43,5.4,22.49,2.56,36.43,2.84,-13.94
district,Madhesh,Dhanusa,Male,23 Year,2535,137,1828,570,0,5.4,22.49,5.4,22.49,2.56,36.43,2.84,-13.94
district,Madhesh,Dhanusa,Female,24 Year,5044,91,3027,1926,0,1.8,38.18,3.86,24.19,1.8,38.18,2.06,-13.99
district,Madhesh,Dhanusa,Male,24 Year,3030,117,2180,733,0,3.86,24.19,3.86,24.19,1.8,38.18,2.06,-13.99
district,Madhesh,Dhanusa,Female,25 Year,12008,29,6072,5906,1,0.24,49.18,0.36,30.91,0.24,49.18,0.12,-18.27
district,Madhesh,Dhanusa,Male,25 Year,6082,22,4179,1880,1,0.36,30.91,0.36,30.91,0.24,49.18,0.12,-18.27
district,Madhesh,Dhanusa,Female,5 Year,10470,7710,7,2734,19,73.64,26.11,74.93,24.7,73.64,26.11,1.29,-1.41
district,Madhesh,Dhanusa,Male,5 Year,12694,9511,18,3135,30,74.93,24.7,74.93,24.7,73.64,26.11,1.29,-1.41
district,Madhesh,Dhanusa,Female,6 Year,9580,7891,16,1663,10,82.37,17.36,83.77,16.01,82.37,17.36,1.4,-1.35
district,Madhesh,Dhanusa,Male,6 Year,11011,9224,17,1763,7,83.77,16.01,83.77,16.01,82.37,17.36,1.4,-1.35
district,Madhesh,Dhanusa,Female,7 Year,9286,8138,20,1121,7,87.64,12.07,88.41,11.36,87.64,12.07,0.77,-0.71
district,Madhesh,Dhanusa,Male,7 Year,10169,8990,16,1155,8,88.41,11.36,88.41,11.36,87.64,12.07,0.77,-0.71
district,Madhesh,Dhanusa,Female,8 Year,10300,9095,27,1174,4,88.3,11.4,89.58,10.14,88.3,11.4,1.28,-1.26
district,Madhesh,Dhanusa,Male,8 Year,11728,10506,29,1189,4,89.58,10.14,89.58,10.14,88.3,11.4,1.28,-1.26
district,Madhesh,Dhanusa,Female,9 Year,6921,6304,21,593,3,91.09,8.57,92.53,7.13,91.09,8.57,1.44,-1.44
district,Madhesh,Dhanusa,Male,9 Year,7747,7168,24,552,3,92.53,7.13,92.53,7.13,91.09,8.57,1.44,-1.44
district,Madhesh,Dhanusa,Female,All Ages,164952,96809,33717,34373,53,58.69,20.84,70.08,13.87,58.69,20.84,11.39,-6.97
district,Madhesh,Dhanusa,Male,All Ages,160434,112436,25693,22245,60,70.08,13.87,70.08,13.87,58.69,20.84,11.39,-6.97
district,Madhesh,Mahottari,Female,10 Year,10900,8288,950,1662,0,76.04,15.25,76.53,13.3,76.04,15.25,0.49,-1.95
district,Madhesh,Mahottari,Male,10 Year,11651,8917,1182,1550,2,76.53,13.3,76.53,13.3,76.04,15.25,0.49,-1.95
district,Madhesh,Mahottari,Female,11 Year,5455,4561,349,545,0,83.61,9.99,82.79,8.88,83.61,9.99,-0.82,-1.11
district,Madhesh,Mahottari,Male,11 Year,5858,4850,488,520,0,82.79,8.88,82.79,8.88,83.61,9.99,-0.82,-1.11
district,Madhesh,Mahottari,Female,12 Year,9390,7644,450,1296,0,81.41,13.8,82.35,11.37,81.41,13.8,0.94,-2.43
district,Madhesh,Mahottari,Male,12 Year,10213,8410,641,1161,1,82.35,11.37,82.35,11.37,81.41,13.8,0.94,-2.43
district,Madhesh,Mahottari,Female,13 Year,6698,5606,274,816,2,83.7,12.18,85.76,9.53,83.7,12.18,2.06,-2.65
district,Madhesh,Mahottari,Male,13 Year,6729,5771,317,641,0,85.76,9.53,85.76,9.53,83.7,12.18,2.06,-2.65
district,Madhesh,Mahottari,Female,14 Year,7702,6311,335,1055,1,81.94,13.7,84.68,10.52,81.94,13.7,2.74,-3.18
district,Madhesh,Mahottari,Male,14 Year,7480,6334,359,787,0,84.68,10.52,84.68,10.52,81.94,13.7,2.74,-3.18
district,Madhesh,Mahottari,Female,15 Year,7482,5604,648,1227,3,74.9,16.4,77.33,13.3,74.9,16.4,2.43,-3.1
district,Madhesh,Mahottari,Male,15 Year,7517,5813,703,1000,1,77.33,13.3,77.33,13.3,74.9,16.4,2.43,-3.1
district,Madhesh,Mahottari,Female,16 Year,7036,4877,773,1384,2,69.31,19.67,72.23,15.78,69.31,19.67,2.92,-3.89
district,Madhesh,Mahottari,Male,16 Year,7270,5251,870,1147,2,72.23,15.78,72.23,15.78,69.31,19.67,2.92,-3.89
district,Madhesh,Mahottari,Female,17 Year,4213,2526,710,975,2,59.96,23.14,68.09,15.82,59.96,23.14,8.13,-7.32
district,Madhesh,Mahottari,Male,17 Year,4747,3232,763,751,1,68.09,15.82,68.09,15.82,59.96,23.14,8.13,-7.32
district,Madhesh,Mahottari,Female,18 Year,6235,2345,1766,2124,0,37.61,34.07,51.82,22.51,37.61,34.07,14.21,-11.56
district,Madhesh,Mahottari,Male,18 Year,7080,3669,1815,1594,2,51.82,22.51,51.82,22.51,37.61,34.07,14.21,-11.56
district,Madhesh,Mahottari,Female,19 Year,2741,696,1095,949,1,25.39,34.62,41.18,24.01,25.39,34.62,15.79,-10.61
district,Madhesh,Mahottari,Male,19 Year,2941,1211,1024,706,0,41.18,24.01,41.18,24.01,25.39,34.62,15.79,-10.61
district,Madhesh,Mahottari,Female,20 Year,8178,594,3878,3704,2,7.26,45.29,17.75,32.12,7.26,45.29,10.49,-13.17
district,Madhesh,Mahottari,Male,20 Year,5956,1057,2985,1913,1,17.75,32.12,17.75,32.12,7.26,45.29,10.49,-13.17
district,Madhesh,Mahottari,Female,21 Year,2753,145,1497,1111,0,5.27,40.36,12.47,25.64,5.27,40.36,7.2,-14.72
district,Madhesh,Mahottari,Male,21 Year,2293,286,1417,588,2,12.47,25.64,12.47,25.64,5.27,40.36,7.2,-14.72
district,Madhesh,Mahottari,Female,22 Year,5780,163,2995,2621,1,2.82,45.35,8.37,32.08,2.82,45.35,5.55,-13.27
district,Madhesh,Mahottari,Male,22 Year,3990,334,2374,1280,2,8.37,32.08,8.37,32.08,2.82,45.35,5.55,-13.27
district,Madhesh,Mahottari,Female,23 Year,3388,83,1810,1495,0,2.45,44.13,5.24,28.08,2.45,44.13,2.79,-16.05
district,Madhesh,Mahottari,Male,23 Year,2347,123,1565,659,0,5.24,28.08,5.24,28.08,2.45,44.13,2.79,-16.05
district,Madhesh,Mahottari,Female,24 Year,3999,69,2023,1906,1,1.73,47.66,4.15,28.94,1.73,47.66,2.42,-18.72
district,Madhesh,Mahottari,Male,24 Year,2702,112,1808,782,0,4.15,28.94,4.15,28.94,1.73,47.66,2.42,-18.72
district,Madhesh,Mahottari,Female,25 Year,9279,37,3874,5365,3,0.4,57.82,0.57,38.33,0.4,57.82,0.17,-19.49
district,Madhesh,Mahottari,Male,25 Year,5411,31,3306,2074,0,0.57,38.33,0.57,38.33,0.4,57.82,0.17,-19.49
district,Madhesh,Mahottari,Female,5 Year,8970,6296,22,2636,16,70.19,29.39,69.6,30.03,70.19,29.39,-0.59,0.64
district,Madhesh,Mahottari,Male,5 Year,9930,6911,17,2982,20,69.6,30.03,69.6,30.03,70.19,29.39,-0.59,0.64
district,Madhesh,Mahottari,Female,6 Year,8553,6588,15,1944,6,77.03,22.73,77.61,22.03,77.03,22.73,0.58,-0.7
district,Madhesh,Mahottari,Male,6 Year,9171,7118,21,2020,12,77.61,22.03,77.61,22.03,77.03,22.73,0.58,-0.7
district,Madhesh,Mahottari,Female,7 Year,7623,6188,27,1408,0,81.18,18.47,83.25,16.48,81.18,18.47,2.07,-1.99
district,Madhesh,Mahottari,Male,7 Year,7763,6463,17,1279,4,83.25,16.48,83.25,16.48,81.18,18.47,2.07,-1.99
district,Madhesh,Mahottari,Female,8 Year,9374,7737,37,1596,4,82.54,17.03,83.72,15.96,82.54,17.03,1.18,-1.07
district,Madhesh,Mahottari,Male,8 Year,9858,8253,29,1573,3,83.72,15.96,83.72,15.96,82.54,17.03,1.18,-1.07
district,Madhesh,Mahottari,Female,9 Year,5846,5086,28,729,3,87.0,12.47,88.56,10.83,87.0,12.47,1.56,-1.64
district,Madhesh,Mahottari,Male,9 Year,6022,5333,34,652,3,88.56,10.83,88.56,10.83,87.0,12.47,1.56,-1.64
district,Madhesh,Mahottari,Female,All Ages,141595,81444,23556,36548,47,57.52,25.81,65.35,18.74,57.52,25.81,7.83,-7.07
district,Madhesh,Mahottari,Male,All Ages,136929,89479,21735,25659,56,65.35,18.74,65.35,18.74,57.52,25.81,7.83,-7.07
district,Madhesh,Parsa,Female,10 Year,9229,7485,1015,728,1,81.1,7.89,81.78,6.36,81.1,7.89,0.68,-1.53
district,Madhesh,Parsa,Male,10 Year,10493,8581,1245,667,0,81.78,6.36,81.78,6.36,81.1,7.89,0.68,-1.53
district,Madhesh,Parsa,Female,11 Year,4582,3949,382,251,0,86.19,5.48,87.22,4.5,86.19,5.48,1.03,-0.98
district,Madhesh,Parsa,Male,11 Year,4868,4246,402,219,1,87.22,4.5,87.22,4.5,86.19,5.48,1.03,-0.98
district,Madhesh,Parsa,Female,12 Year,8630,7459,536,633,2,86.43,7.33,87.05,6.09,86.43,7.33,0.62,-1.24
district,Madhesh,Parsa,Male,12 Year,9202,8010,632,560,0,87.05,6.09,87.05,6.09,86.43,7.33,0.62,-1.24
district,Madhesh,Parsa,Female,13 Year,6313,5506,404,403,0,87.22,6.38,88.84,4.7,87.22,6.38,1.62,-1.68
district,Madhesh,Parsa,Male,13 Year,6230,5535,402,293,0,88.84,4.7,88.84,4.7,87.22,6.38,1.62,-1.68
district,Madhesh,Parsa,Female,14 Year,7369,6291,534,544,0,85.37,7.38,86.34,5.56,85.37,7.38,0.97,-1.82
district,Madhesh,Parsa,Male,14 Year,7501,6476,608,417,0,86.34,5.56,86.34,5.56,85.37,7.38,0.97,-1.82
district,Madhesh,Parsa,Female,15 Year,6912,5346,909,657,0,77.34,9.51,78.47,7.78,77.34,9.51,1.13,-1.73
district,Madhesh,Parsa,Male,15 Year,7275,5709,998,566,2,78.47,7.78,78.47,7.78,77.34,9.51,1.13,-1.73
district,Madhesh,Parsa,Female,16 Year,6592,4658,1127,807,0,70.66,12.24,72.69,8.64,70.66,12.24,2.03,-3.6
district,Madhesh,Parsa,Male,16 Year,7097,5159,1325,613,0,72.69,8.64,72.69,8.64,70.66,12.24,2.03,-3.6
district,Madhesh,Parsa,Female,17 Year,3777,2266,997,512,2,59.99,13.56,62.46,9.48,59.99,13.56,2.47,-4.08
district,Madhesh,Parsa,Male,17 Year,4547,2840,1273,431,3,62.46,9.48,62.46,9.48,59.99,13.56,2.47,-4.08
district,Madhesh,Parsa,Female,18 Year,5599,2220,2170,1209,0,39.65,21.59,45.14,13.93,39.65,21.59,5.49,-7.66
district,Madhesh,Parsa,Male,18 Year,6826,3081,2792,951,2,45.14,13.93,45.14,13.93,39.65,21.59,5.49,-7.66
district,Madhesh,Parsa,Female,19 Year,2405,643,1193,567,2,26.74,23.58,34.12,13.49,26.74,23.58,7.38,-10.09
district,Madhesh,Parsa,Male,19 Year,2855,974,1496,385,0,34.12,13.49,34.12,13.49,26.74,23.58,7.38,-10.09
district,Madhesh,Parsa,Female,20 Year,6571,517,3918,2135,1,7.87,32.49,13.21,19.14,7.87,32.49,5.34,-13.35
district,Madhesh,Parsa,Male,20 Year,5845,772,3954,1119,0,13.21,19.14,13.21,19.14,7.87,32.49,5.34,-13.35
district,Madhesh,Parsa,Female,21 Year,2046,145,1313,586,2,7.09,28.64,8.08,16.65,7.09,28.64,0.99,-11.99
district,Madhesh,Parsa,Male,21 Year,2216,179,1667,369,1,8.08,16.65,8.08,16.65,7.09,28.64,0.99,-11.99
district,Madhesh,Parsa,Female,22 Year,4649,155,2974,1520,0,3.33,32.7,6.24,18.27,3.33,32.7,2.91,-14.43
district,Madhesh,Parsa,Male,22 Year,4566,285,3444,834,3,6.24,18.27,6.24,18.27,3.33,32.7,2.91,-14.43
district,Madhesh,Parsa,Female,23 Year,3333,70,2083,1180,0,2.1,35.4,4.05,17.63,2.1,35.4,1.95,-17.77
district,Madhesh,Parsa,Male,23 Year,2791,113,2183,492,3,4.05,17.63,4.05,17.63,2.1,35.4,1.95,-17.77
district,Madhesh,Parsa,Female,24 Year,3431,70,2133,1227,1,2.04,35.76,3.67,17.34,2.04,35.76,1.63,-18.42
district,Madhesh,Parsa,Male,24 Year,3109,114,2453,539,3,3.67,17.34,3.67,17.34,2.04,35.76,1.63,-18.42
district,Madhesh,Parsa,Female,25 Year,7019,33,3948,3038,0,0.47,43.28,0.71,23.63,0.47,43.28,0.24,-19.65
district,Madhesh,Parsa,Male,25 Year,5949,42,4500,1406,1,0.71,23.63,0.71,23.63,0.47,43.28,0.24,-19.65
district,Madhesh,Parsa,Female,5 Year,7418,5662,38,1702,16,76.33,22.94,78.53,20.86,76.33,22.94,2.2,-2.08
district,Madhesh,Parsa,Male,5 Year,8269,6494,34,1725,16,78.53,20.86,78.53,20.86,76.33,22.94,2.2,-2.08
district,Madhesh,Parsa,Female,6 Year,7416,6252,42,1114,8,84.3,15.02,85.76,13.77,84.3,15.02,1.46,-1.25
district,Madhesh,Parsa,Male,6 Year,8113,6958,34,1117,4,85.76,13.77,85.76,13.77,84.3,15.02,1.46,-1.25
district,Madhesh,Parsa,Female,7 Year,6612,5853,42,716,1,88.52,10.83,89.51,9.92,88.52,10.83,0.99,-0.91
district,Madhesh,Parsa,Male,7 Year,6932,6205,36,688,3,89.51,9.92,89.51,9.92,88.52,10.83,0.99,-0.91
district,Madhesh,Parsa,Female,8 Year,8533,7711,44,775,3,90.37,9.08,90.98,8.5,90.37,9.08,0.61,-0.58
district,Madhesh,Parsa,Male,8 Year,9557,8695,46,812,4,90.98,8.5,90.98,8.5,90.37,9.08,0.61,-0.58
district,Madhesh,Parsa,Female,9 Year,5199,4789,43,366,1,92.11,7.04,93.15,5.95,92.11,7.04,1.04,-1.09
district,Madhesh,Parsa,Male,9 Year,5344,4978,45,318,3,93.15,5.95,93.15,5.95,92.11,7.04,1.04,-1.09
district,Madhesh,Parsa,Female,All Ages,123635,77080,25845,20670,40,62.34,16.72,65.94,11.21,62.34,16.72,3.6,-5.51
district,Madhesh,Parsa,Male,All Ages,129585,85446,29569,14521,49,65.94,11.21,65.94,11.21,62.34,16.72,3.6,-5.51
district,Madhesh,Rautahat,Female,10 Year,13422,9515,1327,2579,1,70.89,19.21,72.65,16.4,70.89,19.21,1.76,-2.81
district,Madhesh,Rautahat,Male,10 Year,14430,10483,1578,2367,2,72.65,16.4,72.65,16.4,70.89,19.21,1.76,-2.81
district,Madhesh,Rautahat,Female,11 Year,5902,4582,457,863,0,77.63,14.62,79.8,11.67,77.63,14.62,2.17,-2.95
district,Madhesh,Rautahat,Male,11 Year,6442,5141,549,752,0,79.8,11.67,79.8,11.67,77.63,14.62,2.17,-2.95
district,Madhesh,Rautahat,Female,12 Year,11698,8796,737,2165,0,75.19,18.51,77.75,15.19,75.19,18.51,2.56,-3.32
district,Madhesh,Rautahat,Male,12 Year,12139,9438,857,1844,0,77.75,15.19,77.75,15.19,75.19,18.51,2.56,-3.32
district,Madhesh,Rautahat,Female,13 Year,7693,5947,420,1326,0,77.3,17.24,80.11,13.45,77.3,17.24,2.81,-3.79
district,Madhesh,Rautahat,Male,13 Year,7672,6146,494,1032,0,80.11,13.45,80.11,13.45,77.3,17.24,2.81,-3.79
district,Madhesh,Rautahat,Female,14 Year,9151,6897,592,1662,0,75.37,18.16,78.29,14.56,75.37,18.16,2.92,-3.6
district,Madhesh,Rautahat,Male,14 Year,8864,6940,633,1291,0,78.29,14.56,78.29,14.56,75.37,18.16,2.92,-3.6
district,Madhesh,Rautahat,Female,15 Year,8925,5900,920,2105,0,66.11,23.59,70.92,17.63,66.11,23.59,4.81,-5.96
district,Madhesh,Rautahat,Male,15 Year,8844,6272,1012,1559,1,70.92,17.63,70.92,17.63,66.11,23.59,4.81,-5.96
district,Madhesh,Rautahat,Female,16 Year,8786,5253,1169,2363,1,59.79,26.9,66.22,20.08,59.79,26.9,6.43,-6.82
district,Madhesh,Rautahat,Male,16 Year,8730,5781,1196,1753,0,66.22,20.08,66.22,20.08,59.79,26.9,6.43,-6.82
district,Madhesh,Rautahat,Female,17 Year,5193,2696,957,1538,2,51.92,29.62,61.2,20.58,51.92,29.62,9.28,-9.04
district,Madhesh,Rautahat,Male,17 Year,5701,3489,1037,1173,2,61.2,20.58,61.2,20.58,51.92,29.62,9.28,-9.04
district,Madhesh,Rautahat,Female,18 Year,8744,2757,2452,3535,0,31.53,40.43,44.97,27.37,31.53,40.43,13.44,-13.06
district,Madhesh,Rautahat,Male,18 Year,9745,4382,2695,2667,1,44.97,27.37,44.97,27.37,31.53,40.43,13.44,-13.06
district,Madhesh,Rautahat,Female,19 Year,3686,809,1334,1543,0,21.95,41.86,35.87,25.72,21.95,41.86,13.92,-16.14
district,Madhesh,Rautahat,Male,19 Year,3647,1308,1400,938,1,35.87,25.72,35.87,25.72,21.95,41.86,13.92,-16.14
district,Madhesh,Rautahat,Female,20 Year,10479,610,4270,5598,1,5.82,53.42,13.2,36.33,5.82,53.42,7.38,-17.09
district,Madhesh,Rautahat,Male,20 Year,8444,1115,4261,3068,0,13.2,36.33,13.2,36.33,5.82,53.42,7.38,-17.09
district,Madhesh,Rautahat,Female,21 Year,3258,175,1539,1543,1,5.37,47.36,8.51,31.49,5.37,47.36,3.14,-15.87
district,Madhesh,Rautahat,Male,21 Year,3277,279,1965,1032,1,8.51,31.49,8.51,31.49,5.37,47.36,3.14,-15.87
district,Madhesh,Rautahat,Female,22 Year,6401,185,2826,3390,0,2.89,52.96,6.25,35.17,2.89,52.96,3.36,-17.79
district,Madhesh,Rautahat,Male,22 Year,5903,369,3458,2076,0,6.25,35.17,6.25,35.17,2.89,52.96,3.36,-17.79
district,Madhesh,Rautahat,Female,23 Year,4636,78,2069,2489,0,1.68,53.69,3.9,33.55,1.68,53.69,2.22,-20.14
district,Madhesh,Rautahat,Male,23 Year,3484,136,2177,1169,2,3.9,33.55,3.9,33.55,1.68,53.69,2.22,-20.14
district,Madhesh,Rautahat,Female,24 Year,4661,102,2017,2542,0,2.19,54.54,3.44,32.19,2.19,54.54,1.25,-22.35
district,Madhesh,Rautahat,Male,24 Year,3600,124,2316,1159,1,3.44,32.19,3.44,32.19,2.19,54.54,1.25,-22.35
district,Madhesh,Rautahat,Female,25 Year,9323,59,3395,5868,1,0.63,62.94,0.79,41.61,0.63,62.94,0.16,-21.33
district,Madhesh,Rautahat,Male,25 Year,7465,59,4299,3106,1,0.79,41.61,0.79,41.61,0.63,62.94,0.16,-21.33
district,Madhesh,Rautahat,Female,5 Year,11644,7801,48,3793,2,67.0,32.57,68.71,30.81,67.0,32.57,1.71,-1.76
district,Madhesh,Rautahat,Male,5 Year,12189,8375,53,3755,6,68.71,30.81,68.71,30.81,67.0,32.57,1.71,-1.76
district,Madhesh,Rautahat,Female,6 Year,10967,8101,38,2828,0,73.87,25.79,75.89,23.61,73.87,25.79,2.02,-2.18
district,Madhesh,Rautahat,Male,6 Year,11485,8716,55,2712,2,75.89,23.61,75.89,23.61,73.87,25.79,2.02,-2.18
district,Madhesh,Rautahat,Female,7 Year,9198,7223,44,1930,1,78.53,20.98,80.16,19.28,78.53,20.98,1.63,-1.7
district,Madhesh,Rautahat,Male,7 Year,9381,7520,51,1809,1,80.16,19.28,80.16,19.28,78.53,20.98,1.63,-1.7
district,Madhesh,Rautahat,Female,8 Year,12364,9698,84,2582,0,78.44,20.88,80.1,19.16,78.44,20.88,1.66,-1.72
district,Madhesh,Rautahat,Male,8 Year,12711,10182,92,2436,1,80.1,19.16,80.1,19.16,78.44,20.88,1.66,-1.72
district,Madhesh,Rautahat,Female,9 Year,6890,5703,55,1132,0,82.77,16.43,84.37,14.86,82.77,16.43,1.6,-1.57
district,Madhesh,Rautahat,Male,9 Year,7307,6165,55,1086,1,84.37,14.86,84.37,14.86,82.77,16.43,1.6,-1.57
district,Madhesh,Rautahat,Female,All Ages,173021,92887,26750,53374,10,53.69,30.85,59.73,22.62,53.69,30.85,6.04,-8.23
district,Madhesh,Rautahat,Male,All Ages,171460,102420,30233,38784,23,59.73,22.62,59.73,22.62,53.69,30.85,6.04,-8.23
district,Madhesh,Saptari,Female,10 Year,8848,7333,831,683,1,82.88,7.72,83.32,6.3,82.88,7.72,0.44,-1.42
district,Madhesh,Saptari,Male,10 Year,9930,8274,1030,626,0,83.32,6.3,83.32,6.3,82.88,7.72,0.44,-1.42
district,Madhesh,Saptari,Female,11 Year,4468,3996,257,215,0,89.44,4.81,88.59,4.5,89.44,4.81,-0.85,-0.31
district,Madhesh,Saptari,Male,11 Year,5093,4512,352,229,0,88.59,4.5,88.59,4.5,89.44,4.81,-0.85,-0.31
district,Madhesh,Saptari,Female,12 Year,8291,7327,411,553,0,88.37,6.67,88.76,5.4,88.37,6.67,0.39,-1.27
district,Madhesh,Saptari,Male,12 Year,8860,7864,518,478,0,88.76,5.4,88.76,5.4,88.37,6.67,0.39,-1.27
district,Madhesh,Saptari,Female,13 Year,6166,5509,254,403,0,89.34,6.54,91.29,4.69,89.34,6.54,1.95,-1.85
district,Madhesh,Saptari,Male,13 Year,6329,5778,254,297,0,91.29,4.69,91.29,4.69,89.34,6.54,1.95,-1.85
district,Madhesh,Saptari,Female,14 Year,6391,5654,308,429,0,88.47,6.71,89.82,5.21,88.47,6.71,1.35,-1.5
district,Madhesh,Saptari,Male,14 Year,6560,5892,326,342,0,89.82,5.21,89.82,5.21,88.47,6.71,1.35,-1.5
district,Madhesh,Saptari,Female,15 Year,6570,5419,579,572,0,82.48,8.71,83.16,7.06,82.48,8.71,0.68,-1.65
district,Madhesh,Saptari,Male,15 Year,6899,5737,675,487,0,83.16,7.06,83.16,7.06,82.48,8.71,0.68,-1.65
district,Madhesh,Saptari,Female,16 Year,5864,4513,729,622,0,76.96,10.61,80.84,7.69,76.96,10.61,3.88,-2.92
district,Madhesh,Saptari,Male,16 Year,6152,4973,706,473,0,80.84,7.69,80.84,7.69,76.96,10.61,3.88,-2.92
district,Madhesh,Saptari,Female,17 Year,3705,2444,751,509,1,65.96,13.74,72.11,9.26,65.96,13.74,6.15,-4.48
district,Madhesh,Saptari,Male,17 Year,4102,2958,764,380,0,72.11,9.26,72.11,9.26,65.96,13.74,6.15,-4.48
district,Madhesh,Saptari,Female,18 Year,5130,2245,1748,1137,0,43.76,22.16,55.64,12.2,43.76,22.16,11.88,-9.96
district,Madhesh,Saptari,Male,18 Year,5723,3184,1841,698,0,55.64,12.2,55.64,12.2,43.76,22.16,11.88,-9.96
district,Madhesh,Saptari,Female,19 Year,2871,829,1347,695,0,28.87,24.21,42.14,13.96,28.87,24.21,13.27,-10.25
district,Madhesh,Saptari,Male,19 Year,2895,1220,1271,404,0,42.14,13.96,42.14,13.96,28.87,24.21,13.27,-10.25
district,Madhesh,Saptari,Female,20 Year,6529,544,3903,2082,0,8.33,31.89,17.32,19.69,8.33,31.89,8.99,-12.2
district,Madhesh,Saptari,Male,20 Year,4387,760,2762,864,1,17.32,19.69,17.32,19.69,8.33,31.89,8.99,-12.2
district,Madhesh,Saptari,Female,21 Year,3231,169,2083,978,1,5.23,30.27,13.42,16.31,5.23,30.27,8.19,-13.96
district,Madhesh,Saptari,Male,21 Year,2630,353,1847,429,1,13.42,16.31,13.42,16.31,5.23,30.27,8.19,-13.96
district,Madhesh,Saptari,Female,22 Year,5496,204,3433,1858,1,3.71,33.81,8.17,20.44,3.71,33.81,4.46,-13.37
district,Madhesh,Saptari,Male,22 Year,4016,328,2867,821,0,8.17,20.44,8.17,20.44,3.71,33.81,4.46,-13.37
district,Madhesh,Saptari,Female,23 Year,3779,98,2379,1302,0,2.59,34.45,5.58,19.11,2.59,34.45,2.99,-15.34
district,Madhesh,Saptari,Male,23 Year,2475,138,1864,473,0,5.58,19.11,5.58,19.11,2.59,34.45,2.99,-15.34
district,Madhesh,Saptari,Female,24 Year,3957,91,2499,1367,0,2.3,34.55,4.23,18.05,2.3,34.55,1.93,-16.5
district,Madhesh,Saptari,Male,24 Year,2836,120,2203,512,1,4.23,18.05,4.23,18.05,2.3,34.55,1.93,-16.5
district,Madhesh,Saptari,Female,25 Year,7916,16,4336,3563,1,0.2,45.01,0.25,25.7,0.2,45.01,0.05,-19.31
district,Madhesh,Saptari,Male,25 Year,5221,13,3866,1342,0,0.25,25.7,0.25,25.7,0.2,45.01,0.05,-19.31
district,Madhesh,Saptari,Female,5 Year,7627,5915,15,1689,8,77.55,22.15,78.73,21.04,77.55,22.15,1.18,-1.11
district,Madhesh,Saptari,Male,5 Year,8693,6844,14,1829,6,78.73,21.04,78.73,21.04,77.55,22.15,1.18,-1.11
district,Madhesh,Saptari,Female,6 Year,6634,5663,16,953,2,85.36,14.37,85.36,14.28,85.36,14.37,0.0,-0.09
district,Madhesh,Saptari,Male,6 Year,7458,6366,24,1065,3,85.36,14.28,85.36,14.28,85.36,14.37,0.0,-0.09
district,Madhesh,Saptari,Female,7 Year,7169,6301,17,851,0,87.89,11.87,89.72,10.01,87.89,11.87,1.83,-1.86
district,Madhesh,Saptari,Male,7 Year,7614,6831,17,762,4,89.72,10.01,89.72,10.01,87.89,11.87,1.83,-1.86
district,Madhesh,Saptari,Female,8 Year,7789,6976,19,794,0,89.56,10.19,91.32,8.35,89.56,10.19,1.76,-1.84
district,Madhesh,Saptari,Male,8 Year,8690,7936,26,726,2,91.32,8.35,91.32,8.35,89.56,10.19,1.76,-1.84
district,Madhesh,Saptari,Female,9 Year,5235,4866,28,340,1,92.95,6.49,94.42,5.24,92.95,6.49,1.47,-1.25
district,Madhesh,Saptari,Male,9 Year,5628,5314,19,295,0,94.42,5.24,94.42,5.24,92.95,6.49,1.47,-1.25
district,Madhesh,Saptari,Female,All Ages,123666,76112,25943,21595,16,61.55,17.46,69.89,11.07,61.55,17.46,8.34,-6.39
district,Madhesh,Saptari,Male,All Ages,122191,85395,23246,13532,18,69.89,11.07,69.89,11.07,61.55,17.46,8.34,-6.39
district,Madhesh,Sarlahi,Female,10 Year,12748,9455,1119,2172,2,74.17,17.04,74.75,14.94,74.17,17.04,0.58,-2.1
district,Madhesh,Sarlahi,Male,10 Year,13839,10345,1425,2068,1,74.75,14.94,74.75,14.94,74.17,17.04,0.58,-2.1
district,Madhesh,Sarlahi,Female,11 Year,6409,5261,419,728,1,82.09,11.36,81.92,9.37,82.09,11.36,-0.17,-1.99
district,Madhesh,Sarlahi,Male,11 Year,6947,5691,604,651,1,81.92,9.37,81.92,9.37,82.09,11.36,-0.17,-1.99
district,Madhesh,Sarlahi,Female,12 Year,11559,9252,533,1773,1,80.04,15.34,81.04,13.4,80.04,15.34,1.0,-1.94
district,Madhesh,Sarlahi,Male,12 Year,12086,9795,671,1619,1,81.04,13.4,81.04,13.4,80.04,15.34,1.0,-1.94
district,Madhesh,Sarlahi,Female,13 Year,8132,6774,323,1034,1,83.3,12.72,84.59,10.29,83.3,12.72,1.29,-2.43
district,Madhesh,Sarlahi,Male,13 Year,8307,7027,422,855,3,84.59,10.29,84.59,10.29,83.3,12.72,1.29,-2.43
district,Madhesh,Sarlahi,Female,14 Year,9610,7729,390,1491,0,80.43,15.52,84.31,11.09,80.43,15.52,3.88,-4.43
district,Madhesh,Sarlahi,Male,14 Year,9402,7927,432,1043,0,84.31,11.09,84.31,11.09,80.43,15.52,3.88,-4.43
district,Madhesh,Sarlahi,Female,15 Year,8998,6679,683,1636,0,74.23,18.18,77.08,13.73,74.23,18.18,2.85,-4.45
district,Madhesh,Sarlahi,Male,15 Year,9459,7291,867,1299,2,77.08,13.73,77.08,13.73,74.23,18.18,2.85,-4.45
district,Madhesh,Sarlahi,Female,16 Year,8675,5868,900,1905,2,67.64,21.96,72.69,15.89,67.64,21.96,5.05,-6.07
district,Madhesh,Sarlahi,Male,16 Year,9198,6686,1048,1462,2,72.69,15.89,72.69,15.89,67.64,21.96,5.05,-6.07
district,Madhesh,Sarlahi,Female,17 Year,5252,3106,826,1317,3,59.14,25.08,67.2,16.44,59.14,25.08,8.06,-8.64
district,Madhesh,Sarlahi,Male,17 Year,6051,4066,990,995,0,67.2,16.44,67.2,16.44,59.14,25.08,8.06,-8.64
district,Madhesh,Sarlahi,Female,18 Year,7688,2896,2023,2769,0,37.67,36.02,48.04,25.03,37.67,36.02,10.37,-10.99
district,Madhesh,Sarlahi,Male,18 Year,9093,4368,2445,2276,4,48.04,25.03,48.04,25.03,37.67,36.02,10.37,-10.99
district,Madhesh,Sarlahi,Female,19 Year,3561,880,1351,1328,2,24.71,37.29,36.93,23.84,24.71,37.29,12.22,-13.45
district,Madhesh,Sarlahi,Male,19 Year,3712,1371,1455,885,1,36.93,23.84,36.93,23.84,24.71,37.29,12.22,-13.45
district,Madhesh,Sarlahi,Female,20 Year,9484,580,4141,4762,1,6.12,50.21,12.87,36.09,6.12,50.21,6.75,-14.12
district,Madhesh,Sarlahi,Male,20 Year,7586,976,3870,2738,2,12.87,36.09,12.87,36.09,6.12,50.21,6.75,-14.12
district,Madhesh,Sarlahi,Female,21 Year,3234,150,1717,1366,1,4.64,42.24,8.85,28.38,4.64,42.24,4.21,-13.86
district,Madhesh,Sarlahi,Male,21 Year,3199,283,2007,908,1,8.85,28.38,8.85,28.38,4.64,42.24,4.21,-13.86
district,Madhesh,Sarlahi,Female,22 Year,6473,163,3127,3182,1,2.52,49.16,5.24,34.61,2.52,49.16,2.72,-14.55
district,Madhesh,Sarlahi,Male,22 Year,5692,298,3422,1970,2,5.24,34.61,5.24,34.61,2.52,49.16,2.72,-14.55
district,Madhesh,Sarlahi,Female,23 Year,4358,78,2146,2134,0,1.79,48.97,3.35,31.28,1.79,48.97,1.56,-17.69
district,Madhesh,Sarlahi,Male,23 Year,3309,111,2163,1035,0,3.35,31.28,3.35,31.28,1.79,48.97,1.56,-17.69
district,Madhesh,Sarlahi,Female,24 Year,4878,79,2400,2399,0,1.62,49.18,2.6,31.52,1.62,49.18,0.98,-17.66
district,Madhesh,Sarlahi,Male,24 Year,3928,102,2587,1238,1,2.6,31.52,2.6,31.52,1.62,49.18,0.98,-17.66
district,Madhesh,Sarlahi,Female,25 Year,9593,22,3819,5752,0,0.23,59.96,0.47,40.38,0.23,59.96,0.24,-19.58
district,Madhesh,Sarlahi,Male,25 Year,7273,34,4300,2937,2,0.47,40.38,0.47,40.38,0.23,59.96,0.24,-19.58
district,Madhesh,Sarlahi,Female,5 Year,10282,6949,11,3302,20,67.58,32.11,70.06,29.73,67.58,32.11,2.48,-2.38
district,Madhesh,Sarlahi,Male,5 Year,11352,7953,8,3375,16,70.06,29.73,70.06,29.73,67.58,32.11,2.48,-2.38
district,Madhesh,Sarlahi,Female,6 Year,9785,7348,12,2422,3,75.09,24.75,77.76,22.04,75.09,24.75,2.67,-2.71
district,Madhesh,Sarlahi,Male,6 Year,10989,8545,15,2422,7,77.76,22.04,77.76,22.04,75.09,24.75,2.67,-2.71
district,Madhesh,Sarlahi,Female,7 Year,8729,7023,14,1690,2,80.46,19.36,83.25,16.54,80.46,19.36,2.79,-2.82
district,Madhesh,Sarlahi,Male,7 Year,9067,7548,16,1500,3,83.25,16.54,83.25,16.54,80.46,19.36,2.79,-2.82
district,Madhesh,Sarlahi,Female,8 Year,11193,9111,23,2058,1,81.4,18.39,83.31,16.51,81.4,18.39,1.91,-1.88
district,Madhesh,Sarlahi,Male,8 Year,11754,9792,17,1940,5,83.31,16.51,83.31,16.51,81.4,18.39,1.91,-1.88
district,Madhesh,Sarlahi,Female,9 Year,7139,6128,13,998,0,85.84,13.98,87.76,11.84,85.84,13.98,1.92,-2.14
district,Madhesh,Sarlahi,Male,9 Year,7551,6627,26,894,4,87.76,11.84,87.76,11.84,85.84,13.98,1.92,-2.14
district,Madhesh,Sarlahi,Female,All Ages,167780,95531,25990,46218,41,56.94,27.55,62.92,20.09,56.94,27.55,5.98,-7.46
district,Madhesh,Sarlahi,Male,All Ages,169794,106836,28790,34110,58,62.92,20.09,62.92,20.09,56.94,27.55,5.98,-7.46
district,Madhesh,Siraha,Female,10 Year,9744,7864,982,898,0,80.71,9.22,80.34,8.01,80.71,9.22,-0.37,-1.21
district,Madhesh,Siraha,Male,10 Year,11235,9026,1309,900,0,80.34,8.01,80.34,8.01,80.71,9.22,-0.37,-1.21
district,Madhesh,Siraha,Female,11 Year,5483,4707,428,348,0,85.85,6.35,86.12,4.98,85.85,6.35,0.27,-1.37
district,Madhesh,Siraha,Male,11 Year,6144,5291,545,306,2,86.12,4.98,86.12,4.98,85.85,6.35,0.27,-1.37
district,Madhesh,Siraha,Female,12 Year,8754,7474,453,826,1,85.38,9.44,85.88,7.82,85.38,9.44,0.5,-1.62
district,Madhesh,Siraha,Male,12 Year,9865,8472,622,771,0,85.88,7.82,85.88,7.82,85.38,9.44,0.5,-1.62
district,Madhesh,Siraha,Female,13 Year,6720,5921,299,500,0,88.11,7.44,88.26,6.57,88.11,7.44,0.15,-0.87
district,Madhesh,Siraha,Male,13 Year,7042,6215,361,463,3,88.26,6.57,88.26,6.57,88.11,7.44,0.15,-0.87
district,Madhesh,Siraha,Female,14 Year,7277,6263,372,642,0,86.07,8.82,89.14,6.25,86.07,8.82,3.07,-2.57
district,Madhesh,Siraha,Male,14 Year,7477,6665,344,467,1,89.14,6.25,89.14,6.25,86.07,8.82,3.07,-2.57
district,Madhesh,Siraha,Female,15 Year,7278,5836,593,847,2,80.19,11.64,81.95,8.85,80.19,11.64,1.76,-2.79
district,Madhesh,Siraha,Male,15 Year,7680,6294,705,680,1,81.95,8.85,81.95,8.85,80.19,11.64,1.76,-2.79
district,Madhesh,Siraha,Female,16 Year,6452,4770,696,985,1,73.93,15.27,79.37,9.86,73.93,15.27,5.44,-5.41
district,Madhesh,Siraha,Male,16 Year,7020,5572,751,692,5,79.37,9.86,79.37,9.86,73.93,15.27,5.44,-5.41
district,Madhesh,Siraha,Female,17 Year,3962,2582,678,700,2,65.17,17.67,72.7,11.34,65.17,17.67,7.53,-6.33
district,Madhesh,Siraha,Male,17 Year,4842,3520,770,549,3,72.7,11.34,72.7,11.34,65.17,17.67,7.53,-6.33
district,Madhesh,Siraha,Female,18 Year,5798,2425,1859,1511,3,41.82,26.06,56.87,18.07,41.82,26.06,15.05,-7.99
district,Madhesh,Siraha,Male,18 Year,6503,3698,1628,1175,2,56.87,18.07,56.87,18.07,41.82,26.06,15.05,-7.99
district,Madhesh,Siraha,Female,19 Year,3040,923,1312,804,1,30.36,26.45,47.23,18.47,30.36,26.45,16.87,-7.98
district,Madhesh,Siraha,Male,19 Year,2956,1396,1014,546,0,47.23,18.47,47.23,18.47,30.36,26.45,16.87,-7.98
district,Madhesh,Siraha,Female,20 Year,8137,797,4362,2972,6,9.79,36.52,19.93,25.43,9.79,36.52,10.14,-11.09
district,Madhesh,Siraha,Male,20 Year,5057,1008,2761,1286,2,19.93,25.43,19.93,25.43,9.79,36.52,10.14,-11.09
district,Madhesh,Siraha,Female,21 Year,3090,220,1868,1001,1,7.12,32.39,13.9,21.22,7.12,32.39,6.78,-11.17
district,Madhesh,Siraha,Male,21 Year,2309,321,1497,490,1,13.9,21.22,13.9,21.22,7.12,32.39,6.78,-11.17
district,Madhesh,Siraha,Female,22 Year,6050,298,3494,2257,1,4.93,37.31,10.21,25.34,4.93,37.31,5.28,-11.97
district,Madhesh,Siraha,Male,22 Year,3840,392,2475,973,0,10.21,25.34,10.21,25.34,4.93,37.31,5.28,-11.97
district,Madhesh,Siraha,Female,23 Year,3878,140,2346,1391,1,3.61,35.87,6.78,24.2,3.61,35.87,3.17,-11.67
district,Madhesh,Siraha,Male,23 Year,2198,149,1515,532,2,6.78,24.2,6.78,24.2,3.61,35.87,3.17,-11.67
district,Madhesh,Siraha,Female,24 Year,4277,156,2567,1552,2,3.65,36.29,6.16,21.58,3.65,36.29,2.51,-14.71
district,Madhesh,Siraha,Male,24 Year,2613,161,1886,564,2,6.16,21.58,6.16,21.58,3.65,36.29,2.51,-14.71
district,Madhesh,Siraha,Female,25 Year,9140,110,4738,4290,2,1.2,46.94,2.45,31.53,1.2,46.94,1.25,-15.41
district,Madhesh,Siraha,Male,25 Year,4850,119,3201,1529,1,2.45,31.53,2.45,31.53,1.2,46.94,1.25,-15.41
district,Madhesh,Siraha,Female,5 Year,9044,6719,36,2271,18,74.29,25.11,75.4,23.96,74.29,25.11,1.11,-1.15
district,Madhesh,Siraha,Male,5 Year,11073,8349,35,2653,36,75.4,23.96,75.4,23.96,74.29,25.11,1.11,-1.15
district,Madhesh,Siraha,Female,6 Year,8144,6762,30,1341,11,83.03,16.47,83.72,15.88,83.03,16.47,0.69,-0.59
district,Madhesh,Siraha,Male,6 Year,9620,8054,32,1528,6,83.72,15.88,83.72,15.88,83.03,16.47,0.69,-0.59
district,Madhesh,Siraha,Female,7 Year,7878,6866,30,978,4,87.15,12.41,87.84,11.7,87.15,12.41,0.69,-0.71
district,Madhesh,Siraha,Male,7 Year,8783,7715,35,1028,5,87.84,11.7,87.84,11.7,87.15,12.41,0.69,-0.71
district,Madhesh,Siraha,Female,8 Year,8695,7605,61,1027,2,87.46,11.81,88.77,10.61,87.46,11.81,1.31,-1.2
district,Madhesh,Siraha,Male,8 Year,9874,8765,59,1048,2,88.77,10.61,88.77,10.61,87.46,11.81,1.31,-1.2
district,Madhesh,Siraha,Female,9 Year,6105,5533,54,515,3,90.63,8.44,92.06,7.18,90.63,8.44,1.43,-1.26
district,Madhesh,Siraha,Male,9 Year,6828,6286,50,490,2,92.06,7.18,92.06,7.18,90.63,8.44,1.43,-1.26
district,Madhesh,Siraha,Female,All Ages,138946,83971,27258,27656,61,60.43,19.9,70.73,13.55,60.43,19.9,10.3,-6.35
district,Madhesh,Siraha,Male,All Ages,137809,97468,21595,18670,76,70.73,13.55,70.73,13.55,60.43,19.9,10.3,-6.35
district,Sudurpaschim,Achham,Female,10 Year,3258,2872,359,26,1,88.15,0.8,86.86,1.45,88.15,0.8,-1.29,0.65
district,Sudurpaschim,Achham,Male,10 Year,3234,2809,377,47,1,86.86,1.45,86.86,1.45,88.15,0.8,-1.29,0.65
district,Sudurpaschim,Achham,Female,11 Year,2955,2723,200,32,0,92.15,1.08,92.91,0.63,92.15,1.08,0.76,-0.45
district,Sudurpaschim,Achham,Male,11 Year,2836,2635,182,18,1,92.91,0.63,92.91,0.63,92.15,1.08,0.76,-0.45
district,Sudurpaschim,Achham,Female,12 Year,3694,3478,174,41,1,94.15,1.11,93.84,1.14,94.15,1.11,-0.31,0.03
district,Sudurpaschim,Achham,Male,12 Year,3861,3623,192,44,2,93.84,1.14,93.84,1.14,94.15,1.11,-0.31,0.03
district,Sudurpaschim,Achham,Female,13 Year,3414,3247,120,46,1,95.11,1.35,96.69,0.83,95.11,1.35,1.58,-0.52
district,Sudurpaschim,Achham,Male,13 Year,3115,3012,75,26,2,96.69,0.83,96.69,0.83,95.11,1.35,1.58,-0.52
district,Sudurpaschim,Achham,Female,14 Year,3457,3297,110,49,1,95.37,1.42,96.51,1.1,95.37,1.42,1.14,-0.32
district,Sudurpaschim,Achham,Male,14 Year,3356,3239,79,37,1,96.51,1.1,96.51,1.1,95.37,1.42,1.14,-0.32
district,Sudurpaschim,Achham,Female,15 Year,3244,2943,231,68,2,90.72,2.1,92.38,1.31,90.72,2.1,1.66,-0.79
district,Sudurpaschim,Achham,Male,15 Year,2967,2741,186,39,1,92.38,1.31,92.38,1.31,90.72,2.1,1.66,-0.79
district,Sudurpaschim,Achham,Female,16 Year,2734,2384,277,69,4,87.2,2.52,88.98,2.18,87.2,2.52,1.78,-0.34
district,Sudurpaschim,Achham,Male,16 Year,2296,2043,202,50,1,88.98,2.18,88.98,2.18,87.2,2.52,1.78,-0.34
district,Sudurpaschim,Achham,Female,17 Year,1868,1491,317,59,1,79.82,3.16,82.98,1.77,79.82,3.16,3.16,-1.39
district,Sudurpaschim,Achham,Male,17 Year,1522,1263,231,27,1,82.98,1.77,82.98,1.77,79.82,3.16,3.16,-1.39
district,Sudurpaschim,Achham,Female,18 Year,2067,1262,670,132,3,61.05,6.39,67.32,3.79,61.05,6.39,6.27,-2.6
district,Sudurpaschim,Achham,Male,18 Year,1585,1067,457,60,1,67.32,3.79,67.32,3.79,61.05,6.39,6.27,-2.6
district,Sudurpaschim,Achham,Female,19 Year,1283,533,654,95,1,41.54,7.4,48.74,4.69,41.54,7.4,7.2,-2.71
district,Sudurpaschim,Achham,Male,19 Year,874,426,405,41,2,48.74,4.69,48.74,4.69,41.54,7.4,7.2,-2.71
district,Sudurpaschim,Achham,Female,20 Year,1799,288,1315,194,2,16.01,10.78,22.53,5.27,16.01,10.78,6.52,-5.51
district,Sudurpaschim,Achham,Male,20 Year,1043,235,752,55,1,22.53,5.27,22.53,5.27,16.01,10.78,6.52,-5.51
district,Sudurpaschim,Achham,Female,21 Year,1213,103,933,177,0,8.49,14.59,14.8,5.92,8.49,14.59,6.31,-8.67
district,Sudurpaschim,Achham,Male,21 Year,811,120,643,48,0,14.8,5.92,14.8,5.92,8.49,14.59,6.31,-8.67
district,Sudurpaschim,Achham,Female,22 Year,1525,95,1207,221,2,6.23,14.49,9.55,6.65,6.23,14.49,3.32,-7.84
district,Sudurpaschim,Achham,Male,22 Year,1037,99,869,69,0,9.55,6.65,9.55,6.65,6.23,14.49,3.32,-7.84
district,Sudurpaschim,Achham,Female,23 Year,1352,64,1075,212,1,4.73,15.68,5.82,5.33,4.73,15.68,1.09,-10.35
district,Sudurpaschim,Achham,Male,23 Year,825,48,732,44,1,5.82,5.33,5.82,5.33,4.73,15.68,1.09,-10.35
district,Sudurpaschim,Achham,Female,24 Year,1379,69,1074,236,0,5.0,17.11,4.48,6.55,5.0,17.11,-0.52,-10.56
district,Sudurpaschim,Achham,Male,24 Year,825,37,734,54,0,4.48,6.55,4.48,6.55,5.0,17.11,-0.52,-10.56
district,Sudurpaschim,Achham,Female,25 Year,1638,72,1143,421,2,4.4,25.7,3.83,8.62,4.4,25.7,-0.57,-17.08
district,Sudurpaschim,Achham,Male,25 Year,940,36,821,81,2,3.83,8.62,3.83,8.62,4.4,25.7,-0.57,-17.08
district,Sudurpaschim,Achham,Female,5 Year,2660,2175,7,438,40,81.77,16.47,81.25,17.48,81.77,16.47,-0.52,1.01
district,Sudurpaschim,Achham,Male,5 Year,2854,2319,7,499,29,81.25,17.48,81.25,17.48,81.77,16.47,-0.52,1.01
district,Sudurpaschim,Achham,Female,6 Year,2823,2546,7,260,10,90.19,9.21,91.06,8.29,90.19,9.21,0.87,-0.92
district,Sudurpaschim,Achham,Male,6 Year,2907,2647,10,241,9,91.06,8.29,91.06,8.29,90.19,9.21,0.87,-0.92
district,Sudurpaschim,Achham,Female,7 Year,2732,2608,8,109,7,95.46,3.99,95.34,3.93,95.46,3.99,-0.12,-0.06
district,Sudurpaschim,Achham,Male,7 Year,2771,2642,16,109,4,95.34,3.93,95.34,3.93,95.46,3.99,-0.12,-0.06
district,Sudurpaschim,Achham,Female,8 Year,2966,2871,10,82,3,96.8,2.76,96.62,2.82,96.8,2.76,-0.18,0.06
district,Sudurpaschim,Achham,Male,8 Year,3019,2917,14,85,3,96.62,2.82,96.62,2.82,96.8,2.76,-0.18,0.06
district,Sudurpaschim,Achham,Female,9 Year,2814,2760,12,39,3,98.08,1.39,97.4,1.96,98.08,1.39,-0.68,0.57
district,Sudurpaschim,Achham,Male,9 Year,2803,2730,16,55,2,97.4,1.96,97.4,1.96,98.08,1.39,-0.68,0.57
district,Sudurpaschim,Achham,Female,All Ages,50875,37881,9903,3006,85,74.46,5.91,80.67,3.8,74.46,5.91,6.21,-2.11
district,Sudurpaschim,Achham,Male,All Ages,45481,36688,7000,1729,64,80.67,3.8,80.67,3.8,74.46,5.91,6.21,-2.11
district,Sudurpaschim,Baitadi,Female,10 Year,3350,2993,318,36,3,89.34,1.07,90.8,0.86,89.34,1.07,1.46,-0.21
district,Sudurpaschim,Baitadi,Male,10 Year,3478,3158,290,30,0,90.8,0.86,90.8,0.86,89.34,1.07,1.46,-0.21
district,Sudurpaschim,Baitadi,Female,11 Year,2339,2198,123,18,0,93.97,0.77,94.57,0.65,93.97,0.77,0.6,-0.12
district,Sudurpaschim,Baitadi,Male,11 Year,2468,2334,116,16,2,94.57,0.65,94.57,0.65,93.97,0.77,0.6,-0.12
district,Sudurpaschim,Baitadi,Female,12 Year,3424,3271,120,33,0,95.53,0.96,96.21,0.59,95.53,0.96,0.68,-0.37
district,Sudurpaschim,Baitadi,Male,12 Year,3585,3449,115,21,0,96.21,0.59,96.21,0.59,95.53,0.96,0.68,-0.37
district,Sudurpaschim,Baitadi,Female,13 Year,2994,2901,72,21,0,96.89,0.7,97.43,0.37,96.89,0.7,0.54,-0.33
district,Sudurpaschim,Baitadi,Male,13 Year,2955,2879,64,11,1,97.43,0.37,97.43,0.37,96.89,0.7,0.54,-0.33
district,Sudurpaschim,Baitadi,Female,14 Year,3245,3152,65,26,2,97.13,0.8,96.89,0.32,97.13,0.8,-0.24,-0.48
district,Sudurpaschim,Baitadi,Male,14 Year,3153,3055,83,10,5,96.89,0.32,96.89,0.32,97.13,0.8,-0.24,-0.48
district,Sudurpaschim,Baitadi,Female,15 Year,2985,2849,108,26,2,95.44,0.87,95.18,0.66,95.44,0.87,-0.26,-0.21
district,Sudurpaschim,Baitadi,Male,15 Year,2881,2742,117,19,3,95.18,0.66,95.18,0.66,95.44,0.87,-0.26,-0.21
district,Sudurpaschim,Baitadi,Female,16 Year,2531,2379,132,17,3,93.99,0.67,93.92,1.26,93.99,0.67,-0.07,0.59
district,Sudurpaschim,Baitadi,Male,16 Year,2220,2085,106,28,1,93.92,1.26,93.92,1.26,93.99,0.67,-0.07,0.59
district,Sudurpaschim,Baitadi,Female,17 Year,1525,1325,182,17,1,86.89,1.11,88.35,1.08,86.89,1.11,1.46,-0.03
district,Sudurpaschim,Baitadi,Male,17 Year,1390,1228,146,15,1,88.35,1.08,88.35,1.08,86.89,1.11,1.46,-0.03
district,Sudurpaschim,Baitadi,Female,18 Year,1754,1196,510,45,3,68.19,2.57,76.72,1.52,68.19,2.57,8.53,-1.05
district,Sudurpaschim,Baitadi,Male,18 Year,1512,1160,328,23,1,76.72,1.52,76.72,1.52,68.19,2.57,8.53,-1.05
district,Sudurpaschim,Baitadi,Female,19 Year,928,435,462,29,2,46.88,3.12,60.21,1.86,46.88,3.12,13.33,-1.26
district,Sudurpaschim,Baitadi,Male,19 Year,754,454,284,14,2,60.21,1.86,60.21,1.86,46.88,3.12,13.33,-1.26
district,Sudurpaschim,Baitadi,Female,20 Year,1833,358,1342,132,1,19.53,7.2,28.86,2.65,19.53,7.2,9.33,-4.55
district,Sudurpaschim,Baitadi,Male,20 Year,1095,316,750,29,0,28.86,2.65,28.86,2.65,19.53,7.2,9.33,-4.55
district,Sudurpaschim,Baitadi,Female,21 Year,1122,142,918,62,0,12.66,5.53,21.19,3.11,12.66,5.53,8.53,-2.42
district,Sudurpaschim,Baitadi,Male,21 Year,675,143,511,21,0,21.19,3.11,21.19,3.11,12.66,5.53,8.53,-2.42
district,Sudurpaschim,Baitadi,Female,22 Year,1539,140,1250,148,1,9.1,9.62,14.58,3.23,9.1,9.62,5.48,-6.39
district,Sudurpaschim,Baitadi,Male,22 Year,1022,149,840,33,0,14.58,3.23,14.58,3.23,9.1,9.62,5.48,-6.39
district,Sudurpaschim,Baitadi,Female,23 Year,1252,66,1081,105,0,5.27,8.39,9.57,4.0,5.27,8.39,4.3,-4.39
district,Sudurpaschim,Baitadi,Male,23 Year,700,67,605,28,0,9.57,4.0,9.57,4.0,5.27,8.39,4.3,-4.39
district,Sudurpaschim,Baitadi,Female,24 Year,1482,91,1229,161,1,6.14,10.86,7.53,4.45,6.14,10.86,1.39,-6.41
district,Sudurpaschim,Baitadi,Male,24 Year,877,66,772,39,0,7.53,4.45,7.53,4.45,6.14,10.86,1.39,-6.41
district,Sudurpaschim,Baitadi,Female,25 Year,1701,72,1376,252,1,4.23,14.81,5.14,4.95,4.23,14.81,0.91,-9.86
district,Sudurpaschim,Baitadi,Male,25 Year,1011,52,908,50,1,5.14,4.95,5.14,4.95,4.23,14.81,0.91,-9.86
district,Sudurpaschim,Baitadi,Female,5 Year,2395,1997,12,359,27,83.38,14.99,84.37,14.29,83.38,14.99,0.99,-0.7
district,Sudurpaschim,Baitadi,Male,5 Year,2547,2149,9,364,25,84.37,14.29,84.37,14.29,83.38,14.99,0.99,-0.7
district,Sudurpaschim,Baitadi,Female,6 Year,2394,2185,14,175,20,91.27,7.31,92.06,6.94,91.27,7.31,0.79,-0.37
district,Sudurpaschim,Baitadi,Male,6 Year,2507,2308,12,174,13,92.06,6.94,92.06,6.94,91.27,7.31,0.79,-0.37
district,Sudurpaschim,Baitadi,Female,7 Year,2131,2004,14,108,5,94.04,5.07,95.08,4.29,94.04,5.07,1.04,-0.78
district,Sudurpaschim,Baitadi,Male,7 Year,2236,2126,12,96,2,95.08,4.29,95.08,4.29,94.04,5.07,1.04,-0.78
district,Sudurpaschim,Baitadi,Female,8 Year,2790,2680,16,92,2,96.06,3.3,96.02,3.12,96.06,3.3,-0.04,-0.18
district,Sudurpaschim,Baitadi,Male,8 Year,2914,2798,16,91,9,96.02,3.12,96.02,3.12,96.06,3.3,-0.04,-0.18
district,Sudurpaschim,Baitadi,Female,9 Year,2358,2299,22,35,2,97.5,1.48,97.62,1.31,97.5,1.48,0.12,-0.17
district,Sudurpaschim,Baitadi,Male,9 Year,2434,2376,24,32,2,97.62,1.31,97.62,1.31,97.5,1.48,0.12,-0.17
district,Sudurpaschim,Baitadi,Female,All Ages,46072,34733,9366,1897,76,75.39,4.12,82.74,2.7,75.39,4.12,7.35,-1.42
district,Sudurpaschim,Baitadi,Male,All Ages,42414,35094,6108,1144,68,82.74,2.7,82.74,2.7,75.39,4.12,7.35,-1.42
district,Sudurpaschim,Bajhang,Female,10 Year,2977,2569,358,50,0,86.29,1.68,87.61,1.76,86.29,1.68,1.32,0.08
district,Sudurpaschim,Bajhang,Male,10 Year,3010,2637,318,53,2,87.61,1.76,87.61,1.76,86.29,1.68,1.32,0.08
district,Sudurpaschim,Bajhang,Female,11 Year,1994,1813,152,29,0,90.92,1.45,92.21,1.56,90.92,1.45,1.29,0.11
district,Sudurpaschim,Bajhang,Male,11 Year,2053,1893,128,32,0,92.21,1.56,92.21,1.56,90.92,1.45,1.29,0.11
district,Sudurpaschim,Bajhang,Female,12 Year,3110,2884,181,43,2,92.73,1.38,94.72,0.87,92.73,1.38,1.99,-0.51
district,Sudurpaschim,Bajhang,Male,12 Year,3217,3047,142,28,0,94.72,0.87,94.72,0.87,92.73,1.38,1.99,-0.51
district,Sudurpaschim,Bajhang,Female,13 Year,2577,2468,78,30,1,95.77,1.16,96.34,1.33,95.77,1.16,0.57,0.17
district,Sudurpaschim,Bajhang,Male,13 Year,2623,2527,60,35,1,96.34,1.33,96.34,1.33,95.77,1.16,0.57,0.17
district,Sudurpaschim,Bajhang,Female,14 Year,2830,2705,86,37,2,95.58,1.31,95.58,0.95,95.58,1.31,0.0,-0.36
district,Sudurpaschim,Bajhang,Male,14 Year,2740,2619,92,26,3,95.58,0.95,95.58,0.95,95.58,1.31,0.0,-0.36
district,Sudurpaschim,Bajhang,Female,15 Year,2603,2399,160,42,2,92.16,1.61,93.57,1.28,92.16,1.61,1.41,-0.33
district,Sudurpaschim,Bajhang,Male,15 Year,2425,2269,122,31,3,93.57,1.28,93.57,1.28,92.16,1.61,1.41,-0.33
district,Sudurpaschim,Bajhang,Female,16 Year,2383,2135,171,75,2,89.59,3.15,92.69,1.34,89.59,3.15,3.1,-1.81
district,Sudurpaschim,Bajhang,Male,16 Year,2161,2003,128,29,1,92.69,1.34,92.69,1.34,89.59,3.15,3.1,-1.81
district,Sudurpaschim,Bajhang,Female,17 Year,1441,1215,181,43,2,84.32,2.98,88.15,1.41,84.32,2.98,3.83,-1.57
district,Sudurpaschim,Bajhang,Male,17 Year,1063,937,110,15,1,88.15,1.41,88.15,1.41,84.32,2.98,3.83,-1.57
district,Sudurpaschim,Bajhang,Female,18 Year,1988,1331,529,127,1,66.95,6.39,73.96,2.68,66.95,6.39,7.01,-3.71
district,Sudurpaschim,Bajhang,Male,18 Year,1494,1105,349,40,0,73.96,2.68,73.96,2.68,66.95,6.39,7.01,-3.71
district,Sudurpaschim,Bajhang,Female,19 Year,872,392,410,70,0,44.95,8.03,55.82,4.09,44.95,8.03,10.87,-3.94
district,Sudurpaschim,Bajhang,Male,19 Year,636,355,254,26,1,55.82,4.09,55.82,4.09,44.95,8.03,10.87,-3.94
district,Sudurpaschim,Bajhang,Female,20 Year,1408,283,923,202,0,20.1,14.35,25.83,6.71,20.1,14.35,5.73,-7.64
district,Sudurpaschim,Bajhang,Male,20 Year,968,250,652,65,1,25.83,6.71,25.83,6.71,20.1,14.35,5.73,-7.64
district,Sudurpaschim,Bajhang,Female,21 Year,851,91,622,138,0,10.69,16.22,15.12,4.91,10.69,16.22,4.43,-11.31
district,Sudurpaschim,Bajhang,Male,21 Year,529,80,423,26,0,15.12,4.91,15.12,4.91,10.69,16.22,4.43,-11.31
district,Sudurpaschim,Bajhang,Female,22 Year,1145,83,822,239,1,7.25,20.87,10.9,7.98,7.25,20.87,3.65,-12.89
district,Sudurpaschim,Bajhang,Male,22 Year,752,82,608,60,2,10.9,7.98,10.9,7.98,7.25,20.87,3.65,-12.89
district,Sudurpaschim,Bajhang,Female,23 Year,1001,55,721,225,0,5.49,22.48,7.36,8.62,5.49,22.48,1.87,-13.86
district,Sudurpaschim,Bajhang,Male,23 Year,557,41,468,48,0,7.36,8.62,7.36,8.62,5.49,22.48,1.87,-13.86
district,Sudurpaschim,Bajhang,Female,24 Year,979,44,671,264,0,4.49,26.97,5.84,5.7,4.49,26.97,1.35,-21.27
district,Sudurpaschim,Bajhang,Male,24 Year,719,42,636,41,0,5.84,5.7,5.84,5.7,4.49,26.97,1.35,-21.27
district,Sudurpaschim,Bajhang,Female,25 Year,1124,50,684,389,1,4.45,34.61,3.76,10.08,4.45,34.61,-0.69,-24.53
district,Sudurpaschim,Bajhang,Male,25 Year,665,25,573,67,0,3.76,10.08,3.76,10.08,4.45,34.61,-0.69,-24.53
district,Sudurpaschim,Bajhang,Female,5 Year,2079,1577,12,479,11,75.85,23.04,77.72,21.42,75.85,23.04,1.87,-1.62
district,Sudurpaschim,Bajhang,Male,5 Year,2311,1796,5,495,15,77.72,21.42,77.72,21.42,75.85,23.04,1.87,-1.62
district,Sudurpaschim,Bajhang,Female,6 Year,2282,1997,8,274,3,87.51,12.01,89.04,10.23,87.51,12.01,1.53,-1.78
district,Sudurpaschim,Bajhang,Male,6 Year,2345,2088,13,240,4,89.04,10.23,89.04,10.23,87.51,12.01,1.53,-1.78
district,Sudurpaschim,Bajhang,Female,7 Year,2064,1926,12,123,3,93.31,5.96,93.17,5.81,93.31,5.96,-0.14,-0.15
district,Sudurpaschim,Bajhang,Male,7 Year,2065,1924,15,120,6,93.17,5.81,93.17,5.81,93.31,5.96,-0.14,-0.15
district,Sudurpaschim,Bajhang,Female,8 Year,2584,2426,25,131,2,93.89,5.07,95.54,3.5,93.89,5.07,1.65,-1.57
district,Sudurpaschim,Bajhang,Male,8 Year,2600,2484,25,91,0,95.54,3.5,95.54,3.5,93.89,5.07,1.65,-1.57
district,Sudurpaschim,Bajhang,Female,9 Year,2120,2022,35,62,1,95.38,2.92,96.92,1.89,95.38,2.92,1.54,-1.03
district,Sudurpaschim,Bajhang,Male,9 Year,2113,2048,23,40,2,96.92,1.89,96.92,1.89,95.38,2.92,1.54,-1.03
district,Sudurpaschim,Bajhang,Female,All Ages,40412,30465,6841,3072,34,75.39,7.6,81.66,4.34,75.39,7.6,6.27,-3.26
district,Sudurpaschim,Bajhang,Male,All Ages,37046,30252,5144,1608,42,81.66,4.34,81.66,4.34,75.39,7.6,6.27,-3.26
district,Sudurpaschim,Bajura,Female,10 Year,1907,1675,189,43,0,87.83,2.25,88.39,1.78,87.83,2.25,0.56,-0.47
district,Sudurpaschim,Bajura,Male,10 Year,2076,1835,203,37,1,88.39,1.78,88.39,1.78,87.83,2.25,0.56,-0.47
district,Sudurpaschim,Bajura,Female,11 Year,1401,1289,90,21,1,92.01,1.5,92.25,0.79,92.01,1.5,0.24,-0.71
district,Sudurpaschim,Bajura,Male,11 Year,1523,1405,105,12,1,92.25,0.79,92.25,0.79,92.01,1.5,0.24,-0.71
district,Sudurpaschim,Bajura,Female,12 Year,2202,2074,91,34,3,94.19,1.54,94.01,1.49,94.19,1.54,-0.18,-0.05
district,Sudurpaschim,Bajura,Male,12 Year,2288,2151,102,34,1,94.01,1.49,94.01,1.49,94.19,1.54,-0.18,-0.05
district,Sudurpaschim,Bajura,Female,13 Year,1854,1792,46,16,0,96.66,0.86,96.23,0.94,96.66,0.86,-0.43,0.08
district,Sudurpaschim,Bajura,Male,13 Year,1910,1838,54,18,0,96.23,0.94,96.23,0.94,96.66,0.86,-0.43,0.08
district,Sudurpaschim,Bajura,Female,14 Year,2073,1993,53,22,5,96.14,1.06,96.1,1.63,96.14,1.06,-0.04,0.57
district,Sudurpaschim,Bajura,Male,14 Year,1846,1774,42,30,0,96.1,1.63,96.1,1.63,96.14,1.06,-0.04,0.57
district,Sudurpaschim,Bajura,Female,15 Year,1849,1736,91,21,1,93.89,1.14,93.74,1.41,93.89,1.14,-0.15,0.27
district,Sudurpaschim,Bajura,Male,15 Year,1773,1662,84,25,2,93.74,1.41,93.74,1.41,93.89,1.14,-0.15,0.27
district,Sudurpaschim,Bajura,Female,16 Year,1606,1462,103,39,2,91.03,2.43,92.95,1.38,91.03,2.43,1.92,-1.05
district,Sudurpaschim,Bajura,Male,16 Year,1447,1345,81,20,1,92.95,1.38,92.95,1.38,91.03,2.43,1.92,-1.05
district,Sudurpaschim,Bajura,Female,17 Year,900,745,132,20,3,82.78,2.22,87.05,1.68,82.78,2.22,4.27,-0.54
district,Sudurpaschim,Bajura,Male,17 Year,772,672,86,13,1,87.05,1.68,87.05,1.68,82.78,2.22,4.27,-0.54
district,Sudurpaschim,Bajura,Female,18 Year,1258,866,334,58,0,68.84,4.61,74.98,3.09,68.84,4.61,6.14,-1.52
district,Sudurpaschim,Bajura,Male,18 Year,1099,824,240,34,1,74.98,3.09,74.98,3.09,68.84,4.61,6.14,-1.52
district,Sudurpaschim,Bajura,Female,19 Year,589,277,270,41,1,47.03,6.96,58.66,4.07,47.03,6.96,11.63,-2.89
district,Sudurpaschim,Bajura,Male,19 Year,491,288,182,20,1,58.66,4.07,58.66,4.07,47.03,6.96,11.63,-2.89
district,Sudurpaschim,Bajura,Female,20 Year,1035,216,714,104,1,20.87,10.05,26.85,7.8,20.87,10.05,5.98,-2.25
district,Sudurpaschim,Bajura,Male,20 Year,756,203,494,59,0,26.85,7.8,26.85,7.8,20.87,10.05,5.98,-2.25
district,Sudurpaschim,Bajura,Female,21 Year,618,94,448,76,0,15.21,12.3,16.49,7.38,15.21,12.3,1.28,-4.92
district,Sudurpaschim,Bajura,Male,21 Year,461,76,351,34,0,16.49,7.38,16.49,7.38,15.21,12.3,1.28,-4.92
district,Sudurpaschim,Bajura,Female,22 Year,862,78,670,114,0,9.05,13.23,10.24,9.6,9.05,13.23,1.19,-3.63
district,Sudurpaschim,Bajura,Male,22 Year,625,64,500,60,1,10.24,9.6,10.24,9.6,9.05,13.23,1.19,-3.63
district,Sudurpaschim,Bajura,Female,23 Year,693,44,534,114,1,6.35,16.45,7.48,8.52,6.35,16.45,1.13,-7.93
district,Sudurpaschim,Bajura,Male,23 Year,481,36,404,41,0,7.48,8.52,7.48,8.52,6.35,16.45,1.13,-7.93
district,Sudurpaschim,Bajura,Female,24 Year,763,38,574,151,0,4.98,19.79,6.93,11.9,4.98,19.79,1.95,-7.89
district,Sudurpaschim,Bajura,Male,24 Year,563,39,456,67,1,6.93,11.9,6.93,11.9,4.98,19.79,1.95,-7.89
district,Sudurpaschim,Bajura,Female,25 Year,876,39,587,250,0,4.45,28.54,5.79,11.13,4.45,28.54,1.34,-17.41
district,Sudurpaschim,Bajura,Male,25 Year,656,38,545,73,0,5.79,11.13,5.79,11.13,4.45,28.54,1.34,-17.41
district,Sudurpaschim,Bajura,Female,5 Year,1697,1302,7,367,21,76.72,21.63,78.01,20.51,76.72,21.63,1.29,-1.12
district,Sudurpaschim,Bajura,Male,5 Year,1619,1263,6,332,18,78.01,20.51,78.01,20.51,76.72,21.63,1.29,-1.12
district,Sudurpaschim,Bajura,Female,6 Year,1577,1396,6,165,10,88.52,10.46,90.95,8.17,88.52,10.46,2.43,-2.29
district,Sudurpaschim,Bajura,Male,6 Year,1713,1558,6,140,9,90.95,8.17,90.95,8.17,88.52,10.46,2.43,-2.29
district,Sudurpaschim,Bajura,Female,7 Year,1540,1434,16,84,6,93.12,5.45,92.4,6.72,93.12,5.45,-0.72,1.27
district,Sudurpaschim,Bajura,Male,7 Year,1474,1362,11,99,2,92.4,6.72,92.4,6.72,93.12,5.45,-0.72,1.27
district,Sudurpaschim,Bajura,Female,8 Year,1765,1662,11,91,1,94.16,5.16,95.14,3.9,94.16,5.16,0.98,-1.26
district,Sudurpaschim,Bajura,Male,8 Year,1771,1685,12,69,5,95.14,3.9,95.14,3.9,94.16,5.16,0.98,-1.26
district,Sudurpaschim,Bajura,Female,9 Year,1490,1434,13,42,1,96.24,2.82,97.09,1.9,96.24,2.82,0.85,-0.92
district,Sudurpaschim,Bajura,Male,9 Year,1581,1535,16,30,0,97.09,1.9,97.09,1.9,96.24,2.82,0.85,-0.92
district,Sudurpaschim,Bajura,Female,All Ages,28555,21646,4979,1873,57,75.8,6.56,80.42,4.63,75.8,6.56,4.62,-1.93
district,Sudurpaschim,Bajura,Male,All Ages,26925,21653,3980,1247,45,80.42,4.63,80.42,4.63,75.8,6.56,4.62,-1.93
district,Sudurpaschim,Dadeldhura,Female,10 Year,1647,1469,166,12,0,89.19,0.73,90.3,1.05,89.19,0.73,1.11,0.32
district,Sudurpaschim,Dadeldhura,Male,10 Year,1712,1546,148,18,0,90.3,1.05,90.3,1.05,89.19,0.73,1.11,0.32
district,Sudurpaschim,Dadeldhura,Female,11 Year,1327,1248,74,5,0,94.05,0.38,93.04,1.21,94.05,0.38,-1.01,0.83
district,Sudurpaschim,Dadeldhura,Male,11 Year,1409,1311,80,17,1,93.04,1.21,93.04,1.21,94.05,0.38,-1.01,0.83
district,Sudurpaschim,Dadeldhura,Female,12 Year,1804,1727,73,4,0,95.73,0.22,96.09,0.48,95.73,0.22,0.36,0.26
district,Sudurpaschim,Dadeldhura,Male,12 Year,1893,1819,65,9,0,96.09,0.48,96.09,0.48,95.73,0.22,0.36,0.26
district,Sudurpaschim,Dadeldhura,Female,13 Year,1616,1566,46,3,1,96.91,0.19,97.32,0.37,96.91,0.19,0.41,0.18
district,Sudurpaschim,Dadeldhura,Male,13 Year,1639,1595,37,6,1,97.32,0.37,97.32,0.37,96.91,0.19,0.41,0.18
district,Sudurpaschim,Dadeldhura,Female,14 Year,1765,1694,53,16,2,95.98,0.91,95.62,0.71,95.98,0.91,-0.36,-0.2
district,Sudurpaschim,Dadeldhura,Male,14 Year,1826,1746,65,13,2,95.62,0.71,95.62,0.71,95.98,0.91,-0.36,-0.2
district,Sudurpaschim,Dadeldhura,Female,15 Year,1696,1571,110,13,2,92.63,0.77,92.61,0.72,92.63,0.77,-0.02,-0.05
district,Sudurpaschim,Dadeldhura,Male,15 Year,1677,1553,110,12,2,92.61,0.72,92.61,0.72,92.63,0.77,-0.02,-0.05
district,Sudurpaschim,Dadeldhura,Female,16 Year,1326,1166,146,13,1,87.93,0.98,88.91,0.62,87.93,0.98,0.98,-0.36
district,Sudurpaschim,Dadeldhura,Male,16 Year,1298,1154,135,8,1,88.91,0.62,88.91,0.62,87.93,0.98,0.98,-0.36
district,Sudurpaschim,Dadeldhura,Female,17 Year,978,773,195,10,0,79.04,1.02,82.04,0.8,79.04,1.02,3.0,-0.22
district,Sudurpaschim,Dadeldhura,Male,17 Year,874,717,150,7,0,82.04,0.8,82.04,0.8,79.04,1.02,3.0,-0.22
district,Sudurpaschim,Dadeldhura,Female,18 Year,1081,637,421,21,2,58.93,1.94,62.95,1.54,58.93,1.94,4.02,-0.4
district,Sudurpaschim,Dadeldhura,Male,18 Year,842,530,298,13,1,62.95,1.54,62.95,1.54,58.93,1.94,4.02,-0.4
district,Sudurpaschim,Dadeldhura,Female,19 Year,663,229,415,19,0,34.54,2.87,44.87,2.32,34.54,2.87,10.33,-0.55
district,Sudurpaschim,Dadeldhura,Male,19 Year,517,232,273,12,0,44.87,2.32,44.87,2.32,34.54,2.87,10.33,-0.55
district,Sudurpaschim,Dadeldhura,Female,20 Year,1079,136,893,49,1,12.6,4.54,22.57,2.68,12.6,4.54,9.97,-1.86
district,Sudurpaschim,Dadeldhura,Male,20 Year,709,160,530,19,0,22.57,2.68,22.57,2.68,12.6,4.54,9.97,-1.86
district,Sudurpaschim,Dadeldhura,Female,21 Year,719,56,629,33,1,7.79,4.59,14.77,3.99,7.79,4.59,6.98,-0.6
district,Sudurpaschim,Dadeldhura,Male,21 Year,501,74,407,20,0,14.77,3.99,14.77,3.99,7.79,4.59,6.98,-0.6
district,Sudurpaschim,Dadeldhura,Female,22 Year,991,45,900,46,0,4.54,4.64,9.26,2.4,4.54,4.64,4.72,-2.24
district,Sudurpaschim,Dadeldhura,Male,22 Year,583,54,515,14,0,9.26,2.4,9.26,2.4,4.54,4.64,4.72,-2.24
district,Sudurpaschim,Dadeldhura,Female,23 Year,925,37,823,65,0,4.0,7.03,5.48,3.66,4.0,7.03,1.48,-3.37
district,Sudurpaschim,Dadeldhura,Male,23 Year,547,30,497,20,0,5.48,3.66,5.48,3.66,4.0,7.03,1.48,-3.37
district,Sudurpaschim,Dadeldhura,Female,24 Year,918,38,828,52,0,4.14,5.66,4.65,2.41,4.14,5.66,0.51,-3.25
district,Sudurpaschim,Dadeldhura,Male,24 Year,623,29,579,15,0,4.65,2.41,4.65,2.41,4.14,5.66,0.51,-3.25
district,Sudurpaschim,Dadeldhura,Female,25 Year,966,20,840,106,0,2.07,10.97,3.59,3.76,2.07,10.97,1.52,-7.21
district,Sudurpaschim,Dadeldhura,Male,25 Year,612,22,567,23,0,3.59,3.76,3.59,3.76,2.07,10.97,1.52,-7.21
district,Sudurpaschim,Dadeldhura,Female,5 Year,1315,1143,3,159,10,86.92,12.09,86.42,11.62,86.92,12.09,-0.5,-0.47
district,Sudurpaschim,Dadeldhura,Male,5 Year,1429,1235,12,166,16,86.42,11.62,86.42,11.62,86.92,12.09,-0.5,-0.47
district,Sudurpaschim,Dadeldhura,Female,6 Year,1246,1182,5,52,7,94.86,4.17,94.71,4.25,94.86,4.17,-0.15,0.08
district,Sudurpaschim,Dadeldhura,Male,6 Year,1530,1449,14,65,2,94.71,4.25,94.71,4.25,94.86,4.17,-0.15,0.08
district,Sudurpaschim,Dadeldhura,Female,7 Year,1263,1227,9,26,1,97.15,2.06,96.75,1.81,97.15,2.06,-0.4,-0.25
district,Sudurpaschim,Dadeldhura,Male,7 Year,1385,1340,20,25,0,96.75,1.81,96.75,1.81,97.15,2.06,-0.4,-0.25
district,Sudurpaschim,Dadeldhura,Female,8 Year,1538,1493,15,29,1,97.07,1.89,97.69,1.4,97.07,1.89,0.62,-0.49
district,Sudurpaschim,Dadeldhura,Male,8 Year,1648,1610,15,23,0,97.69,1.4,97.69,1.4,97.07,1.89,0.62,-0.49
district,Sudurpaschim,Dadeldhura,Female,9 Year,1337,1307,18,11,1,97.76,0.82,97.99,0.56,97.76,0.82,0.23,-0.26
district,Sudurpaschim,Dadeldhura,Male,9 Year,1441,1412,20,8,1,97.99,0.56,97.99,0.56,97.76,0.82,0.23,-0.26
district,Sudurpaschim,Dadeldhura,Female,All Ages,26200,18764,6662,744,30,71.62,2.84,79.44,2.08,71.62,2.84,7.82,-0.76
district,Sudurpaschim,Dadeldhura,Male,All Ages,24695,19618,4537,513,27,79.44,2.08,79.44,2.08,71.62,2.84,7.82,-0.76
district,Sudurpaschim,Darchula,Female,10 Year,1574,1400,160,14,0,88.95,0.89,89.74,1.12,88.95,0.89,0.79,0.23
district,Sudurpaschim,Darchula,Male,10 Year,1793,1609,163,20,1,89.74,1.12,89.74,1.12,88.95,0.89,0.79,0.23
district,Sudurpaschim,Darchula,Female,11 Year,1336,1234,89,13,0,92.37,0.97,94.36,0.46,92.37,0.97,1.99,-0.51
district,Sudurpaschim,Darchula,Male,11 Year,1312,1238,67,6,1,94.36,0.46,94.36,0.46,92.37,0.97,1.99,-0.51
district,Sudurpaschim,Darchula,Female,12 Year,1806,1735,54,17,0,96.07,0.94,95.69,1.04,96.07,0.94,-0.38,0.1
district,Sudurpaschim,Darchula,Male,12 Year,1833,1754,58,19,2,95.69,1.04,95.69,1.04,96.07,0.94,-0.38,0.1
district,Sudurpaschim,Darchula,Female,13 Year,1636,1600,29,7,0,97.8,0.43,96.17,1.17,97.8,0.43,-1.63,0.74
district,Sudurpaschim,Darchula,Male,13 Year,1541,1482,41,18,0,96.17,1.17,96.17,1.17,97.8,0.43,-1.63,0.74
district,Sudurpaschim,Darchula,Female,14 Year,1711,1660,42,7,2,97.02,0.41,97.2,0.6,97.02,0.41,0.18,0.19
district,Sudurpaschim,Darchula,Male,14 Year,1677,1630,37,10,0,97.2,0.6,97.2,0.6,97.02,0.41,0.18,0.19
district,Sudurpaschim,Darchula,Female,15 Year,1562,1488,54,18,2,95.26,1.15,94.9,1.01,95.26,1.15,-0.36,-0.14
district,Sudurpaschim,Darchula,Male,15 Year,1587,1506,64,16,1,94.9,1.01,94.9,1.01,95.26,1.15,-0.36,-0.14
district,Sudurpaschim,Darchula,Female,16 Year,1189,1090,91,5,3,91.67,0.42,92.55,1.3,91.67,0.42,0.88,0.88
district,Sudurpaschim,Darchula,Male,16 Year,1155,1069,70,15,1,92.55,1.3,92.55,1.3,91.67,0.42,0.88,0.88
district,Sudurpaschim,Darchula,Female,17 Year,759,618,125,15,1,81.42,1.98,86.83,1.1,81.42,1.98,5.41,-0.88
district,Sudurpaschim,Darchula,Male,17 Year,729,633,87,8,1,86.83,1.1,86.83,1.1,81.42,1.98,5.41,-0.88
district,Sudurpaschim,Darchula,Female,18 Year,892,530,321,41,0,59.42,4.6,71.58,2.4,59.42,4.6,12.16,-2.2
district,Sudurpaschim,Darchula,Male,18 Year,834,597,217,20,0,71.58,2.4,71.58,2.4,59.42,4.6,12.16,-2.2
district,Sudurpaschim,Darchula,Female,19 Year,504,201,281,22,0,39.88,4.37,58.47,3.1,39.88,4.37,18.59,-1.27
district,Sudurpaschim,Darchula,Male,19 Year,419,245,161,13,0,58.47,3.1,58.47,3.1,39.88,4.37,18.59,-1.27
district,Sudurpaschim,Darchula,Female,20 Year,949,140,737,71,1,14.75,7.48,24.26,5.29,14.75,7.48,9.51,-2.19
district,Sudurpaschim,Darchula,Male,20 Year,643,156,453,34,0,24.26,5.29,24.26,5.29,14.75,7.48,9.51,-2.19
district,Sudurpaschim,Darchula,Female,21 Year,558,62,464,32,0,11.11,5.73,13.85,5.41,11.11,5.73,2.74,-0.32
district,Sudurpaschim,Darchula,Male,21 Year,462,64,373,25,0,13.85,5.41,13.85,5.41,11.11,5.73,2.74,-0.32
district,Sudurpaschim,Darchula,Female,22 Year,822,72,690,60,0,8.76,7.3,9.56,5.12,8.76,7.3,0.8,-2.18
district,Sudurpaschim,Darchula,Male,22 Year,586,56,499,30,1,9.56,5.12,9.56,5.12,8.76,7.3,0.8,-2.18
district,Sudurpaschim,Darchula,Female,23 Year,681,31,589,60,1,4.55,8.81,6.69,3.94,4.55,8.81,2.14,-4.87
district,Sudurpaschim,Darchula,Male,23 Year,508,34,453,20,1,6.69,3.94,6.69,3.94,4.55,8.81,2.14,-4.87
district,Sudurpaschim,Darchula,Female,24 Year,743,30,653,60,0,4.04,8.08,5.38,4.82,4.04,8.08,1.34,-3.26
district,Sudurpaschim,Darchula,Male,24 Year,539,29,484,26,0,5.38,4.82,5.38,4.82,4.04,8.08,1.34,-3.26
district,Sudurpaschim,Darchula,Female,25 Year,939,19,776,143,1,2.02,15.23,1.03,7.86,2.02,15.23,-0.99,-7.37
district,Sudurpaschim,Darchula,Male,25 Year,585,6,533,46,0,1.03,7.86,1.03,7.86,2.02,15.23,-0.99,-7.37
district,Sudurpaschim,Darchula,Female,5 Year,1318,1153,9,148,8,87.48,11.23,85.64,12.99,87.48,11.23,-1.84,1.76
district,Sudurpaschim,Darchula,Male,5 Year,1316,1127,8,171,10,85.64,12.99,85.64,12.99,87.48,11.23,-1.84,1.76
district,Sudurpaschim,Darchula,Female,6 Year,1279,1224,3,50,2,95.7,3.91,94.79,4.51,95.7,3.91,-0.91,0.6
district,Sudurpaschim,Darchula,Male,6 Year,1286,1219,6,58,3,94.79,4.51,94.79,4.51,95.7,3.91,-0.91,0.6
district,Sudurpaschim,Darchula,Female,7 Year,1198,1158,8,31,1,96.66,2.59,96.92,2.11,96.66,2.59,0.26,-0.48
district,Sudurpaschim,Darchula,Male,7 Year,1232,1194,8,26,4,96.92,2.11,96.92,2.11,96.66,2.59,0.26,-0.48
district,Sudurpaschim,Darchula,Female,8 Year,1496,1452,13,29,2,97.06,1.94,97.57,1.97,97.06,1.94,0.51,0.03
district,Sudurpaschim,Darchula,Male,8 Year,1524,1487,7,30,0,97.57,1.97,97.57,1.97,97.06,1.94,0.51,0.03
district,Sudurpaschim,Darchula,Female,9 Year,1177,1159,7,9,2,98.47,0.76,97.86,1.11,98.47,0.76,-0.61,0.35
district,Sudurpaschim,Darchula,Male,9 Year,1262,1235,13,14,0,97.86,1.11,97.86,1.11,98.47,0.76,-0.61,0.35
district,Sudurpaschim,Darchula,Female,All Ages,24129,18056,5195,852,26,74.83,3.53,80.49,2.74,74.83,3.53,5.66,-0.79
district,Sudurpaschim,Darchula,Male,All Ages,22823,18370,3802,625,26,80.49,2.74,80.49,2.74,74.83,3.53,5.66,-0.79
district,Sudurpaschim,Doti,Female,10 Year,2943,2525,345,72,1,85.8,2.45,86.24,2.07,85.8,2.45,0.44,-0.38
district,Sudurpaschim,Doti,Male,10 Year,3037,2619,354,63,1,86.24,2.07,86.24,2.07,85.8,2.45,0.44,-0.38
district,Sudurpaschim,Doti,Female,11 Year,2292,2079,180,33,0,90.71,1.44,92.04,1.33,90.71,1.44,1.33,-0.11
district,Sudurpaschim,Doti,Male,11 Year,2413,2221,160,32,0,92.04,1.33,92.04,1.33,90.71,1.44,1.33,-0.11
district,Sudurpaschim,Doti,Female,12 Year,3106,2908,138,59,1,93.63,1.9,92.93,2.02,93.63,1.9,-0.7,0.12
district,Sudurpaschim,Doti,Male,12 Year,3366,3128,169,68,1,92.93,2.02,92.93,2.02,93.63,1.9,-0.7,0.12
district,Sudurpaschim,Doti,Female,13 Year,2686,2555,86,45,0,95.12,1.68,94.79,1.71,95.12,1.68,-0.33,0.03
district,Sudurpaschim,Doti,Male,13 Year,2685,2545,94,46,0,94.79,1.71,94.79,1.71,95.12,1.68,-0.33,0.03
district,Sudurpaschim,Doti,Female,14 Year,2784,2616,103,63,2,93.97,2.26,96.0,1.08,93.97,2.26,2.03,-1.18
district,Sudurpaschim,Doti,Male,14 Year,2873,2758,81,31,3,96.0,1.08,96.0,1.08,93.97,2.26,2.03,-1.18
district,Sudurpaschim,Doti,Female,15 Year,2878,2557,243,78,0,88.85,2.71,92.42,1.37,88.85,2.71,3.57,-1.34
district,Sudurpaschim,Doti,Male,15 Year,2693,2489,166,37,1,92.42,1.37,92.42,1.37,88.85,2.71,3.57,-1.34
district,Sudurpaschim,Doti,Female,16 Year,2373,2038,255,80,0,85.88,3.37,89.89,1.79,85.88,3.37,4.01,-1.58
district,Sudurpaschim,Doti,Male,16 Year,2127,1912,174,38,3,89.89,1.79,89.89,1.79,85.88,3.37,4.01,-1.58
district,Sudurpaschim,Doti,Female,17 Year,1702,1308,302,90,2,76.85,5.29,82.63,3.32,76.85,5.29,5.78,-1.97
district,Sudurpaschim,Doti,Male,17 Year,1295,1070,181,43,1,82.63,3.32,82.63,3.32,76.85,5.29,5.78,-1.97
district,Sudurpaschim,Doti,Female,18 Year,1997,1175,653,169,0,58.84,8.46,66.95,4.38,58.84,8.46,8.11,-4.08
district,Sudurpaschim,Doti,Male,18 Year,1437,962,412,63,0,66.95,4.38,66.95,4.38,58.84,8.46,8.11,-4.08
district,Sudurpaschim,Doti,Female,19 Year,1060,456,501,103,0,43.02,9.72,52.59,5.03,43.02,9.72,9.57,-4.69
district,Sudurpaschim,Doti,Male,19 Year,696,366,295,35,0,52.59,5.03,52.59,5.03,43.02,9.72,9.57,-4.69
district,Sudurpaschim,Doti,Female,20 Year,1964,300,1362,301,1,15.27,15.33,22.02,7.02,15.27,15.33,6.75,-8.31
district,Sudurpaschim,Doti,Male,20 Year,1040,229,737,73,1,22.02,7.02,22.02,7.02,15.27,15.33,6.75,-8.31
district,Sudurpaschim,Doti,Female,21 Year,1213,118,925,170,0,9.73,14.01,16.2,6.33,9.73,14.01,6.47,-7.68
district,Sudurpaschim,Doti,Male,21 Year,679,110,526,43,0,16.2,6.33,16.2,6.33,9.73,14.01,6.47,-7.68
district,Sudurpaschim,Doti,Female,22 Year,1670,85,1276,309,0,5.09,18.5,8.85,6.24,5.09,18.5,3.76,-12.26
district,Sudurpaschim,Doti,Male,22 Year,881,78,748,55,0,8.85,6.24,8.85,6.24,5.09,18.5,3.76,-12.26
district,Sudurpaschim,Doti,Female,23 Year,1288,56,1020,212,0,4.35,16.46,3.71,6.82,4.35,16.46,-0.64,-9.64
district,Sudurpaschim,Doti,Male,23 Year,674,25,603,46,0,3.71,6.82,3.71,6.82,4.35,16.46,-0.64,-9.64
district,Sudurpaschim,Doti,Female,24 Year,1470,55,1116,298,1,3.74,20.27,5.19,7.01,3.74,20.27,1.45,-13.26
district,Sudurpaschim,Doti,Male,24 Year,770,40,676,54,0,5.19,7.01,5.19,7.01,3.74,20.27,1.45,-13.26
district,Sudurpaschim,Doti,Female,25 Year,1736,47,1227,462,0,2.71,26.61,2.22,11.83,2.71,26.61,-0.49,-14.78
district,Sudurpaschim,Doti,Male,25 Year,854,19,733,101,1,2.22,11.83,2.22,11.83,2.71,26.61,-0.49,-14.78
district,Sudurpaschim,Doti,Female,5 Year,2377,1880,14,467,16,79.09,19.65,79.89,19.03,79.09,19.65,0.8,-0.62
district,Sudurpaschim,Doti,Male,5 Year,2611,2086,10,497,18,79.89,19.03,79.89,19.03,79.09,19.65,0.8,-0.62
district,Sudurpaschim,Doti,Female,6 Year,2436,2134,16,280,6,87.6,11.49,88.16,11.33,87.6,11.49,0.56,-0.16
district,Sudurpaschim,Doti,Male,6 Year,2551,2249,9,289,4,88.16,11.33,88.16,11.33,87.6,11.49,0.56,-0.16
district,Sudurpaschim,Doti,Female,7 Year,2338,2146,13,176,3,91.79,7.53,93.35,6.1,91.79,7.53,1.56,-1.43
district,Sudurpaschim,Doti,Male,7 Year,2376,2218,11,145,2,93.35,6.1,93.35,6.1,91.79,7.53,1.56,-1.43
district,Sudurpaschim,Doti,Female,8 Year,2525,2393,12,117,3,94.77,4.63,95.47,4.02,94.77,4.63,0.7,-0.61
district,Sudurpaschim,Doti,Male,8 Year,2759,2634,12,111,2,95.47,4.02,95.47,4.02,94.77,4.63,0.7,-0.61
district,Sudurpaschim,Doti,Female,9 Year,2327,2246,22,59,0,96.52,2.54,96.25,2.76,96.52,2.54,-0.27,0.22
district,Sudurpaschim,Doti,Male,9 Year,2429,2338,24,67,0,96.25,2.76,96.25,2.76,96.52,2.54,-0.27,0.22
district,Sudurpaschim,Doti,Female,All Ages,45165,31677,9809,3643,36,70.14,8.07,79.75,4.81,70.14,8.07,9.61,-3.26
district,Sudurpaschim,Doti,Male,All Ages,40246,32096,6175,1937,38,79.75,4.81,79.75,4.81,70.14,8.07,9.61,-3.26
district,Sudurpaschim,Kailali,Female,10 Year,9152,8108,964,79,1,88.59,0.86,86.62,0.98,88.59,0.86,-1.97,0.12
district,Sudurpaschim,Kailali,Male,10 Year,10048,8704,1243,98,3,86.62,0.98,86.62,0.98,88.59,0.86,-1.97,0.12
district,Sudurpaschim,Kailali,Female,11 Year,7775,7264,452,58,1,93.43,0.75,92.73,0.6,93.43,0.75,-0.7,-0.15
district,Sudurpaschim,Kailali,Male,11 Year,8598,7973,573,52,0,92.73,0.6,92.73,0.6,93.43,0.75,-0.7,-0.15
district,Sudurpaschim,Kailali,Female,12 Year,10139,9679,381,78,1,95.46,0.77,94.8,0.81,95.46,0.77,-0.66,0.04
district,Sudurpaschim,Kailali,Male,12 Year,10853,10289,474,88,2,94.8,0.81,94.8,0.81,95.46,0.77,-0.66,0.04
district,Sudurpaschim,Kailali,Female,13 Year,9830,9466,265,98,1,96.3,1.0,95.31,0.8,96.3,1.0,-0.99,-0.2
district,Sudurpaschim,Kailali,Male,13 Year,9946,9480,384,80,2,95.31,0.8,95.31,0.8,96.3,1.0,-0.99,-0.2
district,Sudurpaschim,Kailali,Female,14 Year,10282,9872,330,76,4,96.01,0.74,94.46,0.78,96.01,0.74,-1.55,0.04
district,Sudurpaschim,Kailali,Male,14 Year,10516,9933,488,82,13,94.46,0.78,94.46,0.78,96.01,0.74,-1.55,0.04
district,Sudurpaschim,Kailali,Female,15 Year,10010,9284,626,85,15,92.75,0.85,90.3,0.98,92.75,0.85,-2.45,0.13
district,Sudurpaschim,Kailali,Male,15 Year,9892,8932,853,97,10,90.3,0.98,90.3,0.98,92.75,0.85,-2.45,0.13
district,Sudurpaschim,Kailali,Female,16 Year,8020,7114,816,77,13,88.7,0.96,86.19,1.16,88.7,0.96,-2.51,0.2
district,Sudurpaschim,Kailali,Male,16 Year,8293,7148,1038,96,11,86.19,1.16,86.19,1.16,88.7,0.96,-2.51,0.2
district,Sudurpaschim,Kailali,Female,17 Year,5512,4166,1251,92,3,75.58,1.67,74.23,1.47,75.58,1.67,-1.35,-0.2
district,Sudurpaschim,Kailali,Male,17 Year,5658,4200,1372,83,3,74.23,1.47,74.23,1.47,75.58,1.67,-1.35,-0.2
district,Sudurpaschim,Kailali,Female,18 Year,5831,3116,2546,165,4,53.44,2.83,55.63,2.88,53.44,2.83,2.19,0.05
district,Sudurpaschim,Kailali,Male,18 Year,5878,3270,2437,169,2,55.63,2.88,55.63,2.88,53.44,2.83,2.19,0.05
district,Sudurpaschim,Kailali,Female,19 Year,3764,1290,2343,124,7,34.27,3.29,38.51,2.81,34.27,3.29,4.24,-0.48
district,Sudurpaschim,Kailali,Male,19 Year,3415,1315,2003,96,1,38.51,2.81,38.51,2.81,34.27,3.29,4.24,-0.48
district,Sudurpaschim,Kailali,Female,20 Year,5638,765,4564,305,4,13.57,5.41,15.68,3.98,13.57,5.41,2.11,-1.43
district,Sudurpaschim,Kailali,Male,20 Year,4668,732,3747,186,3,15.68,3.98,15.68,3.98,13.57,5.41,2.11,-1.43
district,Sudurpaschim,Kailali,Female,21 Year,4171,313,3656,197,5,7.5,4.72,9.65,2.81,7.5,4.72,2.15,-1.91
district,Sudurpaschim,Kailali,Male,21 Year,3482,336,3046,98,2,9.65,2.81,9.65,2.81,7.5,4.72,2.15,-1.91
district,Sudurpaschim,Kailali,Female,22 Year,5690,325,5007,352,6,5.71,6.19,6.1,3.85,5.71,6.19,0.39,-2.34
district,Sudurpaschim,Kailali,Male,22 Year,4571,279,4114,176,2,6.1,3.85,6.1,3.85,5.71,6.19,0.39,-2.34
district,Sudurpaschim,Kailali,Female,23 Year,5343,239,4781,315,8,4.47,5.9,4.32,3.2,4.47,5.9,-0.15,-2.7
district,Sudurpaschim,Kailali,Male,23 Year,3817,165,3526,122,4,4.32,3.2,4.32,3.2,4.47,5.9,-0.15,-2.7
district,Sudurpaschim,Kailali,Female,24 Year,5768,191,5190,381,6,3.31,6.61,3.44,3.89,3.31,6.61,0.13,-2.72
district,Sudurpaschim,Kailali,Male,24 Year,4242,146,3925,165,6,3.44,3.89,3.44,3.89,3.31,6.61,0.13,-2.72
district,Sudurpaschim,Kailali,Female,25 Year,6908,236,5975,687,10,3.42,9.94,2.85,5.4,3.42,9.94,-0.57,-4.54
district,Sudurpaschim,Kailali,Male,25 Year,5092,145,4669,275,3,2.85,5.4,2.85,5.4,3.42,9.94,-0.57,-4.54
district,Sudurpaschim,Kailali,Female,5 Year,7495,6707,69,644,75,89.49,8.59,89.43,8.93,89.49,8.59,-0.06,0.34
district,Sudurpaschim,Kailali,Male,5 Year,8329,7449,54,744,82,89.43,8.93,89.43,8.93,89.49,8.59,-0.06,0.34
district,Sudurpaschim,Kailali,Female,6 Year,7605,7236,61,289,19,95.15,3.8,94.69,4.24,95.15,3.8,-0.46,0.44
district,Sudurpaschim,Kailali,Male,6 Year,8554,8100,65,363,26,94.69,4.24,94.69,4.24,95.15,3.8,-0.46,0.44
district,Sudurpaschim,Kailali,Female,7 Year,7627,7385,61,171,10,96.83,2.24,97.12,1.97,96.83,2.24,0.29,-0.27
district,Sudurpaschim,Kailali,Male,7 Year,8542,8296,66,168,12,97.12,1.97,97.12,1.97,96.83,2.24,0.29,-0.27
district,Sudurpaschim,Kailali,Female,8 Year,8243,8049,71,111,12,97.65,1.35,97.24,1.54,97.65,1.35,-0.41,0.19
district,Sudurpaschim,Kailali,Male,8 Year,9492,9230,103,146,13,97.24,1.54,97.24,1.54,97.65,1.35,-0.41,0.19
district,Sudurpaschim,Kailali,Female,9 Year,7706,7550,89,65,2,97.98,0.84,97.69,1.12,97.98,0.84,-0.29,0.28
district,Sudurpaschim,Kailali,Male,9 Year,8657,8457,99,97,4,97.69,1.12,97.69,1.12,97.98,0.84,-0.29,0.28
district,Sudurpaschim,Kailali,Female,All Ages,152509,108355,39498,4449,207,71.05,2.92,75.11,2.28,71.05,2.92,4.06,-0.64
district,Sudurpaschim,Kailali,Male,All Ages,152543,114579,34279,3481,204,75.11,2.28,75.11,2.28,71.05,2.92,4.06,-0.64
district,Sudurpaschim,Kanchanpur,Female,10 Year,5222,4658,539,25,0,89.2,0.48,88.34,0.77,89.2,0.48,-0.86,0.29
district,Sudurpaschim,Kanchanpur,Male,10 Year,5942,5249,647,46,0,88.34,0.77,88.34,0.77,89.2,0.48,-0.86,0.29
district,Sudurpaschim,Kanchanpur,Female,11 Year,4434,4184,223,27,0,94.36,0.61,93.13,0.58,94.36,0.61,-1.23,-0.03
district,Sudurpaschim,Kanchanpur,Male,11 Year,4990,4647,313,29,1,93.13,0.58,93.13,0.58,94.36,0.61,-1.23,-0.03
district,Sudurpaschim,Kanchanpur,Female,12 Year,5670,5436,200,34,0,95.87,0.6,95.51,0.69,95.87,0.6,-0.36,0.09
district,Sudurpaschim,Kanchanpur,Male,12 Year,6256,5975,238,43,0,95.51,0.69,95.51,0.69,95.87,0.6,-0.36,0.09
district,Sudurpaschim,Kanchanpur,Female,13 Year,5511,5347,135,26,3,97.02,0.47,96.4,0.56,97.02,0.47,-0.62,0.09
district,Sudurpaschim,Kanchanpur,Male,13 Year,5692,5487,173,32,0,96.4,0.56,96.4,0.56,97.02,0.47,-0.62,0.09
district,Sudurpaschim,Kanchanpur,Female,14 Year,6028,5838,162,23,5,96.85,0.38,95.5,0.55,96.85,0.38,-1.35,0.17
district,Sudurpaschim,Kanchanpur,Male,14 Year,6040,5768,233,33,6,95.5,0.55,95.5,0.55,96.85,0.38,-1.35,0.17
district,Sudurpaschim,Kanchanpur,Female,15 Year,5587,5253,294,35,5,94.02,0.63,91.27,0.62,94.02,0.63,-2.75,-0.01
district,Sudurpaschim,Kanchanpur,Male,15 Year,5616,5126,449,35,6,91.27,0.62,91.27,0.62,94.02,0.63,-2.75,-0.01
district,Sudurpaschim,Kanchanpur,Female,16 Year,4414,3905,460,45,4,88.47,1.02,86.65,0.91,88.47,1.02,-1.82,-0.11
district,Sudurpaschim,Kanchanpur,Male,16 Year,4630,4012,573,42,3,86.65,0.91,86.65,0.91,88.47,1.02,-1.82,-0.11
district,Sudurpaschim,Kanchanpur,Female,17 Year,2886,2162,676,46,2,74.91,1.59,76.7,1.34,74.91,1.59,1.79,-0.25
district,Sudurpaschim,Kanchanpur,Male,17 Year,2974,2281,653,40,0,76.7,1.34,76.7,1.34,74.91,1.59,1.79,-0.25
district,Sudurpaschim,Kanchanpur,Female,18 Year,3055,1577,1399,78,1,51.62,2.55,53.67,2.32,51.62,2.55,2.05,-0.23
district,Sudurpaschim,Kanchanpur,Male,18 Year,2933,1574,1290,68,1,53.67,2.32,53.67,2.32,51.62,2.55,2.05,-0.23
district,Sudurpaschim,Kanchanpur,Female,19 Year,2087,604,1409,72,2,28.94,3.45,36.48,2.11,28.94,3.45,7.54,-1.34
district,Sudurpaschim,Kanchanpur,Male,19 Year,1798,656,1102,38,2,36.48,2.11,36.48,2.11,28.94,3.45,7.54,-1.34
district,Sudurpaschim,Kanchanpur,Female,20 Year,3172,393,2629,150,0,12.39,4.73,14.19,4.6,12.39,4.73,1.8,-0.13
district,Sudurpaschim,Kanchanpur,Male,20 Year,2241,318,1820,103,0,14.19,4.6,14.19,4.6,12.39,4.73,1.8,-0.13
district,Sudurpaschim,Kanchanpur,Female,21 Year,2298,184,2024,87,3,8.01,3.79,9.09,3.16,8.01,3.79,1.08,-0.63
district,Sudurpaschim,Kanchanpur,Male,21 Year,1738,158,1523,55,2,9.09,3.16,9.09,3.16,8.01,3.79,1.08,-0.63
district,Sudurpaschim,Kanchanpur,Female,22 Year,3225,158,2902,164,1,4.9,5.09,4.83,4.39,4.9,5.09,-0.07,-0.7
district,Sudurpaschim,Kanchanpur,Male,22 Year,2277,110,2066,100,1,4.83,4.39,4.83,4.39,4.9,5.09,-0.07,-0.7
district,Sudurpaschim,Kanchanpur,Female,23 Year,2935,85,2681,168,1,2.9,5.72,3.22,3.87,2.9,5.72,0.32,-1.85
district,Sudurpaschim,Kanchanpur,Male,23 Year,1861,60,1726,72,3,3.22,3.87,3.22,3.87,2.9,5.72,0.32,-1.85
district,Sudurpaschim,Kanchanpur,Female,24 Year,3109,80,2834,193,2,2.57,6.21,2.95,3.86,2.57,6.21,0.38,-2.35
district,Sudurpaschim,Kanchanpur,Male,24 Year,1997,59,1858,77,3,2.95,3.86,2.95,3.86,2.57,6.21,0.38,-2.35
district,Sudurpaschim,Kanchanpur,Female,25 Year,3833,83,3380,370,0,2.17,9.65,2.21,5.7,2.17,9.65,0.04,-3.95
district,Sudurpaschim,Kanchanpur,Male,25 Year,2352,52,2166,134,0,2.21,5.7,2.21,5.7,2.17,9.65,0.04,-3.95
district,Sudurpaschim,Kanchanpur,Female,5 Year,4093,3714,23,331,25,90.74,8.09,91.17,7.29,90.74,8.09,0.43,-0.8
district,Sudurpaschim,Kanchanpur,Male,5 Year,4883,4452,41,356,34,91.17,7.29,91.17,7.29,90.74,8.09,0.43,-0.8
district,Sudurpaschim,Kanchanpur,Female,6 Year,4146,3955,28,151,12,95.39,3.64,95.97,3.39,95.39,3.64,0.58,-0.25
district,Sudurpaschim,Kanchanpur,Male,6 Year,4862,4666,20,165,11,95.97,3.39,95.97,3.39,95.39,3.64,0.58,-0.25
district,Sudurpaschim,Kanchanpur,Female,7 Year,4230,4117,43,66,4,97.33,1.56,97.33,1.84,97.33,1.56,0.0,0.28
district,Sudurpaschim,Kanchanpur,Male,7 Year,4837,4708,33,89,7,97.33,1.84,97.33,1.84,97.33,1.56,0.0,0.28
district,Sudurpaschim,Kanchanpur,Female,8 Year,4584,4486,45,52,1,97.86,1.13,98.24,0.89,97.86,1.13,0.38,-0.24
district,Sudurpaschim,Kanchanpur,Male,8 Year,5408,5313,45,48,2,98.24,0.89,98.24,0.89,97.86,1.13,0.38,-0.24
district,Sudurpaschim,Kanchanpur,Female,9 Year,4315,4243,44,28,0,98.33,0.65,98.14,0.81,98.33,0.65,-0.19,0.16
district,Sudurpaschim,Kanchanpur,Male,9 Year,4838,4748,51,39,0,98.14,0.81,98.14,0.81,98.33,0.65,-0.19,0.16
district,Sudurpaschim,Kanchanpur,Female,All Ages,84834,60462,22130,2171,71,71.27,2.56,77.73,1.95,71.27,2.56,6.46,-0.61
district,Sudurpaschim,Kanchanpur,Male,All Ages,84165,65419,17020,1644,82,77.73,1.95,77.73,1.95,71.27,2.56,6.46,-0.61
national,Nepal,,Female,10 Year,307987,265224,27865,14808,90,86.12,4.81,85.76,4.31,86.12,4.81,-0.36,-0.5
national,Nepal,,Male,10 Year,338785,290531,33546,14604,104,85.76,4.31,85.76,4.31,86.12,4.81,-0.36,-0.5
national,Nepal,,Female,11 Year,228735,210608,12050,6023,54,92.08,2.63,91.57,2.34,92.08,2.63,-0.51,-0.29
national,Nepal,,Male,11 Year,246281,225526,14893,5771,91,91.57,2.34,91.57,2.34,92.08,2.63,-0.51,-0.29
national,Nepal,,Female,12 Year,308668,282846,12973,12752,97,91.63,4.13,91.47,3.66,91.63,4.13,-0.16,-0.47
national,Nepal,,Male,12 Year,330149,302002,15954,12086,107,91.47,3.66,91.47,3.66,91.63,4.13,-0.16,-0.47
national,Nepal,,Female,13 Year,275172,256578,9969,8537,88,93.24,3.1,93.18,2.63,93.24,3.1,-0.06,-0.47
national,Nepal,,Male,13 Year,281718,262513,11716,7396,93,93.18,2.63,93.18,2.63,93.24,3.1,-0.06,-0.47
national,Nepal,,Female,14 Year,293349,270103,12680,10442,124,92.08,3.56,91.98,2.91,92.08,3.56,-0.1,-0.65
national,Nepal,,Male,14 Year,299021,275053,15113,8702,153,91.98,2.91,91.98,2.91,92.08,3.56,-0.1,-0.65
national,Nepal,,Female,15 Year,276317,240248,22580,13296,193,86.95,4.81,86.46,3.94,86.95,4.81,-0.49,-0.87
national,Nepal,,Male,15 Year,285483,246821,27199,11254,209,86.46,3.94,86.46,3.94,86.95,4.81,-0.49,-0.87
national,Nepal,,Female,16 Year,223795,179237,29789,14593,176,80.09,6.52,80.59,5.05,80.09,6.52,0.5,-1.47
national,Nepal,,Male,16 Year,239280,192828,34179,12092,181,80.59,5.05,80.59,5.05,80.09,6.52,0.5,-1.47
national,Nepal,,Female,17 Year,144839,97117,36314,11292,116,67.05,7.8,69.41,5.85,67.05,7.8,2.36,-1.95
national,Nepal,,Male,17 Year,160798,111605,39675,9400,118,69.41,5.85,69.41,5.85,67.05,7.8,2.36,-1.95
national,Nepal,,Female,18 Year,171772,75927,71667,24059,119,44.2,14.01,49.95,9.97,44.2,14.01,5.75,-4.04
national,Nepal,,Male,18 Year,189271,94535,75751,18863,122,49.95,9.97,49.95,9.97,44.2,14.01,5.75,-4.04
national,Nepal,,Female,19 Year,105035,29219,62389,13337,90,27.82,12.7,34.49,8.64,27.82,12.7,6.67,-4.06
national,Nepal,,Male,19 Year,106247,36649,60345,9176,77,34.49,8.64,34.49,8.64,27.82,12.7,6.67,-4.06
national,Nepal,,Female,20 Year,184351,17053,125813,41374,111,9.25,22.44,13.71,14.54,9.25,22.44,4.46,-7.9
national,Nepal,,Male,20 Year,152639,20929,109424,22193,93,13.71,14.54,13.71,14.54,9.25,22.44,4.46,-7.9
national,Nepal,,Female,21 Year,111113,6928,87292,16797,96,6.24,15.12,8.59,9.73,6.24,15.12,2.35,-5.39
national,Nepal,,Male,21 Year,100252,8609,81794,9753,96,8.59,9.73,8.59,9.73,6.24,15.12,2.35,-5.39
national,Nepal,,Female,22 Year,162843,6563,123113,33078,89,4.03,20.31,5.81,13.06,4.03,20.31,1.78,-7.25
national,Nepal,,Male,22 Year,137038,7961,111102,17895,80,5.81,13.06,5.81,13.06,4.03,20.31,1.78,-7.25
national,Nepal,,Female,23 Year,137715,4096,108496,25015,108,2.97,18.16,3.94,10.79,2.97,18.16,0.97,-7.37
national,Nepal,,Male,23 Year,105716,4164,90078,11411,63,3.94,10.79,3.94,10.79,2.97,18.16,0.97,-7.37
national,Nepal,,Female,24 Year,147651,3813,115842,27887,109,2.58,18.89,3.16,11.11,2.58,18.89,0.58,-7.78
national,Nepal,,Male,24 Year,115537,3646,98969,12836,86,3.16,11.11,3.16,11.11,2.58,18.89,0.58,-7.78
national,Nepal,,Female,25 Year,214626,3117,150237,61141,131,1.45,28.49,1.56,17.0,1.45,28.49,0.11,-11.49
national,Nepal,,Male,25 Year,158928,2484,129330,27016,98,1.56,17.0,1.56,17.0,1.45,28.49,0.11,-11.49
national,Nepal,,Female,5 Year,269216,227631,1319,38660,1606,84.55,14.36,84.9,14.06,84.55,14.36,0.35,-0.3
national,Nepal,,Male,5 Year,299149,253984,1391,42049,1725,84.9,14.06,84.9,14.06,84.55,14.36,0.35,-0.3
national,Nepal,,Female,6 Year,268359,243227,1352,23256,524,90.63,8.67,91.09,8.25,90.63,8.67,0.46,-0.42
national,Nepal,,Male,6 Year,294386,268149,1385,24274,578,91.09,8.25,91.09,8.25,90.63,8.67,0.46,-0.42
national,Nepal,,Female,7 Year,258021,240993,1408,15376,244,93.4,5.96,93.88,5.45,93.4,5.96,0.48,-0.51
national,Nepal,,Male,7 Year,276257,259350,1549,15055,303,93.88,5.45,93.88,5.45,93.4,5.96,0.48,-0.51
national,Nepal,,Female,8 Year,286398,268028,1959,16208,203,93.59,5.66,94.11,5.13,93.59,5.66,0.52,-0.53
national,Nepal,,Male,8 Year,313330,294877,2158,16087,208,94.11,5.13,94.11,5.13,93.59,5.66,0.52,-0.53
national,Nepal,,Female,9 Year,241028,230505,2116,8277,130,95.63,3.43,95.99,3.03,95.63,3.43,0.36,-0.4
national,Nepal,,Male,9 Year,260283,249833,2423,7875,152,95.99,3.03,95.99,3.03,95.63,3.43,0.36,-0.4
national,Nepal,,Female,All Ages,4616990,3159061,1017223,436208,4498,68.42,9.45,72.74,6.73,68.42,9.45,4.32,-2.72
national,Nepal,,Male,All Ages,4690548,3412049,957974,315788,4737,72.74,6.73,72.74,6.73,68.42,9.45,4.32,-2.72
province,Bagmati,,Female,10 Year,47158,43243,3414,496,5,91.7,1.05,90.95,0.97,91.7,1.05,-0.75,-0.08
province,Bagmati,,Male,10 Year,53659,48805,4329,523,2,90.95,0.97,90.95,0.97,91.7,1.05,-0.75,-0.08
province,Bagmati,,Female,11 Year,42244,40257,1612,375,0,95.3,0.89,94.58,1.0,95.3,0.89,-0.72,0.11
province,Bagmati,,Male,11 Year,46444,43928,2052,463,1,94.58,1.0,94.58,1.0,95.3,0.89,-0.72,0.11
province,Bagmati,,Female,12 Year,49339,47404,1454,480,1,96.08,0.97,95.32,1.14,96.08,0.97,-0.76,0.17
province,Bagmati,,Male,12 Year,54049,51520,1908,618,3,95.32,1.14,95.32,1.14,96.08,0.97,-0.76,0.17
province,Bagmati,,Female,13 Year,48574,46697,1459,418,0,96.14,0.86,95.27,0.92,96.14,0.86,-0.87,0.06
province,Bagmati,,Male,13 Year,52002,49543,1979,479,1,95.27,0.92,95.27,0.92,96.14,0.86,-0.87,0.06
province,Bagmati,,Female,14 Year,50631,48265,1897,468,1,95.33,0.92,93.84,1.07,95.33,0.92,-1.49,0.15
province,Bagmati,,Male,14 Year,53439,50148,2717,573,1,93.84,1.07,93.84,1.07,95.33,0.92,-1.49,0.15
province,Bagmati,,Female,15 Year,45716,42210,2899,604,3,92.33,1.32,89.63,1.41,92.33,1.32,-2.7,0.09
province,Bagmati,,Male,15 Year,49867,44695,4466,704,2,89.63,1.41,89.63,1.41,92.33,1.32,-2.7,0.09
province,Bagmati,,Female,16 Year,32040,27350,4038,650,2,85.36,2.03,81.62,2.18,85.36,2.03,-3.74,0.15
province,Bagmati,,Male,16 Year,37332,30470,6050,812,0,81.62,2.18,81.62,2.18,85.36,2.03,-3.74,0.15
province,Bagmati,,Female,17 Year,20307,14161,5447,697,2,69.73,3.43,66.38,3.4,69.73,3.43,-3.35,-0.03
province,Bagmati,,Male,17 Year,24911,16537,7526,847,1,66.38,3.4,66.38,3.4,69.73,3.43,-3.35,-0.03
province,Bagmati,,Female,18 Year,19630,8968,9486,1172,4,45.69,5.97,42.74,5.49,45.69,5.97,-2.95,-0.48
province,Bagmati,,Male,18 Year,25164,10754,13025,1382,3,42.74,5.49,42.74,5.49,45.69,5.97,-2.95,-0.48
province,Bagmati,,Female,19 Year,14538,3688,9807,1042,1,25.37,7.17,26.28,6.01,25.37,7.17,0.91,-1.16
province,Bagmati,,Male,19 Year,17181,4516,11630,1033,2,26.28,6.01,26.28,6.01,25.37,7.17,0.91,-1.16
province,Bagmati,,Female,20 Year,18587,1580,15151,1855,1,8.5,9.98,9.18,7.82,8.5,9.98,0.68,-2.16
province,Bagmati,,Male,20 Year,20632,1895,17120,1614,3,9.18,7.82,9.18,7.82,8.5,9.98,0.68,-2.16
province,Bagmati,,Female,21 Year,15411,740,13114,1556,1,4.8,10.1,5.36,7.24,4.8,10.1,0.56,-2.86
province,Bagmati,,Male,21 Year,16981,911,14838,1229,3,5.36,7.24,5.36,7.24,4.8,10.1,0.56,-2.86
province,Bagmati,,Female,22 Year,19542,635,16696,2211,0,3.25,11.31,3.63,8.35,3.25,11.31,0.38,-2.96
province,Bagmati,,Male,22 Year,20654,749,18180,1725,0,3.63,8.35,3.63,8.35,3.25,11.31,0.38,-2.96
province,Bagmati,,Female,23 Year,19093,390,16539,2162,2,2.04,11.32,2.85,7.82,2.04,11.32,0.81,-3.5
province,Bagmati,,Male,23 Year,18373,523,16413,1436,1,2.85,7.82,2.85,7.82,2.04,11.32,0.81,-3.5
province,Bagmati,,Female,24 Year,21178,398,18294,2482,4,1.88,11.72,2.04,8.18,1.88,11.72,0.16,-3.54
province,Bagmati,,Male,24 Year,20368,415,18286,1666,1,2.04,8.18,2.04,8.18,1.88,11.72,0.16,-3.54
province,Bagmati,,Female,25 Year,25286,250,21400,3634,2,0.99,14.37,0.98,9.41,0.99,14.37,-0.01,-4.96
province,Bagmati,,Male,25 Year,23065,225,20666,2170,4,0.98,9.41,0.98,9.41,0.99,14.37,-0.01,-4.96
province,Bagmati,,Female,5 Year,42232,39486,157,2550,39,93.5,6.04,93.5,5.99,93.5,6.04,0.0,-0.05
province,Bagmati,,Male,5 Year,48082,44956,195,2880,51,93.5,5.99,93.5,5.99,93.5,6.04,0.0,-0.05
province,Bagmati,,Female,6 Year,44199,42784,179,1229,7,96.8,2.78,96.66,2.95,96.8,2.78,-0.14,0.17
province,Bagmati,,Male,6 Year,49777,48112,185,1466,14,96.66,2.95,96.66,2.95,96.8,2.78,-0.14,0.17
province,Bagmati,,Female,7 Year,41887,40994,155,735,3,97.87,1.75,97.85,1.75,97.87,1.75,-0.02,0.0
province,Bagmati,,Male,7 Year,46488,45489,179,814,6,97.85,1.75,97.85,1.75,97.87,1.75,-0.02,0.0
province,Bagmati,,Female,8 Year,43672,42866,213,592,1,98.15,1.36,98.21,1.32,98.15,1.36,0.06,-0.04
province,Bagmati,,Male,8 Year,49256,48372,232,649,3,98.21,1.32,98.21,1.32,98.15,1.36,0.06,-0.04
province,Bagmati,,Female,9 Year,43454,42709,258,485,2,98.29,1.12,98.31,1.05,98.29,1.12,0.02,-0.07
province,Bagmati,,Male,9 Year,48650,47826,309,511,4,98.31,1.05,98.31,1.05,98.29,1.12,0.02,-0.07
province,Bagmati,,Female,All Ages,704718,535075,143669,25893,81,75.93,3.67,76.04,3.04,75.93,3.67,0.11,-0.63
province,Bagmati,,Male,All Ages,776374,590389,162285,23594,106,76.04,3.04,76.04,3.04,75.93,3.67,0.11,-0.63
province,Gandaki,,Female,10 Year,20486,18983,1339,120,44,92.66,0.59,91.73,0.71,92.66,0.59,-0.93,0.12
province,Gandaki,,Male,10 Year,22570,20704,1653,160,53,91.73,0.71,91.73,0.71,92.66,0.59,-0.93,0.12
province,Gandaki,,Female,11 Year,19201,18434,616,125,26,96.01,0.65,95.08,0.69,96.01,0.65,-0.93,0.04
province,Gandaki,,Male,11 Year,20884,19856,839,144,45,95.08,0.69,95.08,0.69,96.01,0.65,-0.93,0.04
province,Gandaki,,Female,12 Year,21567,20879,532,112,44,96.81,0.52,96.31,0.65,96.81,0.52,-0.5,0.13
province,Gandaki,,Male,12 Year,23118,22264,660,150,44,96.31,0.65,96.31,0.65,96.81,0.52,-0.5,0.13
province,Gandaki,,Female,13 Year,21556,20880,517,118,41,96.86,0.55,96.24,0.61,96.86,0.55,-0.62,0.06
province,Gandaki,,Male,13 Year,22617,21766,678,139,34,96.24,0.61,96.24,0.61,96.86,0.55,-0.62,0.06
province,Gandaki,,Female,14 Year,22231,21444,637,109,41,96.46,0.49,94.99,0.73,96.46,0.49,-1.47,0.24
province,Gandaki,,Male,14 Year,23585,22403,956,172,54,94.99,0.73,94.99,0.73,96.46,0.49,-1.47,0.24
province,Gandaki,,Female,15 Year,20209,18795,1207,138,69,93.0,0.68,91.72,0.77,93.0,0.68,-1.28,0.09
province,Gandaki,,Male,15 Year,21812,20006,1556,169,81,91.72,0.77,91.72,0.77,93.0,0.68,-1.28,0.09
province,Gandaki,,Female,16 Year,13846,12021,1636,140,49,86.82,1.01,86.55,1.05,86.82,1.01,-0.27,0.04
province,Gandaki,,Male,16 Year,16333,14136,1959,171,67,86.55,1.05,86.55,1.05,86.82,1.01,-0.27,0.04
province,Gandaki,,Female,17 Year,8917,6299,2434,154,30,70.64,1.73,72.13,1.81,70.64,1.73,1.49,0.08
province,Gandaki,,Male,17 Year,10525,7592,2701,191,41,72.13,1.81,72.13,1.81,70.64,1.73,1.49,0.08
province,Gandaki,,Female,18 Year,8507,4112,4112,246,37,48.34,2.89,52.51,2.91,48.34,2.89,4.17,0.02
province,Gandaki,,Male,18 Year,9763,5127,4307,284,45,52.51,2.91,52.51,2.91,48.34,2.89,4.17,0.02
province,Gandaki,,Female,19 Year,6603,2047,4307,216,33,31.0,3.27,35.33,3.24,31.0,3.27,4.33,-0.03
province,Gandaki,,Male,19 Year,6787,2398,4139,220,30,35.33,3.24,35.33,3.24,31.0,3.27,4.33,-0.03
province,Gandaki,,Female,20 Year,7956,1058,6494,368,36,13.3,4.63,15.1,4.15,13.3,4.63,1.8,-0.48
province,Gandaki,,Male,20 Year,7370,1113,5917,306,34,15.1,4.15,15.1,4.15,13.3,4.63,1.8,-0.48
province,Gandaki,,Female,21 Year,7418,677,6330,378,33,9.13,5.1,11.29,4.67,9.13,5.1,2.16,-0.43
province,Gandaki,,Male,21 Year,6977,788,5819,326,44,11.29,4.67,11.29,4.67,9.13,5.1,2.16,-0.43
province,Gandaki,,Female,22 Year,8769,570,7667,491,41,6.5,5.6,8.31,4.2,6.5,5.6,1.81,-1.4
province,Gandaki,,Male,22 Year,7604,632,6625,319,28,8.31,4.2,8.31,4.2,6.5,5.6,1.81,-1.4
province,Gandaki,,Female,23 Year,9184,485,8142,510,47,5.28,5.55,6.5,4.32,5.28,5.55,1.22,-1.23
province,Gandaki,,Male,23 Year,7181,467,6376,310,28,6.5,4.32,6.5,4.32,5.28,5.55,1.22,-1.23
province,Gandaki,,Female,24 Year,9955,521,8837,564,33,5.23,5.67,5.9,4.76,5.23,5.67,0.67,-0.91
province,Gandaki,,Male,24 Year,7746,457,6891,369,29,5.9,4.76,5.9,4.76,5.23,5.67,0.67,-0.91
province,Gandaki,,Female,25 Year,11967,533,10517,858,59,4.45,7.17,4.97,5.11,4.45,7.17,0.52,-2.06
province,Gandaki,,Male,25 Year,8635,429,7722,441,43,4.97,5.11,4.97,5.11,4.45,7.17,0.52,-2.06
province,Gandaki,,Female,5 Year,18343,16936,205,787,415,92.33,4.29,92.41,4.3,92.33,4.29,0.08,0.01
province,Gandaki,,Male,5 Year,20897,19311,221,899,466,92.41,4.3,92.41,4.3,92.33,4.29,0.08,0.01
province,Gandaki,,Female,6 Year,19317,18622,195,357,143,96.4,1.85,96.4,1.92,96.4,1.85,0.0,0.07
province,Gandaki,,Male,6 Year,21672,20891,194,417,170,96.4,1.92,96.4,1.92,96.4,1.85,0.0,0.07
province,Gandaki,,Female,7 Year,18505,18076,188,174,67,97.68,0.94,97.45,0.96,97.68,0.94,-0.23,0.02
province,Gandaki,,Male,7 Year,21206,20666,245,204,91,97.45,0.96,97.45,0.96,97.68,0.94,-0.23,0.02
province,Gandaki,,Female,8 Year,19438,19017,234,126,61,97.83,0.65,97.71,0.81,97.83,0.65,-0.12,0.16
province,Gandaki,,Male,8 Year,22064,21558,270,178,58,97.71,0.81,97.71,0.81,97.83,0.65,-0.12,0.16
province,Gandaki,,Female,9 Year,19095,18673,265,104,53,97.79,0.54,97.53,0.65,97.79,0.54,-0.26,0.11
province,Gandaki,,Male,9 Year,21486,20956,329,139,62,97.53,0.65,97.53,0.65,97.79,0.54,-0.26,0.11
province,Gandaki,,Female,All Ages,313070,239062,66411,6195,1402,76.36,1.98,79.65,1.73,76.36,1.98,3.29,-0.25
province,Gandaki,,Male,All Ages,330832,263520,60057,5708,1547,79.65,1.73,79.65,1.73,76.36,1.98,3.29,-0.25
province,Karnali,,Female,10 Year,20272,18308,1707,244,13,90.31,1.2,89.96,1.07,90.31,1.2,-0.35,-0.13
province,Karnali,,Male,10 Year,21438,19285,1910,229,14,89.96,1.07,89.96,1.07,90.31,1.2,-0.35,-0.13
province,Karnali,,Female,11 Year,17275,16249,825,193,8,94.06,1.12,93.61,1.02,94.06,1.12,-0.45,-0.1
province,Karnali,,Male,11 Year,17618,16492,929,180,17,93.61,1.02,93.61,1.02,94.06,1.12,-0.45,-0.1
province,Karnali,,Female,12 Year,21908,20994,678,216,20,95.83,0.99,95.22,1.05,95.83,0.99,-0.61,0.06
province,Karnali,,Male,12 Year,23308,22194,851,244,19,95.22,1.05,95.22,1.05,95.83,0.99,-0.61,0.06
province,Karnali,,Female,13 Year,21066,20315,522,217,12,96.44,1.03,95.91,0.91,96.44,1.03,-0.53,-0.12
province,Karnali,,Male,13 Year,21211,20343,660,193,15,95.91,0.91,95.91,0.91,96.44,1.03,-0.53,-0.12
province,Karnali,,Female,14 Year,22180,21385,566,211,18,96.42,0.95,95.6,0.9,96.42,0.95,-0.82,-0.05
province,Karnali,,Male,14 Year,22096,21124,741,199,32,95.6,0.9,95.6,0.9,96.42,0.95,-0.82,-0.05
province,Karnali,,Female,15 Year,20208,18730,1167,282,29,92.69,1.4,91.86,1.38,92.69,1.4,-0.83,-0.02
province,Karnali,,Male,15 Year,19744,18136,1310,273,25,91.86,1.38,91.86,1.38,92.69,1.4,-0.83,-0.02
province,Karnali,,Female,16 Year,16467,14433,1702,307,25,87.65,1.86,87.39,1.55,87.65,1.86,-0.26,-0.31
province,Karnali,,Male,16 Year,16339,14278,1793,253,15,87.39,1.55,87.39,1.55,87.65,1.86,-0.26,-0.31
province,Karnali,,Female,17 Year,10276,7554,2415,288,19,73.51,2.8,77.24,2.04,73.51,2.8,3.73,-0.76
province,Karnali,,Male,17 Year,10029,7746,2064,205,14,77.24,2.04,77.24,2.04,73.51,2.8,3.73,-0.76
province,Karnali,,Female,18 Year,12526,6872,4999,633,22,54.86,5.05,61.61,3.64,54.86,5.05,6.75,-1.41
province,Karnali,,Male,18 Year,12127,7472,4191,442,22,61.61,3.64,61.61,3.64,54.86,5.05,6.75,-1.41
province,Karnali,,Female,19 Year,7936,2783,4692,449,12,35.07,5.66,42.93,4.11,35.07,5.66,7.86,-1.55
province,Karnali,,Male,19 Year,7219,3099,3810,297,13,42.93,4.11,42.93,4.11,35.07,5.66,7.86,-1.55
province,Karnali,,Female,20 Year,10978,1769,8283,907,19,16.11,8.26,21.22,5.42,16.11,8.26,5.11,-2.84
province,Karnali,,Male,20 Year,8653,1836,6332,469,16,21.22,5.42,21.22,5.42,16.11,8.26,5.11,-2.84
province,Karnali,,Female,21 Year,8754,885,7026,819,24,10.11,9.36,13.76,5.81,10.11,9.36,3.65,-3.55
province,Karnali,,Male,21 Year,7248,997,5814,421,16,13.76,5.81,13.76,5.81,10.11,9.36,3.65,-3.55
province,Karnali,,Female,22 Year,10763,836,8837,1082,8,7.77,10.05,9.81,6.36,7.77,10.05,2.04,-3.69
province,Karnali,,Male,22 Year,8533,837,7139,543,14,9.81,6.36,9.81,6.36,7.77,10.05,2.04,-3.69
province,Karnali,,Female,23 Year,9560,543,7940,1065,12,5.68,11.14,6.57,5.61,5.68,11.14,0.89,-5.53
province,Karnali,,Male,23 Year,7274,478,6380,408,8,6.57,5.61,6.57,5.61,5.68,11.14,0.89,-5.53
province,Karnali,,Female,24 Year,9402,448,7720,1207,27,4.76,12.84,5.18,7.18,4.76,12.84,0.42,-5.66
province,Karnali,,Male,24 Year,7439,385,6499,534,21,5.18,7.18,5.18,7.18,4.76,12.84,0.42,-5.66
province,Karnali,,Female,25 Year,10883,434,8413,2022,14,3.99,18.58,4.07,9.16,3.99,18.58,0.08,-9.42
province,Karnali,,Male,25 Year,7978,325,6916,731,6,4.07,9.16,4.07,9.16,3.99,18.58,0.08,-9.42
province,Karnali,,Female,5 Year,17230,14699,102,2135,294,85.31,12.39,85.59,12.22,85.31,12.39,0.28,-0.17
province,Karnali,,Male,5 Year,18607,15926,101,2274,306,85.59,12.22,85.59,12.22,85.31,12.39,0.28,-0.17
province,Karnali,,Female,6 Year,17489,16146,102,1144,97,92.32,6.54,92.7,6.29,92.32,6.54,0.38,-0.25
province,Karnali,,Male,6 Year,18503,17152,98,1163,90,92.7,6.29,92.7,6.29,92.32,6.54,0.38,-0.25
province,Karnali,,Female,7 Year,17131,16363,94,620,54,95.52,3.62,95.92,3.14,95.52,3.62,0.4,-0.48
province,Karnali,,Male,7 Year,17418,16708,106,547,57,95.92,3.14,95.92,3.14,95.52,3.62,0.4,-0.48
province,Karnali,,Female,8 Year,18785,18215,125,414,31,96.97,2.2,97.03,2.0,96.97,2.2,0.06,-0.2
province,Karnali,,Male,8 Year,20176,19577,157,404,38,97.03,2.0,97.03,2.0,96.97,2.2,0.06,-0.2
province,Karnali,,Female,9 Year,17738,17270,173,278,17,97.36,1.57,97.3,1.48,97.36,1.57,-0.06,-0.09
province,Karnali,,Male,9 Year,18641,18137,207,276,21,97.3,1.48,97.3,1.48,97.36,1.57,-0.06,-0.09
province,Karnali,,Female,All Ages,318827,235231,68088,14733,775,73.78,4.62,77.83,3.3,73.78,4.62,4.05,-1.32
province,Karnali,,Male,All Ages,311599,242527,58008,10285,779,77.83,3.3,77.83,3.3,73.78,4.62,4.05,-1.32
province,Koshi,,Female,10 Year,46650,41869,3822,957,2,89.75,2.05,88.88,2.12,89.75,2.05,-0.87,0.07
province,Koshi,,Male,10 Year,49853,44311,4484,1056,2,88.88,2.12,88.88,2.12,89.75,2.05,-0.87,0.07
province,Koshi,,Female,11 Year,38859,36597,1691,571,0,94.18,1.47,93.12,1.48,94.18,1.47,-1.06,0.01
province,Koshi,,Male,11 Year,40767,37964,2197,604,2,93.12,1.48,93.12,1.48,94.18,1.47,-1.06,0.01
province,Koshi,,Female,12 Year,46750,44212,1632,906,0,94.57,1.94,93.83,2.03,94.57,1.94,-0.74,0.09
province,Koshi,,Male,12 Year,48573,45576,2012,984,1,93.83,2.03,93.83,2.03,94.57,1.94,-0.74,0.09
province,Koshi,,Female,13 Year,44859,42619,1480,756,4,95.01,1.69,94.23,1.64,95.01,1.69,-0.78,-0.05
province,Koshi,,Male,13 Year,45418,42796,1872,747,3,94.23,1.64,94.23,1.64,95.01,1.69,-0.78,-0.05
province,Koshi,,Female,14 Year,46395,43762,1902,729,2,94.32,1.57,93.04,1.75,94.32,1.57,-1.28,0.18
province,Koshi,,Male,14 Year,46934,43669,2441,822,2,93.04,1.75,93.04,1.75,94.32,1.57,-1.28,0.18
province,Koshi,,Female,15 Year,42888,38513,3363,1007,5,89.8,2.35,87.72,2.26,89.8,2.35,-2.08,-0.09
province,Koshi,,Male,15 Year,44946,39425,4501,1016,4,87.72,2.26,87.72,2.26,89.8,2.35,-2.08,-0.09
province,Koshi,,Female,16 Year,32467,26892,4566,1008,1,82.83,3.1,81.01,2.86,82.83,3.1,-1.82,-0.24
province,Koshi,,Male,16 Year,36481,29552,5885,1043,1,81.01,2.86,81.01,2.86,82.83,3.1,-1.82,-0.24
province,Koshi,,Female,17 Year,21996,14522,6483,990,1,66.02,4.5,66.65,3.97,66.02,4.5,0.63,-0.53
province,Koshi,,Male,17 Year,26470,17642,7776,1050,2,66.65,3.97,66.65,3.97,66.02,4.5,0.63,-0.53
province,Koshi,,Female,18 Year,22929,9294,11641,1992,2,40.53,8.69,44.32,5.96,40.53,8.69,3.79,-2.73
province,Koshi,,Male,18 Year,27127,12023,13483,1618,3,44.32,5.96,44.32,5.96,40.53,8.69,3.79,-2.73
province,Koshi,,Female,19 Year,16585,3813,11371,1399,2,22.99,8.44,27.81,5.73,22.99,8.44,4.82,-2.71
province,Koshi,,Male,19 Year,18517,5150,12305,1061,1,27.81,5.73,27.81,5.73,22.99,8.44,4.82,-2.71
province,Koshi,,Female,20 Year,24737,1625,19714,3395,3,6.57,13.72,9.36,8.05,6.57,13.72,2.79,-5.67
province,Koshi,,Male,20 Year,22609,2117,18666,1821,5,9.36,8.05,9.36,8.05,6.57,13.72,2.79,-5.67
province,Koshi,,Female,21 Year,19058,709,16465,1882,2,3.72,9.88,5.08,6.55,3.72,9.88,1.36,-3.33
province,Koshi,,Male,21 Year,18359,933,16222,1202,2,5.08,6.55,5.08,6.55,3.72,9.88,1.36,-3.33
province,Koshi,,Female,22 Year,25116,580,21381,3153,2,2.31,12.55,3.19,8.13,2.31,12.55,0.88,-4.42
province,Koshi,,Male,22 Year,22595,720,20034,1838,3,3.19,8.13,3.19,8.13,2.31,12.55,0.88,-4.42
province,Koshi,,Female,23 Year,22545,396,19739,2407,3,1.76,10.68,2.0,7.48,1.76,10.68,0.24,-3.2
province,Koshi,,Male,23 Year,19289,386,17459,1442,2,2.0,7.48,2.0,7.48,1.76,10.68,0.24,-3.2
province,Koshi,,Female,24 Year,24417,305,21515,2596,1,1.25,10.63,1.75,7.4,1.25,10.63,0.5,-3.23
province,Koshi,,Male,24 Year,20730,363,18833,1534,0,1.75,7.4,1.75,7.4,1.25,10.63,0.5,-3.23
province,Koshi,,Female,25 Year,33622,76,27701,5843,2,0.23,17.38,0.27,10.39,0.23,17.38,0.04,-6.99
province,Koshi,,Male,25 Year,26254,72,23452,2728,2,0.27,10.39,0.27,10.39,0.23,17.38,0.04,-6.99
province,Koshi,,Female,5 Year,43305,39186,93,3984,42,90.49,9.2,90.07,9.58,90.49,9.2,-0.42,0.38
province,Koshi,,Male,5 Year,46348,41745,117,4442,44,90.07,9.58,90.07,9.58,90.49,9.2,-0.42,0.38
province,Koshi,,Female,6 Year,43753,41504,114,2125,10,94.86,4.86,94.88,4.86,94.86,4.86,0.02,0.0
province,Koshi,,Male,6 Year,46591,44207,110,2265,9,94.88,4.86,94.88,4.86,94.86,4.86,0.02,0.0
province,Koshi,,Female,7 Year,44424,42893,125,1400,6,96.55,3.15,96.51,3.23,96.55,3.15,-0.04,0.08
province,Koshi,,Male,7 Year,46224,44609,119,1492,4,96.51,3.23,96.51,3.23,96.55,3.15,-0.04,0.08
province,Koshi,,Female,8 Year,46240,44758,181,1298,3,96.79,2.81,96.88,2.72,96.79,2.81,0.09,-0.09
province,Koshi,,Male,8 Year,48741,47218,194,1325,4,96.88,2.72,96.88,2.72,96.79,2.81,0.09,-0.09
province,Koshi,,Female,9 Year,42050,41116,183,745,6,97.78,1.77,97.67,1.76,97.78,1.77,-0.11,-0.01
province,Koshi,,Male,9 Year,43670,42652,248,768,2,97.67,1.76,97.67,1.76,97.78,1.77,-0.11,-0.01
province,Koshi,,Female,All Ages,729645,515241,175162,39143,99,70.62,5.36,72.76,4.13,70.62,5.36,2.14,-1.23
province,Koshi,,Male,All Ages,746496,543130,172410,30858,98,72.76,4.13,72.76,4.13,70.62,5.36,2.14,-1.23
province,Lumbini,,Female,10 Year,53841,46570,5704,1552,15,86.5,2.88,85.85,2.68,86.5,2.88,-0.65,-0.2
province,Lumbini,,Male,10 Year,59512,51093,6806,1595,18,85.85,2.68,85.85,2.68,86.5,2.88,-0.65,-0.2
province,Lumbini,,Female,11 Year,41366,38009,2588,753,16,91.88,1.82,91.51,1.59,91.88,1.82,-0.37,-0.23
province,Lumbini,,Male,11 Year,44621,40834,3062,710,15,91.51,1.59,91.51,1.59,91.88,1.82,-0.37,-0.23
province,Lumbini,,Female,12 Year,54708,50287,2994,1408,19,91.92,2.57,91.49,2.43,91.92,2.57,-0.43,-0.14
province,Lumbini,,Male,12 Year,59297,54251,3579,1439,28,91.49,2.43,91.49,2.43,91.92,2.57,-0.43,-0.14
province,Lumbini,,Female,13 Year,50602,47122,2457,1002,21,93.12,1.98,93.16,1.86,93.12,1.98,0.04,-0.12
province,Lumbini,,Male,13 Year,51010,47521,2513,950,26,93.16,1.86,93.16,1.86,93.12,1.98,0.04,-0.12
province,Lumbini,,Female,14 Year,53659,49091,3311,1221,36,91.49,2.28,91.67,2.03,91.49,2.28,0.18,-0.25
province,Lumbini,,Male,14 Year,54462,49923,3404,1106,29,91.67,2.03,91.67,2.03,91.49,2.28,0.18,-0.25
province,Lumbini,,Female,15 Year,52259,44274,6250,1686,49,84.72,3.23,85.07,2.67,84.72,3.23,0.35,-0.56
province,Lumbini,,Male,15 Year,52585,44735,6384,1406,60,85.07,2.67,85.07,2.67,84.72,3.23,0.35,-0.56
province,Lumbini,,Female,16 Year,44281,34216,8147,1861,57,77.27,4.2,79.21,3.48,77.27,4.2,1.94,-0.72
province,Lumbini,,Male,16 Year,45494,36035,7812,1581,66,79.21,3.48,79.21,3.48,77.27,4.2,1.94,-0.72
province,Lumbini,,Female,17 Year,30323,19445,9323,1518,37,64.13,5.01,68.22,3.88,64.13,5.01,4.09,-1.13
province,Lumbini,,Male,17 Year,32015,21840,8891,1242,42,68.22,3.88,68.22,3.88,64.13,5.01,4.09,-1.13
province,Lumbini,,Female,18 Year,35271,15043,17181,3010,37,42.65,8.53,48.8,6.63,42.65,8.53,6.15,-1.9
province,Lumbini,,Male,18 Year,36504,17814,16237,2422,31,48.8,6.63,48.8,6.63,42.65,8.53,6.15,-1.9
province,Lumbini,,Female,19 Year,22974,6227,14862,1862,23,27.1,8.1,33.34,5.73,27.1,8.1,6.24,-2.37
province,Lumbini,,Male,19 Year,21307,7104,12963,1220,20,33.34,5.73,33.34,5.73,27.1,8.1,6.24,-2.37
province,Lumbini,,Female,20 Year,35305,3332,27092,4854,27,9.44,13.75,12.62,9.58,9.44,13.75,3.18,-4.17
province,Lumbini,,Male,20 Year,29258,3693,22743,2802,20,12.62,9.58,12.62,9.58,9.44,13.75,3.18,-4.17
province,Lumbini,,Female,21 Year,23505,1435,19626,2423,21,6.11,10.31,7.79,6.54,6.11,10.31,1.68,-3.77
province,Lumbini,,Male,21 Year,20024,1559,17136,1309,20,7.79,6.54,7.79,6.54,6.11,10.31,1.68,-3.77
province,Lumbini,,Female,22 Year,32833,1305,27058,4450,20,3.97,13.55,5.01,8.85,3.97,13.55,1.04,-4.7
province,Lumbini,,Male,22 Year,27225,1363,23432,2409,21,5.01,8.85,5.01,8.85,3.97,13.55,1.04,-4.7
province,Lumbini,,Female,23 Year,29574,847,24771,3926,30,2.86,13.28,3.7,7.8,2.86,13.28,0.84,-5.48
province,Lumbini,,Male,23 Year,21078,780,18645,1645,8,3.7,7.8,3.7,7.8,2.86,13.28,0.84,-5.48
province,Lumbini,,Female,24 Year,31433,766,26177,4460,30,2.44,14.19,2.61,8.16,2.44,14.19,0.17,-6.03
province,Lumbini,,Male,24 Year,22463,586,20027,1833,17,2.61,8.16,2.61,8.16,2.44,14.19,0.17,-6.03
province,Lumbini,,Female,25 Year,40552,850,31748,7924,30,2.1,19.54,2.26,11.74,2.1,19.54,0.16,-7.8
province,Lumbini,,Male,25 Year,30421,688,26133,3572,28,2.26,11.74,2.26,11.74,2.1,19.54,0.16,-7.8
province,Lumbini,,Female,5 Year,48170,41949,399,5339,483,87.09,11.08,87.43,10.94,87.09,11.08,0.34,-0.14
province,Lumbini,,Male,5 Year,53048,46380,385,5804,479,87.43,10.94,87.43,10.94,87.09,11.08,0.34,-0.14
province,Lumbini,,Female,6 Year,48037,44657,412,2831,137,92.96,5.89,93.2,5.69,92.96,5.89,0.24,-0.2
province,Lumbini,,Male,6 Year,52302,48747,406,2976,173,93.2,5.69,93.2,5.69,92.96,5.89,0.24,-0.2
province,Lumbini,,Female,7 Year,46762,44528,445,1731,58,95.22,3.7,95.3,3.58,95.22,3.7,0.08,-0.12
province,Lumbini,,Male,7 Year,50084,47729,486,1792,77,95.3,3.58,95.3,3.58,95.22,3.7,0.08,-0.12
province,Lumbini,,Female,8 Year,51474,49053,639,1716,66,95.3,3.33,95.44,3.25,95.3,3.33,0.14,-0.08
province,Lumbini,,Male,8 Year,56935,54337,696,1852,50,95.44,3.25,95.44,3.25,95.3,3.33,0.14,-0.08
province,Lumbini,,Female,9 Year,43645,41916,679,1021,29,96.04,2.34,96.37,2.01,96.04,2.34,0.33,-0.33
province,Lumbini,,Male,9 Year,47481,45756,735,954,36,96.37,2.01,96.37,2.01,96.04,2.34,0.33,-0.33
province,Lumbini,,Female,All Ages,870574,580922,231863,56548,1241,66.73,6.5,71.82,4.68,66.73,6.5,5.09,-1.82
province,Lumbini,,Male,All Ages,867126,622768,202475,40619,1264,71.82,4.68,71.82,4.68,66.73,6.5,5.09,-1.82
province,Madhesh,,Female,10 Year,87550,67982,8481,11082,5,77.65,12.66,78.18,10.91,77.65,12.66,0.53,-1.75
province,Madhesh,,Male,10 Year,97423,76167,10621,10629,6,78.18,10.91,78.18,10.91,77.65,12.66,0.53,-1.75
province,Madhesh,,Female,11 Year,43937,37030,3135,3770,2,84.28,8.58,84.38,7.15,84.28,8.58,0.1,-1.43
province,Madhesh,,Male,11 Year,48345,40795,4090,3456,4,84.38,7.15,84.38,7.15,84.28,8.58,0.1,-1.43
province,Madhesh,,Female,12 Year,79441,65878,4271,9287,5,82.93,11.69,83.83,9.8,82.93,11.69,0.9,-1.89
province,Madhesh,,Male,12 Year,84652,70962,5389,8297,4,83.83,9.8,83.83,9.8,82.93,11.69,0.9,-1.89
province,Madhesh,,Female,13 Year,56397,48003,2657,5734,3,85.12,10.17,86.65,8.05,85.12,10.17,1.53,-2.12
province,Madhesh,,Male,13 Year,57354,49699,3032,4616,7,86.65,8.05,86.65,8.05,85.12,10.17,1.53,-2.12
province,Madhesh,,Female,14 Year,64078,53329,3363,7385,1,83.23,11.53,85.71,8.62,83.23,11.53,2.48,-2.91
province,Madhesh,,Male,14 Year,64478,55264,3654,5558,2,85.71,8.62,85.71,8.62,83.23,11.53,2.48,-2.91
province,Madhesh,,Female,15 Year,62623,47646,5777,9193,7,76.08,14.68,78.14,11.34,76.08,14.68,2.06,-3.34
province,Madhesh,,Male,15 Year,65018,50804,6831,7375,8,78.14,11.34,78.14,11.34,76.08,14.68,2.06,-3.34
province,Madhesh,,Female,16 Year,58118,40652,7249,10207,10,69.95,17.56,73.91,12.82,69.95,17.56,3.96,-4.74
province,Madhesh,,Male,16 Year,61674,45586,8173,7906,9,73.91,12.82,73.91,12.82,69.95,17.56,3.96,-4.74
province,Madhesh,,Female,17 Year,35449,21333,6851,7253,12,60.18,20.46,67.16,13.84,60.18,20.46,6.98,-6.62
province,Madhesh,,Male,17 Year,40571,27247,7701,5614,9,67.16,13.84,67.16,13.84,60.18,20.46,6.98,-6.62
province,Madhesh,,Female,18 Year,52986,19948,16865,16170,3,37.65,30.52,49.62,20.05,37.65,30.52,11.97,-10.47
province,Madhesh,,Male,18 Year,60972,30256,18480,12225,11,49.62,20.05,49.62,20.05,37.65,30.52,11.97,-10.47
province,Madhesh,,Female,19 Year,24649,6244,10605,7794,6,25.33,31.62,39.18,19.7,25.33,31.62,13.85,-11.92
province,Madhesh,,Male,19 Year,25636,10045,10539,5050,2,39.18,19.7,39.18,19.7,25.33,31.62,13.85,-11.92
province,Madhesh,,Female,20 Year,67911,4810,34600,28487,14,7.08,41.95,15.06,28.57,7.08,41.95,7.98,-13.38
province,Madhesh,,Male,20 Year,50954,7676,28711,14558,9,15.06,28.57,15.06,28.57,7.08,41.95,7.98,-13.38
province,Madhesh,,Female,21 Year,24204,1319,14112,8767,6,5.45,36.22,10.6,22.96,5.45,36.22,5.15,-13.26
province,Madhesh,,Male,21 Year,21325,2260,14162,4896,7,10.6,22.96,10.6,22.96,5.45,36.22,5.15,-13.26
province,Madhesh,,Female,22 Year,48351,1556,26750,20038,7,3.22,41.44,7.06,27.47,3.22,41.44,3.84,-13.97
province,Madhesh,,Male,22 Year,38093,2689,24933,10464,7,7.06,27.47,7.06,27.47,3.22,41.44,3.84,-13.97
province,Madhesh,,Female,23 Year,32289,758,18060,13469,2,2.35,41.71,4.54,25.4,2.35,41.71,2.19,-16.31
province,Madhesh,,Male,23 Year,22551,1024,15791,5729,7,4.54,25.4,4.54,25.4,2.35,41.71,2.19,-16.31
province,Madhesh,,Female,24 Year,34655,739,19130,14782,4,2.13,42.65,3.72,24.82,2.13,42.65,1.59,-17.83
province,Madhesh,,Male,24 Year,25636,953,18313,6362,8,3.72,24.82,3.72,24.82,2.13,42.65,1.59,-17.83
province,Madhesh,,Female,25 Year,72595,336,34470,37780,9,0.46,52.04,0.7,33.18,0.46,52.04,0.24,-18.86
province,Madhesh,,Male,25 Year,49808,350,32926,16524,8,0.7,33.18,0.7,33.18,0.46,52.04,0.24,-18.86
province,Madhesh,,Female,5 Year,74507,53727,207,20473,100,72.11,27.48,73.33,26.26,72.11,27.48,1.22,-1.22
province,Madhesh,,Male,5 Year,84268,61790,220,22126,132,73.33,26.26,73.33,26.26,72.11,27.48,1.22,-1.22
province,Madhesh,,Female,6 Year,69776,55659,202,13874,41,79.77,19.88,81.2,18.44,79.77,19.88,1.43,-1.44
province,Madhesh,,Male,6 Year,77286,62756,237,14252,41,81.2,18.44,81.2,18.44,79.77,19.88,1.43,-1.44
province,Madhesh,,Female,7 Year,64189,54134,217,9822,16,84.34,15.3,85.89,13.74,84.34,15.3,1.55,-1.56
province,Madhesh,,Male,7 Year,67919,58339,222,9329,29,85.89,13.74,85.89,13.74,84.34,15.3,1.55,-1.56
province,Madhesh,,Female,8 Year,78298,66607,349,11328,14,85.07,14.47,86.63,12.92,85.07,14.47,1.56,-1.55
province,Madhesh,,Male,8 Year,85023,73657,360,10985,21,86.63,12.92,86.63,12.92,85.07,14.47,1.56,-1.55
province,Madhesh,,Female,9 Year,49402,43801,296,5294,11,88.66,10.72,90.21,9.18,88.66,10.72,1.55,-1.54
province,Madhesh,,Male,9 Year,52797,47627,309,4845,16,90.21,9.18,90.21,9.18,88.66,10.72,1.55,-1.54
province,Madhesh,,Female,All Ages,1181405,691491,217647,271989,278,58.53,23.02,65.66,16.14,58.53,23.02,7.13,-6.88
province,Madhesh,,Male,All Ages,1181783,775946,214694,190796,347,65.66,16.14,65.66,16.14,58.53,23.02,7.13,-6.88
province,Sudurpaschim,,Female,10 Year,32030,28269,3398,357,6,88.26,1.11,87.87,1.2,88.26,1.11,-0.39,0.09
province,Sudurpaschim,,Male,10 Year,34330,30166,3743,412,9,87.87,1.2,87.87,1.2,88.26,1.11,-0.39,0.09
province,Sudurpaschim,,Female,11 Year,25853,24032,1583,236,2,92.96,0.91,92.95,0.78,92.96,0.91,-0.01,-0.13
province,Sudurpaschim,,Male,11 Year,27602,25657,1724,214,7,92.95,0.78,92.95,0.78,92.96,0.91,-0.01,-0.13
province,Sudurpaschim,,Female,12 Year,34955,33192,1412,343,8,94.96,0.98,94.84,0.95,94.96,0.98,-0.12,-0.03
province,Sudurpaschim,,Male,12 Year,37152,35235,1555,354,8,94.84,0.95,94.84,0.95,94.96,0.98,-0.12,-0.03
province,Sudurpaschim,,Female,13 Year,32118,30942,877,292,7,96.34,0.91,96.07,0.85,96.34,0.91,-0.27,-0.06
province,Sudurpaschim,,Male,13 Year,32106,30845,982,272,7,96.07,0.85,96.07,0.85,96.34,0.91,-0.27,-0.06
province,Sudurpaschim,,Female,14 Year,34175,32827,1004,319,25,96.06,0.93,95.58,0.8,96.06,0.93,-0.48,-0.13
province,Sudurpaschim,,Male,14 Year,34027,32522,1200,272,33,95.58,0.8,95.58,0.8,96.06,0.93,-0.48,-0.13
province,Sudurpaschim,,Female,15 Year,32414,30080,1917,386,31,92.8,1.19,92.09,0.99,92.8,1.19,-0.71,-0.2
province,Sudurpaschim,,Male,15 Year,31511,29020,2151,311,29,92.09,0.99,92.09,0.99,92.8,1.19,-0.71,-0.2
province,Sudurpaschim,,Female,16 Year,26576,23673,2451,420,32,89.08,1.58,88.86,1.27,89.08,1.58,-0.22,-0.31
province,Sudurpaschim,,Male,16 Year,25627,22771,2507,326,23,88.86,1.27,88.86,1.27,89.08,1.58,-0.22,-0.31
province,Sudurpaschim,,Female,17 Year,17571,13803,3361,392,15,78.56,2.23,79.87,1.54,78.56,2.23,1.31,-0.69
province,Sudurpaschim,,Male,17 Year,16277,13001,3016,251,9,79.87,1.54,79.87,1.54,78.56,2.23,1.31,-0.69
province,Sudurpaschim,,Female,18 Year,19923,11690,7383,836,14,58.68,4.2,62.96,2.78,58.68,4.2,4.28,-1.42
province,Sudurpaschim,,Male,18 Year,17614,11089,6028,490,7,62.96,2.78,62.96,2.78,58.68,4.2,4.28,-1.42
province,Sudurpaschim,,Female,19 Year,11750,4417,6745,575,13,37.59,4.89,45.18,3.07,37.59,4.89,7.59,-1.82
province,Sudurpaschim,,Male,19 Year,9600,4337,4959,295,9,45.18,3.07,45.18,3.07,37.59,4.89,7.59,-1.82
province,Sudurpaschim,,Female,20 Year,18877,2879,14479,1508,11,15.25,7.99,19.74,4.73,15.25,7.99,4.49,-3.26
province,Sudurpaschim,,Male,20 Year,13163,2599,9935,623,6,19.74,4.73,19.74,4.73,15.25,7.99,4.49,-3.26
province,Sudurpaschim,,Female,21 Year,12763,1163,10619,972,9,9.11,7.62,12.43,3.96,9.11,7.62,3.32,-3.66
province,Sudurpaschim,,Male,21 Year,9338,1161,7803,370,4,12.43,3.96,12.43,3.96,9.11,7.62,3.32,-3.66
province,Sudurpaschim,,Female,22 Year,17469,1081,14724,1653,11,6.19,9.46,7.87,4.84,6.19,9.46,1.68,-4.62
province,Sudurpaschim,,Male,22 Year,12334,971,10759,597,7,7.87,4.84,7.87,4.84,6.19,9.46,1.68,-4.62
province,Sudurpaschim,,Female,23 Year,15470,677,13305,1476,12,4.38,9.54,5.08,4.42,4.38,9.54,0.7,-5.12
province,Sudurpaschim,,Male,23 Year,9970,506,9014,441,9,5.08,4.42,5.08,4.42,4.38,9.54,0.7,-5.12
province,Sudurpaschim,,Female,24 Year,16611,636,14169,1796,10,3.83,10.81,4.37,4.82,3.83,10.81,0.54,-5.99
province,Sudurpaschim,,Male,24 Year,11155,487,10120,538,10,4.37,4.82,4.37,4.82,3.83,10.81,0.54,-5.99
province,Sudurpaschim,,Female,25 Year,19721,638,15988,3080,15,3.24,15.62,3.09,6.66,3.24,15.62,-0.15,-8.96
province,Sudurpaschim,,Male,25 Year,12767,395,11515,850,7,3.09,6.66,3.09,6.66,3.24,15.62,-0.15,-8.96
province,Sudurpaschim,,Female,5 Year,25429,21648,156,3392,233,85.13,13.34,85.58,12.99,85.13,13.34,0.45,-0.35
province,Sudurpaschim,,Male,5 Year,27899,23876,152,3624,247,85.58,12.99,85.58,12.99,85.13,13.34,0.45,-0.35
province,Sudurpaschim,,Female,6 Year,25788,23855,148,1696,89,92.5,6.58,93.02,6.14,92.5,6.58,0.52,-0.44
province,Sudurpaschim,,Male,6 Year,28255,26284,155,1735,81,93.02,6.14,93.02,6.14,92.5,6.58,0.52,-0.44
province,Sudurpaschim,,Female,7 Year,25123,24005,184,894,40,95.55,3.56,95.88,3.26,95.55,3.56,0.33,-0.3
province,Sudurpaschim,,Male,7 Year,26918,25810,192,877,39,95.88,3.26,95.88,3.26,95.55,3.56,0.33,-0.3
province,Sudurpaschim,,Female,8 Year,28491,27512,218,734,27,96.56,2.58,96.86,2.23,96.56,2.58,0.3,-0.35
province,Sudurpaschim,,Male,8 Year,31135,30158,249,694,34,96.86,2.23,96.86,2.23,96.56,2.58,0.3,-0.35
province,Sudurpaschim,,Female,9 Year,25644,25020,262,350,12,97.57,1.36,97.54,1.39,97.57,1.36,-0.03,0.03
province,Sudurpaschim,,Male,9 Year,27558,26879,286,382,11,97.54,1.39,97.54,1.39,97.57,1.36,-0.03,0.03
province,Sudurpaschim,,Female,All Ages,498751,362039,114383,21707,622,72.59,4.35,78.47,2.92,72.59,4.35,5.88,-1.43
province,Sudurpaschim,,Male,All Ages,476338,373769,88045,13928,596,78.47,2.92,78.47,2.92,72.59,4.35,5.88,-1.43
